channel,channel_axis,channel_value,clip,clip_hash,config_id,detail,job_id,method,n_frames,n_frames_done,profile_id,repetition,scene,status,trace_id,wall_s
clean,,nan,clip_horizon_slow_v0,d424d0bafb90980838c59d9de19364d1b009ee4fb63d43e8308f06fd05d4cc0f,07b257405f757223,,7e8a5fef092aced8,B0a,16,16,fb2e41a2d7,0,synthetic:horizon-v0,ok,clean|clip_horizon_slow_v0|clean|rep0|seed20240909,0.7017
clean,,nan,clip_horizon_slow_v0,d424d0bafb90980838c59d9de19364d1b009ee4fb63d43e8308f06fd05d4cc0f,07b257405f757223,,27abb5ef7eb2600f,B0a,16,16,fb2e41a2d7,1,synthetic:horizon-v0,ok,clean|clip_horizon_slow_v0|clean|rep1|seed20240909,0.7028
clean,,nan,clip_horizon_slow_v0,d424d0bafb90980838c59d9de19364d1b009ee4fb63d43e8308f06fd05d4cc0f,07b257405f757223,,d6ae640d3cfb37b8,B0a,16,16,fb2e41a2d7,2,synthetic:horizon-v0,ok,clean|clip_horizon_slow_v0|clean|rep2|seed20240909,0.6861
clean,,nan,clip_horizon_slow_v0,d424d0bafb90980838c59d9de19364d1b009ee4fb63d43e8308f06fd05d4cc0f,07b257405f757223,,07182e335d8385eb,B0a,16,16,fb2e41a2d7,3,synthetic:horizon-v0,ok,clean|clip_horizon_slow_v0|clean|rep3|seed20240909,0.7
clean,,nan,clip_horizon_slow_v0,d424d0bafb90980838c59d9de19364d1b009ee4fb63d43e8308f06fd05d4cc0f,07b257405f757223,,8ec870ca4538f619,B0a,16,16,fb2e41a2d7,4,synthetic:horizon-v0,ok,clean|clip_horizon_slow_v0|clean|rep4|seed20240909,0.7298
mild,,nan,clip_horizon_slow_v0,d424d0bafb90980838c59d9de19364d1b009ee4fb63d43e8308f06fd05d4cc0f,07b257405f757223,,5d9ccf421b84e23f,B0a,16,16,fb2e41a2d7,0,synthetic:horizon-v0,ok,mild|clip_horizon_slow_v0|mild|rep0|seed20240909,0.8958
mild,,nan,clip_horizon_slow_v0,d424d0bafb90980838c59d9de19364d1b009ee4fb63d43e8308f06fd05d4cc0f,07b257405f757223,,8a2d3be3cbc95c3e,B0a,16,16,fb2e41a2d7,1,synthetic:horizon-v0,ok,mild|clip_horizon_slow_v0|mild|rep1|seed20240909,0.9163
mild,,nan,clip_horizon_slow_v0,d424d0bafb90980838c59d9de19364d1b009ee4fb63d43e8308f06fd05d4cc0f,07b257405f757223,,093136938b20ebd5,B0a,16,16,fb2e41a2d7,2,synthetic:horizon-v0,ok,mild|clip_horizon_slow_v0|mild|rep2|seed20240909,0.9402
mild,,nan,clip_horizon_slow_v0,d424d0bafb90980838c59d9de19364d1b009ee4fb63d43e8308f06fd05d4cc0f,07b257405f757223,,5f26145a3ed4c620,B0a,16,16,fb2e41a2d7,3,synthetic:horizon-v0,ok,mild|clip_horizon_slow_v0|mild|rep3|seed20240909,0.9371
mild,,nan,clip_horizon_slow_v0,d424d0bafb90980838c59d9de19364d1b009ee4fb63d43e8308f06fd05d4cc0f,07b257405f757223,,91550485ee60ad13,B0a,16,16,fb2e41a2d7,4,synthetic:horizon-v0,ok,mild|clip_horizon_slow_v0|mild|rep4|seed20240909,0.89
moderate,,nan,clip_horizon_slow_v0,d424d0bafb90980838c59d9de19364d1b009ee4fb63d43e8308f06fd05d4cc0f,07b257405f757223,,761940ba1fd4f0d2,B0a,16,16,fb2e41a2d7,0,synthetic:horizon-v0,ok,moderate|clip_horizon_slow_v0|moderate|rep0|seed20240909,1.0103
moderate,,nan,clip_horizon_slow_v0,d424d0bafb90980838c59d9de19364d1b009ee4fb63d43e8308f06fd05d4cc0f,07b257405f757223,,db8458a297e9e6c8,B0a,16,16,fb2e41a2d7,1,synthetic:horizon-v0,ok,moderate|clip_horizon_slow_v0|moderate|rep1|seed20240909,1.0123
moderate,,nan,clip_horizon_slow_v0,d424d0bafb90980838c59d9de19364d1b009ee4fb63d43e8308f06fd05d4cc0f,07b257405f757223,,4ae5294f356c6786,B0a,16,16,fb2e41a2d7,2,synthetic:horizon-v0,ok,moderate|clip_horizon_slow_v0|moderate|rep2|seed20240909,1.0049
bursty,,nan,clip_horizon_slow_v0,d424d0bafb90980838c59d9de19364d1b009ee4fb63d43e8308f06fd05d4cc0f,07b257405f757223,,461d5a133edcb5d2,B0a,16,16,fb2e41a2d7,0,synthetic:horizon-v0,ok,bursty|clip_horizon_slow_v0|bursty|rep0|seed20240909,0.8995
moderate,,nan,clip_horizon_slow_v0,d424d0bafb90980838c59d9de19364d1b009ee4fb63d43e8308f06fd05d4cc0f,07b257405f757223,,50142643539e5647,B0a,16,16,fb2e41a2d7,3,synthetic:horizon-v0,ok,moderate|clip_horizon_slow_v0|moderate|rep3|seed20240909,1.0129
moderate,,nan,clip_horizon_slow_v0,d424d0bafb90980838c59d9de19364d1b009ee4fb63d43e8308f06fd05d4cc0f,07b257405f757223,,7705faccf6e798f7,B0a,16,16,fb2e41a2d7,4,synthetic:horizon-v0,ok,moderate|clip_horizon_slow_v0|moderate|rep4|seed20240909,1.0303
bursty,,nan,clip_horizon_slow_v0,d424d0bafb90980838c59d9de19364d1b009ee4fb63d43e8308f06fd05d4cc0f,07b257405f757223,,f627dcccc6fe679b,B0a,16,16,fb2e41a2d7,1,synthetic:horizon-v0,ok,bursty|clip_horizon_slow_v0|bursty|rep1|seed20240909,0.891
bursty,,nan,clip_horizon_slow_v0,d424d0bafb90980838c59d9de19364d1b009ee4fb63d43e8308f06fd05d4cc0f,07b257405f757223,,58ce19fdac61f62f,B0a,16,16,fb2e41a2d7,2,synthetic:horizon-v0,ok,bursty|clip_horizon_slow_v0|bursty|rep2|seed20240909,0.9171
bursty,,nan,clip_horizon_slow_v0,d424d0bafb90980838c59d9de19364d1b009ee4fb63d43e8308f06fd05d4cc0f,07b257405f757223,,e05230b2322d8367,B0a,16,16,fb2e41a2d7,3,synthetic:horizon-v0,ok,bursty|clip_horizon_slow_v0|bursty|rep3|seed20240909,0.8619
bursty,,nan,clip_horizon_slow_v0,d424d0bafb90980838c59d9de19364d1b009ee4fb63d43e8308f06fd05d4cc0f,07b257405f757223,,9e41de42e68e9f6f,B0a,16,16,fb2e41a2d7,4,synthetic:horizon-v0,ok,bursty|clip_horizon_slow_v0|bursty|rep4|seed20240909,0.871
harsh,,nan,clip_horizon_slow_v0,d424d0bafb90980838c59d9de19364d1b009ee4fb63d43e8308f06fd05d4cc0f,07b257405f757223,,7ed07906b387e50f,B0a,16,16,fb2e41a2d7,0,synthetic:horizon-v0,ok,harsh|clip_horizon_slow_v0|harsh|rep0|seed20240909,0.9771
harsh,,nan,clip_horizon_slow_v0,d424d0bafb90980838c59d9de19364d1b009ee4fb63d43e8308f06fd05d4cc0f,07b257405f757223,,2ee7cbe60173d5cf,B0a,16,16,fb2e41a2d7,1,synthetic:horizon-v0,ok,harsh|clip_horizon_slow_v0|harsh|rep1|seed20240909,0.9636
harsh,,nan,clip_horizon_slow_v0,d424d0bafb90980838c59d9de19364d1b009ee4fb63d43e8308f06fd05d4cc0f,07b257405f757223,,77d0f9472e4031c3,B0a,16,16,fb2e41a2d7,3,synthetic:horizon-v0,ok,harsh|clip_horizon_slow_v0|harsh|rep3|seed20240909,0.9191
harsh,,nan,clip_horizon_slow_v0,d424d0bafb90980838c59d9de19364d1b009ee4fb63d43e8308f06fd05d4cc0f,07b257405f757223,,24b9ea30faac31bb,B0a,16,16,fb2e41a2d7,4,synthetic:horizon-v0,ok,harsh|clip_horizon_slow_v0|harsh|rep4|seed20240909,0.9398
harsh,,nan,clip_horizon_slow_v0,d424d0bafb90980838c59d9de19364d1b009ee4fb63d43e8308f06fd05d4cc0f,07b257405f757223,,76eff2bfc1ddbb4f,B0a,16,16,fb2e41a2d7,2,synthetic:horizon-v0,ok,harsh|clip_horizon_slow_v0|harsh|rep2|seed20240909,0.9993
clean,,nan,clip_horizon_slow_v0,d424d0bafb90980838c59d9de19364d1b009ee4fb63d43e8308f06fd05d4cc0f,07b257405f757223,,4c84f14291b76f9a,B0a-R,16,16,fb2e41a2d7,0,synthetic:horizon-v0,ok,clean|clip_horizon_slow_v0|clean|rep0|seed20240909,1.7269
clean,,nan,clip_horizon_slow_v0,d424d0bafb90980838c59d9de19364d1b009ee4fb63d43e8308f06fd05d4cc0f,07b257405f757223,,0c76512aa57ae36c,B0a-R,16,16,fb2e41a2d7,1,synthetic:horizon-v0,ok,clean|clip_horizon_slow_v0|clean|rep1|seed20240909,1.8174
clean,,nan,clip_horizon_slow_v0,d424d0bafb90980838c59d9de19364d1b009ee4fb63d43e8308f06fd05d4cc0f,07b257405f757223,,d8e62f50cc29473f,B0a-R,16,16,fb2e41a2d7,2,synthetic:horizon-v0,ok,clean|clip_horizon_slow_v0|clean|rep2|seed20240909,1.7882
clean,,nan,clip_horizon_slow_v0,d424d0bafb90980838c59d9de19364d1b009ee4fb63d43e8308f06fd05d4cc0f,07b257405f757223,,6b4fc054f483b117,B0a-R,16,16,fb2e41a2d7,3,synthetic:horizon-v0,ok,clean|clip_horizon_slow_v0|clean|rep3|seed20240909,1.8052
clean,,nan,clip_horizon_slow_v0,d424d0bafb90980838c59d9de19364d1b009ee4fb63d43e8308f06fd05d4cc0f,07b257405f757223,,a856a236af25a598,B0a-R,16,16,fb2e41a2d7,4,synthetic:horizon-v0,ok,clean|clip_horizon_slow_v0|clean|rep4|seed20240909,1.7503
mild,,nan,clip_horizon_slow_v0,d424d0bafb90980838c59d9de19364d1b009ee4fb63d43e8308f06fd05d4cc0f,07b257405f757223,,5bbfa7f79e6dfd8d,B0a-R,16,16,fb2e41a2d7,0,synthetic:horizon-v0,ok,mild|clip_horizon_slow_v0|mild|rep0|seed20240909,2.3866
mild,,nan,clip_horizon_slow_v0,d424d0bafb90980838c59d9de19364d1b009ee4fb63d43e8308f06fd05d4cc0f,07b257405f757223,,9d7f72fc3c76c793,B0a-R,16,16,fb2e41a2d7,2,synthetic:horizon-v0,ok,mild|clip_horizon_slow_v0|mild|rep2|seed20240909,2.2908
mild,,nan,clip_horizon_slow_v0,d424d0bafb90980838c59d9de19364d1b009ee4fb63d43e8308f06fd05d4cc0f,07b257405f757223,,7145dcbbe3ca1bb1,B0a-R,16,16,fb2e41a2d7,3,synthetic:horizon-v0,ok,mild|clip_horizon_slow_v0|mild|rep3|seed20240909,2.3864
mild,,nan,clip_horizon_slow_v0,d424d0bafb90980838c59d9de19364d1b009ee4fb63d43e8308f06fd05d4cc0f,07b257405f757223,,697f7233a81e1ee3,B0a-R,16,16,fb2e41a2d7,4,synthetic:horizon-v0,ok,mild|clip_horizon_slow_v0|mild|rep4|seed20240909,2.3649
mild,,nan,clip_horizon_slow_v0,d424d0bafb90980838c59d9de19364d1b009ee4fb63d43e8308f06fd05d4cc0f,07b257405f757223,,a1b5814ec65d6a44,B0a-R,16,16,fb2e41a2d7,1,synthetic:horizon-v0,ok,mild|clip_horizon_slow_v0|mild|rep1|seed20240909,2.5674
moderate,,nan,clip_horizon_slow_v0,d424d0bafb90980838c59d9de19364d1b009ee4fb63d43e8308f06fd05d4cc0f,07b257405f757223,,9a2e9cf99b4e501b,B0a-R,16,16,fb2e41a2d7,0,synthetic:horizon-v0,ok,moderate|clip_horizon_slow_v0|moderate|rep0|seed20240909,2.6508
moderate,,nan,clip_horizon_slow_v0,d424d0bafb90980838c59d9de19364d1b009ee4fb63d43e8308f06fd05d4cc0f,07b257405f757223,,ab01bbb1c55ea56b,B0a-R,16,16,fb2e41a2d7,1,synthetic:horizon-v0,ok,moderate|clip_horizon_slow_v0|moderate|rep1|seed20240909,2.5927
bursty,,nan,clip_horizon_slow_v0,d424d0bafb90980838c59d9de19364d1b009ee4fb63d43e8308f06fd05d4cc0f,07b257405f757223,,1c0c5aa948a4a912,B0a-R,16,16,fb2e41a2d7,0,synthetic:horizon-v0,ok,bursty|clip_horizon_slow_v0|bursty|rep0|seed20240909,2.4913
moderate,,nan,clip_horizon_slow_v0,d424d0bafb90980838c59d9de19364d1b009ee4fb63d43e8308f06fd05d4cc0f,07b257405f757223,,58999fd4bee9c2ed,B0a-R,16,16,fb2e41a2d7,3,synthetic:horizon-v0,ok,moderate|clip_horizon_slow_v0|moderate|rep3|seed20240909,2.5847
moderate,,nan,clip_horizon_slow_v0,d424d0bafb90980838c59d9de19364d1b009ee4fb63d43e8308f06fd05d4cc0f,07b257405f757223,,876635644534442e,B0a-R,16,16,fb2e41a2d7,2,synthetic:horizon-v0,ok,moderate|clip_horizon_slow_v0|moderate|rep2|seed20240909,2.6718
moderate,,nan,clip_horizon_slow_v0,d424d0bafb90980838c59d9de19364d1b009ee4fb63d43e8308f06fd05d4cc0f,07b257405f757223,,02df2fe97efb6289,B0a-R,16,16,fb2e41a2d7,4,synthetic:horizon-v0,ok,moderate|clip_horizon_slow_v0|moderate|rep4|seed20240909,2.7483
bursty,,nan,clip_horizon_slow_v0,d424d0bafb90980838c59d9de19364d1b009ee4fb63d43e8308f06fd05d4cc0f,07b257405f757223,,f0340728341ddc2f,B0a-R,16,16,fb2e41a2d7,1,synthetic:horizon-v0,ok,bursty|clip_horizon_slow_v0|bursty|rep1|seed20240909,2.3218
bursty,,nan,clip_horizon_slow_v0,d424d0bafb90980838c59d9de19364d1b009ee4fb63d43e8308f06fd05d4cc0f,07b257405f757223,,182feb67c3d4cd41,B0a-R,16,16,fb2e41a2d7,2,synthetic:horizon-v0,ok,bursty|clip_horizon_slow_v0|bursty|rep2|seed20240909,2.326
bursty,,nan,clip_horizon_slow_v0,d424d0bafb90980838c59d9de19364d1b009ee4fb63d43e8308f06fd05d4cc0f,07b257405f757223,,433a81ac3b69ca42,B0a-R,16,16,fb2e41a2d7,4,synthetic:horizon-v0,ok,bursty|clip_horizon_slow_v0|bursty|rep4|seed20240909,2.2737
bursty,,nan,clip_horizon_slow_v0,d424d0bafb90980838c59d9de19364d1b009ee4fb63d43e8308f06fd05d4cc0f,07b257405f757223,,83931c03277a90f9,B0a-R,16,16,fb2e41a2d7,3,synthetic:horizon-v0,ok,bursty|clip_horizon_slow_v0|bursty|rep3|seed20240909,2.3591
harsh,,nan,clip_horizon_slow_v0,d424d0bafb90980838c59d9de19364d1b009ee4fb63d43e8308f06fd05d4cc0f,07b257405f757223,,333a58a1581f6a7a,B0a-R,16,16,fb2e41a2d7,0,synthetic:horizon-v0,ok,harsh|clip_horizon_slow_v0|harsh|rep0|seed20240909,2.4737
harsh,,nan,clip_horizon_slow_v0,d424d0bafb90980838c59d9de19364d1b009ee4fb63d43e8308f06fd05d4cc0f,07b257405f757223,,d9b14977e44322a4,B0a-R,16,16,fb2e41a2d7,1,synthetic:horizon-v0,ok,harsh|clip_horizon_slow_v0|harsh|rep1|seed20240909,2.3408
harsh,,nan,clip_horizon_slow_v0,d424d0bafb90980838c59d9de19364d1b009ee4fb63d43e8308f06fd05d4cc0f,07b257405f757223,,b2f90cc1ba4631e1,B0a-R,16,16,fb2e41a2d7,2,synthetic:horizon-v0,ok,harsh|clip_horizon_slow_v0|harsh|rep2|seed20240909,2.3918
harsh,,nan,clip_horizon_slow_v0,d424d0bafb90980838c59d9de19364d1b009ee4fb63d43e8308f06fd05d4cc0f,07b257405f757223,,3658e354671b3c4d,B0a-R,16,16,fb2e41a2d7,4,synthetic:horizon-v0,ok,harsh|clip_horizon_slow_v0|harsh|rep4|seed20240909,2.3228
harsh,,nan,clip_horizon_slow_v0,d424d0bafb90980838c59d9de19364d1b009ee4fb63d43e8308f06fd05d4cc0f,07b257405f757223,,cb96668fa7248eaf,B0a-R,16,16,fb2e41a2d7,3,synthetic:horizon-v0,ok,harsh|clip_horizon_slow_v0|harsh|rep3|seed20240909,2.3277
clean,,nan,clip_horizon_slow_v0,d424d0bafb90980838c59d9de19364d1b009ee4fb63d43e8308f06fd05d4cc0f,07b257405f757223,,75f663678c273bd2,B0d,16,16,fb2e41a2d7,0,synthetic:horizon-v0,ok,clean|clip_horizon_slow_v0|clean|rep0|seed20240909,4.4782
clean,,nan,clip_horizon_slow_v0,d424d0bafb90980838c59d9de19364d1b009ee4fb63d43e8308f06fd05d4cc0f,07b257405f757223,,03e7454ab9f44836,B0d,16,16,fb2e41a2d7,2,synthetic:horizon-v0,ok,clean|clip_horizon_slow_v0|clean|rep2|seed20240909,4.4064
clean,,nan,clip_horizon_slow_v0,d424d0bafb90980838c59d9de19364d1b009ee4fb63d43e8308f06fd05d4cc0f,07b257405f757223,,6072c52645fb1986,B0d,16,16,fb2e41a2d7,1,synthetic:horizon-v0,ok,clean|clip_horizon_slow_v0|clean|rep1|seed20240909,4.5462
clean,,nan,clip_horizon_slow_v0,d424d0bafb90980838c59d9de19364d1b009ee4fb63d43e8308f06fd05d4cc0f,07b257405f757223,,bf1734eb97effded,B0d,16,16,fb2e41a2d7,3,synthetic:horizon-v0,ok,clean|clip_horizon_slow_v0|clean|rep3|seed20240909,4.4436
clean,,nan,clip_horizon_slow_v0,d424d0bafb90980838c59d9de19364d1b009ee4fb63d43e8308f06fd05d4cc0f,07b257405f757223,,a3f4635dd9cb287e,B0d,16,16,fb2e41a2d7,4,synthetic:horizon-v0,ok,clean|clip_horizon_slow_v0|clean|rep4|seed20240909,4.4835
mild,,nan,clip_horizon_slow_v0,d424d0bafb90980838c59d9de19364d1b009ee4fb63d43e8308f06fd05d4cc0f,07b257405f757223,,5eaf636680074c68,B0d,16,16,fb2e41a2d7,0,synthetic:horizon-v0,ok,mild|clip_horizon_slow_v0|mild|rep0|seed20240909,4.8774
mild,,nan,clip_horizon_slow_v0,d424d0bafb90980838c59d9de19364d1b009ee4fb63d43e8308f06fd05d4cc0f,07b257405f757223,,0a47fd5837add123,B0d,16,16,fb2e41a2d7,1,synthetic:horizon-v0,ok,mild|clip_horizon_slow_v0|mild|rep1|seed20240909,4.8299
mild,,nan,clip_horizon_slow_v0,d424d0bafb90980838c59d9de19364d1b009ee4fb63d43e8308f06fd05d4cc0f,07b257405f757223,,66093131d00bd627,B0d,16,16,fb2e41a2d7,2,synthetic:horizon-v0,ok,mild|clip_horizon_slow_v0|mild|rep2|seed20240909,4.839
mild,,nan,clip_horizon_slow_v0,d424d0bafb90980838c59d9de19364d1b009ee4fb63d43e8308f06fd05d4cc0f,07b257405f757223,,a21b35fcd4426846,B0d,16,16,fb2e41a2d7,4,synthetic:horizon-v0,ok,mild|clip_horizon_slow_v0|mild|rep4|seed20240909,4.7641
mild,,nan,clip_horizon_slow_v0,d424d0bafb90980838c59d9de19364d1b009ee4fb63d43e8308f06fd05d4cc0f,07b257405f757223,,78ef2d52d390f39d,B0d,16,16,fb2e41a2d7,3,synthetic:horizon-v0,ok,mild|clip_horizon_slow_v0|mild|rep3|seed20240909,4.8322
clean,,nan,clip_horizon_slow_v0,d424d0bafb90980838c59d9de19364d1b009ee4fb63d43e8308f06fd05d4cc0f,07b257405f757223,,c750971e89b17b5d,B1,16,16,fb2e41a2d7,0,synthetic:horizon-v0,ok,clean|clip_horizon_slow_v0|clean|rep0|seed20240909,0.5219
clean,,nan,clip_horizon_slow_v0,d424d0bafb90980838c59d9de19364d1b009ee4fb63d43e8308f06fd05d4cc0f,07b257405f757223,,9203985d85f8a06b,B1,16,16,fb2e41a2d7,1,synthetic:horizon-v0,ok,clean|clip_horizon_slow_v0|clean|rep1|seed20240909,0.5647
clean,,nan,clip_horizon_slow_v0,d424d0bafb90980838c59d9de19364d1b009ee4fb63d43e8308f06fd05d4cc0f,07b257405f757223,,0f92c7d63c6f742e,B1,16,16,fb2e41a2d7,2,synthetic:horizon-v0,ok,clean|clip_horizon_slow_v0|clean|rep2|seed20240909,0.6227
harsh,,nan,clip_horizon_slow_v0,d424d0bafb90980838c59d9de19364d1b009ee4fb63d43e8308f06fd05d4cc0f,07b257405f757223,,2284de645200b1ef,B0d,16,16,fb2e41a2d7,0,synthetic:horizon-v0,ok,harsh|clip_horizon_slow_v0|harsh|rep0|seed20240909,3.4436
clean,,nan,clip_horizon_slow_v0,d424d0bafb90980838c59d9de19364d1b009ee4fb63d43e8308f06fd05d4cc0f,07b257405f757223,,2dc1edcbb780d3c9,B1,16,16,fb2e41a2d7,3,synthetic:horizon-v0,ok,clean|clip_horizon_slow_v0|clean|rep3|seed20240909,0.6041
moderate,,nan,clip_horizon_slow_v0,d424d0bafb90980838c59d9de19364d1b009ee4fb63d43e8308f06fd05d4cc0f,07b257405f757223,,f87f31b198a08797,B0d,16,16,fb2e41a2d7,1,synthetic:horizon-v0,ok,moderate|clip_horizon_slow_v0|moderate|rep1|seed20240909,7.198
moderate,,nan,clip_horizon_slow_v0,d424d0bafb90980838c59d9de19364d1b009ee4fb63d43e8308f06fd05d4cc0f,07b257405f757223,,f6f774173b901da1,B0d,16,16,fb2e41a2d7,0,synthetic:horizon-v0,ok,moderate|clip_horizon_slow_v0|moderate|rep0|seed20240909,7.3828
harsh,,nan,clip_horizon_slow_v0,d424d0bafb90980838c59d9de19364d1b009ee4fb63d43e8308f06fd05d4cc0f,07b257405f757223,,d432803fcd1304f6,B0d,16,16,fb2e41a2d7,1,synthetic:horizon-v0,ok,harsh|clip_horizon_slow_v0|harsh|rep1|seed20240909,3.3867
harsh,,nan,clip_horizon_slow_v0,d424d0bafb90980838c59d9de19364d1b009ee4fb63d43e8308f06fd05d4cc0f,07b257405f757223,,3fc53826a3920e7c,B0d,16,16,fb2e41a2d7,2,synthetic:horizon-v0,ok,harsh|clip_horizon_slow_v0|harsh|rep2|seed20240909,3.4391
clean,,nan,clip_horizon_slow_v0,d424d0bafb90980838c59d9de19364d1b009ee4fb63d43e8308f06fd05d4cc0f,07b257405f757223,,5c517b4359f11881,B1,16,16,fb2e41a2d7,4,synthetic:horizon-v0,ok,clean|clip_horizon_slow_v0|clean|rep4|seed20240909,0.6146
mild,,nan,clip_horizon_slow_v0,d424d0bafb90980838c59d9de19364d1b009ee4fb63d43e8308f06fd05d4cc0f,07b257405f757223,,b5b15b0608003054,B1,16,16,fb2e41a2d7,0,synthetic:horizon-v0,ok,mild|clip_horizon_slow_v0|mild|rep0|seed20240909,0.7475
harsh,,nan,clip_horizon_slow_v0,d424d0bafb90980838c59d9de19364d1b009ee4fb63d43e8308f06fd05d4cc0f,07b257405f757223,,05cc58cd28956d10,B0d,16,16,fb2e41a2d7,3,synthetic:horizon-v0,ok,harsh|clip_horizon_slow_v0|harsh|rep3|seed20240909,3.3969
mild,,nan,clip_horizon_slow_v0,d424d0bafb90980838c59d9de19364d1b009ee4fb63d43e8308f06fd05d4cc0f,07b257405f757223,,dd9c07edbe41398e,B1,16,16,fb2e41a2d7,1,synthetic:horizon-v0,ok,mild|clip_horizon_slow_v0|mild|rep1|seed20240909,0.7946
mild,,nan,clip_horizon_slow_v0,d424d0bafb90980838c59d9de19364d1b009ee4fb63d43e8308f06fd05d4cc0f,07b257405f757223,,765035c15d22db81,B1,16,16,fb2e41a2d7,2,synthetic:horizon-v0,ok,mild|clip_horizon_slow_v0|mild|rep2|seed20240909,0.7984
moderate,,nan,clip_horizon_slow_v0,d424d0bafb90980838c59d9de19364d1b009ee4fb63d43e8308f06fd05d4cc0f,07b257405f757223,,ed5511f2cdc7512e,B0d,16,16,fb2e41a2d7,2,synthetic:horizon-v0,ok,moderate|clip_horizon_slow_v0|moderate|rep2|seed20240909,7.44
harsh,,nan,clip_horizon_slow_v0,d424d0bafb90980838c59d9de19364d1b009ee4fb63d43e8308f06fd05d4cc0f,07b257405f757223,,fa6913fd264a6d5d,B0d,16,16,fb2e41a2d7,4,synthetic:horizon-v0,ok,harsh|clip_horizon_slow_v0|harsh|rep4|seed20240909,3.4679
mild,,nan,clip_horizon_slow_v0,d424d0bafb90980838c59d9de19364d1b009ee4fb63d43e8308f06fd05d4cc0f,07b257405f757223,,5f35d0e26920f5c7,B1,16,16,fb2e41a2d7,3,synthetic:horizon-v0,ok,mild|clip_horizon_slow_v0|mild|rep3|seed20240909,0.7815
moderate,,nan,clip_horizon_slow_v0,d424d0bafb90980838c59d9de19364d1b009ee4fb63d43e8308f06fd05d4cc0f,07b257405f757223,,4e337ab2b9bdb240,B0d,16,16,fb2e41a2d7,3,synthetic:horizon-v0,ok,moderate|clip_horizon_slow_v0|moderate|rep3|seed20240909,7.4877
mild,,nan,clip_horizon_slow_v0,d424d0bafb90980838c59d9de19364d1b009ee4fb63d43e8308f06fd05d4cc0f,07b257405f757223,,f34394908e0a5090,B1,16,16,fb2e41a2d7,4,synthetic:horizon-v0,ok,mild|clip_horizon_slow_v0|mild|rep4|seed20240909,0.8115
moderate,,nan,clip_horizon_slow_v0,d424d0bafb90980838c59d9de19364d1b009ee4fb63d43e8308f06fd05d4cc0f,07b257405f757223,,58bb06cd6cec8dd7,B0d,16,16,fb2e41a2d7,4,synthetic:horizon-v0,ok,moderate|clip_horizon_slow_v0|moderate|rep4|seed20240909,7.5458
moderate,,nan,clip_horizon_slow_v0,d424d0bafb90980838c59d9de19364d1b009ee4fb63d43e8308f06fd05d4cc0f,07b257405f757223,,44291d792f73c954,B1,16,16,fb2e41a2d7,0,synthetic:horizon-v0,ok,moderate|clip_horizon_slow_v0|moderate|rep0|seed20240909,0.8853
moderate,,nan,clip_horizon_slow_v0,d424d0bafb90980838c59d9de19364d1b009ee4fb63d43e8308f06fd05d4cc0f,07b257405f757223,,91f79be19f68f7fe,B1,16,16,fb2e41a2d7,1,synthetic:horizon-v0,ok,moderate|clip_horizon_slow_v0|moderate|rep1|seed20240909,0.8714
moderate,,nan,clip_horizon_slow_v0,d424d0bafb90980838c59d9de19364d1b009ee4fb63d43e8308f06fd05d4cc0f,07b257405f757223,,e66a445002c59ea6,B1,16,16,fb2e41a2d7,2,synthetic:horizon-v0,ok,moderate|clip_horizon_slow_v0|moderate|rep2|seed20240909,0.9121
bursty,,nan,clip_horizon_slow_v0,d424d0bafb90980838c59d9de19364d1b009ee4fb63d43e8308f06fd05d4cc0f,07b257405f757223,,d29a3cc8f3be85e1,B1,16,16,fb2e41a2d7,0,synthetic:horizon-v0,ok,bursty|clip_horizon_slow_v0|bursty|rep0|seed20240909,0.82
bursty,,nan,clip_horizon_slow_v0,d424d0bafb90980838c59d9de19364d1b009ee4fb63d43e8308f06fd05d4cc0f,07b257405f757223,,b671d3ae2213effe,B1,16,16,fb2e41a2d7,1,synthetic:horizon-v0,ok,bursty|clip_horizon_slow_v0|bursty|rep1|seed20240909,0.8273
moderate,,nan,clip_horizon_slow_v0,d424d0bafb90980838c59d9de19364d1b009ee4fb63d43e8308f06fd05d4cc0f,07b257405f757223,,03c27bf41eeb279b,B1,16,16,fb2e41a2d7,4,synthetic:horizon-v0,ok,moderate|clip_horizon_slow_v0|moderate|rep4|seed20240909,0.88
bursty,,nan,clip_horizon_slow_v0,d424d0bafb90980838c59d9de19364d1b009ee4fb63d43e8308f06fd05d4cc0f,07b257405f757223,,bad779c0f21c33c1,B1,16,16,fb2e41a2d7,2,synthetic:horizon-v0,ok,bursty|clip_horizon_slow_v0|bursty|rep2|seed20240909,0.8538
moderate,,nan,clip_horizon_slow_v0,d424d0bafb90980838c59d9de19364d1b009ee4fb63d43e8308f06fd05d4cc0f,07b257405f757223,,de8af9ba20ab3c62,B1,16,16,fb2e41a2d7,3,synthetic:horizon-v0,ok,moderate|clip_horizon_slow_v0|moderate|rep3|seed20240909,0.9089
bursty,,nan,clip_horizon_slow_v0,d424d0bafb90980838c59d9de19364d1b009ee4fb63d43e8308f06fd05d4cc0f,07b257405f757223,,ca14fb6c12a1b38e,B1,16,16,fb2e41a2d7,3,synthetic:horizon-v0,ok,bursty|clip_horizon_slow_v0|bursty|rep3|seed20240909,0.8588
bursty,,nan,clip_horizon_slow_v0,d424d0bafb90980838c59d9de19364d1b009ee4fb63d43e8308f06fd05d4cc0f,07b257405f757223,,6359a91c1de030e2,B1,16,16,fb2e41a2d7,4,synthetic:horizon-v0,ok,bursty|clip_horizon_slow_v0|bursty|rep4|seed20240909,0.8431
bursty,,nan,clip_horizon_slow_v0,d424d0bafb90980838c59d9de19364d1b009ee4fb63d43e8308f06fd05d4cc0f,07b257405f757223,,e0e639306a785644,B0d,16,16,fb2e41a2d7,0,synthetic:horizon-v0,ok,bursty|clip_horizon_slow_v0|bursty|rep0|seed20240909,8.3652
harsh,,nan,clip_horizon_slow_v0,d424d0bafb90980838c59d9de19364d1b009ee4fb63d43e8308f06fd05d4cc0f,07b257405f757223,,ebf430b1007f3dd7,B1,16,16,fb2e41a2d7,0,synthetic:horizon-v0,ok,harsh|clip_horizon_slow_v0|harsh|rep0|seed20240909,0.9046
harsh,,nan,clip_horizon_slow_v0,d424d0bafb90980838c59d9de19364d1b009ee4fb63d43e8308f06fd05d4cc0f,07b257405f757223,,a3f9cf1dfba6b938,B1,16,16,fb2e41a2d7,1,synthetic:horizon-v0,ok,harsh|clip_horizon_slow_v0|harsh|rep1|seed20240909,0.96
harsh,,nan,clip_horizon_slow_v0,d424d0bafb90980838c59d9de19364d1b009ee4fb63d43e8308f06fd05d4cc0f,07b257405f757223,,0f006db452158dea,B1,16,16,fb2e41a2d7,2,synthetic:horizon-v0,ok,harsh|clip_horizon_slow_v0|harsh|rep2|seed20240909,0.902
clean,,nan,clip_horizon_slow_v0,d424d0bafb90980838c59d9de19364d1b009ee4fb63d43e8308f06fd05d4cc0f,07b257405f757223,,92edcfdb2b91c2ec,B2,16,16,fb2e41a2d7,0,synthetic:horizon-v0,ok,clean|clip_horizon_slow_v0|clean|rep0|seed20240909,0.6434
clean,,nan,clip_horizon_slow_v0,d424d0bafb90980838c59d9de19364d1b009ee4fb63d43e8308f06fd05d4cc0f,07b257405f757223,,7fb1915df9e58dda,B2,16,16,fb2e41a2d7,3,synthetic:horizon-v0,ok,clean|clip_horizon_slow_v0|clean|rep3|seed20240909,0.6429
clean,,nan,clip_horizon_slow_v0,d424d0bafb90980838c59d9de19364d1b009ee4fb63d43e8308f06fd05d4cc0f,07b257405f757223,,8d3d9fa6998abb33,B2,16,16,fb2e41a2d7,1,synthetic:horizon-v0,ok,clean|clip_horizon_slow_v0|clean|rep1|seed20240909,0.6974
clean,,nan,clip_horizon_slow_v0,d424d0bafb90980838c59d9de19364d1b009ee4fb63d43e8308f06fd05d4cc0f,07b257405f757223,,2831a9c72ec11c7c,B2,16,16,fb2e41a2d7,2,synthetic:horizon-v0,ok,clean|clip_horizon_slow_v0|clean|rep2|seed20240909,0.6925
harsh,,nan,clip_horizon_slow_v0,d424d0bafb90980838c59d9de19364d1b009ee4fb63d43e8308f06fd05d4cc0f,07b257405f757223,,f20dbd8e1bc84faa,B1,16,16,fb2e41a2d7,3,synthetic:horizon-v0,ok,harsh|clip_horizon_slow_v0|harsh|rep3|seed20240909,0.9178
harsh,,nan,clip_horizon_slow_v0,d424d0bafb90980838c59d9de19364d1b009ee4fb63d43e8308f06fd05d4cc0f,07b257405f757223,,1c48b6d732c0d100,B1,16,16,fb2e41a2d7,4,synthetic:horizon-v0,ok,harsh|clip_horizon_slow_v0|harsh|rep4|seed20240909,0.8835
clean,,nan,clip_horizon_slow_v0,d424d0bafb90980838c59d9de19364d1b009ee4fb63d43e8308f06fd05d4cc0f,07b257405f757223,,4280a90650bbf192,B2,16,16,fb2e41a2d7,4,synthetic:horizon-v0,ok,clean|clip_horizon_slow_v0|clean|rep4|seed20240909,0.7136
mild,,nan,clip_horizon_slow_v0,d424d0bafb90980838c59d9de19364d1b009ee4fb63d43e8308f06fd05d4cc0f,07b257405f757223,,9fb37a923a335a15,B2,16,16,fb2e41a2d7,0,synthetic:horizon-v0,ok,mild|clip_horizon_slow_v0|mild|rep0|seed20240909,0.8512
mild,,nan,clip_horizon_slow_v0,d424d0bafb90980838c59d9de19364d1b009ee4fb63d43e8308f06fd05d4cc0f,07b257405f757223,,ebcbb98c754e241a,B2,16,16,fb2e41a2d7,1,synthetic:horizon-v0,ok,mild|clip_horizon_slow_v0|mild|rep1|seed20240909,0.8173
mild,,nan,clip_horizon_slow_v0,d424d0bafb90980838c59d9de19364d1b009ee4fb63d43e8308f06fd05d4cc0f,07b257405f757223,,f8f5cc8a0230696d,B2,16,16,fb2e41a2d7,2,synthetic:horizon-v0,ok,mild|clip_horizon_slow_v0|mild|rep2|seed20240909,0.8398
mild,,nan,clip_horizon_slow_v0,d424d0bafb90980838c59d9de19364d1b009ee4fb63d43e8308f06fd05d4cc0f,07b257405f757223,,6b53249c9bced74d,B2,16,16,fb2e41a2d7,3,synthetic:horizon-v0,ok,mild|clip_horizon_slow_v0|mild|rep3|seed20240909,0.8918
mild,,nan,clip_horizon_slow_v0,d424d0bafb90980838c59d9de19364d1b009ee4fb63d43e8308f06fd05d4cc0f,07b257405f757223,,70bac4e8273008f3,B2,16,16,fb2e41a2d7,4,synthetic:horizon-v0,ok,mild|clip_horizon_slow_v0|mild|rep4|seed20240909,0.8623
moderate,,nan,clip_horizon_slow_v0,d424d0bafb90980838c59d9de19364d1b009ee4fb63d43e8308f06fd05d4cc0f,07b257405f757223,,d641258041ffa00a,B2,16,16,fb2e41a2d7,0,synthetic:horizon-v0,ok,moderate|clip_horizon_slow_v0|moderate|rep0|seed20240909,0.8939
bursty,,nan,clip_horizon_slow_v0,d424d0bafb90980838c59d9de19364d1b009ee4fb63d43e8308f06fd05d4cc0f,07b257405f757223,,f03905deb37e0142,B0d,16,16,fb2e41a2d7,2,synthetic:horizon-v0,ok,bursty|clip_horizon_slow_v0|bursty|rep2|seed20240909,7.197
moderate,,nan,clip_horizon_slow_v0,d424d0bafb90980838c59d9de19364d1b009ee4fb63d43e8308f06fd05d4cc0f,07b257405f757223,,63021816eaa86006,B2,16,16,fb2e41a2d7,1,synthetic:horizon-v0,ok,moderate|clip_horizon_slow_v0|moderate|rep1|seed20240909,0.9111
moderate,,nan,clip_horizon_slow_v0,d424d0bafb90980838c59d9de19364d1b009ee4fb63d43e8308f06fd05d4cc0f,07b257405f757223,,7b8ce05c537dc8af,B2,16,16,fb2e41a2d7,2,synthetic:horizon-v0,ok,moderate|clip_horizon_slow_v0|moderate|rep2|seed20240909,0.9286
moderate,,nan,clip_horizon_slow_v0,d424d0bafb90980838c59d9de19364d1b009ee4fb63d43e8308f06fd05d4cc0f,07b257405f757223,,7a0c4c59743c07e0,B2,16,16,fb2e41a2d7,3,synthetic:horizon-v0,ok,moderate|clip_horizon_slow_v0|moderate|rep3|seed20240909,0.9608
moderate,,nan,clip_horizon_slow_v0,d424d0bafb90980838c59d9de19364d1b009ee4fb63d43e8308f06fd05d4cc0f,07b257405f757223,,f25ea16c59ec9c35,B2,16,16,fb2e41a2d7,4,synthetic:horizon-v0,ok,moderate|clip_horizon_slow_v0|moderate|rep4|seed20240909,0.9678
bursty,,nan,clip_horizon_slow_v0,d424d0bafb90980838c59d9de19364d1b009ee4fb63d43e8308f06fd05d4cc0f,07b257405f757223,,09e3c3808bec9de1,B2,16,16,fb2e41a2d7,0,synthetic:horizon-v0,ok,bursty|clip_horizon_slow_v0|bursty|rep0|seed20240909,0.8647
bursty,,nan,clip_horizon_slow_v0,d424d0bafb90980838c59d9de19364d1b009ee4fb63d43e8308f06fd05d4cc0f,07b257405f757223,,67a05e1ef383c3a7,B2,16,16,fb2e41a2d7,1,synthetic:horizon-v0,ok,bursty|clip_horizon_slow_v0|bursty|rep1|seed20240909,0.941
bursty,,nan,clip_horizon_slow_v0,d424d0bafb90980838c59d9de19364d1b009ee4fb63d43e8308f06fd05d4cc0f,07b257405f757223,,fa3ca0ce1fead58b,B2,16,16,fb2e41a2d7,2,synthetic:horizon-v0,ok,bursty|clip_horizon_slow_v0|bursty|rep2|seed20240909,0.8418
bursty,,nan,clip_horizon_slow_v0,d424d0bafb90980838c59d9de19364d1b009ee4fb63d43e8308f06fd05d4cc0f,07b257405f757223,,c1c205032cfc989a,B2,16,16,fb2e41a2d7,3,synthetic:horizon-v0,ok,bursty|clip_horizon_slow_v0|bursty|rep3|seed20240909,0.8461
bursty,,nan,clip_horizon_slow_v0,d424d0bafb90980838c59d9de19364d1b009ee4fb63d43e8308f06fd05d4cc0f,07b257405f757223,,8c3aeb6b73b6159f,B2,16,16,fb2e41a2d7,4,synthetic:horizon-v0,ok,bursty|clip_horizon_slow_v0|bursty|rep4|seed20240909,0.8269
bursty,,nan,clip_horizon_slow_v0,d424d0bafb90980838c59d9de19364d1b009ee4fb63d43e8308f06fd05d4cc0f,07b257405f757223,,828be2ae1550af4f,B0d,16,16,fb2e41a2d7,4,synthetic:horizon-v0,ok,bursty|clip_horizon_slow_v0|bursty|rep4|seed20240909,7.7554
harsh,,nan,clip_horizon_slow_v0,d424d0bafb90980838c59d9de19364d1b009ee4fb63d43e8308f06fd05d4cc0f,07b257405f757223,,ec1111737ba633a7,B2,16,16,fb2e41a2d7,0,synthetic:horizon-v0,ok,harsh|clip_horizon_slow_v0|harsh|rep0|seed20240909,0.9127
harsh,,nan,clip_horizon_slow_v0,d424d0bafb90980838c59d9de19364d1b009ee4fb63d43e8308f06fd05d4cc0f,07b257405f757223,,b51e5c161ef07cc0,B2,16,16,fb2e41a2d7,1,synthetic:horizon-v0,ok,harsh|clip_horizon_slow_v0|harsh|rep1|seed20240909,0.8559
bursty,,nan,clip_horizon_slow_v0,d424d0bafb90980838c59d9de19364d1b009ee4fb63d43e8308f06fd05d4cc0f,07b257405f757223,,952f6095dac761e7,B0d,16,16,fb2e41a2d7,1,synthetic:horizon-v0,ok,bursty|clip_horizon_slow_v0|bursty|rep1|seed20240909,8.2318
harsh,,nan,clip_horizon_slow_v0,d424d0bafb90980838c59d9de19364d1b009ee4fb63d43e8308f06fd05d4cc0f,07b257405f757223,,5136d150a7c3687e,B2,16,16,fb2e41a2d7,3,synthetic:horizon-v0,ok,harsh|clip_horizon_slow_v0|harsh|rep3|seed20240909,0.8042
harsh,,nan,clip_horizon_slow_v0,d424d0bafb90980838c59d9de19364d1b009ee4fb63d43e8308f06fd05d4cc0f,07b257405f757223,,b17442f47a3bba68,B2,16,16,fb2e41a2d7,2,synthetic:horizon-v0,ok,harsh|clip_horizon_slow_v0|harsh|rep2|seed20240909,0.8583
harsh,,nan,clip_horizon_slow_v0,d424d0bafb90980838c59d9de19364d1b009ee4fb63d43e8308f06fd05d4cc0f,07b257405f757223,,37be9fa01ba15b89,B2,16,16,fb2e41a2d7,4,synthetic:horizon-v0,ok,harsh|clip_horizon_slow_v0|harsh|rep4|seed20240909,0.8183
bursty,,nan,clip_horizon_slow_v0,d424d0bafb90980838c59d9de19364d1b009ee4fb63d43e8308f06fd05d4cc0f,07b257405f757223,,a2dffff87be84955,B0d,16,16,fb2e41a2d7,3,synthetic:horizon-v0,ok,bursty|clip_horizon_slow_v0|bursty|rep3|seed20240909,8.3392
clean,,nan,clip_horizon_slow_v0,d424d0bafb90980838c59d9de19364d1b009ee4fb63d43e8308f06fd05d4cc0f,07b257405f757223,,6ff0f0c4f7545683,B3,16,16,fb2e41a2d7,0,synthetic:horizon-v0,ok,clean|clip_horizon_slow_v0|clean|rep0|seed20240909,2.7714
clean,,nan,clip_horizon_slow_v0,d424d0bafb90980838c59d9de19364d1b009ee4fb63d43e8308f06fd05d4cc0f,07b257405f757223,,b32cd02337778bb8,B3,16,16,fb2e41a2d7,1,synthetic:horizon-v0,ok,clean|clip_horizon_slow_v0|clean|rep1|seed20240909,2.7681
clean,,nan,clip_horizon_slow_v0,d424d0bafb90980838c59d9de19364d1b009ee4fb63d43e8308f06fd05d4cc0f,07b257405f757223,,8c9fd4b0ec0c6df8,B3,16,16,fb2e41a2d7,3,synthetic:horizon-v0,ok,clean|clip_horizon_slow_v0|clean|rep3|seed20240909,2.7791
clean,,nan,clip_horizon_slow_v0,d424d0bafb90980838c59d9de19364d1b009ee4fb63d43e8308f06fd05d4cc0f,07b257405f757223,,a61f3cf1af0bbc2a,B3,16,16,fb2e41a2d7,2,synthetic:horizon-v0,ok,clean|clip_horizon_slow_v0|clean|rep2|seed20240909,2.7926
clean,,nan,clip_horizon_slow_v0,d424d0bafb90980838c59d9de19364d1b009ee4fb63d43e8308f06fd05d4cc0f,07b257405f757223,,8455be5b5db00d10,B3,16,16,fb2e41a2d7,4,synthetic:horizon-v0,ok,clean|clip_horizon_slow_v0|clean|rep4|seed20240909,2.7888
mild,,nan,clip_horizon_slow_v0,d424d0bafb90980838c59d9de19364d1b009ee4fb63d43e8308f06fd05d4cc0f,07b257405f757223,,7cc269351ebfb3a2,B3,16,16,fb2e41a2d7,0,synthetic:horizon-v0,ok,mild|clip_horizon_slow_v0|mild|rep0|seed20240909,2.9282
mild,,nan,clip_horizon_slow_v0,d424d0bafb90980838c59d9de19364d1b009ee4fb63d43e8308f06fd05d4cc0f,07b257405f757223,,c4eb0a4d8fa91889,B3,16,16,fb2e41a2d7,1,synthetic:horizon-v0,ok,mild|clip_horizon_slow_v0|mild|rep1|seed20240909,2.9325
mild,,nan,clip_horizon_slow_v0,d424d0bafb90980838c59d9de19364d1b009ee4fb63d43e8308f06fd05d4cc0f,07b257405f757223,,042dbc10bf0dff84,B3,16,16,fb2e41a2d7,2,synthetic:horizon-v0,ok,mild|clip_horizon_slow_v0|mild|rep2|seed20240909,2.955
mild,,nan,clip_horizon_slow_v0,d424d0bafb90980838c59d9de19364d1b009ee4fb63d43e8308f06fd05d4cc0f,07b257405f757223,,caf5ed370287edc5,B3,16,16,fb2e41a2d7,3,synthetic:horizon-v0,ok,mild|clip_horizon_slow_v0|mild|rep3|seed20240909,2.9198
mild,,nan,clip_horizon_slow_v0,d424d0bafb90980838c59d9de19364d1b009ee4fb63d43e8308f06fd05d4cc0f,07b257405f757223,,050dd2af6ececb38,B3,16,16,fb2e41a2d7,4,synthetic:horizon-v0,ok,mild|clip_horizon_slow_v0|mild|rep4|seed20240909,2.9605
moderate,,nan,clip_horizon_slow_v0,d424d0bafb90980838c59d9de19364d1b009ee4fb63d43e8308f06fd05d4cc0f,07b257405f757223,,a16170e70f346f76,B3,16,16,fb2e41a2d7,0,synthetic:horizon-v0,ok,moderate|clip_horizon_slow_v0|moderate|rep0|seed20240909,3.4237
moderate,,nan,clip_horizon_slow_v0,d424d0bafb90980838c59d9de19364d1b009ee4fb63d43e8308f06fd05d4cc0f,07b257405f757223,,1bac761cb6a518a9,B3,16,16,fb2e41a2d7,1,synthetic:horizon-v0,ok,moderate|clip_horizon_slow_v0|moderate|rep1|seed20240909,3.5142
moderate,,nan,clip_horizon_slow_v0,d424d0bafb90980838c59d9de19364d1b009ee4fb63d43e8308f06fd05d4cc0f,07b257405f757223,,1e9e41c7106f00b1,B3,16,16,fb2e41a2d7,2,synthetic:horizon-v0,ok,moderate|clip_horizon_slow_v0|moderate|rep2|seed20240909,3.4577
moderate,,nan,clip_horizon_slow_v0,d424d0bafb90980838c59d9de19364d1b009ee4fb63d43e8308f06fd05d4cc0f,07b257405f757223,,c05a2d39d4b6e891,B3,16,16,fb2e41a2d7,3,synthetic:horizon-v0,ok,moderate|clip_horizon_slow_v0|moderate|rep3|seed20240909,3.5495
moderate,,nan,clip_horizon_slow_v0,d424d0bafb90980838c59d9de19364d1b009ee4fb63d43e8308f06fd05d4cc0f,07b257405f757223,,23f1a425da7d8362,B3,16,16,fb2e41a2d7,4,synthetic:horizon-v0,ok,moderate|clip_horizon_slow_v0|moderate|rep4|seed20240909,3.5386
bursty,,nan,clip_horizon_slow_v0,d424d0bafb90980838c59d9de19364d1b009ee4fb63d43e8308f06fd05d4cc0f,07b257405f757223,,890475587c72e802,B3,16,16,fb2e41a2d7,0,synthetic:horizon-v0,ok,bursty|clip_horizon_slow_v0|bursty|rep0|seed20240909,3.6065
harsh,,nan,clip_horizon_slow_v0,d424d0bafb90980838c59d9de19364d1b009ee4fb63d43e8308f06fd05d4cc0f,07b257405f757223,,43b831907cee9fb1,B3,16,16,fb2e41a2d7,0,synthetic:horizon-v0,ok,harsh|clip_horizon_slow_v0|harsh|rep0|seed20240909,2.5637
harsh,,nan,clip_horizon_slow_v0,d424d0bafb90980838c59d9de19364d1b009ee4fb63d43e8308f06fd05d4cc0f,07b257405f757223,,b52dede5437a8f30,B3,16,16,fb2e41a2d7,3,synthetic:horizon-v0,ok,harsh|clip_horizon_slow_v0|harsh|rep3|seed20240909,2.2218
harsh,,nan,clip_horizon_slow_v0,d424d0bafb90980838c59d9de19364d1b009ee4fb63d43e8308f06fd05d4cc0f,07b257405f757223,,00380fc5796571d3,B3,16,16,fb2e41a2d7,2,synthetic:horizon-v0,ok,harsh|clip_horizon_slow_v0|harsh|rep2|seed20240909,2.5337
harsh,,nan,clip_horizon_slow_v0,d424d0bafb90980838c59d9de19364d1b009ee4fb63d43e8308f06fd05d4cc0f,07b257405f757223,,fbc3fd0bbf11b84d,B3,16,16,fb2e41a2d7,1,synthetic:horizon-v0,ok,harsh|clip_horizon_slow_v0|harsh|rep1|seed20240909,2.5911
harsh,,nan,clip_horizon_slow_v0,d424d0bafb90980838c59d9de19364d1b009ee4fb63d43e8308f06fd05d4cc0f,07b257405f757223,,8a8510e4e6c0ad44,B3,16,16,fb2e41a2d7,4,synthetic:horizon-v0,ok,harsh|clip_horizon_slow_v0|harsh|rep4|seed20240909,2.334
bursty,,nan,clip_horizon_slow_v0,d424d0bafb90980838c59d9de19364d1b009ee4fb63d43e8308f06fd05d4cc0f,07b257405f757223,,e62b64b298c0132e,B3,16,16,fb2e41a2d7,2,synthetic:horizon-v0,ok,bursty|clip_horizon_slow_v0|bursty|rep2|seed20240909,3.4575
bursty,,nan,clip_horizon_slow_v0,d424d0bafb90980838c59d9de19364d1b009ee4fb63d43e8308f06fd05d4cc0f,07b257405f757223,,49dce60291b67672,B3,16,16,fb2e41a2d7,1,synthetic:horizon-v0,ok,bursty|clip_horizon_slow_v0|bursty|rep1|seed20240909,3.4959
bursty,,nan,clip_horizon_slow_v0,d424d0bafb90980838c59d9de19364d1b009ee4fb63d43e8308f06fd05d4cc0f,07b257405f757223,,bc6033a84d468b85,B3,16,16,fb2e41a2d7,3,synthetic:horizon-v0,ok,bursty|clip_horizon_slow_v0|bursty|rep3|seed20240909,3.6843
bursty,,nan,clip_horizon_slow_v0,d424d0bafb90980838c59d9de19364d1b009ee4fb63d43e8308f06fd05d4cc0f,07b257405f757223,,24f18e186cb25ae2,B3,16,16,fb2e41a2d7,4,synthetic:horizon-v0,ok,bursty|clip_horizon_slow_v0|bursty|rep4|seed20240909,3.6836
clean,,nan,clip_horizon_slow_v0,d424d0bafb90980838c59d9de19364d1b009ee4fb63d43e8308f06fd05d4cc0f,07b257405f757223,,7b7207c0417dcea8,B4,16,16,fb2e41a2d7,0,synthetic:horizon-v0,ok,clean|clip_horizon_slow_v0|clean|rep0|seed20240909,5.7346
clean,,nan,clip_horizon_slow_v0,d424d0bafb90980838c59d9de19364d1b009ee4fb63d43e8308f06fd05d4cc0f,07b257405f757223,,38bc4ef691d43376,B4,16,16,fb2e41a2d7,1,synthetic:horizon-v0,ok,clean|clip_horizon_slow_v0|clean|rep1|seed20240909,5.7801
clean,,nan,clip_horizon_slow_v0,d424d0bafb90980838c59d9de19364d1b009ee4fb63d43e8308f06fd05d4cc0f,07b257405f757223,,798269a629265d05,B4,16,16,fb2e41a2d7,3,synthetic:horizon-v0,ok,clean|clip_horizon_slow_v0|clean|rep3|seed20240909,5.7095
clean,,nan,clip_horizon_slow_v0,d424d0bafb90980838c59d9de19364d1b009ee4fb63d43e8308f06fd05d4cc0f,07b257405f757223,,3d739a6740a5f426,B4,16,16,fb2e41a2d7,2,synthetic:horizon-v0,ok,clean|clip_horizon_slow_v0|clean|rep2|seed20240909,5.8246
clean,,nan,clip_horizon_slow_v0,d424d0bafb90980838c59d9de19364d1b009ee4fb63d43e8308f06fd05d4cc0f,07b257405f757223,,be71173f5ff2f5b5,B4,16,16,fb2e41a2d7,4,synthetic:horizon-v0,ok,clean|clip_horizon_slow_v0|clean|rep4|seed20240909,5.8119
mild,,nan,clip_horizon_slow_v0,d424d0bafb90980838c59d9de19364d1b009ee4fb63d43e8308f06fd05d4cc0f,07b257405f757223,,76eef98312bd30f7,B4,16,16,fb2e41a2d7,0,synthetic:horizon-v0,ok,mild|clip_horizon_slow_v0|mild|rep0|seed20240909,6.1451
mild,,nan,clip_horizon_slow_v0,d424d0bafb90980838c59d9de19364d1b009ee4fb63d43e8308f06fd05d4cc0f,07b257405f757223,,9d308172b1870e1a,B4,16,16,fb2e41a2d7,1,synthetic:horizon-v0,ok,mild|clip_horizon_slow_v0|mild|rep1|seed20240909,6.1581
mild,,nan,clip_horizon_slow_v0,d424d0bafb90980838c59d9de19364d1b009ee4fb63d43e8308f06fd05d4cc0f,07b257405f757223,,5ed3693965530bc9,B4,16,16,fb2e41a2d7,2,synthetic:horizon-v0,ok,mild|clip_horizon_slow_v0|mild|rep2|seed20240909,6.0815
mild,,nan,clip_horizon_slow_v0,d424d0bafb90980838c59d9de19364d1b009ee4fb63d43e8308f06fd05d4cc0f,07b257405f757223,,942b99115de7b19e,B4,16,16,fb2e41a2d7,3,synthetic:horizon-v0,ok,mild|clip_horizon_slow_v0|mild|rep3|seed20240909,6.1029
mild,,nan,clip_horizon_slow_v0,d424d0bafb90980838c59d9de19364d1b009ee4fb63d43e8308f06fd05d4cc0f,07b257405f757223,,5c156368acc14af5,B4,16,16,fb2e41a2d7,4,synthetic:horizon-v0,ok,mild|clip_horizon_slow_v0|mild|rep4|seed20240909,6.1257
harsh,,nan,clip_horizon_slow_v0,d424d0bafb90980838c59d9de19364d1b009ee4fb63d43e8308f06fd05d4cc0f,07b257405f757223,,bc3f8b1627f41042,B4,16,16,fb2e41a2d7,0,synthetic:horizon-v0,ok,harsh|clip_horizon_slow_v0|harsh|rep0|seed20240909,3.9669
harsh,,nan,clip_horizon_slow_v0,d424d0bafb90980838c59d9de19364d1b009ee4fb63d43e8308f06fd05d4cc0f,07b257405f757223,,2512b0506f26e6aa,B4,16,16,fb2e41a2d7,1,synthetic:horizon-v0,ok,harsh|clip_horizon_slow_v0|harsh|rep1|seed20240909,3.9723
harsh,,nan,clip_horizon_slow_v0,d424d0bafb90980838c59d9de19364d1b009ee4fb63d43e8308f06fd05d4cc0f,07b257405f757223,,ade88444ba5d8bfb,B4,16,16,fb2e41a2d7,2,synthetic:horizon-v0,ok,harsh|clip_horizon_slow_v0|harsh|rep2|seed20240909,4.0594
harsh,,nan,clip_horizon_slow_v0,d424d0bafb90980838c59d9de19364d1b009ee4fb63d43e8308f06fd05d4cc0f,07b257405f757223,,b8834c6e7d16d8ff,B4,16,16,fb2e41a2d7,3,synthetic:horizon-v0,ok,harsh|clip_horizon_slow_v0|harsh|rep3|seed20240909,3.8972
moderate,,nan,clip_horizon_slow_v0,d424d0bafb90980838c59d9de19364d1b009ee4fb63d43e8308f06fd05d4cc0f,07b257405f757223,,124bc5b1e1e6cd6c,B4,16,16,fb2e41a2d7,0,synthetic:horizon-v0,ok,moderate|clip_horizon_slow_v0|moderate|rep0|seed20240909,9.7426
moderate,,nan,clip_horizon_slow_v0,d424d0bafb90980838c59d9de19364d1b009ee4fb63d43e8308f06fd05d4cc0f,07b257405f757223,,07be9b887c8f825b,B4,16,16,fb2e41a2d7,1,synthetic:horizon-v0,ok,moderate|clip_horizon_slow_v0|moderate|rep1|seed20240909,9.6981
harsh,,nan,clip_horizon_slow_v0,d424d0bafb90980838c59d9de19364d1b009ee4fb63d43e8308f06fd05d4cc0f,07b257405f757223,,5aa280284db44eba,B4,16,16,fb2e41a2d7,4,synthetic:horizon-v0,ok,harsh|clip_horizon_slow_v0|harsh|rep4|seed20240909,3.9038
moderate,,nan,clip_horizon_slow_v0,d424d0bafb90980838c59d9de19364d1b009ee4fb63d43e8308f06fd05d4cc0f,07b257405f757223,,e9ec32c5abddb77d,B4,16,16,fb2e41a2d7,3,synthetic:horizon-v0,ok,moderate|clip_horizon_slow_v0|moderate|rep3|seed20240909,9.4689
moderate,,nan,clip_horizon_slow_v0,d424d0bafb90980838c59d9de19364d1b009ee4fb63d43e8308f06fd05d4cc0f,07b257405f757223,,fd964b7165d9717a,B4,16,16,fb2e41a2d7,2,synthetic:horizon-v0,ok,moderate|clip_horizon_slow_v0|moderate|rep2|seed20240909,9.7657
moderate,,nan,clip_horizon_slow_v0,d424d0bafb90980838c59d9de19364d1b009ee4fb63d43e8308f06fd05d4cc0f,07b257405f757223,,c3db779e3128a39b,B4,16,16,fb2e41a2d7,4,synthetic:horizon-v0,ok,moderate|clip_horizon_slow_v0|moderate|rep4|seed20240909,9.8144
bursty,,nan,clip_horizon_slow_v0,d424d0bafb90980838c59d9de19364d1b009ee4fb63d43e8308f06fd05d4cc0f,07b257405f757223,,33c71c4575906089,B4,16,16,fb2e41a2d7,0,synthetic:horizon-v0,ok,bursty|clip_horizon_slow_v0|bursty|rep0|seed20240909,10.02
bursty,,nan,clip_horizon_slow_v0,d424d0bafb90980838c59d9de19364d1b009ee4fb63d43e8308f06fd05d4cc0f,07b257405f757223,,ac940455bcca3e45,B4,16,16,fb2e41a2d7,2,synthetic:horizon-v0,ok,bursty|clip_horizon_slow_v0|bursty|rep2|seed20240909,8.5537
bursty,,nan,clip_horizon_slow_v0,d424d0bafb90980838c59d9de19364d1b009ee4fb63d43e8308f06fd05d4cc0f,07b257405f757223,,f36994ec52cfdf55,B4,16,16,fb2e41a2d7,1,synthetic:horizon-v0,ok,bursty|clip_horizon_slow_v0|bursty|rep1|seed20240909,9.4501
bursty,,nan,clip_horizon_slow_v0,d424d0bafb90980838c59d9de19364d1b009ee4fb63d43e8308f06fd05d4cc0f,07b257405f757223,,94e92d849a1bc7d0,B4,16,16,fb2e41a2d7,4,synthetic:horizon-v0,ok,bursty|clip_horizon_slow_v0|bursty|rep4|seed20240909,9.1488
bursty,,nan,clip_horizon_slow_v0,d424d0bafb90980838c59d9de19364d1b009ee4fb63d43e8308f06fd05d4cc0f,07b257405f757223,,d843553bf234dd2c,B4,16,16,fb2e41a2d7,3,synthetic:horizon-v0,ok,bursty|clip_horizon_slow_v0|bursty|rep3|seed20240909,9.781
clean,,nan,clip_horizon_slow_v0,d424d0bafb90980838c59d9de19364d1b009ee4fb63d43e8308f06fd05d4cc0f,07b257405f757223,,7e484c6325e0e283,P,16,16,8da29d3843,0,synthetic:horizon-v0,ok,clean|clip_horizon_slow_v0|clean|rep0|seed20240909,9.6881
clean,,nan,clip_horizon_slow_v0,d424d0bafb90980838c59d9de19364d1b009ee4fb63d43e8308f06fd05d4cc0f,07b257405f757223,,284300f9bb31a845,P,16,16,8da29d3843,1,synthetic:horizon-v0,ok,clean|clip_horizon_slow_v0|clean|rep1|seed20240909,9.703
clean,,nan,clip_horizon_slow_v0,d424d0bafb90980838c59d9de19364d1b009ee4fb63d43e8308f06fd05d4cc0f,07b257405f757223,,54e64b3e38f2b45a,P,16,16,8da29d3843,2,synthetic:horizon-v0,ok,clean|clip_horizon_slow_v0|clean|rep2|seed20240909,9.6941
clean,,nan,clip_horizon_slow_v0,d424d0bafb90980838c59d9de19364d1b009ee4fb63d43e8308f06fd05d4cc0f,07b257405f757223,,b3b7a74ac8c0ed35,P,16,16,8da29d3843,3,synthetic:horizon-v0,ok,clean|clip_horizon_slow_v0|clean|rep3|seed20240909,9.6958
clean,,nan,clip_horizon_slow_v0,d424d0bafb90980838c59d9de19364d1b009ee4fb63d43e8308f06fd05d4cc0f,07b257405f757223,,6c718862c2a66ed8,P,16,16,8da29d3843,4,synthetic:horizon-v0,ok,clean|clip_horizon_slow_v0|clean|rep4|seed20240909,9.7045
mild,,nan,clip_horizon_slow_v0,d424d0bafb90980838c59d9de19364d1b009ee4fb63d43e8308f06fd05d4cc0f,07b257405f757223,,1030752e822161ca,P,16,16,8da29d3843,1,synthetic:horizon-v0,ok,mild|clip_horizon_slow_v0|mild|rep1|seed20240909,10.1487
mild,,nan,clip_horizon_slow_v0,d424d0bafb90980838c59d9de19364d1b009ee4fb63d43e8308f06fd05d4cc0f,07b257405f757223,,ddc81a5d4ce8ea0e,P,16,16,8da29d3843,0,synthetic:horizon-v0,ok,mild|clip_horizon_slow_v0|mild|rep0|seed20240909,10.1923
mild,,nan,clip_horizon_slow_v0,d424d0bafb90980838c59d9de19364d1b009ee4fb63d43e8308f06fd05d4cc0f,07b257405f757223,,9a6ad7080b5792ba,P,16,16,8da29d3843,2,synthetic:horizon-v0,ok,mild|clip_horizon_slow_v0|mild|rep2|seed20240909,10.2052
mild,,nan,clip_horizon_slow_v0,d424d0bafb90980838c59d9de19364d1b009ee4fb63d43e8308f06fd05d4cc0f,07b257405f757223,,efaabc127fff5f72,P,16,16,8da29d3843,3,synthetic:horizon-v0,ok,mild|clip_horizon_slow_v0|mild|rep3|seed20240909,10.1926
mild,,nan,clip_horizon_slow_v0,d424d0bafb90980838c59d9de19364d1b009ee4fb63d43e8308f06fd05d4cc0f,07b257405f757223,,6851b1977150ab26,P,16,16,8da29d3843,4,synthetic:horizon-v0,ok,mild|clip_horizon_slow_v0|mild|rep4|seed20240909,10.1637
clean,,nan,clip_horizon_fast_v3,8a9d979b7f31ca11ca2565eb02736962d0d8861b3b44bc14e972c7ef1f1228db,07b257405f757223,,ac2357e2b3802f70,B0a,16,16,fb2e41a2d7,0,synthetic:horizon-v3,ok,clean|clip_horizon_fast_v3|clean|rep0|seed20240909,0.6267
clean,,nan,clip_horizon_fast_v3,8a9d979b7f31ca11ca2565eb02736962d0d8861b3b44bc14e972c7ef1f1228db,07b257405f757223,,ee014ffa75e8639f,B0a,16,16,fb2e41a2d7,1,synthetic:horizon-v3,ok,clean|clip_horizon_fast_v3|clean|rep1|seed20240909,0.6704
clean,,nan,clip_horizon_fast_v3,8a9d979b7f31ca11ca2565eb02736962d0d8861b3b44bc14e972c7ef1f1228db,07b257405f757223,,9d7e31300ac545a5,B0a,16,16,fb2e41a2d7,2,synthetic:horizon-v3,ok,clean|clip_horizon_fast_v3|clean|rep2|seed20240909,0.6158
clean,,nan,clip_horizon_fast_v3,8a9d979b7f31ca11ca2565eb02736962d0d8861b3b44bc14e972c7ef1f1228db,07b257405f757223,,f59d15b548ef3c22,B0a,16,16,fb2e41a2d7,3,synthetic:horizon-v3,ok,clean|clip_horizon_fast_v3|clean|rep3|seed20240909,0.6173
clean,,nan,clip_horizon_fast_v3,8a9d979b7f31ca11ca2565eb02736962d0d8861b3b44bc14e972c7ef1f1228db,07b257405f757223,,d5599b3927f68f65,B0a,16,16,fb2e41a2d7,4,synthetic:horizon-v3,ok,clean|clip_horizon_fast_v3|clean|rep4|seed20240909,0.6032
mild,,nan,clip_horizon_fast_v3,8a9d979b7f31ca11ca2565eb02736962d0d8861b3b44bc14e972c7ef1f1228db,07b257405f757223,,1dd87e02d6594b95,B0a,16,16,fb2e41a2d7,0,synthetic:horizon-v3,ok,mild|clip_horizon_fast_v3|mild|rep0|seed20240909,0.7497
mild,,nan,clip_horizon_fast_v3,8a9d979b7f31ca11ca2565eb02736962d0d8861b3b44bc14e972c7ef1f1228db,07b257405f757223,,98c8767828b49811,B0a,16,16,fb2e41a2d7,1,synthetic:horizon-v3,ok,mild|clip_horizon_fast_v3|mild|rep1|seed20240909,0.7342
harsh,,nan,clip_horizon_slow_v0,d424d0bafb90980838c59d9de19364d1b009ee4fb63d43e8308f06fd05d4cc0f,07b257405f757223,,deb9e3f8be91e393,P,16,16,8da29d3843,0,synthetic:horizon-v0,ok,harsh|clip_horizon_slow_v0|harsh|rep0|seed20240909,6.0482
mild,,nan,clip_horizon_fast_v3,8a9d979b7f31ca11ca2565eb02736962d0d8861b3b44bc14e972c7ef1f1228db,07b257405f757223,,d7e342fbcfc0b182,B0a,16,16,fb2e41a2d7,2,synthetic:horizon-v3,ok,mild|clip_horizon_fast_v3|mild|rep2|seed20240909,0.7599
harsh,,nan,clip_horizon_slow_v0,d424d0bafb90980838c59d9de19364d1b009ee4fb63d43e8308f06fd05d4cc0f,07b257405f757223,,595a4cde09886429,P,16,16,8da29d3843,3,synthetic:horizon-v0,ok,harsh|clip_horizon_slow_v0|harsh|rep3|seed20240909,5.9622
harsh,,nan,clip_horizon_slow_v0,d424d0bafb90980838c59d9de19364d1b009ee4fb63d43e8308f06fd05d4cc0f,07b257405f757223,,df11ea3eed49c1fe,P,16,16,8da29d3843,1,synthetic:horizon-v0,ok,harsh|clip_horizon_slow_v0|harsh|rep1|seed20240909,6.1307
harsh,,nan,clip_horizon_slow_v0,d424d0bafb90980838c59d9de19364d1b009ee4fb63d43e8308f06fd05d4cc0f,07b257405f757223,,92f54ad912bd624c,P,16,16,8da29d3843,2,synthetic:horizon-v0,ok,harsh|clip_horizon_slow_v0|harsh|rep2|seed20240909,6.1931
harsh,,nan,clip_horizon_slow_v0,d424d0bafb90980838c59d9de19364d1b009ee4fb63d43e8308f06fd05d4cc0f,07b257405f757223,,239be0dfd2d0f9c0,P,16,16,8da29d3843,4,synthetic:horizon-v0,ok,harsh|clip_horizon_slow_v0|harsh|rep4|seed20240909,5.9767
mild,,nan,clip_horizon_fast_v3,8a9d979b7f31ca11ca2565eb02736962d0d8861b3b44bc14e972c7ef1f1228db,07b257405f757223,,641e3372e1f718cf,B0a,16,16,fb2e41a2d7,3,synthetic:horizon-v3,ok,mild|clip_horizon_fast_v3|mild|rep3|seed20240909,0.7859
mild,,nan,clip_horizon_fast_v3,8a9d979b7f31ca11ca2565eb02736962d0d8861b3b44bc14e972c7ef1f1228db,07b257405f757223,,af4f92c4291a2585,B0a,16,16,fb2e41a2d7,4,synthetic:horizon-v3,ok,mild|clip_horizon_fast_v3|mild|rep4|seed20240909,0.7736
moderate,,nan,clip_horizon_fast_v3,8a9d979b7f31ca11ca2565eb02736962d0d8861b3b44bc14e972c7ef1f1228db,07b257405f757223,,96ead015d101289b,B0a,16,16,fb2e41a2d7,0,synthetic:horizon-v3,ok,moderate|clip_horizon_fast_v3|moderate|rep0|seed20240909,0.833
moderate,,nan,clip_horizon_fast_v3,8a9d979b7f31ca11ca2565eb02736962d0d8861b3b44bc14e972c7ef1f1228db,07b257405f757223,,0b01fd2b399a1bf2,B0a,16,16,fb2e41a2d7,1,synthetic:horizon-v3,ok,moderate|clip_horizon_fast_v3|moderate|rep1|seed20240909,0.8489
moderate,,nan,clip_horizon_fast_v3,8a9d979b7f31ca11ca2565eb02736962d0d8861b3b44bc14e972c7ef1f1228db,07b257405f757223,,1d906f72f4868b23,B0a,16,16,fb2e41a2d7,2,synthetic:horizon-v3,ok,moderate|clip_horizon_fast_v3|moderate|rep2|seed20240909,0.8589
moderate,,nan,clip_horizon_fast_v3,8a9d979b7f31ca11ca2565eb02736962d0d8861b3b44bc14e972c7ef1f1228db,07b257405f757223,,532c99fa01c26dd5,B0a,16,16,fb2e41a2d7,3,synthetic:horizon-v3,ok,moderate|clip_horizon_fast_v3|moderate|rep3|seed20240909,0.8404
moderate,,nan,clip_horizon_fast_v3,8a9d979b7f31ca11ca2565eb02736962d0d8861b3b44bc14e972c7ef1f1228db,07b257405f757223,,b2918c0420c57313,B0a,16,16,fb2e41a2d7,4,synthetic:horizon-v3,ok,moderate|clip_horizon_fast_v3|moderate|rep4|seed20240909,0.8636
bursty,,nan,clip_horizon_fast_v3,8a9d979b7f31ca11ca2565eb02736962d0d8861b3b44bc14e972c7ef1f1228db,07b257405f757223,,1cfef1b557cdd738,B0a,16,16,fb2e41a2d7,0,synthetic:horizon-v3,ok,bursty|clip_horizon_fast_v3|bursty|rep0|seed20240909,0.7739
bursty,,nan,clip_horizon_fast_v3,8a9d979b7f31ca11ca2565eb02736962d0d8861b3b44bc14e972c7ef1f1228db,07b257405f757223,,0f7e91f3dc882c15,B0a,16,16,fb2e41a2d7,1,synthetic:horizon-v3,ok,bursty|clip_horizon_fast_v3|bursty|rep1|seed20240909,0.8334
moderate,,nan,clip_horizon_slow_v0,d424d0bafb90980838c59d9de19364d1b009ee4fb63d43e8308f06fd05d4cc0f,07b257405f757223,,9a79f342d7a719f1,P,16,16,8da29d3843,1,synthetic:horizon-v0,ok,moderate|clip_horizon_slow_v0|moderate|rep1|seed20240909,16.8682
bursty,,nan,clip_horizon_fast_v3,8a9d979b7f31ca11ca2565eb02736962d0d8861b3b44bc14e972c7ef1f1228db,07b257405f757223,,f3ab3c87bcbb3fa1,B0a,16,16,fb2e41a2d7,2,synthetic:horizon-v3,ok,bursty|clip_horizon_fast_v3|bursty|rep2|seed20240909,0.8158
bursty,,nan,clip_horizon_fast_v3,8a9d979b7f31ca11ca2565eb02736962d0d8861b3b44bc14e972c7ef1f1228db,07b257405f757223,,3b869f527addde8a,B0a,16,16,fb2e41a2d7,4,synthetic:horizon-v3,ok,bursty|clip_horizon_fast_v3|bursty|rep4|seed20240909,0.7997
bursty,,nan,clip_horizon_fast_v3,8a9d979b7f31ca11ca2565eb02736962d0d8861b3b44bc14e972c7ef1f1228db,07b257405f757223,,55852d54f2fd8faa,B0a,16,16,fb2e41a2d7,3,synthetic:horizon-v3,ok,bursty|clip_horizon_fast_v3|bursty|rep3|seed20240909,0.809
harsh,,nan,clip_horizon_fast_v3,8a9d979b7f31ca11ca2565eb02736962d0d8861b3b44bc14e972c7ef1f1228db,07b257405f757223,,5b962ee55dedc228,B0a,16,16,fb2e41a2d7,0,synthetic:horizon-v3,ok,harsh|clip_horizon_fast_v3|harsh|rep0|seed20240909,0.8263
moderate,,nan,clip_horizon_slow_v0,d424d0bafb90980838c59d9de19364d1b009ee4fb63d43e8308f06fd05d4cc0f,07b257405f757223,,5c84f7248244e2f0,P,16,16,8da29d3843,0,synthetic:horizon-v0,ok,moderate|clip_horizon_slow_v0|moderate|rep0|seed20240909,17.3982
harsh,,nan,clip_horizon_fast_v3,8a9d979b7f31ca11ca2565eb02736962d0d8861b3b44bc14e972c7ef1f1228db,07b257405f757223,,fdf5e15301b64531,B0a,16,16,fb2e41a2d7,1,synthetic:horizon-v3,ok,harsh|clip_horizon_fast_v3|harsh|rep1|seed20240909,0.8303
harsh,,nan,clip_horizon_fast_v3,8a9d979b7f31ca11ca2565eb02736962d0d8861b3b44bc14e972c7ef1f1228db,07b257405f757223,,6ab0322f55733879,B0a,16,16,fb2e41a2d7,2,synthetic:horizon-v3,ok,harsh|clip_horizon_fast_v3|harsh|rep2|seed20240909,0.8686
harsh,,nan,clip_horizon_fast_v3,8a9d979b7f31ca11ca2565eb02736962d0d8861b3b44bc14e972c7ef1f1228db,07b257405f757223,,7eba38cb865957fe,B0a,16,16,fb2e41a2d7,3,synthetic:horizon-v3,ok,harsh|clip_horizon_fast_v3|harsh|rep3|seed20240909,0.8275
harsh,,nan,clip_horizon_fast_v3,8a9d979b7f31ca11ca2565eb02736962d0d8861b3b44bc14e972c7ef1f1228db,07b257405f757223,,5b80fe05f7b4ba71,B0a,16,16,fb2e41a2d7,4,synthetic:horizon-v3,ok,harsh|clip_horizon_fast_v3|harsh|rep4|seed20240909,0.8253
clean,,nan,clip_horizon_fast_v3,8a9d979b7f31ca11ca2565eb02736962d0d8861b3b44bc14e972c7ef1f1228db,07b257405f757223,,ad89bc466ec003f2,B0a-R,16,16,fb2e41a2d7,1,synthetic:horizon-v3,ok,clean|clip_horizon_fast_v3|clean|rep1|seed20240909,1.5974
clean,,nan,clip_horizon_fast_v3,8a9d979b7f31ca11ca2565eb02736962d0d8861b3b44bc14e972c7ef1f1228db,07b257405f757223,,f2850023de1b5a2e,B0a-R,16,16,fb2e41a2d7,0,synthetic:horizon-v3,ok,clean|clip_horizon_fast_v3|clean|rep0|seed20240909,1.6122
clean,,nan,clip_horizon_fast_v3,8a9d979b7f31ca11ca2565eb02736962d0d8861b3b44bc14e972c7ef1f1228db,07b257405f757223,,c60895c2811db9bd,B0a-R,16,16,fb2e41a2d7,3,synthetic:horizon-v3,ok,clean|clip_horizon_fast_v3|clean|rep3|seed20240909,1.5984
clean,,nan,clip_horizon_fast_v3,8a9d979b7f31ca11ca2565eb02736962d0d8861b3b44bc14e972c7ef1f1228db,07b257405f757223,,e10d26c502246f7c,B0a-R,16,16,fb2e41a2d7,2,synthetic:horizon-v3,ok,clean|clip_horizon_fast_v3|clean|rep2|seed20240909,1.6157
clean,,nan,clip_horizon_fast_v3,8a9d979b7f31ca11ca2565eb02736962d0d8861b3b44bc14e972c7ef1f1228db,07b257405f757223,,1decd2f626637caf,B0a-R,16,16,fb2e41a2d7,4,synthetic:horizon-v3,ok,clean|clip_horizon_fast_v3|clean|rep4|seed20240909,1.5609
moderate,,nan,clip_horizon_slow_v0,d424d0bafb90980838c59d9de19364d1b009ee4fb63d43e8308f06fd05d4cc0f,07b257405f757223,,c6c26859621d65ba,P,16,16,8da29d3843,2,synthetic:horizon-v0,ok,moderate|clip_horizon_slow_v0|moderate|rep2|seed20240909,17.522
moderate,,nan,clip_horizon_slow_v0,d424d0bafb90980838c59d9de19364d1b009ee4fb63d43e8308f06fd05d4cc0f,07b257405f757223,,5b0570c2ed873971,P,16,16,8da29d3843,3,synthetic:horizon-v0,ok,moderate|clip_horizon_slow_v0|moderate|rep3|seed20240909,17.2447
mild,,nan,clip_horizon_fast_v3,8a9d979b7f31ca11ca2565eb02736962d0d8861b3b44bc14e972c7ef1f1228db,07b257405f757223,,db65b1edc419b59e,B0a-R,16,16,fb2e41a2d7,0,synthetic:horizon-v3,ok,mild|clip_horizon_fast_v3|mild|rep0|seed20240909,2.1433
mild,,nan,clip_horizon_fast_v3,8a9d979b7f31ca11ca2565eb02736962d0d8861b3b44bc14e972c7ef1f1228db,07b257405f757223,,110e7cfff42e303a,B0a-R,16,16,fb2e41a2d7,1,synthetic:horizon-v3,ok,mild|clip_horizon_fast_v3|mild|rep1|seed20240909,2.2174
mild,,nan,clip_horizon_fast_v3,8a9d979b7f31ca11ca2565eb02736962d0d8861b3b44bc14e972c7ef1f1228db,07b257405f757223,,c33c51d5342e839e,B0a-R,16,16,fb2e41a2d7,2,synthetic:horizon-v3,ok,mild|clip_horizon_fast_v3|mild|rep2|seed20240909,2.1969
moderate,,nan,clip_horizon_slow_v0,d424d0bafb90980838c59d9de19364d1b009ee4fb63d43e8308f06fd05d4cc0f,07b257405f757223,,b881a7278e7732e2,P,16,16,8da29d3843,4,synthetic:horizon-v0,ok,moderate|clip_horizon_slow_v0|moderate|rep4|seed20240909,17.503
mild,,nan,clip_horizon_fast_v3,8a9d979b7f31ca11ca2565eb02736962d0d8861b3b44bc14e972c7ef1f1228db,07b257405f757223,,6e4e7e4adf3f4794,B0a-R,16,16,fb2e41a2d7,4,synthetic:horizon-v3,ok,mild|clip_horizon_fast_v3|mild|rep4|seed20240909,2.1991
mild,,nan,clip_horizon_fast_v3,8a9d979b7f31ca11ca2565eb02736962d0d8861b3b44bc14e972c7ef1f1228db,07b257405f757223,,178d8c7e68b56bcd,B0a-R,16,16,fb2e41a2d7,3,synthetic:horizon-v3,ok,mild|clip_horizon_fast_v3|mild|rep3|seed20240909,2.2107
bursty,,nan,clip_horizon_slow_v0,d424d0bafb90980838c59d9de19364d1b009ee4fb63d43e8308f06fd05d4cc0f,07b257405f757223,,77598fdcbc59db60,P,16,16,8da29d3843,0,synthetic:horizon-v0,ok,bursty|clip_horizon_slow_v0|bursty|rep0|seed20240909,18.013
moderate,,nan,clip_horizon_fast_v3,8a9d979b7f31ca11ca2565eb02736962d0d8861b3b44bc14e972c7ef1f1228db,07b257405f757223,,cccd9719687d9d57,B0a-R,16,16,fb2e41a2d7,1,synthetic:horizon-v3,ok,moderate|clip_horizon_fast_v3|moderate|rep1|seed20240909,2.4021
moderate,,nan,clip_horizon_fast_v3,8a9d979b7f31ca11ca2565eb02736962d0d8861b3b44bc14e972c7ef1f1228db,07b257405f757223,,1a195fc31239ebdd,B0a-R,16,16,fb2e41a2d7,0,synthetic:horizon-v3,ok,moderate|clip_horizon_fast_v3|moderate|rep0|seed20240909,2.5184
moderate,,nan,clip_horizon_fast_v3,8a9d979b7f31ca11ca2565eb02736962d0d8861b3b44bc14e972c7ef1f1228db,07b257405f757223,,a0b2b990e0ca5faf,B0a-R,16,16,fb2e41a2d7,2,synthetic:horizon-v3,ok,moderate|clip_horizon_fast_v3|moderate|rep2|seed20240909,2.4923
moderate,,nan,clip_horizon_fast_v3,8a9d979b7f31ca11ca2565eb02736962d0d8861b3b44bc14e972c7ef1f1228db,07b257405f757223,,18da735e1b60d8f4,B0a-R,16,16,fb2e41a2d7,3,synthetic:horizon-v3,ok,moderate|clip_horizon_fast_v3|moderate|rep3|seed20240909,2.4853
moderate,,nan,clip_horizon_fast_v3,8a9d979b7f31ca11ca2565eb02736962d0d8861b3b44bc14e972c7ef1f1228db,07b257405f757223,,e0e7c7b4c5e152bb,B0a-R,16,16,fb2e41a2d7,4,synthetic:horizon-v3,ok,moderate|clip_horizon_fast_v3|moderate|rep4|seed20240909,2.5334
bursty,,nan,clip_horizon_slow_v0,d424d0bafb90980838c59d9de19364d1b009ee4fb63d43e8308f06fd05d4cc0f,07b257405f757223,,d550182d622c4729,P,16,16,8da29d3843,1,synthetic:horizon-v0,ok,bursty|clip_horizon_slow_v0|bursty|rep1|seed20240909,17.017
bursty,,nan,clip_horizon_fast_v3,8a9d979b7f31ca11ca2565eb02736962d0d8861b3b44bc14e972c7ef1f1228db,07b257405f757223,,59919f207183e272,B0a-R,16,16,fb2e41a2d7,0,synthetic:horizon-v3,ok,bursty|clip_horizon_fast_v3|bursty|rep0|seed20240909,2.3033
bursty,,nan,clip_horizon_fast_v3,8a9d979b7f31ca11ca2565eb02736962d0d8861b3b44bc14e972c7ef1f1228db,07b257405f757223,,0f847a2456c6f8d0,B0a-R,16,16,fb2e41a2d7,1,synthetic:horizon-v3,ok,bursty|clip_horizon_fast_v3|bursty|rep1|seed20240909,2.3438
bursty,,nan,clip_horizon_fast_v3,8a9d979b7f31ca11ca2565eb02736962d0d8861b3b44bc14e972c7ef1f1228db,07b257405f757223,,1d861d30f555bab7,B0a-R,16,16,fb2e41a2d7,2,synthetic:horizon-v3,ok,bursty|clip_horizon_fast_v3|bursty|rep2|seed20240909,2.3616
bursty,,nan,clip_horizon_fast_v3,8a9d979b7f31ca11ca2565eb02736962d0d8861b3b44bc14e972c7ef1f1228db,07b257405f757223,,de707d09fe384dcc,B0a-R,16,16,fb2e41a2d7,3,synthetic:horizon-v3,ok,bursty|clip_horizon_fast_v3|bursty|rep3|seed20240909,2.3204
bursty,,nan,clip_horizon_slow_v0,d424d0bafb90980838c59d9de19364d1b009ee4fb63d43e8308f06fd05d4cc0f,07b257405f757223,,7879d36793c04564,P,16,16,8da29d3843,2,synthetic:horizon-v0,ok,bursty|clip_horizon_slow_v0|bursty|rep2|seed20240909,15.321
bursty,,nan,clip_horizon_fast_v3,8a9d979b7f31ca11ca2565eb02736962d0d8861b3b44bc14e972c7ef1f1228db,07b257405f757223,,b32e520ab84e139b,B0a-R,16,16,fb2e41a2d7,4,synthetic:horizon-v3,ok,bursty|clip_horizon_fast_v3|bursty|rep4|seed20240909,2.2583
harsh,,nan,clip_horizon_fast_v3,8a9d979b7f31ca11ca2565eb02736962d0d8861b3b44bc14e972c7ef1f1228db,07b257405f757223,,0781c736a368a996,B0a-R,16,16,fb2e41a2d7,0,synthetic:horizon-v3,ok,harsh|clip_horizon_fast_v3|harsh|rep0|seed20240909,2.4595
harsh,,nan,clip_horizon_fast_v3,8a9d979b7f31ca11ca2565eb02736962d0d8861b3b44bc14e972c7ef1f1228db,07b257405f757223,,37924f56a2675590,B0a-R,16,16,fb2e41a2d7,1,synthetic:horizon-v3,ok,harsh|clip_horizon_fast_v3|harsh|rep1|seed20240909,2.3099
harsh,,nan,clip_horizon_fast_v3,8a9d979b7f31ca11ca2565eb02736962d0d8861b3b44bc14e972c7ef1f1228db,07b257405f757223,,8b681bb14fe18fca,B0a-R,16,16,fb2e41a2d7,2,synthetic:horizon-v3,ok,harsh|clip_horizon_fast_v3|harsh|rep2|seed20240909,2.3684
harsh,,nan,clip_horizon_fast_v3,8a9d979b7f31ca11ca2565eb02736962d0d8861b3b44bc14e972c7ef1f1228db,07b257405f757223,,0994862e809519da,B0a-R,16,16,fb2e41a2d7,3,synthetic:horizon-v3,ok,harsh|clip_horizon_fast_v3|harsh|rep3|seed20240909,2.4059
harsh,,nan,clip_horizon_fast_v3,8a9d979b7f31ca11ca2565eb02736962d0d8861b3b44bc14e972c7ef1f1228db,07b257405f757223,,e71a8bad3c73fe26,B0a-R,16,16,fb2e41a2d7,4,synthetic:horizon-v3,ok,harsh|clip_horizon_fast_v3|harsh|rep4|seed20240909,2.3224
bursty,,nan,clip_horizon_slow_v0,d424d0bafb90980838c59d9de19364d1b009ee4fb63d43e8308f06fd05d4cc0f,07b257405f757223,,759d7533ecd1873f,P,16,16,8da29d3843,3,synthetic:horizon-v0,ok,bursty|clip_horizon_slow_v0|bursty|rep3|seed20240909,17.3873
bursty,,nan,clip_horizon_slow_v0,d424d0bafb90980838c59d9de19364d1b009ee4fb63d43e8308f06fd05d4cc0f,07b257405f757223,,3ea6bdd35e747184,P,16,16,8da29d3843,4,synthetic:horizon-v0,ok,bursty|clip_horizon_slow_v0|bursty|rep4|seed20240909,17.0014
clean,,nan,clip_horizon_fast_v3,8a9d979b7f31ca11ca2565eb02736962d0d8861b3b44bc14e972c7ef1f1228db,07b257405f757223,,e5837f1bb3eeb41d,B0d,16,16,fb2e41a2d7,0,synthetic:horizon-v3,ok,clean|clip_horizon_fast_v3|clean|rep0|seed20240909,4.5594
clean,,nan,clip_horizon_fast_v3,8a9d979b7f31ca11ca2565eb02736962d0d8861b3b44bc14e972c7ef1f1228db,07b257405f757223,,4377dc18240ce1dd,B0d,16,16,fb2e41a2d7,1,synthetic:horizon-v3,ok,clean|clip_horizon_fast_v3|clean|rep1|seed20240909,4.5115
clean,,nan,clip_horizon_fast_v3,8a9d979b7f31ca11ca2565eb02736962d0d8861b3b44bc14e972c7ef1f1228db,07b257405f757223,,e2f75584dbf4cce7,B0d,16,16,fb2e41a2d7,2,synthetic:horizon-v3,ok,clean|clip_horizon_fast_v3|clean|rep2|seed20240909,4.4869
clean,,nan,clip_horizon_fast_v3,8a9d979b7f31ca11ca2565eb02736962d0d8861b3b44bc14e972c7ef1f1228db,07b257405f757223,,201d4754308941bc,B0d,16,16,fb2e41a2d7,3,synthetic:horizon-v3,ok,clean|clip_horizon_fast_v3|clean|rep3|seed20240909,4.5396
clean,,nan,clip_horizon_fast_v3,8a9d979b7f31ca11ca2565eb02736962d0d8861b3b44bc14e972c7ef1f1228db,07b257405f757223,,3626765e87934b64,B0d,16,16,fb2e41a2d7,4,synthetic:horizon-v3,ok,clean|clip_horizon_fast_v3|clean|rep4|seed20240909,4.4926
mild,,nan,clip_horizon_fast_v3,8a9d979b7f31ca11ca2565eb02736962d0d8861b3b44bc14e972c7ef1f1228db,07b257405f757223,,cb892039f79eaa8e,B0d,16,16,fb2e41a2d7,0,synthetic:horizon-v3,ok,mild|clip_horizon_fast_v3|mild|rep0|seed20240909,4.8323
mild,,nan,clip_horizon_fast_v3,8a9d979b7f31ca11ca2565eb02736962d0d8861b3b44bc14e972c7ef1f1228db,07b257405f757223,,a1eb8eaa894aeef6,B0d,16,16,fb2e41a2d7,1,synthetic:horizon-v3,ok,mild|clip_horizon_fast_v3|mild|rep1|seed20240909,4.7887
mild,,nan,clip_horizon_fast_v3,8a9d979b7f31ca11ca2565eb02736962d0d8861b3b44bc14e972c7ef1f1228db,07b257405f757223,,6c47ff1f4a438dc0,B0d,16,16,fb2e41a2d7,2,synthetic:horizon-v3,ok,mild|clip_horizon_fast_v3|mild|rep2|seed20240909,4.8873
mild,,nan,clip_horizon_fast_v3,8a9d979b7f31ca11ca2565eb02736962d0d8861b3b44bc14e972c7ef1f1228db,07b257405f757223,,149598b692375bc9,B0d,16,16,fb2e41a2d7,3,synthetic:horizon-v3,ok,mild|clip_horizon_fast_v3|mild|rep3|seed20240909,4.8194
mild,,nan,clip_horizon_fast_v3,8a9d979b7f31ca11ca2565eb02736962d0d8861b3b44bc14e972c7ef1f1228db,07b257405f757223,,9eecaa588109c269,B0d,16,16,fb2e41a2d7,4,synthetic:horizon-v3,ok,mild|clip_horizon_fast_v3|mild|rep4|seed20240909,4.8325
clean,,nan,clip_horizon_fast_v3,8a9d979b7f31ca11ca2565eb02736962d0d8861b3b44bc14e972c7ef1f1228db,07b257405f757223,,530a4c9185f6ae2d,B1,16,16,fb2e41a2d7,0,synthetic:horizon-v3,ok,clean|clip_horizon_fast_v3|clean|rep0|seed20240909,0.6136
clean,,nan,clip_horizon_fast_v3,8a9d979b7f31ca11ca2565eb02736962d0d8861b3b44bc14e972c7ef1f1228db,07b257405f757223,,6d5d9d0d34f4e89f,B1,16,16,fb2e41a2d7,1,synthetic:horizon-v3,ok,clean|clip_horizon_fast_v3|clean|rep1|seed20240909,0.598
clean,,nan,clip_horizon_fast_v3,8a9d979b7f31ca11ca2565eb02736962d0d8861b3b44bc14e972c7ef1f1228db,07b257405f757223,,5376a221bc563007,B1,16,16,fb2e41a2d7,2,synthetic:horizon-v3,ok,clean|clip_horizon_fast_v3|clean|rep2|seed20240909,0.5868
harsh,,nan,clip_horizon_fast_v3,8a9d979b7f31ca11ca2565eb02736962d0d8861b3b44bc14e972c7ef1f1228db,07b257405f757223,,c157668f9e392749,B0d,16,16,fb2e41a2d7,0,synthetic:horizon-v3,ok,harsh|clip_horizon_fast_v3|harsh|rep0|seed20240909,3.4031
harsh,,nan,clip_horizon_fast_v3,8a9d979b7f31ca11ca2565eb02736962d0d8861b3b44bc14e972c7ef1f1228db,07b257405f757223,,4dc0609f86855a18,B0d,16,16,fb2e41a2d7,1,synthetic:horizon-v3,ok,harsh|clip_horizon_fast_v3|harsh|rep1|seed20240909,3.0365
clean,,nan,clip_horizon_fast_v3,8a9d979b7f31ca11ca2565eb02736962d0d8861b3b44bc14e972c7ef1f1228db,07b257405f757223,,c46093f24e156fd1,B1,16,16,fb2e41a2d7,3,synthetic:horizon-v3,ok,clean|clip_horizon_fast_v3|clean|rep3|seed20240909,0.6116
moderate,,nan,clip_horizon_fast_v3,8a9d979b7f31ca11ca2565eb02736962d0d8861b3b44bc14e972c7ef1f1228db,07b257405f757223,,541c5a1d6359e181,B0d,16,16,fb2e41a2d7,0,synthetic:horizon-v3,ok,moderate|clip_horizon_fast_v3|moderate|rep0|seed20240909,7.1027
harsh,,nan,clip_horizon_fast_v3,8a9d979b7f31ca11ca2565eb02736962d0d8861b3b44bc14e972c7ef1f1228db,07b257405f757223,,aaa1a4e48df51ed5,B0d,16,16,fb2e41a2d7,2,synthetic:horizon-v3,ok,harsh|clip_horizon_fast_v3|harsh|rep2|seed20240909,3.4233
harsh,,nan,clip_horizon_fast_v3,8a9d979b7f31ca11ca2565eb02736962d0d8861b3b44bc14e972c7ef1f1228db,07b257405f757223,,dc3f0ea1ad1839c0,B0d,16,16,fb2e41a2d7,3,synthetic:horizon-v3,ok,harsh|clip_horizon_fast_v3|harsh|rep3|seed20240909,3.3439
clean,,nan,clip_horizon_fast_v3,8a9d979b7f31ca11ca2565eb02736962d0d8861b3b44bc14e972c7ef1f1228db,07b257405f757223,,4fba102f46c78f5c,B1,16,16,fb2e41a2d7,4,synthetic:horizon-v3,ok,clean|clip_horizon_fast_v3|clean|rep4|seed20240909,0.6138
moderate,,nan,clip_horizon_fast_v3,8a9d979b7f31ca11ca2565eb02736962d0d8861b3b44bc14e972c7ef1f1228db,07b257405f757223,,f4cb9ca41d5763e3,B0d,16,16,fb2e41a2d7,3,synthetic:horizon-v3,ok,moderate|clip_horizon_fast_v3|moderate|rep3|seed20240909,7.1463
mild,,nan,clip_horizon_fast_v3,8a9d979b7f31ca11ca2565eb02736962d0d8861b3b44bc14e972c7ef1f1228db,07b257405f757223,,87b2adae10e1c1c7,B1,16,16,fb2e41a2d7,0,synthetic:horizon-v3,ok,mild|clip_horizon_fast_v3|mild|rep0|seed20240909,0.8087
moderate,,nan,clip_horizon_fast_v3,8a9d979b7f31ca11ca2565eb02736962d0d8861b3b44bc14e972c7ef1f1228db,07b257405f757223,,1abd492d91d87325,B0d,16,16,fb2e41a2d7,2,synthetic:horizon-v3,ok,moderate|clip_horizon_fast_v3|moderate|rep2|seed20240909,7.3925
harsh,,nan,clip_horizon_fast_v3,8a9d979b7f31ca11ca2565eb02736962d0d8861b3b44bc14e972c7ef1f1228db,07b257405f757223,,6c4987cb89656133,B0d,16,16,fb2e41a2d7,4,synthetic:horizon-v3,ok,harsh|clip_horizon_fast_v3|harsh|rep4|seed20240909,3.3483
mild,,nan,clip_horizon_fast_v3,8a9d979b7f31ca11ca2565eb02736962d0d8861b3b44bc14e972c7ef1f1228db,07b257405f757223,,215e6a01fc945e1f,B1,16,16,fb2e41a2d7,1,synthetic:horizon-v3,ok,mild|clip_horizon_fast_v3|mild|rep1|seed20240909,0.8008
mild,,nan,clip_horizon_fast_v3,8a9d979b7f31ca11ca2565eb02736962d0d8861b3b44bc14e972c7ef1f1228db,07b257405f757223,,3de11989b6a79c4b,B1,16,16,fb2e41a2d7,2,synthetic:horizon-v3,ok,mild|clip_horizon_fast_v3|mild|rep2|seed20240909,0.803
moderate,,nan,clip_horizon_fast_v3,8a9d979b7f31ca11ca2565eb02736962d0d8861b3b44bc14e972c7ef1f1228db,07b257405f757223,,903a38d6e6c4702f,B0d,16,16,fb2e41a2d7,1,synthetic:horizon-v3,ok,moderate|clip_horizon_fast_v3|moderate|rep1|seed20240909,7.8415
mild,,nan,clip_horizon_fast_v3,8a9d979b7f31ca11ca2565eb02736962d0d8861b3b44bc14e972c7ef1f1228db,07b257405f757223,,b8bb461b99ebaaf7,B1,16,16,fb2e41a2d7,3,synthetic:horizon-v3,ok,mild|clip_horizon_fast_v3|mild|rep3|seed20240909,0.83
mild,,nan,clip_horizon_fast_v3,8a9d979b7f31ca11ca2565eb02736962d0d8861b3b44bc14e972c7ef1f1228db,07b257405f757223,,36a3657083a876b0,B1,16,16,fb2e41a2d7,4,synthetic:horizon-v3,ok,mild|clip_horizon_fast_v3|mild|rep4|seed20240909,0.8193
moderate,,nan,clip_horizon_fast_v3,8a9d979b7f31ca11ca2565eb02736962d0d8861b3b44bc14e972c7ef1f1228db,07b257405f757223,,6d769e77dd8859e7,B1,16,16,fb2e41a2d7,0,synthetic:horizon-v3,ok,moderate|clip_horizon_fast_v3|moderate|rep0|seed20240909,0.9138
moderate,,nan,clip_horizon_fast_v3,8a9d979b7f31ca11ca2565eb02736962d0d8861b3b44bc14e972c7ef1f1228db,07b257405f757223,,d93c6b9485c4f989,B1,16,16,fb2e41a2d7,1,synthetic:horizon-v3,ok,moderate|clip_horizon_fast_v3|moderate|rep1|seed20240909,0.8814
moderate,,nan,clip_horizon_fast_v3,8a9d979b7f31ca11ca2565eb02736962d0d8861b3b44bc14e972c7ef1f1228db,07b257405f757223,,e64aa588be18efc4,B1,16,16,fb2e41a2d7,2,synthetic:horizon-v3,ok,moderate|clip_horizon_fast_v3|moderate|rep2|seed20240909,0.8855
moderate,,nan,clip_horizon_fast_v3,8a9d979b7f31ca11ca2565eb02736962d0d8861b3b44bc14e972c7ef1f1228db,07b257405f757223,,e3b7106b9aadfd14,B1,16,16,fb2e41a2d7,3,synthetic:horizon-v3,ok,moderate|clip_horizon_fast_v3|moderate|rep3|seed20240909,0.8829
moderate,,nan,clip_horizon_fast_v3,8a9d979b7f31ca11ca2565eb02736962d0d8861b3b44bc14e972c7ef1f1228db,07b257405f757223,,30b8acff54ff3b9d,B0d,16,16,fb2e41a2d7,4,synthetic:horizon-v3,ok,moderate|clip_horizon_fast_v3|moderate|rep4|seed20240909,7.0602
moderate,,nan,clip_horizon_fast_v3,8a9d979b7f31ca11ca2565eb02736962d0d8861b3b44bc14e972c7ef1f1228db,07b257405f757223,,78a5a134ca5efbe8,B1,16,16,fb2e41a2d7,4,synthetic:horizon-v3,ok,moderate|clip_horizon_fast_v3|moderate|rep4|seed20240909,0.8868
bursty,,nan,clip_horizon_fast_v3,8a9d979b7f31ca11ca2565eb02736962d0d8861b3b44bc14e972c7ef1f1228db,07b257405f757223,,2b42e2b6ef67172e,B1,16,16,fb2e41a2d7,0,synthetic:horizon-v3,ok,bursty|clip_horizon_fast_v3|bursty|rep0|seed20240909,0.8272
bursty,,nan,clip_horizon_fast_v3,8a9d979b7f31ca11ca2565eb02736962d0d8861b3b44bc14e972c7ef1f1228db,07b257405f757223,,64b29642ee9068fc,B1,16,16,fb2e41a2d7,1,synthetic:horizon-v3,ok,bursty|clip_horizon_fast_v3|bursty|rep1|seed20240909,0.8274
bursty,,nan,clip_horizon_fast_v3,8a9d979b7f31ca11ca2565eb02736962d0d8861b3b44bc14e972c7ef1f1228db,07b257405f757223,,51b939fb00d3d95c,B1,16,16,fb2e41a2d7,3,synthetic:horizon-v3,ok,bursty|clip_horizon_fast_v3|bursty|rep3|seed20240909,0.7815
bursty,,nan,clip_horizon_fast_v3,8a9d979b7f31ca11ca2565eb02736962d0d8861b3b44bc14e972c7ef1f1228db,07b257405f757223,,0bf9773a63134326,B1,16,16,fb2e41a2d7,2,synthetic:horizon-v3,ok,bursty|clip_horizon_fast_v3|bursty|rep2|seed20240909,0.8572
bursty,,nan,clip_horizon_fast_v3,8a9d979b7f31ca11ca2565eb02736962d0d8861b3b44bc14e972c7ef1f1228db,07b257405f757223,,e92b2ec8fd3c35cd,B1,16,16,fb2e41a2d7,4,synthetic:horizon-v3,ok,bursty|clip_horizon_fast_v3|bursty|rep4|seed20240909,0.8235
harsh,,nan,clip_horizon_fast_v3,8a9d979b7f31ca11ca2565eb02736962d0d8861b3b44bc14e972c7ef1f1228db,07b257405f757223,,db158623d1a39f73,B1,16,16,fb2e41a2d7,0,synthetic:horizon-v3,ok,harsh|clip_horizon_fast_v3|harsh|rep0|seed20240909,0.8877
harsh,,nan,clip_horizon_fast_v3,8a9d979b7f31ca11ca2565eb02736962d0d8861b3b44bc14e972c7ef1f1228db,07b257405f757223,,7b81d25bcc69c5e5,B1,16,16,fb2e41a2d7,1,synthetic:horizon-v3,ok,harsh|clip_horizon_fast_v3|harsh|rep1|seed20240909,0.8621
clean,,nan,clip_horizon_fast_v3,8a9d979b7f31ca11ca2565eb02736962d0d8861b3b44bc14e972c7ef1f1228db,07b257405f757223,,dc565454180b0683,B2,16,16,fb2e41a2d7,0,synthetic:horizon-v3,ok,clean|clip_horizon_fast_v3|clean|rep0|seed20240909,0.666
clean,,nan,clip_horizon_fast_v3,8a9d979b7f31ca11ca2565eb02736962d0d8861b3b44bc14e972c7ef1f1228db,07b257405f757223,,f08ca7883e3a90a4,B2,16,16,fb2e41a2d7,1,synthetic:horizon-v3,ok,clean|clip_horizon_fast_v3|clean|rep1|seed20240909,0.6599
harsh,,nan,clip_horizon_fast_v3,8a9d979b7f31ca11ca2565eb02736962d0d8861b3b44bc14e972c7ef1f1228db,07b257405f757223,,db376cfb75e73a34,B1,16,16,fb2e41a2d7,2,synthetic:horizon-v3,ok,harsh|clip_horizon_fast_v3|harsh|rep2|seed20240909,0.9347
clean,,nan,clip_horizon_fast_v3,8a9d979b7f31ca11ca2565eb02736962d0d8861b3b44bc14e972c7ef1f1228db,07b257405f757223,,e5b6c546aecc789e,B2,16,16,fb2e41a2d7,2,synthetic:horizon-v3,ok,clean|clip_horizon_fast_v3|clean|rep2|seed20240909,0.6636
clean,,nan,clip_horizon_fast_v3,8a9d979b7f31ca11ca2565eb02736962d0d8861b3b44bc14e972c7ef1f1228db,07b257405f757223,,aa7a59f10b2a7f49,B2,16,16,fb2e41a2d7,3,synthetic:horizon-v3,ok,clean|clip_horizon_fast_v3|clean|rep3|seed20240909,0.6393
harsh,,nan,clip_horizon_fast_v3,8a9d979b7f31ca11ca2565eb02736962d0d8861b3b44bc14e972c7ef1f1228db,07b257405f757223,,3a0bde8e414756df,B1,16,16,fb2e41a2d7,3,synthetic:horizon-v3,ok,harsh|clip_horizon_fast_v3|harsh|rep3|seed20240909,0.9
harsh,,nan,clip_horizon_fast_v3,8a9d979b7f31ca11ca2565eb02736962d0d8861b3b44bc14e972c7ef1f1228db,07b257405f757223,,c9d8a5a722661511,B1,16,16,fb2e41a2d7,4,synthetic:horizon-v3,ok,harsh|clip_horizon_fast_v3|harsh|rep4|seed20240909,0.9092
clean,,nan,clip_horizon_fast_v3,8a9d979b7f31ca11ca2565eb02736962d0d8861b3b44bc14e972c7ef1f1228db,07b257405f757223,,dfc8e3c7ea75e302,B2,16,16,fb2e41a2d7,4,synthetic:horizon-v3,ok,clean|clip_horizon_fast_v3|clean|rep4|seed20240909,0.6759
mild,,nan,clip_horizon_fast_v3,8a9d979b7f31ca11ca2565eb02736962d0d8861b3b44bc14e972c7ef1f1228db,07b257405f757223,,8430fc09de3c1db1,B2,16,16,fb2e41a2d7,0,synthetic:horizon-v3,ok,mild|clip_horizon_fast_v3|mild|rep0|seed20240909,0.8144
bursty,,nan,clip_horizon_fast_v3,8a9d979b7f31ca11ca2565eb02736962d0d8861b3b44bc14e972c7ef1f1228db,07b257405f757223,,beedacda2aee8158,B0d,16,16,fb2e41a2d7,0,synthetic:horizon-v3,ok,bursty|clip_horizon_fast_v3|bursty|rep0|seed20240909,8.2136
mild,,nan,clip_horizon_fast_v3,8a9d979b7f31ca11ca2565eb02736962d0d8861b3b44bc14e972c7ef1f1228db,07b257405f757223,,e8678aed8f9f8a17,B2,16,16,fb2e41a2d7,1,synthetic:horizon-v3,ok,mild|clip_horizon_fast_v3|mild|rep1|seed20240909,0.8726
mild,,nan,clip_horizon_fast_v3,8a9d979b7f31ca11ca2565eb02736962d0d8861b3b44bc14e972c7ef1f1228db,07b257405f757223,,34970501085ad931,B2,16,16,fb2e41a2d7,2,synthetic:horizon-v3,ok,mild|clip_horizon_fast_v3|mild|rep2|seed20240909,0.9014
mild,,nan,clip_horizon_fast_v3,8a9d979b7f31ca11ca2565eb02736962d0d8861b3b44bc14e972c7ef1f1228db,07b257405f757223,,077b91f0b2cec277,B2,16,16,fb2e41a2d7,3,synthetic:horizon-v3,ok,mild|clip_horizon_fast_v3|mild|rep3|seed20240909,0.8744
mild,,nan,clip_horizon_fast_v3,8a9d979b7f31ca11ca2565eb02736962d0d8861b3b44bc14e972c7ef1f1228db,07b257405f757223,,292fa601fa9ef02d,B2,16,16,fb2e41a2d7,4,synthetic:horizon-v3,ok,mild|clip_horizon_fast_v3|mild|rep4|seed20240909,0.8671
moderate,,nan,clip_horizon_fast_v3,8a9d979b7f31ca11ca2565eb02736962d0d8861b3b44bc14e972c7ef1f1228db,07b257405f757223,,12b0ecf5d943e390,B2,16,16,fb2e41a2d7,1,synthetic:horizon-v3,ok,moderate|clip_horizon_fast_v3|moderate|rep1|seed20240909,0.9415
moderate,,nan,clip_horizon_fast_v3,8a9d979b7f31ca11ca2565eb02736962d0d8861b3b44bc14e972c7ef1f1228db,07b257405f757223,,ff27aac512027a17,B2,16,16,fb2e41a2d7,0,synthetic:horizon-v3,ok,moderate|clip_horizon_fast_v3|moderate|rep0|seed20240909,0.9474
bursty,,nan,clip_horizon_fast_v3,8a9d979b7f31ca11ca2565eb02736962d0d8861b3b44bc14e972c7ef1f1228db,07b257405f757223,,834c9cc264054f2c,B2,16,16,fb2e41a2d7,0,synthetic:horizon-v3,ok,bursty|clip_horizon_fast_v3|bursty|rep0|seed20240909,0.8505
moderate,,nan,clip_horizon_fast_v3,8a9d979b7f31ca11ca2565eb02736962d0d8861b3b44bc14e972c7ef1f1228db,07b257405f757223,,df8ad9aa6e20a67d,B2,16,16,fb2e41a2d7,2,synthetic:horizon-v3,ok,moderate|clip_horizon_fast_v3|moderate|rep2|seed20240909,0.9416
moderate,,nan,clip_horizon_fast_v3,8a9d979b7f31ca11ca2565eb02736962d0d8861b3b44bc14e972c7ef1f1228db,07b257405f757223,,17e781a6829e7108,B2,16,16,fb2e41a2d7,3,synthetic:horizon-v3,ok,moderate|clip_horizon_fast_v3|moderate|rep3|seed20240909,0.9591
moderate,,nan,clip_horizon_fast_v3,8a9d979b7f31ca11ca2565eb02736962d0d8861b3b44bc14e972c7ef1f1228db,07b257405f757223,,8d165a2a757675f1,B2,16,16,fb2e41a2d7,4,synthetic:horizon-v3,ok,moderate|clip_horizon_fast_v3|moderate|rep4|seed20240909,0.9388
bursty,,nan,clip_horizon_fast_v3,8a9d979b7f31ca11ca2565eb02736962d0d8861b3b44bc14e972c7ef1f1228db,07b257405f757223,,ef990df419b94a9c,B2,16,16,fb2e41a2d7,1,synthetic:horizon-v3,ok,bursty|clip_horizon_fast_v3|bursty|rep1|seed20240909,0.8674
bursty,,nan,clip_horizon_fast_v3,8a9d979b7f31ca11ca2565eb02736962d0d8861b3b44bc14e972c7ef1f1228db,07b257405f757223,,8e29c6c347cd84bc,B2,16,16,fb2e41a2d7,2,synthetic:horizon-v3,ok,bursty|clip_horizon_fast_v3|bursty|rep2|seed20240909,0.8678
bursty,,nan,clip_horizon_fast_v3,8a9d979b7f31ca11ca2565eb02736962d0d8861b3b44bc14e972c7ef1f1228db,07b257405f757223,,4ef01cc541eff8ea,B2,16,16,fb2e41a2d7,3,synthetic:horizon-v3,ok,bursty|clip_horizon_fast_v3|bursty|rep3|seed20240909,0.8796
bursty,,nan,clip_horizon_fast_v3,8a9d979b7f31ca11ca2565eb02736962d0d8861b3b44bc14e972c7ef1f1228db,07b257405f757223,,932310da2b26654f,B2,16,16,fb2e41a2d7,4,synthetic:horizon-v3,ok,bursty|clip_horizon_fast_v3|bursty|rep4|seed20240909,0.8578
harsh,,nan,clip_horizon_fast_v3,8a9d979b7f31ca11ca2565eb02736962d0d8861b3b44bc14e972c7ef1f1228db,07b257405f757223,,9009d28b9e81c494,B2,16,16,fb2e41a2d7,1,synthetic:horizon-v3,ok,harsh|clip_horizon_fast_v3|harsh|rep1|seed20240909,0.8758
bursty,,nan,clip_horizon_fast_v3,8a9d979b7f31ca11ca2565eb02736962d0d8861b3b44bc14e972c7ef1f1228db,07b257405f757223,,0dc9258f76d4b5a3,B0d,16,16,fb2e41a2d7,2,synthetic:horizon-v3,ok,bursty|clip_horizon_fast_v3|bursty|rep2|seed20240909,8.0771
harsh,,nan,clip_horizon_fast_v3,8a9d979b7f31ca11ca2565eb02736962d0d8861b3b44bc14e972c7ef1f1228db,07b257405f757223,,8d2be005df0cbdcc,B2,16,16,fb2e41a2d7,0,synthetic:horizon-v3,ok,harsh|clip_horizon_fast_v3|harsh|rep0|seed20240909,0.9018
harsh,,nan,clip_horizon_fast_v3,8a9d979b7f31ca11ca2565eb02736962d0d8861b3b44bc14e972c7ef1f1228db,07b257405f757223,,c7201eea4cf6f821,B2,16,16,fb2e41a2d7,4,synthetic:horizon-v3,ok,harsh|clip_horizon_fast_v3|harsh|rep4|seed20240909,0.8989
harsh,,nan,clip_horizon_fast_v3,8a9d979b7f31ca11ca2565eb02736962d0d8861b3b44bc14e972c7ef1f1228db,07b257405f757223,,1194ddf4a165d514,B2,16,16,fb2e41a2d7,3,synthetic:horizon-v3,ok,harsh|clip_horizon_fast_v3|harsh|rep3|seed20240909,0.9232
harsh,,nan,clip_horizon_fast_v3,8a9d979b7f31ca11ca2565eb02736962d0d8861b3b44bc14e972c7ef1f1228db,07b257405f757223,,d0c9269ce4ca4a30,B2,16,16,fb2e41a2d7,2,synthetic:horizon-v3,ok,harsh|clip_horizon_fast_v3|harsh|rep2|seed20240909,0.9312
bursty,,nan,clip_horizon_fast_v3,8a9d979b7f31ca11ca2565eb02736962d0d8861b3b44bc14e972c7ef1f1228db,07b257405f757223,,cd5ff097a51d48e8,B0d,16,16,fb2e41a2d7,1,synthetic:horizon-v3,ok,bursty|clip_horizon_fast_v3|bursty|rep1|seed20240909,8.4316
bursty,,nan,clip_horizon_fast_v3,8a9d979b7f31ca11ca2565eb02736962d0d8861b3b44bc14e972c7ef1f1228db,07b257405f757223,,7a2c6e2a0db60dc8,B0d,16,16,fb2e41a2d7,3,synthetic:horizon-v3,ok,bursty|clip_horizon_fast_v3|bursty|rep3|seed20240909,8.6923
bursty,,nan,clip_horizon_fast_v3,8a9d979b7f31ca11ca2565eb02736962d0d8861b3b44bc14e972c7ef1f1228db,07b257405f757223,,840998209575c813,B0d,16,16,fb2e41a2d7,4,synthetic:horizon-v3,ok,bursty|clip_horizon_fast_v3|bursty|rep4|seed20240909,9.0957
clean,,nan,clip_horizon_fast_v3,8a9d979b7f31ca11ca2565eb02736962d0d8861b3b44bc14e972c7ef1f1228db,07b257405f757223,,818b77a2fd2dc111,B3,16,16,fb2e41a2d7,2,synthetic:horizon-v3,ok,clean|clip_horizon_fast_v3|clean|rep2|seed20240909,2.7202
clean,,nan,clip_horizon_fast_v3,8a9d979b7f31ca11ca2565eb02736962d0d8861b3b44bc14e972c7ef1f1228db,07b257405f757223,,01cb8c1a96b4845e,B3,16,16,fb2e41a2d7,0,synthetic:horizon-v3,ok,clean|clip_horizon_fast_v3|clean|rep0|seed20240909,2.7729
clean,,nan,clip_horizon_fast_v3,8a9d979b7f31ca11ca2565eb02736962d0d8861b3b44bc14e972c7ef1f1228db,07b257405f757223,,826805a62a9b5694,B3,16,16,fb2e41a2d7,1,synthetic:horizon-v3,ok,clean|clip_horizon_fast_v3|clean|rep1|seed20240909,2.7865
clean,,nan,clip_horizon_fast_v3,8a9d979b7f31ca11ca2565eb02736962d0d8861b3b44bc14e972c7ef1f1228db,07b257405f757223,,16954b46bf04ee3b,B3,16,16,fb2e41a2d7,3,synthetic:horizon-v3,ok,clean|clip_horizon_fast_v3|clean|rep3|seed20240909,2.7057
clean,,nan,clip_horizon_fast_v3,8a9d979b7f31ca11ca2565eb02736962d0d8861b3b44bc14e972c7ef1f1228db,07b257405f757223,,15c9fb8270f80e34,B3,16,16,fb2e41a2d7,4,synthetic:horizon-v3,ok,clean|clip_horizon_fast_v3|clean|rep4|seed20240909,2.7126
mild,,nan,clip_horizon_fast_v3,8a9d979b7f31ca11ca2565eb02736962d0d8861b3b44bc14e972c7ef1f1228db,07b257405f757223,,eed2aeff1099b411,B3,16,16,fb2e41a2d7,0,synthetic:horizon-v3,ok,mild|clip_horizon_fast_v3|mild|rep0|seed20240909,2.8818
mild,,nan,clip_horizon_fast_v3,8a9d979b7f31ca11ca2565eb02736962d0d8861b3b44bc14e972c7ef1f1228db,07b257405f757223,,662e12d924b622dd,B3,16,16,fb2e41a2d7,1,synthetic:horizon-v3,ok,mild|clip_horizon_fast_v3|mild|rep1|seed20240909,2.9254
mild,,nan,clip_horizon_fast_v3,8a9d979b7f31ca11ca2565eb02736962d0d8861b3b44bc14e972c7ef1f1228db,07b257405f757223,,4166bc82701c6f8c,B3,16,16,fb2e41a2d7,2,synthetic:horizon-v3,ok,mild|clip_horizon_fast_v3|mild|rep2|seed20240909,2.8806
mild,,nan,clip_horizon_fast_v3,8a9d979b7f31ca11ca2565eb02736962d0d8861b3b44bc14e972c7ef1f1228db,07b257405f757223,,99a263bf529c864e,B3,16,16,fb2e41a2d7,3,synthetic:horizon-v3,ok,mild|clip_horizon_fast_v3|mild|rep3|seed20240909,2.9101
mild,,nan,clip_horizon_fast_v3,8a9d979b7f31ca11ca2565eb02736962d0d8861b3b44bc14e972c7ef1f1228db,07b257405f757223,,c1c248130fb6fb17,B3,16,16,fb2e41a2d7,4,synthetic:horizon-v3,ok,mild|clip_horizon_fast_v3|mild|rep4|seed20240909,2.9169
moderate,,nan,clip_horizon_fast_v3,8a9d979b7f31ca11ca2565eb02736962d0d8861b3b44bc14e972c7ef1f1228db,07b257405f757223,,5f615509aa6f0d0c,B3,16,16,fb2e41a2d7,1,synthetic:horizon-v3,ok,moderate|clip_horizon_fast_v3|moderate|rep1|seed20240909,3.1749
moderate,,nan,clip_horizon_fast_v3,8a9d979b7f31ca11ca2565eb02736962d0d8861b3b44bc14e972c7ef1f1228db,07b257405f757223,,60388b58f2ac85b0,B3,16,16,fb2e41a2d7,0,synthetic:horizon-v3,ok,moderate|clip_horizon_fast_v3|moderate|rep0|seed20240909,3.2361
moderate,,nan,clip_horizon_fast_v3,8a9d979b7f31ca11ca2565eb02736962d0d8861b3b44bc14e972c7ef1f1228db,07b257405f757223,,364d3ca131b7a061,B3,16,16,fb2e41a2d7,2,synthetic:horizon-v3,ok,moderate|clip_horizon_fast_v3|moderate|rep2|seed20240909,3.3117
moderate,,nan,clip_horizon_fast_v3,8a9d979b7f31ca11ca2565eb02736962d0d8861b3b44bc14e972c7ef1f1228db,07b257405f757223,,59520fef9c56755f,B3,16,16,fb2e41a2d7,3,synthetic:horizon-v3,ok,moderate|clip_horizon_fast_v3|moderate|rep3|seed20240909,3.3731
moderate,,nan,clip_horizon_fast_v3,8a9d979b7f31ca11ca2565eb02736962d0d8861b3b44bc14e972c7ef1f1228db,07b257405f757223,,08fce7c5a1ee1e84,B3,16,16,fb2e41a2d7,4,synthetic:horizon-v3,ok,moderate|clip_horizon_fast_v3|moderate|rep4|seed20240909,3.3209
bursty,,nan,clip_horizon_fast_v3,8a9d979b7f31ca11ca2565eb02736962d0d8861b3b44bc14e972c7ef1f1228db,07b257405f757223,,4abff494c7520076,B3,16,16,fb2e41a2d7,0,synthetic:horizon-v3,ok,bursty|clip_horizon_fast_v3|bursty|rep0|seed20240909,3.2965
harsh,,nan,clip_horizon_fast_v3,8a9d979b7f31ca11ca2565eb02736962d0d8861b3b44bc14e972c7ef1f1228db,07b257405f757223,,f04e8054cba3b39b,B3,16,16,fb2e41a2d7,0,synthetic:horizon-v3,ok,harsh|clip_horizon_fast_v3|harsh|rep0|seed20240909,2.3573
harsh,,nan,clip_horizon_fast_v3,8a9d979b7f31ca11ca2565eb02736962d0d8861b3b44bc14e972c7ef1f1228db,07b257405f757223,,9b7ee35f76f9166d,B3,16,16,fb2e41a2d7,1,synthetic:horizon-v3,ok,harsh|clip_horizon_fast_v3|harsh|rep1|seed20240909,2.2336
harsh,,nan,clip_horizon_fast_v3,8a9d979b7f31ca11ca2565eb02736962d0d8861b3b44bc14e972c7ef1f1228db,07b257405f757223,,a3c8de32ea87f697,B3,16,16,fb2e41a2d7,4,synthetic:horizon-v3,ok,harsh|clip_horizon_fast_v3|harsh|rep4|seed20240909,2.2815
bursty,,nan,clip_horizon_fast_v3,8a9d979b7f31ca11ca2565eb02736962d0d8861b3b44bc14e972c7ef1f1228db,07b257405f757223,,b0c3c1394803c92a,B3,16,16,fb2e41a2d7,1,synthetic:horizon-v3,ok,bursty|clip_horizon_fast_v3|bursty|rep1|seed20240909,3.3154
harsh,,nan,clip_horizon_fast_v3,8a9d979b7f31ca11ca2565eb02736962d0d8861b3b44bc14e972c7ef1f1228db,07b257405f757223,,f96a5cd47951741d,B3,16,16,fb2e41a2d7,2,synthetic:horizon-v3,ok,harsh|clip_horizon_fast_v3|harsh|rep2|seed20240909,2.5752
bursty,,nan,clip_horizon_fast_v3,8a9d979b7f31ca11ca2565eb02736962d0d8861b3b44bc14e972c7ef1f1228db,07b257405f757223,,d114aa087ac42392,B3,16,16,fb2e41a2d7,2,synthetic:horizon-v3,ok,bursty|clip_horizon_fast_v3|bursty|rep2|seed20240909,3.3286
harsh,,nan,clip_horizon_fast_v3,8a9d979b7f31ca11ca2565eb02736962d0d8861b3b44bc14e972c7ef1f1228db,07b257405f757223,,2ecbe666e3534335,B3,16,16,fb2e41a2d7,3,synthetic:horizon-v3,ok,harsh|clip_horizon_fast_v3|harsh|rep3|seed20240909,2.4843
bursty,,nan,clip_horizon_fast_v3,8a9d979b7f31ca11ca2565eb02736962d0d8861b3b44bc14e972c7ef1f1228db,07b257405f757223,,d79ed4dfafb7c115,B3,16,16,fb2e41a2d7,3,synthetic:horizon-v3,ok,bursty|clip_horizon_fast_v3|bursty|rep3|seed20240909,3.4075
bursty,,nan,clip_horizon_fast_v3,8a9d979b7f31ca11ca2565eb02736962d0d8861b3b44bc14e972c7ef1f1228db,07b257405f757223,,4dfd4027c36e87ba,B3,16,16,fb2e41a2d7,4,synthetic:horizon-v3,ok,bursty|clip_horizon_fast_v3|bursty|rep4|seed20240909,3.4847
clean,,nan,clip_horizon_fast_v3,8a9d979b7f31ca11ca2565eb02736962d0d8861b3b44bc14e972c7ef1f1228db,07b257405f757223,,200bd60b7da7924e,B4,16,16,fb2e41a2d7,0,synthetic:horizon-v3,ok,clean|clip_horizon_fast_v3|clean|rep0|seed20240909,5.7348
clean,,nan,clip_horizon_fast_v3,8a9d979b7f31ca11ca2565eb02736962d0d8861b3b44bc14e972c7ef1f1228db,07b257405f757223,,2e4cfdde517a9bd3,B4,16,16,fb2e41a2d7,1,synthetic:horizon-v3,ok,clean|clip_horizon_fast_v3|clean|rep1|seed20240909,5.7641
clean,,nan,clip_horizon_fast_v3,8a9d979b7f31ca11ca2565eb02736962d0d8861b3b44bc14e972c7ef1f1228db,07b257405f757223,,48d37aa8802cc411,B4,16,16,fb2e41a2d7,2,synthetic:horizon-v3,ok,clean|clip_horizon_fast_v3|clean|rep2|seed20240909,5.8051
clean,,nan,clip_horizon_fast_v3,8a9d979b7f31ca11ca2565eb02736962d0d8861b3b44bc14e972c7ef1f1228db,07b257405f757223,,9e5c6459a037b61a,B4,16,16,fb2e41a2d7,3,synthetic:horizon-v3,ok,clean|clip_horizon_fast_v3|clean|rep3|seed20240909,5.78
clean,,nan,clip_horizon_fast_v3,8a9d979b7f31ca11ca2565eb02736962d0d8861b3b44bc14e972c7ef1f1228db,07b257405f757223,,b4e9e56cb562b164,B4,16,16,fb2e41a2d7,4,synthetic:horizon-v3,ok,clean|clip_horizon_fast_v3|clean|rep4|seed20240909,5.8095
mild,,nan,clip_horizon_fast_v3,8a9d979b7f31ca11ca2565eb02736962d0d8861b3b44bc14e972c7ef1f1228db,07b257405f757223,,325b7f09fe0b9875,B4,16,16,fb2e41a2d7,0,synthetic:horizon-v3,ok,mild|clip_horizon_fast_v3|mild|rep0|seed20240909,6.1016
mild,,nan,clip_horizon_fast_v3,8a9d979b7f31ca11ca2565eb02736962d0d8861b3b44bc14e972c7ef1f1228db,07b257405f757223,,e1554d596e1aaead,B4,16,16,fb2e41a2d7,1,synthetic:horizon-v3,ok,mild|clip_horizon_fast_v3|mild|rep1|seed20240909,6.112
mild,,nan,clip_horizon_fast_v3,8a9d979b7f31ca11ca2565eb02736962d0d8861b3b44bc14e972c7ef1f1228db,07b257405f757223,,81348c20e61a4978,B4,16,16,fb2e41a2d7,2,synthetic:horizon-v3,ok,mild|clip_horizon_fast_v3|mild|rep2|seed20240909,6.0998
mild,,nan,clip_horizon_fast_v3,8a9d979b7f31ca11ca2565eb02736962d0d8861b3b44bc14e972c7ef1f1228db,07b257405f757223,,d11c0aa77c944c01,B4,16,16,fb2e41a2d7,3,synthetic:horizon-v3,ok,mild|clip_horizon_fast_v3|mild|rep3|seed20240909,6.1012
mild,,nan,clip_horizon_fast_v3,8a9d979b7f31ca11ca2565eb02736962d0d8861b3b44bc14e972c7ef1f1228db,07b257405f757223,,6ab275c4a4da189d,B4,16,16,fb2e41a2d7,4,synthetic:horizon-v3,ok,mild|clip_horizon_fast_v3|mild|rep4|seed20240909,6.0707
harsh,,nan,clip_horizon_fast_v3,8a9d979b7f31ca11ca2565eb02736962d0d8861b3b44bc14e972c7ef1f1228db,07b257405f757223,,19cbd7eef987cee5,B4,16,16,fb2e41a2d7,0,synthetic:horizon-v3,ok,harsh|clip_horizon_fast_v3|harsh|rep0|seed20240909,3.9395
harsh,,nan,clip_horizon_fast_v3,8a9d979b7f31ca11ca2565eb02736962d0d8861b3b44bc14e972c7ef1f1228db,07b257405f757223,,399ecaad131ad56c,B4,16,16,fb2e41a2d7,1,synthetic:horizon-v3,ok,harsh|clip_horizon_fast_v3|harsh|rep1|seed20240909,3.5814
harsh,,nan,clip_horizon_fast_v3,8a9d979b7f31ca11ca2565eb02736962d0d8861b3b44bc14e972c7ef1f1228db,07b257405f757223,,f2c0ce9cdccdd533,B4,16,16,fb2e41a2d7,2,synthetic:horizon-v3,ok,harsh|clip_horizon_fast_v3|harsh|rep2|seed20240909,4.0056
harsh,,nan,clip_horizon_fast_v3,8a9d979b7f31ca11ca2565eb02736962d0d8861b3b44bc14e972c7ef1f1228db,07b257405f757223,,8a166ef2993cc628,B4,16,16,fb2e41a2d7,3,synthetic:horizon-v3,ok,harsh|clip_horizon_fast_v3|harsh|rep3|seed20240909,3.9257
harsh,,nan,clip_horizon_fast_v3,8a9d979b7f31ca11ca2565eb02736962d0d8861b3b44bc14e972c7ef1f1228db,07b257405f757223,,75dd036e963cdec5,B4,16,16,fb2e41a2d7,4,synthetic:horizon-v3,ok,harsh|clip_horizon_fast_v3|harsh|rep4|seed20240909,3.8826
moderate,,nan,clip_horizon_fast_v3,8a9d979b7f31ca11ca2565eb02736962d0d8861b3b44bc14e972c7ef1f1228db,07b257405f757223,,e53b2b74074c415a,B4,16,16,fb2e41a2d7,2,synthetic:horizon-v3,ok,moderate|clip_horizon_fast_v3|moderate|rep2|seed20240909,9.5826
moderate,,nan,clip_horizon_fast_v3,8a9d979b7f31ca11ca2565eb02736962d0d8861b3b44bc14e972c7ef1f1228db,07b257405f757223,,182163ccc8c0de77,B4,16,16,fb2e41a2d7,3,synthetic:horizon-v3,ok,moderate|clip_horizon_fast_v3|moderate|rep3|seed20240909,9.5891
moderate,,nan,clip_horizon_fast_v3,8a9d979b7f31ca11ca2565eb02736962d0d8861b3b44bc14e972c7ef1f1228db,07b257405f757223,,652449360e170193,B4,16,16,fb2e41a2d7,4,synthetic:horizon-v3,ok,moderate|clip_horizon_fast_v3|moderate|rep4|seed20240909,9.5262
moderate,,nan,clip_horizon_fast_v3,8a9d979b7f31ca11ca2565eb02736962d0d8861b3b44bc14e972c7ef1f1228db,07b257405f757223,,c0297fe9c290b126,B4,16,16,fb2e41a2d7,0,synthetic:horizon-v3,ok,moderate|clip_horizon_fast_v3|moderate|rep0|seed20240909,9.6914
moderate,,nan,clip_horizon_fast_v3,8a9d979b7f31ca11ca2565eb02736962d0d8861b3b44bc14e972c7ef1f1228db,07b257405f757223,,65ab6e53dcd0126e,B4,16,16,fb2e41a2d7,1,synthetic:horizon-v3,ok,moderate|clip_horizon_fast_v3|moderate|rep1|seed20240909,9.8651
bursty,,nan,clip_horizon_fast_v3,8a9d979b7f31ca11ca2565eb02736962d0d8861b3b44bc14e972c7ef1f1228db,07b257405f757223,,541e30237f4f6543,B4,16,16,fb2e41a2d7,0,synthetic:horizon-v3,ok,bursty|clip_horizon_fast_v3|bursty|rep0|seed20240909,9.6698
bursty,,nan,clip_horizon_fast_v3,8a9d979b7f31ca11ca2565eb02736962d0d8861b3b44bc14e972c7ef1f1228db,07b257405f757223,,ed956a5ce48a5722,B4,16,16,fb2e41a2d7,2,synthetic:horizon-v3,ok,bursty|clip_horizon_fast_v3|bursty|rep2|seed20240909,9.4232
bursty,,nan,clip_horizon_fast_v3,8a9d979b7f31ca11ca2565eb02736962d0d8861b3b44bc14e972c7ef1f1228db,07b257405f757223,,f2ec21a9decbb4cc,B4,16,16,fb2e41a2d7,1,synthetic:horizon-v3,ok,bursty|clip_horizon_fast_v3|bursty|rep1|seed20240909,9.8808
bursty,,nan,clip_horizon_fast_v3,8a9d979b7f31ca11ca2565eb02736962d0d8861b3b44bc14e972c7ef1f1228db,07b257405f757223,,a462d4c73bac98de,B4,16,16,fb2e41a2d7,3,synthetic:horizon-v3,ok,bursty|clip_horizon_fast_v3|bursty|rep3|seed20240909,10.1597
bursty,,nan,clip_horizon_fast_v3,8a9d979b7f31ca11ca2565eb02736962d0d8861b3b44bc14e972c7ef1f1228db,07b257405f757223,,1e981e9006672efa,B4,16,16,fb2e41a2d7,4,synthetic:horizon-v3,ok,bursty|clip_horizon_fast_v3|bursty|rep4|seed20240909,10.5673
clean,,nan,clip_horizon_fast_v3,8a9d979b7f31ca11ca2565eb02736962d0d8861b3b44bc14e972c7ef1f1228db,07b257405f757223,,2705b92bf6c84931,P,16,16,8da29d3843,0,synthetic:horizon-v3,ok,clean|clip_horizon_fast_v3|clean|rep0|seed20240909,9.6387
clean,,nan,clip_horizon_fast_v3,8a9d979b7f31ca11ca2565eb02736962d0d8861b3b44bc14e972c7ef1f1228db,07b257405f757223,,682e9d9bcc76ad4f,P,16,16,8da29d3843,1,synthetic:horizon-v3,ok,clean|clip_horizon_fast_v3|clean|rep1|seed20240909,9.6597
clean,,nan,clip_horizon_fast_v3,8a9d979b7f31ca11ca2565eb02736962d0d8861b3b44bc14e972c7ef1f1228db,07b257405f757223,,c66f33cb4533dcc9,P,16,16,8da29d3843,2,synthetic:horizon-v3,ok,clean|clip_horizon_fast_v3|clean|rep2|seed20240909,9.6492
clean,,nan,clip_horizon_fast_v3,8a9d979b7f31ca11ca2565eb02736962d0d8861b3b44bc14e972c7ef1f1228db,07b257405f757223,,761924257687f5c8,P,16,16,8da29d3843,3,synthetic:horizon-v3,ok,clean|clip_horizon_fast_v3|clean|rep3|seed20240909,9.6061
clean,,nan,clip_horizon_fast_v3,8a9d979b7f31ca11ca2565eb02736962d0d8861b3b44bc14e972c7ef1f1228db,07b257405f757223,,d557fd8d732b0754,P,16,16,8da29d3843,4,synthetic:horizon-v3,ok,clean|clip_horizon_fast_v3|clean|rep4|seed20240909,9.7382
mild,,nan,clip_horizon_fast_v3,8a9d979b7f31ca11ca2565eb02736962d0d8861b3b44bc14e972c7ef1f1228db,07b257405f757223,,ca66941551699de8,P,16,16,8da29d3843,0,synthetic:horizon-v3,ok,mild|clip_horizon_fast_v3|mild|rep0|seed20240909,10.2207
mild,,nan,clip_horizon_fast_v3,8a9d979b7f31ca11ca2565eb02736962d0d8861b3b44bc14e972c7ef1f1228db,07b257405f757223,,8fe16a6e81fc92d9,P,16,16,8da29d3843,1,synthetic:horizon-v3,ok,mild|clip_horizon_fast_v3|mild|rep1|seed20240909,10.1805
mild,,nan,clip_horizon_fast_v3,8a9d979b7f31ca11ca2565eb02736962d0d8861b3b44bc14e972c7ef1f1228db,07b257405f757223,,d49027b76f509773,P,16,16,8da29d3843,2,synthetic:horizon-v3,ok,mild|clip_horizon_fast_v3|mild|rep2|seed20240909,10.1711
mild,,nan,clip_horizon_fast_v3,8a9d979b7f31ca11ca2565eb02736962d0d8861b3b44bc14e972c7ef1f1228db,07b257405f757223,,d0f271e8f522d21a,P,16,16,8da29d3843,4,synthetic:horizon-v3,ok,mild|clip_horizon_fast_v3|mild|rep4|seed20240909,10.2083
mild,,nan,clip_horizon_fast_v3,8a9d979b7f31ca11ca2565eb02736962d0d8861b3b44bc14e972c7ef1f1228db,07b257405f757223,,36100580d4717548,P,16,16,8da29d3843,3,synthetic:horizon-v3,ok,mild|clip_horizon_fast_v3|mild|rep3|seed20240909,10.2451
clean,,nan,clip_road_slow_v0,31109acf7c9709fceafb84af73d8a3a7005193f8772240f4547251b3ffc052c9,07b257405f757223,,9a5a15dc1b7bb0f7,B0a,16,16,fb2e41a2d7,0,synthetic:road-v0,ok,clean|clip_road_slow_v0|clean|rep0|seed20240909,0.5996
clean,,nan,clip_road_slow_v0,31109acf7c9709fceafb84af73d8a3a7005193f8772240f4547251b3ffc052c9,07b257405f757223,,91389e6e1bbef0e2,B0a,16,16,fb2e41a2d7,1,synthetic:road-v0,ok,clean|clip_road_slow_v0|clean|rep1|seed20240909,0.6017
clean,,nan,clip_road_slow_v0,31109acf7c9709fceafb84af73d8a3a7005193f8772240f4547251b3ffc052c9,07b257405f757223,,f197016e1a084bfc,B0a,16,16,fb2e41a2d7,2,synthetic:road-v0,ok,clean|clip_road_slow_v0|clean|rep2|seed20240909,0.5995
clean,,nan,clip_road_slow_v0,31109acf7c9709fceafb84af73d8a3a7005193f8772240f4547251b3ffc052c9,07b257405f757223,,f4aa2ddcbb765fa3,B0a,16,16,fb2e41a2d7,3,synthetic:road-v0,ok,clean|clip_road_slow_v0|clean|rep3|seed20240909,0.5655
clean,,nan,clip_road_slow_v0,31109acf7c9709fceafb84af73d8a3a7005193f8772240f4547251b3ffc052c9,07b257405f757223,,a824c29fceae81b4,B0a,16,16,fb2e41a2d7,4,synthetic:road-v0,ok,clean|clip_road_slow_v0|clean|rep4|seed20240909,0.6006
mild,,nan,clip_road_slow_v0,31109acf7c9709fceafb84af73d8a3a7005193f8772240f4547251b3ffc052c9,07b257405f757223,,7abe538be2cf8c0e,B0a,16,16,fb2e41a2d7,0,synthetic:road-v0,ok,mild|clip_road_slow_v0|mild|rep0|seed20240909,0.7352
mild,,nan,clip_road_slow_v0,31109acf7c9709fceafb84af73d8a3a7005193f8772240f4547251b3ffc052c9,07b257405f757223,,e1e72aadf5349858,B0a,16,16,fb2e41a2d7,1,synthetic:road-v0,ok,mild|clip_road_slow_v0|mild|rep1|seed20240909,0.7413
harsh,,nan,clip_horizon_fast_v3,8a9d979b7f31ca11ca2565eb02736962d0d8861b3b44bc14e972c7ef1f1228db,07b257405f757223,,2c4ee3df50cc74dd,P,16,16,8da29d3843,0,synthetic:horizon-v3,ok,harsh|clip_horizon_fast_v3|harsh|rep0|seed20240909,5.8528
mild,,nan,clip_road_slow_v0,31109acf7c9709fceafb84af73d8a3a7005193f8772240f4547251b3ffc052c9,07b257405f757223,,437d4ae043f77729,B0a,16,16,fb2e41a2d7,2,synthetic:road-v0,ok,mild|clip_road_slow_v0|mild|rep2|seed20240909,0.7491
harsh,,nan,clip_horizon_fast_v3,8a9d979b7f31ca11ca2565eb02736962d0d8861b3b44bc14e972c7ef1f1228db,07b257405f757223,,0ced1e775f873f58,P,16,16,8da29d3843,1,synthetic:horizon-v3,ok,harsh|clip_horizon_fast_v3|harsh|rep1|seed20240909,5.7398
harsh,,nan,clip_horizon_fast_v3,8a9d979b7f31ca11ca2565eb02736962d0d8861b3b44bc14e972c7ef1f1228db,07b257405f757223,,ae1d5af9edb7042d,P,16,16,8da29d3843,3,synthetic:horizon-v3,ok,harsh|clip_horizon_fast_v3|harsh|rep3|seed20240909,6.0051
mild,,nan,clip_road_slow_v0,31109acf7c9709fceafb84af73d8a3a7005193f8772240f4547251b3ffc052c9,07b257405f757223,,87648d8f99dd568d,B0a,16,16,fb2e41a2d7,3,synthetic:road-v0,ok,mild|clip_road_slow_v0|mild|rep3|seed20240909,0.8033
mild,,nan,clip_road_slow_v0,31109acf7c9709fceafb84af73d8a3a7005193f8772240f4547251b3ffc052c9,07b257405f757223,,be40d77cd5832dd5,B0a,16,16,fb2e41a2d7,4,synthetic:road-v0,ok,mild|clip_road_slow_v0|mild|rep4|seed20240909,0.7637
harsh,,nan,clip_horizon_fast_v3,8a9d979b7f31ca11ca2565eb02736962d0d8861b3b44bc14e972c7ef1f1228db,07b257405f757223,,f2467782e1634db2,P,16,16,8da29d3843,4,synthetic:horizon-v3,ok,harsh|clip_horizon_fast_v3|harsh|rep4|seed20240909,6.0184
harsh,,nan,clip_horizon_fast_v3,8a9d979b7f31ca11ca2565eb02736962d0d8861b3b44bc14e972c7ef1f1228db,07b257405f757223,,616cee0a632d8b9c,P,16,16,8da29d3843,2,synthetic:horizon-v3,ok,harsh|clip_horizon_fast_v3|harsh|rep2|seed20240909,6.176
moderate,,nan,clip_road_slow_v0,31109acf7c9709fceafb84af73d8a3a7005193f8772240f4547251b3ffc052c9,07b257405f757223,,4109aaaa0e2e3619,B0a,16,16,fb2e41a2d7,0,synthetic:road-v0,ok,moderate|clip_road_slow_v0|moderate|rep0|seed20240909,0.8548
moderate,,nan,clip_road_slow_v0,31109acf7c9709fceafb84af73d8a3a7005193f8772240f4547251b3ffc052c9,07b257405f757223,,c1a3c6796c62f4d1,B0a,16,16,fb2e41a2d7,2,synthetic:road-v0,ok,moderate|clip_road_slow_v0|moderate|rep2|seed20240909,0.853
moderate,,nan,clip_road_slow_v0,31109acf7c9709fceafb84af73d8a3a7005193f8772240f4547251b3ffc052c9,07b257405f757223,,7b1dd4d39fc380b3,B0a,16,16,fb2e41a2d7,1,synthetic:road-v0,ok,moderate|clip_road_slow_v0|moderate|rep1|seed20240909,0.8557
moderate,,nan,clip_road_slow_v0,31109acf7c9709fceafb84af73d8a3a7005193f8772240f4547251b3ffc052c9,07b257405f757223,,e1f7717efed78a2f,B0a,16,16,fb2e41a2d7,3,synthetic:road-v0,ok,moderate|clip_road_slow_v0|moderate|rep3|seed20240909,0.8583
moderate,,nan,clip_road_slow_v0,31109acf7c9709fceafb84af73d8a3a7005193f8772240f4547251b3ffc052c9,07b257405f757223,,23a7aaaa1354f073,B0a,16,16,fb2e41a2d7,4,synthetic:road-v0,ok,moderate|clip_road_slow_v0|moderate|rep4|seed20240909,0.8435
bursty,,nan,clip_road_slow_v0,31109acf7c9709fceafb84af73d8a3a7005193f8772240f4547251b3ffc052c9,07b257405f757223,,9339a0add51c09b5,B0a,16,16,fb2e41a2d7,0,synthetic:road-v0,ok,bursty|clip_road_slow_v0|bursty|rep0|seed20240909,0.8326
moderate,,nan,clip_horizon_fast_v3,8a9d979b7f31ca11ca2565eb02736962d0d8861b3b44bc14e972c7ef1f1228db,07b257405f757223,,d9db4ecdcce53777,P,16,16,8da29d3843,0,synthetic:horizon-v3,ok,moderate|clip_horizon_fast_v3|moderate|rep0|seed20240909,17.1106
bursty,,nan,clip_road_slow_v0,31109acf7c9709fceafb84af73d8a3a7005193f8772240f4547251b3ffc052c9,07b257405f757223,,3f32ff8dcd2c7652,B0a,16,16,fb2e41a2d7,1,synthetic:road-v0,ok,bursty|clip_road_slow_v0|bursty|rep1|seed20240909,0.853
bursty,,nan,clip_road_slow_v0,31109acf7c9709fceafb84af73d8a3a7005193f8772240f4547251b3ffc052c9,07b257405f757223,,c2b0d219f84ff2e1,B0a,16,16,fb2e41a2d7,2,synthetic:road-v0,ok,bursty|clip_road_slow_v0|bursty|rep2|seed20240909,0.8014
bursty,,nan,clip_road_slow_v0,31109acf7c9709fceafb84af73d8a3a7005193f8772240f4547251b3ffc052c9,07b257405f757223,,e76b536ce369a45b,B0a,16,16,fb2e41a2d7,3,synthetic:road-v0,ok,bursty|clip_road_slow_v0|bursty|rep3|seed20240909,0.8236
bursty,,nan,clip_road_slow_v0,31109acf7c9709fceafb84af73d8a3a7005193f8772240f4547251b3ffc052c9,07b257405f757223,,8df2f5067ca93341,B0a,16,16,fb2e41a2d7,4,synthetic:road-v0,ok,bursty|clip_road_slow_v0|bursty|rep4|seed20240909,0.8174
harsh,,nan,clip_road_slow_v0,31109acf7c9709fceafb84af73d8a3a7005193f8772240f4547251b3ffc052c9,07b257405f757223,,a9d2793e6f70d295,B0a,16,16,fb2e41a2d7,1,synthetic:road-v0,ok,harsh|clip_road_slow_v0|harsh|rep1|seed20240909,0.821
harsh,,nan,clip_road_slow_v0,31109acf7c9709fceafb84af73d8a3a7005193f8772240f4547251b3ffc052c9,07b257405f757223,,525181fa4f6c6d43,B0a,16,16,fb2e41a2d7,0,synthetic:road-v0,ok,harsh|clip_road_slow_v0|harsh|rep0|seed20240909,0.8572
moderate,,nan,clip_horizon_fast_v3,8a9d979b7f31ca11ca2565eb02736962d0d8861b3b44bc14e972c7ef1f1228db,07b257405f757223,,e480e89059de3272,P,16,16,8da29d3843,1,synthetic:horizon-v3,ok,moderate|clip_horizon_fast_v3|moderate|rep1|seed20240909,17.577
harsh,,nan,clip_road_slow_v0,31109acf7c9709fceafb84af73d8a3a7005193f8772240f4547251b3ffc052c9,07b257405f757223,,dbc1013d47f52269,B0a,16,16,fb2e41a2d7,2,synthetic:road-v0,ok,harsh|clip_road_slow_v0|harsh|rep2|seed20240909,0.8702
harsh,,nan,clip_road_slow_v0,31109acf7c9709fceafb84af73d8a3a7005193f8772240f4547251b3ffc052c9,07b257405f757223,,dc3b496451664edf,B0a,16,16,fb2e41a2d7,3,synthetic:road-v0,ok,harsh|clip_road_slow_v0|harsh|rep3|seed20240909,0.8556
harsh,,nan,clip_road_slow_v0,31109acf7c9709fceafb84af73d8a3a7005193f8772240f4547251b3ffc052c9,07b257405f757223,,a7c848a15e4a6abb,B0a,16,16,fb2e41a2d7,4,synthetic:road-v0,ok,harsh|clip_road_slow_v0|harsh|rep4|seed20240909,0.8607
clean,,nan,clip_road_slow_v0,31109acf7c9709fceafb84af73d8a3a7005193f8772240f4547251b3ffc052c9,07b257405f757223,,5e6563d1a9edf6d4,B0a-R,16,16,fb2e41a2d7,0,synthetic:road-v0,ok,clean|clip_road_slow_v0|clean|rep0|seed20240909,1.5918
clean,,nan,clip_road_slow_v0,31109acf7c9709fceafb84af73d8a3a7005193f8772240f4547251b3ffc052c9,07b257405f757223,,0aab6ccdffbcda3a,B0a-R,16,16,fb2e41a2d7,1,synthetic:road-v0,ok,clean|clip_road_slow_v0|clean|rep1|seed20240909,1.5971
clean,,nan,clip_road_slow_v0,31109acf7c9709fceafb84af73d8a3a7005193f8772240f4547251b3ffc052c9,07b257405f757223,,f8eb6b22f0f432a2,B0a-R,16,16,fb2e41a2d7,4,synthetic:road-v0,ok,clean|clip_road_slow_v0|clean|rep4|seed20240909,1.5719
clean,,nan,clip_road_slow_v0,31109acf7c9709fceafb84af73d8a3a7005193f8772240f4547251b3ffc052c9,07b257405f757223,,98a171f963111d2c,B0a-R,16,16,fb2e41a2d7,3,synthetic:road-v0,ok,clean|clip_road_slow_v0|clean|rep3|seed20240909,1.6159
clean,,nan,clip_road_slow_v0,31109acf7c9709fceafb84af73d8a3a7005193f8772240f4547251b3ffc052c9,07b257405f757223,,1bed8d51d764ece0,B0a-R,16,16,fb2e41a2d7,2,synthetic:road-v0,ok,clean|clip_road_slow_v0|clean|rep2|seed20240909,1.6222
moderate,,nan,clip_horizon_fast_v3,8a9d979b7f31ca11ca2565eb02736962d0d8861b3b44bc14e972c7ef1f1228db,07b257405f757223,,f202fa050a2cedae,P,16,16,8da29d3843,3,synthetic:horizon-v3,ok,moderate|clip_horizon_fast_v3|moderate|rep3|seed20240909,16.6423
mild,,nan,clip_road_slow_v0,31109acf7c9709fceafb84af73d8a3a7005193f8772240f4547251b3ffc052c9,07b257405f757223,,a2cb9ed7d8741b32,B0a-R,16,16,fb2e41a2d7,0,synthetic:road-v0,ok,mild|clip_road_slow_v0|mild|rep0|seed20240909,2.199
mild,,nan,clip_road_slow_v0,31109acf7c9709fceafb84af73d8a3a7005193f8772240f4547251b3ffc052c9,07b257405f757223,,32a16dbd84c367ea,B0a-R,16,16,fb2e41a2d7,1,synthetic:road-v0,ok,mild|clip_road_slow_v0|mild|rep1|seed20240909,2.1643
mild,,nan,clip_road_slow_v0,31109acf7c9709fceafb84af73d8a3a7005193f8772240f4547251b3ffc052c9,07b257405f757223,,1c7da9ae9306129a,B0a-R,16,16,fb2e41a2d7,2,synthetic:road-v0,ok,mild|clip_road_slow_v0|mild|rep2|seed20240909,2.195
moderate,,nan,clip_horizon_fast_v3,8a9d979b7f31ca11ca2565eb02736962d0d8861b3b44bc14e972c7ef1f1228db,07b257405f757223,,19c871ab5d4c975b,P,16,16,8da29d3843,2,synthetic:horizon-v3,ok,moderate|clip_horizon_fast_v3|moderate|rep2|seed20240909,17.3712
moderate,,nan,clip_horizon_fast_v3,8a9d979b7f31ca11ca2565eb02736962d0d8861b3b44bc14e972c7ef1f1228db,07b257405f757223,,e3c5ad1d33c01210,P,16,16,8da29d3843,4,synthetic:horizon-v3,ok,moderate|clip_horizon_fast_v3|moderate|rep4|seed20240909,17.2677
bursty,,nan,clip_horizon_fast_v3,8a9d979b7f31ca11ca2565eb02736962d0d8861b3b44bc14e972c7ef1f1228db,07b257405f757223,,ca71fbd1306096d8,P,16,16,8da29d3843,0,synthetic:horizon-v3,ok,bursty|clip_horizon_fast_v3|bursty|rep0|seed20240909,16.8522
mild,,nan,clip_road_slow_v0,31109acf7c9709fceafb84af73d8a3a7005193f8772240f4547251b3ffc052c9,07b257405f757223,,f9d7b4c6e0b87845,B0a-R,16,16,fb2e41a2d7,3,synthetic:road-v0,ok,mild|clip_road_slow_v0|mild|rep3|seed20240909,2.3201
mild,,nan,clip_road_slow_v0,31109acf7c9709fceafb84af73d8a3a7005193f8772240f4547251b3ffc052c9,07b257405f757223,,788d848b9790afcc,B0a-R,16,16,fb2e41a2d7,4,synthetic:road-v0,ok,mild|clip_road_slow_v0|mild|rep4|seed20240909,2.3085
moderate,,nan,clip_road_slow_v0,31109acf7c9709fceafb84af73d8a3a7005193f8772240f4547251b3ffc052c9,07b257405f757223,,53e00f9761d6da5c,B0a-R,16,16,fb2e41a2d7,0,synthetic:road-v0,ok,moderate|clip_road_slow_v0|moderate|rep0|seed20240909,2.3622
moderate,,nan,clip_road_slow_v0,31109acf7c9709fceafb84af73d8a3a7005193f8772240f4547251b3ffc052c9,07b257405f757223,,ccf47feb0095f62d,B0a-R,16,16,fb2e41a2d7,2,synthetic:road-v0,ok,moderate|clip_road_slow_v0|moderate|rep2|seed20240909,2.3794
moderate,,nan,clip_road_slow_v0,31109acf7c9709fceafb84af73d8a3a7005193f8772240f4547251b3ffc052c9,07b257405f757223,,f4db2955a7aca7a2,B0a-R,16,16,fb2e41a2d7,1,synthetic:road-v0,ok,moderate|clip_road_slow_v0|moderate|rep1|seed20240909,2.3962
moderate,,nan,clip_road_slow_v0,31109acf7c9709fceafb84af73d8a3a7005193f8772240f4547251b3ffc052c9,07b257405f757223,,67ab91be7162b5a3,B0a-R,16,16,fb2e41a2d7,3,synthetic:road-v0,ok,moderate|clip_road_slow_v0|moderate|rep3|seed20240909,2.3841
moderate,,nan,clip_road_slow_v0,31109acf7c9709fceafb84af73d8a3a7005193f8772240f4547251b3ffc052c9,07b257405f757223,,0e06b5563f0a137b,B0a-R,16,16,fb2e41a2d7,4,synthetic:road-v0,ok,moderate|clip_road_slow_v0|moderate|rep4|seed20240909,2.3822
bursty,,nan,clip_road_slow_v0,31109acf7c9709fceafb84af73d8a3a7005193f8772240f4547251b3ffc052c9,07b257405f757223,,3172d327856285a0,B0a-R,16,16,fb2e41a2d7,0,synthetic:road-v0,ok,bursty|clip_road_slow_v0|bursty|rep0|seed20240909,2.2225
bursty,,nan,clip_horizon_fast_v3,8a9d979b7f31ca11ca2565eb02736962d0d8861b3b44bc14e972c7ef1f1228db,07b257405f757223,,a2a629bfd9f15670,P,16,16,8da29d3843,1,synthetic:horizon-v3,ok,bursty|clip_horizon_fast_v3|bursty|rep1|seed20240909,17.1786
bursty,,nan,clip_road_slow_v0,31109acf7c9709fceafb84af73d8a3a7005193f8772240f4547251b3ffc052c9,07b257405f757223,,d5949d3f6dca285e,B0a-R,16,16,fb2e41a2d7,2,synthetic:road-v0,ok,bursty|clip_road_slow_v0|bursty|rep2|seed20240909,2.2238
bursty,,nan,clip_road_slow_v0,31109acf7c9709fceafb84af73d8a3a7005193f8772240f4547251b3ffc052c9,07b257405f757223,,90e25f1af4170358,B0a-R,16,16,fb2e41a2d7,1,synthetic:road-v0,ok,bursty|clip_road_slow_v0|bursty|rep1|seed20240909,2.2683
bursty,,nan,clip_road_slow_v0,31109acf7c9709fceafb84af73d8a3a7005193f8772240f4547251b3ffc052c9,07b257405f757223,,871ba23d662dbb26,B0a-R,16,16,fb2e41a2d7,3,synthetic:road-v0,ok,bursty|clip_road_slow_v0|bursty|rep3|seed20240909,2.175
bursty,,nan,clip_road_slow_v0,31109acf7c9709fceafb84af73d8a3a7005193f8772240f4547251b3ffc052c9,07b257405f757223,,58cbcb19d79a3d07,B0a-R,16,16,fb2e41a2d7,4,synthetic:road-v0,ok,bursty|clip_road_slow_v0|bursty|rep4|seed20240909,2.2463
harsh,,nan,clip_road_slow_v0,31109acf7c9709fceafb84af73d8a3a7005193f8772240f4547251b3ffc052c9,07b257405f757223,,f60c84b56d0388c0,B0a-R,16,16,fb2e41a2d7,0,synthetic:road-v0,ok,harsh|clip_road_slow_v0|harsh|rep0|seed20240909,2.4139
harsh,,nan,clip_road_slow_v0,31109acf7c9709fceafb84af73d8a3a7005193f8772240f4547251b3ffc052c9,07b257405f757223,,a5aeefae6888c56e,B0a-R,16,16,fb2e41a2d7,1,synthetic:road-v0,ok,harsh|clip_road_slow_v0|harsh|rep1|seed20240909,2.3963
harsh,,nan,clip_road_slow_v0,31109acf7c9709fceafb84af73d8a3a7005193f8772240f4547251b3ffc052c9,07b257405f757223,,aaca22fce607ef4d,B0a-R,16,16,fb2e41a2d7,2,synthetic:road-v0,ok,harsh|clip_road_slow_v0|harsh|rep2|seed20240909,2.3357
harsh,,nan,clip_road_slow_v0,31109acf7c9709fceafb84af73d8a3a7005193f8772240f4547251b3ffc052c9,07b257405f757223,,ad9a8d2c18fdcb5f,B0a-R,16,16,fb2e41a2d7,4,synthetic:road-v0,ok,harsh|clip_road_slow_v0|harsh|rep4|seed20240909,2.3382
harsh,,nan,clip_road_slow_v0,31109acf7c9709fceafb84af73d8a3a7005193f8772240f4547251b3ffc052c9,07b257405f757223,,921a8a82680fd4a3,B0a-R,16,16,fb2e41a2d7,3,synthetic:road-v0,ok,harsh|clip_road_slow_v0|harsh|rep3|seed20240909,2.3535
bursty,,nan,clip_horizon_fast_v3,8a9d979b7f31ca11ca2565eb02736962d0d8861b3b44bc14e972c7ef1f1228db,07b257405f757223,,414fc3daab9ae5f7,P,16,16,8da29d3843,3,synthetic:horizon-v3,ok,bursty|clip_horizon_fast_v3|bursty|rep3|seed20240909,17.6222
bursty,,nan,clip_horizon_fast_v3,8a9d979b7f31ca11ca2565eb02736962d0d8861b3b44bc14e972c7ef1f1228db,07b257405f757223,,17a2308bd997349c,P,16,16,8da29d3843,2,synthetic:horizon-v3,ok,bursty|clip_horizon_fast_v3|bursty|rep2|seed20240909,17.8958
bursty,,nan,clip_horizon_fast_v3,8a9d979b7f31ca11ca2565eb02736962d0d8861b3b44bc14e972c7ef1f1228db,07b257405f757223,,71fffbe491e6c275,P,16,16,8da29d3843,4,synthetic:horizon-v3,ok,bursty|clip_horizon_fast_v3|bursty|rep4|seed20240909,17.7121
clean,,nan,clip_road_slow_v0,31109acf7c9709fceafb84af73d8a3a7005193f8772240f4547251b3ffc052c9,07b257405f757223,,537c4e02c7084004,B0d,16,16,fb2e41a2d7,0,synthetic:road-v0,ok,clean|clip_road_slow_v0|clean|rep0|seed20240909,4.8268
clean,,nan,clip_road_slow_v0,31109acf7c9709fceafb84af73d8a3a7005193f8772240f4547251b3ffc052c9,07b257405f757223,,54117aa55fb2a087,B0d,16,16,fb2e41a2d7,1,synthetic:road-v0,ok,clean|clip_road_slow_v0|clean|rep1|seed20240909,4.7448
clean,,nan,clip_road_slow_v0,31109acf7c9709fceafb84af73d8a3a7005193f8772240f4547251b3ffc052c9,07b257405f757223,,4d6b195720cc6664,B0d,16,16,fb2e41a2d7,2,synthetic:road-v0,ok,clean|clip_road_slow_v0|clean|rep2|seed20240909,4.7767
clean,,nan,clip_road_slow_v0,31109acf7c9709fceafb84af73d8a3a7005193f8772240f4547251b3ffc052c9,07b257405f757223,,380ee65f230c92cc,B0d,16,16,fb2e41a2d7,4,synthetic:road-v0,ok,clean|clip_road_slow_v0|clean|rep4|seed20240909,4.7825
clean,,nan,clip_road_slow_v0,31109acf7c9709fceafb84af73d8a3a7005193f8772240f4547251b3ffc052c9,07b257405f757223,,77b0eb3bebf2c7f1,B0d,16,16,fb2e41a2d7,3,synthetic:road-v0,ok,clean|clip_road_slow_v0|clean|rep3|seed20240909,4.7985
mild,,nan,clip_road_slow_v0,31109acf7c9709fceafb84af73d8a3a7005193f8772240f4547251b3ffc052c9,07b257405f757223,,e3e6ccc02e6aac14,B0d,16,16,fb2e41a2d7,0,synthetic:road-v0,ok,mild|clip_road_slow_v0|mild|rep0|seed20240909,5.1072
mild,,nan,clip_road_slow_v0,31109acf7c9709fceafb84af73d8a3a7005193f8772240f4547251b3ffc052c9,07b257405f757223,,94c5febc7e091847,B0d,16,16,fb2e41a2d7,1,synthetic:road-v0,ok,mild|clip_road_slow_v0|mild|rep1|seed20240909,5.0622
mild,,nan,clip_road_slow_v0,31109acf7c9709fceafb84af73d8a3a7005193f8772240f4547251b3ffc052c9,07b257405f757223,,811d2dd12258dcb4,B0d,16,16,fb2e41a2d7,2,synthetic:road-v0,ok,mild|clip_road_slow_v0|mild|rep2|seed20240909,5.1105
mild,,nan,clip_road_slow_v0,31109acf7c9709fceafb84af73d8a3a7005193f8772240f4547251b3ffc052c9,07b257405f757223,,ba75bff308cf0306,B0d,16,16,fb2e41a2d7,3,synthetic:road-v0,ok,mild|clip_road_slow_v0|mild|rep3|seed20240909,5.1106
mild,,nan,clip_road_slow_v0,31109acf7c9709fceafb84af73d8a3a7005193f8772240f4547251b3ffc052c9,07b257405f757223,,45814674e8fdba85,B0d,16,16,fb2e41a2d7,4,synthetic:road-v0,ok,mild|clip_road_slow_v0|mild|rep4|seed20240909,5.1104
clean,,nan,clip_road_slow_v0,31109acf7c9709fceafb84af73d8a3a7005193f8772240f4547251b3ffc052c9,07b257405f757223,,ec5197304f8f96c4,B1,16,16,fb2e41a2d7,0,synthetic:road-v0,ok,clean|clip_road_slow_v0|clean|rep0|seed20240909,0.6039
clean,,nan,clip_road_slow_v0,31109acf7c9709fceafb84af73d8a3a7005193f8772240f4547251b3ffc052c9,07b257405f757223,,c0dba85e07e28d2e,B1,16,16,fb2e41a2d7,1,synthetic:road-v0,ok,clean|clip_road_slow_v0|clean|rep1|seed20240909,0.6143
clean,,nan,clip_road_slow_v0,31109acf7c9709fceafb84af73d8a3a7005193f8772240f4547251b3ffc052c9,07b257405f757223,,672afedd8fc93336,B1,16,16,fb2e41a2d7,2,synthetic:road-v0,ok,clean|clip_road_slow_v0|clean|rep2|seed20240909,0.6129
harsh,,nan,clip_road_slow_v0,31109acf7c9709fceafb84af73d8a3a7005193f8772240f4547251b3ffc052c9,07b257405f757223,,61c540cd05ed3609,B0d,16,16,fb2e41a2d7,0,synthetic:road-v0,ok,harsh|clip_road_slow_v0|harsh|rep0|seed20240909,3.6465
clean,,nan,clip_road_slow_v0,31109acf7c9709fceafb84af73d8a3a7005193f8772240f4547251b3ffc052c9,07b257405f757223,,09856e72a46535d2,B1,16,16,fb2e41a2d7,3,synthetic:road-v0,ok,clean|clip_road_slow_v0|clean|rep3|seed20240909,0.591
harsh,,nan,clip_road_slow_v0,31109acf7c9709fceafb84af73d8a3a7005193f8772240f4547251b3ffc052c9,07b257405f757223,,e8544f177c4fd3b0,B0d,16,16,fb2e41a2d7,1,synthetic:road-v0,ok,harsh|clip_road_slow_v0|harsh|rep1|seed20240909,3.6107
moderate,,nan,clip_road_slow_v0,31109acf7c9709fceafb84af73d8a3a7005193f8772240f4547251b3ffc052c9,07b257405f757223,,e7813c85472d187d,B0d,16,16,fb2e41a2d7,0,synthetic:road-v0,ok,moderate|clip_road_slow_v0|moderate|rep0|seed20240909,7.6308
moderate,,nan,clip_road_slow_v0,31109acf7c9709fceafb84af73d8a3a7005193f8772240f4547251b3ffc052c9,07b257405f757223,,9c423425b213237b,B0d,16,16,fb2e41a2d7,1,synthetic:road-v0,ok,moderate|clip_road_slow_v0|moderate|rep1|seed20240909,7.6771
moderate,,nan,clip_road_slow_v0,31109acf7c9709fceafb84af73d8a3a7005193f8772240f4547251b3ffc052c9,07b257405f757223,,5cf1a9dd1a7135db,B0d,16,16,fb2e41a2d7,2,synthetic:road-v0,ok,moderate|clip_road_slow_v0|moderate|rep2|seed20240909,7.8003
clean,,nan,clip_road_slow_v0,31109acf7c9709fceafb84af73d8a3a7005193f8772240f4547251b3ffc052c9,07b257405f757223,,44d69f1e4efb937a,B1,16,16,fb2e41a2d7,4,synthetic:road-v0,ok,clean|clip_road_slow_v0|clean|rep4|seed20240909,0.578
harsh,,nan,clip_road_slow_v0,31109acf7c9709fceafb84af73d8a3a7005193f8772240f4547251b3ffc052c9,07b257405f757223,,cc187d70ddc835ee,B0d,16,16,fb2e41a2d7,2,synthetic:road-v0,ok,harsh|clip_road_slow_v0|harsh|rep2|seed20240909,3.5594
mild,,nan,clip_road_slow_v0,31109acf7c9709fceafb84af73d8a3a7005193f8772240f4547251b3ffc052c9,07b257405f757223,,c3f9e3bbd1ed46fa,B1,16,16,fb2e41a2d7,0,synthetic:road-v0,ok,mild|clip_road_slow_v0|mild|rep0|seed20240909,0.7514
mild,,nan,clip_road_slow_v0,31109acf7c9709fceafb84af73d8a3a7005193f8772240f4547251b3ffc052c9,07b257405f757223,,d9f273cefb0a3f26,B1,16,16,fb2e41a2d7,1,synthetic:road-v0,ok,mild|clip_road_slow_v0|mild|rep1|seed20240909,0.8327
mild,,nan,clip_road_slow_v0,31109acf7c9709fceafb84af73d8a3a7005193f8772240f4547251b3ffc052c9,07b257405f757223,,0a0fe3621c00b282,B1,16,16,fb2e41a2d7,2,synthetic:road-v0,ok,mild|clip_road_slow_v0|mild|rep2|seed20240909,0.8229
mild,,nan,clip_road_slow_v0,31109acf7c9709fceafb84af73d8a3a7005193f8772240f4547251b3ffc052c9,07b257405f757223,,c79039e962ab9b6d,B1,16,16,fb2e41a2d7,3,synthetic:road-v0,ok,mild|clip_road_slow_v0|mild|rep3|seed20240909,0.7773
harsh,,nan,clip_road_slow_v0,31109acf7c9709fceafb84af73d8a3a7005193f8772240f4547251b3ffc052c9,07b257405f757223,,843792b11f3bac60,B0d,16,16,fb2e41a2d7,3,synthetic:road-v0,ok,harsh|clip_road_slow_v0|harsh|rep3|seed20240909,3.7594
mild,,nan,clip_road_slow_v0,31109acf7c9709fceafb84af73d8a3a7005193f8772240f4547251b3ffc052c9,07b257405f757223,,47a7fafeb08edb2e,B1,16,16,fb2e41a2d7,4,synthetic:road-v0,ok,mild|clip_road_slow_v0|mild|rep4|seed20240909,0.7859
harsh,,nan,clip_road_slow_v0,31109acf7c9709fceafb84af73d8a3a7005193f8772240f4547251b3ffc052c9,07b257405f757223,,eda4776d69118b95,B0d,16,16,fb2e41a2d7,4,synthetic:road-v0,ok,harsh|clip_road_slow_v0|harsh|rep4|seed20240909,3.7089
moderate,,nan,clip_road_slow_v0,31109acf7c9709fceafb84af73d8a3a7005193f8772240f4547251b3ffc052c9,07b257405f757223,,3a984961330ee38f,B1,16,16,fb2e41a2d7,0,synthetic:road-v0,ok,moderate|clip_road_slow_v0|moderate|rep0|seed20240909,0.8704
moderate,,nan,clip_road_slow_v0,31109acf7c9709fceafb84af73d8a3a7005193f8772240f4547251b3ffc052c9,07b257405f757223,,9af83b3d43ca9b8b,B1,16,16,fb2e41a2d7,1,synthetic:road-v0,ok,moderate|clip_road_slow_v0|moderate|rep1|seed20240909,0.869
moderate,,nan,clip_road_slow_v0,31109acf7c9709fceafb84af73d8a3a7005193f8772240f4547251b3ffc052c9,07b257405f757223,,87d1d0fa567af189,B1,16,16,fb2e41a2d7,2,synthetic:road-v0,ok,moderate|clip_road_slow_v0|moderate|rep2|seed20240909,0.8813
moderate,,nan,clip_road_slow_v0,31109acf7c9709fceafb84af73d8a3a7005193f8772240f4547251b3ffc052c9,07b257405f757223,,42c30c9ce6ffcf9e,B1,16,16,fb2e41a2d7,3,synthetic:road-v0,ok,moderate|clip_road_slow_v0|moderate|rep3|seed20240909,0.857
moderate,,nan,clip_road_slow_v0,31109acf7c9709fceafb84af73d8a3a7005193f8772240f4547251b3ffc052c9,07b257405f757223,,5f2d615ccfee919f,B1,16,16,fb2e41a2d7,4,synthetic:road-v0,ok,moderate|clip_road_slow_v0|moderate|rep4|seed20240909,0.879
bursty,,nan,clip_road_slow_v0,31109acf7c9709fceafb84af73d8a3a7005193f8772240f4547251b3ffc052c9,07b257405f757223,,ab8b78849810384a,B1,16,16,fb2e41a2d7,0,synthetic:road-v0,ok,bursty|clip_road_slow_v0|bursty|rep0|seed20240909,0.8114
bursty,,nan,clip_road_slow_v0,31109acf7c9709fceafb84af73d8a3a7005193f8772240f4547251b3ffc052c9,07b257405f757223,,61cd13911257cfcc,B1,16,16,fb2e41a2d7,1,synthetic:road-v0,ok,bursty|clip_road_slow_v0|bursty|rep1|seed20240909,0.8255
bursty,,nan,clip_road_slow_v0,31109acf7c9709fceafb84af73d8a3a7005193f8772240f4547251b3ffc052c9,07b257405f757223,,6100747e1b4c56ca,B1,16,16,fb2e41a2d7,2,synthetic:road-v0,ok,bursty|clip_road_slow_v0|bursty|rep2|seed20240909,0.8187
moderate,,nan,clip_road_slow_v0,31109acf7c9709fceafb84af73d8a3a7005193f8772240f4547251b3ffc052c9,07b257405f757223,,2c70c6acfd5a49b4,B0d,16,16,fb2e41a2d7,4,synthetic:road-v0,ok,moderate|clip_road_slow_v0|moderate|rep4|seed20240909,7.8064
bursty,,nan,clip_road_slow_v0,31109acf7c9709fceafb84af73d8a3a7005193f8772240f4547251b3ffc052c9,07b257405f757223,,a1bb072be2a78ca5,B1,16,16,fb2e41a2d7,4,synthetic:road-v0,ok,bursty|clip_road_slow_v0|bursty|rep4|seed20240909,0.853
bursty,,nan,clip_road_slow_v0,31109acf7c9709fceafb84af73d8a3a7005193f8772240f4547251b3ffc052c9,07b257405f757223,,7f2ba19a834c6737,B1,16,16,fb2e41a2d7,3,synthetic:road-v0,ok,bursty|clip_road_slow_v0|bursty|rep3|seed20240909,0.8776
moderate,,nan,clip_road_slow_v0,31109acf7c9709fceafb84af73d8a3a7005193f8772240f4547251b3ffc052c9,07b257405f757223,,70a6f6f0a1b6216b,B0d,16,16,fb2e41a2d7,3,synthetic:road-v0,ok,moderate|clip_road_slow_v0|moderate|rep3|seed20240909,7.9405
harsh,,nan,clip_road_slow_v0,31109acf7c9709fceafb84af73d8a3a7005193f8772240f4547251b3ffc052c9,07b257405f757223,,b2885b6315f056bf,B1,16,16,fb2e41a2d7,0,synthetic:road-v0,ok,harsh|clip_road_slow_v0|harsh|rep0|seed20240909,0.8694
harsh,,nan,clip_road_slow_v0,31109acf7c9709fceafb84af73d8a3a7005193f8772240f4547251b3ffc052c9,07b257405f757223,,7a885fb7b1b8e409,B1,16,16,fb2e41a2d7,1,synthetic:road-v0,ok,harsh|clip_road_slow_v0|harsh|rep1|seed20240909,0.8868
clean,,nan,clip_road_slow_v0,31109acf7c9709fceafb84af73d8a3a7005193f8772240f4547251b3ffc052c9,07b257405f757223,,6b60313554c491d2,B2,16,16,fb2e41a2d7,0,synthetic:road-v0,ok,clean|clip_road_slow_v0|clean|rep0|seed20240909,0.6628
clean,,nan,clip_road_slow_v0,31109acf7c9709fceafb84af73d8a3a7005193f8772240f4547251b3ffc052c9,07b257405f757223,,c7423fbd72c826c1,B2,16,16,fb2e41a2d7,1,synthetic:road-v0,ok,clean|clip_road_slow_v0|clean|rep1|seed20240909,0.6838
harsh,,nan,clip_road_slow_v0,31109acf7c9709fceafb84af73d8a3a7005193f8772240f4547251b3ffc052c9,07b257405f757223,,f03476222154f1e3,B1,16,16,fb2e41a2d7,2,synthetic:road-v0,ok,harsh|clip_road_slow_v0|harsh|rep2|seed20240909,0.8932
clean,,nan,clip_road_slow_v0,31109acf7c9709fceafb84af73d8a3a7005193f8772240f4547251b3ffc052c9,07b257405f757223,,8c4bdba25ac81312,B2,16,16,fb2e41a2d7,2,synthetic:road-v0,ok,clean|clip_road_slow_v0|clean|rep2|seed20240909,0.6693
harsh,,nan,clip_road_slow_v0,31109acf7c9709fceafb84af73d8a3a7005193f8772240f4547251b3ffc052c9,07b257405f757223,,06608d3acdd93e17,B1,16,16,fb2e41a2d7,3,synthetic:road-v0,ok,harsh|clip_road_slow_v0|harsh|rep3|seed20240909,0.9202
harsh,,nan,clip_road_slow_v0,31109acf7c9709fceafb84af73d8a3a7005193f8772240f4547251b3ffc052c9,07b257405f757223,,d299b153cf7a2400,B1,16,16,fb2e41a2d7,4,synthetic:road-v0,ok,harsh|clip_road_slow_v0|harsh|rep4|seed20240909,0.9182
clean,,nan,clip_road_slow_v0,31109acf7c9709fceafb84af73d8a3a7005193f8772240f4547251b3ffc052c9,07b257405f757223,,537dfe57cc3411e5,B2,16,16,fb2e41a2d7,3,synthetic:road-v0,ok,clean|clip_road_slow_v0|clean|rep3|seed20240909,0.6661
clean,,nan,clip_road_slow_v0,31109acf7c9709fceafb84af73d8a3a7005193f8772240f4547251b3ffc052c9,07b257405f757223,,d8a0baac0bd3e5b5,B2,16,16,fb2e41a2d7,4,synthetic:road-v0,ok,clean|clip_road_slow_v0|clean|rep4|seed20240909,0.6847
mild,,nan,clip_road_slow_v0,31109acf7c9709fceafb84af73d8a3a7005193f8772240f4547251b3ffc052c9,07b257405f757223,,b6a95190e2b2f87d,B2,16,16,fb2e41a2d7,0,synthetic:road-v0,ok,mild|clip_road_slow_v0|mild|rep0|seed20240909,0.873
mild,,nan,clip_road_slow_v0,31109acf7c9709fceafb84af73d8a3a7005193f8772240f4547251b3ffc052c9,07b257405f757223,,ec6d1a00d9eeba10,B2,16,16,fb2e41a2d7,1,synthetic:road-v0,ok,mild|clip_road_slow_v0|mild|rep1|seed20240909,0.844
mild,,nan,clip_road_slow_v0,31109acf7c9709fceafb84af73d8a3a7005193f8772240f4547251b3ffc052c9,07b257405f757223,,7a234a470a5cff2b,B2,16,16,fb2e41a2d7,3,synthetic:road-v0,ok,mild|clip_road_slow_v0|mild|rep3|seed20240909,0.8196
mild,,nan,clip_road_slow_v0,31109acf7c9709fceafb84af73d8a3a7005193f8772240f4547251b3ffc052c9,07b257405f757223,,8eb85cd577ae8926,B2,16,16,fb2e41a2d7,2,synthetic:road-v0,ok,mild|clip_road_slow_v0|mild|rep2|seed20240909,0.8732
mild,,nan,clip_road_slow_v0,31109acf7c9709fceafb84af73d8a3a7005193f8772240f4547251b3ffc052c9,07b257405f757223,,b16ab3a02db949a3,B2,16,16,fb2e41a2d7,4,synthetic:road-v0,ok,mild|clip_road_slow_v0|mild|rep4|seed20240909,0.796
moderate,,nan,clip_road_slow_v0,31109acf7c9709fceafb84af73d8a3a7005193f8772240f4547251b3ffc052c9,07b257405f757223,,61168ef5c71a3b54,B2,16,16,fb2e41a2d7,0,synthetic:road-v0,ok,moderate|clip_road_slow_v0|moderate|rep0|seed20240909,0.9189
moderate,,nan,clip_road_slow_v0,31109acf7c9709fceafb84af73d8a3a7005193f8772240f4547251b3ffc052c9,07b257405f757223,,4efd94ecea2b29db,B2,16,16,fb2e41a2d7,1,synthetic:road-v0,ok,moderate|clip_road_slow_v0|moderate|rep1|seed20240909,0.9165
bursty,,nan,clip_road_slow_v0,31109acf7c9709fceafb84af73d8a3a7005193f8772240f4547251b3ffc052c9,07b257405f757223,,6a1e9fe0793d7fd6,B2,16,16,fb2e41a2d7,0,synthetic:road-v0,ok,bursty|clip_road_slow_v0|bursty|rep0|seed20240909,0.8242
moderate,,nan,clip_road_slow_v0,31109acf7c9709fceafb84af73d8a3a7005193f8772240f4547251b3ffc052c9,07b257405f757223,,681d9e2ad9067361,B2,16,16,fb2e41a2d7,3,synthetic:road-v0,ok,moderate|clip_road_slow_v0|moderate|rep3|seed20240909,0.8868
moderate,,nan,clip_road_slow_v0,31109acf7c9709fceafb84af73d8a3a7005193f8772240f4547251b3ffc052c9,07b257405f757223,,0f8de6253e5da8fc,B2,16,16,fb2e41a2d7,2,synthetic:road-v0,ok,moderate|clip_road_slow_v0|moderate|rep2|seed20240909,0.8984
moderate,,nan,clip_road_slow_v0,31109acf7c9709fceafb84af73d8a3a7005193f8772240f4547251b3ffc052c9,07b257405f757223,,d92fba6e5dab6abd,B2,16,16,fb2e41a2d7,4,synthetic:road-v0,ok,moderate|clip_road_slow_v0|moderate|rep4|seed20240909,0.9412
bursty,,nan,clip_road_slow_v0,31109acf7c9709fceafb84af73d8a3a7005193f8772240f4547251b3ffc052c9,07b257405f757223,,a1c4a715f066ed0f,B2,16,16,fb2e41a2d7,1,synthetic:road-v0,ok,bursty|clip_road_slow_v0|bursty|rep1|seed20240909,0.8071
bursty,,nan,clip_road_slow_v0,31109acf7c9709fceafb84af73d8a3a7005193f8772240f4547251b3ffc052c9,07b257405f757223,,9023d5a40ff233cc,B0d,16,16,fb2e41a2d7,0,synthetic:road-v0,ok,bursty|clip_road_slow_v0|bursty|rep0|seed20240909,8.6523
bursty,,nan,clip_road_slow_v0,31109acf7c9709fceafb84af73d8a3a7005193f8772240f4547251b3ffc052c9,07b257405f757223,,27bf99d07d55b007,B0d,16,16,fb2e41a2d7,3,synthetic:road-v0,ok,bursty|clip_road_slow_v0|bursty|rep3|seed20240909,8.0265
bursty,,nan,clip_road_slow_v0,31109acf7c9709fceafb84af73d8a3a7005193f8772240f4547251b3ffc052c9,07b257405f757223,,709689d589e06700,B0d,16,16,fb2e41a2d7,1,synthetic:road-v0,ok,bursty|clip_road_slow_v0|bursty|rep1|seed20240909,8.2327
bursty,,nan,clip_road_slow_v0,31109acf7c9709fceafb84af73d8a3a7005193f8772240f4547251b3ffc052c9,07b257405f757223,,e9d17027c11b050e,B0d,16,16,fb2e41a2d7,4,synthetic:road-v0,ok,bursty|clip_road_slow_v0|bursty|rep4|seed20240909,7.8248
bursty,,nan,clip_road_slow_v0,31109acf7c9709fceafb84af73d8a3a7005193f8772240f4547251b3ffc052c9,07b257405f757223,,e872395add9b3410,B2,16,16,fb2e41a2d7,2,synthetic:road-v0,ok,bursty|clip_road_slow_v0|bursty|rep2|seed20240909,0.8161
bursty,,nan,clip_road_slow_v0,31109acf7c9709fceafb84af73d8a3a7005193f8772240f4547251b3ffc052c9,07b257405f757223,,56167474554d5821,B2,16,16,fb2e41a2d7,3,synthetic:road-v0,ok,bursty|clip_road_slow_v0|bursty|rep3|seed20240909,0.7962
bursty,,nan,clip_road_slow_v0,31109acf7c9709fceafb84af73d8a3a7005193f8772240f4547251b3ffc052c9,07b257405f757223,,16e023a75badb9fa,B2,16,16,fb2e41a2d7,4,synthetic:road-v0,ok,bursty|clip_road_slow_v0|bursty|rep4|seed20240909,0.8354
harsh,,nan,clip_road_slow_v0,31109acf7c9709fceafb84af73d8a3a7005193f8772240f4547251b3ffc052c9,07b257405f757223,,ab67f358d40e4995,B2,16,16,fb2e41a2d7,0,synthetic:road-v0,ok,harsh|clip_road_slow_v0|harsh|rep0|seed20240909,0.8795
harsh,,nan,clip_road_slow_v0,31109acf7c9709fceafb84af73d8a3a7005193f8772240f4547251b3ffc052c9,07b257405f757223,,9a46f24be5026977,B2,16,16,fb2e41a2d7,1,synthetic:road-v0,ok,harsh|clip_road_slow_v0|harsh|rep1|seed20240909,0.8697
harsh,,nan,clip_road_slow_v0,31109acf7c9709fceafb84af73d8a3a7005193f8772240f4547251b3ffc052c9,07b257405f757223,,f996ee95e4f56539,B2,16,16,fb2e41a2d7,3,synthetic:road-v0,ok,harsh|clip_road_slow_v0|harsh|rep3|seed20240909,0.8742
harsh,,nan,clip_road_slow_v0,31109acf7c9709fceafb84af73d8a3a7005193f8772240f4547251b3ffc052c9,07b257405f757223,,4a247b6a49aeebb9,B2,16,16,fb2e41a2d7,2,synthetic:road-v0,ok,harsh|clip_road_slow_v0|harsh|rep2|seed20240909,0.8872
harsh,,nan,clip_road_slow_v0,31109acf7c9709fceafb84af73d8a3a7005193f8772240f4547251b3ffc052c9,07b257405f757223,,5f94d7a0dbe39ecc,B2,16,16,fb2e41a2d7,4,synthetic:road-v0,ok,harsh|clip_road_slow_v0|harsh|rep4|seed20240909,0.8888
bursty,,nan,clip_road_slow_v0,31109acf7c9709fceafb84af73d8a3a7005193f8772240f4547251b3ffc052c9,07b257405f757223,,92bff6c844954ed8,B0d,16,16,fb2e41a2d7,2,synthetic:road-v0,ok,bursty|clip_road_slow_v0|bursty|rep2|seed20240909,8.9866
clean,,nan,clip_road_slow_v0,31109acf7c9709fceafb84af73d8a3a7005193f8772240f4547251b3ffc052c9,07b257405f757223,,b24a340ce4dd6717,B3,16,16,fb2e41a2d7,0,synthetic:road-v0,ok,clean|clip_road_slow_v0|clean|rep0|seed20240909,3.0369
clean,,nan,clip_road_slow_v0,31109acf7c9709fceafb84af73d8a3a7005193f8772240f4547251b3ffc052c9,07b257405f757223,,6dcc9a65a7c9b3d5,B3,16,16,fb2e41a2d7,1,synthetic:road-v0,ok,clean|clip_road_slow_v0|clean|rep1|seed20240909,3.0474
clean,,nan,clip_road_slow_v0,31109acf7c9709fceafb84af73d8a3a7005193f8772240f4547251b3ffc052c9,07b257405f757223,,260a588829dc0d2d,B3,16,16,fb2e41a2d7,2,synthetic:road-v0,ok,clean|clip_road_slow_v0|clean|rep2|seed20240909,3.0108
clean,,nan,clip_road_slow_v0,31109acf7c9709fceafb84af73d8a3a7005193f8772240f4547251b3ffc052c9,07b257405f757223,,5f002ab4868157a5,B3,16,16,fb2e41a2d7,3,synthetic:road-v0,ok,clean|clip_road_slow_v0|clean|rep3|seed20240909,3.0045
clean,,nan,clip_road_slow_v0,31109acf7c9709fceafb84af73d8a3a7005193f8772240f4547251b3ffc052c9,07b257405f757223,,7e87e9a0a1ef8c9c,B3,16,16,fb2e41a2d7,4,synthetic:road-v0,ok,clean|clip_road_slow_v0|clean|rep4|seed20240909,3.0187
mild,,nan,clip_road_slow_v0,31109acf7c9709fceafb84af73d8a3a7005193f8772240f4547251b3ffc052c9,07b257405f757223,,a2517d5375691915,B3,16,16,fb2e41a2d7,0,synthetic:road-v0,ok,mild|clip_road_slow_v0|mild|rep0|seed20240909,3.1995
mild,,nan,clip_road_slow_v0,31109acf7c9709fceafb84af73d8a3a7005193f8772240f4547251b3ffc052c9,07b257405f757223,,46f30f230ac8798b,B3,16,16,fb2e41a2d7,1,synthetic:road-v0,ok,mild|clip_road_slow_v0|mild|rep1|seed20240909,3.2064
mild,,nan,clip_road_slow_v0,31109acf7c9709fceafb84af73d8a3a7005193f8772240f4547251b3ffc052c9,07b257405f757223,,2cebc706783101dd,B3,16,16,fb2e41a2d7,2,synthetic:road-v0,ok,mild|clip_road_slow_v0|mild|rep2|seed20240909,3.156
mild,,nan,clip_road_slow_v0,31109acf7c9709fceafb84af73d8a3a7005193f8772240f4547251b3ffc052c9,07b257405f757223,,8cdbbdc962a1f69e,B3,16,16,fb2e41a2d7,3,synthetic:road-v0,ok,mild|clip_road_slow_v0|mild|rep3|seed20240909,3.2078
mild,,nan,clip_road_slow_v0,31109acf7c9709fceafb84af73d8a3a7005193f8772240f4547251b3ffc052c9,07b257405f757223,,ce3340fd1efe46df,B3,16,16,fb2e41a2d7,4,synthetic:road-v0,ok,mild|clip_road_slow_v0|mild|rep4|seed20240909,3.2467
moderate,,nan,clip_road_slow_v0,31109acf7c9709fceafb84af73d8a3a7005193f8772240f4547251b3ffc052c9,07b257405f757223,,5851140aa2bb91c2,B3,16,16,fb2e41a2d7,0,synthetic:road-v0,ok,moderate|clip_road_slow_v0|moderate|rep0|seed20240909,3.9225
moderate,,nan,clip_road_slow_v0,31109acf7c9709fceafb84af73d8a3a7005193f8772240f4547251b3ffc052c9,07b257405f757223,,eec1ebead800b6f6,B3,16,16,fb2e41a2d7,4,synthetic:road-v0,ok,moderate|clip_road_slow_v0|moderate|rep4|seed20240909,3.8564
bursty,,nan,clip_road_slow_v0,31109acf7c9709fceafb84af73d8a3a7005193f8772240f4547251b3ffc052c9,07b257405f757223,,5660ed61995af72d,B3,16,16,fb2e41a2d7,0,synthetic:road-v0,ok,bursty|clip_road_slow_v0|bursty|rep0|seed20240909,3.6483
moderate,,nan,clip_road_slow_v0,31109acf7c9709fceafb84af73d8a3a7005193f8772240f4547251b3ffc052c9,07b257405f757223,,4b7f8ae25219d42b,B3,16,16,fb2e41a2d7,1,synthetic:road-v0,ok,moderate|clip_road_slow_v0|moderate|rep1|seed20240909,3.9968
moderate,,nan,clip_road_slow_v0,31109acf7c9709fceafb84af73d8a3a7005193f8772240f4547251b3ffc052c9,07b257405f757223,,2574fcb3d168d56c,B3,16,16,fb2e41a2d7,2,synthetic:road-v0,ok,moderate|clip_road_slow_v0|moderate|rep2|seed20240909,3.9845
moderate,,nan,clip_road_slow_v0,31109acf7c9709fceafb84af73d8a3a7005193f8772240f4547251b3ffc052c9,07b257405f757223,,d204c292d373f775,B3,16,16,fb2e41a2d7,3,synthetic:road-v0,ok,moderate|clip_road_slow_v0|moderate|rep3|seed20240909,4.0806
harsh,,nan,clip_road_slow_v0,31109acf7c9709fceafb84af73d8a3a7005193f8772240f4547251b3ffc052c9,07b257405f757223,,ca40074d73a00df0,B3,16,16,fb2e41a2d7,0,synthetic:road-v0,ok,harsh|clip_road_slow_v0|harsh|rep0|seed20240909,2.5405
harsh,,nan,clip_road_slow_v0,31109acf7c9709fceafb84af73d8a3a7005193f8772240f4547251b3ffc052c9,07b257405f757223,,5c35e96f8b54785b,B3,16,16,fb2e41a2d7,1,synthetic:road-v0,ok,harsh|clip_road_slow_v0|harsh|rep1|seed20240909,2.5812
harsh,,nan,clip_road_slow_v0,31109acf7c9709fceafb84af73d8a3a7005193f8772240f4547251b3ffc052c9,07b257405f757223,,1edf84eb856ce1b5,B3,16,16,fb2e41a2d7,3,synthetic:road-v0,ok,harsh|clip_road_slow_v0|harsh|rep3|seed20240909,2.6449
harsh,,nan,clip_road_slow_v0,31109acf7c9709fceafb84af73d8a3a7005193f8772240f4547251b3ffc052c9,07b257405f757223,,778021866dfa94b3,B3,16,16,fb2e41a2d7,2,synthetic:road-v0,ok,harsh|clip_road_slow_v0|harsh|rep2|seed20240909,2.6925
harsh,,nan,clip_road_slow_v0,31109acf7c9709fceafb84af73d8a3a7005193f8772240f4547251b3ffc052c9,07b257405f757223,,c90356a19ec475a5,B3,16,16,fb2e41a2d7,4,synthetic:road-v0,ok,harsh|clip_road_slow_v0|harsh|rep4|seed20240909,2.6706
bursty,,nan,clip_road_slow_v0,31109acf7c9709fceafb84af73d8a3a7005193f8772240f4547251b3ffc052c9,07b257405f757223,,27064dbce699d404,B3,16,16,fb2e41a2d7,1,synthetic:road-v0,ok,bursty|clip_road_slow_v0|bursty|rep1|seed20240909,3.8775
bursty,,nan,clip_road_slow_v0,31109acf7c9709fceafb84af73d8a3a7005193f8772240f4547251b3ffc052c9,07b257405f757223,,f960743bbfe7e1dc,B3,16,16,fb2e41a2d7,4,synthetic:road-v0,ok,bursty|clip_road_slow_v0|bursty|rep4|seed20240909,3.7083
bursty,,nan,clip_road_slow_v0,31109acf7c9709fceafb84af73d8a3a7005193f8772240f4547251b3ffc052c9,07b257405f757223,,9ee5bbcb96eb53b9,B3,16,16,fb2e41a2d7,2,synthetic:road-v0,ok,bursty|clip_road_slow_v0|bursty|rep2|seed20240909,4.2116
bursty,,nan,clip_road_slow_v0,31109acf7c9709fceafb84af73d8a3a7005193f8772240f4547251b3ffc052c9,07b257405f757223,,2d2038cb6f836227,B3,16,16,fb2e41a2d7,3,synthetic:road-v0,ok,bursty|clip_road_slow_v0|bursty|rep3|seed20240909,4.185
clean,,nan,clip_road_slow_v0,31109acf7c9709fceafb84af73d8a3a7005193f8772240f4547251b3ffc052c9,07b257405f757223,,e2b75c43b2f637bb,B4,16,16,fb2e41a2d7,0,synthetic:road-v0,ok,clean|clip_road_slow_v0|clean|rep0|seed20240909,5.7688
clean,,nan,clip_road_slow_v0,31109acf7c9709fceafb84af73d8a3a7005193f8772240f4547251b3ffc052c9,07b257405f757223,,fb9e4546eb656613,B4,16,16,fb2e41a2d7,1,synthetic:road-v0,ok,clean|clip_road_slow_v0|clean|rep1|seed20240909,5.8632
clean,,nan,clip_road_slow_v0,31109acf7c9709fceafb84af73d8a3a7005193f8772240f4547251b3ffc052c9,07b257405f757223,,509fe390233cd99b,B4,16,16,fb2e41a2d7,2,synthetic:road-v0,ok,clean|clip_road_slow_v0|clean|rep2|seed20240909,5.8058
clean,,nan,clip_road_slow_v0,31109acf7c9709fceafb84af73d8a3a7005193f8772240f4547251b3ffc052c9,07b257405f757223,,0e436cf1f97aebf2,B4,16,16,fb2e41a2d7,4,synthetic:road-v0,ok,clean|clip_road_slow_v0|clean|rep4|seed20240909,5.8368
clean,,nan,clip_road_slow_v0,31109acf7c9709fceafb84af73d8a3a7005193f8772240f4547251b3ffc052c9,07b257405f757223,,513b97465fa187d7,B4,16,16,fb2e41a2d7,3,synthetic:road-v0,ok,clean|clip_road_slow_v0|clean|rep3|seed20240909,5.8894
mild,,nan,clip_road_slow_v0,31109acf7c9709fceafb84af73d8a3a7005193f8772240f4547251b3ffc052c9,07b257405f757223,,c152d500326c8e66,B4,16,16,fb2e41a2d7,0,synthetic:road-v0,ok,mild|clip_road_slow_v0|mild|rep0|seed20240909,6.1935
mild,,nan,clip_road_slow_v0,31109acf7c9709fceafb84af73d8a3a7005193f8772240f4547251b3ffc052c9,07b257405f757223,,b33451de680a3d5b,B4,16,16,fb2e41a2d7,1,synthetic:road-v0,ok,mild|clip_road_slow_v0|mild|rep1|seed20240909,6.2214
mild,,nan,clip_road_slow_v0,31109acf7c9709fceafb84af73d8a3a7005193f8772240f4547251b3ffc052c9,07b257405f757223,,a363f4f50d8c4f31,B4,16,16,fb2e41a2d7,2,synthetic:road-v0,ok,mild|clip_road_slow_v0|mild|rep2|seed20240909,6.2128
mild,,nan,clip_road_slow_v0,31109acf7c9709fceafb84af73d8a3a7005193f8772240f4547251b3ffc052c9,07b257405f757223,,4443b252486cf680,B4,16,16,fb2e41a2d7,3,synthetic:road-v0,ok,mild|clip_road_slow_v0|mild|rep3|seed20240909,6.2072
mild,,nan,clip_road_slow_v0,31109acf7c9709fceafb84af73d8a3a7005193f8772240f4547251b3ffc052c9,07b257405f757223,,142dda6fa542f3e9,B4,16,16,fb2e41a2d7,4,synthetic:road-v0,ok,mild|clip_road_slow_v0|mild|rep4|seed20240909,6.1768
harsh,,nan,clip_road_slow_v0,31109acf7c9709fceafb84af73d8a3a7005193f8772240f4547251b3ffc052c9,07b257405f757223,,61025b943c37f934,B4,16,16,fb2e41a2d7,0,synthetic:road-v0,ok,harsh|clip_road_slow_v0|harsh|rep0|seed20240909,3.9873
harsh,,nan,clip_road_slow_v0,31109acf7c9709fceafb84af73d8a3a7005193f8772240f4547251b3ffc052c9,07b257405f757223,,dbb0f146d55b4d6d,B4,16,16,fb2e41a2d7,1,synthetic:road-v0,ok,harsh|clip_road_slow_v0|harsh|rep1|seed20240909,3.9548
harsh,,nan,clip_road_slow_v0,31109acf7c9709fceafb84af73d8a3a7005193f8772240f4547251b3ffc052c9,07b257405f757223,,8b3afa02cf397e2e,B4,16,16,fb2e41a2d7,2,synthetic:road-v0,ok,harsh|clip_road_slow_v0|harsh|rep2|seed20240909,3.9817
moderate,,nan,clip_road_slow_v0,31109acf7c9709fceafb84af73d8a3a7005193f8772240f4547251b3ffc052c9,07b257405f757223,,cbd22fd3d2ba3332,B4,16,16,fb2e41a2d7,0,synthetic:road-v0,ok,moderate|clip_road_slow_v0|moderate|rep0|seed20240909,9.1992
moderate,,nan,clip_road_slow_v0,31109acf7c9709fceafb84af73d8a3a7005193f8772240f4547251b3ffc052c9,07b257405f757223,,7f4f72dfd76e4a60,B4,16,16,fb2e41a2d7,1,synthetic:road-v0,ok,moderate|clip_road_slow_v0|moderate|rep1|seed20240909,9.2085
harsh,,nan,clip_road_slow_v0,31109acf7c9709fceafb84af73d8a3a7005193f8772240f4547251b3ffc052c9,07b257405f757223,,9916ec185059c929,B4,16,16,fb2e41a2d7,3,synthetic:road-v0,ok,harsh|clip_road_slow_v0|harsh|rep3|seed20240909,4.011
harsh,,nan,clip_road_slow_v0,31109acf7c9709fceafb84af73d8a3a7005193f8772240f4547251b3ffc052c9,07b257405f757223,,01c60f7c86670d6b,B4,16,16,fb2e41a2d7,4,synthetic:road-v0,ok,harsh|clip_road_slow_v0|harsh|rep4|seed20240909,3.9711
moderate,,nan,clip_road_slow_v0,31109acf7c9709fceafb84af73d8a3a7005193f8772240f4547251b3ffc052c9,07b257405f757223,,812f7d048e46de21,B4,16,16,fb2e41a2d7,3,synthetic:road-v0,ok,moderate|clip_road_slow_v0|moderate|rep3|seed20240909,9.416
moderate,,nan,clip_road_slow_v0,31109acf7c9709fceafb84af73d8a3a7005193f8772240f4547251b3ffc052c9,07b257405f757223,,01e58c169290c6f1,B4,16,16,fb2e41a2d7,2,synthetic:road-v0,ok,moderate|clip_road_slow_v0|moderate|rep2|seed20240909,9.4882
moderate,,nan,clip_road_slow_v0,31109acf7c9709fceafb84af73d8a3a7005193f8772240f4547251b3ffc052c9,07b257405f757223,,02fbb29f5162e0ee,B4,16,16,fb2e41a2d7,4,synthetic:road-v0,ok,moderate|clip_road_slow_v0|moderate|rep4|seed20240909,9.1969
bursty,,nan,clip_road_slow_v0,31109acf7c9709fceafb84af73d8a3a7005193f8772240f4547251b3ffc052c9,07b257405f757223,,b28510bd20844e8c,B4,16,16,fb2e41a2d7,0,synthetic:road-v0,ok,bursty|clip_road_slow_v0|bursty|rep0|seed20240909,9.5951
bursty,,nan,clip_road_slow_v0,31109acf7c9709fceafb84af73d8a3a7005193f8772240f4547251b3ffc052c9,07b257405f757223,,8ffe7359af805d9a,B4,16,16,fb2e41a2d7,1,synthetic:road-v0,ok,bursty|clip_road_slow_v0|bursty|rep1|seed20240909,9.3972
bursty,,nan,clip_road_slow_v0,31109acf7c9709fceafb84af73d8a3a7005193f8772240f4547251b3ffc052c9,07b257405f757223,,c469e9d6ac8234be,B4,16,16,fb2e41a2d7,4,synthetic:road-v0,ok,bursty|clip_road_slow_v0|bursty|rep4|seed20240909,8.7615
bursty,,nan,clip_road_slow_v0,31109acf7c9709fceafb84af73d8a3a7005193f8772240f4547251b3ffc052c9,07b257405f757223,,7bf5934c7267a6e9,B4,16,16,fb2e41a2d7,3,synthetic:road-v0,ok,bursty|clip_road_slow_v0|bursty|rep3|seed20240909,8.9341
bursty,,nan,clip_road_slow_v0,31109acf7c9709fceafb84af73d8a3a7005193f8772240f4547251b3ffc052c9,07b257405f757223,,b173d8613aa7d616,B4,16,16,fb2e41a2d7,2,synthetic:road-v0,ok,bursty|clip_road_slow_v0|bursty|rep2|seed20240909,9.9735
clean,,nan,clip_road_slow_v0,31109acf7c9709fceafb84af73d8a3a7005193f8772240f4547251b3ffc052c9,07b257405f757223,,26c93e07dc5078db,P,16,16,8da29d3843,0,synthetic:road-v0,ok,clean|clip_road_slow_v0|clean|rep0|seed20240909,9.6094
clean,,nan,clip_road_slow_v0,31109acf7c9709fceafb84af73d8a3a7005193f8772240f4547251b3ffc052c9,07b257405f757223,,784ed18ef126d89c,P,16,16,8da29d3843,1,synthetic:road-v0,ok,clean|clip_road_slow_v0|clean|rep1|seed20240909,9.5924
clean,,nan,clip_road_slow_v0,31109acf7c9709fceafb84af73d8a3a7005193f8772240f4547251b3ffc052c9,07b257405f757223,,55dc129ed2d768f9,P,16,16,8da29d3843,2,synthetic:road-v0,ok,clean|clip_road_slow_v0|clean|rep2|seed20240909,9.594
clean,,nan,clip_road_slow_v0,31109acf7c9709fceafb84af73d8a3a7005193f8772240f4547251b3ffc052c9,07b257405f757223,,e9be4d3afd237d7c,P,16,16,8da29d3843,3,synthetic:road-v0,ok,clean|clip_road_slow_v0|clean|rep3|seed20240909,9.5989
clean,,nan,clip_road_slow_v0,31109acf7c9709fceafb84af73d8a3a7005193f8772240f4547251b3ffc052c9,07b257405f757223,,9e19e1071931f0bd,P,16,16,8da29d3843,4,synthetic:road-v0,ok,clean|clip_road_slow_v0|clean|rep4|seed20240909,9.5876
mild,,nan,clip_road_slow_v0,31109acf7c9709fceafb84af73d8a3a7005193f8772240f4547251b3ffc052c9,07b257405f757223,,7f572f10fa042ead,P,16,16,8da29d3843,0,synthetic:road-v0,ok,mild|clip_road_slow_v0|mild|rep0|seed20240909,9.9994
mild,,nan,clip_road_slow_v0,31109acf7c9709fceafb84af73d8a3a7005193f8772240f4547251b3ffc052c9,07b257405f757223,,c7a9f03843c3860d,P,16,16,8da29d3843,1,synthetic:road-v0,ok,mild|clip_road_slow_v0|mild|rep1|seed20240909,10.1211
mild,,nan,clip_road_slow_v0,31109acf7c9709fceafb84af73d8a3a7005193f8772240f4547251b3ffc052c9,07b257405f757223,,c98d7447dbf8b4ef,P,16,16,8da29d3843,2,synthetic:road-v0,ok,mild|clip_road_slow_v0|mild|rep2|seed20240909,10.1243
mild,,nan,clip_road_slow_v0,31109acf7c9709fceafb84af73d8a3a7005193f8772240f4547251b3ffc052c9,07b257405f757223,,8cbed64b4a4e7ad2,P,16,16,8da29d3843,3,synthetic:road-v0,ok,mild|clip_road_slow_v0|mild|rep3|seed20240909,10.1207
mild,,nan,clip_road_slow_v0,31109acf7c9709fceafb84af73d8a3a7005193f8772240f4547251b3ffc052c9,07b257405f757223,,960fdb89a2f84547,P,16,16,8da29d3843,4,synthetic:road-v0,ok,mild|clip_road_slow_v0|mild|rep4|seed20240909,10.1057
clean,,nan,clip_road_fast_v5,4127a5882c8c0fae271320f725509d590f4ad1e7ce4bbb8bf792c37e1a57b874,07b257405f757223,,f539258624c50509,B0a,16,16,fb2e41a2d7,0,synthetic:road-v5,ok,clean|clip_road_fast_v5|clean|rep0|seed20240909,0.5776
clean,,nan,clip_road_fast_v5,4127a5882c8c0fae271320f725509d590f4ad1e7ce4bbb8bf792c37e1a57b874,07b257405f757223,,85953a2c15e3e333,B0a,16,16,fb2e41a2d7,1,synthetic:road-v5,ok,clean|clip_road_fast_v5|clean|rep1|seed20240909,0.5653
clean,,nan,clip_road_fast_v5,4127a5882c8c0fae271320f725509d590f4ad1e7ce4bbb8bf792c37e1a57b874,07b257405f757223,,72d67cd9868cdfa3,B0a,16,16,fb2e41a2d7,2,synthetic:road-v5,ok,clean|clip_road_fast_v5|clean|rep2|seed20240909,0.5709
clean,,nan,clip_road_fast_v5,4127a5882c8c0fae271320f725509d590f4ad1e7ce4bbb8bf792c37e1a57b874,07b257405f757223,,6fca7e701c9869a3,B0a,16,16,fb2e41a2d7,3,synthetic:road-v5,ok,clean|clip_road_fast_v5|clean|rep3|seed20240909,0.5654
clean,,nan,clip_road_fast_v5,4127a5882c8c0fae271320f725509d590f4ad1e7ce4bbb8bf792c37e1a57b874,07b257405f757223,,90e708e89657c68f,B0a,16,16,fb2e41a2d7,4,synthetic:road-v5,ok,clean|clip_road_fast_v5|clean|rep4|seed20240909,0.561
mild,,nan,clip_road_fast_v5,4127a5882c8c0fae271320f725509d590f4ad1e7ce4bbb8bf792c37e1a57b874,07b257405f757223,,739e54de66431f6d,B0a,16,16,fb2e41a2d7,0,synthetic:road-v5,ok,mild|clip_road_fast_v5|mild|rep0|seed20240909,0.7009
mild,,nan,clip_road_fast_v5,4127a5882c8c0fae271320f725509d590f4ad1e7ce4bbb8bf792c37e1a57b874,07b257405f757223,,e53a334a18041044,B0a,16,16,fb2e41a2d7,1,synthetic:road-v5,ok,mild|clip_road_fast_v5|mild|rep1|seed20240909,0.7203
harsh,,nan,clip_road_slow_v0,31109acf7c9709fceafb84af73d8a3a7005193f8772240f4547251b3ffc052c9,07b257405f757223,,edfa2a617eeac8bc,P,16,16,8da29d3843,0,synthetic:road-v0,ok,harsh|clip_road_slow_v0|harsh|rep0|seed20240909,6.1419
mild,,nan,clip_road_fast_v5,4127a5882c8c0fae271320f725509d590f4ad1e7ce4bbb8bf792c37e1a57b874,07b257405f757223,,d1e4f6094ee2a34e,B0a,16,16,fb2e41a2d7,2,synthetic:road-v5,ok,mild|clip_road_fast_v5|mild|rep2|seed20240909,0.7551
harsh,,nan,clip_road_slow_v0,31109acf7c9709fceafb84af73d8a3a7005193f8772240f4547251b3ffc052c9,07b257405f757223,,695501aaff9e2d3a,P,16,16,8da29d3843,1,synthetic:road-v0,ok,harsh|clip_road_slow_v0|harsh|rep1|seed20240909,6.0709
mild,,nan,clip_road_fast_v5,4127a5882c8c0fae271320f725509d590f4ad1e7ce4bbb8bf792c37e1a57b874,07b257405f757223,,c225d740c5386afd,B0a,16,16,fb2e41a2d7,3,synthetic:road-v5,ok,mild|clip_road_fast_v5|mild|rep3|seed20240909,0.7681
harsh,,nan,clip_road_slow_v0,31109acf7c9709fceafb84af73d8a3a7005193f8772240f4547251b3ffc052c9,07b257405f757223,,3d9efde5b9418ee5,P,16,16,8da29d3843,2,synthetic:road-v0,ok,harsh|clip_road_slow_v0|harsh|rep2|seed20240909,6.0098
mild,,nan,clip_road_fast_v5,4127a5882c8c0fae271320f725509d590f4ad1e7ce4bbb8bf792c37e1a57b874,07b257405f757223,,4ecb1c1678b5ce44,B0a,16,16,fb2e41a2d7,4,synthetic:road-v5,ok,mild|clip_road_fast_v5|mild|rep4|seed20240909,0.7536
moderate,,nan,clip_road_fast_v5,4127a5882c8c0fae271320f725509d590f4ad1e7ce4bbb8bf792c37e1a57b874,07b257405f757223,,122756d8eba7f0b4,B0a,16,16,fb2e41a2d7,0,synthetic:road-v5,ok,moderate|clip_road_fast_v5|moderate|rep0|seed20240909,0.787
harsh,,nan,clip_road_slow_v0,31109acf7c9709fceafb84af73d8a3a7005193f8772240f4547251b3ffc052c9,07b257405f757223,,01381d6bbf79b553,P,16,16,8da29d3843,4,synthetic:road-v0,ok,harsh|clip_road_slow_v0|harsh|rep4|seed20240909,6.067
harsh,,nan,clip_road_slow_v0,31109acf7c9709fceafb84af73d8a3a7005193f8772240f4547251b3ffc052c9,07b257405f757223,,88eb5f5c77f85be7,P,16,16,8da29d3843,3,synthetic:road-v0,ok,harsh|clip_road_slow_v0|harsh|rep3|seed20240909,6.2257
moderate,,nan,clip_road_fast_v5,4127a5882c8c0fae271320f725509d590f4ad1e7ce4bbb8bf792c37e1a57b874,07b257405f757223,,64661721cad48772,B0a,16,16,fb2e41a2d7,1,synthetic:road-v5,ok,moderate|clip_road_fast_v5|moderate|rep1|seed20240909,0.7933
moderate,,nan,clip_road_fast_v5,4127a5882c8c0fae271320f725509d590f4ad1e7ce4bbb8bf792c37e1a57b874,07b257405f757223,,5829b9c97e860c42,B0a,16,16,fb2e41a2d7,2,synthetic:road-v5,ok,moderate|clip_road_fast_v5|moderate|rep2|seed20240909,0.7937
moderate,,nan,clip_road_fast_v5,4127a5882c8c0fae271320f725509d590f4ad1e7ce4bbb8bf792c37e1a57b874,07b257405f757223,,3937e06e5379fbcb,B0a,16,16,fb2e41a2d7,3,synthetic:road-v5,ok,moderate|clip_road_fast_v5|moderate|rep3|seed20240909,0.791
moderate,,nan,clip_road_fast_v5,4127a5882c8c0fae271320f725509d590f4ad1e7ce4bbb8bf792c37e1a57b874,07b257405f757223,,fd49171434467141,B0a,16,16,fb2e41a2d7,4,synthetic:road-v5,ok,moderate|clip_road_fast_v5|moderate|rep4|seed20240909,0.7831
bursty,,nan,clip_road_fast_v5,4127a5882c8c0fae271320f725509d590f4ad1e7ce4bbb8bf792c37e1a57b874,07b257405f757223,,7e2c5e8ffc83d456,B0a,16,16,fb2e41a2d7,1,synthetic:road-v5,ok,bursty|clip_road_fast_v5|bursty|rep1|seed20240909,0.7849
bursty,,nan,clip_road_fast_v5,4127a5882c8c0fae271320f725509d590f4ad1e7ce4bbb8bf792c37e1a57b874,07b257405f757223,,7444958ef3f04da2,B0a,16,16,fb2e41a2d7,0,synthetic:road-v5,ok,bursty|clip_road_fast_v5|bursty|rep0|seed20240909,0.8112
bursty,,nan,clip_road_fast_v5,4127a5882c8c0fae271320f725509d590f4ad1e7ce4bbb8bf792c37e1a57b874,07b257405f757223,,19b6b44f7f37f6d0,B0a,16,16,fb2e41a2d7,2,synthetic:road-v5,ok,bursty|clip_road_fast_v5|bursty|rep2|seed20240909,0.7905
moderate,,nan,clip_road_slow_v0,31109acf7c9709fceafb84af73d8a3a7005193f8772240f4547251b3ffc052c9,07b257405f757223,,c24245f498a1d6bd,P,16,16,8da29d3843,0,synthetic:road-v0,ok,moderate|clip_road_slow_v0|moderate|rep0|seed20240909,17.129
bursty,,nan,clip_road_fast_v5,4127a5882c8c0fae271320f725509d590f4ad1e7ce4bbb8bf792c37e1a57b874,07b257405f757223,,8385eb252c94c8aa,B0a,16,16,fb2e41a2d7,3,synthetic:road-v5,ok,bursty|clip_road_fast_v5|bursty|rep3|seed20240909,0.7665
bursty,,nan,clip_road_fast_v5,4127a5882c8c0fae271320f725509d590f4ad1e7ce4bbb8bf792c37e1a57b874,07b257405f757223,,4ac35c180311f159,B0a,16,16,fb2e41a2d7,4,synthetic:road-v5,ok,bursty|clip_road_fast_v5|bursty|rep4|seed20240909,0.783
harsh,,nan,clip_road_fast_v5,4127a5882c8c0fae271320f725509d590f4ad1e7ce4bbb8bf792c37e1a57b874,07b257405f757223,,f9e569cf0544931b,B0a,16,16,fb2e41a2d7,0,synthetic:road-v5,ok,harsh|clip_road_fast_v5|harsh|rep0|seed20240909,0.8055
harsh,,nan,clip_road_fast_v5,4127a5882c8c0fae271320f725509d590f4ad1e7ce4bbb8bf792c37e1a57b874,07b257405f757223,,4455db8337773f96,B0a,16,16,fb2e41a2d7,2,synthetic:road-v5,ok,harsh|clip_road_fast_v5|harsh|rep2|seed20240909,0.8238
harsh,,nan,clip_road_fast_v5,4127a5882c8c0fae271320f725509d590f4ad1e7ce4bbb8bf792c37e1a57b874,07b257405f757223,,a3b979e4e9b540bf,B0a,16,16,fb2e41a2d7,1,synthetic:road-v5,ok,harsh|clip_road_fast_v5|harsh|rep1|seed20240909,0.8378
moderate,,nan,clip_road_slow_v0,31109acf7c9709fceafb84af73d8a3a7005193f8772240f4547251b3ffc052c9,07b257405f757223,,219526bcb1f3b651,P,16,16,8da29d3843,1,synthetic:road-v0,ok,moderate|clip_road_slow_v0|moderate|rep1|seed20240909,17.3933
harsh,,nan,clip_road_fast_v5,4127a5882c8c0fae271320f725509d590f4ad1e7ce4bbb8bf792c37e1a57b874,07b257405f757223,,ae2cb2fcff8c0067,B0a,16,16,fb2e41a2d7,3,synthetic:road-v5,ok,harsh|clip_road_fast_v5|harsh|rep3|seed20240909,0.8447
harsh,,nan,clip_road_fast_v5,4127a5882c8c0fae271320f725509d590f4ad1e7ce4bbb8bf792c37e1a57b874,07b257405f757223,,36f9ad84fbab3def,B0a,16,16,fb2e41a2d7,4,synthetic:road-v5,ok,harsh|clip_road_fast_v5|harsh|rep4|seed20240909,0.8363
clean,,nan,clip_road_fast_v5,4127a5882c8c0fae271320f725509d590f4ad1e7ce4bbb8bf792c37e1a57b874,07b257405f757223,,593f9246270f0be2,B0a-R,16,16,fb2e41a2d7,0,synthetic:road-v5,ok,clean|clip_road_fast_v5|clean|rep0|seed20240909,1.5923
clean,,nan,clip_road_fast_v5,4127a5882c8c0fae271320f725509d590f4ad1e7ce4bbb8bf792c37e1a57b874,07b257405f757223,,1bc28115ec7f51a3,B0a-R,16,16,fb2e41a2d7,1,synthetic:road-v5,ok,clean|clip_road_fast_v5|clean|rep1|seed20240909,1.5916
clean,,nan,clip_road_fast_v5,4127a5882c8c0fae271320f725509d590f4ad1e7ce4bbb8bf792c37e1a57b874,07b257405f757223,,1da3a710135cc3b6,B0a-R,16,16,fb2e41a2d7,2,synthetic:road-v5,ok,clean|clip_road_fast_v5|clean|rep2|seed20240909,1.5877
clean,,nan,clip_road_fast_v5,4127a5882c8c0fae271320f725509d590f4ad1e7ce4bbb8bf792c37e1a57b874,07b257405f757223,,c578a9a4b32e2072,B0a-R,16,16,fb2e41a2d7,4,synthetic:road-v5,ok,clean|clip_road_fast_v5|clean|rep4|seed20240909,1.5608
clean,,nan,clip_road_fast_v5,4127a5882c8c0fae271320f725509d590f4ad1e7ce4bbb8bf792c37e1a57b874,07b257405f757223,,595e59531a119f44,B0a-R,16,16,fb2e41a2d7,3,synthetic:road-v5,ok,clean|clip_road_fast_v5|clean|rep3|seed20240909,1.5691
moderate,,nan,clip_road_slow_v0,31109acf7c9709fceafb84af73d8a3a7005193f8772240f4547251b3ffc052c9,07b257405f757223,,5ed2455c3582746f,P,16,16,8da29d3843,2,synthetic:road-v0,ok,moderate|clip_road_slow_v0|moderate|rep2|seed20240909,17.3207
mild,,nan,clip_road_fast_v5,4127a5882c8c0fae271320f725509d590f4ad1e7ce4bbb8bf792c37e1a57b874,07b257405f757223,,4e12b02538a858fa,B0a-R,16,16,fb2e41a2d7,0,synthetic:road-v5,ok,mild|clip_road_fast_v5|mild|rep0|seed20240909,2.1358
mild,,nan,clip_road_fast_v5,4127a5882c8c0fae271320f725509d590f4ad1e7ce4bbb8bf792c37e1a57b874,07b257405f757223,,c44ee0db6fb190ce,B0a-R,16,16,fb2e41a2d7,1,synthetic:road-v5,ok,mild|clip_road_fast_v5|mild|rep1|seed20240909,2.1446
moderate,,nan,clip_road_slow_v0,31109acf7c9709fceafb84af73d8a3a7005193f8772240f4547251b3ffc052c9,07b257405f757223,,5d23dca5dbc5871f,P,16,16,8da29d3843,3,synthetic:road-v0,ok,moderate|clip_road_slow_v0|moderate|rep3|seed20240909,17.1364
moderate,,nan,clip_road_slow_v0,31109acf7c9709fceafb84af73d8a3a7005193f8772240f4547251b3ffc052c9,07b257405f757223,,3fee0afd8ac221ba,P,16,16,8da29d3843,4,synthetic:road-v0,ok,moderate|clip_road_slow_v0|moderate|rep4|seed20240909,17.1234
mild,,nan,clip_road_fast_v5,4127a5882c8c0fae271320f725509d590f4ad1e7ce4bbb8bf792c37e1a57b874,07b257405f757223,,ee6804a680a7a24c,B0a-R,16,16,fb2e41a2d7,2,synthetic:road-v5,ok,mild|clip_road_fast_v5|mild|rep2|seed20240909,2.1361
mild,,nan,clip_road_fast_v5,4127a5882c8c0fae271320f725509d590f4ad1e7ce4bbb8bf792c37e1a57b874,07b257405f757223,,7853759739c6b841,B0a-R,16,16,fb2e41a2d7,3,synthetic:road-v5,ok,mild|clip_road_fast_v5|mild|rep3|seed20240909,2.1652
mild,,nan,clip_road_fast_v5,4127a5882c8c0fae271320f725509d590f4ad1e7ce4bbb8bf792c37e1a57b874,07b257405f757223,,ce013480c52306f1,B0a-R,16,16,fb2e41a2d7,4,synthetic:road-v5,ok,mild|clip_road_fast_v5|mild|rep4|seed20240909,2.15
moderate,,nan,clip_road_fast_v5,4127a5882c8c0fae271320f725509d590f4ad1e7ce4bbb8bf792c37e1a57b874,07b257405f757223,,bfccb1636109b97d,B0a-R,16,16,fb2e41a2d7,0,synthetic:road-v5,ok,moderate|clip_road_fast_v5|moderate|rep0|seed20240909,2.3758
moderate,,nan,clip_road_fast_v5,4127a5882c8c0fae271320f725509d590f4ad1e7ce4bbb8bf792c37e1a57b874,07b257405f757223,,a3e7e99c36bd3626,B0a-R,16,16,fb2e41a2d7,1,synthetic:road-v5,ok,moderate|clip_road_fast_v5|moderate|rep1|seed20240909,2.3848
moderate,,nan,clip_road_fast_v5,4127a5882c8c0fae271320f725509d590f4ad1e7ce4bbb8bf792c37e1a57b874,07b257405f757223,,6d8c21813a1c6b7b,B0a-R,16,16,fb2e41a2d7,2,synthetic:road-v5,ok,moderate|clip_road_fast_v5|moderate|rep2|seed20240909,2.384
bursty,,nan,clip_road_slow_v0,31109acf7c9709fceafb84af73d8a3a7005193f8772240f4547251b3ffc052c9,07b257405f757223,,b4901b0bcc69dd81,P,16,16,8da29d3843,0,synthetic:road-v0,ok,bursty|clip_road_slow_v0|bursty|rep0|seed20240909,17.7326
bursty,,nan,clip_road_slow_v0,31109acf7c9709fceafb84af73d8a3a7005193f8772240f4547251b3ffc052c9,07b257405f757223,,f8e39971df7cf225,P,16,16,8da29d3843,1,synthetic:road-v0,ok,bursty|clip_road_slow_v0|bursty|rep1|seed20240909,16.3452
moderate,,nan,clip_road_fast_v5,4127a5882c8c0fae271320f725509d590f4ad1e7ce4bbb8bf792c37e1a57b874,07b257405f757223,,65349f9e7e047e64,B0a-R,16,16,fb2e41a2d7,3,synthetic:road-v5,ok,moderate|clip_road_fast_v5|moderate|rep3|seed20240909,2.4275
bursty,,nan,clip_road_fast_v5,4127a5882c8c0fae271320f725509d590f4ad1e7ce4bbb8bf792c37e1a57b874,07b257405f757223,,c31e98c31981268a,B0a-R,16,16,fb2e41a2d7,1,synthetic:road-v5,ok,bursty|clip_road_fast_v5|bursty|rep1|seed20240909,2.2784
bursty,,nan,clip_road_fast_v5,4127a5882c8c0fae271320f725509d590f4ad1e7ce4bbb8bf792c37e1a57b874,07b257405f757223,,cfa2e83c7bbc7214,B0a-R,16,16,fb2e41a2d7,0,synthetic:road-v5,ok,bursty|clip_road_fast_v5|bursty|rep0|seed20240909,2.3354
bursty,,nan,clip_road_fast_v5,4127a5882c8c0fae271320f725509d590f4ad1e7ce4bbb8bf792c37e1a57b874,07b257405f757223,,e81fad82295898d4,B0a-R,16,16,fb2e41a2d7,2,synthetic:road-v5,ok,bursty|clip_road_fast_v5|bursty|rep2|seed20240909,2.2967
moderate,,nan,clip_road_fast_v5,4127a5882c8c0fae271320f725509d590f4ad1e7ce4bbb8bf792c37e1a57b874,07b257405f757223,,a863a6594c79c625,B0a-R,16,16,fb2e41a2d7,4,synthetic:road-v5,ok,moderate|clip_road_fast_v5|moderate|rep4|seed20240909,2.4459
bursty,,nan,clip_road_fast_v5,4127a5882c8c0fae271320f725509d590f4ad1e7ce4bbb8bf792c37e1a57b874,07b257405f757223,,0c27df1037af85ff,B0a-R,16,16,fb2e41a2d7,3,synthetic:road-v5,ok,bursty|clip_road_fast_v5|bursty|rep3|seed20240909,2.4243
bursty,,nan,clip_road_fast_v5,4127a5882c8c0fae271320f725509d590f4ad1e7ce4bbb8bf792c37e1a57b874,07b257405f757223,,f41022200255642f,B0a-R,16,16,fb2e41a2d7,4,synthetic:road-v5,ok,bursty|clip_road_fast_v5|bursty|rep4|seed20240909,2.2311
harsh,,nan,clip_road_fast_v5,4127a5882c8c0fae271320f725509d590f4ad1e7ce4bbb8bf792c37e1a57b874,07b257405f757223,,e486e30952c897f2,B0a-R,16,16,fb2e41a2d7,0,synthetic:road-v5,ok,harsh|clip_road_fast_v5|harsh|rep0|seed20240909,2.3518
harsh,,nan,clip_road_fast_v5,4127a5882c8c0fae271320f725509d590f4ad1e7ce4bbb8bf792c37e1a57b874,07b257405f757223,,5ac88a4c28827d25,B0a-R,16,16,fb2e41a2d7,1,synthetic:road-v5,ok,harsh|clip_road_fast_v5|harsh|rep1|seed20240909,2.3636
harsh,,nan,clip_road_fast_v5,4127a5882c8c0fae271320f725509d590f4ad1e7ce4bbb8bf792c37e1a57b874,07b257405f757223,,bf628150deaf8c09,B0a-R,16,16,fb2e41a2d7,3,synthetic:road-v5,ok,harsh|clip_road_fast_v5|harsh|rep3|seed20240909,2.2703
harsh,,nan,clip_road_fast_v5,4127a5882c8c0fae271320f725509d590f4ad1e7ce4bbb8bf792c37e1a57b874,07b257405f757223,,21b49f0215ef4f84,B0a-R,16,16,fb2e41a2d7,2,synthetic:road-v5,ok,harsh|clip_road_fast_v5|harsh|rep2|seed20240909,2.2998
harsh,,nan,clip_road_fast_v5,4127a5882c8c0fae271320f725509d590f4ad1e7ce4bbb8bf792c37e1a57b874,07b257405f757223,,937154afbbb3adec,B0a-R,16,16,fb2e41a2d7,4,synthetic:road-v5,ok,harsh|clip_road_fast_v5|harsh|rep4|seed20240909,2.3097
bursty,,nan,clip_road_slow_v0,31109acf7c9709fceafb84af73d8a3a7005193f8772240f4547251b3ffc052c9,07b257405f757223,,6069ff81724c12ee,P,16,16,8da29d3843,2,synthetic:road-v0,ok,bursty|clip_road_slow_v0|bursty|rep2|seed20240909,16.5488
bursty,,nan,clip_road_slow_v0,31109acf7c9709fceafb84af73d8a3a7005193f8772240f4547251b3ffc052c9,07b257405f757223,,3922b48e64059d55,P,16,16,8da29d3843,3,synthetic:road-v0,ok,bursty|clip_road_slow_v0|bursty|rep3|seed20240909,16.4176
bursty,,nan,clip_road_slow_v0,31109acf7c9709fceafb84af73d8a3a7005193f8772240f4547251b3ffc052c9,07b257405f757223,,c0a211e79606f58e,P,16,16,8da29d3843,4,synthetic:road-v0,ok,bursty|clip_road_slow_v0|bursty|rep4|seed20240909,17.4022
clean,,nan,clip_road_fast_v5,4127a5882c8c0fae271320f725509d590f4ad1e7ce4bbb8bf792c37e1a57b874,07b257405f757223,,762afcd401136680,B0d,16,16,fb2e41a2d7,0,synthetic:road-v5,ok,clean|clip_road_fast_v5|clean|rep0|seed20240909,4.8772
clean,,nan,clip_road_fast_v5,4127a5882c8c0fae271320f725509d590f4ad1e7ce4bbb8bf792c37e1a57b874,07b257405f757223,,4b15540c4068e7be,B0d,16,16,fb2e41a2d7,1,synthetic:road-v5,ok,clean|clip_road_fast_v5|clean|rep1|seed20240909,4.894
clean,,nan,clip_road_fast_v5,4127a5882c8c0fae271320f725509d590f4ad1e7ce4bbb8bf792c37e1a57b874,07b257405f757223,,5e531f8e83d8bc8a,B0d,16,16,fb2e41a2d7,2,synthetic:road-v5,ok,clean|clip_road_fast_v5|clean|rep2|seed20240909,4.8582
clean,,nan,clip_road_fast_v5,4127a5882c8c0fae271320f725509d590f4ad1e7ce4bbb8bf792c37e1a57b874,07b257405f757223,,b663c6fcd22ed543,B0d,16,16,fb2e41a2d7,4,synthetic:road-v5,ok,clean|clip_road_fast_v5|clean|rep4|seed20240909,4.8202
clean,,nan,clip_road_fast_v5,4127a5882c8c0fae271320f725509d590f4ad1e7ce4bbb8bf792c37e1a57b874,07b257405f757223,,9c9ac368e2f1a38d,B0d,16,16,fb2e41a2d7,3,synthetic:road-v5,ok,clean|clip_road_fast_v5|clean|rep3|seed20240909,4.8836
mild,,nan,clip_road_fast_v5,4127a5882c8c0fae271320f725509d590f4ad1e7ce4bbb8bf792c37e1a57b874,07b257405f757223,,cf949b546faf2e97,B0d,16,16,fb2e41a2d7,0,synthetic:road-v5,ok,mild|clip_road_fast_v5|mild|rep0|seed20240909,5.2107
mild,,nan,clip_road_fast_v5,4127a5882c8c0fae271320f725509d590f4ad1e7ce4bbb8bf792c37e1a57b874,07b257405f757223,,cc1d018ede481569,B0d,16,16,fb2e41a2d7,1,synthetic:road-v5,ok,mild|clip_road_fast_v5|mild|rep1|seed20240909,5.1785
mild,,nan,clip_road_fast_v5,4127a5882c8c0fae271320f725509d590f4ad1e7ce4bbb8bf792c37e1a57b874,07b257405f757223,,0e371a8d31398f01,B0d,16,16,fb2e41a2d7,2,synthetic:road-v5,ok,mild|clip_road_fast_v5|mild|rep2|seed20240909,5.1758
mild,,nan,clip_road_fast_v5,4127a5882c8c0fae271320f725509d590f4ad1e7ce4bbb8bf792c37e1a57b874,07b257405f757223,,2c768f1722a46afa,B0d,16,16,fb2e41a2d7,3,synthetic:road-v5,ok,mild|clip_road_fast_v5|mild|rep3|seed20240909,5.129
mild,,nan,clip_road_fast_v5,4127a5882c8c0fae271320f725509d590f4ad1e7ce4bbb8bf792c37e1a57b874,07b257405f757223,,fe4390a5b973ef4b,B0d,16,16,fb2e41a2d7,4,synthetic:road-v5,ok,mild|clip_road_fast_v5|mild|rep4|seed20240909,5.1339
clean,,nan,clip_road_fast_v5,4127a5882c8c0fae271320f725509d590f4ad1e7ce4bbb8bf792c37e1a57b874,07b257405f757223,,f8eabbc14beeb6d2,B1,16,16,fb2e41a2d7,0,synthetic:road-v5,ok,clean|clip_road_fast_v5|clean|rep0|seed20240909,0.5532
clean,,nan,clip_road_fast_v5,4127a5882c8c0fae271320f725509d590f4ad1e7ce4bbb8bf792c37e1a57b874,07b257405f757223,,e6977ef2760cef4b,B1,16,16,fb2e41a2d7,1,synthetic:road-v5,ok,clean|clip_road_fast_v5|clean|rep1|seed20240909,0.5744
clean,,nan,clip_road_fast_v5,4127a5882c8c0fae271320f725509d590f4ad1e7ce4bbb8bf792c37e1a57b874,07b257405f757223,,ad663aaa5bbd5423,B1,16,16,fb2e41a2d7,2,synthetic:road-v5,ok,clean|clip_road_fast_v5|clean|rep2|seed20240909,0.5792
harsh,,nan,clip_road_fast_v5,4127a5882c8c0fae271320f725509d590f4ad1e7ce4bbb8bf792c37e1a57b874,07b257405f757223,,8a4a9a1ed07e3d3c,B0d,16,16,fb2e41a2d7,0,synthetic:road-v5,ok,harsh|clip_road_fast_v5|harsh|rep0|seed20240909,3.5035
harsh,,nan,clip_road_fast_v5,4127a5882c8c0fae271320f725509d590f4ad1e7ce4bbb8bf792c37e1a57b874,07b257405f757223,,00765564d8003521,B0d,16,16,fb2e41a2d7,2,synthetic:road-v5,ok,harsh|clip_road_fast_v5|harsh|rep2|seed20240909,3.3698
harsh,,nan,clip_road_fast_v5,4127a5882c8c0fae271320f725509d590f4ad1e7ce4bbb8bf792c37e1a57b874,07b257405f757223,,94db217986724cc9,B0d,16,16,fb2e41a2d7,1,synthetic:road-v5,ok,harsh|clip_road_fast_v5|harsh|rep1|seed20240909,3.5529
clean,,nan,clip_road_fast_v5,4127a5882c8c0fae271320f725509d590f4ad1e7ce4bbb8bf792c37e1a57b874,07b257405f757223,,3f29658abd722ced,B1,16,16,fb2e41a2d7,3,synthetic:road-v5,ok,clean|clip_road_fast_v5|clean|rep3|seed20240909,0.5888
clean,,nan,clip_road_fast_v5,4127a5882c8c0fae271320f725509d590f4ad1e7ce4bbb8bf792c37e1a57b874,07b257405f757223,,44beb471924df5f1,B1,16,16,fb2e41a2d7,4,synthetic:road-v5,ok,clean|clip_road_fast_v5|clean|rep4|seed20240909,0.5821
harsh,,nan,clip_road_fast_v5,4127a5882c8c0fae271320f725509d590f4ad1e7ce4bbb8bf792c37e1a57b874,07b257405f757223,,9f8a0f5c556145b0,B0d,16,16,fb2e41a2d7,3,synthetic:road-v5,ok,harsh|clip_road_fast_v5|harsh|rep3|seed20240909,3.4302
moderate,,nan,clip_road_fast_v5,4127a5882c8c0fae271320f725509d590f4ad1e7ce4bbb8bf792c37e1a57b874,07b257405f757223,,0d156c35a91b2782,B0d,16,16,fb2e41a2d7,2,synthetic:road-v5,ok,moderate|clip_road_fast_v5|moderate|rep2|seed20240909,7.8611
mild,,nan,clip_road_fast_v5,4127a5882c8c0fae271320f725509d590f4ad1e7ce4bbb8bf792c37e1a57b874,07b257405f757223,,2d08808ee98f2a50,B1,16,16,fb2e41a2d7,0,synthetic:road-v5,ok,mild|clip_road_fast_v5|mild|rep0|seed20240909,0.7582
mild,,nan,clip_road_fast_v5,4127a5882c8c0fae271320f725509d590f4ad1e7ce4bbb8bf792c37e1a57b874,07b257405f757223,,4d04b2692499d852,B1,16,16,fb2e41a2d7,1,synthetic:road-v5,ok,mild|clip_road_fast_v5|mild|rep1|seed20240909,0.7555
moderate,,nan,clip_road_fast_v5,4127a5882c8c0fae271320f725509d590f4ad1e7ce4bbb8bf792c37e1a57b874,07b257405f757223,,d9356d4ab9d3ead7,B0d,16,16,fb2e41a2d7,0,synthetic:road-v5,ok,moderate|clip_road_fast_v5|moderate|rep0|seed20240909,8.1096
mild,,nan,clip_road_fast_v5,4127a5882c8c0fae271320f725509d590f4ad1e7ce4bbb8bf792c37e1a57b874,07b257405f757223,,243435ea1cd85066,B1,16,16,fb2e41a2d7,2,synthetic:road-v5,ok,mild|clip_road_fast_v5|mild|rep2|seed20240909,0.7589
harsh,,nan,clip_road_fast_v5,4127a5882c8c0fae271320f725509d590f4ad1e7ce4bbb8bf792c37e1a57b874,07b257405f757223,,331217e77d78da34,B0d,16,16,fb2e41a2d7,4,synthetic:road-v5,ok,harsh|clip_road_fast_v5|harsh|rep4|seed20240909,3.4633
mild,,nan,clip_road_fast_v5,4127a5882c8c0fae271320f725509d590f4ad1e7ce4bbb8bf792c37e1a57b874,07b257405f757223,,fb65eee338b177c8,B1,16,16,fb2e41a2d7,3,synthetic:road-v5,ok,mild|clip_road_fast_v5|mild|rep3|seed20240909,0.7582
moderate,,nan,clip_road_fast_v5,4127a5882c8c0fae271320f725509d590f4ad1e7ce4bbb8bf792c37e1a57b874,07b257405f757223,,fa720b4a3fb56f33,B0d,16,16,fb2e41a2d7,4,synthetic:road-v5,ok,moderate|clip_road_fast_v5|moderate|rep4|seed20240909,7.6178
moderate,,nan,clip_road_fast_v5,4127a5882c8c0fae271320f725509d590f4ad1e7ce4bbb8bf792c37e1a57b874,07b257405f757223,,df40239276ec7c88,B0d,16,16,fb2e41a2d7,1,synthetic:road-v5,ok,moderate|clip_road_fast_v5|moderate|rep1|seed20240909,8.1891
moderate,,nan,clip_road_fast_v5,4127a5882c8c0fae271320f725509d590f4ad1e7ce4bbb8bf792c37e1a57b874,07b257405f757223,,81eae57d46da9602,B0d,16,16,fb2e41a2d7,3,synthetic:road-v5,ok,moderate|clip_road_fast_v5|moderate|rep3|seed20240909,8.2515
mild,,nan,clip_road_fast_v5,4127a5882c8c0fae271320f725509d590f4ad1e7ce4bbb8bf792c37e1a57b874,07b257405f757223,,56d74e910e4dfcbf,B1,16,16,fb2e41a2d7,4,synthetic:road-v5,ok,mild|clip_road_fast_v5|mild|rep4|seed20240909,0.8622
moderate,,nan,clip_road_fast_v5,4127a5882c8c0fae271320f725509d590f4ad1e7ce4bbb8bf792c37e1a57b874,07b257405f757223,,0ca194bd0d82c56a,B1,16,16,fb2e41a2d7,0,synthetic:road-v5,ok,moderate|clip_road_fast_v5|moderate|rep0|seed20240909,0.8712
moderate,,nan,clip_road_fast_v5,4127a5882c8c0fae271320f725509d590f4ad1e7ce4bbb8bf792c37e1a57b874,07b257405f757223,,dd7867bc38678e72,B1,16,16,fb2e41a2d7,1,synthetic:road-v5,ok,moderate|clip_road_fast_v5|moderate|rep1|seed20240909,0.8714
moderate,,nan,clip_road_fast_v5,4127a5882c8c0fae271320f725509d590f4ad1e7ce4bbb8bf792c37e1a57b874,07b257405f757223,,2f51ad2a78b4daa2,B1,16,16,fb2e41a2d7,2,synthetic:road-v5,ok,moderate|clip_road_fast_v5|moderate|rep2|seed20240909,0.8745
bursty,,nan,clip_road_fast_v5,4127a5882c8c0fae271320f725509d590f4ad1e7ce4bbb8bf792c37e1a57b874,07b257405f757223,,bfa630bec7f52e1f,B1,16,16,fb2e41a2d7,0,synthetic:road-v5,ok,bursty|clip_road_fast_v5|bursty|rep0|seed20240909,0.8158
moderate,,nan,clip_road_fast_v5,4127a5882c8c0fae271320f725509d590f4ad1e7ce4bbb8bf792c37e1a57b874,07b257405f757223,,6e0c3ecb5f819d19,B1,16,16,fb2e41a2d7,3,synthetic:road-v5,ok,moderate|clip_road_fast_v5|moderate|rep3|seed20240909,0.8928
bursty,,nan,clip_road_fast_v5,4127a5882c8c0fae271320f725509d590f4ad1e7ce4bbb8bf792c37e1a57b874,07b257405f757223,,8a8e871c7eb415f2,B1,16,16,fb2e41a2d7,1,synthetic:road-v5,ok,bursty|clip_road_fast_v5|bursty|rep1|seed20240909,0.8539
bursty,,nan,clip_road_fast_v5,4127a5882c8c0fae271320f725509d590f4ad1e7ce4bbb8bf792c37e1a57b874,07b257405f757223,,7bc0dcc910885288,B1,16,16,fb2e41a2d7,3,synthetic:road-v5,ok,bursty|clip_road_fast_v5|bursty|rep3|seed20240909,0.8267
moderate,,nan,clip_road_fast_v5,4127a5882c8c0fae271320f725509d590f4ad1e7ce4bbb8bf792c37e1a57b874,07b257405f757223,,3c4d07b9cc3d5c01,B1,16,16,fb2e41a2d7,4,synthetic:road-v5,ok,moderate|clip_road_fast_v5|moderate|rep4|seed20240909,0.9132
bursty,,nan,clip_road_fast_v5,4127a5882c8c0fae271320f725509d590f4ad1e7ce4bbb8bf792c37e1a57b874,07b257405f757223,,b8de9706239f2e8f,B1,16,16,fb2e41a2d7,2,synthetic:road-v5,ok,bursty|clip_road_fast_v5|bursty|rep2|seed20240909,0.8595
bursty,,nan,clip_road_fast_v5,4127a5882c8c0fae271320f725509d590f4ad1e7ce4bbb8bf792c37e1a57b874,07b257405f757223,,e142e3499d0c21d6,B1,16,16,fb2e41a2d7,4,synthetic:road-v5,ok,bursty|clip_road_fast_v5|bursty|rep4|seed20240909,0.8326
clean,,nan,clip_road_fast_v5,4127a5882c8c0fae271320f725509d590f4ad1e7ce4bbb8bf792c37e1a57b874,07b257405f757223,,ebd38f37fc06685e,B2,16,16,fb2e41a2d7,0,synthetic:road-v5,ok,clean|clip_road_fast_v5|clean|rep0|seed20240909,0.6585
harsh,,nan,clip_road_fast_v5,4127a5882c8c0fae271320f725509d590f4ad1e7ce4bbb8bf792c37e1a57b874,07b257405f757223,,a86f53b0b91dbf9b,B1,16,16,fb2e41a2d7,0,synthetic:road-v5,ok,harsh|clip_road_fast_v5|harsh|rep0|seed20240909,0.8902
clean,,nan,clip_road_fast_v5,4127a5882c8c0fae271320f725509d590f4ad1e7ce4bbb8bf792c37e1a57b874,07b257405f757223,,5ce6e32377a14f0a,B2,16,16,fb2e41a2d7,1,synthetic:road-v5,ok,clean|clip_road_fast_v5|clean|rep1|seed20240909,0.6669
clean,,nan,clip_road_fast_v5,4127a5882c8c0fae271320f725509d590f4ad1e7ce4bbb8bf792c37e1a57b874,07b257405f757223,,b850ebc109cbb59e,B2,16,16,fb2e41a2d7,4,synthetic:road-v5,ok,clean|clip_road_fast_v5|clean|rep4|seed20240909,0.6567
harsh,,nan,clip_road_fast_v5,4127a5882c8c0fae271320f725509d590f4ad1e7ce4bbb8bf792c37e1a57b874,07b257405f757223,,b20df5a6c2b0941a,B1,16,16,fb2e41a2d7,1,synthetic:road-v5,ok,harsh|clip_road_fast_v5|harsh|rep1|seed20240909,0.9093
harsh,,nan,clip_road_fast_v5,4127a5882c8c0fae271320f725509d590f4ad1e7ce4bbb8bf792c37e1a57b874,07b257405f757223,,9c2a98212c0e78cd,B1,16,16,fb2e41a2d7,2,synthetic:road-v5,ok,harsh|clip_road_fast_v5|harsh|rep2|seed20240909,0.9035
clean,,nan,clip_road_fast_v5,4127a5882c8c0fae271320f725509d590f4ad1e7ce4bbb8bf792c37e1a57b874,07b257405f757223,,f1a927a870083232,B2,16,16,fb2e41a2d7,2,synthetic:road-v5,ok,clean|clip_road_fast_v5|clean|rep2|seed20240909,0.68
clean,,nan,clip_road_fast_v5,4127a5882c8c0fae271320f725509d590f4ad1e7ce4bbb8bf792c37e1a57b874,07b257405f757223,,8181ff9a32caecce,B2,16,16,fb2e41a2d7,3,synthetic:road-v5,ok,clean|clip_road_fast_v5|clean|rep3|seed20240909,0.667
harsh,,nan,clip_road_fast_v5,4127a5882c8c0fae271320f725509d590f4ad1e7ce4bbb8bf792c37e1a57b874,07b257405f757223,,15240fcf04bbdf25,B1,16,16,fb2e41a2d7,3,synthetic:road-v5,ok,harsh|clip_road_fast_v5|harsh|rep3|seed20240909,0.9438
bursty,,nan,clip_road_fast_v5,4127a5882c8c0fae271320f725509d590f4ad1e7ce4bbb8bf792c37e1a57b874,07b257405f757223,,e33d5d2a69dc7102,B0d,16,16,fb2e41a2d7,0,synthetic:road-v5,ok,bursty|clip_road_fast_v5|bursty|rep0|seed20240909,8.1435
harsh,,nan,clip_road_fast_v5,4127a5882c8c0fae271320f725509d590f4ad1e7ce4bbb8bf792c37e1a57b874,07b257405f757223,,3801665343ead8a8,B1,16,16,fb2e41a2d7,4,synthetic:road-v5,ok,harsh|clip_road_fast_v5|harsh|rep4|seed20240909,0.9222
mild,,nan,clip_road_fast_v5,4127a5882c8c0fae271320f725509d590f4ad1e7ce4bbb8bf792c37e1a57b874,07b257405f757223,,909779fd869dc658,B2,16,16,fb2e41a2d7,0,synthetic:road-v5,ok,mild|clip_road_fast_v5|mild|rep0|seed20240909,0.8441
mild,,nan,clip_road_fast_v5,4127a5882c8c0fae271320f725509d590f4ad1e7ce4bbb8bf792c37e1a57b874,07b257405f757223,,1dedbeaa46f096ec,B2,16,16,fb2e41a2d7,3,synthetic:road-v5,ok,mild|clip_road_fast_v5|mild|rep3|seed20240909,0.8115
mild,,nan,clip_road_fast_v5,4127a5882c8c0fae271320f725509d590f4ad1e7ce4bbb8bf792c37e1a57b874,07b257405f757223,,a26e5e4bb4c48435,B2,16,16,fb2e41a2d7,1,synthetic:road-v5,ok,mild|clip_road_fast_v5|mild|rep1|seed20240909,0.8461
mild,,nan,clip_road_fast_v5,4127a5882c8c0fae271320f725509d590f4ad1e7ce4bbb8bf792c37e1a57b874,07b257405f757223,,9d5411c7331c41c4,B2,16,16,fb2e41a2d7,2,synthetic:road-v5,ok,mild|clip_road_fast_v5|mild|rep2|seed20240909,0.8476
mild,,nan,clip_road_fast_v5,4127a5882c8c0fae271320f725509d590f4ad1e7ce4bbb8bf792c37e1a57b874,07b257405f757223,,75eb1dca5b79788a,B2,16,16,fb2e41a2d7,4,synthetic:road-v5,ok,mild|clip_road_fast_v5|mild|rep4|seed20240909,0.8499
moderate,,nan,clip_road_fast_v5,4127a5882c8c0fae271320f725509d590f4ad1e7ce4bbb8bf792c37e1a57b874,07b257405f757223,,607b3256131b42e2,B2,16,16,fb2e41a2d7,1,synthetic:road-v5,ok,moderate|clip_road_fast_v5|moderate|rep1|seed20240909,0.8634
moderate,,nan,clip_road_fast_v5,4127a5882c8c0fae271320f725509d590f4ad1e7ce4bbb8bf792c37e1a57b874,07b257405f757223,,72ea69c3b34f561c,B2,16,16,fb2e41a2d7,0,synthetic:road-v5,ok,moderate|clip_road_fast_v5|moderate|rep0|seed20240909,0.8944
moderate,,nan,clip_road_fast_v5,4127a5882c8c0fae271320f725509d590f4ad1e7ce4bbb8bf792c37e1a57b874,07b257405f757223,,b06bc5a97fc1e0fe,B2,16,16,fb2e41a2d7,2,synthetic:road-v5,ok,moderate|clip_road_fast_v5|moderate|rep2|seed20240909,0.9119
moderate,,nan,clip_road_fast_v5,4127a5882c8c0fae271320f725509d590f4ad1e7ce4bbb8bf792c37e1a57b874,07b257405f757223,,b2859ebe90217ba0,B2,16,16,fb2e41a2d7,3,synthetic:road-v5,ok,moderate|clip_road_fast_v5|moderate|rep3|seed20240909,0.9394
bursty,,nan,clip_road_fast_v5,4127a5882c8c0fae271320f725509d590f4ad1e7ce4bbb8bf792c37e1a57b874,07b257405f757223,,5f975901f503a9a3,B2,16,16,fb2e41a2d7,0,synthetic:road-v5,ok,bursty|clip_road_fast_v5|bursty|rep0|seed20240909,0.843
bursty,,nan,clip_road_fast_v5,4127a5882c8c0fae271320f725509d590f4ad1e7ce4bbb8bf792c37e1a57b874,07b257405f757223,,c8840d14bb647896,B2,16,16,fb2e41a2d7,1,synthetic:road-v5,ok,bursty|clip_road_fast_v5|bursty|rep1|seed20240909,0.8482
moderate,,nan,clip_road_fast_v5,4127a5882c8c0fae271320f725509d590f4ad1e7ce4bbb8bf792c37e1a57b874,07b257405f757223,,0648fa1ea03ec5d3,B2,16,16,fb2e41a2d7,4,synthetic:road-v5,ok,moderate|clip_road_fast_v5|moderate|rep4|seed20240909,0.9057
bursty,,nan,clip_road_fast_v5,4127a5882c8c0fae271320f725509d590f4ad1e7ce4bbb8bf792c37e1a57b874,07b257405f757223,,81c2794155c08157,B0d,16,16,fb2e41a2d7,1,synthetic:road-v5,ok,bursty|clip_road_fast_v5|bursty|rep1|seed20240909,7.963
bursty,,nan,clip_road_fast_v5,4127a5882c8c0fae271320f725509d590f4ad1e7ce4bbb8bf792c37e1a57b874,07b257405f757223,,3f9d7439b887baf1,B0d,16,16,fb2e41a2d7,3,synthetic:road-v5,ok,bursty|clip_road_fast_v5|bursty|rep3|seed20240909,7.8401
bursty,,nan,clip_road_fast_v5,4127a5882c8c0fae271320f725509d590f4ad1e7ce4bbb8bf792c37e1a57b874,07b257405f757223,,5c7c343587ffb386,B2,16,16,fb2e41a2d7,2,synthetic:road-v5,ok,bursty|clip_road_fast_v5|bursty|rep2|seed20240909,0.8023
bursty,,nan,clip_road_fast_v5,4127a5882c8c0fae271320f725509d590f4ad1e7ce4bbb8bf792c37e1a57b874,07b257405f757223,,9ebc481a5256c374,B2,16,16,fb2e41a2d7,3,synthetic:road-v5,ok,bursty|clip_road_fast_v5|bursty|rep3|seed20240909,0.8099
bursty,,nan,clip_road_fast_v5,4127a5882c8c0fae271320f725509d590f4ad1e7ce4bbb8bf792c37e1a57b874,07b257405f757223,,d22ea85cc6ac0280,B2,16,16,fb2e41a2d7,4,synthetic:road-v5,ok,bursty|clip_road_fast_v5|bursty|rep4|seed20240909,0.8331
harsh,,nan,clip_road_fast_v5,4127a5882c8c0fae271320f725509d590f4ad1e7ce4bbb8bf792c37e1a57b874,07b257405f757223,,0d7246448f4de360,B2,16,16,fb2e41a2d7,0,synthetic:road-v5,ok,harsh|clip_road_fast_v5|harsh|rep0|seed20240909,0.8684
harsh,,nan,clip_road_fast_v5,4127a5882c8c0fae271320f725509d590f4ad1e7ce4bbb8bf792c37e1a57b874,07b257405f757223,,0b42a54f563c7c05,B2,16,16,fb2e41a2d7,1,synthetic:road-v5,ok,harsh|clip_road_fast_v5|harsh|rep1|seed20240909,0.8621
harsh,,nan,clip_road_fast_v5,4127a5882c8c0fae271320f725509d590f4ad1e7ce4bbb8bf792c37e1a57b874,07b257405f757223,,d66004b9e7d3136c,B2,16,16,fb2e41a2d7,2,synthetic:road-v5,ok,harsh|clip_road_fast_v5|harsh|rep2|seed20240909,0.8625
harsh,,nan,clip_road_fast_v5,4127a5882c8c0fae271320f725509d590f4ad1e7ce4bbb8bf792c37e1a57b874,07b257405f757223,,18a3a7cf3b02630a,B2,16,16,fb2e41a2d7,3,synthetic:road-v5,ok,harsh|clip_road_fast_v5|harsh|rep3|seed20240909,0.8753
harsh,,nan,clip_road_fast_v5,4127a5882c8c0fae271320f725509d590f4ad1e7ce4bbb8bf792c37e1a57b874,07b257405f757223,,dc1acc343a2e3d16,B2,16,16,fb2e41a2d7,4,synthetic:road-v5,ok,harsh|clip_road_fast_v5|harsh|rep4|seed20240909,0.8894
bursty,,nan,clip_road_fast_v5,4127a5882c8c0fae271320f725509d590f4ad1e7ce4bbb8bf792c37e1a57b874,07b257405f757223,,82e15c0797b8fe1b,B0d,16,16,fb2e41a2d7,4,synthetic:road-v5,ok,bursty|clip_road_fast_v5|bursty|rep4|seed20240909,8.2608
bursty,,nan,clip_road_fast_v5,4127a5882c8c0fae271320f725509d590f4ad1e7ce4bbb8bf792c37e1a57b874,07b257405f757223,,8c72318bb11a74a0,B0d,16,16,fb2e41a2d7,2,synthetic:road-v5,ok,bursty|clip_road_fast_v5|bursty|rep2|seed20240909,8.5513
clean,,nan,clip_road_fast_v5,4127a5882c8c0fae271320f725509d590f4ad1e7ce4bbb8bf792c37e1a57b874,07b257405f757223,,ca16b059ee4eb683,B3,16,16,fb2e41a2d7,0,synthetic:road-v5,ok,clean|clip_road_fast_v5|clean|rep0|seed20240909,3.0587
clean,,nan,clip_road_fast_v5,4127a5882c8c0fae271320f725509d590f4ad1e7ce4bbb8bf792c37e1a57b874,07b257405f757223,,7f2c28259e562184,B3,16,16,fb2e41a2d7,1,synthetic:road-v5,ok,clean|clip_road_fast_v5|clean|rep1|seed20240909,3.0236
clean,,nan,clip_road_fast_v5,4127a5882c8c0fae271320f725509d590f4ad1e7ce4bbb8bf792c37e1a57b874,07b257405f757223,,64302f62cb03fe10,B3,16,16,fb2e41a2d7,2,synthetic:road-v5,ok,clean|clip_road_fast_v5|clean|rep2|seed20240909,3.0166
clean,,nan,clip_road_fast_v5,4127a5882c8c0fae271320f725509d590f4ad1e7ce4bbb8bf792c37e1a57b874,07b257405f757223,,130d8c43234da110,B3,16,16,fb2e41a2d7,4,synthetic:road-v5,ok,clean|clip_road_fast_v5|clean|rep4|seed20240909,3.0252
clean,,nan,clip_road_fast_v5,4127a5882c8c0fae271320f725509d590f4ad1e7ce4bbb8bf792c37e1a57b874,07b257405f757223,,82bd3a3a95041ab1,B3,16,16,fb2e41a2d7,3,synthetic:road-v5,ok,clean|clip_road_fast_v5|clean|rep3|seed20240909,3.0681
mild,,nan,clip_road_fast_v5,4127a5882c8c0fae271320f725509d590f4ad1e7ce4bbb8bf792c37e1a57b874,07b257405f757223,,01ec0ef1166e7874,B3,16,16,fb2e41a2d7,1,synthetic:road-v5,ok,mild|clip_road_fast_v5|mild|rep1|seed20240909,3.1996
mild,,nan,clip_road_fast_v5,4127a5882c8c0fae271320f725509d590f4ad1e7ce4bbb8bf792c37e1a57b874,07b257405f757223,,72e35ac909c023f1,B3,16,16,fb2e41a2d7,0,synthetic:road-v5,ok,mild|clip_road_fast_v5|mild|rep0|seed20240909,3.2178
mild,,nan,clip_road_fast_v5,4127a5882c8c0fae271320f725509d590f4ad1e7ce4bbb8bf792c37e1a57b874,07b257405f757223,,265ca2e36520c684,B3,16,16,fb2e41a2d7,2,synthetic:road-v5,ok,mild|clip_road_fast_v5|mild|rep2|seed20240909,3.1721
mild,,nan,clip_road_fast_v5,4127a5882c8c0fae271320f725509d590f4ad1e7ce4bbb8bf792c37e1a57b874,07b257405f757223,,a3335217abc58335,B3,16,16,fb2e41a2d7,3,synthetic:road-v5,ok,mild|clip_road_fast_v5|mild|rep3|seed20240909,3.2177
mild,,nan,clip_road_fast_v5,4127a5882c8c0fae271320f725509d590f4ad1e7ce4bbb8bf792c37e1a57b874,07b257405f757223,,8e2debb5b0b5081f,B3,16,16,fb2e41a2d7,4,synthetic:road-v5,ok,mild|clip_road_fast_v5|mild|rep4|seed20240909,3.2747
moderate,,nan,clip_road_fast_v5,4127a5882c8c0fae271320f725509d590f4ad1e7ce4bbb8bf792c37e1a57b874,07b257405f757223,,6661752bb15fb8d7,B3,16,16,fb2e41a2d7,0,synthetic:road-v5,ok,moderate|clip_road_fast_v5|moderate|rep0|seed20240909,3.9348
moderate,,nan,clip_road_fast_v5,4127a5882c8c0fae271320f725509d590f4ad1e7ce4bbb8bf792c37e1a57b874,07b257405f757223,,d4fb5b5274c3d21d,B3,16,16,fb2e41a2d7,4,synthetic:road-v5,ok,moderate|clip_road_fast_v5|moderate|rep4|seed20240909,3.8448
moderate,,nan,clip_road_fast_v5,4127a5882c8c0fae271320f725509d590f4ad1e7ce4bbb8bf792c37e1a57b874,07b257405f757223,,5de6e3c5db406342,B3,16,16,fb2e41a2d7,1,synthetic:road-v5,ok,moderate|clip_road_fast_v5|moderate|rep1|seed20240909,3.9967
moderate,,nan,clip_road_fast_v5,4127a5882c8c0fae271320f725509d590f4ad1e7ce4bbb8bf792c37e1a57b874,07b257405f757223,,9595b6ddadf9a321,B3,16,16,fb2e41a2d7,3,synthetic:road-v5,ok,moderate|clip_road_fast_v5|moderate|rep3|seed20240909,4.0691
moderate,,nan,clip_road_fast_v5,4127a5882c8c0fae271320f725509d590f4ad1e7ce4bbb8bf792c37e1a57b874,07b257405f757223,,2e3171e01792ebec,B3,16,16,fb2e41a2d7,2,synthetic:road-v5,ok,moderate|clip_road_fast_v5|moderate|rep2|seed20240909,4.1099
bursty,,nan,clip_road_fast_v5,4127a5882c8c0fae271320f725509d590f4ad1e7ce4bbb8bf792c37e1a57b874,07b257405f757223,,9078b79a89d6029a,B3,16,16,fb2e41a2d7,0,synthetic:road-v5,ok,bursty|clip_road_fast_v5|bursty|rep0|seed20240909,4.1771
harsh,,nan,clip_road_fast_v5,4127a5882c8c0fae271320f725509d590f4ad1e7ce4bbb8bf792c37e1a57b874,07b257405f757223,,dbc6051063981ac1,B3,16,16,fb2e41a2d7,0,synthetic:road-v5,ok,harsh|clip_road_fast_v5|harsh|rep0|seed20240909,2.5123
harsh,,nan,clip_road_fast_v5,4127a5882c8c0fae271320f725509d590f4ad1e7ce4bbb8bf792c37e1a57b874,07b257405f757223,,2d76a332b50ba3e3,B3,16,16,fb2e41a2d7,1,synthetic:road-v5,ok,harsh|clip_road_fast_v5|harsh|rep1|seed20240909,2.5795
harsh,,nan,clip_road_fast_v5,4127a5882c8c0fae271320f725509d590f4ad1e7ce4bbb8bf792c37e1a57b874,07b257405f757223,,a16a10fa0bd2a18b,B3,16,16,fb2e41a2d7,2,synthetic:road-v5,ok,harsh|clip_road_fast_v5|harsh|rep2|seed20240909,2.6703
harsh,,nan,clip_road_fast_v5,4127a5882c8c0fae271320f725509d590f4ad1e7ce4bbb8bf792c37e1a57b874,07b257405f757223,,e29249ecf115d770,B3,16,16,fb2e41a2d7,3,synthetic:road-v5,ok,harsh|clip_road_fast_v5|harsh|rep3|seed20240909,2.6608
harsh,,nan,clip_road_fast_v5,4127a5882c8c0fae271320f725509d590f4ad1e7ce4bbb8bf792c37e1a57b874,07b257405f757223,,79a8f7678d821e23,B3,16,16,fb2e41a2d7,4,synthetic:road-v5,ok,harsh|clip_road_fast_v5|harsh|rep4|seed20240909,2.6553
bursty,,nan,clip_road_fast_v5,4127a5882c8c0fae271320f725509d590f4ad1e7ce4bbb8bf792c37e1a57b874,07b257405f757223,,c306871c833a81e7,B3,16,16,fb2e41a2d7,1,synthetic:road-v5,ok,bursty|clip_road_fast_v5|bursty|rep1|seed20240909,3.4956
bursty,,nan,clip_road_fast_v5,4127a5882c8c0fae271320f725509d590f4ad1e7ce4bbb8bf792c37e1a57b874,07b257405f757223,,6c05c065e6096501,B3,16,16,fb2e41a2d7,4,synthetic:road-v5,ok,bursty|clip_road_fast_v5|bursty|rep4|seed20240909,3.7862
bursty,,nan,clip_road_fast_v5,4127a5882c8c0fae271320f725509d590f4ad1e7ce4bbb8bf792c37e1a57b874,07b257405f757223,,b015e0dfe2dde9b4,B3,16,16,fb2e41a2d7,3,synthetic:road-v5,ok,bursty|clip_road_fast_v5|bursty|rep3|seed20240909,3.9356
bursty,,nan,clip_road_fast_v5,4127a5882c8c0fae271320f725509d590f4ad1e7ce4bbb8bf792c37e1a57b874,07b257405f757223,,edcab458670b6100,B3,16,16,fb2e41a2d7,2,synthetic:road-v5,ok,bursty|clip_road_fast_v5|bursty|rep2|seed20240909,4.0226
clean,,nan,clip_road_fast_v5,4127a5882c8c0fae271320f725509d590f4ad1e7ce4bbb8bf792c37e1a57b874,07b257405f757223,,de132062b93e70eb,B4,16,16,fb2e41a2d7,0,synthetic:road-v5,ok,clean|clip_road_fast_v5|clean|rep0|seed20240909,5.7981
clean,,nan,clip_road_fast_v5,4127a5882c8c0fae271320f725509d590f4ad1e7ce4bbb8bf792c37e1a57b874,07b257405f757223,,b33efcd6fd452da8,B4,16,16,fb2e41a2d7,1,synthetic:road-v5,ok,clean|clip_road_fast_v5|clean|rep1|seed20240909,5.8254
clean,,nan,clip_road_fast_v5,4127a5882c8c0fae271320f725509d590f4ad1e7ce4bbb8bf792c37e1a57b874,07b257405f757223,,e764a558adc7daba,B4,16,16,fb2e41a2d7,2,synthetic:road-v5,ok,clean|clip_road_fast_v5|clean|rep2|seed20240909,5.7966
clean,,nan,clip_road_fast_v5,4127a5882c8c0fae271320f725509d590f4ad1e7ce4bbb8bf792c37e1a57b874,07b257405f757223,,a4359c38abab0386,B4,16,16,fb2e41a2d7,3,synthetic:road-v5,ok,clean|clip_road_fast_v5|clean|rep3|seed20240909,5.7954
clean,,nan,clip_road_fast_v5,4127a5882c8c0fae271320f725509d590f4ad1e7ce4bbb8bf792c37e1a57b874,07b257405f757223,,522701b5e12b0f43,B4,16,16,fb2e41a2d7,4,synthetic:road-v5,ok,clean|clip_road_fast_v5|clean|rep4|seed20240909,5.7941
mild,,nan,clip_road_fast_v5,4127a5882c8c0fae271320f725509d590f4ad1e7ce4bbb8bf792c37e1a57b874,07b257405f757223,,f34d4268379572f1,B4,16,16,fb2e41a2d7,0,synthetic:road-v5,ok,mild|clip_road_fast_v5|mild|rep0|seed20240909,6.1092
mild,,nan,clip_road_fast_v5,4127a5882c8c0fae271320f725509d590f4ad1e7ce4bbb8bf792c37e1a57b874,07b257405f757223,,ca8d7ab21427c9ac,B4,16,16,fb2e41a2d7,1,synthetic:road-v5,ok,mild|clip_road_fast_v5|mild|rep1|seed20240909,6.1477
mild,,nan,clip_road_fast_v5,4127a5882c8c0fae271320f725509d590f4ad1e7ce4bbb8bf792c37e1a57b874,07b257405f757223,,423ba01a8e3b949a,B4,16,16,fb2e41a2d7,2,synthetic:road-v5,ok,mild|clip_road_fast_v5|mild|rep2|seed20240909,6.1185
mild,,nan,clip_road_fast_v5,4127a5882c8c0fae271320f725509d590f4ad1e7ce4bbb8bf792c37e1a57b874,07b257405f757223,,68c4d6109217d575,B4,16,16,fb2e41a2d7,3,synthetic:road-v5,ok,mild|clip_road_fast_v5|mild|rep3|seed20240909,6.1241
mild,,nan,clip_road_fast_v5,4127a5882c8c0fae271320f725509d590f4ad1e7ce4bbb8bf792c37e1a57b874,07b257405f757223,,f11ad946d0731b66,B4,16,16,fb2e41a2d7,4,synthetic:road-v5,ok,mild|clip_road_fast_v5|mild|rep4|seed20240909,6.1503
harsh,,nan,clip_road_fast_v5,4127a5882c8c0fae271320f725509d590f4ad1e7ce4bbb8bf792c37e1a57b874,07b257405f757223,,2454e78058a85611,B4,16,16,fb2e41a2d7,0,synthetic:road-v5,ok,harsh|clip_road_fast_v5|harsh|rep0|seed20240909,4.0144
harsh,,nan,clip_road_fast_v5,4127a5882c8c0fae271320f725509d590f4ad1e7ce4bbb8bf792c37e1a57b874,07b257405f757223,,b122fab24562eeb0,B4,16,16,fb2e41a2d7,1,synthetic:road-v5,ok,harsh|clip_road_fast_v5|harsh|rep1|seed20240909,4.0067
harsh,,nan,clip_road_fast_v5,4127a5882c8c0fae271320f725509d590f4ad1e7ce4bbb8bf792c37e1a57b874,07b257405f757223,,3f4a332674c03223,B4,16,16,fb2e41a2d7,2,synthetic:road-v5,ok,harsh|clip_road_fast_v5|harsh|rep2|seed20240909,3.8686
harsh,,nan,clip_road_fast_v5,4127a5882c8c0fae271320f725509d590f4ad1e7ce4bbb8bf792c37e1a57b874,07b257405f757223,,dfce4951a59ca875,B4,16,16,fb2e41a2d7,3,synthetic:road-v5,ok,harsh|clip_road_fast_v5|harsh|rep3|seed20240909,3.8564
moderate,,nan,clip_road_fast_v5,4127a5882c8c0fae271320f725509d590f4ad1e7ce4bbb8bf792c37e1a57b874,07b257405f757223,,5f709657f63f4f69,B4,16,16,fb2e41a2d7,1,synthetic:road-v5,ok,moderate|clip_road_fast_v5|moderate|rep1|seed20240909,9.5971
moderate,,nan,clip_road_fast_v5,4127a5882c8c0fae271320f725509d590f4ad1e7ce4bbb8bf792c37e1a57b874,07b257405f757223,,d4e630e1ca99d64b,B4,16,16,fb2e41a2d7,4,synthetic:road-v5,ok,moderate|clip_road_fast_v5|moderate|rep4|seed20240909,9.1342
moderate,,nan,clip_road_fast_v5,4127a5882c8c0fae271320f725509d590f4ad1e7ce4bbb8bf792c37e1a57b874,07b257405f757223,,19a6c25781fd9598,B4,16,16,fb2e41a2d7,0,synthetic:road-v5,ok,moderate|clip_road_fast_v5|moderate|rep0|seed20240909,9.7627
harsh,,nan,clip_road_fast_v5,4127a5882c8c0fae271320f725509d590f4ad1e7ce4bbb8bf792c37e1a57b874,07b257405f757223,,367e929101e0f78b,B4,16,16,fb2e41a2d7,4,synthetic:road-v5,ok,harsh|clip_road_fast_v5|harsh|rep4|seed20240909,3.9237
moderate,,nan,clip_road_fast_v5,4127a5882c8c0fae271320f725509d590f4ad1e7ce4bbb8bf792c37e1a57b874,07b257405f757223,,25e2f6b2ef357b76,B4,16,16,fb2e41a2d7,2,synthetic:road-v5,ok,moderate|clip_road_fast_v5|moderate|rep2|seed20240909,9.8472
moderate,,nan,clip_road_fast_v5,4127a5882c8c0fae271320f725509d590f4ad1e7ce4bbb8bf792c37e1a57b874,07b257405f757223,,69693d89710fd9cf,B4,16,16,fb2e41a2d7,3,synthetic:road-v5,ok,moderate|clip_road_fast_v5|moderate|rep3|seed20240909,9.4976
bursty,,nan,clip_road_fast_v5,4127a5882c8c0fae271320f725509d590f4ad1e7ce4bbb8bf792c37e1a57b874,07b257405f757223,,bdc13256dfab179f,B4,16,16,fb2e41a2d7,0,synthetic:road-v5,ok,bursty|clip_road_fast_v5|bursty|rep0|seed20240909,9.388
bursty,,nan,clip_road_fast_v5,4127a5882c8c0fae271320f725509d590f4ad1e7ce4bbb8bf792c37e1a57b874,07b257405f757223,,f735bbb853f5a754,B4,16,16,fb2e41a2d7,1,synthetic:road-v5,ok,bursty|clip_road_fast_v5|bursty|rep1|seed20240909,9.0302
bursty,,nan,clip_road_fast_v5,4127a5882c8c0fae271320f725509d590f4ad1e7ce4bbb8bf792c37e1a57b874,07b257405f757223,,db469cd23eeb6c66,B4,16,16,fb2e41a2d7,3,synthetic:road-v5,ok,bursty|clip_road_fast_v5|bursty|rep3|seed20240909,9.0421
bursty,,nan,clip_road_fast_v5,4127a5882c8c0fae271320f725509d590f4ad1e7ce4bbb8bf792c37e1a57b874,07b257405f757223,,3d0e8b16e98249af,B4,16,16,fb2e41a2d7,4,synthetic:road-v5,ok,bursty|clip_road_fast_v5|bursty|rep4|seed20240909,9.2982
bursty,,nan,clip_road_fast_v5,4127a5882c8c0fae271320f725509d590f4ad1e7ce4bbb8bf792c37e1a57b874,07b257405f757223,,c8f787804ba1e706,B4,16,16,fb2e41a2d7,2,synthetic:road-v5,ok,bursty|clip_road_fast_v5|bursty|rep2|seed20240909,9.6552
clean,,nan,clip_road_fast_v5,4127a5882c8c0fae271320f725509d590f4ad1e7ce4bbb8bf792c37e1a57b874,07b257405f757223,,50c52a206ea74c7e,P,16,16,8da29d3843,0,synthetic:road-v5,ok,clean|clip_road_fast_v5|clean|rep0|seed20240909,9.6536
clean,,nan,clip_road_fast_v5,4127a5882c8c0fae271320f725509d590f4ad1e7ce4bbb8bf792c37e1a57b874,07b257405f757223,,4fc6dc2dd99b6827,P,16,16,8da29d3843,1,synthetic:road-v5,ok,clean|clip_road_fast_v5|clean|rep1|seed20240909,9.6295
clean,,nan,clip_road_fast_v5,4127a5882c8c0fae271320f725509d590f4ad1e7ce4bbb8bf792c37e1a57b874,07b257405f757223,,0b3ae604437bf1f3,P,16,16,8da29d3843,2,synthetic:road-v5,ok,clean|clip_road_fast_v5|clean|rep2|seed20240909,9.5583
clean,,nan,clip_road_fast_v5,4127a5882c8c0fae271320f725509d590f4ad1e7ce4bbb8bf792c37e1a57b874,07b257405f757223,,e1e9aa3fce39a4a0,P,16,16,8da29d3843,3,synthetic:road-v5,ok,clean|clip_road_fast_v5|clean|rep3|seed20240909,9.6155
clean,,nan,clip_road_fast_v5,4127a5882c8c0fae271320f725509d590f4ad1e7ce4bbb8bf792c37e1a57b874,07b257405f757223,,475bb154ea92a33e,P,16,16,8da29d3843,4,synthetic:road-v5,ok,clean|clip_road_fast_v5|clean|rep4|seed20240909,9.5543
mild,,nan,clip_road_fast_v5,4127a5882c8c0fae271320f725509d590f4ad1e7ce4bbb8bf792c37e1a57b874,07b257405f757223,,53201226c6f98954,P,16,16,8da29d3843,0,synthetic:road-v5,ok,mild|clip_road_fast_v5|mild|rep0|seed20240909,10.0186
mild,,nan,clip_road_fast_v5,4127a5882c8c0fae271320f725509d590f4ad1e7ce4bbb8bf792c37e1a57b874,07b257405f757223,,2a69591335014ac1,P,16,16,8da29d3843,1,synthetic:road-v5,ok,mild|clip_road_fast_v5|mild|rep1|seed20240909,10.1411
mild,,nan,clip_road_fast_v5,4127a5882c8c0fae271320f725509d590f4ad1e7ce4bbb8bf792c37e1a57b874,07b257405f757223,,b37040eb5923a216,P,16,16,8da29d3843,2,synthetic:road-v5,ok,mild|clip_road_fast_v5|mild|rep2|seed20240909,10.1395
mild,,nan,clip_road_fast_v5,4127a5882c8c0fae271320f725509d590f4ad1e7ce4bbb8bf792c37e1a57b874,07b257405f757223,,52e0310e119270e3,P,16,16,8da29d3843,3,synthetic:road-v5,ok,mild|clip_road_fast_v5|mild|rep3|seed20240909,10.1045
mild,,nan,clip_road_fast_v5,4127a5882c8c0fae271320f725509d590f4ad1e7ce4bbb8bf792c37e1a57b874,07b257405f757223,,6732c7fc9c5e15da,P,16,16,8da29d3843,4,synthetic:road-v5,ok,mild|clip_road_fast_v5|mild|rep4|seed20240909,10.1152
clean,,nan,clip_targets_slow_v0,ac8617ba67c998bcbe51f93cb28d61eb9e5fe0b4a2b92ad853f2c3ed5eae3281,07b257405f757223,,d8448302d4fbee55,B0a,16,16,fb2e41a2d7,0,synthetic:targets-v0,ok,clean|clip_targets_slow_v0|clean|rep0|seed20240909,0.5819
clean,,nan,clip_targets_slow_v0,ac8617ba67c998bcbe51f93cb28d61eb9e5fe0b4a2b92ad853f2c3ed5eae3281,07b257405f757223,,3dc989799ee2d0d5,B0a,16,16,fb2e41a2d7,1,synthetic:targets-v0,ok,clean|clip_targets_slow_v0|clean|rep1|seed20240909,0.5601
clean,,nan,clip_targets_slow_v0,ac8617ba67c998bcbe51f93cb28d61eb9e5fe0b4a2b92ad853f2c3ed5eae3281,07b257405f757223,,c1ab4489706084b0,B0a,16,16,fb2e41a2d7,2,synthetic:targets-v0,ok,clean|clip_targets_slow_v0|clean|rep2|seed20240909,0.5697
clean,,nan,clip_targets_slow_v0,ac8617ba67c998bcbe51f93cb28d61eb9e5fe0b4a2b92ad853f2c3ed5eae3281,07b257405f757223,,85cd3cb38d5327db,B0a,16,16,fb2e41a2d7,3,synthetic:targets-v0,ok,clean|clip_targets_slow_v0|clean|rep3|seed20240909,0.5786
clean,,nan,clip_targets_slow_v0,ac8617ba67c998bcbe51f93cb28d61eb9e5fe0b4a2b92ad853f2c3ed5eae3281,07b257405f757223,,be50a2d2baba06fa,B0a,16,16,fb2e41a2d7,4,synthetic:targets-v0,ok,clean|clip_targets_slow_v0|clean|rep4|seed20240909,0.531
mild,,nan,clip_targets_slow_v0,ac8617ba67c998bcbe51f93cb28d61eb9e5fe0b4a2b92ad853f2c3ed5eae3281,07b257405f757223,,843237c1160a8a4b,B0a,16,16,fb2e41a2d7,0,synthetic:targets-v0,ok,mild|clip_targets_slow_v0|mild|rep0|seed20240909,0.715
mild,,nan,clip_targets_slow_v0,ac8617ba67c998bcbe51f93cb28d61eb9e5fe0b4a2b92ad853f2c3ed5eae3281,07b257405f757223,,dada6bd563ba2c26,B0a,16,16,fb2e41a2d7,1,synthetic:targets-v0,ok,mild|clip_targets_slow_v0|mild|rep1|seed20240909,0.7478
harsh,,nan,clip_road_fast_v5,4127a5882c8c0fae271320f725509d590f4ad1e7ce4bbb8bf792c37e1a57b874,07b257405f757223,,8cacd879665918ed,P,16,16,8da29d3843,0,synthetic:road-v5,ok,harsh|clip_road_fast_v5|harsh|rep0|seed20240909,6.0395
mild,,nan,clip_targets_slow_v0,ac8617ba67c998bcbe51f93cb28d61eb9e5fe0b4a2b92ad853f2c3ed5eae3281,07b257405f757223,,55563bd9f44b6734,B0a,16,16,fb2e41a2d7,2,synthetic:targets-v0,ok,mild|clip_targets_slow_v0|mild|rep2|seed20240909,0.7803
mild,,nan,clip_targets_slow_v0,ac8617ba67c998bcbe51f93cb28d61eb9e5fe0b4a2b92ad853f2c3ed5eae3281,07b257405f757223,,da5d1731a241eb8c,B0a,16,16,fb2e41a2d7,3,synthetic:targets-v0,ok,mild|clip_targets_slow_v0|mild|rep3|seed20240909,0.7505
harsh,,nan,clip_road_fast_v5,4127a5882c8c0fae271320f725509d590f4ad1e7ce4bbb8bf792c37e1a57b874,07b257405f757223,,a172c4677a7e83e3,P,16,16,8da29d3843,3,synthetic:road-v5,ok,harsh|clip_road_fast_v5|harsh|rep3|seed20240909,5.8688
harsh,,nan,clip_road_fast_v5,4127a5882c8c0fae271320f725509d590f4ad1e7ce4bbb8bf792c37e1a57b874,07b257405f757223,,bd63a1cad788bf15,P,16,16,8da29d3843,1,synthetic:road-v5,ok,harsh|clip_road_fast_v5|harsh|rep1|seed20240909,6.1396
harsh,,nan,clip_road_fast_v5,4127a5882c8c0fae271320f725509d590f4ad1e7ce4bbb8bf792c37e1a57b874,07b257405f757223,,29b210ad442a3ba3,P,16,16,8da29d3843,2,synthetic:road-v5,ok,harsh|clip_road_fast_v5|harsh|rep2|seed20240909,6.0167
mild,,nan,clip_targets_slow_v0,ac8617ba67c998bcbe51f93cb28d61eb9e5fe0b4a2b92ad853f2c3ed5eae3281,07b257405f757223,,ddb62160feabda36,B0a,16,16,fb2e41a2d7,4,synthetic:targets-v0,ok,mild|clip_targets_slow_v0|mild|rep4|seed20240909,0.7542
harsh,,nan,clip_road_fast_v5,4127a5882c8c0fae271320f725509d590f4ad1e7ce4bbb8bf792c37e1a57b874,07b257405f757223,,1dad57c51bdbdfe1,P,16,16,8da29d3843,4,synthetic:road-v5,ok,harsh|clip_road_fast_v5|harsh|rep4|seed20240909,6.1081
moderate,,nan,clip_targets_slow_v0,ac8617ba67c998bcbe51f93cb28d61eb9e5fe0b4a2b92ad853f2c3ed5eae3281,07b257405f757223,,de9de0b9fe6083ac,B0a,16,16,fb2e41a2d7,0,synthetic:targets-v0,ok,moderate|clip_targets_slow_v0|moderate|rep0|seed20240909,0.8165
moderate,,nan,clip_targets_slow_v0,ac8617ba67c998bcbe51f93cb28d61eb9e5fe0b4a2b92ad853f2c3ed5eae3281,07b257405f757223,,73eeec2962d67b2b,B0a,16,16,fb2e41a2d7,1,synthetic:targets-v0,ok,moderate|clip_targets_slow_v0|moderate|rep1|seed20240909,0.8339
moderate,,nan,clip_targets_slow_v0,ac8617ba67c998bcbe51f93cb28d61eb9e5fe0b4a2b92ad853f2c3ed5eae3281,07b257405f757223,,81d9d7b53e075b26,B0a,16,16,fb2e41a2d7,2,synthetic:targets-v0,ok,moderate|clip_targets_slow_v0|moderate|rep2|seed20240909,0.8107
moderate,,nan,clip_targets_slow_v0,ac8617ba67c998bcbe51f93cb28d61eb9e5fe0b4a2b92ad853f2c3ed5eae3281,07b257405f757223,,01db2086b9e67f68,B0a,16,16,fb2e41a2d7,3,synthetic:targets-v0,ok,moderate|clip_targets_slow_v0|moderate|rep3|seed20240909,0.8347
moderate,,nan,clip_targets_slow_v0,ac8617ba67c998bcbe51f93cb28d61eb9e5fe0b4a2b92ad853f2c3ed5eae3281,07b257405f757223,,2629199829772823,B0a,16,16,fb2e41a2d7,4,synthetic:targets-v0,ok,moderate|clip_targets_slow_v0|moderate|rep4|seed20240909,0.8251
bursty,,nan,clip_targets_slow_v0,ac8617ba67c998bcbe51f93cb28d61eb9e5fe0b4a2b92ad853f2c3ed5eae3281,07b257405f757223,,01c471a188a94c1b,B0a,16,16,fb2e41a2d7,0,synthetic:targets-v0,ok,bursty|clip_targets_slow_v0|bursty|rep0|seed20240909,0.8102
bursty,,nan,clip_targets_slow_v0,ac8617ba67c998bcbe51f93cb28d61eb9e5fe0b4a2b92ad853f2c3ed5eae3281,07b257405f757223,,0eff12bce305fba8,B0a,16,16,fb2e41a2d7,1,synthetic:targets-v0,ok,bursty|clip_targets_slow_v0|bursty|rep1|seed20240909,0.8147
moderate,,nan,clip_road_fast_v5,4127a5882c8c0fae271320f725509d590f4ad1e7ce4bbb8bf792c37e1a57b874,07b257405f757223,,5764219fc1a7d743,P,16,16,8da29d3843,0,synthetic:road-v5,ok,moderate|clip_road_fast_v5|moderate|rep0|seed20240909,17.3148
bursty,,nan,clip_targets_slow_v0,ac8617ba67c998bcbe51f93cb28d61eb9e5fe0b4a2b92ad853f2c3ed5eae3281,07b257405f757223,,cb0ff01f2a95a3d6,B0a,16,16,fb2e41a2d7,2,synthetic:targets-v0,ok,bursty|clip_targets_slow_v0|bursty|rep2|seed20240909,0.8093
bursty,,nan,clip_targets_slow_v0,ac8617ba67c998bcbe51f93cb28d61eb9e5fe0b4a2b92ad853f2c3ed5eae3281,07b257405f757223,,daeeb1e6c017e895,B0a,16,16,fb2e41a2d7,3,synthetic:targets-v0,ok,bursty|clip_targets_slow_v0|bursty|rep3|seed20240909,0.856
bursty,,nan,clip_targets_slow_v0,ac8617ba67c998bcbe51f93cb28d61eb9e5fe0b4a2b92ad853f2c3ed5eae3281,07b257405f757223,,80164c11d63aad94,B0a,16,16,fb2e41a2d7,4,synthetic:targets-v0,ok,bursty|clip_targets_slow_v0|bursty|rep4|seed20240909,0.8485
moderate,,nan,clip_road_fast_v5,4127a5882c8c0fae271320f725509d590f4ad1e7ce4bbb8bf792c37e1a57b874,07b257405f757223,,062ea243f96e05a4,P,16,16,8da29d3843,1,synthetic:road-v5,ok,moderate|clip_road_fast_v5|moderate|rep1|seed20240909,17.5486
harsh,,nan,clip_targets_slow_v0,ac8617ba67c998bcbe51f93cb28d61eb9e5fe0b4a2b92ad853f2c3ed5eae3281,07b257405f757223,,421efb19ffb75599,B0a,16,16,fb2e41a2d7,0,synthetic:targets-v0,ok,harsh|clip_targets_slow_v0|harsh|rep0|seed20240909,0.8687
harsh,,nan,clip_targets_slow_v0,ac8617ba67c998bcbe51f93cb28d61eb9e5fe0b4a2b92ad853f2c3ed5eae3281,07b257405f757223,,578528aaddc523ca,B0a,16,16,fb2e41a2d7,1,synthetic:targets-v0,ok,harsh|clip_targets_slow_v0|harsh|rep1|seed20240909,0.8181
harsh,,nan,clip_targets_slow_v0,ac8617ba67c998bcbe51f93cb28d61eb9e5fe0b4a2b92ad853f2c3ed5eae3281,07b257405f757223,,33693b852aedffd3,B0a,16,16,fb2e41a2d7,2,synthetic:targets-v0,ok,harsh|clip_targets_slow_v0|harsh|rep2|seed20240909,0.8349
harsh,,nan,clip_targets_slow_v0,ac8617ba67c998bcbe51f93cb28d61eb9e5fe0b4a2b92ad853f2c3ed5eae3281,07b257405f757223,,44320f1bec895285,B0a,16,16,fb2e41a2d7,3,synthetic:targets-v0,ok,harsh|clip_targets_slow_v0|harsh|rep3|seed20240909,0.8429
harsh,,nan,clip_targets_slow_v0,ac8617ba67c998bcbe51f93cb28d61eb9e5fe0b4a2b92ad853f2c3ed5eae3281,07b257405f757223,,fad942aafa1326b5,B0a,16,16,fb2e41a2d7,4,synthetic:targets-v0,ok,harsh|clip_targets_slow_v0|harsh|rep4|seed20240909,0.8463
clean,,nan,clip_targets_slow_v0,ac8617ba67c998bcbe51f93cb28d61eb9e5fe0b4a2b92ad853f2c3ed5eae3281,07b257405f757223,,99d49fefcb90fe4e,B0a-R,16,16,fb2e41a2d7,0,synthetic:targets-v0,ok,clean|clip_targets_slow_v0|clean|rep0|seed20240909,1.5406
clean,,nan,clip_targets_slow_v0,ac8617ba67c998bcbe51f93cb28d61eb9e5fe0b4a2b92ad853f2c3ed5eae3281,07b257405f757223,,6e67f53042b37471,B0a-R,16,16,fb2e41a2d7,1,synthetic:targets-v0,ok,clean|clip_targets_slow_v0|clean|rep1|seed20240909,1.5812
clean,,nan,clip_targets_slow_v0,ac8617ba67c998bcbe51f93cb28d61eb9e5fe0b4a2b92ad853f2c3ed5eae3281,07b257405f757223,,5f25318637ae927f,B0a-R,16,16,fb2e41a2d7,3,synthetic:targets-v0,ok,clean|clip_targets_slow_v0|clean|rep3|seed20240909,1.6002
clean,,nan,clip_targets_slow_v0,ac8617ba67c998bcbe51f93cb28d61eb9e5fe0b4a2b92ad853f2c3ed5eae3281,07b257405f757223,,8b17242b4064ae1f,B0a-R,16,16,fb2e41a2d7,2,synthetic:targets-v0,ok,clean|clip_targets_slow_v0|clean|rep2|seed20240909,1.6285
clean,,nan,clip_targets_slow_v0,ac8617ba67c998bcbe51f93cb28d61eb9e5fe0b4a2b92ad853f2c3ed5eae3281,07b257405f757223,,3c8869fe6b499a38,B0a-R,16,16,fb2e41a2d7,4,synthetic:targets-v0,ok,clean|clip_targets_slow_v0|clean|rep4|seed20240909,1.5793
moderate,,nan,clip_road_fast_v5,4127a5882c8c0fae271320f725509d590f4ad1e7ce4bbb8bf792c37e1a57b874,07b257405f757223,,8ea2d281d2822109,P,16,16,8da29d3843,2,synthetic:road-v5,ok,moderate|clip_road_fast_v5|moderate|rep2|seed20240909,17.2134
mild,,nan,clip_targets_slow_v0,ac8617ba67c998bcbe51f93cb28d61eb9e5fe0b4a2b92ad853f2c3ed5eae3281,07b257405f757223,,2da275db73f238b0,B0a-R,16,16,fb2e41a2d7,0,synthetic:targets-v0,ok,mild|clip_targets_slow_v0|mild|rep0|seed20240909,2.0979
mild,,nan,clip_targets_slow_v0,ac8617ba67c998bcbe51f93cb28d61eb9e5fe0b4a2b92ad853f2c3ed5eae3281,07b257405f757223,,3236d537c1b964df,B0a-R,16,16,fb2e41a2d7,1,synthetic:targets-v0,ok,mild|clip_targets_slow_v0|mild|rep1|seed20240909,2.119
mild,,nan,clip_targets_slow_v0,ac8617ba67c998bcbe51f93cb28d61eb9e5fe0b4a2b92ad853f2c3ed5eae3281,07b257405f757223,,2a18039e3a109acc,B0a-R,16,16,fb2e41a2d7,2,synthetic:targets-v0,ok,mild|clip_targets_slow_v0|mild|rep2|seed20240909,2.1338
bursty,,nan,clip_road_fast_v5,4127a5882c8c0fae271320f725509d590f4ad1e7ce4bbb8bf792c37e1a57b874,07b257405f757223,,c443df279514f6ce,P,16,16,8da29d3843,0,synthetic:road-v5,ok,bursty|clip_road_fast_v5|bursty|rep0|seed20240909,16.7161
moderate,,nan,clip_road_fast_v5,4127a5882c8c0fae271320f725509d590f4ad1e7ce4bbb8bf792c37e1a57b874,07b257405f757223,,b6bbd5810ce3870e,P,16,16,8da29d3843,4,synthetic:road-v5,ok,moderate|clip_road_fast_v5|moderate|rep4|seed20240909,17.1022
moderate,,nan,clip_road_fast_v5,4127a5882c8c0fae271320f725509d590f4ad1e7ce4bbb8bf792c37e1a57b874,07b257405f757223,,dfcf15d31c5db635,P,16,16,8da29d3843,3,synthetic:road-v5,ok,moderate|clip_road_fast_v5|moderate|rep3|seed20240909,17.4988
mild,,nan,clip_targets_slow_v0,ac8617ba67c998bcbe51f93cb28d61eb9e5fe0b4a2b92ad853f2c3ed5eae3281,07b257405f757223,,d7345f492818b57e,B0a-R,16,16,fb2e41a2d7,3,synthetic:targets-v0,ok,mild|clip_targets_slow_v0|mild|rep3|seed20240909,2.1384
mild,,nan,clip_targets_slow_v0,ac8617ba67c998bcbe51f93cb28d61eb9e5fe0b4a2b92ad853f2c3ed5eae3281,07b257405f757223,,716f8f61a61d08c4,B0a-R,16,16,fb2e41a2d7,4,synthetic:targets-v0,ok,mild|clip_targets_slow_v0|mild|rep4|seed20240909,2.0867
moderate,,nan,clip_targets_slow_v0,ac8617ba67c998bcbe51f93cb28d61eb9e5fe0b4a2b92ad853f2c3ed5eae3281,07b257405f757223,,7c67ed291f431d22,B0a-R,16,16,fb2e41a2d7,1,synthetic:targets-v0,ok,moderate|clip_targets_slow_v0|moderate|rep1|seed20240909,2.2948
moderate,,nan,clip_targets_slow_v0,ac8617ba67c998bcbe51f93cb28d61eb9e5fe0b4a2b92ad853f2c3ed5eae3281,07b257405f757223,,63b4ed18230dfcab,B0a-R,16,16,fb2e41a2d7,0,synthetic:targets-v0,ok,moderate|clip_targets_slow_v0|moderate|rep0|seed20240909,2.3845
moderate,,nan,clip_targets_slow_v0,ac8617ba67c998bcbe51f93cb28d61eb9e5fe0b4a2b92ad853f2c3ed5eae3281,07b257405f757223,,9b5b0455463269ab,B0a-R,16,16,fb2e41a2d7,2,synthetic:targets-v0,ok,moderate|clip_targets_slow_v0|moderate|rep2|seed20240909,2.3381
moderate,,nan,clip_targets_slow_v0,ac8617ba67c998bcbe51f93cb28d61eb9e5fe0b4a2b92ad853f2c3ed5eae3281,07b257405f757223,,ae343e99fcc9b3ee,B0a-R,16,16,fb2e41a2d7,3,synthetic:targets-v0,ok,moderate|clip_targets_slow_v0|moderate|rep3|seed20240909,2.354
moderate,,nan,clip_targets_slow_v0,ac8617ba67c998bcbe51f93cb28d61eb9e5fe0b4a2b92ad853f2c3ed5eae3281,07b257405f757223,,93904cdf5996c2bc,B0a-R,16,16,fb2e41a2d7,4,synthetic:targets-v0,ok,moderate|clip_targets_slow_v0|moderate|rep4|seed20240909,2.3512
bursty,,nan,clip_targets_slow_v0,ac8617ba67c998bcbe51f93cb28d61eb9e5fe0b4a2b92ad853f2c3ed5eae3281,07b257405f757223,,b453afd8fe960b9e,B0a-R,16,16,fb2e41a2d7,0,synthetic:targets-v0,ok,bursty|clip_targets_slow_v0|bursty|rep0|seed20240909,2.2485
bursty,,nan,clip_targets_slow_v0,ac8617ba67c998bcbe51f93cb28d61eb9e5fe0b4a2b92ad853f2c3ed5eae3281,07b257405f757223,,15dad586e78f86f6,B0a-R,16,16,fb2e41a2d7,1,synthetic:targets-v0,ok,bursty|clip_targets_slow_v0|bursty|rep1|seed20240909,2.2179
bursty,,nan,clip_road_fast_v5,4127a5882c8c0fae271320f725509d590f4ad1e7ce4bbb8bf792c37e1a57b874,07b257405f757223,,2c105b887152825d,P,16,16,8da29d3843,1,synthetic:road-v5,ok,bursty|clip_road_fast_v5|bursty|rep1|seed20240909,17.0075
bursty,,nan,clip_targets_slow_v0,ac8617ba67c998bcbe51f93cb28d61eb9e5fe0b4a2b92ad853f2c3ed5eae3281,07b257405f757223,,b3cceaa01b93f728,B0a-R,16,16,fb2e41a2d7,2,synthetic:targets-v0,ok,bursty|clip_targets_slow_v0|bursty|rep2|seed20240909,2.2822
bursty,,nan,clip_targets_slow_v0,ac8617ba67c998bcbe51f93cb28d61eb9e5fe0b4a2b92ad853f2c3ed5eae3281,07b257405f757223,,585d629e09139420,B0a-R,16,16,fb2e41a2d7,3,synthetic:targets-v0,ok,bursty|clip_targets_slow_v0|bursty|rep3|seed20240909,2.2788
bursty,,nan,clip_targets_slow_v0,ac8617ba67c998bcbe51f93cb28d61eb9e5fe0b4a2b92ad853f2c3ed5eae3281,07b257405f757223,,e4343b00eebfb609,B0a-R,16,16,fb2e41a2d7,4,synthetic:targets-v0,ok,bursty|clip_targets_slow_v0|bursty|rep4|seed20240909,2.2284
harsh,,nan,clip_targets_slow_v0,ac8617ba67c998bcbe51f93cb28d61eb9e5fe0b4a2b92ad853f2c3ed5eae3281,07b257405f757223,,f4a0d1be01cd52ba,B0a-R,16,16,fb2e41a2d7,0,synthetic:targets-v0,ok,harsh|clip_targets_slow_v0|harsh|rep0|seed20240909,2.3472
harsh,,nan,clip_targets_slow_v0,ac8617ba67c998bcbe51f93cb28d61eb9e5fe0b4a2b92ad853f2c3ed5eae3281,07b257405f757223,,0b9e42fb28c5a7bc,B0a-R,16,16,fb2e41a2d7,1,synthetic:targets-v0,ok,harsh|clip_targets_slow_v0|harsh|rep1|seed20240909,2.3389
harsh,,nan,clip_targets_slow_v0,ac8617ba67c998bcbe51f93cb28d61eb9e5fe0b4a2b92ad853f2c3ed5eae3281,07b257405f757223,,f2a0413ed3ba612a,B0a-R,16,16,fb2e41a2d7,2,synthetic:targets-v0,ok,harsh|clip_targets_slow_v0|harsh|rep2|seed20240909,2.3021
harsh,,nan,clip_targets_slow_v0,ac8617ba67c998bcbe51f93cb28d61eb9e5fe0b4a2b92ad853f2c3ed5eae3281,07b257405f757223,,0fa20fc5a9a20e1f,B0a-R,16,16,fb2e41a2d7,3,synthetic:targets-v0,ok,harsh|clip_targets_slow_v0|harsh|rep3|seed20240909,2.2804
harsh,,nan,clip_targets_slow_v0,ac8617ba67c998bcbe51f93cb28d61eb9e5fe0b4a2b92ad853f2c3ed5eae3281,07b257405f757223,,ca41d365e37865e5,B0a-R,16,16,fb2e41a2d7,4,synthetic:targets-v0,ok,harsh|clip_targets_slow_v0|harsh|rep4|seed20240909,2.3421
bursty,,nan,clip_road_fast_v5,4127a5882c8c0fae271320f725509d590f4ad1e7ce4bbb8bf792c37e1a57b874,07b257405f757223,,312cf39a24f0596f,P,16,16,8da29d3843,3,synthetic:road-v5,ok,bursty|clip_road_fast_v5|bursty|rep3|seed20240909,16.6411
bursty,,nan,clip_road_fast_v5,4127a5882c8c0fae271320f725509d590f4ad1e7ce4bbb8bf792c37e1a57b874,07b257405f757223,,ee5104f0332e1687,P,16,16,8da29d3843,2,synthetic:road-v5,ok,bursty|clip_road_fast_v5|bursty|rep2|seed20240909,17.0902
bursty,,nan,clip_road_fast_v5,4127a5882c8c0fae271320f725509d590f4ad1e7ce4bbb8bf792c37e1a57b874,07b257405f757223,,1ff25341ba4d4686,P,16,16,8da29d3843,4,synthetic:road-v5,ok,bursty|clip_road_fast_v5|bursty|rep4|seed20240909,17.908
clean,,nan,clip_targets_slow_v0,ac8617ba67c998bcbe51f93cb28d61eb9e5fe0b4a2b92ad853f2c3ed5eae3281,07b257405f757223,,2696916ed5a22ac0,B0d,16,16,fb2e41a2d7,0,synthetic:targets-v0,ok,clean|clip_targets_slow_v0|clean|rep0|seed20240909,4.4867
clean,,nan,clip_targets_slow_v0,ac8617ba67c998bcbe51f93cb28d61eb9e5fe0b4a2b92ad853f2c3ed5eae3281,07b257405f757223,,0db524c7449158f9,B0d,16,16,fb2e41a2d7,2,synthetic:targets-v0,ok,clean|clip_targets_slow_v0|clean|rep2|seed20240909,4.4441
clean,,nan,clip_targets_slow_v0,ac8617ba67c998bcbe51f93cb28d61eb9e5fe0b4a2b92ad853f2c3ed5eae3281,07b257405f757223,,c9970310c4d6f451,B0d,16,16,fb2e41a2d7,1,synthetic:targets-v0,ok,clean|clip_targets_slow_v0|clean|rep1|seed20240909,4.4731
clean,,nan,clip_targets_slow_v0,ac8617ba67c998bcbe51f93cb28d61eb9e5fe0b4a2b92ad853f2c3ed5eae3281,07b257405f757223,,e68f21eb89207543,B0d,16,16,fb2e41a2d7,3,synthetic:targets-v0,ok,clean|clip_targets_slow_v0|clean|rep3|seed20240909,4.4401
clean,,nan,clip_targets_slow_v0,ac8617ba67c998bcbe51f93cb28d61eb9e5fe0b4a2b92ad853f2c3ed5eae3281,07b257405f757223,,636f8c19949f65b6,B0d,16,16,fb2e41a2d7,4,synthetic:targets-v0,ok,clean|clip_targets_slow_v0|clean|rep4|seed20240909,4.4513
mild,,nan,clip_targets_slow_v0,ac8617ba67c998bcbe51f93cb28d61eb9e5fe0b4a2b92ad853f2c3ed5eae3281,07b257405f757223,,c9ec0612eeabf32a,B0d,16,16,fb2e41a2d7,0,synthetic:targets-v0,ok,mild|clip_targets_slow_v0|mild|rep0|seed20240909,4.7875
mild,,nan,clip_targets_slow_v0,ac8617ba67c998bcbe51f93cb28d61eb9e5fe0b4a2b92ad853f2c3ed5eae3281,07b257405f757223,,3895c0aa98734c02,B0d,16,16,fb2e41a2d7,1,synthetic:targets-v0,ok,mild|clip_targets_slow_v0|mild|rep1|seed20240909,4.7649
mild,,nan,clip_targets_slow_v0,ac8617ba67c998bcbe51f93cb28d61eb9e5fe0b4a2b92ad853f2c3ed5eae3281,07b257405f757223,,10e614968c04f7b6,B0d,16,16,fb2e41a2d7,2,synthetic:targets-v0,ok,mild|clip_targets_slow_v0|mild|rep2|seed20240909,4.7756
mild,,nan,clip_targets_slow_v0,ac8617ba67c998bcbe51f93cb28d61eb9e5fe0b4a2b92ad853f2c3ed5eae3281,07b257405f757223,,247597bad23a35a4,B0d,16,16,fb2e41a2d7,3,synthetic:targets-v0,ok,mild|clip_targets_slow_v0|mild|rep3|seed20240909,4.7533
mild,,nan,clip_targets_slow_v0,ac8617ba67c998bcbe51f93cb28d61eb9e5fe0b4a2b92ad853f2c3ed5eae3281,07b257405f757223,,c83b9a349fb151da,B0d,16,16,fb2e41a2d7,4,synthetic:targets-v0,ok,mild|clip_targets_slow_v0|mild|rep4|seed20240909,4.7643
clean,,nan,clip_targets_slow_v0,ac8617ba67c998bcbe51f93cb28d61eb9e5fe0b4a2b92ad853f2c3ed5eae3281,07b257405f757223,,7e4ca2d93feab2a0,B1,16,16,fb2e41a2d7,0,synthetic:targets-v0,ok,clean|clip_targets_slow_v0|clean|rep0|seed20240909,0.5785
clean,,nan,clip_targets_slow_v0,ac8617ba67c998bcbe51f93cb28d61eb9e5fe0b4a2b92ad853f2c3ed5eae3281,07b257405f757223,,38658b22ea69109c,B1,16,16,fb2e41a2d7,1,synthetic:targets-v0,ok,clean|clip_targets_slow_v0|clean|rep1|seed20240909,0.6436
clean,,nan,clip_targets_slow_v0,ac8617ba67c998bcbe51f93cb28d61eb9e5fe0b4a2b92ad853f2c3ed5eae3281,07b257405f757223,,20f357227f864789,B1,16,16,fb2e41a2d7,2,synthetic:targets-v0,ok,clean|clip_targets_slow_v0|clean|rep2|seed20240909,0.5929
harsh,,nan,clip_targets_slow_v0,ac8617ba67c998bcbe51f93cb28d61eb9e5fe0b4a2b92ad853f2c3ed5eae3281,07b257405f757223,,fe2b838c1b753803,B0d,16,16,fb2e41a2d7,0,synthetic:targets-v0,ok,harsh|clip_targets_slow_v0|harsh|rep0|seed20240909,3.4795
clean,,nan,clip_targets_slow_v0,ac8617ba67c998bcbe51f93cb28d61eb9e5fe0b4a2b92ad853f2c3ed5eae3281,07b257405f757223,,f17a185fa08cd40f,B1,16,16,fb2e41a2d7,3,synthetic:targets-v0,ok,clean|clip_targets_slow_v0|clean|rep3|seed20240909,0.5808
harsh,,nan,clip_targets_slow_v0,ac8617ba67c998bcbe51f93cb28d61eb9e5fe0b4a2b92ad853f2c3ed5eae3281,07b257405f757223,,dbdbc39b323d4beb,B0d,16,16,fb2e41a2d7,2,synthetic:targets-v0,ok,harsh|clip_targets_slow_v0|harsh|rep2|seed20240909,3.2822
harsh,,nan,clip_targets_slow_v0,ac8617ba67c998bcbe51f93cb28d61eb9e5fe0b4a2b92ad853f2c3ed5eae3281,07b257405f757223,,a1b7a46327e1916c,B0d,16,16,fb2e41a2d7,1,synthetic:targets-v0,ok,harsh|clip_targets_slow_v0|harsh|rep1|seed20240909,3.3892
harsh,,nan,clip_targets_slow_v0,ac8617ba67c998bcbe51f93cb28d61eb9e5fe0b4a2b92ad853f2c3ed5eae3281,07b257405f757223,,ae66044a2b1d9555,B0d,16,16,fb2e41a2d7,3,synthetic:targets-v0,ok,harsh|clip_targets_slow_v0|harsh|rep3|seed20240909,3.3062
clean,,nan,clip_targets_slow_v0,ac8617ba67c998bcbe51f93cb28d61eb9e5fe0b4a2b92ad853f2c3ed5eae3281,07b257405f757223,,3bdc40832dc09bbe,B1,16,16,fb2e41a2d7,4,synthetic:targets-v0,ok,clean|clip_targets_slow_v0|clean|rep4|seed20240909,0.6062
moderate,,nan,clip_targets_slow_v0,ac8617ba67c998bcbe51f93cb28d61eb9e5fe0b4a2b92ad853f2c3ed5eae3281,07b257405f757223,,2da6568cf6507e92,B0d,16,16,fb2e41a2d7,0,synthetic:targets-v0,ok,moderate|clip_targets_slow_v0|moderate|rep0|seed20240909,7.4851
moderate,,nan,clip_targets_slow_v0,ac8617ba67c998bcbe51f93cb28d61eb9e5fe0b4a2b92ad853f2c3ed5eae3281,07b257405f757223,,8ba7b5500be24b8d,B0d,16,16,fb2e41a2d7,1,synthetic:targets-v0,ok,moderate|clip_targets_slow_v0|moderate|rep1|seed20240909,7.531
mild,,nan,clip_targets_slow_v0,ac8617ba67c998bcbe51f93cb28d61eb9e5fe0b4a2b92ad853f2c3ed5eae3281,07b257405f757223,,9ead8d2d96119708,B1,16,16,fb2e41a2d7,0,synthetic:targets-v0,ok,mild|clip_targets_slow_v0|mild|rep0|seed20240909,0.7654
moderate,,nan,clip_targets_slow_v0,ac8617ba67c998bcbe51f93cb28d61eb9e5fe0b4a2b92ad853f2c3ed5eae3281,07b257405f757223,,91180bc741842393,B0d,16,16,fb2e41a2d7,2,synthetic:targets-v0,ok,moderate|clip_targets_slow_v0|moderate|rep2|seed20240909,7.5729
mild,,nan,clip_targets_slow_v0,ac8617ba67c998bcbe51f93cb28d61eb9e5fe0b4a2b92ad853f2c3ed5eae3281,07b257405f757223,,2d18c070dd116f96,B1,16,16,fb2e41a2d7,1,synthetic:targets-v0,ok,mild|clip_targets_slow_v0|mild|rep1|seed20240909,0.7899
mild,,nan,clip_targets_slow_v0,ac8617ba67c998bcbe51f93cb28d61eb9e5fe0b4a2b92ad853f2c3ed5eae3281,07b257405f757223,,132321a1ffa58222,B1,16,16,fb2e41a2d7,2,synthetic:targets-v0,ok,mild|clip_targets_slow_v0|mild|rep2|seed20240909,0.8238
mild,,nan,clip_targets_slow_v0,ac8617ba67c998bcbe51f93cb28d61eb9e5fe0b4a2b92ad853f2c3ed5eae3281,07b257405f757223,,e0d4de8a1121edad,B1,16,16,fb2e41a2d7,3,synthetic:targets-v0,ok,mild|clip_targets_slow_v0|mild|rep3|seed20240909,0.7995
harsh,,nan,clip_targets_slow_v0,ac8617ba67c998bcbe51f93cb28d61eb9e5fe0b4a2b92ad853f2c3ed5eae3281,07b257405f757223,,59386e23f3142923,B0d,16,16,fb2e41a2d7,4,synthetic:targets-v0,ok,harsh|clip_targets_slow_v0|harsh|rep4|seed20240909,3.4357
mild,,nan,clip_targets_slow_v0,ac8617ba67c998bcbe51f93cb28d61eb9e5fe0b4a2b92ad853f2c3ed5eae3281,07b257405f757223,,1dfcb75be2e95b60,B1,16,16,fb2e41a2d7,4,synthetic:targets-v0,ok,mild|clip_targets_slow_v0|mild|rep4|seed20240909,0.8054
moderate,,nan,clip_targets_slow_v0,ac8617ba67c998bcbe51f93cb28d61eb9e5fe0b4a2b92ad853f2c3ed5eae3281,07b257405f757223,,4d8eae88d44d98eb,B0d,16,16,fb2e41a2d7,3,synthetic:targets-v0,ok,moderate|clip_targets_slow_v0|moderate|rep3|seed20240909,7.2832
moderate,,nan,clip_targets_slow_v0,ac8617ba67c998bcbe51f93cb28d61eb9e5fe0b4a2b92ad853f2c3ed5eae3281,07b257405f757223,,b00835e87a40c091,B1,16,16,fb2e41a2d7,0,synthetic:targets-v0,ok,moderate|clip_targets_slow_v0|moderate|rep0|seed20240909,0.8554
moderate,,nan,clip_targets_slow_v0,ac8617ba67c998bcbe51f93cb28d61eb9e5fe0b4a2b92ad853f2c3ed5eae3281,07b257405f757223,,970ea1b41fceaf11,B0d,16,16,fb2e41a2d7,4,synthetic:targets-v0,ok,moderate|clip_targets_slow_v0|moderate|rep4|seed20240909,7.1767
moderate,,nan,clip_targets_slow_v0,ac8617ba67c998bcbe51f93cb28d61eb9e5fe0b4a2b92ad853f2c3ed5eae3281,07b257405f757223,,0b5b0e3f6feb6f95,B1,16,16,fb2e41a2d7,1,synthetic:targets-v0,ok,moderate|clip_targets_slow_v0|moderate|rep1|seed20240909,0.8913
moderate,,nan,clip_targets_slow_v0,ac8617ba67c998bcbe51f93cb28d61eb9e5fe0b4a2b92ad853f2c3ed5eae3281,07b257405f757223,,67eb27532b4d902c,B1,16,16,fb2e41a2d7,2,synthetic:targets-v0,ok,moderate|clip_targets_slow_v0|moderate|rep2|seed20240909,0.8861
moderate,,nan,clip_targets_slow_v0,ac8617ba67c998bcbe51f93cb28d61eb9e5fe0b4a2b92ad853f2c3ed5eae3281,07b257405f757223,,03d67254f6e63388,B1,16,16,fb2e41a2d7,3,synthetic:targets-v0,ok,moderate|clip_targets_slow_v0|moderate|rep3|seed20240909,0.8619
moderate,,nan,clip_targets_slow_v0,ac8617ba67c998bcbe51f93cb28d61eb9e5fe0b4a2b92ad853f2c3ed5eae3281,07b257405f757223,,98c9a71078423f5e,B1,16,16,fb2e41a2d7,4,synthetic:targets-v0,ok,moderate|clip_targets_slow_v0|moderate|rep4|seed20240909,0.8938
bursty,,nan,clip_targets_slow_v0,ac8617ba67c998bcbe51f93cb28d61eb9e5fe0b4a2b92ad853f2c3ed5eae3281,07b257405f757223,,952fa0997f930bb0,B1,16,16,fb2e41a2d7,0,synthetic:targets-v0,ok,bursty|clip_targets_slow_v0|bursty|rep0|seed20240909,0.8293
bursty,,nan,clip_targets_slow_v0,ac8617ba67c998bcbe51f93cb28d61eb9e5fe0b4a2b92ad853f2c3ed5eae3281,07b257405f757223,,7f795651e22d60f2,B1,16,16,fb2e41a2d7,1,synthetic:targets-v0,ok,bursty|clip_targets_slow_v0|bursty|rep1|seed20240909,0.8351
bursty,,nan,clip_targets_slow_v0,ac8617ba67c998bcbe51f93cb28d61eb9e5fe0b4a2b92ad853f2c3ed5eae3281,07b257405f757223,,87c6a250340d9b41,B1,16,16,fb2e41a2d7,2,synthetic:targets-v0,ok,bursty|clip_targets_slow_v0|bursty|rep2|seed20240909,0.8348
bursty,,nan,clip_targets_slow_v0,ac8617ba67c998bcbe51f93cb28d61eb9e5fe0b4a2b92ad853f2c3ed5eae3281,07b257405f757223,,e32d76148f7a8db1,B1,16,16,fb2e41a2d7,4,synthetic:targets-v0,ok,bursty|clip_targets_slow_v0|bursty|rep4|seed20240909,0.7976
bursty,,nan,clip_targets_slow_v0,ac8617ba67c998bcbe51f93cb28d61eb9e5fe0b4a2b92ad853f2c3ed5eae3281,07b257405f757223,,312cd0bc696dfc2c,B1,16,16,fb2e41a2d7,3,synthetic:targets-v0,ok,bursty|clip_targets_slow_v0|bursty|rep3|seed20240909,0.8385
harsh,,nan,clip_targets_slow_v0,ac8617ba67c998bcbe51f93cb28d61eb9e5fe0b4a2b92ad853f2c3ed5eae3281,07b257405f757223,,df1dd3bb0a8fcbf2,B1,16,16,fb2e41a2d7,0,synthetic:targets-v0,ok,harsh|clip_targets_slow_v0|harsh|rep0|seed20240909,0.9119
harsh,,nan,clip_targets_slow_v0,ac8617ba67c998bcbe51f93cb28d61eb9e5fe0b4a2b92ad853f2c3ed5eae3281,07b257405f757223,,c6dcc7929d00a80b,B1,16,16,fb2e41a2d7,1,synthetic:targets-v0,ok,harsh|clip_targets_slow_v0|harsh|rep1|seed20240909,0.8905
harsh,,nan,clip_targets_slow_v0,ac8617ba67c998bcbe51f93cb28d61eb9e5fe0b4a2b92ad853f2c3ed5eae3281,07b257405f757223,,acb9be030e213493,B1,16,16,fb2e41a2d7,2,synthetic:targets-v0,ok,harsh|clip_targets_slow_v0|harsh|rep2|seed20240909,0.8979
clean,,nan,clip_targets_slow_v0,ac8617ba67c998bcbe51f93cb28d61eb9e5fe0b4a2b92ad853f2c3ed5eae3281,07b257405f757223,,df954c008a7cb437,B2,16,16,fb2e41a2d7,1,synthetic:targets-v0,ok,clean|clip_targets_slow_v0|clean|rep1|seed20240909,0.6232
clean,,nan,clip_targets_slow_v0,ac8617ba67c998bcbe51f93cb28d61eb9e5fe0b4a2b92ad853f2c3ed5eae3281,07b257405f757223,,f2c474e708450c3e,B2,16,16,fb2e41a2d7,0,synthetic:targets-v0,ok,clean|clip_targets_slow_v0|clean|rep0|seed20240909,0.6438
clean,,nan,clip_targets_slow_v0,ac8617ba67c998bcbe51f93cb28d61eb9e5fe0b4a2b92ad853f2c3ed5eae3281,07b257405f757223,,3e5af6d5acc33e1e,B2,16,16,fb2e41a2d7,2,synthetic:targets-v0,ok,clean|clip_targets_slow_v0|clean|rep2|seed20240909,0.6332
clean,,nan,clip_targets_slow_v0,ac8617ba67c998bcbe51f93cb28d61eb9e5fe0b4a2b92ad853f2c3ed5eae3281,07b257405f757223,,088fbfebf5af767c,B2,16,16,fb2e41a2d7,3,synthetic:targets-v0,ok,clean|clip_targets_slow_v0|clean|rep3|seed20240909,0.6366
harsh,,nan,clip_targets_slow_v0,ac8617ba67c998bcbe51f93cb28d61eb9e5fe0b4a2b92ad853f2c3ed5eae3281,07b257405f757223,,9c99eb98ac5b9c29,B1,16,16,fb2e41a2d7,3,synthetic:targets-v0,ok,harsh|clip_targets_slow_v0|harsh|rep3|seed20240909,0.891
harsh,,nan,clip_targets_slow_v0,ac8617ba67c998bcbe51f93cb28d61eb9e5fe0b4a2b92ad853f2c3ed5eae3281,07b257405f757223,,60aec31a51345108,B1,16,16,fb2e41a2d7,4,synthetic:targets-v0,ok,harsh|clip_targets_slow_v0|harsh|rep4|seed20240909,0.9068
clean,,nan,clip_targets_slow_v0,ac8617ba67c998bcbe51f93cb28d61eb9e5fe0b4a2b92ad853f2c3ed5eae3281,07b257405f757223,,d78810c8a2253b6e,B2,16,16,fb2e41a2d7,4,synthetic:targets-v0,ok,clean|clip_targets_slow_v0|clean|rep4|seed20240909,0.6375
mild,,nan,clip_targets_slow_v0,ac8617ba67c998bcbe51f93cb28d61eb9e5fe0b4a2b92ad853f2c3ed5eae3281,07b257405f757223,,14ea71105eb8290d,B2,16,16,fb2e41a2d7,0,synthetic:targets-v0,ok,mild|clip_targets_slow_v0|mild|rep0|seed20240909,0.8163
bursty,,nan,clip_targets_slow_v0,ac8617ba67c998bcbe51f93cb28d61eb9e5fe0b4a2b92ad853f2c3ed5eae3281,07b257405f757223,,94bad03df5689fe5,B0d,16,16,fb2e41a2d7,0,synthetic:targets-v0,ok,bursty|clip_targets_slow_v0|bursty|rep0|seed20240909,7.505
mild,,nan,clip_targets_slow_v0,ac8617ba67c998bcbe51f93cb28d61eb9e5fe0b4a2b92ad853f2c3ed5eae3281,07b257405f757223,,50de2a76a58fd8bb,B2,16,16,fb2e41a2d7,1,synthetic:targets-v0,ok,mild|clip_targets_slow_v0|mild|rep1|seed20240909,0.8622
mild,,nan,clip_targets_slow_v0,ac8617ba67c998bcbe51f93cb28d61eb9e5fe0b4a2b92ad853f2c3ed5eae3281,07b257405f757223,,5fd8456a7e673d1c,B2,16,16,fb2e41a2d7,2,synthetic:targets-v0,ok,mild|clip_targets_slow_v0|mild|rep2|seed20240909,0.8722
mild,,nan,clip_targets_slow_v0,ac8617ba67c998bcbe51f93cb28d61eb9e5fe0b4a2b92ad853f2c3ed5eae3281,07b257405f757223,,d7dee5b1e8bdfe3d,B2,16,16,fb2e41a2d7,3,synthetic:targets-v0,ok,mild|clip_targets_slow_v0|mild|rep3|seed20240909,0.8305
mild,,nan,clip_targets_slow_v0,ac8617ba67c998bcbe51f93cb28d61eb9e5fe0b4a2b92ad853f2c3ed5eae3281,07b257405f757223,,ef9651ca26232cb2,B2,16,16,fb2e41a2d7,4,synthetic:targets-v0,ok,mild|clip_targets_slow_v0|mild|rep4|seed20240909,0.8432
moderate,,nan,clip_targets_slow_v0,ac8617ba67c998bcbe51f93cb28d61eb9e5fe0b4a2b92ad853f2c3ed5eae3281,07b257405f757223,,7469ce3cd1a36157,B2,16,16,fb2e41a2d7,0,synthetic:targets-v0,ok,moderate|clip_targets_slow_v0|moderate|rep0|seed20240909,0.9206
moderate,,nan,clip_targets_slow_v0,ac8617ba67c998bcbe51f93cb28d61eb9e5fe0b4a2b92ad853f2c3ed5eae3281,07b257405f757223,,68d727a56e7e5044,B2,16,16,fb2e41a2d7,1,synthetic:targets-v0,ok,moderate|clip_targets_slow_v0|moderate|rep1|seed20240909,0.9125
moderate,,nan,clip_targets_slow_v0,ac8617ba67c998bcbe51f93cb28d61eb9e5fe0b4a2b92ad853f2c3ed5eae3281,07b257405f757223,,2d3d77dfb30626cf,B2,16,16,fb2e41a2d7,2,synthetic:targets-v0,ok,moderate|clip_targets_slow_v0|moderate|rep2|seed20240909,0.9248
moderate,,nan,clip_targets_slow_v0,ac8617ba67c998bcbe51f93cb28d61eb9e5fe0b4a2b92ad853f2c3ed5eae3281,07b257405f757223,,214e208d6180628b,B2,16,16,fb2e41a2d7,3,synthetic:targets-v0,ok,moderate|clip_targets_slow_v0|moderate|rep3|seed20240909,0.8822
moderate,,nan,clip_targets_slow_v0,ac8617ba67c998bcbe51f93cb28d61eb9e5fe0b4a2b92ad853f2c3ed5eae3281,07b257405f757223,,f7ff276f02acc011,B2,16,16,fb2e41a2d7,4,synthetic:targets-v0,ok,moderate|clip_targets_slow_v0|moderate|rep4|seed20240909,0.902
bursty,,nan,clip_targets_slow_v0,ac8617ba67c998bcbe51f93cb28d61eb9e5fe0b4a2b92ad853f2c3ed5eae3281,07b257405f757223,,56e163dcf973877d,B2,16,16,fb2e41a2d7,0,synthetic:targets-v0,ok,bursty|clip_targets_slow_v0|bursty|rep0|seed20240909,0.8261
bursty,,nan,clip_targets_slow_v0,ac8617ba67c998bcbe51f93cb28d61eb9e5fe0b4a2b92ad853f2c3ed5eae3281,07b257405f757223,,a0c51edffe87628f,B0d,16,16,fb2e41a2d7,1,synthetic:targets-v0,ok,bursty|clip_targets_slow_v0|bursty|rep1|seed20240909,7.9712
bursty,,nan,clip_targets_slow_v0,ac8617ba67c998bcbe51f93cb28d61eb9e5fe0b4a2b92ad853f2c3ed5eae3281,07b257405f757223,,22e2d55601e11c2e,B2,16,16,fb2e41a2d7,1,synthetic:targets-v0,ok,bursty|clip_targets_slow_v0|bursty|rep1|seed20240909,0.8179
bursty,,nan,clip_targets_slow_v0,ac8617ba67c998bcbe51f93cb28d61eb9e5fe0b4a2b92ad853f2c3ed5eae3281,07b257405f757223,,3c9ab0672a5b81b8,B0d,16,16,fb2e41a2d7,4,synthetic:targets-v0,ok,bursty|clip_targets_slow_v0|bursty|rep4|seed20240909,7.4975
bursty,,nan,clip_targets_slow_v0,ac8617ba67c998bcbe51f93cb28d61eb9e5fe0b4a2b92ad853f2c3ed5eae3281,07b257405f757223,,1e16e480a7aeff1f,B2,16,16,fb2e41a2d7,2,synthetic:targets-v0,ok,bursty|clip_targets_slow_v0|bursty|rep2|seed20240909,0.8292
bursty,,nan,clip_targets_slow_v0,ac8617ba67c998bcbe51f93cb28d61eb9e5fe0b4a2b92ad853f2c3ed5eae3281,07b257405f757223,,1992add4996f9a60,B2,16,16,fb2e41a2d7,3,synthetic:targets-v0,ok,bursty|clip_targets_slow_v0|bursty|rep3|seed20240909,0.8109
bursty,,nan,clip_targets_slow_v0,ac8617ba67c998bcbe51f93cb28d61eb9e5fe0b4a2b92ad853f2c3ed5eae3281,07b257405f757223,,c0480527fde0031f,B2,16,16,fb2e41a2d7,4,synthetic:targets-v0,ok,bursty|clip_targets_slow_v0|bursty|rep4|seed20240909,0.8129
harsh,,nan,clip_targets_slow_v0,ac8617ba67c998bcbe51f93cb28d61eb9e5fe0b4a2b92ad853f2c3ed5eae3281,07b257405f757223,,0ca44b13380091c7,B2,16,16,fb2e41a2d7,0,synthetic:targets-v0,ok,harsh|clip_targets_slow_v0|harsh|rep0|seed20240909,0.869
harsh,,nan,clip_targets_slow_v0,ac8617ba67c998bcbe51f93cb28d61eb9e5fe0b4a2b92ad853f2c3ed5eae3281,07b257405f757223,,aa6d4ec7f1a06473,B2,16,16,fb2e41a2d7,1,synthetic:targets-v0,ok,harsh|clip_targets_slow_v0|harsh|rep1|seed20240909,0.8529
harsh,,nan,clip_targets_slow_v0,ac8617ba67c998bcbe51f93cb28d61eb9e5fe0b4a2b92ad853f2c3ed5eae3281,07b257405f757223,,af0d0db8209bf252,B2,16,16,fb2e41a2d7,2,synthetic:targets-v0,ok,harsh|clip_targets_slow_v0|harsh|rep2|seed20240909,0.8355
harsh,,nan,clip_targets_slow_v0,ac8617ba67c998bcbe51f93cb28d61eb9e5fe0b4a2b92ad853f2c3ed5eae3281,07b257405f757223,,2a8f604d281bd3db,B2,16,16,fb2e41a2d7,3,synthetic:targets-v0,ok,harsh|clip_targets_slow_v0|harsh|rep3|seed20240909,0.8593
harsh,,nan,clip_targets_slow_v0,ac8617ba67c998bcbe51f93cb28d61eb9e5fe0b4a2b92ad853f2c3ed5eae3281,07b257405f757223,,6802e8d6f2a8e21b,B2,16,16,fb2e41a2d7,4,synthetic:targets-v0,ok,harsh|clip_targets_slow_v0|harsh|rep4|seed20240909,0.8578
bursty,,nan,clip_targets_slow_v0,ac8617ba67c998bcbe51f93cb28d61eb9e5fe0b4a2b92ad853f2c3ed5eae3281,07b257405f757223,,3fd27163a0ede4cd,B0d,16,16,fb2e41a2d7,2,synthetic:targets-v0,ok,bursty|clip_targets_slow_v0|bursty|rep2|seed20240909,8.2421
bursty,,nan,clip_targets_slow_v0,ac8617ba67c998bcbe51f93cb28d61eb9e5fe0b4a2b92ad853f2c3ed5eae3281,07b257405f757223,,7b6358475202ec40,B0d,16,16,fb2e41a2d7,3,synthetic:targets-v0,ok,bursty|clip_targets_slow_v0|bursty|rep3|seed20240909,8.3681
clean,,nan,clip_targets_slow_v0,ac8617ba67c998bcbe51f93cb28d61eb9e5fe0b4a2b92ad853f2c3ed5eae3281,07b257405f757223,,1888997c451fb031,B3,16,16,fb2e41a2d7,0,synthetic:targets-v0,ok,clean|clip_targets_slow_v0|clean|rep0|seed20240909,2.7819
clean,,nan,clip_targets_slow_v0,ac8617ba67c998bcbe51f93cb28d61eb9e5fe0b4a2b92ad853f2c3ed5eae3281,07b257405f757223,,68cc559e881fe084,B3,16,16,fb2e41a2d7,1,synthetic:targets-v0,ok,clean|clip_targets_slow_v0|clean|rep1|seed20240909,2.7756
clean,,nan,clip_targets_slow_v0,ac8617ba67c998bcbe51f93cb28d61eb9e5fe0b4a2b92ad853f2c3ed5eae3281,07b257405f757223,,b6b3000ac5a63498,B3,16,16,fb2e41a2d7,3,synthetic:targets-v0,ok,clean|clip_targets_slow_v0|clean|rep3|seed20240909,2.7486
clean,,nan,clip_targets_slow_v0,ac8617ba67c998bcbe51f93cb28d61eb9e5fe0b4a2b92ad853f2c3ed5eae3281,07b257405f757223,,5dd7e0c5840f0a02,B3,16,16,fb2e41a2d7,2,synthetic:targets-v0,ok,clean|clip_targets_slow_v0|clean|rep2|seed20240909,2.802
clean,,nan,clip_targets_slow_v0,ac8617ba67c998bcbe51f93cb28d61eb9e5fe0b4a2b92ad853f2c3ed5eae3281,07b257405f757223,,019e998e6442d9c0,B3,16,16,fb2e41a2d7,4,synthetic:targets-v0,ok,clean|clip_targets_slow_v0|clean|rep4|seed20240909,2.7338
mild,,nan,clip_targets_slow_v0,ac8617ba67c998bcbe51f93cb28d61eb9e5fe0b4a2b92ad853f2c3ed5eae3281,07b257405f757223,,43047d2211f1da6b,B3,16,16,fb2e41a2d7,0,synthetic:targets-v0,ok,mild|clip_targets_slow_v0|mild|rep0|seed20240909,2.9161
mild,,nan,clip_targets_slow_v0,ac8617ba67c998bcbe51f93cb28d61eb9e5fe0b4a2b92ad853f2c3ed5eae3281,07b257405f757223,,e26f623c9aa1adf6,B3,16,16,fb2e41a2d7,2,synthetic:targets-v0,ok,mild|clip_targets_slow_v0|mild|rep2|seed20240909,2.9148
mild,,nan,clip_targets_slow_v0,ac8617ba67c998bcbe51f93cb28d61eb9e5fe0b4a2b92ad853f2c3ed5eae3281,07b257405f757223,,60aa43435e0edc17,B3,16,16,fb2e41a2d7,1,synthetic:targets-v0,ok,mild|clip_targets_slow_v0|mild|rep1|seed20240909,2.9565
mild,,nan,clip_targets_slow_v0,ac8617ba67c998bcbe51f93cb28d61eb9e5fe0b4a2b92ad853f2c3ed5eae3281,07b257405f757223,,f5e7c470bd775896,B3,16,16,fb2e41a2d7,3,synthetic:targets-v0,ok,mild|clip_targets_slow_v0|mild|rep3|seed20240909,2.9129
mild,,nan,clip_targets_slow_v0,ac8617ba67c998bcbe51f93cb28d61eb9e5fe0b4a2b92ad853f2c3ed5eae3281,07b257405f757223,,61aeea86d975980f,B3,16,16,fb2e41a2d7,4,synthetic:targets-v0,ok,mild|clip_targets_slow_v0|mild|rep4|seed20240909,2.8914
moderate,,nan,clip_targets_slow_v0,ac8617ba67c998bcbe51f93cb28d61eb9e5fe0b4a2b92ad853f2c3ed5eae3281,07b257405f757223,,2823a89c7f90b5cd,B3,16,16,fb2e41a2d7,0,synthetic:targets-v0,ok,moderate|clip_targets_slow_v0|moderate|rep0|seed20240909,3.3258
moderate,,nan,clip_targets_slow_v0,ac8617ba67c998bcbe51f93cb28d61eb9e5fe0b4a2b92ad853f2c3ed5eae3281,07b257405f757223,,a3eb642e49abc333,B3,16,16,fb2e41a2d7,1,synthetic:targets-v0,ok,moderate|clip_targets_slow_v0|moderate|rep1|seed20240909,3.2838
moderate,,nan,clip_targets_slow_v0,ac8617ba67c998bcbe51f93cb28d61eb9e5fe0b4a2b92ad853f2c3ed5eae3281,07b257405f757223,,83339f3319c69350,B3,16,16,fb2e41a2d7,3,synthetic:targets-v0,ok,moderate|clip_targets_slow_v0|moderate|rep3|seed20240909,3.4258
moderate,,nan,clip_targets_slow_v0,ac8617ba67c998bcbe51f93cb28d61eb9e5fe0b4a2b92ad853f2c3ed5eae3281,07b257405f757223,,2847b37849066592,B3,16,16,fb2e41a2d7,2,synthetic:targets-v0,ok,moderate|clip_targets_slow_v0|moderate|rep2|seed20240909,3.4436
moderate,,nan,clip_targets_slow_v0,ac8617ba67c998bcbe51f93cb28d61eb9e5fe0b4a2b92ad853f2c3ed5eae3281,07b257405f757223,,3c90f51dadfb567d,B3,16,16,fb2e41a2d7,4,synthetic:targets-v0,ok,moderate|clip_targets_slow_v0|moderate|rep4|seed20240909,3.41
bursty,,nan,clip_targets_slow_v0,ac8617ba67c998bcbe51f93cb28d61eb9e5fe0b4a2b92ad853f2c3ed5eae3281,07b257405f757223,,1fc0da855b6f3fea,B3,16,16,fb2e41a2d7,0,synthetic:targets-v0,ok,bursty|clip_targets_slow_v0|bursty|rep0|seed20240909,3.4276
harsh,,nan,clip_targets_slow_v0,ac8617ba67c998bcbe51f93cb28d61eb9e5fe0b4a2b92ad853f2c3ed5eae3281,07b257405f757223,,bf995b30b8876396,B3,16,16,fb2e41a2d7,0,synthetic:targets-v0,ok,harsh|clip_targets_slow_v0|harsh|rep0|seed20240909,2.487
harsh,,nan,clip_targets_slow_v0,ac8617ba67c998bcbe51f93cb28d61eb9e5fe0b4a2b92ad853f2c3ed5eae3281,07b257405f757223,,4264e8e29ec7b44c,B3,16,16,fb2e41a2d7,1,synthetic:targets-v0,ok,harsh|clip_targets_slow_v0|harsh|rep1|seed20240909,2.4297
harsh,,nan,clip_targets_slow_v0,ac8617ba67c998bcbe51f93cb28d61eb9e5fe0b4a2b92ad853f2c3ed5eae3281,07b257405f757223,,a66dacf9018b2b59,B3,16,16,fb2e41a2d7,2,synthetic:targets-v0,ok,harsh|clip_targets_slow_v0|harsh|rep2|seed20240909,2.4179
harsh,,nan,clip_targets_slow_v0,ac8617ba67c998bcbe51f93cb28d61eb9e5fe0b4a2b92ad853f2c3ed5eae3281,07b257405f757223,,5f416798a7229491,B3,16,16,fb2e41a2d7,3,synthetic:targets-v0,ok,harsh|clip_targets_slow_v0|harsh|rep3|seed20240909,2.419
harsh,,nan,clip_targets_slow_v0,ac8617ba67c998bcbe51f93cb28d61eb9e5fe0b4a2b92ad853f2c3ed5eae3281,07b257405f757223,,240f44cd1a53565b,B3,16,16,fb2e41a2d7,4,synthetic:targets-v0,ok,harsh|clip_targets_slow_v0|harsh|rep4|seed20240909,2.5297
bursty,,nan,clip_targets_slow_v0,ac8617ba67c998bcbe51f93cb28d61eb9e5fe0b4a2b92ad853f2c3ed5eae3281,07b257405f757223,,960a288e2ab19e7a,B3,16,16,fb2e41a2d7,1,synthetic:targets-v0,ok,bursty|clip_targets_slow_v0|bursty|rep1|seed20240909,3.5504
bursty,,nan,clip_targets_slow_v0,ac8617ba67c998bcbe51f93cb28d61eb9e5fe0b4a2b92ad853f2c3ed5eae3281,07b257405f757223,,9410ae9255448633,B3,16,16,fb2e41a2d7,2,synthetic:targets-v0,ok,bursty|clip_targets_slow_v0|bursty|rep2|seed20240909,3.5396
bursty,,nan,clip_targets_slow_v0,ac8617ba67c998bcbe51f93cb28d61eb9e5fe0b4a2b92ad853f2c3ed5eae3281,07b257405f757223,,e0840b3ed9ffc90b,B3,16,16,fb2e41a2d7,4,synthetic:targets-v0,ok,bursty|clip_targets_slow_v0|bursty|rep4|seed20240909,3.408
bursty,,nan,clip_targets_slow_v0,ac8617ba67c998bcbe51f93cb28d61eb9e5fe0b4a2b92ad853f2c3ed5eae3281,07b257405f757223,,d2327dc7e7574c29,B3,16,16,fb2e41a2d7,3,synthetic:targets-v0,ok,bursty|clip_targets_slow_v0|bursty|rep3|seed20240909,3.5074
clean,,nan,clip_targets_slow_v0,ac8617ba67c998bcbe51f93cb28d61eb9e5fe0b4a2b92ad853f2c3ed5eae3281,07b257405f757223,,0f368506ef248297,B4,16,16,fb2e41a2d7,0,synthetic:targets-v0,ok,clean|clip_targets_slow_v0|clean|rep0|seed20240909,5.7883
clean,,nan,clip_targets_slow_v0,ac8617ba67c998bcbe51f93cb28d61eb9e5fe0b4a2b92ad853f2c3ed5eae3281,07b257405f757223,,c8441a2300a2fb58,B4,16,16,fb2e41a2d7,1,synthetic:targets-v0,ok,clean|clip_targets_slow_v0|clean|rep1|seed20240909,5.7652
clean,,nan,clip_targets_slow_v0,ac8617ba67c998bcbe51f93cb28d61eb9e5fe0b4a2b92ad853f2c3ed5eae3281,07b257405f757223,,03e89fe551504342,B4,16,16,fb2e41a2d7,2,synthetic:targets-v0,ok,clean|clip_targets_slow_v0|clean|rep2|seed20240909,5.7568
clean,,nan,clip_targets_slow_v0,ac8617ba67c998bcbe51f93cb28d61eb9e5fe0b4a2b92ad853f2c3ed5eae3281,07b257405f757223,,269f4ff20f900e70,B4,16,16,fb2e41a2d7,4,synthetic:targets-v0,ok,clean|clip_targets_slow_v0|clean|rep4|seed20240909,5.719
clean,,nan,clip_targets_slow_v0,ac8617ba67c998bcbe51f93cb28d61eb9e5fe0b4a2b92ad853f2c3ed5eae3281,07b257405f757223,,2616d89a61494484,B4,16,16,fb2e41a2d7,3,synthetic:targets-v0,ok,clean|clip_targets_slow_v0|clean|rep3|seed20240909,5.7634
mild,,nan,clip_targets_slow_v0,ac8617ba67c998bcbe51f93cb28d61eb9e5fe0b4a2b92ad853f2c3ed5eae3281,07b257405f757223,,d4e7b29ded24d93c,B4,16,16,fb2e41a2d7,0,synthetic:targets-v0,ok,mild|clip_targets_slow_v0|mild|rep0|seed20240909,6.1391
mild,,nan,clip_targets_slow_v0,ac8617ba67c998bcbe51f93cb28d61eb9e5fe0b4a2b92ad853f2c3ed5eae3281,07b257405f757223,,769f48c1baba6916,B4,16,16,fb2e41a2d7,1,synthetic:targets-v0,ok,mild|clip_targets_slow_v0|mild|rep1|seed20240909,5.9825
mild,,nan,clip_targets_slow_v0,ac8617ba67c998bcbe51f93cb28d61eb9e5fe0b4a2b92ad853f2c3ed5eae3281,07b257405f757223,,243e9850c67458f5,B4,16,16,fb2e41a2d7,2,synthetic:targets-v0,ok,mild|clip_targets_slow_v0|mild|rep2|seed20240909,6.0709
mild,,nan,clip_targets_slow_v0,ac8617ba67c998bcbe51f93cb28d61eb9e5fe0b4a2b92ad853f2c3ed5eae3281,07b257405f757223,,54604d13ab1331ca,B4,16,16,fb2e41a2d7,3,synthetic:targets-v0,ok,mild|clip_targets_slow_v0|mild|rep3|seed20240909,6.0697
mild,,nan,clip_targets_slow_v0,ac8617ba67c998bcbe51f93cb28d61eb9e5fe0b4a2b92ad853f2c3ed5eae3281,07b257405f757223,,b145a07edbdb26fa,B4,16,16,fb2e41a2d7,4,synthetic:targets-v0,ok,mild|clip_targets_slow_v0|mild|rep4|seed20240909,6.0764
harsh,,nan,clip_targets_slow_v0,ac8617ba67c998bcbe51f93cb28d61eb9e5fe0b4a2b92ad853f2c3ed5eae3281,07b257405f757223,,422e8c334a64a143,B4,16,16,fb2e41a2d7,0,synthetic:targets-v0,ok,harsh|clip_targets_slow_v0|harsh|rep0|seed20240909,4.0779
harsh,,nan,clip_targets_slow_v0,ac8617ba67c998bcbe51f93cb28d61eb9e5fe0b4a2b92ad853f2c3ed5eae3281,07b257405f757223,,4c27717ca12bf3a2,B4,16,16,fb2e41a2d7,2,synthetic:targets-v0,ok,harsh|clip_targets_slow_v0|harsh|rep2|seed20240909,3.8194
harsh,,nan,clip_targets_slow_v0,ac8617ba67c998bcbe51f93cb28d61eb9e5fe0b4a2b92ad853f2c3ed5eae3281,07b257405f757223,,a4075842bc897b16,B4,16,16,fb2e41a2d7,1,synthetic:targets-v0,ok,harsh|clip_targets_slow_v0|harsh|rep1|seed20240909,3.9631
moderate,,nan,clip_targets_slow_v0,ac8617ba67c998bcbe51f93cb28d61eb9e5fe0b4a2b92ad853f2c3ed5eae3281,07b257405f757223,,63a2636dc5fb1b79,B4,16,16,fb2e41a2d7,0,synthetic:targets-v0,ok,moderate|clip_targets_slow_v0|moderate|rep0|seed20240909,9.4713
bursty,,nan,clip_targets_slow_v0,ac8617ba67c998bcbe51f93cb28d61eb9e5fe0b4a2b92ad853f2c3ed5eae3281,07b257405f757223,,ef408591aa9694d1,B4,16,16,fb2e41a2d7,0,synthetic:targets-v0,ok,bursty|clip_targets_slow_v0|bursty|rep0|seed20240909,8.9144
harsh,,nan,clip_targets_slow_v0,ac8617ba67c998bcbe51f93cb28d61eb9e5fe0b4a2b92ad853f2c3ed5eae3281,07b257405f757223,,65f3e70d7d02bfd5,B4,16,16,fb2e41a2d7,3,synthetic:targets-v0,ok,harsh|clip_targets_slow_v0|harsh|rep3|seed20240909,3.8586
moderate,,nan,clip_targets_slow_v0,ac8617ba67c998bcbe51f93cb28d61eb9e5fe0b4a2b92ad853f2c3ed5eae3281,07b257405f757223,,fe30ffe5f53db721,B4,16,16,fb2e41a2d7,1,synthetic:targets-v0,ok,moderate|clip_targets_slow_v0|moderate|rep1|seed20240909,9.7209
harsh,,nan,clip_targets_slow_v0,ac8617ba67c998bcbe51f93cb28d61eb9e5fe0b4a2b92ad853f2c3ed5eae3281,07b257405f757223,,5f73120c3bb582fb,B4,16,16,fb2e41a2d7,4,synthetic:targets-v0,ok,harsh|clip_targets_slow_v0|harsh|rep4|seed20240909,3.9812
moderate,,nan,clip_targets_slow_v0,ac8617ba67c998bcbe51f93cb28d61eb9e5fe0b4a2b92ad853f2c3ed5eae3281,07b257405f757223,,adbc009bc64c83d2,B4,16,16,fb2e41a2d7,4,synthetic:targets-v0,ok,moderate|clip_targets_slow_v0|moderate|rep4|seed20240909,9.5236
moderate,,nan,clip_targets_slow_v0,ac8617ba67c998bcbe51f93cb28d61eb9e5fe0b4a2b92ad853f2c3ed5eae3281,07b257405f757223,,35056861b41f8693,B4,16,16,fb2e41a2d7,2,synthetic:targets-v0,ok,moderate|clip_targets_slow_v0|moderate|rep2|seed20240909,9.6493
moderate,,nan,clip_targets_slow_v0,ac8617ba67c998bcbe51f93cb28d61eb9e5fe0b4a2b92ad853f2c3ed5eae3281,07b257405f757223,,bc8f0f47a0e0861a,B4,16,16,fb2e41a2d7,3,synthetic:targets-v0,ok,moderate|clip_targets_slow_v0|moderate|rep3|seed20240909,9.8235
bursty,,nan,clip_targets_slow_v0,ac8617ba67c998bcbe51f93cb28d61eb9e5fe0b4a2b92ad853f2c3ed5eae3281,07b257405f757223,,b99c840fcd40ea52,B4,16,16,fb2e41a2d7,1,synthetic:targets-v0,ok,bursty|clip_targets_slow_v0|bursty|rep1|seed20240909,9.4122
bursty,,nan,clip_targets_slow_v0,ac8617ba67c998bcbe51f93cb28d61eb9e5fe0b4a2b92ad853f2c3ed5eae3281,07b257405f757223,,020b3e001ae3fcfe,B4,16,16,fb2e41a2d7,4,synthetic:targets-v0,ok,bursty|clip_targets_slow_v0|bursty|rep4|seed20240909,8.8156
bursty,,nan,clip_targets_slow_v0,ac8617ba67c998bcbe51f93cb28d61eb9e5fe0b4a2b92ad853f2c3ed5eae3281,07b257405f757223,,cd4e28ce66ff907e,B4,16,16,fb2e41a2d7,2,synthetic:targets-v0,ok,bursty|clip_targets_slow_v0|bursty|rep2|seed20240909,9.6655
bursty,,nan,clip_targets_slow_v0,ac8617ba67c998bcbe51f93cb28d61eb9e5fe0b4a2b92ad853f2c3ed5eae3281,07b257405f757223,,25dab81567521160,B4,16,16,fb2e41a2d7,3,synthetic:targets-v0,ok,bursty|clip_targets_slow_v0|bursty|rep3|seed20240909,9.7909
clean,,nan,clip_targets_slow_v0,ac8617ba67c998bcbe51f93cb28d61eb9e5fe0b4a2b92ad853f2c3ed5eae3281,07b257405f757223,,5b3cbb78669b4dc7,P,16,16,8da29d3843,0,synthetic:targets-v0,ok,clean|clip_targets_slow_v0|clean|rep0|seed20240909,9.5598
clean,,nan,clip_targets_slow_v0,ac8617ba67c998bcbe51f93cb28d61eb9e5fe0b4a2b92ad853f2c3ed5eae3281,07b257405f757223,,12f6b0cf2d6155e9,P,16,16,8da29d3843,1,synthetic:targets-v0,ok,clean|clip_targets_slow_v0|clean|rep1|seed20240909,9.5614
clean,,nan,clip_targets_slow_v0,ac8617ba67c998bcbe51f93cb28d61eb9e5fe0b4a2b92ad853f2c3ed5eae3281,07b257405f757223,,2eb421aa00ad9b13,P,16,16,8da29d3843,2,synthetic:targets-v0,ok,clean|clip_targets_slow_v0|clean|rep2|seed20240909,9.5433
clean,,nan,clip_targets_slow_v0,ac8617ba67c998bcbe51f93cb28d61eb9e5fe0b4a2b92ad853f2c3ed5eae3281,07b257405f757223,,089de3473af988c9,P,16,16,8da29d3843,3,synthetic:targets-v0,ok,clean|clip_targets_slow_v0|clean|rep3|seed20240909,9.5754
clean,,nan,clip_targets_slow_v0,ac8617ba67c998bcbe51f93cb28d61eb9e5fe0b4a2b92ad853f2c3ed5eae3281,07b257405f757223,,ccfa1e589ccb03e2,P,16,16,8da29d3843,4,synthetic:targets-v0,ok,clean|clip_targets_slow_v0|clean|rep4|seed20240909,9.5655
mild,,nan,clip_targets_slow_v0,ac8617ba67c998bcbe51f93cb28d61eb9e5fe0b4a2b92ad853f2c3ed5eae3281,07b257405f757223,,9010f209caabbbd3,P,16,16,8da29d3843,0,synthetic:targets-v0,ok,mild|clip_targets_slow_v0|mild|rep0|seed20240909,10.0556
mild,,nan,clip_targets_slow_v0,ac8617ba67c998bcbe51f93cb28d61eb9e5fe0b4a2b92ad853f2c3ed5eae3281,07b257405f757223,,78325c038d4d8c71,P,16,16,8da29d3843,1,synthetic:targets-v0,ok,mild|clip_targets_slow_v0|mild|rep1|seed20240909,10.0309
mild,,nan,clip_targets_slow_v0,ac8617ba67c998bcbe51f93cb28d61eb9e5fe0b4a2b92ad853f2c3ed5eae3281,07b257405f757223,,cbd370cb1edb80ca,P,16,16,8da29d3843,2,synthetic:targets-v0,ok,mild|clip_targets_slow_v0|mild|rep2|seed20240909,10.0759
mild,,nan,clip_targets_slow_v0,ac8617ba67c998bcbe51f93cb28d61eb9e5fe0b4a2b92ad853f2c3ed5eae3281,07b257405f757223,,af6d464a5737e54f,P,16,16,8da29d3843,3,synthetic:targets-v0,ok,mild|clip_targets_slow_v0|mild|rep3|seed20240909,10.0493
mild,,nan,clip_targets_slow_v0,ac8617ba67c998bcbe51f93cb28d61eb9e5fe0b4a2b92ad853f2c3ed5eae3281,07b257405f757223,,2df4fbaae4f48a2c,P,16,16,8da29d3843,4,synthetic:targets-v0,ok,mild|clip_targets_slow_v0|mild|rep4|seed20240909,10.0265
clean,,nan,clip_targets_fast_v7,d96484daec247e01186ae75e2a217e9b53771a6b17d4913ed3d389deb7032d47,07b257405f757223,,adeb86689d0ebedc,B0a,16,16,fb2e41a2d7,0,synthetic:targets-v7,ok,clean|clip_targets_fast_v7|clean|rep0|seed20240909,0.5741
clean,,nan,clip_targets_fast_v7,d96484daec247e01186ae75e2a217e9b53771a6b17d4913ed3d389deb7032d47,07b257405f757223,,fe0b0d396514073c,B0a,16,16,fb2e41a2d7,1,synthetic:targets-v7,ok,clean|clip_targets_fast_v7|clean|rep1|seed20240909,0.562
clean,,nan,clip_targets_fast_v7,d96484daec247e01186ae75e2a217e9b53771a6b17d4913ed3d389deb7032d47,07b257405f757223,,bc28e72b668218a5,B0a,16,16,fb2e41a2d7,2,synthetic:targets-v7,ok,clean|clip_targets_fast_v7|clean|rep2|seed20240909,0.5676
clean,,nan,clip_targets_fast_v7,d96484daec247e01186ae75e2a217e9b53771a6b17d4913ed3d389deb7032d47,07b257405f757223,,32dcee450ca5d6c2,B0a,16,16,fb2e41a2d7,3,synthetic:targets-v7,ok,clean|clip_targets_fast_v7|clean|rep3|seed20240909,0.5746
clean,,nan,clip_targets_fast_v7,d96484daec247e01186ae75e2a217e9b53771a6b17d4913ed3d389deb7032d47,07b257405f757223,,36ecf1998d75c460,B0a,16,16,fb2e41a2d7,4,synthetic:targets-v7,ok,clean|clip_targets_fast_v7|clean|rep4|seed20240909,0.5582
mild,,nan,clip_targets_fast_v7,d96484daec247e01186ae75e2a217e9b53771a6b17d4913ed3d389deb7032d47,07b257405f757223,,a8d099cea6c3150b,B0a,16,16,fb2e41a2d7,0,synthetic:targets-v7,ok,mild|clip_targets_fast_v7|mild|rep0|seed20240909,0.7234
mild,,nan,clip_targets_fast_v7,d96484daec247e01186ae75e2a217e9b53771a6b17d4913ed3d389deb7032d47,07b257405f757223,,0f87e8538e575069,B0a,16,16,fb2e41a2d7,1,synthetic:targets-v7,ok,mild|clip_targets_fast_v7|mild|rep1|seed20240909,0.7149
harsh,,nan,clip_targets_slow_v0,ac8617ba67c998bcbe51f93cb28d61eb9e5fe0b4a2b92ad853f2c3ed5eae3281,07b257405f757223,,15ae1037b4bf2077,P,16,16,8da29d3843,0,synthetic:targets-v0,ok,harsh|clip_targets_slow_v0|harsh|rep0|seed20240909,5.9124
mild,,nan,clip_targets_fast_v7,d96484daec247e01186ae75e2a217e9b53771a6b17d4913ed3d389deb7032d47,07b257405f757223,,99f6108e4e0c5046,B0a,16,16,fb2e41a2d7,2,synthetic:targets-v7,ok,mild|clip_targets_fast_v7|mild|rep2|seed20240909,0.7127
harsh,,nan,clip_targets_slow_v0,ac8617ba67c998bcbe51f93cb28d61eb9e5fe0b4a2b92ad853f2c3ed5eae3281,07b257405f757223,,a8229796147802b9,P,16,16,8da29d3843,1,synthetic:targets-v0,ok,harsh|clip_targets_slow_v0|harsh|rep1|seed20240909,5.9888
harsh,,nan,clip_targets_slow_v0,ac8617ba67c998bcbe51f93cb28d61eb9e5fe0b4a2b92ad853f2c3ed5eae3281,07b257405f757223,,c3a4d56327611e01,P,16,16,8da29d3843,2,synthetic:targets-v0,ok,harsh|clip_targets_slow_v0|harsh|rep2|seed20240909,5.9652
mild,,nan,clip_targets_fast_v7,d96484daec247e01186ae75e2a217e9b53771a6b17d4913ed3d389deb7032d47,07b257405f757223,,33325a310e46de6c,B0a,16,16,fb2e41a2d7,3,synthetic:targets-v7,ok,mild|clip_targets_fast_v7|mild|rep3|seed20240909,0.7675
mild,,nan,clip_targets_fast_v7,d96484daec247e01186ae75e2a217e9b53771a6b17d4913ed3d389deb7032d47,07b257405f757223,,de5bc0af41e76e66,B0a,16,16,fb2e41a2d7,4,synthetic:targets-v7,ok,mild|clip_targets_fast_v7|mild|rep4|seed20240909,0.7375
harsh,,nan,clip_targets_slow_v0,ac8617ba67c998bcbe51f93cb28d61eb9e5fe0b4a2b92ad853f2c3ed5eae3281,07b257405f757223,,6d8207e2fd1c9608,P,16,16,8da29d3843,3,synthetic:targets-v0,ok,harsh|clip_targets_slow_v0|harsh|rep3|seed20240909,6.0372
harsh,,nan,clip_targets_slow_v0,ac8617ba67c998bcbe51f93cb28d61eb9e5fe0b4a2b92ad853f2c3ed5eae3281,07b257405f757223,,734e6a0185d2d588,P,16,16,8da29d3843,4,synthetic:targets-v0,ok,harsh|clip_targets_slow_v0|harsh|rep4|seed20240909,6.0856
moderate,,nan,clip_targets_fast_v7,d96484daec247e01186ae75e2a217e9b53771a6b17d4913ed3d389deb7032d47,07b257405f757223,,f7b0cfd13cd59941,B0a,16,16,fb2e41a2d7,0,synthetic:targets-v7,ok,moderate|clip_targets_fast_v7|moderate|rep0|seed20240909,0.811
moderate,,nan,clip_targets_fast_v7,d96484daec247e01186ae75e2a217e9b53771a6b17d4913ed3d389deb7032d47,07b257405f757223,,f253207dcc98b3aa,B0a,16,16,fb2e41a2d7,1,synthetic:targets-v7,ok,moderate|clip_targets_fast_v7|moderate|rep1|seed20240909,0.8071
moderate,,nan,clip_targets_fast_v7,d96484daec247e01186ae75e2a217e9b53771a6b17d4913ed3d389deb7032d47,07b257405f757223,,14767142ed466cf6,B0a,16,16,fb2e41a2d7,2,synthetic:targets-v7,ok,moderate|clip_targets_fast_v7|moderate|rep2|seed20240909,0.7924
moderate,,nan,clip_targets_fast_v7,d96484daec247e01186ae75e2a217e9b53771a6b17d4913ed3d389deb7032d47,07b257405f757223,,53ce8a11d6dabb77,B0a,16,16,fb2e41a2d7,3,synthetic:targets-v7,ok,moderate|clip_targets_fast_v7|moderate|rep3|seed20240909,0.8147
moderate,,nan,clip_targets_fast_v7,d96484daec247e01186ae75e2a217e9b53771a6b17d4913ed3d389deb7032d47,07b257405f757223,,001097dba1cb973c,B0a,16,16,fb2e41a2d7,4,synthetic:targets-v7,ok,moderate|clip_targets_fast_v7|moderate|rep4|seed20240909,0.8304
bursty,,nan,clip_targets_fast_v7,d96484daec247e01186ae75e2a217e9b53771a6b17d4913ed3d389deb7032d47,07b257405f757223,,f2ff717121f66594,B0a,16,16,fb2e41a2d7,0,synthetic:targets-v7,ok,bursty|clip_targets_fast_v7|bursty|rep0|seed20240909,0.8102
bursty,,nan,clip_targets_fast_v7,d96484daec247e01186ae75e2a217e9b53771a6b17d4913ed3d389deb7032d47,07b257405f757223,,d9cbd329addb0260,B0a,16,16,fb2e41a2d7,1,synthetic:targets-v7,ok,bursty|clip_targets_fast_v7|bursty|rep1|seed20240909,0.7801
moderate,,nan,clip_targets_slow_v0,ac8617ba67c998bcbe51f93cb28d61eb9e5fe0b4a2b92ad853f2c3ed5eae3281,07b257405f757223,,c6b66c90c0d215e0,P,16,16,8da29d3843,0,synthetic:targets-v0,ok,moderate|clip_targets_slow_v0|moderate|rep0|seed20240909,17.1241
bursty,,nan,clip_targets_fast_v7,d96484daec247e01186ae75e2a217e9b53771a6b17d4913ed3d389deb7032d47,07b257405f757223,,5fe58caaf18f94d0,B0a,16,16,fb2e41a2d7,2,synthetic:targets-v7,ok,bursty|clip_targets_fast_v7|bursty|rep2|seed20240909,0.768
bursty,,nan,clip_targets_fast_v7,d96484daec247e01186ae75e2a217e9b53771a6b17d4913ed3d389deb7032d47,07b257405f757223,,22f089629183492c,B0a,16,16,fb2e41a2d7,3,synthetic:targets-v7,ok,bursty|clip_targets_fast_v7|bursty|rep3|seed20240909,0.7949
bursty,,nan,clip_targets_fast_v7,d96484daec247e01186ae75e2a217e9b53771a6b17d4913ed3d389deb7032d47,07b257405f757223,,0666fda5d1bfeb2d,B0a,16,16,fb2e41a2d7,4,synthetic:targets-v7,ok,bursty|clip_targets_fast_v7|bursty|rep4|seed20240909,0.8367
harsh,,nan,clip_targets_fast_v7,d96484daec247e01186ae75e2a217e9b53771a6b17d4913ed3d389deb7032d47,07b257405f757223,,3385f1f5b95865b0,B0a,16,16,fb2e41a2d7,0,synthetic:targets-v7,ok,harsh|clip_targets_fast_v7|harsh|rep0|seed20240909,0.8204
harsh,,nan,clip_targets_fast_v7,d96484daec247e01186ae75e2a217e9b53771a6b17d4913ed3d389deb7032d47,07b257405f757223,,4ac65c24d646aa86,B0a,16,16,fb2e41a2d7,1,synthetic:targets-v7,ok,harsh|clip_targets_fast_v7|harsh|rep1|seed20240909,0.8523
moderate,,nan,clip_targets_slow_v0,ac8617ba67c998bcbe51f93cb28d61eb9e5fe0b4a2b92ad853f2c3ed5eae3281,07b257405f757223,,4f30e6210e2baad0,P,16,16,8da29d3843,1,synthetic:targets-v0,ok,moderate|clip_targets_slow_v0|moderate|rep1|seed20240909,17.6242
harsh,,nan,clip_targets_fast_v7,d96484daec247e01186ae75e2a217e9b53771a6b17d4913ed3d389deb7032d47,07b257405f757223,,86493ec56d9927b2,B0a,16,16,fb2e41a2d7,2,synthetic:targets-v7,ok,harsh|clip_targets_fast_v7|harsh|rep2|seed20240909,0.8477
harsh,,nan,clip_targets_fast_v7,d96484daec247e01186ae75e2a217e9b53771a6b17d4913ed3d389deb7032d47,07b257405f757223,,794aee1b89aaedf8,B0a,16,16,fb2e41a2d7,3,synthetic:targets-v7,ok,harsh|clip_targets_fast_v7|harsh|rep3|seed20240909,0.8251
harsh,,nan,clip_targets_fast_v7,d96484daec247e01186ae75e2a217e9b53771a6b17d4913ed3d389deb7032d47,07b257405f757223,,2be83c9b929e62a8,B0a,16,16,fb2e41a2d7,4,synthetic:targets-v7,ok,harsh|clip_targets_fast_v7|harsh|rep4|seed20240909,0.8506
clean,,nan,clip_targets_fast_v7,d96484daec247e01186ae75e2a217e9b53771a6b17d4913ed3d389deb7032d47,07b257405f757223,,3cdcbe543fc5950e,B0a-R,16,16,fb2e41a2d7,0,synthetic:targets-v7,ok,clean|clip_targets_fast_v7|clean|rep0|seed20240909,1.5059
clean,,nan,clip_targets_fast_v7,d96484daec247e01186ae75e2a217e9b53771a6b17d4913ed3d389deb7032d47,07b257405f757223,,976bc68aa11a53ef,B0a-R,16,16,fb2e41a2d7,1,synthetic:targets-v7,ok,clean|clip_targets_fast_v7|clean|rep1|seed20240909,1.5561
clean,,nan,clip_targets_fast_v7,d96484daec247e01186ae75e2a217e9b53771a6b17d4913ed3d389deb7032d47,07b257405f757223,,59db267eec13bfef,B0a-R,16,16,fb2e41a2d7,2,synthetic:targets-v7,ok,clean|clip_targets_fast_v7|clean|rep2|seed20240909,1.5531
clean,,nan,clip_targets_fast_v7,d96484daec247e01186ae75e2a217e9b53771a6b17d4913ed3d389deb7032d47,07b257405f757223,,08c491e09745ffe9,B0a-R,16,16,fb2e41a2d7,3,synthetic:targets-v7,ok,clean|clip_targets_fast_v7|clean|rep3|seed20240909,1.552
clean,,nan,clip_targets_fast_v7,d96484daec247e01186ae75e2a217e9b53771a6b17d4913ed3d389deb7032d47,07b257405f757223,,9f64a078ec2d6b4e,B0a-R,16,16,fb2e41a2d7,4,synthetic:targets-v7,ok,clean|clip_targets_fast_v7|clean|rep4|seed20240909,1.568
moderate,,nan,clip_targets_slow_v0,ac8617ba67c998bcbe51f93cb28d61eb9e5fe0b4a2b92ad853f2c3ed5eae3281,07b257405f757223,,ed133c9277464bfd,P,16,16,8da29d3843,3,synthetic:targets-v0,ok,moderate|clip_targets_slow_v0|moderate|rep3|seed20240909,17.1208
mild,,nan,clip_targets_fast_v7,d96484daec247e01186ae75e2a217e9b53771a6b17d4913ed3d389deb7032d47,07b257405f757223,,ae9b05ceb135fa0d,B0a-R,16,16,fb2e41a2d7,1,synthetic:targets-v7,ok,mild|clip_targets_fast_v7|mild|rep1|seed20240909,2.0895
moderate,,nan,clip_targets_slow_v0,ac8617ba67c998bcbe51f93cb28d61eb9e5fe0b4a2b92ad853f2c3ed5eae3281,07b257405f757223,,1cac7873b8eb7167,P,16,16,8da29d3843,2,synthetic:targets-v0,ok,moderate|clip_targets_slow_v0|moderate|rep2|seed20240909,17.2388
bursty,,nan,clip_targets_slow_v0,ac8617ba67c998bcbe51f93cb28d61eb9e5fe0b4a2b92ad853f2c3ed5eae3281,07b257405f757223,,c71b20a376da1647,P,16,16,8da29d3843,0,synthetic:targets-v0,ok,bursty|clip_targets_slow_v0|bursty|rep0|seed20240909,16.4343
mild,,nan,clip_targets_fast_v7,d96484daec247e01186ae75e2a217e9b53771a6b17d4913ed3d389deb7032d47,07b257405f757223,,d64e14e37e094810,B0a-R,16,16,fb2e41a2d7,0,synthetic:targets-v7,ok,mild|clip_targets_fast_v7|mild|rep0|seed20240909,2.1495
mild,,nan,clip_targets_fast_v7,d96484daec247e01186ae75e2a217e9b53771a6b17d4913ed3d389deb7032d47,07b257405f757223,,4978ab72f939a3ee,B0a-R,16,16,fb2e41a2d7,2,synthetic:targets-v7,ok,mild|clip_targets_fast_v7|mild|rep2|seed20240909,2.1496
moderate,,nan,clip_targets_slow_v0,ac8617ba67c998bcbe51f93cb28d61eb9e5fe0b4a2b92ad853f2c3ed5eae3281,07b257405f757223,,1e06cdc17d33b67a,P,16,16,8da29d3843,4,synthetic:targets-v0,ok,moderate|clip_targets_slow_v0|moderate|rep4|seed20240909,16.8108
mild,,nan,clip_targets_fast_v7,d96484daec247e01186ae75e2a217e9b53771a6b17d4913ed3d389deb7032d47,07b257405f757223,,55e4174934af4da2,B0a-R,16,16,fb2e41a2d7,3,synthetic:targets-v7,ok,mild|clip_targets_fast_v7|mild|rep3|seed20240909,2.1741
mild,,nan,clip_targets_fast_v7,d96484daec247e01186ae75e2a217e9b53771a6b17d4913ed3d389deb7032d47,07b257405f757223,,a4199dda88beb95d,B0a-R,16,16,fb2e41a2d7,4,synthetic:targets-v7,ok,mild|clip_targets_fast_v7|mild|rep4|seed20240909,2.1986
moderate,,nan,clip_targets_fast_v7,d96484daec247e01186ae75e2a217e9b53771a6b17d4913ed3d389deb7032d47,07b257405f757223,,311ad7eaf785b85b,B0a-R,16,16,fb2e41a2d7,0,synthetic:targets-v7,ok,moderate|clip_targets_fast_v7|moderate|rep0|seed20240909,2.4021
moderate,,nan,clip_targets_fast_v7,d96484daec247e01186ae75e2a217e9b53771a6b17d4913ed3d389deb7032d47,07b257405f757223,,96101c7bc0bd71a6,B0a-R,16,16,fb2e41a2d7,1,synthetic:targets-v7,ok,moderate|clip_targets_fast_v7|moderate|rep1|seed20240909,2.4349
moderate,,nan,clip_targets_fast_v7,d96484daec247e01186ae75e2a217e9b53771a6b17d4913ed3d389deb7032d47,07b257405f757223,,07857aac66ed4404,B0a-R,16,16,fb2e41a2d7,2,synthetic:targets-v7,ok,moderate|clip_targets_fast_v7|moderate|rep2|seed20240909,2.3935
bursty,,nan,clip_targets_fast_v7,d96484daec247e01186ae75e2a217e9b53771a6b17d4913ed3d389deb7032d47,07b257405f757223,,fd67531f458965e3,B0a-R,16,16,fb2e41a2d7,0,synthetic:targets-v7,ok,bursty|clip_targets_fast_v7|bursty|rep0|seed20240909,2.2294
bursty,,nan,clip_targets_fast_v7,d96484daec247e01186ae75e2a217e9b53771a6b17d4913ed3d389deb7032d47,07b257405f757223,,16e2ec581aa6ccc9,B0a-R,16,16,fb2e41a2d7,1,synthetic:targets-v7,ok,bursty|clip_targets_fast_v7|bursty|rep1|seed20240909,2.2394
bursty,,nan,clip_targets_fast_v7,d96484daec247e01186ae75e2a217e9b53771a6b17d4913ed3d389deb7032d47,07b257405f757223,,7d4c4abf6dab85ea,B0a-R,16,16,fb2e41a2d7,2,synthetic:targets-v7,ok,bursty|clip_targets_fast_v7|bursty|rep2|seed20240909,2.2511
moderate,,nan,clip_targets_fast_v7,d96484daec247e01186ae75e2a217e9b53771a6b17d4913ed3d389deb7032d47,07b257405f757223,,406d46d7a41c0240,B0a-R,16,16,fb2e41a2d7,3,synthetic:targets-v7,ok,moderate|clip_targets_fast_v7|moderate|rep3|seed20240909,2.4335
bursty,,nan,clip_targets_fast_v7,d96484daec247e01186ae75e2a217e9b53771a6b17d4913ed3d389deb7032d47,07b257405f757223,,5d12e1e747c42ff2,B0a-R,16,16,fb2e41a2d7,3,synthetic:targets-v7,ok,bursty|clip_targets_fast_v7|bursty|rep3|seed20240909,2.2793
moderate,,nan,clip_targets_fast_v7,d96484daec247e01186ae75e2a217e9b53771a6b17d4913ed3d389deb7032d47,07b257405f757223,,2ce2bdccae45afe9,B0a-R,16,16,fb2e41a2d7,4,synthetic:targets-v7,ok,moderate|clip_targets_fast_v7|moderate|rep4|seed20240909,2.3971
bursty,,nan,clip_targets_fast_v7,d96484daec247e01186ae75e2a217e9b53771a6b17d4913ed3d389deb7032d47,07b257405f757223,,bad38b8e699d2acd,B0a-R,16,16,fb2e41a2d7,4,synthetic:targets-v7,ok,bursty|clip_targets_fast_v7|bursty|rep4|seed20240909,2.2291
bursty,,nan,clip_targets_slow_v0,ac8617ba67c998bcbe51f93cb28d61eb9e5fe0b4a2b92ad853f2c3ed5eae3281,07b257405f757223,,18c720a649b75615,P,16,16,8da29d3843,1,synthetic:targets-v0,ok,bursty|clip_targets_slow_v0|bursty|rep1|seed20240909,17.3469
harsh,,nan,clip_targets_fast_v7,d96484daec247e01186ae75e2a217e9b53771a6b17d4913ed3d389deb7032d47,07b257405f757223,,e01e12e6ff0584c3,B0a-R,16,16,fb2e41a2d7,0,synthetic:targets-v7,ok,harsh|clip_targets_fast_v7|harsh|rep0|seed20240909,2.3786
harsh,,nan,clip_targets_fast_v7,d96484daec247e01186ae75e2a217e9b53771a6b17d4913ed3d389deb7032d47,07b257405f757223,,685eb181a0d67211,B0a-R,16,16,fb2e41a2d7,1,synthetic:targets-v7,ok,harsh|clip_targets_fast_v7|harsh|rep1|seed20240909,2.3643
harsh,,nan,clip_targets_fast_v7,d96484daec247e01186ae75e2a217e9b53771a6b17d4913ed3d389deb7032d47,07b257405f757223,,893931a01462ab81,B0a-R,16,16,fb2e41a2d7,2,synthetic:targets-v7,ok,harsh|clip_targets_fast_v7|harsh|rep2|seed20240909,2.2437
harsh,,nan,clip_targets_fast_v7,d96484daec247e01186ae75e2a217e9b53771a6b17d4913ed3d389deb7032d47,07b257405f757223,,f6ebebaff2856bd2,B0a-R,16,16,fb2e41a2d7,3,synthetic:targets-v7,ok,harsh|clip_targets_fast_v7|harsh|rep3|seed20240909,2.2648
harsh,,nan,clip_targets_fast_v7,d96484daec247e01186ae75e2a217e9b53771a6b17d4913ed3d389deb7032d47,07b257405f757223,,fa74fa78bbe09e06,B0a-R,16,16,fb2e41a2d7,4,synthetic:targets-v7,ok,harsh|clip_targets_fast_v7|harsh|rep4|seed20240909,2.2417
bursty,,nan,clip_targets_slow_v0,ac8617ba67c998bcbe51f93cb28d61eb9e5fe0b4a2b92ad853f2c3ed5eae3281,07b257405f757223,,6524b828268909da,P,16,16,8da29d3843,2,synthetic:targets-v0,ok,bursty|clip_targets_slow_v0|bursty|rep2|seed20240909,16.844
bursty,,nan,clip_targets_slow_v0,ac8617ba67c998bcbe51f93cb28d61eb9e5fe0b4a2b92ad853f2c3ed5eae3281,07b257405f757223,,4c590bd9374a32d9,P,16,16,8da29d3843,3,synthetic:targets-v0,ok,bursty|clip_targets_slow_v0|bursty|rep3|seed20240909,16.6699
bursty,,nan,clip_targets_slow_v0,ac8617ba67c998bcbe51f93cb28d61eb9e5fe0b4a2b92ad853f2c3ed5eae3281,07b257405f757223,,2c8ebac87fe0456a,P,16,16,8da29d3843,4,synthetic:targets-v0,ok,bursty|clip_targets_slow_v0|bursty|rep4|seed20240909,16.8072
clean,,nan,clip_targets_fast_v7,d96484daec247e01186ae75e2a217e9b53771a6b17d4913ed3d389deb7032d47,07b257405f757223,,3b9471e8b0471a85,B0d,16,16,fb2e41a2d7,1,synthetic:targets-v7,ok,clean|clip_targets_fast_v7|clean|rep1|seed20240909,4.4784
clean,,nan,clip_targets_fast_v7,d96484daec247e01186ae75e2a217e9b53771a6b17d4913ed3d389deb7032d47,07b257405f757223,,beee6abeb5e73cca,B0d,16,16,fb2e41a2d7,0,synthetic:targets-v7,ok,clean|clip_targets_fast_v7|clean|rep0|seed20240909,4.5162
clean,,nan,clip_targets_fast_v7,d96484daec247e01186ae75e2a217e9b53771a6b17d4913ed3d389deb7032d47,07b257405f757223,,57318db5e4d3f50a,B0d,16,16,fb2e41a2d7,2,synthetic:targets-v7,ok,clean|clip_targets_fast_v7|clean|rep2|seed20240909,4.5249
clean,,nan,clip_targets_fast_v7,d96484daec247e01186ae75e2a217e9b53771a6b17d4913ed3d389deb7032d47,07b257405f757223,,afb66989ea7aa481,B0d,16,16,fb2e41a2d7,3,synthetic:targets-v7,ok,clean|clip_targets_fast_v7|clean|rep3|seed20240909,4.5285
clean,,nan,clip_targets_fast_v7,d96484daec247e01186ae75e2a217e9b53771a6b17d4913ed3d389deb7032d47,07b257405f757223,,30d1c64e3c24ec13,B0d,16,16,fb2e41a2d7,4,synthetic:targets-v7,ok,clean|clip_targets_fast_v7|clean|rep4|seed20240909,4.5377
mild,,nan,clip_targets_fast_v7,d96484daec247e01186ae75e2a217e9b53771a6b17d4913ed3d389deb7032d47,07b257405f757223,,2529e88764c3cc7a,B0d,16,16,fb2e41a2d7,0,synthetic:targets-v7,ok,mild|clip_targets_fast_v7|mild|rep0|seed20240909,4.8148
mild,,nan,clip_targets_fast_v7,d96484daec247e01186ae75e2a217e9b53771a6b17d4913ed3d389deb7032d47,07b257405f757223,,565adbffdf5503ef,B0d,16,16,fb2e41a2d7,1,synthetic:targets-v7,ok,mild|clip_targets_fast_v7|mild|rep1|seed20240909,4.8813
mild,,nan,clip_targets_fast_v7,d96484daec247e01186ae75e2a217e9b53771a6b17d4913ed3d389deb7032d47,07b257405f757223,,07ffafa197b91009,B0d,16,16,fb2e41a2d7,2,synthetic:targets-v7,ok,mild|clip_targets_fast_v7|mild|rep2|seed20240909,4.8022
mild,,nan,clip_targets_fast_v7,d96484daec247e01186ae75e2a217e9b53771a6b17d4913ed3d389deb7032d47,07b257405f757223,,19568fd4570af6ba,B0d,16,16,fb2e41a2d7,3,synthetic:targets-v7,ok,mild|clip_targets_fast_v7|mild|rep3|seed20240909,4.8092
mild,,nan,clip_targets_fast_v7,d96484daec247e01186ae75e2a217e9b53771a6b17d4913ed3d389deb7032d47,07b257405f757223,,f3e2d05201c8f136,B0d,16,16,fb2e41a2d7,4,synthetic:targets-v7,ok,mild|clip_targets_fast_v7|mild|rep4|seed20240909,4.8664
clean,,nan,clip_targets_fast_v7,d96484daec247e01186ae75e2a217e9b53771a6b17d4913ed3d389deb7032d47,07b257405f757223,,c8c8d470333adb35,B1,16,16,fb2e41a2d7,0,synthetic:targets-v7,ok,clean|clip_targets_fast_v7|clean|rep0|seed20240909,0.5932
clean,,nan,clip_targets_fast_v7,d96484daec247e01186ae75e2a217e9b53771a6b17d4913ed3d389deb7032d47,07b257405f757223,,af0b6318ae80bda3,B1,16,16,fb2e41a2d7,1,synthetic:targets-v7,ok,clean|clip_targets_fast_v7|clean|rep1|seed20240909,0.6104
clean,,nan,clip_targets_fast_v7,d96484daec247e01186ae75e2a217e9b53771a6b17d4913ed3d389deb7032d47,07b257405f757223,,c3c75ac28ef2f3a9,B1,16,16,fb2e41a2d7,2,synthetic:targets-v7,ok,clean|clip_targets_fast_v7|clean|rep2|seed20240909,0.5979
harsh,,nan,clip_targets_fast_v7,d96484daec247e01186ae75e2a217e9b53771a6b17d4913ed3d389deb7032d47,07b257405f757223,,600939a2182684c9,B0d,16,16,fb2e41a2d7,0,synthetic:targets-v7,ok,harsh|clip_targets_fast_v7|harsh|rep0|seed20240909,3.4596
clean,,nan,clip_targets_fast_v7,d96484daec247e01186ae75e2a217e9b53771a6b17d4913ed3d389deb7032d47,07b257405f757223,,c3c6b1385e91f709,B1,16,16,fb2e41a2d7,3,synthetic:targets-v7,ok,clean|clip_targets_fast_v7|clean|rep3|seed20240909,0.5935
harsh,,nan,clip_targets_fast_v7,d96484daec247e01186ae75e2a217e9b53771a6b17d4913ed3d389deb7032d47,07b257405f757223,,42ee0a3db61fe489,B0d,16,16,fb2e41a2d7,1,synthetic:targets-v7,ok,harsh|clip_targets_fast_v7|harsh|rep1|seed20240909,3.5228
harsh,,nan,clip_targets_fast_v7,d96484daec247e01186ae75e2a217e9b53771a6b17d4913ed3d389deb7032d47,07b257405f757223,,53217c4156fb67da,B0d,16,16,fb2e41a2d7,2,synthetic:targets-v7,ok,harsh|clip_targets_fast_v7|harsh|rep2|seed20240909,3.4845
clean,,nan,clip_targets_fast_v7,d96484daec247e01186ae75e2a217e9b53771a6b17d4913ed3d389deb7032d47,07b257405f757223,,7680fb23f36b1116,B1,16,16,fb2e41a2d7,4,synthetic:targets-v7,ok,clean|clip_targets_fast_v7|clean|rep4|seed20240909,0.6053
harsh,,nan,clip_targets_fast_v7,d96484daec247e01186ae75e2a217e9b53771a6b17d4913ed3d389deb7032d47,07b257405f757223,,80baf5e5e5448af3,B0d,16,16,fb2e41a2d7,3,synthetic:targets-v7,ok,harsh|clip_targets_fast_v7|harsh|rep3|seed20240909,3.3422
moderate,,nan,clip_targets_fast_v7,d96484daec247e01186ae75e2a217e9b53771a6b17d4913ed3d389deb7032d47,07b257405f757223,,0332368e6e878328,B0d,16,16,fb2e41a2d7,2,synthetic:targets-v7,ok,moderate|clip_targets_fast_v7|moderate|rep2|seed20240909,7.0926
moderate,,nan,clip_targets_fast_v7,d96484daec247e01186ae75e2a217e9b53771a6b17d4913ed3d389deb7032d47,07b257405f757223,,2b87257d070f99fb,B0d,16,16,fb2e41a2d7,1,synthetic:targets-v7,ok,moderate|clip_targets_fast_v7|moderate|rep1|seed20240909,7.2847
moderate,,nan,clip_targets_fast_v7,d96484daec247e01186ae75e2a217e9b53771a6b17d4913ed3d389deb7032d47,07b257405f757223,,7205e8de754079a3,B0d,16,16,fb2e41a2d7,0,synthetic:targets-v7,ok,moderate|clip_targets_fast_v7|moderate|rep0|seed20240909,7.457
mild,,nan,clip_targets_fast_v7,d96484daec247e01186ae75e2a217e9b53771a6b17d4913ed3d389deb7032d47,07b257405f757223,,d41e5f9b301edda6,B1,16,16,fb2e41a2d7,0,synthetic:targets-v7,ok,mild|clip_targets_fast_v7|mild|rep0|seed20240909,0.7608
mild,,nan,clip_targets_fast_v7,d96484daec247e01186ae75e2a217e9b53771a6b17d4913ed3d389deb7032d47,07b257405f757223,,927a15e0a206bfe5,B1,16,16,fb2e41a2d7,1,synthetic:targets-v7,ok,mild|clip_targets_fast_v7|mild|rep1|seed20240909,0.8194
harsh,,nan,clip_targets_fast_v7,d96484daec247e01186ae75e2a217e9b53771a6b17d4913ed3d389deb7032d47,07b257405f757223,,44dfad8d752d2c53,B0d,16,16,fb2e41a2d7,4,synthetic:targets-v7,ok,harsh|clip_targets_fast_v7|harsh|rep4|seed20240909,3.4663
moderate,,nan,clip_targets_fast_v7,d96484daec247e01186ae75e2a217e9b53771a6b17d4913ed3d389deb7032d47,07b257405f757223,,67cb17f211354a05,B0d,16,16,fb2e41a2d7,4,synthetic:targets-v7,ok,moderate|clip_targets_fast_v7|moderate|rep4|seed20240909,7.0316
mild,,nan,clip_targets_fast_v7,d96484daec247e01186ae75e2a217e9b53771a6b17d4913ed3d389deb7032d47,07b257405f757223,,3c4f39ba3706423f,B1,16,16,fb2e41a2d7,2,synthetic:targets-v7,ok,mild|clip_targets_fast_v7|mild|rep2|seed20240909,0.8046
mild,,nan,clip_targets_fast_v7,d96484daec247e01186ae75e2a217e9b53771a6b17d4913ed3d389deb7032d47,07b257405f757223,,8819bedf4f86972b,B1,16,16,fb2e41a2d7,3,synthetic:targets-v7,ok,mild|clip_targets_fast_v7|mild|rep3|seed20240909,0.7708
mild,,nan,clip_targets_fast_v7,d96484daec247e01186ae75e2a217e9b53771a6b17d4913ed3d389deb7032d47,07b257405f757223,,576fbf840729613b,B1,16,16,fb2e41a2d7,4,synthetic:targets-v7,ok,mild|clip_targets_fast_v7|mild|rep4|seed20240909,0.7791
moderate,,nan,clip_targets_fast_v7,d96484daec247e01186ae75e2a217e9b53771a6b17d4913ed3d389deb7032d47,07b257405f757223,,193965d61200c447,B0d,16,16,fb2e41a2d7,3,synthetic:targets-v7,ok,moderate|clip_targets_fast_v7|moderate|rep3|seed20240909,7.3437
moderate,,nan,clip_targets_fast_v7,d96484daec247e01186ae75e2a217e9b53771a6b17d4913ed3d389deb7032d47,07b257405f757223,,f703799ce0450320,B1,16,16,fb2e41a2d7,0,synthetic:targets-v7,ok,moderate|clip_targets_fast_v7|moderate|rep0|seed20240909,0.8963
moderate,,nan,clip_targets_fast_v7,d96484daec247e01186ae75e2a217e9b53771a6b17d4913ed3d389deb7032d47,07b257405f757223,,9e6a2a948ac499e7,B1,16,16,fb2e41a2d7,1,synthetic:targets-v7,ok,moderate|clip_targets_fast_v7|moderate|rep1|seed20240909,0.8974
moderate,,nan,clip_targets_fast_v7,d96484daec247e01186ae75e2a217e9b53771a6b17d4913ed3d389deb7032d47,07b257405f757223,,b01edc58b33ef1f7,B1,16,16,fb2e41a2d7,2,synthetic:targets-v7,ok,moderate|clip_targets_fast_v7|moderate|rep2|seed20240909,0.8935
moderate,,nan,clip_targets_fast_v7,d96484daec247e01186ae75e2a217e9b53771a6b17d4913ed3d389deb7032d47,07b257405f757223,,9eaacc906ba886b8,B1,16,16,fb2e41a2d7,3,synthetic:targets-v7,ok,moderate|clip_targets_fast_v7|moderate|rep3|seed20240909,0.8899
bursty,,nan,clip_targets_fast_v7,d96484daec247e01186ae75e2a217e9b53771a6b17d4913ed3d389deb7032d47,07b257405f757223,,9d589f4319347f73,B1,16,16,fb2e41a2d7,0,synthetic:targets-v7,ok,bursty|clip_targets_fast_v7|bursty|rep0|seed20240909,0.857
moderate,,nan,clip_targets_fast_v7,d96484daec247e01186ae75e2a217e9b53771a6b17d4913ed3d389deb7032d47,07b257405f757223,,08cb60b03ae80d06,B1,16,16,fb2e41a2d7,4,synthetic:targets-v7,ok,moderate|clip_targets_fast_v7|moderate|rep4|seed20240909,0.9017
bursty,,nan,clip_targets_fast_v7,d96484daec247e01186ae75e2a217e9b53771a6b17d4913ed3d389deb7032d47,07b257405f757223,,8f68da84b5d6229b,B1,16,16,fb2e41a2d7,1,synthetic:targets-v7,ok,bursty|clip_targets_fast_v7|bursty|rep1|seed20240909,0.8632
bursty,,nan,clip_targets_fast_v7,d96484daec247e01186ae75e2a217e9b53771a6b17d4913ed3d389deb7032d47,07b257405f757223,,abf00f311cb2f20e,B1,16,16,fb2e41a2d7,2,synthetic:targets-v7,ok,bursty|clip_targets_fast_v7|bursty|rep2|seed20240909,0.8591
bursty,,nan,clip_targets_fast_v7,d96484daec247e01186ae75e2a217e9b53771a6b17d4913ed3d389deb7032d47,07b257405f757223,,d29456da951d3e23,B1,16,16,fb2e41a2d7,3,synthetic:targets-v7,ok,bursty|clip_targets_fast_v7|bursty|rep3|seed20240909,0.8158
bursty,,nan,clip_targets_fast_v7,d96484daec247e01186ae75e2a217e9b53771a6b17d4913ed3d389deb7032d47,07b257405f757223,,accc2af706cb1af6,B1,16,16,fb2e41a2d7,4,synthetic:targets-v7,ok,bursty|clip_targets_fast_v7|bursty|rep4|seed20240909,0.838
harsh,,nan,clip_targets_fast_v7,d96484daec247e01186ae75e2a217e9b53771a6b17d4913ed3d389deb7032d47,07b257405f757223,,c75fd01ef02434da,B1,16,16,fb2e41a2d7,0,synthetic:targets-v7,ok,harsh|clip_targets_fast_v7|harsh|rep0|seed20240909,0.8883
bursty,,nan,clip_targets_fast_v7,d96484daec247e01186ae75e2a217e9b53771a6b17d4913ed3d389deb7032d47,07b257405f757223,,28bd12e50b766847,B0d,16,16,fb2e41a2d7,0,synthetic:targets-v7,ok,bursty|clip_targets_fast_v7|bursty|rep0|seed20240909,7.9204
harsh,,nan,clip_targets_fast_v7,d96484daec247e01186ae75e2a217e9b53771a6b17d4913ed3d389deb7032d47,07b257405f757223,,1b321c2684d2cd6f,B1,16,16,fb2e41a2d7,1,synthetic:targets-v7,ok,harsh|clip_targets_fast_v7|harsh|rep1|seed20240909,0.9235
harsh,,nan,clip_targets_fast_v7,d96484daec247e01186ae75e2a217e9b53771a6b17d4913ed3d389deb7032d47,07b257405f757223,,9ce46e779fb5c38e,B1,16,16,fb2e41a2d7,3,synthetic:targets-v7,ok,harsh|clip_targets_fast_v7|harsh|rep3|seed20240909,0.8756
harsh,,nan,clip_targets_fast_v7,d96484daec247e01186ae75e2a217e9b53771a6b17d4913ed3d389deb7032d47,07b257405f757223,,4cf1ad50c4b42c71,B1,16,16,fb2e41a2d7,2,synthetic:targets-v7,ok,harsh|clip_targets_fast_v7|harsh|rep2|seed20240909,0.9204
clean,,nan,clip_targets_fast_v7,d96484daec247e01186ae75e2a217e9b53771a6b17d4913ed3d389deb7032d47,07b257405f757223,,f0498e7a166f8235,B2,16,16,fb2e41a2d7,0,synthetic:targets-v7,ok,clean|clip_targets_fast_v7|clean|rep0|seed20240909,0.626
clean,,nan,clip_targets_fast_v7,d96484daec247e01186ae75e2a217e9b53771a6b17d4913ed3d389deb7032d47,07b257405f757223,,d6f3cec30866b89b,B2,16,16,fb2e41a2d7,1,synthetic:targets-v7,ok,clean|clip_targets_fast_v7|clean|rep1|seed20240909,0.638
clean,,nan,clip_targets_fast_v7,d96484daec247e01186ae75e2a217e9b53771a6b17d4913ed3d389deb7032d47,07b257405f757223,,e55c3ccdffce82b7,B2,16,16,fb2e41a2d7,2,synthetic:targets-v7,ok,clean|clip_targets_fast_v7|clean|rep2|seed20240909,0.6445
clean,,nan,clip_targets_fast_v7,d96484daec247e01186ae75e2a217e9b53771a6b17d4913ed3d389deb7032d47,07b257405f757223,,aef49c42435c7261,B2,16,16,fb2e41a2d7,3,synthetic:targets-v7,ok,clean|clip_targets_fast_v7|clean|rep3|seed20240909,0.6442
clean,,nan,clip_targets_fast_v7,d96484daec247e01186ae75e2a217e9b53771a6b17d4913ed3d389deb7032d47,07b257405f757223,,df84d6de92456093,B2,16,16,fb2e41a2d7,4,synthetic:targets-v7,ok,clean|clip_targets_fast_v7|clean|rep4|seed20240909,0.6473
harsh,,nan,clip_targets_fast_v7,d96484daec247e01186ae75e2a217e9b53771a6b17d4913ed3d389deb7032d47,07b257405f757223,,2f0afd8f3d267058,B1,16,16,fb2e41a2d7,4,synthetic:targets-v7,ok,harsh|clip_targets_fast_v7|harsh|rep4|seed20240909,0.918
mild,,nan,clip_targets_fast_v7,d96484daec247e01186ae75e2a217e9b53771a6b17d4913ed3d389deb7032d47,07b257405f757223,,ccf2e6016f224348,B2,16,16,fb2e41a2d7,0,synthetic:targets-v7,ok,mild|clip_targets_fast_v7|mild|rep0|seed20240909,0.8316
mild,,nan,clip_targets_fast_v7,d96484daec247e01186ae75e2a217e9b53771a6b17d4913ed3d389deb7032d47,07b257405f757223,,3a14639ab6481b50,B2,16,16,fb2e41a2d7,1,synthetic:targets-v7,ok,mild|clip_targets_fast_v7|mild|rep1|seed20240909,0.8685
mild,,nan,clip_targets_fast_v7,d96484daec247e01186ae75e2a217e9b53771a6b17d4913ed3d389deb7032d47,07b257405f757223,,5fd9c68ebc5e8add,B2,16,16,fb2e41a2d7,2,synthetic:targets-v7,ok,mild|clip_targets_fast_v7|mild|rep2|seed20240909,0.8341
mild,,nan,clip_targets_fast_v7,d96484daec247e01186ae75e2a217e9b53771a6b17d4913ed3d389deb7032d47,07b257405f757223,,7e4d6e055e054f10,B2,16,16,fb2e41a2d7,4,synthetic:targets-v7,ok,mild|clip_targets_fast_v7|mild|rep4|seed20240909,0.8646
mild,,nan,clip_targets_fast_v7,d96484daec247e01186ae75e2a217e9b53771a6b17d4913ed3d389deb7032d47,07b257405f757223,,9d8c704d034d8594,B2,16,16,fb2e41a2d7,3,synthetic:targets-v7,ok,mild|clip_targets_fast_v7|mild|rep3|seed20240909,0.9338
moderate,,nan,clip_targets_fast_v7,d96484daec247e01186ae75e2a217e9b53771a6b17d4913ed3d389deb7032d47,07b257405f757223,,f2652d884bf3f13f,B2,16,16,fb2e41a2d7,1,synthetic:targets-v7,ok,moderate|clip_targets_fast_v7|moderate|rep1|seed20240909,0.906
moderate,,nan,clip_targets_fast_v7,d96484daec247e01186ae75e2a217e9b53771a6b17d4913ed3d389deb7032d47,07b257405f757223,,2ecda056717827a2,B2,16,16,fb2e41a2d7,0,synthetic:targets-v7,ok,moderate|clip_targets_fast_v7|moderate|rep0|seed20240909,0.9867
moderate,,nan,clip_targets_fast_v7,d96484daec247e01186ae75e2a217e9b53771a6b17d4913ed3d389deb7032d47,07b257405f757223,,0fd5a9f87fdf81d8,B2,16,16,fb2e41a2d7,2,synthetic:targets-v7,ok,moderate|clip_targets_fast_v7|moderate|rep2|seed20240909,0.9165
moderate,,nan,clip_targets_fast_v7,d96484daec247e01186ae75e2a217e9b53771a6b17d4913ed3d389deb7032d47,07b257405f757223,,1b274959b1eec62f,B2,16,16,fb2e41a2d7,3,synthetic:targets-v7,ok,moderate|clip_targets_fast_v7|moderate|rep3|seed20240909,0.9252
moderate,,nan,clip_targets_fast_v7,d96484daec247e01186ae75e2a217e9b53771a6b17d4913ed3d389deb7032d47,07b257405f757223,,7e9f86f122aa18c7,B2,16,16,fb2e41a2d7,4,synthetic:targets-v7,ok,moderate|clip_targets_fast_v7|moderate|rep4|seed20240909,0.9291
bursty,,nan,clip_targets_fast_v7,d96484daec247e01186ae75e2a217e9b53771a6b17d4913ed3d389deb7032d47,07b257405f757223,,b9e85bb661d06370,B2,16,16,fb2e41a2d7,0,synthetic:targets-v7,ok,bursty|clip_targets_fast_v7|bursty|rep0|seed20240909,0.8798
bursty,,nan,clip_targets_fast_v7,d96484daec247e01186ae75e2a217e9b53771a6b17d4913ed3d389deb7032d47,07b257405f757223,,fd8eb6c324f92d54,B2,16,16,fb2e41a2d7,1,synthetic:targets-v7,ok,bursty|clip_targets_fast_v7|bursty|rep1|seed20240909,0.8698
bursty,,nan,clip_targets_fast_v7,d96484daec247e01186ae75e2a217e9b53771a6b17d4913ed3d389deb7032d47,07b257405f757223,,14e50ecdccea8667,B2,16,16,fb2e41a2d7,2,synthetic:targets-v7,ok,bursty|clip_targets_fast_v7|bursty|rep2|seed20240909,0.8362
bursty,,nan,clip_targets_fast_v7,d96484daec247e01186ae75e2a217e9b53771a6b17d4913ed3d389deb7032d47,07b257405f757223,,de9dc4a5410534a9,B2,16,16,fb2e41a2d7,3,synthetic:targets-v7,ok,bursty|clip_targets_fast_v7|bursty|rep3|seed20240909,0.8247
bursty,,nan,clip_targets_fast_v7,d96484daec247e01186ae75e2a217e9b53771a6b17d4913ed3d389deb7032d47,07b257405f757223,,fd816c147f2bf779,B2,16,16,fb2e41a2d7,4,synthetic:targets-v7,ok,bursty|clip_targets_fast_v7|bursty|rep4|seed20240909,0.8263
bursty,,nan,clip_targets_fast_v7,d96484daec247e01186ae75e2a217e9b53771a6b17d4913ed3d389deb7032d47,07b257405f757223,,ff9cb013a61a6416,B0d,16,16,fb2e41a2d7,1,synthetic:targets-v7,ok,bursty|clip_targets_fast_v7|bursty|rep1|seed20240909,7.7759
bursty,,nan,clip_targets_fast_v7,d96484daec247e01186ae75e2a217e9b53771a6b17d4913ed3d389deb7032d47,07b257405f757223,,bb24d207cd6dbd8d,B0d,16,16,fb2e41a2d7,4,synthetic:targets-v7,ok,bursty|clip_targets_fast_v7|bursty|rep4|seed20240909,7.7814
harsh,,nan,clip_targets_fast_v7,d96484daec247e01186ae75e2a217e9b53771a6b17d4913ed3d389deb7032d47,07b257405f757223,,6eed31796063b5a4,B2,16,16,fb2e41a2d7,0,synthetic:targets-v7,ok,harsh|clip_targets_fast_v7|harsh|rep0|seed20240909,0.8918
harsh,,nan,clip_targets_fast_v7,d96484daec247e01186ae75e2a217e9b53771a6b17d4913ed3d389deb7032d47,07b257405f757223,,3867911c6e1ed8f3,B2,16,16,fb2e41a2d7,1,synthetic:targets-v7,ok,harsh|clip_targets_fast_v7|harsh|rep1|seed20240909,0.9301
harsh,,nan,clip_targets_fast_v7,d96484daec247e01186ae75e2a217e9b53771a6b17d4913ed3d389deb7032d47,07b257405f757223,,69a54f9bbcb68c3b,B2,16,16,fb2e41a2d7,3,synthetic:targets-v7,ok,harsh|clip_targets_fast_v7|harsh|rep3|seed20240909,0.8478
harsh,,nan,clip_targets_fast_v7,d96484daec247e01186ae75e2a217e9b53771a6b17d4913ed3d389deb7032d47,07b257405f757223,,f747be384521c2de,B2,16,16,fb2e41a2d7,2,synthetic:targets-v7,ok,harsh|clip_targets_fast_v7|harsh|rep2|seed20240909,0.8725
harsh,,nan,clip_targets_fast_v7,d96484daec247e01186ae75e2a217e9b53771a6b17d4913ed3d389deb7032d47,07b257405f757223,,87800109e53642ee,B2,16,16,fb2e41a2d7,4,synthetic:targets-v7,ok,harsh|clip_targets_fast_v7|harsh|rep4|seed20240909,0.8622
bursty,,nan,clip_targets_fast_v7,d96484daec247e01186ae75e2a217e9b53771a6b17d4913ed3d389deb7032d47,07b257405f757223,,d22171cc45304072,B0d,16,16,fb2e41a2d7,3,synthetic:targets-v7,ok,bursty|clip_targets_fast_v7|bursty|rep3|seed20240909,8.1498
bursty,,nan,clip_targets_fast_v7,d96484daec247e01186ae75e2a217e9b53771a6b17d4913ed3d389deb7032d47,07b257405f757223,,77e67a81de5c8067,B0d,16,16,fb2e41a2d7,2,synthetic:targets-v7,ok,bursty|clip_targets_fast_v7|bursty|rep2|seed20240909,8.3987
clean,,nan,clip_targets_fast_v7,d96484daec247e01186ae75e2a217e9b53771a6b17d4913ed3d389deb7032d47,07b257405f757223,,78b4345356b84fb2,B3,16,16,fb2e41a2d7,2,synthetic:targets-v7,ok,clean|clip_targets_fast_v7|clean|rep2|seed20240909,2.8616
clean,,nan,clip_targets_fast_v7,d96484daec247e01186ae75e2a217e9b53771a6b17d4913ed3d389deb7032d47,07b257405f757223,,20246d005a55294d,B3,16,16,fb2e41a2d7,0,synthetic:targets-v7,ok,clean|clip_targets_fast_v7|clean|rep0|seed20240909,2.9171
clean,,nan,clip_targets_fast_v7,d96484daec247e01186ae75e2a217e9b53771a6b17d4913ed3d389deb7032d47,07b257405f757223,,186056fb17bea542,B3,16,16,fb2e41a2d7,1,synthetic:targets-v7,ok,clean|clip_targets_fast_v7|clean|rep1|seed20240909,2.8829
clean,,nan,clip_targets_fast_v7,d96484daec247e01186ae75e2a217e9b53771a6b17d4913ed3d389deb7032d47,07b257405f757223,,93107ed1a9933ddd,B3,16,16,fb2e41a2d7,3,synthetic:targets-v7,ok,clean|clip_targets_fast_v7|clean|rep3|seed20240909,2.8618
clean,,nan,clip_targets_fast_v7,d96484daec247e01186ae75e2a217e9b53771a6b17d4913ed3d389deb7032d47,07b257405f757223,,799a46aba790f837,B3,16,16,fb2e41a2d7,4,synthetic:targets-v7,ok,clean|clip_targets_fast_v7|clean|rep4|seed20240909,2.8738
mild,,nan,clip_targets_fast_v7,d96484daec247e01186ae75e2a217e9b53771a6b17d4913ed3d389deb7032d47,07b257405f757223,,0f04d15f3b2db23a,B3,16,16,fb2e41a2d7,0,synthetic:targets-v7,ok,mild|clip_targets_fast_v7|mild|rep0|seed20240909,2.9838
mild,,nan,clip_targets_fast_v7,d96484daec247e01186ae75e2a217e9b53771a6b17d4913ed3d389deb7032d47,07b257405f757223,,b1c0687b0e2a4142,B3,16,16,fb2e41a2d7,1,synthetic:targets-v7,ok,mild|clip_targets_fast_v7|mild|rep1|seed20240909,3.0894
mild,,nan,clip_targets_fast_v7,d96484daec247e01186ae75e2a217e9b53771a6b17d4913ed3d389deb7032d47,07b257405f757223,,774767acc4ba7ba0,B3,16,16,fb2e41a2d7,2,synthetic:targets-v7,ok,mild|clip_targets_fast_v7|mild|rep2|seed20240909,3.0595
mild,,nan,clip_targets_fast_v7,d96484daec247e01186ae75e2a217e9b53771a6b17d4913ed3d389deb7032d47,07b257405f757223,,1cc9d0aaa339dfd3,B3,16,16,fb2e41a2d7,3,synthetic:targets-v7,ok,mild|clip_targets_fast_v7|mild|rep3|seed20240909,3.0429
mild,,nan,clip_targets_fast_v7,d96484daec247e01186ae75e2a217e9b53771a6b17d4913ed3d389deb7032d47,07b257405f757223,,32086c199bd24d44,B3,16,16,fb2e41a2d7,4,synthetic:targets-v7,ok,mild|clip_targets_fast_v7|mild|rep4|seed20240909,3.0492
moderate,,nan,clip_targets_fast_v7,d96484daec247e01186ae75e2a217e9b53771a6b17d4913ed3d389deb7032d47,07b257405f757223,,60c123f8b45746a8,B3,16,16,fb2e41a2d7,0,synthetic:targets-v7,ok,moderate|clip_targets_fast_v7|moderate|rep0|seed20240909,3.5684
moderate,,nan,clip_targets_fast_v7,d96484daec247e01186ae75e2a217e9b53771a6b17d4913ed3d389deb7032d47,07b257405f757223,,2b4930afa904ffa0,B3,16,16,fb2e41a2d7,4,synthetic:targets-v7,ok,moderate|clip_targets_fast_v7|moderate|rep4|seed20240909,3.6475
moderate,,nan,clip_targets_fast_v7,d96484daec247e01186ae75e2a217e9b53771a6b17d4913ed3d389deb7032d47,07b257405f757223,,e647c641c4cc558e,B3,16,16,fb2e41a2d7,2,synthetic:targets-v7,ok,moderate|clip_targets_fast_v7|moderate|rep2|seed20240909,3.7916
moderate,,nan,clip_targets_fast_v7,d96484daec247e01186ae75e2a217e9b53771a6b17d4913ed3d389deb7032d47,07b257405f757223,,76413ab2b4fc20a5,B3,16,16,fb2e41a2d7,1,synthetic:targets-v7,ok,moderate|clip_targets_fast_v7|moderate|rep1|seed20240909,3.8144
moderate,,nan,clip_targets_fast_v7,d96484daec247e01186ae75e2a217e9b53771a6b17d4913ed3d389deb7032d47,07b257405f757223,,ab1c4273edb42438,B3,16,16,fb2e41a2d7,3,synthetic:targets-v7,ok,moderate|clip_targets_fast_v7|moderate|rep3|seed20240909,3.8448
bursty,,nan,clip_targets_fast_v7,d96484daec247e01186ae75e2a217e9b53771a6b17d4913ed3d389deb7032d47,07b257405f757223,,5ee70d6cf0fe0b01,B3,16,16,fb2e41a2d7,0,synthetic:targets-v7,ok,bursty|clip_targets_fast_v7|bursty|rep0|seed20240909,3.7321
harsh,,nan,clip_targets_fast_v7,d96484daec247e01186ae75e2a217e9b53771a6b17d4913ed3d389deb7032d47,07b257405f757223,,81d9bd558c8ac411,B3,16,16,fb2e41a2d7,0,synthetic:targets-v7,ok,harsh|clip_targets_fast_v7|harsh|rep0|seed20240909,2.4478
harsh,,nan,clip_targets_fast_v7,d96484daec247e01186ae75e2a217e9b53771a6b17d4913ed3d389deb7032d47,07b257405f757223,,427d80b1d44673f5,B3,16,16,fb2e41a2d7,3,synthetic:targets-v7,ok,harsh|clip_targets_fast_v7|harsh|rep3|seed20240909,2.3424
harsh,,nan,clip_targets_fast_v7,d96484daec247e01186ae75e2a217e9b53771a6b17d4913ed3d389deb7032d47,07b257405f757223,,bd54577018b7e7e3,B3,16,16,fb2e41a2d7,1,synthetic:targets-v7,ok,harsh|clip_targets_fast_v7|harsh|rep1|seed20240909,2.5952
harsh,,nan,clip_targets_fast_v7,d96484daec247e01186ae75e2a217e9b53771a6b17d4913ed3d389deb7032d47,07b257405f757223,,3e2cef45388a43b2,B3,16,16,fb2e41a2d7,2,synthetic:targets-v7,ok,harsh|clip_targets_fast_v7|harsh|rep2|seed20240909,2.6388
harsh,,nan,clip_targets_fast_v7,d96484daec247e01186ae75e2a217e9b53771a6b17d4913ed3d389deb7032d47,07b257405f757223,,2133ba14c0f86113,B3,16,16,fb2e41a2d7,4,synthetic:targets-v7,ok,harsh|clip_targets_fast_v7|harsh|rep4|seed20240909,2.5933
bursty,,nan,clip_targets_fast_v7,d96484daec247e01186ae75e2a217e9b53771a6b17d4913ed3d389deb7032d47,07b257405f757223,,d1fc1af7c8abdf04,B3,16,16,fb2e41a2d7,4,synthetic:targets-v7,ok,bursty|clip_targets_fast_v7|bursty|rep4|seed20240909,3.6415
bursty,,nan,clip_targets_fast_v7,d96484daec247e01186ae75e2a217e9b53771a6b17d4913ed3d389deb7032d47,07b257405f757223,,687fd87563070ace,B3,16,16,fb2e41a2d7,1,synthetic:targets-v7,ok,bursty|clip_targets_fast_v7|bursty|rep1|seed20240909,3.685
bursty,,nan,clip_targets_fast_v7,d96484daec247e01186ae75e2a217e9b53771a6b17d4913ed3d389deb7032d47,07b257405f757223,,3fe27ac89363b804,B3,16,16,fb2e41a2d7,2,synthetic:targets-v7,ok,bursty|clip_targets_fast_v7|bursty|rep2|seed20240909,3.739
bursty,,nan,clip_targets_fast_v7,d96484daec247e01186ae75e2a217e9b53771a6b17d4913ed3d389deb7032d47,07b257405f757223,,32c5909c3f5eaf85,B3,16,16,fb2e41a2d7,3,synthetic:targets-v7,ok,bursty|clip_targets_fast_v7|bursty|rep3|seed20240909,4.0241
clean,,nan,clip_targets_fast_v7,d96484daec247e01186ae75e2a217e9b53771a6b17d4913ed3d389deb7032d47,07b257405f757223,,87c233c19cfc861d,B4,16,16,fb2e41a2d7,0,synthetic:targets-v7,ok,clean|clip_targets_fast_v7|clean|rep0|seed20240909,5.8148
clean,,nan,clip_targets_fast_v7,d96484daec247e01186ae75e2a217e9b53771a6b17d4913ed3d389deb7032d47,07b257405f757223,,3ae9ff66fb7a8f6e,B4,16,16,fb2e41a2d7,1,synthetic:targets-v7,ok,clean|clip_targets_fast_v7|clean|rep1|seed20240909,5.7928
clean,,nan,clip_targets_fast_v7,d96484daec247e01186ae75e2a217e9b53771a6b17d4913ed3d389deb7032d47,07b257405f757223,,1e82da4036091313,B4,16,16,fb2e41a2d7,4,synthetic:targets-v7,ok,clean|clip_targets_fast_v7|clean|rep4|seed20240909,5.7916
clean,,nan,clip_targets_fast_v7,d96484daec247e01186ae75e2a217e9b53771a6b17d4913ed3d389deb7032d47,07b257405f757223,,0641f180adcf3f81,B4,16,16,fb2e41a2d7,2,synthetic:targets-v7,ok,clean|clip_targets_fast_v7|clean|rep2|seed20240909,5.8233
clean,,nan,clip_targets_fast_v7,d96484daec247e01186ae75e2a217e9b53771a6b17d4913ed3d389deb7032d47,07b257405f757223,,030e9577852937c4,B4,16,16,fb2e41a2d7,3,synthetic:targets-v7,ok,clean|clip_targets_fast_v7|clean|rep3|seed20240909,5.8525
mild,,nan,clip_targets_fast_v7,d96484daec247e01186ae75e2a217e9b53771a6b17d4913ed3d389deb7032d47,07b257405f757223,,098f2aca737c53aa,B4,16,16,fb2e41a2d7,0,synthetic:targets-v7,ok,mild|clip_targets_fast_v7|mild|rep0|seed20240909,6.1481
mild,,nan,clip_targets_fast_v7,d96484daec247e01186ae75e2a217e9b53771a6b17d4913ed3d389deb7032d47,07b257405f757223,,874decef185b2754,B4,16,16,fb2e41a2d7,1,synthetic:targets-v7,ok,mild|clip_targets_fast_v7|mild|rep1|seed20240909,6.1394
mild,,nan,clip_targets_fast_v7,d96484daec247e01186ae75e2a217e9b53771a6b17d4913ed3d389deb7032d47,07b257405f757223,,5ba64df11bc7adeb,B4,16,16,fb2e41a2d7,2,synthetic:targets-v7,ok,mild|clip_targets_fast_v7|mild|rep2|seed20240909,6.1462
mild,,nan,clip_targets_fast_v7,d96484daec247e01186ae75e2a217e9b53771a6b17d4913ed3d389deb7032d47,07b257405f757223,,8b0515e15ab96ac0,B4,16,16,fb2e41a2d7,3,synthetic:targets-v7,ok,mild|clip_targets_fast_v7|mild|rep3|seed20240909,6.1201
mild,,nan,clip_targets_fast_v7,d96484daec247e01186ae75e2a217e9b53771a6b17d4913ed3d389deb7032d47,07b257405f757223,,2f2f56352e3b7bbf,B4,16,16,fb2e41a2d7,4,synthetic:targets-v7,ok,mild|clip_targets_fast_v7|mild|rep4|seed20240909,6.1168
harsh,,nan,clip_targets_fast_v7,d96484daec247e01186ae75e2a217e9b53771a6b17d4913ed3d389deb7032d47,07b257405f757223,,4f82b6e4d7a1a004,B4,16,16,fb2e41a2d7,0,synthetic:targets-v7,ok,harsh|clip_targets_fast_v7|harsh|rep0|seed20240909,3.945
harsh,,nan,clip_targets_fast_v7,d96484daec247e01186ae75e2a217e9b53771a6b17d4913ed3d389deb7032d47,07b257405f757223,,e52133612a586b57,B4,16,16,fb2e41a2d7,1,synthetic:targets-v7,ok,harsh|clip_targets_fast_v7|harsh|rep1|seed20240909,3.9666
harsh,,nan,clip_targets_fast_v7,d96484daec247e01186ae75e2a217e9b53771a6b17d4913ed3d389deb7032d47,07b257405f757223,,8fa061e7f002c1c6,B4,16,16,fb2e41a2d7,2,synthetic:targets-v7,ok,harsh|clip_targets_fast_v7|harsh|rep2|seed20240909,3.9241
harsh,,nan,clip_targets_fast_v7,d96484daec247e01186ae75e2a217e9b53771a6b17d4913ed3d389deb7032d47,07b257405f757223,,3b36e9b1564b6876,B4,16,16,fb2e41a2d7,3,synthetic:targets-v7,ok,harsh|clip_targets_fast_v7|harsh|rep3|seed20240909,3.7942
moderate,,nan,clip_targets_fast_v7,d96484daec247e01186ae75e2a217e9b53771a6b17d4913ed3d389deb7032d47,07b257405f757223,,3f282b0676eaf38f,B4,16,16,fb2e41a2d7,1,synthetic:targets-v7,ok,moderate|clip_targets_fast_v7|moderate|rep1|seed20240909,9.3711
moderate,,nan,clip_targets_fast_v7,d96484daec247e01186ae75e2a217e9b53771a6b17d4913ed3d389deb7032d47,07b257405f757223,,d27a17313352fdb9,B4,16,16,fb2e41a2d7,0,synthetic:targets-v7,ok,moderate|clip_targets_fast_v7|moderate|rep0|seed20240909,9.6142
moderate,,nan,clip_targets_fast_v7,d96484daec247e01186ae75e2a217e9b53771a6b17d4913ed3d389deb7032d47,07b257405f757223,,1b35b3bc16b546b6,B4,16,16,fb2e41a2d7,4,synthetic:targets-v7,ok,moderate|clip_targets_fast_v7|moderate|rep4|seed20240909,9.222
moderate,,nan,clip_targets_fast_v7,d96484daec247e01186ae75e2a217e9b53771a6b17d4913ed3d389deb7032d47,07b257405f757223,,3a4314a78c2d89d3,B4,16,16,fb2e41a2d7,2,synthetic:targets-v7,ok,moderate|clip_targets_fast_v7|moderate|rep2|seed20240909,9.3395
harsh,,nan,clip_targets_fast_v7,d96484daec247e01186ae75e2a217e9b53771a6b17d4913ed3d389deb7032d47,07b257405f757223,,8f7a3dad490d0016,B4,16,16,fb2e41a2d7,4,synthetic:targets-v7,ok,harsh|clip_targets_fast_v7|harsh|rep4|seed20240909,4.014
moderate,,nan,clip_targets_fast_v7,d96484daec247e01186ae75e2a217e9b53771a6b17d4913ed3d389deb7032d47,07b257405f757223,,1d0501aa7fdf6461,B4,16,16,fb2e41a2d7,3,synthetic:targets-v7,ok,moderate|clip_targets_fast_v7|moderate|rep3|seed20240909,9.5745
bursty,,nan,clip_targets_fast_v7,d96484daec247e01186ae75e2a217e9b53771a6b17d4913ed3d389deb7032d47,07b257405f757223,,bd08c2a5c78fe08c,B4,16,16,fb2e41a2d7,0,synthetic:targets-v7,ok,bursty|clip_targets_fast_v7|bursty|rep0|seed20240909,9.3212
bursty,,nan,clip_targets_fast_v7,d96484daec247e01186ae75e2a217e9b53771a6b17d4913ed3d389deb7032d47,07b257405f757223,,e9f29298caf23684,B4,16,16,fb2e41a2d7,1,synthetic:targets-v7,ok,bursty|clip_targets_fast_v7|bursty|rep1|seed20240909,8.7621
bursty,,nan,clip_targets_fast_v7,d96484daec247e01186ae75e2a217e9b53771a6b17d4913ed3d389deb7032d47,07b257405f757223,,74edda6260cf76c5,B4,16,16,fb2e41a2d7,4,synthetic:targets-v7,ok,bursty|clip_targets_fast_v7|bursty|rep4|seed20240909,8.7774
bursty,,nan,clip_targets_fast_v7,d96484daec247e01186ae75e2a217e9b53771a6b17d4913ed3d389deb7032d47,07b257405f757223,,2ecf7e578b24cd1f,B4,16,16,fb2e41a2d7,3,synthetic:targets-v7,ok,bursty|clip_targets_fast_v7|bursty|rep3|seed20240909,9.2612
bursty,,nan,clip_targets_fast_v7,d96484daec247e01186ae75e2a217e9b53771a6b17d4913ed3d389deb7032d47,07b257405f757223,,e80954de1352e6b9,B4,16,16,fb2e41a2d7,2,synthetic:targets-v7,ok,bursty|clip_targets_fast_v7|bursty|rep2|seed20240909,9.655
clean,,nan,clip_targets_fast_v7,d96484daec247e01186ae75e2a217e9b53771a6b17d4913ed3d389deb7032d47,07b257405f757223,,cbaa26e4d43d1076,P,16,16,8da29d3843,0,synthetic:targets-v7,ok,clean|clip_targets_fast_v7|clean|rep0|seed20240909,9.4604
clean,,nan,clip_targets_fast_v7,d96484daec247e01186ae75e2a217e9b53771a6b17d4913ed3d389deb7032d47,07b257405f757223,,f3bc834da5bc5a8e,P,16,16,8da29d3843,1,synthetic:targets-v7,ok,clean|clip_targets_fast_v7|clean|rep1|seed20240909,9.4858
clean,,nan,clip_targets_fast_v7,d96484daec247e01186ae75e2a217e9b53771a6b17d4913ed3d389deb7032d47,07b257405f757223,,013b690e4912e95a,P,16,16,8da29d3843,2,synthetic:targets-v7,ok,clean|clip_targets_fast_v7|clean|rep2|seed20240909,9.5313
clean,,nan,clip_targets_fast_v7,d96484daec247e01186ae75e2a217e9b53771a6b17d4913ed3d389deb7032d47,07b257405f757223,,5140b44cc6fdcb0f,P,16,16,8da29d3843,3,synthetic:targets-v7,ok,clean|clip_targets_fast_v7|clean|rep3|seed20240909,9.5669
clean,,nan,clip_targets_fast_v7,d96484daec247e01186ae75e2a217e9b53771a6b17d4913ed3d389deb7032d47,07b257405f757223,,96d7659d83a0423c,P,16,16,8da29d3843,4,synthetic:targets-v7,ok,clean|clip_targets_fast_v7|clean|rep4|seed20240909,9.5574
mild,,nan,clip_targets_fast_v7,d96484daec247e01186ae75e2a217e9b53771a6b17d4913ed3d389deb7032d47,07b257405f757223,,62a740b47ba92ca2,P,16,16,8da29d3843,0,synthetic:targets-v7,ok,mild|clip_targets_fast_v7|mild|rep0|seed20240909,10.0078
mild,,nan,clip_targets_fast_v7,d96484daec247e01186ae75e2a217e9b53771a6b17d4913ed3d389deb7032d47,07b257405f757223,,81f0ecf3d8c3d076,P,16,16,8da29d3843,1,synthetic:targets-v7,ok,mild|clip_targets_fast_v7|mild|rep1|seed20240909,10.0554
mild,,nan,clip_targets_fast_v7,d96484daec247e01186ae75e2a217e9b53771a6b17d4913ed3d389deb7032d47,07b257405f757223,,42dac607f3906966,P,16,16,8da29d3843,2,synthetic:targets-v7,ok,mild|clip_targets_fast_v7|mild|rep2|seed20240909,10.0078
mild,,nan,clip_targets_fast_v7,d96484daec247e01186ae75e2a217e9b53771a6b17d4913ed3d389deb7032d47,07b257405f757223,,4ab4c5fbfca11929,P,16,16,8da29d3843,3,synthetic:targets-v7,ok,mild|clip_targets_fast_v7|mild|rep3|seed20240909,10.0166
mild,,nan,clip_targets_fast_v7,d96484daec247e01186ae75e2a217e9b53771a6b17d4913ed3d389deb7032d47,07b257405f757223,,3b37100735d25b74,P,16,16,8da29d3843,4,synthetic:targets-v7,ok,mild|clip_targets_fast_v7|mild|rep4|seed20240909,10.0493
clean,,nan,clip_texture_slow_v0,6c9b2d5b899e1a2277be0bb45ebbafa7e3afcdac7eaada27b9e4d05e2f267fa5,07b257405f757223,,678a6b0bfa554842,B0a,16,16,fb2e41a2d7,0,synthetic:texture-v0,ok,clean|clip_texture_slow_v0|clean|rep0|seed20240909,0.5469
clean,,nan,clip_texture_slow_v0,6c9b2d5b899e1a2277be0bb45ebbafa7e3afcdac7eaada27b9e4d05e2f267fa5,07b257405f757223,,259acdf5dfe21916,B0a,16,16,fb2e41a2d7,1,synthetic:texture-v0,ok,clean|clip_texture_slow_v0|clean|rep1|seed20240909,0.5518
clean,,nan,clip_texture_slow_v0,6c9b2d5b899e1a2277be0bb45ebbafa7e3afcdac7eaada27b9e4d05e2f267fa5,07b257405f757223,,69d2ea00e53707f7,B0a,16,16,fb2e41a2d7,2,synthetic:texture-v0,ok,clean|clip_texture_slow_v0|clean|rep2|seed20240909,0.555
clean,,nan,clip_texture_slow_v0,6c9b2d5b899e1a2277be0bb45ebbafa7e3afcdac7eaada27b9e4d05e2f267fa5,07b257405f757223,,9c278b646ebae996,B0a,16,16,fb2e41a2d7,3,synthetic:texture-v0,ok,clean|clip_texture_slow_v0|clean|rep3|seed20240909,0.6176
clean,,nan,clip_texture_slow_v0,6c9b2d5b899e1a2277be0bb45ebbafa7e3afcdac7eaada27b9e4d05e2f267fa5,07b257405f757223,,a3ae02cae81eedd0,B0a,16,16,fb2e41a2d7,4,synthetic:texture-v0,ok,clean|clip_texture_slow_v0|clean|rep4|seed20240909,0.6311
mild,,nan,clip_texture_slow_v0,6c9b2d5b899e1a2277be0bb45ebbafa7e3afcdac7eaada27b9e4d05e2f267fa5,07b257405f757223,,6b8ec6924a1df5c1,B0a,16,16,fb2e41a2d7,0,synthetic:texture-v0,ok,mild|clip_texture_slow_v0|mild|rep0|seed20240909,0.7349
mild,,nan,clip_texture_slow_v0,6c9b2d5b899e1a2277be0bb45ebbafa7e3afcdac7eaada27b9e4d05e2f267fa5,07b257405f757223,,3191ec2a7b045ead,B0a,16,16,fb2e41a2d7,1,synthetic:texture-v0,ok,mild|clip_texture_slow_v0|mild|rep1|seed20240909,0.7089
harsh,,nan,clip_targets_fast_v7,d96484daec247e01186ae75e2a217e9b53771a6b17d4913ed3d389deb7032d47,07b257405f757223,,34ff45c862bc544d,P,16,16,8da29d3843,0,synthetic:targets-v7,ok,harsh|clip_targets_fast_v7|harsh|rep0|seed20240909,5.9976
mild,,nan,clip_texture_slow_v0,6c9b2d5b899e1a2277be0bb45ebbafa7e3afcdac7eaada27b9e4d05e2f267fa5,07b257405f757223,,71ca7f7779738092,B0a,16,16,fb2e41a2d7,2,synthetic:texture-v0,ok,mild|clip_texture_slow_v0|mild|rep2|seed20240909,0.7072
harsh,,nan,clip_targets_fast_v7,d96484daec247e01186ae75e2a217e9b53771a6b17d4913ed3d389deb7032d47,07b257405f757223,,62e272bf0fca9eaa,P,16,16,8da29d3843,1,synthetic:targets-v7,ok,harsh|clip_targets_fast_v7|harsh|rep1|seed20240909,6.0301
harsh,,nan,clip_targets_fast_v7,d96484daec247e01186ae75e2a217e9b53771a6b17d4913ed3d389deb7032d47,07b257405f757223,,1116282a25d0a4b3,P,16,16,8da29d3843,3,synthetic:targets-v7,ok,harsh|clip_targets_fast_v7|harsh|rep3|seed20240909,5.7931
harsh,,nan,clip_targets_fast_v7,d96484daec247e01186ae75e2a217e9b53771a6b17d4913ed3d389deb7032d47,07b257405f757223,,01bc50094e61979b,P,16,16,8da29d3843,2,synthetic:targets-v7,ok,harsh|clip_targets_fast_v7|harsh|rep2|seed20240909,5.9809
mild,,nan,clip_texture_slow_v0,6c9b2d5b899e1a2277be0bb45ebbafa7e3afcdac7eaada27b9e4d05e2f267fa5,07b257405f757223,,2e9dbd17d93199e6,B0a,16,16,fb2e41a2d7,4,synthetic:texture-v0,ok,mild|clip_texture_slow_v0|mild|rep4|seed20240909,0.7276
mild,,nan,clip_texture_slow_v0,6c9b2d5b899e1a2277be0bb45ebbafa7e3afcdac7eaada27b9e4d05e2f267fa5,07b257405f757223,,9694d456c02a4180,B0a,16,16,fb2e41a2d7,3,synthetic:texture-v0,ok,mild|clip_texture_slow_v0|mild|rep3|seed20240909,0.7511
harsh,,nan,clip_targets_fast_v7,d96484daec247e01186ae75e2a217e9b53771a6b17d4913ed3d389deb7032d47,07b257405f757223,,492bd8d44da19581,P,16,16,8da29d3843,4,synthetic:targets-v7,ok,harsh|clip_targets_fast_v7|harsh|rep4|seed20240909,6.0165
moderate,,nan,clip_texture_slow_v0,6c9b2d5b899e1a2277be0bb45ebbafa7e3afcdac7eaada27b9e4d05e2f267fa5,07b257405f757223,,96fd33d4fc4bab57,B0a,16,16,fb2e41a2d7,0,synthetic:texture-v0,ok,moderate|clip_texture_slow_v0|moderate|rep0|seed20240909,0.785
moderate,,nan,clip_texture_slow_v0,6c9b2d5b899e1a2277be0bb45ebbafa7e3afcdac7eaada27b9e4d05e2f267fa5,07b257405f757223,,c1fac47867b15daa,B0a,16,16,fb2e41a2d7,1,synthetic:texture-v0,ok,moderate|clip_texture_slow_v0|moderate|rep1|seed20240909,0.7986
moderate,,nan,clip_texture_slow_v0,6c9b2d5b899e1a2277be0bb45ebbafa7e3afcdac7eaada27b9e4d05e2f267fa5,07b257405f757223,,55bf4adc531494e5,B0a,16,16,fb2e41a2d7,2,synthetic:texture-v0,ok,moderate|clip_texture_slow_v0|moderate|rep2|seed20240909,0.809
moderate,,nan,clip_texture_slow_v0,6c9b2d5b899e1a2277be0bb45ebbafa7e3afcdac7eaada27b9e4d05e2f267fa5,07b257405f757223,,5e3cf1171ad851bf,B0a,16,16,fb2e41a2d7,3,synthetic:texture-v0,ok,moderate|clip_texture_slow_v0|moderate|rep3|seed20240909,0.8175
moderate,,nan,clip_texture_slow_v0,6c9b2d5b899e1a2277be0bb45ebbafa7e3afcdac7eaada27b9e4d05e2f267fa5,07b257405f757223,,af117b1807df4959,B0a,16,16,fb2e41a2d7,4,synthetic:texture-v0,ok,moderate|clip_texture_slow_v0|moderate|rep4|seed20240909,0.8224
bursty,,nan,clip_texture_slow_v0,6c9b2d5b899e1a2277be0bb45ebbafa7e3afcdac7eaada27b9e4d05e2f267fa5,07b257405f757223,,a7889a1d5237c876,B0a,16,16,fb2e41a2d7,0,synthetic:texture-v0,ok,bursty|clip_texture_slow_v0|bursty|rep0|seed20240909,0.7452
moderate,,nan,clip_targets_fast_v7,d96484daec247e01186ae75e2a217e9b53771a6b17d4913ed3d389deb7032d47,07b257405f757223,,fdd1eaa4853c93da,P,16,16,8da29d3843,0,synthetic:targets-v7,ok,moderate|clip_targets_fast_v7|moderate|rep0|seed20240909,16.7912
bursty,,nan,clip_texture_slow_v0,6c9b2d5b899e1a2277be0bb45ebbafa7e3afcdac7eaada27b9e4d05e2f267fa5,07b257405f757223,,5b8966f75e9db87a,B0a,16,16,fb2e41a2d7,1,synthetic:texture-v0,ok,bursty|clip_texture_slow_v0|bursty|rep1|seed20240909,0.7658
bursty,,nan,clip_texture_slow_v0,6c9b2d5b899e1a2277be0bb45ebbafa7e3afcdac7eaada27b9e4d05e2f267fa5,07b257405f757223,,6f38321de11b9982,B0a,16,16,fb2e41a2d7,2,synthetic:texture-v0,ok,bursty|clip_texture_slow_v0|bursty|rep2|seed20240909,0.7525
bursty,,nan,clip_texture_slow_v0,6c9b2d5b899e1a2277be0bb45ebbafa7e3afcdac7eaada27b9e4d05e2f267fa5,07b257405f757223,,d4c8d584040214c2,B0a,16,16,fb2e41a2d7,3,synthetic:texture-v0,ok,bursty|clip_texture_slow_v0|bursty|rep3|seed20240909,0.7799
bursty,,nan,clip_texture_slow_v0,6c9b2d5b899e1a2277be0bb45ebbafa7e3afcdac7eaada27b9e4d05e2f267fa5,07b257405f757223,,67431bee79eac0c7,B0a,16,16,fb2e41a2d7,4,synthetic:texture-v0,ok,bursty|clip_texture_slow_v0|bursty|rep4|seed20240909,0.8071
harsh,,nan,clip_texture_slow_v0,6c9b2d5b899e1a2277be0bb45ebbafa7e3afcdac7eaada27b9e4d05e2f267fa5,07b257405f757223,,ec3aace60012cd2f,B0a,16,16,fb2e41a2d7,0,synthetic:texture-v0,ok,harsh|clip_texture_slow_v0|harsh|rep0|seed20240909,0.8073
harsh,,nan,clip_texture_slow_v0,6c9b2d5b899e1a2277be0bb45ebbafa7e3afcdac7eaada27b9e4d05e2f267fa5,07b257405f757223,,61a1e769472d4655,B0a,16,16,fb2e41a2d7,1,synthetic:texture-v0,ok,harsh|clip_texture_slow_v0|harsh|rep1|seed20240909,0.8532
harsh,,nan,clip_texture_slow_v0,6c9b2d5b899e1a2277be0bb45ebbafa7e3afcdac7eaada27b9e4d05e2f267fa5,07b257405f757223,,089be0fc531ae967,B0a,16,16,fb2e41a2d7,2,synthetic:texture-v0,ok,harsh|clip_texture_slow_v0|harsh|rep2|seed20240909,0.8124
moderate,,nan,clip_targets_fast_v7,d96484daec247e01186ae75e2a217e9b53771a6b17d4913ed3d389deb7032d47,07b257405f757223,,439237bd1f537117,P,16,16,8da29d3843,1,synthetic:targets-v7,ok,moderate|clip_targets_fast_v7|moderate|rep1|seed20240909,17.5562
harsh,,nan,clip_texture_slow_v0,6c9b2d5b899e1a2277be0bb45ebbafa7e3afcdac7eaada27b9e4d05e2f267fa5,07b257405f757223,,8967aef9b98a4e0a,B0a,16,16,fb2e41a2d7,3,synthetic:texture-v0,ok,harsh|clip_texture_slow_v0|harsh|rep3|seed20240909,0.8028
harsh,,nan,clip_texture_slow_v0,6c9b2d5b899e1a2277be0bb45ebbafa7e3afcdac7eaada27b9e4d05e2f267fa5,07b257405f757223,,f664cf48c7151f66,B0a,16,16,fb2e41a2d7,4,synthetic:texture-v0,ok,harsh|clip_texture_slow_v0|harsh|rep4|seed20240909,0.8537
clean,,nan,clip_texture_slow_v0,6c9b2d5b899e1a2277be0bb45ebbafa7e3afcdac7eaada27b9e4d05e2f267fa5,07b257405f757223,,399618aeecf6d188,B0a-R,16,16,fb2e41a2d7,0,synthetic:texture-v0,ok,clean|clip_texture_slow_v0|clean|rep0|seed20240909,1.5802
clean,,nan,clip_texture_slow_v0,6c9b2d5b899e1a2277be0bb45ebbafa7e3afcdac7eaada27b9e4d05e2f267fa5,07b257405f757223,,87f52a414f268a19,B0a-R,16,16,fb2e41a2d7,1,synthetic:texture-v0,ok,clean|clip_texture_slow_v0|clean|rep1|seed20240909,1.5599
clean,,nan,clip_texture_slow_v0,6c9b2d5b899e1a2277be0bb45ebbafa7e3afcdac7eaada27b9e4d05e2f267fa5,07b257405f757223,,998eada0ba926ebe,B0a-R,16,16,fb2e41a2d7,2,synthetic:texture-v0,ok,clean|clip_texture_slow_v0|clean|rep2|seed20240909,1.6062
clean,,nan,clip_texture_slow_v0,6c9b2d5b899e1a2277be0bb45ebbafa7e3afcdac7eaada27b9e4d05e2f267fa5,07b257405f757223,,5340e3f4feaccf65,B0a-R,16,16,fb2e41a2d7,3,synthetic:texture-v0,ok,clean|clip_texture_slow_v0|clean|rep3|seed20240909,1.5586
clean,,nan,clip_texture_slow_v0,6c9b2d5b899e1a2277be0bb45ebbafa7e3afcdac7eaada27b9e4d05e2f267fa5,07b257405f757223,,256d72df1cb79338,B0a-R,16,16,fb2e41a2d7,4,synthetic:texture-v0,ok,clean|clip_texture_slow_v0|clean|rep4|seed20240909,1.5496
moderate,,nan,clip_targets_fast_v7,d96484daec247e01186ae75e2a217e9b53771a6b17d4913ed3d389deb7032d47,07b257405f757223,,88d10053b21b233e,P,16,16,8da29d3843,2,synthetic:targets-v7,ok,moderate|clip_targets_fast_v7|moderate|rep2|seed20240909,17.1057
mild,,nan,clip_texture_slow_v0,6c9b2d5b899e1a2277be0bb45ebbafa7e3afcdac7eaada27b9e4d05e2f267fa5,07b257405f757223,,8167de113d31e877,B0a-R,16,16,fb2e41a2d7,0,synthetic:texture-v0,ok,mild|clip_texture_slow_v0|mild|rep0|seed20240909,2.0744
moderate,,nan,clip_targets_fast_v7,d96484daec247e01186ae75e2a217e9b53771a6b17d4913ed3d389deb7032d47,07b257405f757223,,b70f287ba8eb9eec,P,16,16,8da29d3843,4,synthetic:targets-v7,ok,moderate|clip_targets_fast_v7|moderate|rep4|seed20240909,16.415
mild,,nan,clip_texture_slow_v0,6c9b2d5b899e1a2277be0bb45ebbafa7e3afcdac7eaada27b9e4d05e2f267fa5,07b257405f757223,,316909a9b7788f97,B0a-R,16,16,fb2e41a2d7,1,synthetic:texture-v0,ok,mild|clip_texture_slow_v0|mild|rep1|seed20240909,2.1365
mild,,nan,clip_texture_slow_v0,6c9b2d5b899e1a2277be0bb45ebbafa7e3afcdac7eaada27b9e4d05e2f267fa5,07b257405f757223,,54dfd70d3b49b103,B0a-R,16,16,fb2e41a2d7,2,synthetic:texture-v0,ok,mild|clip_texture_slow_v0|mild|rep2|seed20240909,2.1976
bursty,,nan,clip_targets_fast_v7,d96484daec247e01186ae75e2a217e9b53771a6b17d4913ed3d389deb7032d47,07b257405f757223,,cdc13b52b615f2f2,P,16,16,8da29d3843,0,synthetic:targets-v7,ok,bursty|clip_targets_fast_v7|bursty|rep0|seed20240909,16.7903
moderate,,nan,clip_targets_fast_v7,d96484daec247e01186ae75e2a217e9b53771a6b17d4913ed3d389deb7032d47,07b257405f757223,,2f1df78294805c24,P,16,16,8da29d3843,3,synthetic:targets-v7,ok,moderate|clip_targets_fast_v7|moderate|rep3|seed20240909,17.5918
mild,,nan,clip_texture_slow_v0,6c9b2d5b899e1a2277be0bb45ebbafa7e3afcdac7eaada27b9e4d05e2f267fa5,07b257405f757223,,cbd48481bd7fd449,B0a-R,16,16,fb2e41a2d7,3,synthetic:texture-v0,ok,mild|clip_texture_slow_v0|mild|rep3|seed20240909,2.1726
mild,,nan,clip_texture_slow_v0,6c9b2d5b899e1a2277be0bb45ebbafa7e3afcdac7eaada27b9e4d05e2f267fa5,07b257405f757223,,a0bd9316c7bad303,B0a-R,16,16,fb2e41a2d7,4,synthetic:texture-v0,ok,mild|clip_texture_slow_v0|mild|rep4|seed20240909,2.2197
moderate,,nan,clip_texture_slow_v0,6c9b2d5b899e1a2277be0bb45ebbafa7e3afcdac7eaada27b9e4d05e2f267fa5,07b257405f757223,,9b7e3d7e7ec6d163,B0a-R,16,16,fb2e41a2d7,0,synthetic:texture-v0,ok,moderate|clip_texture_slow_v0|moderate|rep0|seed20240909,2.3714
moderate,,nan,clip_texture_slow_v0,6c9b2d5b899e1a2277be0bb45ebbafa7e3afcdac7eaada27b9e4d05e2f267fa5,07b257405f757223,,20aefa39c624b890,B0a-R,16,16,fb2e41a2d7,1,synthetic:texture-v0,ok,moderate|clip_texture_slow_v0|moderate|rep1|seed20240909,2.3411
moderate,,nan,clip_texture_slow_v0,6c9b2d5b899e1a2277be0bb45ebbafa7e3afcdac7eaada27b9e4d05e2f267fa5,07b257405f757223,,64c99690b6781282,B0a-R,16,16,fb2e41a2d7,2,synthetic:texture-v0,ok,moderate|clip_texture_slow_v0|moderate|rep2|seed20240909,2.3997
moderate,,nan,clip_texture_slow_v0,6c9b2d5b899e1a2277be0bb45ebbafa7e3afcdac7eaada27b9e4d05e2f267fa5,07b257405f757223,,9a49e5240b0f5456,B0a-R,16,16,fb2e41a2d7,3,synthetic:texture-v0,ok,moderate|clip_texture_slow_v0|moderate|rep3|seed20240909,2.362
bursty,,nan,clip_texture_slow_v0,6c9b2d5b899e1a2277be0bb45ebbafa7e3afcdac7eaada27b9e4d05e2f267fa5,07b257405f757223,,e2b3cafd786cdfd3,B0a-R,16,16,fb2e41a2d7,0,synthetic:texture-v0,ok,bursty|clip_texture_slow_v0|bursty|rep0|seed20240909,2.2279
moderate,,nan,clip_texture_slow_v0,6c9b2d5b899e1a2277be0bb45ebbafa7e3afcdac7eaada27b9e4d05e2f267fa5,07b257405f757223,,a31dc2e86e115a4d,B0a-R,16,16,fb2e41a2d7,4,synthetic:texture-v0,ok,moderate|clip_texture_slow_v0|moderate|rep4|seed20240909,2.4196
bursty,,nan,clip_texture_slow_v0,6c9b2d5b899e1a2277be0bb45ebbafa7e3afcdac7eaada27b9e4d05e2f267fa5,07b257405f757223,,0fedd8b9a321f5ae,B0a-R,16,16,fb2e41a2d7,1,synthetic:texture-v0,ok,bursty|clip_texture_slow_v0|bursty|rep1|seed20240909,2.2358
bursty,,nan,clip_texture_slow_v0,6c9b2d5b899e1a2277be0bb45ebbafa7e3afcdac7eaada27b9e4d05e2f267fa5,07b257405f757223,,ae0ff04592b5004b,B0a-R,16,16,fb2e41a2d7,2,synthetic:texture-v0,ok,bursty|clip_texture_slow_v0|bursty|rep2|seed20240909,2.2203
bursty,,nan,clip_targets_fast_v7,d96484daec247e01186ae75e2a217e9b53771a6b17d4913ed3d389deb7032d47,07b257405f757223,,9e8146ea267f9331,P,16,16,8da29d3843,1,synthetic:targets-v7,ok,bursty|clip_targets_fast_v7|bursty|rep1|seed20240909,17.171
bursty,,nan,clip_texture_slow_v0,6c9b2d5b899e1a2277be0bb45ebbafa7e3afcdac7eaada27b9e4d05e2f267fa5,07b257405f757223,,3a16186db82a91af,B0a-R,16,16,fb2e41a2d7,3,synthetic:texture-v0,ok,bursty|clip_texture_slow_v0|bursty|rep3|seed20240909,2.2353
bursty,,nan,clip_texture_slow_v0,6c9b2d5b899e1a2277be0bb45ebbafa7e3afcdac7eaada27b9e4d05e2f267fa5,07b257405f757223,,fe4d56ad1a938216,B0a-R,16,16,fb2e41a2d7,4,synthetic:texture-v0,ok,bursty|clip_texture_slow_v0|bursty|rep4|seed20240909,2.2037
harsh,,nan,clip_texture_slow_v0,6c9b2d5b899e1a2277be0bb45ebbafa7e3afcdac7eaada27b9e4d05e2f267fa5,07b257405f757223,,9ad99bc4bbe74377,B0a-R,16,16,fb2e41a2d7,0,synthetic:texture-v0,ok,harsh|clip_texture_slow_v0|harsh|rep0|seed20240909,2.3684
harsh,,nan,clip_texture_slow_v0,6c9b2d5b899e1a2277be0bb45ebbafa7e3afcdac7eaada27b9e4d05e2f267fa5,07b257405f757223,,aaf2ee0794950984,B0a-R,16,16,fb2e41a2d7,1,synthetic:texture-v0,ok,harsh|clip_texture_slow_v0|harsh|rep1|seed20240909,2.3688
harsh,,nan,clip_texture_slow_v0,6c9b2d5b899e1a2277be0bb45ebbafa7e3afcdac7eaada27b9e4d05e2f267fa5,07b257405f757223,,518616296451832c,B0a-R,16,16,fb2e41a2d7,2,synthetic:texture-v0,ok,harsh|clip_texture_slow_v0|harsh|rep2|seed20240909,2.2677
harsh,,nan,clip_texture_slow_v0,6c9b2d5b899e1a2277be0bb45ebbafa7e3afcdac7eaada27b9e4d05e2f267fa5,07b257405f757223,,15f9bddd77287bd7,B0a-R,16,16,fb2e41a2d7,3,synthetic:texture-v0,ok,harsh|clip_texture_slow_v0|harsh|rep3|seed20240909,2.3203
harsh,,nan,clip_texture_slow_v0,6c9b2d5b899e1a2277be0bb45ebbafa7e3afcdac7eaada27b9e4d05e2f267fa5,07b257405f757223,,9f03187db8794092,B0a-R,16,16,fb2e41a2d7,4,synthetic:texture-v0,ok,harsh|clip_texture_slow_v0|harsh|rep4|seed20240909,2.2522
bursty,,nan,clip_targets_fast_v7,d96484daec247e01186ae75e2a217e9b53771a6b17d4913ed3d389deb7032d47,07b257405f757223,,b536e1e62363a2ba,P,16,16,8da29d3843,4,synthetic:targets-v7,ok,bursty|clip_targets_fast_v7|bursty|rep4|seed20240909,16.6548
bursty,,nan,clip_targets_fast_v7,d96484daec247e01186ae75e2a217e9b53771a6b17d4913ed3d389deb7032d47,07b257405f757223,,a537dfa439902844,P,16,16,8da29d3843,2,synthetic:targets-v7,ok,bursty|clip_targets_fast_v7|bursty|rep2|seed20240909,17.3245
bursty,,nan,clip_targets_fast_v7,d96484daec247e01186ae75e2a217e9b53771a6b17d4913ed3d389deb7032d47,07b257405f757223,,4e3fb0e316d47085,P,16,16,8da29d3843,3,synthetic:targets-v7,ok,bursty|clip_targets_fast_v7|bursty|rep3|seed20240909,17.1003
clean,,nan,clip_texture_slow_v0,6c9b2d5b899e1a2277be0bb45ebbafa7e3afcdac7eaada27b9e4d05e2f267fa5,07b257405f757223,,24756644da1d01ab,B0d,16,16,fb2e41a2d7,0,synthetic:texture-v0,ok,clean|clip_texture_slow_v0|clean|rep0|seed20240909,5.9577
clean,,nan,clip_texture_slow_v0,6c9b2d5b899e1a2277be0bb45ebbafa7e3afcdac7eaada27b9e4d05e2f267fa5,07b257405f757223,,ec2b5811acdca77e,B0d,16,16,fb2e41a2d7,1,synthetic:texture-v0,ok,clean|clip_texture_slow_v0|clean|rep1|seed20240909,5.9265
clean,,nan,clip_texture_slow_v0,6c9b2d5b899e1a2277be0bb45ebbafa7e3afcdac7eaada27b9e4d05e2f267fa5,07b257405f757223,,a06e2a500689a320,B0d,16,16,fb2e41a2d7,2,synthetic:texture-v0,ok,clean|clip_texture_slow_v0|clean|rep2|seed20240909,5.9334
clean,,nan,clip_texture_slow_v0,6c9b2d5b899e1a2277be0bb45ebbafa7e3afcdac7eaada27b9e4d05e2f267fa5,07b257405f757223,,4ea84ff93bf171be,B0d,16,16,fb2e41a2d7,3,synthetic:texture-v0,ok,clean|clip_texture_slow_v0|clean|rep3|seed20240909,5.8721
clean,,nan,clip_texture_slow_v0,6c9b2d5b899e1a2277be0bb45ebbafa7e3afcdac7eaada27b9e4d05e2f267fa5,07b257405f757223,,236e63c99b356e6d,B0d,16,16,fb2e41a2d7,4,synthetic:texture-v0,ok,clean|clip_texture_slow_v0|clean|rep4|seed20240909,5.916
mild,,nan,clip_texture_slow_v0,6c9b2d5b899e1a2277be0bb45ebbafa7e3afcdac7eaada27b9e4d05e2f267fa5,07b257405f757223,,20df1be6d454c85a,B0d,16,16,fb2e41a2d7,0,synthetic:texture-v0,ok,mild|clip_texture_slow_v0|mild|rep0|seed20240909,6.1937
mild,,nan,clip_texture_slow_v0,6c9b2d5b899e1a2277be0bb45ebbafa7e3afcdac7eaada27b9e4d05e2f267fa5,07b257405f757223,,64630e1e39310941,B0d,16,16,fb2e41a2d7,1,synthetic:texture-v0,ok,mild|clip_texture_slow_v0|mild|rep1|seed20240909,6.24
mild,,nan,clip_texture_slow_v0,6c9b2d5b899e1a2277be0bb45ebbafa7e3afcdac7eaada27b9e4d05e2f267fa5,07b257405f757223,,43a4c48b965bba41,B0d,16,16,fb2e41a2d7,2,synthetic:texture-v0,ok,mild|clip_texture_slow_v0|mild|rep2|seed20240909,6.2687
mild,,nan,clip_texture_slow_v0,6c9b2d5b899e1a2277be0bb45ebbafa7e3afcdac7eaada27b9e4d05e2f267fa5,07b257405f757223,,9fab19a8b20311bc,B0d,16,16,fb2e41a2d7,3,synthetic:texture-v0,ok,mild|clip_texture_slow_v0|mild|rep3|seed20240909,6.1908
mild,,nan,clip_texture_slow_v0,6c9b2d5b899e1a2277be0bb45ebbafa7e3afcdac7eaada27b9e4d05e2f267fa5,07b257405f757223,,7085cc02fafd7b09,B0d,16,16,fb2e41a2d7,4,synthetic:texture-v0,ok,mild|clip_texture_slow_v0|mild|rep4|seed20240909,6.1268
clean,,nan,clip_texture_slow_v0,6c9b2d5b899e1a2277be0bb45ebbafa7e3afcdac7eaada27b9e4d05e2f267fa5,07b257405f757223,,b659a7944d000681,B1,16,16,fb2e41a2d7,0,synthetic:texture-v0,ok,clean|clip_texture_slow_v0|clean|rep0|seed20240909,0.5782
clean,,nan,clip_texture_slow_v0,6c9b2d5b899e1a2277be0bb45ebbafa7e3afcdac7eaada27b9e4d05e2f267fa5,07b257405f757223,,0ccc6b78846089bd,B1,16,16,fb2e41a2d7,1,synthetic:texture-v0,ok,clean|clip_texture_slow_v0|clean|rep1|seed20240909,0.5773
clean,,nan,clip_texture_slow_v0,6c9b2d5b899e1a2277be0bb45ebbafa7e3afcdac7eaada27b9e4d05e2f267fa5,07b257405f757223,,347a9f1cc7efff8f,B1,16,16,fb2e41a2d7,2,synthetic:texture-v0,ok,clean|clip_texture_slow_v0|clean|rep2|seed20240909,0.5828
clean,,nan,clip_texture_slow_v0,6c9b2d5b899e1a2277be0bb45ebbafa7e3afcdac7eaada27b9e4d05e2f267fa5,07b257405f757223,,746f2063216e2726,B1,16,16,fb2e41a2d7,3,synthetic:texture-v0,ok,clean|clip_texture_slow_v0|clean|rep3|seed20240909,0.5683
harsh,,nan,clip_texture_slow_v0,6c9b2d5b899e1a2277be0bb45ebbafa7e3afcdac7eaada27b9e4d05e2f267fa5,07b257405f757223,,19d8c161aee4ae42,B0d,16,16,fb2e41a2d7,0,synthetic:texture-v0,ok,harsh|clip_texture_slow_v0|harsh|rep0|seed20240909,4.0919
clean,,nan,clip_texture_slow_v0,6c9b2d5b899e1a2277be0bb45ebbafa7e3afcdac7eaada27b9e4d05e2f267fa5,07b257405f757223,,b9a28f7c5266b83f,B1,16,16,fb2e41a2d7,4,synthetic:texture-v0,ok,clean|clip_texture_slow_v0|clean|rep4|seed20240909,0.5765
harsh,,nan,clip_texture_slow_v0,6c9b2d5b899e1a2277be0bb45ebbafa7e3afcdac7eaada27b9e4d05e2f267fa5,07b257405f757223,,75e4fb13949d9612,B0d,16,16,fb2e41a2d7,2,synthetic:texture-v0,ok,harsh|clip_texture_slow_v0|harsh|rep2|seed20240909,3.8548
harsh,,nan,clip_texture_slow_v0,6c9b2d5b899e1a2277be0bb45ebbafa7e3afcdac7eaada27b9e4d05e2f267fa5,07b257405f757223,,d85ea39a5b1716c2,B0d,16,16,fb2e41a2d7,1,synthetic:texture-v0,ok,harsh|clip_texture_slow_v0|harsh|rep1|seed20240909,4.1208
moderate,,nan,clip_texture_slow_v0,6c9b2d5b899e1a2277be0bb45ebbafa7e3afcdac7eaada27b9e4d05e2f267fa5,07b257405f757223,,c372457d367d8a1e,B0d,16,16,fb2e41a2d7,1,synthetic:texture-v0,ok,moderate|clip_texture_slow_v0|moderate|rep1|seed20240909,9.4243
harsh,,nan,clip_texture_slow_v0,6c9b2d5b899e1a2277be0bb45ebbafa7e3afcdac7eaada27b9e4d05e2f267fa5,07b257405f757223,,9dac70d4a426586a,B0d,16,16,fb2e41a2d7,3,synthetic:texture-v0,ok,harsh|clip_texture_slow_v0|harsh|rep3|seed20240909,4.0158
mild,,nan,clip_texture_slow_v0,6c9b2d5b899e1a2277be0bb45ebbafa7e3afcdac7eaada27b9e4d05e2f267fa5,07b257405f757223,,0bc9d9c94c95cdde,B1,16,16,fb2e41a2d7,0,synthetic:texture-v0,ok,mild|clip_texture_slow_v0|mild|rep0|seed20240909,0.7728
mild,,nan,clip_texture_slow_v0,6c9b2d5b899e1a2277be0bb45ebbafa7e3afcdac7eaada27b9e4d05e2f267fa5,07b257405f757223,,706805219914922d,B1,16,16,fb2e41a2d7,1,synthetic:texture-v0,ok,mild|clip_texture_slow_v0|mild|rep1|seed20240909,0.7546
mild,,nan,clip_texture_slow_v0,6c9b2d5b899e1a2277be0bb45ebbafa7e3afcdac7eaada27b9e4d05e2f267fa5,07b257405f757223,,073625e3388fda2f,B1,16,16,fb2e41a2d7,2,synthetic:texture-v0,ok,mild|clip_texture_slow_v0|mild|rep2|seed20240909,0.7472
moderate,,nan,clip_texture_slow_v0,6c9b2d5b899e1a2277be0bb45ebbafa7e3afcdac7eaada27b9e4d05e2f267fa5,07b257405f757223,,26c8f47500d35e7e,B0d,16,16,fb2e41a2d7,0,synthetic:texture-v0,ok,moderate|clip_texture_slow_v0|moderate|rep0|seed20240909,9.9267
harsh,,nan,clip_texture_slow_v0,6c9b2d5b899e1a2277be0bb45ebbafa7e3afcdac7eaada27b9e4d05e2f267fa5,07b257405f757223,,3c97874dbe9cff05,B0d,16,16,fb2e41a2d7,4,synthetic:texture-v0,ok,harsh|clip_texture_slow_v0|harsh|rep4|seed20240909,3.9984
moderate,,nan,clip_texture_slow_v0,6c9b2d5b899e1a2277be0bb45ebbafa7e3afcdac7eaada27b9e4d05e2f267fa5,07b257405f757223,,ab143943680bda68,B0d,16,16,fb2e41a2d7,2,synthetic:texture-v0,ok,moderate|clip_texture_slow_v0|moderate|rep2|seed20240909,9.7934
mild,,nan,clip_texture_slow_v0,6c9b2d5b899e1a2277be0bb45ebbafa7e3afcdac7eaada27b9e4d05e2f267fa5,07b257405f757223,,14ad94be65c636bb,B1,16,16,fb2e41a2d7,3,synthetic:texture-v0,ok,mild|clip_texture_slow_v0|mild|rep3|seed20240909,0.768
bursty,,nan,clip_texture_slow_v0,6c9b2d5b899e1a2277be0bb45ebbafa7e3afcdac7eaada27b9e4d05e2f267fa5,07b257405f757223,,bb15b8e0294c6e05,B0d,16,16,fb2e41a2d7,0,synthetic:texture-v0,ok,bursty|clip_texture_slow_v0|bursty|rep0|seed20240909,8.4887
mild,,nan,clip_texture_slow_v0,6c9b2d5b899e1a2277be0bb45ebbafa7e3afcdac7eaada27b9e4d05e2f267fa5,07b257405f757223,,b64c6a53aa75aa07,B1,16,16,fb2e41a2d7,4,synthetic:texture-v0,ok,mild|clip_texture_slow_v0|mild|rep4|seed20240909,0.7742
moderate,,nan,clip_texture_slow_v0,6c9b2d5b899e1a2277be0bb45ebbafa7e3afcdac7eaada27b9e4d05e2f267fa5,07b257405f757223,,6ccab1e6462b44ae,B1,16,16,fb2e41a2d7,0,synthetic:texture-v0,ok,moderate|clip_texture_slow_v0|moderate|rep0|seed20240909,0.8551
moderate,,nan,clip_texture_slow_v0,6c9b2d5b899e1a2277be0bb45ebbafa7e3afcdac7eaada27b9e4d05e2f267fa5,07b257405f757223,,7212756c5d591e8f,B1,16,16,fb2e41a2d7,1,synthetic:texture-v0,ok,moderate|clip_texture_slow_v0|moderate|rep1|seed20240909,0.8575
moderate,,nan,clip_texture_slow_v0,6c9b2d5b899e1a2277be0bb45ebbafa7e3afcdac7eaada27b9e4d05e2f267fa5,07b257405f757223,,34ab00fb6d2064aa,B1,16,16,fb2e41a2d7,2,synthetic:texture-v0,ok,moderate|clip_texture_slow_v0|moderate|rep2|seed20240909,0.8443
moderate,,nan,clip_texture_slow_v0,6c9b2d5b899e1a2277be0bb45ebbafa7e3afcdac7eaada27b9e4d05e2f267fa5,07b257405f757223,,df32ba20f40b031d,B1,16,16,fb2e41a2d7,3,synthetic:texture-v0,ok,moderate|clip_texture_slow_v0|moderate|rep3|seed20240909,0.8535
moderate,,nan,clip_texture_slow_v0,6c9b2d5b899e1a2277be0bb45ebbafa7e3afcdac7eaada27b9e4d05e2f267fa5,07b257405f757223,,16f934d07d514182,B1,16,16,fb2e41a2d7,4,synthetic:texture-v0,ok,moderate|clip_texture_slow_v0|moderate|rep4|seed20240909,0.8874
bursty,,nan,clip_texture_slow_v0,6c9b2d5b899e1a2277be0bb45ebbafa7e3afcdac7eaada27b9e4d05e2f267fa5,07b257405f757223,,474597b81377a917,B1,16,16,fb2e41a2d7,0,synthetic:texture-v0,ok,bursty|clip_texture_slow_v0|bursty|rep0|seed20240909,0.8302
bursty,,nan,clip_texture_slow_v0,6c9b2d5b899e1a2277be0bb45ebbafa7e3afcdac7eaada27b9e4d05e2f267fa5,07b257405f757223,,ce9a694eaa0c1db1,B1,16,16,fb2e41a2d7,1,synthetic:texture-v0,ok,bursty|clip_texture_slow_v0|bursty|rep1|seed20240909,0.8479
bursty,,nan,clip_texture_slow_v0,6c9b2d5b899e1a2277be0bb45ebbafa7e3afcdac7eaada27b9e4d05e2f267fa5,07b257405f757223,,fd793cc67e25246d,B1,16,16,fb2e41a2d7,2,synthetic:texture-v0,ok,bursty|clip_texture_slow_v0|bursty|rep2|seed20240909,0.821
bursty,,nan,clip_texture_slow_v0,6c9b2d5b899e1a2277be0bb45ebbafa7e3afcdac7eaada27b9e4d05e2f267fa5,07b257405f757223,,7cc5dac4e00face8,B1,16,16,fb2e41a2d7,3,synthetic:texture-v0,ok,bursty|clip_texture_slow_v0|bursty|rep3|seed20240909,0.8043
bursty,,nan,clip_texture_slow_v0,6c9b2d5b899e1a2277be0bb45ebbafa7e3afcdac7eaada27b9e4d05e2f267fa5,07b257405f757223,,2b7e2d91247d0a71,B1,16,16,fb2e41a2d7,4,synthetic:texture-v0,ok,bursty|clip_texture_slow_v0|bursty|rep4|seed20240909,0.8234
harsh,,nan,clip_texture_slow_v0,6c9b2d5b899e1a2277be0bb45ebbafa7e3afcdac7eaada27b9e4d05e2f267fa5,07b257405f757223,,e083f7a8b84c767e,B1,16,16,fb2e41a2d7,0,synthetic:texture-v0,ok,harsh|clip_texture_slow_v0|harsh|rep0|seed20240909,0.8653
moderate,,nan,clip_texture_slow_v0,6c9b2d5b899e1a2277be0bb45ebbafa7e3afcdac7eaada27b9e4d05e2f267fa5,07b257405f757223,,189035fc62200871,B0d,16,16,fb2e41a2d7,4,synthetic:texture-v0,ok,moderate|clip_texture_slow_v0|moderate|rep4|seed20240909,9.8078
moderate,,nan,clip_texture_slow_v0,6c9b2d5b899e1a2277be0bb45ebbafa7e3afcdac7eaada27b9e4d05e2f267fa5,07b257405f757223,,3d728cab2daec082,B0d,16,16,fb2e41a2d7,3,synthetic:texture-v0,ok,moderate|clip_texture_slow_v0|moderate|rep3|seed20240909,9.9001
harsh,,nan,clip_texture_slow_v0,6c9b2d5b899e1a2277be0bb45ebbafa7e3afcdac7eaada27b9e4d05e2f267fa5,07b257405f757223,,c9bd636b4963eba2,B1,16,16,fb2e41a2d7,1,synthetic:texture-v0,ok,harsh|clip_texture_slow_v0|harsh|rep1|seed20240909,0.9033
harsh,,nan,clip_texture_slow_v0,6c9b2d5b899e1a2277be0bb45ebbafa7e3afcdac7eaada27b9e4d05e2f267fa5,07b257405f757223,,72bd8fc9af3a8071,B1,16,16,fb2e41a2d7,2,synthetic:texture-v0,ok,harsh|clip_texture_slow_v0|harsh|rep2|seed20240909,0.8784
clean,,nan,clip_texture_slow_v0,6c9b2d5b899e1a2277be0bb45ebbafa7e3afcdac7eaada27b9e4d05e2f267fa5,07b257405f757223,,3df1a7f4538c5c53,B2,16,16,fb2e41a2d7,0,synthetic:texture-v0,ok,clean|clip_texture_slow_v0|clean|rep0|seed20240909,0.6469
clean,,nan,clip_texture_slow_v0,6c9b2d5b899e1a2277be0bb45ebbafa7e3afcdac7eaada27b9e4d05e2f267fa5,07b257405f757223,,64628158d0346d54,B2,16,16,fb2e41a2d7,1,synthetic:texture-v0,ok,clean|clip_texture_slow_v0|clean|rep1|seed20240909,0.6382
clean,,nan,clip_texture_slow_v0,6c9b2d5b899e1a2277be0bb45ebbafa7e3afcdac7eaada27b9e4d05e2f267fa5,07b257405f757223,,1c15d7db8306ddb2,B2,16,16,fb2e41a2d7,2,synthetic:texture-v0,ok,clean|clip_texture_slow_v0|clean|rep2|seed20240909,0.6535
harsh,,nan,clip_texture_slow_v0,6c9b2d5b899e1a2277be0bb45ebbafa7e3afcdac7eaada27b9e4d05e2f267fa5,07b257405f757223,,569c3751740a3015,B1,16,16,fb2e41a2d7,3,synthetic:texture-v0,ok,harsh|clip_texture_slow_v0|harsh|rep3|seed20240909,0.8709
clean,,nan,clip_texture_slow_v0,6c9b2d5b899e1a2277be0bb45ebbafa7e3afcdac7eaada27b9e4d05e2f267fa5,07b257405f757223,,55953318ec7b770b,B2,16,16,fb2e41a2d7,3,synthetic:texture-v0,ok,clean|clip_texture_slow_v0|clean|rep3|seed20240909,0.6438
harsh,,nan,clip_texture_slow_v0,6c9b2d5b899e1a2277be0bb45ebbafa7e3afcdac7eaada27b9e4d05e2f267fa5,07b257405f757223,,f36bd7dd5637a34f,B1,16,16,fb2e41a2d7,4,synthetic:texture-v0,ok,harsh|clip_texture_slow_v0|harsh|rep4|seed20240909,0.8742
clean,,nan,clip_texture_slow_v0,6c9b2d5b899e1a2277be0bb45ebbafa7e3afcdac7eaada27b9e4d05e2f267fa5,07b257405f757223,,2af0881fc9636f6a,B2,16,16,fb2e41a2d7,4,synthetic:texture-v0,ok,clean|clip_texture_slow_v0|clean|rep4|seed20240909,0.6327
mild,,nan,clip_texture_slow_v0,6c9b2d5b899e1a2277be0bb45ebbafa7e3afcdac7eaada27b9e4d05e2f267fa5,07b257405f757223,,6a9a970343acf2e1,B2,16,16,fb2e41a2d7,0,synthetic:texture-v0,ok,mild|clip_texture_slow_v0|mild|rep0|seed20240909,0.8815
mild,,nan,clip_texture_slow_v0,6c9b2d5b899e1a2277be0bb45ebbafa7e3afcdac7eaada27b9e4d05e2f267fa5,07b257405f757223,,29b64187ad15bc7c,B2,16,16,fb2e41a2d7,1,synthetic:texture-v0,ok,mild|clip_texture_slow_v0|mild|rep1|seed20240909,0.8984
mild,,nan,clip_texture_slow_v0,6c9b2d5b899e1a2277be0bb45ebbafa7e3afcdac7eaada27b9e4d05e2f267fa5,07b257405f757223,,58c0d2faa4d8d7e4,B2,16,16,fb2e41a2d7,2,synthetic:texture-v0,ok,mild|clip_texture_slow_v0|mild|rep2|seed20240909,0.8702
mild,,nan,clip_texture_slow_v0,6c9b2d5b899e1a2277be0bb45ebbafa7e3afcdac7eaada27b9e4d05e2f267fa5,07b257405f757223,,dcaf3ae1b0e0a882,B2,16,16,fb2e41a2d7,3,synthetic:texture-v0,ok,mild|clip_texture_slow_v0|mild|rep3|seed20240909,0.8563
mild,,nan,clip_texture_slow_v0,6c9b2d5b899e1a2277be0bb45ebbafa7e3afcdac7eaada27b9e4d05e2f267fa5,07b257405f757223,,3ad608effbcfea66,B2,16,16,fb2e41a2d7,4,synthetic:texture-v0,ok,mild|clip_texture_slow_v0|mild|rep4|seed20240909,0.8493
moderate,,nan,clip_texture_slow_v0,6c9b2d5b899e1a2277be0bb45ebbafa7e3afcdac7eaada27b9e4d05e2f267fa5,07b257405f757223,,87e9384f77647aea,B2,16,16,fb2e41a2d7,0,synthetic:texture-v0,ok,moderate|clip_texture_slow_v0|moderate|rep0|seed20240909,0.8913
moderate,,nan,clip_texture_slow_v0,6c9b2d5b899e1a2277be0bb45ebbafa7e3afcdac7eaada27b9e4d05e2f267fa5,07b257405f757223,,4c5b79c4c3a5ec66,B2,16,16,fb2e41a2d7,1,synthetic:texture-v0,ok,moderate|clip_texture_slow_v0|moderate|rep1|seed20240909,0.9017
moderate,,nan,clip_texture_slow_v0,6c9b2d5b899e1a2277be0bb45ebbafa7e3afcdac7eaada27b9e4d05e2f267fa5,07b257405f757223,,440d1bc4f2529da1,B2,16,16,fb2e41a2d7,2,synthetic:texture-v0,ok,moderate|clip_texture_slow_v0|moderate|rep2|seed20240909,0.9244
bursty,,nan,clip_texture_slow_v0,6c9b2d5b899e1a2277be0bb45ebbafa7e3afcdac7eaada27b9e4d05e2f267fa5,07b257405f757223,,08ead4807f218572,B2,16,16,fb2e41a2d7,1,synthetic:texture-v0,ok,bursty|clip_texture_slow_v0|bursty|rep1|seed20240909,0.8067
moderate,,nan,clip_texture_slow_v0,6c9b2d5b899e1a2277be0bb45ebbafa7e3afcdac7eaada27b9e4d05e2f267fa5,07b257405f757223,,5b79ff2ab41502a2,B2,16,16,fb2e41a2d7,3,synthetic:texture-v0,ok,moderate|clip_texture_slow_v0|moderate|rep3|seed20240909,0.9301
moderate,,nan,clip_texture_slow_v0,6c9b2d5b899e1a2277be0bb45ebbafa7e3afcdac7eaada27b9e4d05e2f267fa5,07b257405f757223,,d9aeb982952c60e2,B2,16,16,fb2e41a2d7,4,synthetic:texture-v0,ok,moderate|clip_texture_slow_v0|moderate|rep4|seed20240909,0.9257
bursty,,nan,clip_texture_slow_v0,6c9b2d5b899e1a2277be0bb45ebbafa7e3afcdac7eaada27b9e4d05e2f267fa5,07b257405f757223,,08c8061f0179c3fb,B2,16,16,fb2e41a2d7,0,synthetic:texture-v0,ok,bursty|clip_texture_slow_v0|bursty|rep0|seed20240909,0.9319
bursty,,nan,clip_texture_slow_v0,6c9b2d5b899e1a2277be0bb45ebbafa7e3afcdac7eaada27b9e4d05e2f267fa5,07b257405f757223,,aceefa565f436169,B2,16,16,fb2e41a2d7,2,synthetic:texture-v0,ok,bursty|clip_texture_slow_v0|bursty|rep2|seed20240909,0.8242
bursty,,nan,clip_texture_slow_v0,6c9b2d5b899e1a2277be0bb45ebbafa7e3afcdac7eaada27b9e4d05e2f267fa5,07b257405f757223,,bd5f9d18219a239a,B2,16,16,fb2e41a2d7,4,synthetic:texture-v0,ok,bursty|clip_texture_slow_v0|bursty|rep4|seed20240909,0.8368
bursty,,nan,clip_texture_slow_v0,6c9b2d5b899e1a2277be0bb45ebbafa7e3afcdac7eaada27b9e4d05e2f267fa5,07b257405f757223,,5a0191579308661a,B2,16,16,fb2e41a2d7,3,synthetic:texture-v0,ok,bursty|clip_texture_slow_v0|bursty|rep3|seed20240909,0.9233
harsh,,nan,clip_texture_slow_v0,6c9b2d5b899e1a2277be0bb45ebbafa7e3afcdac7eaada27b9e4d05e2f267fa5,07b257405f757223,,367d687a6e3b142e,B2,16,16,fb2e41a2d7,0,synthetic:texture-v0,ok,harsh|clip_texture_slow_v0|harsh|rep0|seed20240909,0.8775
harsh,,nan,clip_texture_slow_v0,6c9b2d5b899e1a2277be0bb45ebbafa7e3afcdac7eaada27b9e4d05e2f267fa5,07b257405f757223,,6891233eac6a0c34,B2,16,16,fb2e41a2d7,1,synthetic:texture-v0,ok,harsh|clip_texture_slow_v0|harsh|rep1|seed20240909,0.8632
bursty,,nan,clip_texture_slow_v0,6c9b2d5b899e1a2277be0bb45ebbafa7e3afcdac7eaada27b9e4d05e2f267fa5,07b257405f757223,,957014e5d99898f0,B0d,16,16,fb2e41a2d7,1,synthetic:texture-v0,ok,bursty|clip_texture_slow_v0|bursty|rep1|seed20240909,9.2009
harsh,,nan,clip_texture_slow_v0,6c9b2d5b899e1a2277be0bb45ebbafa7e3afcdac7eaada27b9e4d05e2f267fa5,07b257405f757223,,ac2022df2ec302f6,B2,16,16,fb2e41a2d7,2,synthetic:texture-v0,ok,harsh|clip_texture_slow_v0|harsh|rep2|seed20240909,0.8609
harsh,,nan,clip_texture_slow_v0,6c9b2d5b899e1a2277be0bb45ebbafa7e3afcdac7eaada27b9e4d05e2f267fa5,07b257405f757223,,43095e87c2b84f34,B2,16,16,fb2e41a2d7,3,synthetic:texture-v0,ok,harsh|clip_texture_slow_v0|harsh|rep3|seed20240909,0.8175
harsh,,nan,clip_texture_slow_v0,6c9b2d5b899e1a2277be0bb45ebbafa7e3afcdac7eaada27b9e4d05e2f267fa5,07b257405f757223,,b09b132e94da7da4,B2,16,16,fb2e41a2d7,4,synthetic:texture-v0,ok,harsh|clip_texture_slow_v0|harsh|rep4|seed20240909,0.8645
bursty,,nan,clip_texture_slow_v0,6c9b2d5b899e1a2277be0bb45ebbafa7e3afcdac7eaada27b9e4d05e2f267fa5,07b257405f757223,,420829798101815d,B0d,16,16,fb2e41a2d7,2,synthetic:texture-v0,ok,bursty|clip_texture_slow_v0|bursty|rep2|seed20240909,9.1175
bursty,,nan,clip_texture_slow_v0,6c9b2d5b899e1a2277be0bb45ebbafa7e3afcdac7eaada27b9e4d05e2f267fa5,07b257405f757223,,288427f2c986daf7,B0d,16,16,fb2e41a2d7,3,synthetic:texture-v0,ok,bursty|clip_texture_slow_v0|bursty|rep3|seed20240909,9.9374
bursty,,nan,clip_texture_slow_v0,6c9b2d5b899e1a2277be0bb45ebbafa7e3afcdac7eaada27b9e4d05e2f267fa5,07b257405f757223,,26520759ae7a0131,B0d,16,16,fb2e41a2d7,4,synthetic:texture-v0,ok,bursty|clip_texture_slow_v0|bursty|rep4|seed20240909,10.3141
clean,,nan,clip_texture_slow_v0,6c9b2d5b899e1a2277be0bb45ebbafa7e3afcdac7eaada27b9e4d05e2f267fa5,07b257405f757223,,0a18f9fed0e7d38b,B3,16,16,fb2e41a2d7,1,synthetic:texture-v0,ok,clean|clip_texture_slow_v0|clean|rep1|seed20240909,7.0271
clean,,nan,clip_texture_slow_v0,6c9b2d5b899e1a2277be0bb45ebbafa7e3afcdac7eaada27b9e4d05e2f267fa5,07b257405f757223,,8f7cee73cd7722c6,B3,16,16,fb2e41a2d7,0,synthetic:texture-v0,ok,clean|clip_texture_slow_v0|clean|rep0|seed20240909,7.0382
clean,,nan,clip_texture_slow_v0,6c9b2d5b899e1a2277be0bb45ebbafa7e3afcdac7eaada27b9e4d05e2f267fa5,07b257405f757223,,b97f9284c57b6ddb,B3,16,16,fb2e41a2d7,2,synthetic:texture-v0,ok,clean|clip_texture_slow_v0|clean|rep2|seed20240909,7.0119
clean,,nan,clip_texture_slow_v0,6c9b2d5b899e1a2277be0bb45ebbafa7e3afcdac7eaada27b9e4d05e2f267fa5,07b257405f757223,,008773396601d175,B3,16,16,fb2e41a2d7,3,synthetic:texture-v0,ok,clean|clip_texture_slow_v0|clean|rep3|seed20240909,7.0273
clean,,nan,clip_texture_slow_v0,6c9b2d5b899e1a2277be0bb45ebbafa7e3afcdac7eaada27b9e4d05e2f267fa5,07b257405f757223,,327e7c32e1c71444,B3,16,16,fb2e41a2d7,4,synthetic:texture-v0,ok,clean|clip_texture_slow_v0|clean|rep4|seed20240909,7.066
mild,,nan,clip_texture_slow_v0,6c9b2d5b899e1a2277be0bb45ebbafa7e3afcdac7eaada27b9e4d05e2f267fa5,07b257405f757223,,651ece4eee200565,B3,16,16,fb2e41a2d7,0,synthetic:texture-v0,ok,mild|clip_texture_slow_v0|mild|rep0|seed20240909,7.323
mild,,nan,clip_texture_slow_v0,6c9b2d5b899e1a2277be0bb45ebbafa7e3afcdac7eaada27b9e4d05e2f267fa5,07b257405f757223,,edf27ba84ad869c7,B3,16,16,fb2e41a2d7,1,synthetic:texture-v0,ok,mild|clip_texture_slow_v0|mild|rep1|seed20240909,7.3231
mild,,nan,clip_texture_slow_v0,6c9b2d5b899e1a2277be0bb45ebbafa7e3afcdac7eaada27b9e4d05e2f267fa5,07b257405f757223,,d1e0c6d287b15eb8,B3,16,16,fb2e41a2d7,2,synthetic:texture-v0,ok,mild|clip_texture_slow_v0|mild|rep2|seed20240909,7.3414
mild,,nan,clip_texture_slow_v0,6c9b2d5b899e1a2277be0bb45ebbafa7e3afcdac7eaada27b9e4d05e2f267fa5,07b257405f757223,,82ac0a23ceeb3613,B3,16,16,fb2e41a2d7,4,synthetic:texture-v0,ok,mild|clip_texture_slow_v0|mild|rep4|seed20240909,7.2777
mild,,nan,clip_texture_slow_v0,6c9b2d5b899e1a2277be0bb45ebbafa7e3afcdac7eaada27b9e4d05e2f267fa5,07b257405f757223,,58b39a37b22fa987,B3,16,16,fb2e41a2d7,3,synthetic:texture-v0,ok,mild|clip_texture_slow_v0|mild|rep3|seed20240909,7.4119
moderate,,nan,clip_texture_slow_v0,6c9b2d5b899e1a2277be0bb45ebbafa7e3afcdac7eaada27b9e4d05e2f267fa5,07b257405f757223,,0aec2949d98c5a0b,B3,16,16,fb2e41a2d7,1,synthetic:texture-v0,ok,moderate|clip_texture_slow_v0|moderate|rep1|seed20240909,9.7593
moderate,,nan,clip_texture_slow_v0,6c9b2d5b899e1a2277be0bb45ebbafa7e3afcdac7eaada27b9e4d05e2f267fa5,07b257405f757223,,b47fc0eba1c450a1,B3,16,16,fb2e41a2d7,0,synthetic:texture-v0,ok,moderate|clip_texture_slow_v0|moderate|rep0|seed20240909,10.075
moderate,,nan,clip_texture_slow_v0,6c9b2d5b899e1a2277be0bb45ebbafa7e3afcdac7eaada27b9e4d05e2f267fa5,07b257405f757223,,ea133f3f8571c814,B3,16,16,fb2e41a2d7,2,synthetic:texture-v0,ok,moderate|clip_texture_slow_v0|moderate|rep2|seed20240909,10.1723
moderate,,nan,clip_texture_slow_v0,6c9b2d5b899e1a2277be0bb45ebbafa7e3afcdac7eaada27b9e4d05e2f267fa5,07b257405f757223,,6578b26a4a877fff,B3,16,16,fb2e41a2d7,3,synthetic:texture-v0,ok,moderate|clip_texture_slow_v0|moderate|rep3|seed20240909,9.9792
bursty,,nan,clip_texture_slow_v0,6c9b2d5b899e1a2277be0bb45ebbafa7e3afcdac7eaada27b9e4d05e2f267fa5,07b257405f757223,,fb4ab826f0f092b0,B3,16,16,fb2e41a2d7,0,synthetic:texture-v0,ok,bursty|clip_texture_slow_v0|bursty|rep0|seed20240909,9.1302
moderate,,nan,clip_texture_slow_v0,6c9b2d5b899e1a2277be0bb45ebbafa7e3afcdac7eaada27b9e4d05e2f267fa5,07b257405f757223,,6fe54723a6f2fc20,B3,16,16,fb2e41a2d7,4,synthetic:texture-v0,ok,moderate|clip_texture_slow_v0|moderate|rep4|seed20240909,10.3011
harsh,,nan,clip_texture_slow_v0,6c9b2d5b899e1a2277be0bb45ebbafa7e3afcdac7eaada27b9e4d05e2f267fa5,07b257405f757223,,4b04f2b5d68d687a,B3,16,16,fb2e41a2d7,0,synthetic:texture-v0,ok,harsh|clip_texture_slow_v0|harsh|rep0|seed20240909,5.3274
harsh,,nan,clip_texture_slow_v0,6c9b2d5b899e1a2277be0bb45ebbafa7e3afcdac7eaada27b9e4d05e2f267fa5,07b257405f757223,,e6e27fb47b109c83,B3,16,16,fb2e41a2d7,2,synthetic:texture-v0,ok,harsh|clip_texture_slow_v0|harsh|rep2|seed20240909,5.0184
harsh,,nan,clip_texture_slow_v0,6c9b2d5b899e1a2277be0bb45ebbafa7e3afcdac7eaada27b9e4d05e2f267fa5,07b257405f757223,,a1c8b60117da3a1b,B3,16,16,fb2e41a2d7,4,synthetic:texture-v0,ok,harsh|clip_texture_slow_v0|harsh|rep4|seed20240909,5.0608
harsh,,nan,clip_texture_slow_v0,6c9b2d5b899e1a2277be0bb45ebbafa7e3afcdac7eaada27b9e4d05e2f267fa5,07b257405f757223,,36677b892f1263d4,B3,16,16,fb2e41a2d7,3,synthetic:texture-v0,ok,harsh|clip_texture_slow_v0|harsh|rep3|seed20240909,5.2171
harsh,,nan,clip_texture_slow_v0,6c9b2d5b899e1a2277be0bb45ebbafa7e3afcdac7eaada27b9e4d05e2f267fa5,07b257405f757223,,3fca34bb90701f71,B3,16,16,fb2e41a2d7,1,synthetic:texture-v0,ok,harsh|clip_texture_slow_v0|harsh|rep1|seed20240909,5.4016
clean,,nan,clip_texture_slow_v0,6c9b2d5b899e1a2277be0bb45ebbafa7e3afcdac7eaada27b9e4d05e2f267fa5,07b257405f757223,,7beab2aabf00c8ef,B4,16,16,fb2e41a2d7,0,synthetic:texture-v0,ok,clean|clip_texture_slow_v0|clean|rep0|seed20240909,5.813
clean,,nan,clip_texture_slow_v0,6c9b2d5b899e1a2277be0bb45ebbafa7e3afcdac7eaada27b9e4d05e2f267fa5,07b257405f757223,,ba25975685db9e09,B4,16,16,fb2e41a2d7,1,synthetic:texture-v0,ok,clean|clip_texture_slow_v0|clean|rep1|seed20240909,5.8256
bursty,,nan,clip_texture_slow_v0,6c9b2d5b899e1a2277be0bb45ebbafa7e3afcdac7eaada27b9e4d05e2f267fa5,07b257405f757223,,10f47fe4797227ac,B3,16,16,fb2e41a2d7,2,synthetic:texture-v0,ok,bursty|clip_texture_slow_v0|bursty|rep2|seed20240909,9.4237
clean,,nan,clip_texture_slow_v0,6c9b2d5b899e1a2277be0bb45ebbafa7e3afcdac7eaada27b9e4d05e2f267fa5,07b257405f757223,,c54180462b53c3cb,B4,16,16,fb2e41a2d7,2,synthetic:texture-v0,ok,clean|clip_texture_slow_v0|clean|rep2|seed20240909,5.8569
clean,,nan,clip_texture_slow_v0,6c9b2d5b899e1a2277be0bb45ebbafa7e3afcdac7eaada27b9e4d05e2f267fa5,07b257405f757223,,2ce807bbe4573dd7,B4,16,16,fb2e41a2d7,3,synthetic:texture-v0,ok,clean|clip_texture_slow_v0|clean|rep3|seed20240909,5.8092
bursty,,nan,clip_texture_slow_v0,6c9b2d5b899e1a2277be0bb45ebbafa7e3afcdac7eaada27b9e4d05e2f267fa5,07b257405f757223,,a945a9f1ff819e6d,B3,16,16,fb2e41a2d7,1,synthetic:texture-v0,ok,bursty|clip_texture_slow_v0|bursty|rep1|seed20240909,9.8026
clean,,nan,clip_texture_slow_v0,6c9b2d5b899e1a2277be0bb45ebbafa7e3afcdac7eaada27b9e4d05e2f267fa5,07b257405f757223,,4412a804838b3fa7,B4,16,16,fb2e41a2d7,4,synthetic:texture-v0,ok,clean|clip_texture_slow_v0|clean|rep4|seed20240909,5.8402
bursty,,nan,clip_texture_slow_v0,6c9b2d5b899e1a2277be0bb45ebbafa7e3afcdac7eaada27b9e4d05e2f267fa5,07b257405f757223,,4de59f7e015b2c00,B3,16,16,fb2e41a2d7,3,synthetic:texture-v0,ok,bursty|clip_texture_slow_v0|bursty|rep3|seed20240909,10.3165
bursty,,nan,clip_texture_slow_v0,6c9b2d5b899e1a2277be0bb45ebbafa7e3afcdac7eaada27b9e4d05e2f267fa5,07b257405f757223,,99c3deadbb025fc6,B3,16,16,fb2e41a2d7,4,synthetic:texture-v0,ok,bursty|clip_texture_slow_v0|bursty|rep4|seed20240909,10.4418
mild,,nan,clip_texture_slow_v0,6c9b2d5b899e1a2277be0bb45ebbafa7e3afcdac7eaada27b9e4d05e2f267fa5,07b257405f757223,,37495353c978f855,B4,16,16,fb2e41a2d7,0,synthetic:texture-v0,ok,mild|clip_texture_slow_v0|mild|rep0|seed20240909,6.2399
mild,,nan,clip_texture_slow_v0,6c9b2d5b899e1a2277be0bb45ebbafa7e3afcdac7eaada27b9e4d05e2f267fa5,07b257405f757223,,b1b53afa652961f8,B4,16,16,fb2e41a2d7,1,synthetic:texture-v0,ok,mild|clip_texture_slow_v0|mild|rep1|seed20240909,6.2053
mild,,nan,clip_texture_slow_v0,6c9b2d5b899e1a2277be0bb45ebbafa7e3afcdac7eaada27b9e4d05e2f267fa5,07b257405f757223,,e596800d0073760d,B4,16,16,fb2e41a2d7,2,synthetic:texture-v0,ok,mild|clip_texture_slow_v0|mild|rep2|seed20240909,6.1757
mild,,nan,clip_texture_slow_v0,6c9b2d5b899e1a2277be0bb45ebbafa7e3afcdac7eaada27b9e4d05e2f267fa5,07b257405f757223,,268c20ba1586ddea,B4,16,16,fb2e41a2d7,3,synthetic:texture-v0,ok,mild|clip_texture_slow_v0|mild|rep3|seed20240909,6.1626
mild,,nan,clip_texture_slow_v0,6c9b2d5b899e1a2277be0bb45ebbafa7e3afcdac7eaada27b9e4d05e2f267fa5,07b257405f757223,,6f687d01b9ba8e68,B4,16,16,fb2e41a2d7,4,synthetic:texture-v0,ok,mild|clip_texture_slow_v0|mild|rep4|seed20240909,6.1765
harsh,,nan,clip_texture_slow_v0,6c9b2d5b899e1a2277be0bb45ebbafa7e3afcdac7eaada27b9e4d05e2f267fa5,07b257405f757223,,c3e01a3951b272ce,B4,16,16,fb2e41a2d7,0,synthetic:texture-v0,ok,harsh|clip_texture_slow_v0|harsh|rep0|seed20240909,4.0777
harsh,,nan,clip_texture_slow_v0,6c9b2d5b899e1a2277be0bb45ebbafa7e3afcdac7eaada27b9e4d05e2f267fa5,07b257405f757223,,1e84d3a2d12208eb,B4,16,16,fb2e41a2d7,1,synthetic:texture-v0,ok,harsh|clip_texture_slow_v0|harsh|rep1|seed20240909,4.1535
harsh,,nan,clip_texture_slow_v0,6c9b2d5b899e1a2277be0bb45ebbafa7e3afcdac7eaada27b9e4d05e2f267fa5,07b257405f757223,,4905d81e0245c4e1,B4,16,16,fb2e41a2d7,2,synthetic:texture-v0,ok,harsh|clip_texture_slow_v0|harsh|rep2|seed20240909,3.8141
moderate,,nan,clip_texture_slow_v0,6c9b2d5b899e1a2277be0bb45ebbafa7e3afcdac7eaada27b9e4d05e2f267fa5,07b257405f757223,,2849c0903fde95f0,B4,16,16,fb2e41a2d7,1,synthetic:texture-v0,ok,moderate|clip_texture_slow_v0|moderate|rep1|seed20240909,9.5756
moderate,,nan,clip_texture_slow_v0,6c9b2d5b899e1a2277be0bb45ebbafa7e3afcdac7eaada27b9e4d05e2f267fa5,07b257405f757223,,9f7d947238b057d6,B4,16,16,fb2e41a2d7,0,synthetic:texture-v0,ok,moderate|clip_texture_slow_v0|moderate|rep0|seed20240909,9.776
harsh,,nan,clip_texture_slow_v0,6c9b2d5b899e1a2277be0bb45ebbafa7e3afcdac7eaada27b9e4d05e2f267fa5,07b257405f757223,,acba82b53280c212,B4,16,16,fb2e41a2d7,4,synthetic:texture-v0,ok,harsh|clip_texture_slow_v0|harsh|rep4|seed20240909,3.9109
harsh,,nan,clip_texture_slow_v0,6c9b2d5b899e1a2277be0bb45ebbafa7e3afcdac7eaada27b9e4d05e2f267fa5,07b257405f757223,,37f04fea6f16af48,B4,16,16,fb2e41a2d7,3,synthetic:texture-v0,ok,harsh|clip_texture_slow_v0|harsh|rep3|seed20240909,3.9974
moderate,,nan,clip_texture_slow_v0,6c9b2d5b899e1a2277be0bb45ebbafa7e3afcdac7eaada27b9e4d05e2f267fa5,07b257405f757223,,d74d16a22abdb4bc,B4,16,16,fb2e41a2d7,2,synthetic:texture-v0,ok,moderate|clip_texture_slow_v0|moderate|rep2|seed20240909,9.6874
bursty,,nan,clip_texture_slow_v0,6c9b2d5b899e1a2277be0bb45ebbafa7e3afcdac7eaada27b9e4d05e2f267fa5,07b257405f757223,,125709be450897f8,B4,16,16,fb2e41a2d7,0,synthetic:texture-v0,ok,bursty|clip_texture_slow_v0|bursty|rep0|seed20240909,8.5591
bursty,,nan,clip_texture_slow_v0,6c9b2d5b899e1a2277be0bb45ebbafa7e3afcdac7eaada27b9e4d05e2f267fa5,07b257405f757223,,466612dacdce2a8b,B4,16,16,fb2e41a2d7,2,synthetic:texture-v0,ok,bursty|clip_texture_slow_v0|bursty|rep2|seed20240909,8.9159
bursty,,nan,clip_texture_slow_v0,6c9b2d5b899e1a2277be0bb45ebbafa7e3afcdac7eaada27b9e4d05e2f267fa5,07b257405f757223,,66e7b86cd0412b1e,B4,16,16,fb2e41a2d7,1,synthetic:texture-v0,ok,bursty|clip_texture_slow_v0|bursty|rep1|seed20240909,9.0465
moderate,,nan,clip_texture_slow_v0,6c9b2d5b899e1a2277be0bb45ebbafa7e3afcdac7eaada27b9e4d05e2f267fa5,07b257405f757223,,97f8e42e180a3645,B4,16,16,fb2e41a2d7,3,synthetic:texture-v0,ok,moderate|clip_texture_slow_v0|moderate|rep3|seed20240909,9.8952
moderate,,nan,clip_texture_slow_v0,6c9b2d5b899e1a2277be0bb45ebbafa7e3afcdac7eaada27b9e4d05e2f267fa5,07b257405f757223,,d1427966d4d2fc0c,B4,16,16,fb2e41a2d7,4,synthetic:texture-v0,ok,moderate|clip_texture_slow_v0|moderate|rep4|seed20240909,9.8689
bursty,,nan,clip_texture_slow_v0,6c9b2d5b899e1a2277be0bb45ebbafa7e3afcdac7eaada27b9e4d05e2f267fa5,07b257405f757223,,a669be6b976a2435,B4,16,16,fb2e41a2d7,3,synthetic:texture-v0,ok,bursty|clip_texture_slow_v0|bursty|rep3|seed20240909,9.7339
bursty,,nan,clip_texture_slow_v0,6c9b2d5b899e1a2277be0bb45ebbafa7e3afcdac7eaada27b9e4d05e2f267fa5,07b257405f757223,,2811a155c38df20d,B4,16,16,fb2e41a2d7,4,synthetic:texture-v0,ok,bursty|clip_texture_slow_v0|bursty|rep4|seed20240909,9.9921
clean,,nan,clip_texture_slow_v0,6c9b2d5b899e1a2277be0bb45ebbafa7e3afcdac7eaada27b9e4d05e2f267fa5,07b257405f757223,,0c26480abe9e8ba1,P,16,16,8da29d3843,0,synthetic:texture-v0,ok,clean|clip_texture_slow_v0|clean|rep0|seed20240909,9.7333
clean,,nan,clip_texture_slow_v0,6c9b2d5b899e1a2277be0bb45ebbafa7e3afcdac7eaada27b9e4d05e2f267fa5,07b257405f757223,,0fa78a3c30077944,P,16,16,8da29d3843,1,synthetic:texture-v0,ok,clean|clip_texture_slow_v0|clean|rep1|seed20240909,9.6721
clean,,nan,clip_texture_slow_v0,6c9b2d5b899e1a2277be0bb45ebbafa7e3afcdac7eaada27b9e4d05e2f267fa5,07b257405f757223,,1943d0c4a9e20a14,P,16,16,8da29d3843,2,synthetic:texture-v0,ok,clean|clip_texture_slow_v0|clean|rep2|seed20240909,9.6843
clean,,nan,clip_texture_slow_v0,6c9b2d5b899e1a2277be0bb45ebbafa7e3afcdac7eaada27b9e4d05e2f267fa5,07b257405f757223,,673e8616a20bcf35,P,16,16,8da29d3843,3,synthetic:texture-v0,ok,clean|clip_texture_slow_v0|clean|rep3|seed20240909,9.6985
clean,,nan,clip_texture_slow_v0,6c9b2d5b899e1a2277be0bb45ebbafa7e3afcdac7eaada27b9e4d05e2f267fa5,07b257405f757223,,4be4fadd01739482,P,16,16,8da29d3843,4,synthetic:texture-v0,ok,clean|clip_texture_slow_v0|clean|rep4|seed20240909,9.6834
mild,,nan,clip_texture_slow_v0,6c9b2d5b899e1a2277be0bb45ebbafa7e3afcdac7eaada27b9e4d05e2f267fa5,07b257405f757223,,c9bc150fa992be9e,P,16,16,8da29d3843,0,synthetic:texture-v0,ok,mild|clip_texture_slow_v0|mild|rep0|seed20240909,10.2222
mild,,nan,clip_texture_slow_v0,6c9b2d5b899e1a2277be0bb45ebbafa7e3afcdac7eaada27b9e4d05e2f267fa5,07b257405f757223,,446e30592f76f238,P,16,16,8da29d3843,2,synthetic:texture-v0,ok,mild|clip_texture_slow_v0|mild|rep2|seed20240909,10.1361
mild,,nan,clip_texture_slow_v0,6c9b2d5b899e1a2277be0bb45ebbafa7e3afcdac7eaada27b9e4d05e2f267fa5,07b257405f757223,,a6f365f69abb6903,P,16,16,8da29d3843,1,synthetic:texture-v0,ok,mild|clip_texture_slow_v0|mild|rep1|seed20240909,10.2057
mild,,nan,clip_texture_slow_v0,6c9b2d5b899e1a2277be0bb45ebbafa7e3afcdac7eaada27b9e4d05e2f267fa5,07b257405f757223,,4693c931b31534a5,P,16,16,8da29d3843,3,synthetic:texture-v0,ok,mild|clip_texture_slow_v0|mild|rep3|seed20240909,10.1615
mild,,nan,clip_texture_slow_v0,6c9b2d5b899e1a2277be0bb45ebbafa7e3afcdac7eaada27b9e4d05e2f267fa5,07b257405f757223,,5ef69317adf70c6d,P,16,16,8da29d3843,4,synthetic:texture-v0,ok,mild|clip_texture_slow_v0|mild|rep4|seed20240909,10.1258
clean,,nan,clip_texture_fast_v2,9932400a3b61cdf369089c3316d5ed538a3d6df1a02b5ae36a017fd64b0b887e,07b257405f757223,,c0031269fc7798e4,B0a,16,16,fb2e41a2d7,0,synthetic:texture-v2,ok,clean|clip_texture_fast_v2|clean|rep0|seed20240909,0.554
clean,,nan,clip_texture_fast_v2,9932400a3b61cdf369089c3316d5ed538a3d6df1a02b5ae36a017fd64b0b887e,07b257405f757223,,625eb2fc9992bf83,B0a,16,16,fb2e41a2d7,1,synthetic:texture-v2,ok,clean|clip_texture_fast_v2|clean|rep1|seed20240909,0.5711
clean,,nan,clip_texture_fast_v2,9932400a3b61cdf369089c3316d5ed538a3d6df1a02b5ae36a017fd64b0b887e,07b257405f757223,,3461c310502f7ed9,B0a,16,16,fb2e41a2d7,2,synthetic:texture-v2,ok,clean|clip_texture_fast_v2|clean|rep2|seed20240909,0.5822
clean,,nan,clip_texture_fast_v2,9932400a3b61cdf369089c3316d5ed538a3d6df1a02b5ae36a017fd64b0b887e,07b257405f757223,,9b4619d129e8bf99,B0a,16,16,fb2e41a2d7,3,synthetic:texture-v2,ok,clean|clip_texture_fast_v2|clean|rep3|seed20240909,0.5802
clean,,nan,clip_texture_fast_v2,9932400a3b61cdf369089c3316d5ed538a3d6df1a02b5ae36a017fd64b0b887e,07b257405f757223,,4c28f1bc61604632,B0a,16,16,fb2e41a2d7,4,synthetic:texture-v2,ok,clean|clip_texture_fast_v2|clean|rep4|seed20240909,0.579
harsh,,nan,clip_texture_slow_v0,6c9b2d5b899e1a2277be0bb45ebbafa7e3afcdac7eaada27b9e4d05e2f267fa5,07b257405f757223,,cc6bd7721a4eedf9,P,16,16,8da29d3843,0,synthetic:texture-v0,ok,harsh|clip_texture_slow_v0|harsh|rep0|seed20240909,6.0901
mild,,nan,clip_texture_fast_v2,9932400a3b61cdf369089c3316d5ed538a3d6df1a02b5ae36a017fd64b0b887e,07b257405f757223,,78a9ef4d65bcc8f4,B0a,16,16,fb2e41a2d7,0,synthetic:texture-v2,ok,mild|clip_texture_fast_v2|mild|rep0|seed20240909,0.7454
harsh,,nan,clip_texture_slow_v0,6c9b2d5b899e1a2277be0bb45ebbafa7e3afcdac7eaada27b9e4d05e2f267fa5,07b257405f757223,,32be965669ff5e6d,P,16,16,8da29d3843,2,synthetic:texture-v0,ok,harsh|clip_texture_slow_v0|harsh|rep2|seed20240909,5.828
harsh,,nan,clip_texture_slow_v0,6c9b2d5b899e1a2277be0bb45ebbafa7e3afcdac7eaada27b9e4d05e2f267fa5,07b257405f757223,,a0d70a068d747c4f,P,16,16,8da29d3843,1,synthetic:texture-v0,ok,harsh|clip_texture_slow_v0|harsh|rep1|seed20240909,6.0862
harsh,,nan,clip_texture_slow_v0,6c9b2d5b899e1a2277be0bb45ebbafa7e3afcdac7eaada27b9e4d05e2f267fa5,07b257405f757223,,904a7b9914f4f6ff,P,16,16,8da29d3843,3,synthetic:texture-v0,ok,harsh|clip_texture_slow_v0|harsh|rep3|seed20240909,6.0603
mild,,nan,clip_texture_fast_v2,9932400a3b61cdf369089c3316d5ed538a3d6df1a02b5ae36a017fd64b0b887e,07b257405f757223,,4fd4aa00df5cac5b,B0a,16,16,fb2e41a2d7,1,synthetic:texture-v2,ok,mild|clip_texture_fast_v2|mild|rep1|seed20240909,0.7762
harsh,,nan,clip_texture_slow_v0,6c9b2d5b899e1a2277be0bb45ebbafa7e3afcdac7eaada27b9e4d05e2f267fa5,07b257405f757223,,fe8edde16cf398d4,P,16,16,8da29d3843,4,synthetic:texture-v0,ok,harsh|clip_texture_slow_v0|harsh|rep4|seed20240909,5.9805
mild,,nan,clip_texture_fast_v2,9932400a3b61cdf369089c3316d5ed538a3d6df1a02b5ae36a017fd64b0b887e,07b257405f757223,,b566a1abc92451cf,B0a,16,16,fb2e41a2d7,2,synthetic:texture-v2,ok,mild|clip_texture_fast_v2|mild|rep2|seed20240909,0.7426
mild,,nan,clip_texture_fast_v2,9932400a3b61cdf369089c3316d5ed538a3d6df1a02b5ae36a017fd64b0b887e,07b257405f757223,,005a3cc9239ff218,B0a,16,16,fb2e41a2d7,3,synthetic:texture-v2,ok,mild|clip_texture_fast_v2|mild|rep3|seed20240909,0.7323
mild,,nan,clip_texture_fast_v2,9932400a3b61cdf369089c3316d5ed538a3d6df1a02b5ae36a017fd64b0b887e,07b257405f757223,,13b8da9bd0318611,B0a,16,16,fb2e41a2d7,4,synthetic:texture-v2,ok,mild|clip_texture_fast_v2|mild|rep4|seed20240909,0.755
moderate,,nan,clip_texture_fast_v2,9932400a3b61cdf369089c3316d5ed538a3d6df1a02b5ae36a017fd64b0b887e,07b257405f757223,,ebafd029e94e53dd,B0a,16,16,fb2e41a2d7,0,synthetic:texture-v2,ok,moderate|clip_texture_fast_v2|moderate|rep0|seed20240909,0.7864
moderate,,nan,clip_texture_fast_v2,9932400a3b61cdf369089c3316d5ed538a3d6df1a02b5ae36a017fd64b0b887e,07b257405f757223,,ab716d428a891cbc,B0a,16,16,fb2e41a2d7,1,synthetic:texture-v2,ok,moderate|clip_texture_fast_v2|moderate|rep1|seed20240909,0.8085
moderate,,nan,clip_texture_fast_v2,9932400a3b61cdf369089c3316d5ed538a3d6df1a02b5ae36a017fd64b0b887e,07b257405f757223,,ac36d5733ef0d7c0,B0a,16,16,fb2e41a2d7,2,synthetic:texture-v2,ok,moderate|clip_texture_fast_v2|moderate|rep2|seed20240909,0.792
moderate,,nan,clip_texture_fast_v2,9932400a3b61cdf369089c3316d5ed538a3d6df1a02b5ae36a017fd64b0b887e,07b257405f757223,,b7e375712d9de6fd,B0a,16,16,fb2e41a2d7,3,synthetic:texture-v2,ok,moderate|clip_texture_fast_v2|moderate|rep3|seed20240909,0.7926
moderate,,nan,clip_texture_fast_v2,9932400a3b61cdf369089c3316d5ed538a3d6df1a02b5ae36a017fd64b0b887e,07b257405f757223,,dc64f0025fbd6632,B0a,16,16,fb2e41a2d7,4,synthetic:texture-v2,ok,moderate|clip_texture_fast_v2|moderate|rep4|seed20240909,0.7692
bursty,,nan,clip_texture_fast_v2,9932400a3b61cdf369089c3316d5ed538a3d6df1a02b5ae36a017fd64b0b887e,07b257405f757223,,61d25c998cdf73f2,B0a,16,16,fb2e41a2d7,0,synthetic:texture-v2,ok,bursty|clip_texture_fast_v2|bursty|rep0|seed20240909,0.7289
bursty,,nan,clip_texture_fast_v2,9932400a3b61cdf369089c3316d5ed538a3d6df1a02b5ae36a017fd64b0b887e,07b257405f757223,,e30bc680d9e02c8b,B0a,16,16,fb2e41a2d7,1,synthetic:texture-v2,ok,bursty|clip_texture_fast_v2|bursty|rep1|seed20240909,0.738
bursty,,nan,clip_texture_fast_v2,9932400a3b61cdf369089c3316d5ed538a3d6df1a02b5ae36a017fd64b0b887e,07b257405f757223,,9625cb0da03f982b,B0a,16,16,fb2e41a2d7,2,synthetic:texture-v2,ok,bursty|clip_texture_fast_v2|bursty|rep2|seed20240909,0.7707
bursty,,nan,clip_texture_fast_v2,9932400a3b61cdf369089c3316d5ed538a3d6df1a02b5ae36a017fd64b0b887e,07b257405f757223,,85e758b76ca00fd3,B0a,16,16,fb2e41a2d7,3,synthetic:texture-v2,ok,bursty|clip_texture_fast_v2|bursty|rep3|seed20240909,0.791
bursty,,nan,clip_texture_fast_v2,9932400a3b61cdf369089c3316d5ed538a3d6df1a02b5ae36a017fd64b0b887e,07b257405f757223,,81e6ea7e365d568e,B0a,16,16,fb2e41a2d7,4,synthetic:texture-v2,ok,bursty|clip_texture_fast_v2|bursty|rep4|seed20240909,0.767
harsh,,nan,clip_texture_fast_v2,9932400a3b61cdf369089c3316d5ed538a3d6df1a02b5ae36a017fd64b0b887e,07b257405f757223,,f56fb60717ee9356,B0a,16,16,fb2e41a2d7,0,synthetic:texture-v2,ok,harsh|clip_texture_fast_v2|harsh|rep0|seed20240909,0.803
harsh,,nan,clip_texture_fast_v2,9932400a3b61cdf369089c3316d5ed538a3d6df1a02b5ae36a017fd64b0b887e,07b257405f757223,,fdcbb4814d42f81d,B0a,16,16,fb2e41a2d7,1,synthetic:texture-v2,ok,harsh|clip_texture_fast_v2|harsh|rep1|seed20240909,0.8409
harsh,,nan,clip_texture_fast_v2,9932400a3b61cdf369089c3316d5ed538a3d6df1a02b5ae36a017fd64b0b887e,07b257405f757223,,df3ec2c0bf312fbd,B0a,16,16,fb2e41a2d7,2,synthetic:texture-v2,ok,harsh|clip_texture_fast_v2|harsh|rep2|seed20240909,0.8274
harsh,,nan,clip_texture_fast_v2,9932400a3b61cdf369089c3316d5ed538a3d6df1a02b5ae36a017fd64b0b887e,07b257405f757223,,da8f05ed6a355e3f,B0a,16,16,fb2e41a2d7,3,synthetic:texture-v2,ok,harsh|clip_texture_fast_v2|harsh|rep3|seed20240909,0.8238
harsh,,nan,clip_texture_fast_v2,9932400a3b61cdf369089c3316d5ed538a3d6df1a02b5ae36a017fd64b0b887e,07b257405f757223,,f48bae5722d7a779,B0a,16,16,fb2e41a2d7,4,synthetic:texture-v2,ok,harsh|clip_texture_fast_v2|harsh|rep4|seed20240909,0.7867
clean,,nan,clip_texture_fast_v2,9932400a3b61cdf369089c3316d5ed538a3d6df1a02b5ae36a017fd64b0b887e,07b257405f757223,,15da3ddc52aeb43c,B0a-R,16,16,fb2e41a2d7,0,synthetic:texture-v2,ok,clean|clip_texture_fast_v2|clean|rep0|seed20240909,1.5388
clean,,nan,clip_texture_fast_v2,9932400a3b61cdf369089c3316d5ed538a3d6df1a02b5ae36a017fd64b0b887e,07b257405f757223,,50a4c706672d9699,B0a-R,16,16,fb2e41a2d7,1,synthetic:texture-v2,ok,clean|clip_texture_fast_v2|clean|rep1|seed20240909,1.5645
clean,,nan,clip_texture_fast_v2,9932400a3b61cdf369089c3316d5ed538a3d6df1a02b5ae36a017fd64b0b887e,07b257405f757223,,94bbdef700628813,B0a-R,16,16,fb2e41a2d7,2,synthetic:texture-v2,ok,clean|clip_texture_fast_v2|clean|rep2|seed20240909,1.5644
clean,,nan,clip_texture_fast_v2,9932400a3b61cdf369089c3316d5ed538a3d6df1a02b5ae36a017fd64b0b887e,07b257405f757223,,4c90a8241a2b784a,B0a-R,16,16,fb2e41a2d7,3,synthetic:texture-v2,ok,clean|clip_texture_fast_v2|clean|rep3|seed20240909,1.5536
clean,,nan,clip_texture_fast_v2,9932400a3b61cdf369089c3316d5ed538a3d6df1a02b5ae36a017fd64b0b887e,07b257405f757223,,9286eaa977502df3,B0a-R,16,16,fb2e41a2d7,4,synthetic:texture-v2,ok,clean|clip_texture_fast_v2|clean|rep4|seed20240909,1.5474
bursty,,nan,clip_texture_slow_v0,6c9b2d5b899e1a2277be0bb45ebbafa7e3afcdac7eaada27b9e4d05e2f267fa5,07b257405f757223,,ab833fe53f76b71a,P,16,16,8da29d3843,0,synthetic:texture-v0,ok,bursty|clip_texture_slow_v0|bursty|rep0|seed20240909,16.0401
moderate,,nan,clip_texture_slow_v0,6c9b2d5b899e1a2277be0bb45ebbafa7e3afcdac7eaada27b9e4d05e2f267fa5,07b257405f757223,,124518c1cfd83ac3,P,16,16,8da29d3843,2,synthetic:texture-v0,ok,moderate|clip_texture_slow_v0|moderate|rep2|seed20240909,17.3035
moderate,,nan,clip_texture_slow_v0,6c9b2d5b899e1a2277be0bb45ebbafa7e3afcdac7eaada27b9e4d05e2f267fa5,07b257405f757223,,fa1dac46987522a6,P,16,16,8da29d3843,3,synthetic:texture-v0,ok,moderate|clip_texture_slow_v0|moderate|rep3|seed20240909,17.3075
moderate,,nan,clip_texture_slow_v0,6c9b2d5b899e1a2277be0bb45ebbafa7e3afcdac7eaada27b9e4d05e2f267fa5,07b257405f757223,,2cc1bcf69dd50276,P,16,16,8da29d3843,4,synthetic:texture-v0,ok,moderate|clip_texture_slow_v0|moderate|rep4|seed20240909,17.0165
moderate,,nan,clip_texture_slow_v0,6c9b2d5b899e1a2277be0bb45ebbafa7e3afcdac7eaada27b9e4d05e2f267fa5,07b257405f757223,,9a24e034f1eae5aa,P,16,16,8da29d3843,0,synthetic:texture-v0,ok,moderate|clip_texture_slow_v0|moderate|rep0|seed20240909,17.9983
moderate,,nan,clip_texture_slow_v0,6c9b2d5b899e1a2277be0bb45ebbafa7e3afcdac7eaada27b9e4d05e2f267fa5,07b257405f757223,,109b97223bfc15c4,P,16,16,8da29d3843,1,synthetic:texture-v0,ok,moderate|clip_texture_slow_v0|moderate|rep1|seed20240909,18.2583
mild,,nan,clip_texture_fast_v2,9932400a3b61cdf369089c3316d5ed538a3d6df1a02b5ae36a017fd64b0b887e,07b257405f757223,,cbf0eb4b37b67b4d,B0a-R,16,16,fb2e41a2d7,0,synthetic:texture-v2,ok,mild|clip_texture_fast_v2|mild|rep0|seed20240909,2.1748
mild,,nan,clip_texture_fast_v2,9932400a3b61cdf369089c3316d5ed538a3d6df1a02b5ae36a017fd64b0b887e,07b257405f757223,,d5e011054d32b92e,B0a-R,16,16,fb2e41a2d7,1,synthetic:texture-v2,ok,mild|clip_texture_fast_v2|mild|rep1|seed20240909,2.2033
mild,,nan,clip_texture_fast_v2,9932400a3b61cdf369089c3316d5ed538a3d6df1a02b5ae36a017fd64b0b887e,07b257405f757223,,6f1b70f353191815,B0a-R,16,16,fb2e41a2d7,2,synthetic:texture-v2,ok,mild|clip_texture_fast_v2|mild|rep2|seed20240909,2.1929
bursty,,nan,clip_texture_slow_v0,6c9b2d5b899e1a2277be0bb45ebbafa7e3afcdac7eaada27b9e4d05e2f267fa5,07b257405f757223,,ecb613aebc6704ce,P,16,16,8da29d3843,1,synthetic:texture-v0,ok,bursty|clip_texture_slow_v0|bursty|rep1|seed20240909,16.1291
mild,,nan,clip_texture_fast_v2,9932400a3b61cdf369089c3316d5ed538a3d6df1a02b5ae36a017fd64b0b887e,07b257405f757223,,40d84da9917dce46,B0a-R,16,16,fb2e41a2d7,3,synthetic:texture-v2,ok,mild|clip_texture_fast_v2|mild|rep3|seed20240909,2.2395
mild,,nan,clip_texture_fast_v2,9932400a3b61cdf369089c3316d5ed538a3d6df1a02b5ae36a017fd64b0b887e,07b257405f757223,,68124abb894215ad,B0a-R,16,16,fb2e41a2d7,4,synthetic:texture-v2,ok,mild|clip_texture_fast_v2|mild|rep4|seed20240909,2.2817
moderate,,nan,clip_texture_fast_v2,9932400a3b61cdf369089c3316d5ed538a3d6df1a02b5ae36a017fd64b0b887e,07b257405f757223,,53580d99600e98e4,B0a-R,16,16,fb2e41a2d7,0,synthetic:texture-v2,ok,moderate|clip_texture_fast_v2|moderate|rep0|seed20240909,2.4631
moderate,,nan,clip_texture_fast_v2,9932400a3b61cdf369089c3316d5ed538a3d6df1a02b5ae36a017fd64b0b887e,07b257405f757223,,7a221098248479c4,B0a-R,16,16,fb2e41a2d7,1,synthetic:texture-v2,ok,moderate|clip_texture_fast_v2|moderate|rep1|seed20240909,2.4474
moderate,,nan,clip_texture_fast_v2,9932400a3b61cdf369089c3316d5ed538a3d6df1a02b5ae36a017fd64b0b887e,07b257405f757223,,55a07a110806d3b2,B0a-R,16,16,fb2e41a2d7,2,synthetic:texture-v2,ok,moderate|clip_texture_fast_v2|moderate|rep2|seed20240909,2.477
bursty,,nan,clip_texture_fast_v2,9932400a3b61cdf369089c3316d5ed538a3d6df1a02b5ae36a017fd64b0b887e,07b257405f757223,,65fe97b877d08939,B0a-R,16,16,fb2e41a2d7,0,synthetic:texture-v2,ok,bursty|clip_texture_fast_v2|bursty|rep0|seed20240909,2.312
moderate,,nan,clip_texture_fast_v2,9932400a3b61cdf369089c3316d5ed538a3d6df1a02b5ae36a017fd64b0b887e,07b257405f757223,,b26b18bfb96e4815,B0a-R,16,16,fb2e41a2d7,3,synthetic:texture-v2,ok,moderate|clip_texture_fast_v2|moderate|rep3|seed20240909,2.5164
moderate,,nan,clip_texture_fast_v2,9932400a3b61cdf369089c3316d5ed538a3d6df1a02b5ae36a017fd64b0b887e,07b257405f757223,,5981bea4bd1a9afc,B0a-R,16,16,fb2e41a2d7,4,synthetic:texture-v2,ok,moderate|clip_texture_fast_v2|moderate|rep4|seed20240909,2.5398
bursty,,nan,clip_texture_fast_v2,9932400a3b61cdf369089c3316d5ed538a3d6df1a02b5ae36a017fd64b0b887e,07b257405f757223,,83e92c404b95b36a,B0a-R,16,16,fb2e41a2d7,1,synthetic:texture-v2,ok,bursty|clip_texture_fast_v2|bursty|rep1|seed20240909,2.2884
bursty,,nan,clip_texture_fast_v2,9932400a3b61cdf369089c3316d5ed538a3d6df1a02b5ae36a017fd64b0b887e,07b257405f757223,,647a8f338d874211,B0a-R,16,16,fb2e41a2d7,2,synthetic:texture-v2,ok,bursty|clip_texture_fast_v2|bursty|rep2|seed20240909,2.3812
bursty,,nan,clip_texture_fast_v2,9932400a3b61cdf369089c3316d5ed538a3d6df1a02b5ae36a017fd64b0b887e,07b257405f757223,,2bb825ac68ab162a,B0a-R,16,16,fb2e41a2d7,3,synthetic:texture-v2,ok,bursty|clip_texture_fast_v2|bursty|rep3|seed20240909,2.2298
bursty,,nan,clip_texture_fast_v2,9932400a3b61cdf369089c3316d5ed538a3d6df1a02b5ae36a017fd64b0b887e,07b257405f757223,,e1be0db47e84cc14,B0a-R,16,16,fb2e41a2d7,4,synthetic:texture-v2,ok,bursty|clip_texture_fast_v2|bursty|rep4|seed20240909,2.2423
harsh,,nan,clip_texture_fast_v2,9932400a3b61cdf369089c3316d5ed538a3d6df1a02b5ae36a017fd64b0b887e,07b257405f757223,,9165a8d4ec18a476,B0a-R,16,16,fb2e41a2d7,0,synthetic:texture-v2,ok,harsh|clip_texture_fast_v2|harsh|rep0|seed20240909,2.3816
harsh,,nan,clip_texture_fast_v2,9932400a3b61cdf369089c3316d5ed538a3d6df1a02b5ae36a017fd64b0b887e,07b257405f757223,,80e87e5afb94f8f9,B0a-R,16,16,fb2e41a2d7,1,synthetic:texture-v2,ok,harsh|clip_texture_fast_v2|harsh|rep1|seed20240909,2.3589
harsh,,nan,clip_texture_fast_v2,9932400a3b61cdf369089c3316d5ed538a3d6df1a02b5ae36a017fd64b0b887e,07b257405f757223,,ea8def4213680995,B0a-R,16,16,fb2e41a2d7,2,synthetic:texture-v2,ok,harsh|clip_texture_fast_v2|harsh|rep2|seed20240909,2.2895
harsh,,nan,clip_texture_fast_v2,9932400a3b61cdf369089c3316d5ed538a3d6df1a02b5ae36a017fd64b0b887e,07b257405f757223,,7bf719126ed4cf10,B0a-R,16,16,fb2e41a2d7,3,synthetic:texture-v2,ok,harsh|clip_texture_fast_v2|harsh|rep3|seed20240909,2.2746
harsh,,nan,clip_texture_fast_v2,9932400a3b61cdf369089c3316d5ed538a3d6df1a02b5ae36a017fd64b0b887e,07b257405f757223,,1562655ed9e702ed,B0a-R,16,16,fb2e41a2d7,4,synthetic:texture-v2,ok,harsh|clip_texture_fast_v2|harsh|rep4|seed20240909,2.2801
bursty,,nan,clip_texture_slow_v0,6c9b2d5b899e1a2277be0bb45ebbafa7e3afcdac7eaada27b9e4d05e2f267fa5,07b257405f757223,,3aee59f6b7c8d58a,P,16,16,8da29d3843,2,synthetic:texture-v0,ok,bursty|clip_texture_slow_v0|bursty|rep2|seed20240909,17.4869
bursty,,nan,clip_texture_slow_v0,6c9b2d5b899e1a2277be0bb45ebbafa7e3afcdac7eaada27b9e4d05e2f267fa5,07b257405f757223,,85a73e74b6320501,P,16,16,8da29d3843,3,synthetic:texture-v0,ok,bursty|clip_texture_slow_v0|bursty|rep3|seed20240909,17.4837
bursty,,nan,clip_texture_slow_v0,6c9b2d5b899e1a2277be0bb45ebbafa7e3afcdac7eaada27b9e4d05e2f267fa5,07b257405f757223,,99ec91ced485f101,P,16,16,8da29d3843,4,synthetic:texture-v0,ok,bursty|clip_texture_slow_v0|bursty|rep4|seed20240909,17.7698
clean,,nan,clip_texture_fast_v2,9932400a3b61cdf369089c3316d5ed538a3d6df1a02b5ae36a017fd64b0b887e,07b257405f757223,,76cbb88f1135a6ef,B0d,16,16,fb2e41a2d7,0,synthetic:texture-v2,ok,clean|clip_texture_fast_v2|clean|rep0|seed20240909,5.8215
clean,,nan,clip_texture_fast_v2,9932400a3b61cdf369089c3316d5ed538a3d6df1a02b5ae36a017fd64b0b887e,07b257405f757223,,2582ff376e92138a,B0d,16,16,fb2e41a2d7,1,synthetic:texture-v2,ok,clean|clip_texture_fast_v2|clean|rep1|seed20240909,5.832
clean,,nan,clip_texture_fast_v2,9932400a3b61cdf369089c3316d5ed538a3d6df1a02b5ae36a017fd64b0b887e,07b257405f757223,,ba5e052ac96fa4b9,B0d,16,16,fb2e41a2d7,3,synthetic:texture-v2,ok,clean|clip_texture_fast_v2|clean|rep3|seed20240909,5.8027
clean,,nan,clip_texture_fast_v2,9932400a3b61cdf369089c3316d5ed538a3d6df1a02b5ae36a017fd64b0b887e,07b257405f757223,,a6aaecc3981a14a1,B0d,16,16,fb2e41a2d7,2,synthetic:texture-v2,ok,clean|clip_texture_fast_v2|clean|rep2|seed20240909,5.857
clean,,nan,clip_texture_fast_v2,9932400a3b61cdf369089c3316d5ed538a3d6df1a02b5ae36a017fd64b0b887e,07b257405f757223,,c54cce967674fc66,B0d,16,16,fb2e41a2d7,4,synthetic:texture-v2,ok,clean|clip_texture_fast_v2|clean|rep4|seed20240909,5.8529
mild,,nan,clip_texture_fast_v2,9932400a3b61cdf369089c3316d5ed538a3d6df1a02b5ae36a017fd64b0b887e,07b257405f757223,,d05fdbb4d7e40ce0,B0d,16,16,fb2e41a2d7,0,synthetic:texture-v2,ok,mild|clip_texture_fast_v2|mild|rep0|seed20240909,6.154
mild,,nan,clip_texture_fast_v2,9932400a3b61cdf369089c3316d5ed538a3d6df1a02b5ae36a017fd64b0b887e,07b257405f757223,,a0382dce9af6fbf0,B0d,16,16,fb2e41a2d7,1,synthetic:texture-v2,ok,mild|clip_texture_fast_v2|mild|rep1|seed20240909,6.0917
mild,,nan,clip_texture_fast_v2,9932400a3b61cdf369089c3316d5ed538a3d6df1a02b5ae36a017fd64b0b887e,07b257405f757223,,b22e2f0e56f1aeaf,B0d,16,16,fb2e41a2d7,2,synthetic:texture-v2,ok,mild|clip_texture_fast_v2|mild|rep2|seed20240909,6.0469
mild,,nan,clip_texture_fast_v2,9932400a3b61cdf369089c3316d5ed538a3d6df1a02b5ae36a017fd64b0b887e,07b257405f757223,,aa40dfc1f55c1ad6,B0d,16,16,fb2e41a2d7,3,synthetic:texture-v2,ok,mild|clip_texture_fast_v2|mild|rep3|seed20240909,6.1275
mild,,nan,clip_texture_fast_v2,9932400a3b61cdf369089c3316d5ed538a3d6df1a02b5ae36a017fd64b0b887e,07b257405f757223,,6d1347ce4ae7906c,B0d,16,16,fb2e41a2d7,4,synthetic:texture-v2,ok,mild|clip_texture_fast_v2|mild|rep4|seed20240909,6.1644
clean,,nan,clip_texture_fast_v2,9932400a3b61cdf369089c3316d5ed538a3d6df1a02b5ae36a017fd64b0b887e,07b257405f757223,,2d3ab9a80a438574,B1,16,16,fb2e41a2d7,0,synthetic:texture-v2,ok,clean|clip_texture_fast_v2|clean|rep0|seed20240909,0.5812
clean,,nan,clip_texture_fast_v2,9932400a3b61cdf369089c3316d5ed538a3d6df1a02b5ae36a017fd64b0b887e,07b257405f757223,,5050ec8250eaa9da,B1,16,16,fb2e41a2d7,1,synthetic:texture-v2,ok,clean|clip_texture_fast_v2|clean|rep1|seed20240909,0.5775
clean,,nan,clip_texture_fast_v2,9932400a3b61cdf369089c3316d5ed538a3d6df1a02b5ae36a017fd64b0b887e,07b257405f757223,,2d47e2a595a430f4,B1,16,16,fb2e41a2d7,2,synthetic:texture-v2,ok,clean|clip_texture_fast_v2|clean|rep2|seed20240909,0.5783
clean,,nan,clip_texture_fast_v2,9932400a3b61cdf369089c3316d5ed538a3d6df1a02b5ae36a017fd64b0b887e,07b257405f757223,,625bfb09c82690a7,B1,16,16,fb2e41a2d7,3,synthetic:texture-v2,ok,clean|clip_texture_fast_v2|clean|rep3|seed20240909,0.5764
harsh,,nan,clip_texture_fast_v2,9932400a3b61cdf369089c3316d5ed538a3d6df1a02b5ae36a017fd64b0b887e,07b257405f757223,,ed44abcc42d63cbb,B0d,16,16,fb2e41a2d7,0,synthetic:texture-v2,ok,harsh|clip_texture_fast_v2|harsh|rep0|seed20240909,4.0537
clean,,nan,clip_texture_fast_v2,9932400a3b61cdf369089c3316d5ed538a3d6df1a02b5ae36a017fd64b0b887e,07b257405f757223,,5e372dc2fb9ae967,B1,16,16,fb2e41a2d7,4,synthetic:texture-v2,ok,clean|clip_texture_fast_v2|clean|rep4|seed20240909,0.5814
harsh,,nan,clip_texture_fast_v2,9932400a3b61cdf369089c3316d5ed538a3d6df1a02b5ae36a017fd64b0b887e,07b257405f757223,,cefd6067ac88abfe,B0d,16,16,fb2e41a2d7,1,synthetic:texture-v2,ok,harsh|clip_texture_fast_v2|harsh|rep1|seed20240909,4.0955
mild,,nan,clip_texture_fast_v2,9932400a3b61cdf369089c3316d5ed538a3d6df1a02b5ae36a017fd64b0b887e,07b257405f757223,,f4df7eb991db02e3,B1,16,16,fb2e41a2d7,0,synthetic:texture-v2,ok,mild|clip_texture_fast_v2|mild|rep0|seed20240909,0.7482
harsh,,nan,clip_texture_fast_v2,9932400a3b61cdf369089c3316d5ed538a3d6df1a02b5ae36a017fd64b0b887e,07b257405f757223,,adafd9e21fc627d7,B0d,16,16,fb2e41a2d7,2,synthetic:texture-v2,ok,harsh|clip_texture_fast_v2|harsh|rep2|seed20240909,3.9983
harsh,,nan,clip_texture_fast_v2,9932400a3b61cdf369089c3316d5ed538a3d6df1a02b5ae36a017fd64b0b887e,07b257405f757223,,f4339d69f7845e93,B0d,16,16,fb2e41a2d7,3,synthetic:texture-v2,ok,harsh|clip_texture_fast_v2|harsh|rep3|seed20240909,4.0763
mild,,nan,clip_texture_fast_v2,9932400a3b61cdf369089c3316d5ed538a3d6df1a02b5ae36a017fd64b0b887e,07b257405f757223,,2319b9b1ff854f30,B1,16,16,fb2e41a2d7,1,synthetic:texture-v2,ok,mild|clip_texture_fast_v2|mild|rep1|seed20240909,0.7601
mild,,nan,clip_texture_fast_v2,9932400a3b61cdf369089c3316d5ed538a3d6df1a02b5ae36a017fd64b0b887e,07b257405f757223,,0e65e72b6ffdcd06,B1,16,16,fb2e41a2d7,2,synthetic:texture-v2,ok,mild|clip_texture_fast_v2|mild|rep2|seed20240909,0.7595
moderate,,nan,clip_texture_fast_v2,9932400a3b61cdf369089c3316d5ed538a3d6df1a02b5ae36a017fd64b0b887e,07b257405f757223,,5636794ff8dd65e7,B0d,16,16,fb2e41a2d7,0,synthetic:texture-v2,ok,moderate|clip_texture_fast_v2|moderate|rep0|seed20240909,9.8749
moderate,,nan,clip_texture_fast_v2,9932400a3b61cdf369089c3316d5ed538a3d6df1a02b5ae36a017fd64b0b887e,07b257405f757223,,632eb326823daf12,B0d,16,16,fb2e41a2d7,1,synthetic:texture-v2,ok,moderate|clip_texture_fast_v2|moderate|rep1|seed20240909,9.6219
moderate,,nan,clip_texture_fast_v2,9932400a3b61cdf369089c3316d5ed538a3d6df1a02b5ae36a017fd64b0b887e,07b257405f757223,,1303932a81dc63bc,B0d,16,16,fb2e41a2d7,2,synthetic:texture-v2,ok,moderate|clip_texture_fast_v2|moderate|rep2|seed20240909,9.6102
harsh,,nan,clip_texture_fast_v2,9932400a3b61cdf369089c3316d5ed538a3d6df1a02b5ae36a017fd64b0b887e,07b257405f757223,,3b59b236d6cb0fb1,B0d,16,16,fb2e41a2d7,4,synthetic:texture-v2,ok,harsh|clip_texture_fast_v2|harsh|rep4|seed20240909,4.1546
mild,,nan,clip_texture_fast_v2,9932400a3b61cdf369089c3316d5ed538a3d6df1a02b5ae36a017fd64b0b887e,07b257405f757223,,dbd45465b1ac212f,B1,16,16,fb2e41a2d7,3,synthetic:texture-v2,ok,mild|clip_texture_fast_v2|mild|rep3|seed20240909,0.7848
mild,,nan,clip_texture_fast_v2,9932400a3b61cdf369089c3316d5ed538a3d6df1a02b5ae36a017fd64b0b887e,07b257405f757223,,308e3b02eededd41,B1,16,16,fb2e41a2d7,4,synthetic:texture-v2,ok,mild|clip_texture_fast_v2|mild|rep4|seed20240909,0.8119
moderate,,nan,clip_texture_fast_v2,9932400a3b61cdf369089c3316d5ed538a3d6df1a02b5ae36a017fd64b0b887e,07b257405f757223,,000f756fa0b86334,B1,16,16,fb2e41a2d7,0,synthetic:texture-v2,ok,moderate|clip_texture_fast_v2|moderate|rep0|seed20240909,0.8106
moderate,,nan,clip_texture_fast_v2,9932400a3b61cdf369089c3316d5ed538a3d6df1a02b5ae36a017fd64b0b887e,07b257405f757223,,d45821156735b1f5,B1,16,16,fb2e41a2d7,1,synthetic:texture-v2,ok,moderate|clip_texture_fast_v2|moderate|rep1|seed20240909,0.8429
moderate,,nan,clip_texture_fast_v2,9932400a3b61cdf369089c3316d5ed538a3d6df1a02b5ae36a017fd64b0b887e,07b257405f757223,,7b08be4d96d2f46b,B1,16,16,fb2e41a2d7,2,synthetic:texture-v2,ok,moderate|clip_texture_fast_v2|moderate|rep2|seed20240909,0.8474
moderate,,nan,clip_texture_fast_v2,9932400a3b61cdf369089c3316d5ed538a3d6df1a02b5ae36a017fd64b0b887e,07b257405f757223,,85dd361684484405,B1,16,16,fb2e41a2d7,3,synthetic:texture-v2,ok,moderate|clip_texture_fast_v2|moderate|rep3|seed20240909,0.855
moderate,,nan,clip_texture_fast_v2,9932400a3b61cdf369089c3316d5ed538a3d6df1a02b5ae36a017fd64b0b887e,07b257405f757223,,3e2f27369f4b4821,B1,16,16,fb2e41a2d7,4,synthetic:texture-v2,ok,moderate|clip_texture_fast_v2|moderate|rep4|seed20240909,0.8382
bursty,,nan,clip_texture_fast_v2,9932400a3b61cdf369089c3316d5ed538a3d6df1a02b5ae36a017fd64b0b887e,07b257405f757223,,8cf8009150103996,B1,16,16,fb2e41a2d7,1,synthetic:texture-v2,ok,bursty|clip_texture_fast_v2|bursty|rep1|seed20240909,0.7983
bursty,,nan,clip_texture_fast_v2,9932400a3b61cdf369089c3316d5ed538a3d6df1a02b5ae36a017fd64b0b887e,07b257405f757223,,64dde96d5db89dfb,B1,16,16,fb2e41a2d7,0,synthetic:texture-v2,ok,bursty|clip_texture_fast_v2|bursty|rep0|seed20240909,0.8255
bursty,,nan,clip_texture_fast_v2,9932400a3b61cdf369089c3316d5ed538a3d6df1a02b5ae36a017fd64b0b887e,07b257405f757223,,42ae81b5e1697b81,B1,16,16,fb2e41a2d7,2,synthetic:texture-v2,ok,bursty|clip_texture_fast_v2|bursty|rep2|seed20240909,0.8027
moderate,,nan,clip_texture_fast_v2,9932400a3b61cdf369089c3316d5ed538a3d6df1a02b5ae36a017fd64b0b887e,07b257405f757223,,66e7a25b46292311,B0d,16,16,fb2e41a2d7,3,synthetic:texture-v2,ok,moderate|clip_texture_fast_v2|moderate|rep3|seed20240909,9.8796
moderate,,nan,clip_texture_fast_v2,9932400a3b61cdf369089c3316d5ed538a3d6df1a02b5ae36a017fd64b0b887e,07b257405f757223,,f1e74afd2d0074f8,B0d,16,16,fb2e41a2d7,4,synthetic:texture-v2,ok,moderate|clip_texture_fast_v2|moderate|rep4|seed20240909,9.8736
bursty,,nan,clip_texture_fast_v2,9932400a3b61cdf369089c3316d5ed538a3d6df1a02b5ae36a017fd64b0b887e,07b257405f757223,,eb9fa8ab77ac4a6e,B1,16,16,fb2e41a2d7,3,synthetic:texture-v2,ok,bursty|clip_texture_fast_v2|bursty|rep3|seed20240909,0.8
bursty,,nan,clip_texture_fast_v2,9932400a3b61cdf369089c3316d5ed538a3d6df1a02b5ae36a017fd64b0b887e,07b257405f757223,,0bf8e02827810c18,B1,16,16,fb2e41a2d7,4,synthetic:texture-v2,ok,bursty|clip_texture_fast_v2|bursty|rep4|seed20240909,0.8017
clean,,nan,clip_texture_fast_v2,9932400a3b61cdf369089c3316d5ed538a3d6df1a02b5ae36a017fd64b0b887e,07b257405f757223,,dd813a71c95e7d98,B2,16,16,fb2e41a2d7,0,synthetic:texture-v2,ok,clean|clip_texture_fast_v2|clean|rep0|seed20240909,0.6394
harsh,,nan,clip_texture_fast_v2,9932400a3b61cdf369089c3316d5ed538a3d6df1a02b5ae36a017fd64b0b887e,07b257405f757223,,a434a20d03ee523d,B1,16,16,fb2e41a2d7,0,synthetic:texture-v2,ok,harsh|clip_texture_fast_v2|harsh|rep0|seed20240909,0.8641
clean,,nan,clip_texture_fast_v2,9932400a3b61cdf369089c3316d5ed538a3d6df1a02b5ae36a017fd64b0b887e,07b257405f757223,,174f65e1aefc51eb,B2,16,16,fb2e41a2d7,1,synthetic:texture-v2,ok,clean|clip_texture_fast_v2|clean|rep1|seed20240909,0.6551
harsh,,nan,clip_texture_fast_v2,9932400a3b61cdf369089c3316d5ed538a3d6df1a02b5ae36a017fd64b0b887e,07b257405f757223,,24d63071b7b31767,B1,16,16,fb2e41a2d7,1,synthetic:texture-v2,ok,harsh|clip_texture_fast_v2|harsh|rep1|seed20240909,0.8864
harsh,,nan,clip_texture_fast_v2,9932400a3b61cdf369089c3316d5ed538a3d6df1a02b5ae36a017fd64b0b887e,07b257405f757223,,27dfcef7cc87e842,B1,16,16,fb2e41a2d7,2,synthetic:texture-v2,ok,harsh|clip_texture_fast_v2|harsh|rep2|seed20240909,0.8598
clean,,nan,clip_texture_fast_v2,9932400a3b61cdf369089c3316d5ed538a3d6df1a02b5ae36a017fd64b0b887e,07b257405f757223,,c4835e2dccb38727,B2,16,16,fb2e41a2d7,2,synthetic:texture-v2,ok,clean|clip_texture_fast_v2|clean|rep2|seed20240909,0.6522
harsh,,nan,clip_texture_fast_v2,9932400a3b61cdf369089c3316d5ed538a3d6df1a02b5ae36a017fd64b0b887e,07b257405f757223,,b9d3e2e587340cdb,B1,16,16,fb2e41a2d7,3,synthetic:texture-v2,ok,harsh|clip_texture_fast_v2|harsh|rep3|seed20240909,0.8962
harsh,,nan,clip_texture_fast_v2,9932400a3b61cdf369089c3316d5ed538a3d6df1a02b5ae36a017fd64b0b887e,07b257405f757223,,0080676e62128ed2,B1,16,16,fb2e41a2d7,4,synthetic:texture-v2,ok,harsh|clip_texture_fast_v2|harsh|rep4|seed20240909,0.8971
clean,,nan,clip_texture_fast_v2,9932400a3b61cdf369089c3316d5ed538a3d6df1a02b5ae36a017fd64b0b887e,07b257405f757223,,93df17c03561d1dd,B2,16,16,fb2e41a2d7,3,synthetic:texture-v2,ok,clean|clip_texture_fast_v2|clean|rep3|seed20240909,0.6516
clean,,nan,clip_texture_fast_v2,9932400a3b61cdf369089c3316d5ed538a3d6df1a02b5ae36a017fd64b0b887e,07b257405f757223,,956085938920f1e5,B2,16,16,fb2e41a2d7,4,synthetic:texture-v2,ok,clean|clip_texture_fast_v2|clean|rep4|seed20240909,0.658
bursty,,nan,clip_texture_fast_v2,9932400a3b61cdf369089c3316d5ed538a3d6df1a02b5ae36a017fd64b0b887e,07b257405f757223,,4c8671e045360a88,B0d,16,16,fb2e41a2d7,0,synthetic:texture-v2,ok,bursty|clip_texture_fast_v2|bursty|rep0|seed20240909,9.9918
mild,,nan,clip_texture_fast_v2,9932400a3b61cdf369089c3316d5ed538a3d6df1a02b5ae36a017fd64b0b887e,07b257405f757223,,c77bca66af820571,B2,16,16,fb2e41a2d7,0,synthetic:texture-v2,ok,mild|clip_texture_fast_v2|mild|rep0|seed20240909,0.8446
mild,,nan,clip_texture_fast_v2,9932400a3b61cdf369089c3316d5ed538a3d6df1a02b5ae36a017fd64b0b887e,07b257405f757223,,7f0d2805a4f3d316,B2,16,16,fb2e41a2d7,1,synthetic:texture-v2,ok,mild|clip_texture_fast_v2|mild|rep1|seed20240909,0.8241
mild,,nan,clip_texture_fast_v2,9932400a3b61cdf369089c3316d5ed538a3d6df1a02b5ae36a017fd64b0b887e,07b257405f757223,,7176728e61f78b07,B2,16,16,fb2e41a2d7,2,synthetic:texture-v2,ok,mild|clip_texture_fast_v2|mild|rep2|seed20240909,0.8798
mild,,nan,clip_texture_fast_v2,9932400a3b61cdf369089c3316d5ed538a3d6df1a02b5ae36a017fd64b0b887e,07b257405f757223,,261ad808cd69d948,B2,16,16,fb2e41a2d7,3,synthetic:texture-v2,ok,mild|clip_texture_fast_v2|mild|rep3|seed20240909,0.8473
mild,,nan,clip_texture_fast_v2,9932400a3b61cdf369089c3316d5ed538a3d6df1a02b5ae36a017fd64b0b887e,07b257405f757223,,3e07c9d634b6838d,B2,16,16,fb2e41a2d7,4,synthetic:texture-v2,ok,mild|clip_texture_fast_v2|mild|rep4|seed20240909,0.888
moderate,,nan,clip_texture_fast_v2,9932400a3b61cdf369089c3316d5ed538a3d6df1a02b5ae36a017fd64b0b887e,07b257405f757223,,919fa33b8a2ff288,B2,16,16,fb2e41a2d7,0,synthetic:texture-v2,ok,moderate|clip_texture_fast_v2|moderate|rep0|seed20240909,0.8956
moderate,,nan,clip_texture_fast_v2,9932400a3b61cdf369089c3316d5ed538a3d6df1a02b5ae36a017fd64b0b887e,07b257405f757223,,42fca54dfe44ac6d,B2,16,16,fb2e41a2d7,1,synthetic:texture-v2,ok,moderate|clip_texture_fast_v2|moderate|rep1|seed20240909,0.9272
moderate,,nan,clip_texture_fast_v2,9932400a3b61cdf369089c3316d5ed538a3d6df1a02b5ae36a017fd64b0b887e,07b257405f757223,,9dc4dbf2973593d0,B2,16,16,fb2e41a2d7,2,synthetic:texture-v2,ok,moderate|clip_texture_fast_v2|moderate|rep2|seed20240909,0.9162
moderate,,nan,clip_texture_fast_v2,9932400a3b61cdf369089c3316d5ed538a3d6df1a02b5ae36a017fd64b0b887e,07b257405f757223,,b6d18a161e891db4,B2,16,16,fb2e41a2d7,3,synthetic:texture-v2,ok,moderate|clip_texture_fast_v2|moderate|rep3|seed20240909,0.914
bursty,,nan,clip_texture_fast_v2,9932400a3b61cdf369089c3316d5ed538a3d6df1a02b5ae36a017fd64b0b887e,07b257405f757223,,8208aa8e7ff8f2ec,B2,16,16,fb2e41a2d7,0,synthetic:texture-v2,ok,bursty|clip_texture_fast_v2|bursty|rep0|seed20240909,0.8464
moderate,,nan,clip_texture_fast_v2,9932400a3b61cdf369089c3316d5ed538a3d6df1a02b5ae36a017fd64b0b887e,07b257405f757223,,111e0f8df1a4ebf9,B2,16,16,fb2e41a2d7,4,synthetic:texture-v2,ok,moderate|clip_texture_fast_v2|moderate|rep4|seed20240909,0.9255
bursty,,nan,clip_texture_fast_v2,9932400a3b61cdf369089c3316d5ed538a3d6df1a02b5ae36a017fd64b0b887e,07b257405f757223,,c6dc13e1aeb4d835,B2,16,16,fb2e41a2d7,1,synthetic:texture-v2,ok,bursty|clip_texture_fast_v2|bursty|rep1|seed20240909,0.8389
bursty,,nan,clip_texture_fast_v2,9932400a3b61cdf369089c3316d5ed538a3d6df1a02b5ae36a017fd64b0b887e,07b257405f757223,,4ad513fc87b46302,B2,16,16,fb2e41a2d7,2,synthetic:texture-v2,ok,bursty|clip_texture_fast_v2|bursty|rep2|seed20240909,0.8254
bursty,,nan,clip_texture_fast_v2,9932400a3b61cdf369089c3316d5ed538a3d6df1a02b5ae36a017fd64b0b887e,07b257405f757223,,811486285225a253,B2,16,16,fb2e41a2d7,3,synthetic:texture-v2,ok,bursty|clip_texture_fast_v2|bursty|rep3|seed20240909,0.8097
bursty,,nan,clip_texture_fast_v2,9932400a3b61cdf369089c3316d5ed538a3d6df1a02b5ae36a017fd64b0b887e,07b257405f757223,,c93609847a83247d,B2,16,16,fb2e41a2d7,4,synthetic:texture-v2,ok,bursty|clip_texture_fast_v2|bursty|rep4|seed20240909,0.8386
harsh,,nan,clip_texture_fast_v2,9932400a3b61cdf369089c3316d5ed538a3d6df1a02b5ae36a017fd64b0b887e,07b257405f757223,,2f5f2516771089e4,B2,16,16,fb2e41a2d7,0,synthetic:texture-v2,ok,harsh|clip_texture_fast_v2|harsh|rep0|seed20240909,0.837
bursty,,nan,clip_texture_fast_v2,9932400a3b61cdf369089c3316d5ed538a3d6df1a02b5ae36a017fd64b0b887e,07b257405f757223,,fc072c5903da103d,B0d,16,16,fb2e41a2d7,1,synthetic:texture-v2,ok,bursty|clip_texture_fast_v2|bursty|rep1|seed20240909,9.2182
harsh,,nan,clip_texture_fast_v2,9932400a3b61cdf369089c3316d5ed538a3d6df1a02b5ae36a017fd64b0b887e,07b257405f757223,,b52a5263897e79ca,B2,16,16,fb2e41a2d7,1,synthetic:texture-v2,ok,harsh|clip_texture_fast_v2|harsh|rep1|seed20240909,0.8753
harsh,,nan,clip_texture_fast_v2,9932400a3b61cdf369089c3316d5ed538a3d6df1a02b5ae36a017fd64b0b887e,07b257405f757223,,fe7f85ea0517048c,B2,16,16,fb2e41a2d7,2,synthetic:texture-v2,ok,harsh|clip_texture_fast_v2|harsh|rep2|seed20240909,0.8679
harsh,,nan,clip_texture_fast_v2,9932400a3b61cdf369089c3316d5ed538a3d6df1a02b5ae36a017fd64b0b887e,07b257405f757223,,e06ec39012adb412,B2,16,16,fb2e41a2d7,3,synthetic:texture-v2,ok,harsh|clip_texture_fast_v2|harsh|rep3|seed20240909,0.8619
harsh,,nan,clip_texture_fast_v2,9932400a3b61cdf369089c3316d5ed538a3d6df1a02b5ae36a017fd64b0b887e,07b257405f757223,,281cc39883f83f81,B2,16,16,fb2e41a2d7,4,synthetic:texture-v2,ok,harsh|clip_texture_fast_v2|harsh|rep4|seed20240909,0.8498
bursty,,nan,clip_texture_fast_v2,9932400a3b61cdf369089c3316d5ed538a3d6df1a02b5ae36a017fd64b0b887e,07b257405f757223,,e6dd119ebdb612a6,B0d,16,16,fb2e41a2d7,2,synthetic:texture-v2,ok,bursty|clip_texture_fast_v2|bursty|rep2|seed20240909,9.7314
bursty,,nan,clip_texture_fast_v2,9932400a3b61cdf369089c3316d5ed538a3d6df1a02b5ae36a017fd64b0b887e,07b257405f757223,,d501a1423c8e41b8,B0d,16,16,fb2e41a2d7,3,synthetic:texture-v2,ok,bursty|clip_texture_fast_v2|bursty|rep3|seed20240909,9.6669
bursty,,nan,clip_texture_fast_v2,9932400a3b61cdf369089c3316d5ed538a3d6df1a02b5ae36a017fd64b0b887e,07b257405f757223,,a6caeb31dd947b82,B0d,16,16,fb2e41a2d7,4,synthetic:texture-v2,ok,bursty|clip_texture_fast_v2|bursty|rep4|seed20240909,10.1531
clean,,nan,clip_texture_fast_v2,9932400a3b61cdf369089c3316d5ed538a3d6df1a02b5ae36a017fd64b0b887e,07b257405f757223,,93c643f0e41c283f,B3,16,16,fb2e41a2d7,0,synthetic:texture-v2,ok,clean|clip_texture_fast_v2|clean|rep0|seed20240909,7.0537
clean,,nan,clip_texture_fast_v2,9932400a3b61cdf369089c3316d5ed538a3d6df1a02b5ae36a017fd64b0b887e,07b257405f757223,,c5d367cf65ac3db0,B3,16,16,fb2e41a2d7,2,synthetic:texture-v2,ok,clean|clip_texture_fast_v2|clean|rep2|seed20240909,6.9829
clean,,nan,clip_texture_fast_v2,9932400a3b61cdf369089c3316d5ed538a3d6df1a02b5ae36a017fd64b0b887e,07b257405f757223,,77f7bb704ad94e33,B3,16,16,fb2e41a2d7,1,synthetic:texture-v2,ok,clean|clip_texture_fast_v2|clean|rep1|seed20240909,7.0553
clean,,nan,clip_texture_fast_v2,9932400a3b61cdf369089c3316d5ed538a3d6df1a02b5ae36a017fd64b0b887e,07b257405f757223,,bd48cdb5e885d79d,B3,16,16,fb2e41a2d7,3,synthetic:texture-v2,ok,clean|clip_texture_fast_v2|clean|rep3|seed20240909,6.9889
clean,,nan,clip_texture_fast_v2,9932400a3b61cdf369089c3316d5ed538a3d6df1a02b5ae36a017fd64b0b887e,07b257405f757223,,70a607ffe1a40d4b,B3,16,16,fb2e41a2d7,4,synthetic:texture-v2,ok,clean|clip_texture_fast_v2|clean|rep4|seed20240909,7.0802
mild,,nan,clip_texture_fast_v2,9932400a3b61cdf369089c3316d5ed538a3d6df1a02b5ae36a017fd64b0b887e,07b257405f757223,,8063f13ee37f5801,B3,16,16,fb2e41a2d7,0,synthetic:texture-v2,ok,mild|clip_texture_fast_v2|mild|rep0|seed20240909,7.4129
mild,,nan,clip_texture_fast_v2,9932400a3b61cdf369089c3316d5ed538a3d6df1a02b5ae36a017fd64b0b887e,07b257405f757223,,495a9091dd952c26,B3,16,16,fb2e41a2d7,1,synthetic:texture-v2,ok,mild|clip_texture_fast_v2|mild|rep1|seed20240909,7.342
mild,,nan,clip_texture_fast_v2,9932400a3b61cdf369089c3316d5ed538a3d6df1a02b5ae36a017fd64b0b887e,07b257405f757223,,b99827b538d7ca6d,B3,16,16,fb2e41a2d7,3,synthetic:texture-v2,ok,mild|clip_texture_fast_v2|mild|rep3|seed20240909,7.2873
mild,,nan,clip_texture_fast_v2,9932400a3b61cdf369089c3316d5ed538a3d6df1a02b5ae36a017fd64b0b887e,07b257405f757223,,6005859d1f19218f,B3,16,16,fb2e41a2d7,2,synthetic:texture-v2,ok,mild|clip_texture_fast_v2|mild|rep2|seed20240909,7.3685
mild,,nan,clip_texture_fast_v2,9932400a3b61cdf369089c3316d5ed538a3d6df1a02b5ae36a017fd64b0b887e,07b257405f757223,,94a9b93d37847066,B3,16,16,fb2e41a2d7,4,synthetic:texture-v2,ok,mild|clip_texture_fast_v2|mild|rep4|seed20240909,7.364
moderate,,nan,clip_texture_fast_v2,9932400a3b61cdf369089c3316d5ed538a3d6df1a02b5ae36a017fd64b0b887e,07b257405f757223,,bdaf78e2f8d5e0a5,B3,16,16,fb2e41a2d7,1,synthetic:texture-v2,ok,moderate|clip_texture_fast_v2|moderate|rep1|seed20240909,9.4504
moderate,,nan,clip_texture_fast_v2,9932400a3b61cdf369089c3316d5ed538a3d6df1a02b5ae36a017fd64b0b887e,07b257405f757223,,1d0f3b85316f1a9e,B3,16,16,fb2e41a2d7,2,synthetic:texture-v2,ok,moderate|clip_texture_fast_v2|moderate|rep2|seed20240909,9.7777
moderate,,nan,clip_texture_fast_v2,9932400a3b61cdf369089c3316d5ed538a3d6df1a02b5ae36a017fd64b0b887e,07b257405f757223,,63cfb1d222f1cd28,B3,16,16,fb2e41a2d7,0,synthetic:texture-v2,ok,moderate|clip_texture_fast_v2|moderate|rep0|seed20240909,10.0401
moderate,,nan,clip_texture_fast_v2,9932400a3b61cdf369089c3316d5ed538a3d6df1a02b5ae36a017fd64b0b887e,07b257405f757223,,f88650e189b6094a,B3,16,16,fb2e41a2d7,4,synthetic:texture-v2,ok,moderate|clip_texture_fast_v2|moderate|rep4|seed20240909,9.9622
moderate,,nan,clip_texture_fast_v2,9932400a3b61cdf369089c3316d5ed538a3d6df1a02b5ae36a017fd64b0b887e,07b257405f757223,,ecaf310b4a59f4a7,B3,16,16,fb2e41a2d7,3,synthetic:texture-v2,ok,moderate|clip_texture_fast_v2|moderate|rep3|seed20240909,10.0643
bursty,,nan,clip_texture_fast_v2,9932400a3b61cdf369089c3316d5ed538a3d6df1a02b5ae36a017fd64b0b887e,07b257405f757223,,91a55d954b643892,B3,16,16,fb2e41a2d7,0,synthetic:texture-v2,ok,bursty|clip_texture_fast_v2|bursty|rep0|seed20240909,10.6923
harsh,,nan,clip_texture_fast_v2,9932400a3b61cdf369089c3316d5ed538a3d6df1a02b5ae36a017fd64b0b887e,07b257405f757223,,a3ee4395fc522524,B3,16,16,fb2e41a2d7,0,synthetic:texture-v2,ok,harsh|clip_texture_fast_v2|harsh|rep0|seed20240909,5.2875
harsh,,nan,clip_texture_fast_v2,9932400a3b61cdf369089c3316d5ed538a3d6df1a02b5ae36a017fd64b0b887e,07b257405f757223,,5e11e88e32f83fe5,B3,16,16,fb2e41a2d7,2,synthetic:texture-v2,ok,harsh|clip_texture_fast_v2|harsh|rep2|seed20240909,5.1707
harsh,,nan,clip_texture_fast_v2,9932400a3b61cdf369089c3316d5ed538a3d6df1a02b5ae36a017fd64b0b887e,07b257405f757223,,2a5f87f0787e9fa4,B3,16,16,fb2e41a2d7,1,synthetic:texture-v2,ok,harsh|clip_texture_fast_v2|harsh|rep1|seed20240909,5.3106
harsh,,nan,clip_texture_fast_v2,9932400a3b61cdf369089c3316d5ed538a3d6df1a02b5ae36a017fd64b0b887e,07b257405f757223,,f4d8096eb9d8b64e,B3,16,16,fb2e41a2d7,4,synthetic:texture-v2,ok,harsh|clip_texture_fast_v2|harsh|rep4|seed20240909,5.2334
harsh,,nan,clip_texture_fast_v2,9932400a3b61cdf369089c3316d5ed538a3d6df1a02b5ae36a017fd64b0b887e,07b257405f757223,,9a13d86ce15e71ef,B3,16,16,fb2e41a2d7,3,synthetic:texture-v2,ok,harsh|clip_texture_fast_v2|harsh|rep3|seed20240909,5.2889
clean,,nan,clip_texture_fast_v2,9932400a3b61cdf369089c3316d5ed538a3d6df1a02b5ae36a017fd64b0b887e,07b257405f757223,,5c577cc16bce9b83,B4,16,16,fb2e41a2d7,0,synthetic:texture-v2,ok,clean|clip_texture_fast_v2|clean|rep0|seed20240909,5.8548
clean,,nan,clip_texture_fast_v2,9932400a3b61cdf369089c3316d5ed538a3d6df1a02b5ae36a017fd64b0b887e,07b257405f757223,,c44895d49ac7058d,B4,16,16,fb2e41a2d7,1,synthetic:texture-v2,ok,clean|clip_texture_fast_v2|clean|rep1|seed20240909,5.8483
clean,,nan,clip_texture_fast_v2,9932400a3b61cdf369089c3316d5ed538a3d6df1a02b5ae36a017fd64b0b887e,07b257405f757223,,17718d0b406f2169,B4,16,16,fb2e41a2d7,2,synthetic:texture-v2,ok,clean|clip_texture_fast_v2|clean|rep2|seed20240909,5.8472
clean,,nan,clip_texture_fast_v2,9932400a3b61cdf369089c3316d5ed538a3d6df1a02b5ae36a017fd64b0b887e,07b257405f757223,,34242f303a8178b6,B4,16,16,fb2e41a2d7,3,synthetic:texture-v2,ok,clean|clip_texture_fast_v2|clean|rep3|seed20240909,5.8429
bursty,,nan,clip_texture_fast_v2,9932400a3b61cdf369089c3316d5ed538a3d6df1a02b5ae36a017fd64b0b887e,07b257405f757223,,7d735991610c8594,B3,16,16,fb2e41a2d7,1,synthetic:texture-v2,ok,bursty|clip_texture_fast_v2|bursty|rep1|seed20240909,9.7931
bursty,,nan,clip_texture_fast_v2,9932400a3b61cdf369089c3316d5ed538a3d6df1a02b5ae36a017fd64b0b887e,07b257405f757223,,a78a6580f7221af2,B3,16,16,fb2e41a2d7,2,synthetic:texture-v2,ok,bursty|clip_texture_fast_v2|bursty|rep2|seed20240909,9.9275
clean,,nan,clip_texture_fast_v2,9932400a3b61cdf369089c3316d5ed538a3d6df1a02b5ae36a017fd64b0b887e,07b257405f757223,,a5a6508f87a64f64,B4,16,16,fb2e41a2d7,4,synthetic:texture-v2,ok,clean|clip_texture_fast_v2|clean|rep4|seed20240909,5.791
bursty,,nan,clip_texture_fast_v2,9932400a3b61cdf369089c3316d5ed538a3d6df1a02b5ae36a017fd64b0b887e,07b257405f757223,,835c11c4da1eaa43,B3,16,16,fb2e41a2d7,3,synthetic:texture-v2,ok,bursty|clip_texture_fast_v2|bursty|rep3|seed20240909,10.1414
mild,,nan,clip_texture_fast_v2,9932400a3b61cdf369089c3316d5ed538a3d6df1a02b5ae36a017fd64b0b887e,07b257405f757223,,70b502e268ab7650,B4,16,16,fb2e41a2d7,0,synthetic:texture-v2,ok,mild|clip_texture_fast_v2|mild|rep0|seed20240909,6.15
bursty,,nan,clip_texture_fast_v2,9932400a3b61cdf369089c3316d5ed538a3d6df1a02b5ae36a017fd64b0b887e,07b257405f757223,,2a07ca1676b2ad86,B3,16,16,fb2e41a2d7,4,synthetic:texture-v2,ok,bursty|clip_texture_fast_v2|bursty|rep4|seed20240909,10.3697
mild,,nan,clip_texture_fast_v2,9932400a3b61cdf369089c3316d5ed538a3d6df1a02b5ae36a017fd64b0b887e,07b257405f757223,,fbca87673319f11c,B4,16,16,fb2e41a2d7,1,synthetic:texture-v2,ok,mild|clip_texture_fast_v2|mild|rep1|seed20240909,6.1011
mild,,nan,clip_texture_fast_v2,9932400a3b61cdf369089c3316d5ed538a3d6df1a02b5ae36a017fd64b0b887e,07b257405f757223,,8bff9d09928104ea,B4,16,16,fb2e41a2d7,2,synthetic:texture-v2,ok,mild|clip_texture_fast_v2|mild|rep2|seed20240909,6.1317
mild,,nan,clip_texture_fast_v2,9932400a3b61cdf369089c3316d5ed538a3d6df1a02b5ae36a017fd64b0b887e,07b257405f757223,,0a7cbd0c09d5f9c1,B4,16,16,fb2e41a2d7,3,synthetic:texture-v2,ok,mild|clip_texture_fast_v2|mild|rep3|seed20240909,6.1243
mild,,nan,clip_texture_fast_v2,9932400a3b61cdf369089c3316d5ed538a3d6df1a02b5ae36a017fd64b0b887e,07b257405f757223,,d4f248b99bc98155,B4,16,16,fb2e41a2d7,4,synthetic:texture-v2,ok,mild|clip_texture_fast_v2|mild|rep4|seed20240909,6.1326
harsh,,nan,clip_texture_fast_v2,9932400a3b61cdf369089c3316d5ed538a3d6df1a02b5ae36a017fd64b0b887e,07b257405f757223,,c8410968c53f72f1,B4,16,16,fb2e41a2d7,0,synthetic:texture-v2,ok,harsh|clip_texture_fast_v2|harsh|rep0|seed20240909,3.9674
harsh,,nan,clip_texture_fast_v2,9932400a3b61cdf369089c3316d5ed538a3d6df1a02b5ae36a017fd64b0b887e,07b257405f757223,,23538191a6118f3a,B4,16,16,fb2e41a2d7,1,synthetic:texture-v2,ok,harsh|clip_texture_fast_v2|harsh|rep1|seed20240909,3.967
harsh,,nan,clip_texture_fast_v2,9932400a3b61cdf369089c3316d5ed538a3d6df1a02b5ae36a017fd64b0b887e,07b257405f757223,,a9ea8c28fff64dc3,B4,16,16,fb2e41a2d7,2,synthetic:texture-v2,ok,harsh|clip_texture_fast_v2|harsh|rep2|seed20240909,3.8772
moderate,,nan,clip_texture_fast_v2,9932400a3b61cdf369089c3316d5ed538a3d6df1a02b5ae36a017fd64b0b887e,07b257405f757223,,602d13f8d33f6c0f,B4,16,16,fb2e41a2d7,1,synthetic:texture-v2,ok,moderate|clip_texture_fast_v2|moderate|rep1|seed20240909,9.5691
harsh,,nan,clip_texture_fast_v2,9932400a3b61cdf369089c3316d5ed538a3d6df1a02b5ae36a017fd64b0b887e,07b257405f757223,,d5beb42f230002bd,B4,16,16,fb2e41a2d7,3,synthetic:texture-v2,ok,harsh|clip_texture_fast_v2|harsh|rep3|seed20240909,4.047
moderate,,nan,clip_texture_fast_v2,9932400a3b61cdf369089c3316d5ed538a3d6df1a02b5ae36a017fd64b0b887e,07b257405f757223,,d1e640816a23fd2b,B4,16,16,fb2e41a2d7,0,synthetic:texture-v2,ok,moderate|clip_texture_fast_v2|moderate|rep0|seed20240909,9.7544
harsh,,nan,clip_texture_fast_v2,9932400a3b61cdf369089c3316d5ed538a3d6df1a02b5ae36a017fd64b0b887e,07b257405f757223,,a7211d43ec269e9d,B4,16,16,fb2e41a2d7,4,synthetic:texture-v2,ok,harsh|clip_texture_fast_v2|harsh|rep4|seed20240909,3.9833
moderate,,nan,clip_texture_fast_v2,9932400a3b61cdf369089c3316d5ed538a3d6df1a02b5ae36a017fd64b0b887e,07b257405f757223,,d9aeeda876ed0746,B4,16,16,fb2e41a2d7,2,synthetic:texture-v2,ok,moderate|clip_texture_fast_v2|moderate|rep2|seed20240909,9.3832
bursty,,nan,clip_texture_fast_v2,9932400a3b61cdf369089c3316d5ed538a3d6df1a02b5ae36a017fd64b0b887e,07b257405f757223,,4e2d0420d3d33dce,B4,16,16,fb2e41a2d7,1,synthetic:texture-v2,ok,bursty|clip_texture_fast_v2|bursty|rep1|seed20240909,8.9027
moderate,,nan,clip_texture_fast_v2,9932400a3b61cdf369089c3316d5ed538a3d6df1a02b5ae36a017fd64b0b887e,07b257405f757223,,99c9c986f03e0602,B4,16,16,fb2e41a2d7,3,synthetic:texture-v2,ok,moderate|clip_texture_fast_v2|moderate|rep3|seed20240909,9.8154
moderate,,nan,clip_texture_fast_v2,9932400a3b61cdf369089c3316d5ed538a3d6df1a02b5ae36a017fd64b0b887e,07b257405f757223,,1f3373971dedc129,B4,16,16,fb2e41a2d7,4,synthetic:texture-v2,ok,moderate|clip_texture_fast_v2|moderate|rep4|seed20240909,9.6269
bursty,,nan,clip_texture_fast_v2,9932400a3b61cdf369089c3316d5ed538a3d6df1a02b5ae36a017fd64b0b887e,07b257405f757223,,c808d30992ad67a1,B4,16,16,fb2e41a2d7,2,synthetic:texture-v2,ok,bursty|clip_texture_fast_v2|bursty|rep2|seed20240909,9.3076
bursty,,nan,clip_texture_fast_v2,9932400a3b61cdf369089c3316d5ed538a3d6df1a02b5ae36a017fd64b0b887e,07b257405f757223,,ee8ce129b75a117a,B4,16,16,fb2e41a2d7,0,synthetic:texture-v2,ok,bursty|clip_texture_fast_v2|bursty|rep0|seed20240909,9.9115
bursty,,nan,clip_texture_fast_v2,9932400a3b61cdf369089c3316d5ed538a3d6df1a02b5ae36a017fd64b0b887e,07b257405f757223,,34829868ed07c83f,B4,16,16,fb2e41a2d7,3,synthetic:texture-v2,ok,bursty|clip_texture_fast_v2|bursty|rep3|seed20240909,9.4841
bursty,,nan,clip_texture_fast_v2,9932400a3b61cdf369089c3316d5ed538a3d6df1a02b5ae36a017fd64b0b887e,07b257405f757223,,fc53433d1fd1d51d,B4,16,16,fb2e41a2d7,4,synthetic:texture-v2,ok,bursty|clip_texture_fast_v2|bursty|rep4|seed20240909,9.7179
clean,,nan,clip_texture_fast_v2,9932400a3b61cdf369089c3316d5ed538a3d6df1a02b5ae36a017fd64b0b887e,07b257405f757223,,4a4cef4c7416c8d7,P,16,16,8da29d3843,0,synthetic:texture-v2,ok,clean|clip_texture_fast_v2|clean|rep0|seed20240909,9.5618
clean,,nan,clip_texture_fast_v2,9932400a3b61cdf369089c3316d5ed538a3d6df1a02b5ae36a017fd64b0b887e,07b257405f757223,,d28f287951a799fc,P,16,16,8da29d3843,1,synthetic:texture-v2,ok,clean|clip_texture_fast_v2|clean|rep1|seed20240909,9.5865
clean,,nan,clip_texture_fast_v2,9932400a3b61cdf369089c3316d5ed538a3d6df1a02b5ae36a017fd64b0b887e,07b257405f757223,,c2b2b8fc1971ba34,P,16,16,8da29d3843,2,synthetic:texture-v2,ok,clean|clip_texture_fast_v2|clean|rep2|seed20240909,9.5345
clean,,nan,clip_texture_fast_v2,9932400a3b61cdf369089c3316d5ed538a3d6df1a02b5ae36a017fd64b0b887e,07b257405f757223,,95cda9e78768f2c2,P,16,16,8da29d3843,3,synthetic:texture-v2,ok,clean|clip_texture_fast_v2|clean|rep3|seed20240909,9.4525
clean,,nan,clip_texture_fast_v2,9932400a3b61cdf369089c3316d5ed538a3d6df1a02b5ae36a017fd64b0b887e,07b257405f757223,,be33368fe8f11529,P,16,16,8da29d3843,4,synthetic:texture-v2,ok,clean|clip_texture_fast_v2|clean|rep4|seed20240909,9.5324
mild,,nan,clip_texture_fast_v2,9932400a3b61cdf369089c3316d5ed538a3d6df1a02b5ae36a017fd64b0b887e,07b257405f757223,,e37efc08fdbf0a5b,P,16,16,8da29d3843,0,synthetic:texture-v2,ok,mild|clip_texture_fast_v2|mild|rep0|seed20240909,9.9986
mild,,nan,clip_texture_fast_v2,9932400a3b61cdf369089c3316d5ed538a3d6df1a02b5ae36a017fd64b0b887e,07b257405f757223,,8e36157db4b92dc6,P,16,16,8da29d3843,1,synthetic:texture-v2,ok,mild|clip_texture_fast_v2|mild|rep1|seed20240909,10.0346
mild,,nan,clip_texture_fast_v2,9932400a3b61cdf369089c3316d5ed538a3d6df1a02b5ae36a017fd64b0b887e,07b257405f757223,,3d0bf994c0a07da9,P,16,16,8da29d3843,3,synthetic:texture-v2,ok,mild|clip_texture_fast_v2|mild|rep3|seed20240909,9.7876
mild,,nan,clip_texture_fast_v2,9932400a3b61cdf369089c3316d5ed538a3d6df1a02b5ae36a017fd64b0b887e,07b257405f757223,,fde2c199d25dde16,P,16,16,8da29d3843,2,synthetic:texture-v2,ok,mild|clip_texture_fast_v2|mild|rep2|seed20240909,9.9506
mild,,nan,clip_texture_fast_v2,9932400a3b61cdf369089c3316d5ed538a3d6df1a02b5ae36a017fd64b0b887e,07b257405f757223,,1e5a39edd052f7db,P,16,16,8da29d3843,4,synthetic:texture-v2,ok,mild|clip_texture_fast_v2|mild|rep4|seed20240909,9.9526
clean,,nan,clip_edges_slow_v0,45a59c010635de1aa28168cb0e223704c877ccc86fd1c6123090cce774c91843,07b257405f757223,,1fc593b4e645fe43,B0a,16,16,fb2e41a2d7,0,synthetic:edges-v0,ok,clean|clip_edges_slow_v0|clean|rep0|seed20240909,0.5166
clean,,nan,clip_edges_slow_v0,45a59c010635de1aa28168cb0e223704c877ccc86fd1c6123090cce774c91843,07b257405f757223,,c4f30d851a9f417f,B0a,16,16,fb2e41a2d7,1,synthetic:edges-v0,ok,clean|clip_edges_slow_v0|clean|rep1|seed20240909,0.5229
clean,,nan,clip_edges_slow_v0,45a59c010635de1aa28168cb0e223704c877ccc86fd1c6123090cce774c91843,07b257405f757223,,3c937ca63d6ad72b,B0a,16,16,fb2e41a2d7,2,synthetic:edges-v0,ok,clean|clip_edges_slow_v0|clean|rep2|seed20240909,0.5708
clean,,nan,clip_edges_slow_v0,45a59c010635de1aa28168cb0e223704c877ccc86fd1c6123090cce774c91843,07b257405f757223,,0b95713098da717c,B0a,16,16,fb2e41a2d7,3,synthetic:edges-v0,ok,clean|clip_edges_slow_v0|clean|rep3|seed20240909,0.5838
harsh,,nan,clip_texture_fast_v2,9932400a3b61cdf369089c3316d5ed538a3d6df1a02b5ae36a017fd64b0b887e,07b257405f757223,,9329cbb2f6def7b6,P,16,16,8da29d3843,0,synthetic:texture-v2,ok,harsh|clip_texture_fast_v2|harsh|rep0|seed20240909,5.7949
clean,,nan,clip_edges_slow_v0,45a59c010635de1aa28168cb0e223704c877ccc86fd1c6123090cce774c91843,07b257405f757223,,933cb75989f9aae0,B0a,16,16,fb2e41a2d7,4,synthetic:edges-v0,ok,clean|clip_edges_slow_v0|clean|rep4|seed20240909,0.5324
harsh,,nan,clip_texture_fast_v2,9932400a3b61cdf369089c3316d5ed538a3d6df1a02b5ae36a017fd64b0b887e,07b257405f757223,,a312cca993c929a2,P,16,16,8da29d3843,1,synthetic:texture-v2,ok,harsh|clip_texture_fast_v2|harsh|rep1|seed20240909,5.642
harsh,,nan,clip_texture_fast_v2,9932400a3b61cdf369089c3316d5ed538a3d6df1a02b5ae36a017fd64b0b887e,07b257405f757223,,e980b01613cbe31b,P,16,16,8da29d3843,2,synthetic:texture-v2,ok,harsh|clip_texture_fast_v2|harsh|rep2|seed20240909,5.5831
harsh,,nan,clip_texture_fast_v2,9932400a3b61cdf369089c3316d5ed538a3d6df1a02b5ae36a017fd64b0b887e,07b257405f757223,,74de0320c90e7c9d,P,16,16,8da29d3843,3,synthetic:texture-v2,ok,harsh|clip_texture_fast_v2|harsh|rep3|seed20240909,5.6782
mild,,nan,clip_edges_slow_v0,45a59c010635de1aa28168cb0e223704c877ccc86fd1c6123090cce774c91843,07b257405f757223,,e5c498ba8c0e02ad,B0a,16,16,fb2e41a2d7,0,synthetic:edges-v0,ok,mild|clip_edges_slow_v0|mild|rep0|seed20240909,0.7232
harsh,,nan,clip_texture_fast_v2,9932400a3b61cdf369089c3316d5ed538a3d6df1a02b5ae36a017fd64b0b887e,07b257405f757223,,f8e5aefdf09090b6,P,16,16,8da29d3843,4,synthetic:texture-v2,ok,harsh|clip_texture_fast_v2|harsh|rep4|seed20240909,5.7746
mild,,nan,clip_edges_slow_v0,45a59c010635de1aa28168cb0e223704c877ccc86fd1c6123090cce774c91843,07b257405f757223,,8822512ec25aaac2,B0a,16,16,fb2e41a2d7,1,synthetic:edges-v0,ok,mild|clip_edges_slow_v0|mild|rep1|seed20240909,0.699
mild,,nan,clip_edges_slow_v0,45a59c010635de1aa28168cb0e223704c877ccc86fd1c6123090cce774c91843,07b257405f757223,,68d9cefc2cdb1f6f,B0a,16,16,fb2e41a2d7,2,synthetic:edges-v0,ok,mild|clip_edges_slow_v0|mild|rep2|seed20240909,0.6748
mild,,nan,clip_edges_slow_v0,45a59c010635de1aa28168cb0e223704c877ccc86fd1c6123090cce774c91843,07b257405f757223,,9a90d9864f44758e,B0a,16,16,fb2e41a2d7,3,synthetic:edges-v0,ok,mild|clip_edges_slow_v0|mild|rep3|seed20240909,0.7214
mild,,nan,clip_edges_slow_v0,45a59c010635de1aa28168cb0e223704c877ccc86fd1c6123090cce774c91843,07b257405f757223,,89895ae7ecc08189,B0a,16,16,fb2e41a2d7,4,synthetic:edges-v0,ok,mild|clip_edges_slow_v0|mild|rep4|seed20240909,0.7219
moderate,,nan,clip_edges_slow_v0,45a59c010635de1aa28168cb0e223704c877ccc86fd1c6123090cce774c91843,07b257405f757223,,c85d04f876b7f47f,B0a,16,16,fb2e41a2d7,0,synthetic:edges-v0,ok,moderate|clip_edges_slow_v0|moderate|rep0|seed20240909,0.7453
moderate,,nan,clip_edges_slow_v0,45a59c010635de1aa28168cb0e223704c877ccc86fd1c6123090cce774c91843,07b257405f757223,,9bd7fa512d8a323f,B0a,16,16,fb2e41a2d7,1,synthetic:edges-v0,ok,moderate|clip_edges_slow_v0|moderate|rep1|seed20240909,0.7745
moderate,,nan,clip_edges_slow_v0,45a59c010635de1aa28168cb0e223704c877ccc86fd1c6123090cce774c91843,07b257405f757223,,2b1e632d5eed9687,B0a,16,16,fb2e41a2d7,2,synthetic:edges-v0,ok,moderate|clip_edges_slow_v0|moderate|rep2|seed20240909,0.7914
moderate,,nan,clip_edges_slow_v0,45a59c010635de1aa28168cb0e223704c877ccc86fd1c6123090cce774c91843,07b257405f757223,,fa7fa505b97cc289,B0a,16,16,fb2e41a2d7,3,synthetic:edges-v0,ok,moderate|clip_edges_slow_v0|moderate|rep3|seed20240909,0.7801
moderate,,nan,clip_edges_slow_v0,45a59c010635de1aa28168cb0e223704c877ccc86fd1c6123090cce774c91843,07b257405f757223,,6575b0b6f11f199f,B0a,16,16,fb2e41a2d7,4,synthetic:edges-v0,ok,moderate|clip_edges_slow_v0|moderate|rep4|seed20240909,0.7776
bursty,,nan,clip_edges_slow_v0,45a59c010635de1aa28168cb0e223704c877ccc86fd1c6123090cce774c91843,07b257405f757223,,600239ac57aa6bb2,B0a,16,16,fb2e41a2d7,0,synthetic:edges-v0,ok,bursty|clip_edges_slow_v0|bursty|rep0|seed20240909,0.747
bursty,,nan,clip_edges_slow_v0,45a59c010635de1aa28168cb0e223704c877ccc86fd1c6123090cce774c91843,07b257405f757223,,db7611f9a296da9c,B0a,16,16,fb2e41a2d7,1,synthetic:edges-v0,ok,bursty|clip_edges_slow_v0|bursty|rep1|seed20240909,0.7461
bursty,,nan,clip_edges_slow_v0,45a59c010635de1aa28168cb0e223704c877ccc86fd1c6123090cce774c91843,07b257405f757223,,8c1fcd71e0286070,B0a,16,16,fb2e41a2d7,2,synthetic:edges-v0,ok,bursty|clip_edges_slow_v0|bursty|rep2|seed20240909,0.7447
bursty,,nan,clip_edges_slow_v0,45a59c010635de1aa28168cb0e223704c877ccc86fd1c6123090cce774c91843,07b257405f757223,,e2620f3864617de3,B0a,16,16,fb2e41a2d7,3,synthetic:edges-v0,ok,bursty|clip_edges_slow_v0|bursty|rep3|seed20240909,0.7211
bursty,,nan,clip_edges_slow_v0,45a59c010635de1aa28168cb0e223704c877ccc86fd1c6123090cce774c91843,07b257405f757223,,ceaf6d59a7bb9ef6,B0a,16,16,fb2e41a2d7,4,synthetic:edges-v0,ok,bursty|clip_edges_slow_v0|bursty|rep4|seed20240909,0.797
harsh,,nan,clip_edges_slow_v0,45a59c010635de1aa28168cb0e223704c877ccc86fd1c6123090cce774c91843,07b257405f757223,,0bdeef9e56424997,B0a,16,16,fb2e41a2d7,0,synthetic:edges-v0,ok,harsh|clip_edges_slow_v0|harsh|rep0|seed20240909,0.7587
harsh,,nan,clip_edges_slow_v0,45a59c010635de1aa28168cb0e223704c877ccc86fd1c6123090cce774c91843,07b257405f757223,,2bd0991ca54e655c,B0a,16,16,fb2e41a2d7,1,synthetic:edges-v0,ok,harsh|clip_edges_slow_v0|harsh|rep1|seed20240909,0.7742
harsh,,nan,clip_edges_slow_v0,45a59c010635de1aa28168cb0e223704c877ccc86fd1c6123090cce774c91843,07b257405f757223,,9756fe863d5b2a7f,B0a,16,16,fb2e41a2d7,2,synthetic:edges-v0,ok,harsh|clip_edges_slow_v0|harsh|rep2|seed20240909,0.7643
harsh,,nan,clip_edges_slow_v0,45a59c010635de1aa28168cb0e223704c877ccc86fd1c6123090cce774c91843,07b257405f757223,,bd1aab22900d256e,B0a,16,16,fb2e41a2d7,3,synthetic:edges-v0,ok,harsh|clip_edges_slow_v0|harsh|rep3|seed20240909,0.7559
harsh,,nan,clip_edges_slow_v0,45a59c010635de1aa28168cb0e223704c877ccc86fd1c6123090cce774c91843,07b257405f757223,,f6120c639371a27a,B0a,16,16,fb2e41a2d7,4,synthetic:edges-v0,ok,harsh|clip_edges_slow_v0|harsh|rep4|seed20240909,0.7721
clean,,nan,clip_edges_slow_v0,45a59c010635de1aa28168cb0e223704c877ccc86fd1c6123090cce774c91843,07b257405f757223,,317f6ebff3a93f9c,B0a-R,16,16,fb2e41a2d7,0,synthetic:edges-v0,ok,clean|clip_edges_slow_v0|clean|rep0|seed20240909,1.4861
clean,,nan,clip_edges_slow_v0,45a59c010635de1aa28168cb0e223704c877ccc86fd1c6123090cce774c91843,07b257405f757223,,3f06d1b64a0ce208,B0a-R,16,16,fb2e41a2d7,1,synthetic:edges-v0,ok,clean|clip_edges_slow_v0|clean|rep1|seed20240909,1.4549
clean,,nan,clip_edges_slow_v0,45a59c010635de1aa28168cb0e223704c877ccc86fd1c6123090cce774c91843,07b257405f757223,,148b2302f3ee130c,B0a-R,16,16,fb2e41a2d7,2,synthetic:edges-v0,ok,clean|clip_edges_slow_v0|clean|rep2|seed20240909,1.4691
clean,,nan,clip_edges_slow_v0,45a59c010635de1aa28168cb0e223704c877ccc86fd1c6123090cce774c91843,07b257405f757223,,a7ec41b39f8d852b,B0a-R,16,16,fb2e41a2d7,3,synthetic:edges-v0,ok,clean|clip_edges_slow_v0|clean|rep3|seed20240909,1.4956
clean,,nan,clip_edges_slow_v0,45a59c010635de1aa28168cb0e223704c877ccc86fd1c6123090cce774c91843,07b257405f757223,,fc2fc44186225c80,B0a-R,16,16,fb2e41a2d7,4,synthetic:edges-v0,ok,clean|clip_edges_slow_v0|clean|rep4|seed20240909,1.5066
moderate,,nan,clip_texture_fast_v2,9932400a3b61cdf369089c3316d5ed538a3d6df1a02b5ae36a017fd64b0b887e,07b257405f757223,,7a3843cb546e8ce3,P,16,16,8da29d3843,1,synthetic:texture-v2,ok,moderate|clip_texture_fast_v2|moderate|rep1|seed20240909,16.9958
mild,,nan,clip_edges_slow_v0,45a59c010635de1aa28168cb0e223704c877ccc86fd1c6123090cce774c91843,07b257405f757223,,7c81c1a51b9f752d,B0a-R,16,16,fb2e41a2d7,0,synthetic:edges-v0,ok,mild|clip_edges_slow_v0|mild|rep0|seed20240909,2.0169
moderate,,nan,clip_texture_fast_v2,9932400a3b61cdf369089c3316d5ed538a3d6df1a02b5ae36a017fd64b0b887e,07b257405f757223,,fac963674e3fe941,P,16,16,8da29d3843,0,synthetic:texture-v2,ok,moderate|clip_texture_fast_v2|moderate|rep0|seed20240909,17.5616
moderate,,nan,clip_texture_fast_v2,9932400a3b61cdf369089c3316d5ed538a3d6df1a02b5ae36a017fd64b0b887e,07b257405f757223,,059a537827b6df42,P,16,16,8da29d3843,2,synthetic:texture-v2,ok,moderate|clip_texture_fast_v2|moderate|rep2|seed20240909,17.3564
moderate,,nan,clip_texture_fast_v2,9932400a3b61cdf369089c3316d5ed538a3d6df1a02b5ae36a017fd64b0b887e,07b257405f757223,,0e8ccca145574e5a,P,16,16,8da29d3843,3,synthetic:texture-v2,ok,moderate|clip_texture_fast_v2|moderate|rep3|seed20240909,17.2862
moderate,,nan,clip_texture_fast_v2,9932400a3b61cdf369089c3316d5ed538a3d6df1a02b5ae36a017fd64b0b887e,07b257405f757223,,79b4af8653dde9c8,P,16,16,8da29d3843,4,synthetic:texture-v2,ok,moderate|clip_texture_fast_v2|moderate|rep4|seed20240909,17.3105
bursty,,nan,clip_texture_fast_v2,9932400a3b61cdf369089c3316d5ed538a3d6df1a02b5ae36a017fd64b0b887e,07b257405f757223,,635e4e110e6165ac,P,16,16,8da29d3843,1,synthetic:texture-v2,ok,bursty|clip_texture_fast_v2|bursty|rep1|seed20240909,15.439
mild,,nan,clip_edges_slow_v0,45a59c010635de1aa28168cb0e223704c877ccc86fd1c6123090cce774c91843,07b257405f757223,,a4cfd7db0c693bf3,B0a-R,16,16,fb2e41a2d7,2,synthetic:edges-v0,ok,mild|clip_edges_slow_v0|mild|rep2|seed20240909,2.0623
mild,,nan,clip_edges_slow_v0,45a59c010635de1aa28168cb0e223704c877ccc86fd1c6123090cce774c91843,07b257405f757223,,8779deb2e62e0450,B0a-R,16,16,fb2e41a2d7,1,synthetic:edges-v0,ok,mild|clip_edges_slow_v0|mild|rep1|seed20240909,2.1579
mild,,nan,clip_edges_slow_v0,45a59c010635de1aa28168cb0e223704c877ccc86fd1c6123090cce774c91843,07b257405f757223,,843d8fafc9247ed4,B0a-R,16,16,fb2e41a2d7,3,synthetic:edges-v0,ok,mild|clip_edges_slow_v0|mild|rep3|seed20240909,2.0373
mild,,nan,clip_edges_slow_v0,45a59c010635de1aa28168cb0e223704c877ccc86fd1c6123090cce774c91843,07b257405f757223,,a1153e06c965a3a2,B0a-R,16,16,fb2e41a2d7,4,synthetic:edges-v0,ok,mild|clip_edges_slow_v0|mild|rep4|seed20240909,2.1383
moderate,,nan,clip_edges_slow_v0,45a59c010635de1aa28168cb0e223704c877ccc86fd1c6123090cce774c91843,07b257405f757223,,aceacbaf1edc3bd7,B0a-R,16,16,fb2e41a2d7,0,synthetic:edges-v0,ok,moderate|clip_edges_slow_v0|moderate|rep0|seed20240909,2.2899
bursty,,nan,clip_texture_fast_v2,9932400a3b61cdf369089c3316d5ed538a3d6df1a02b5ae36a017fd64b0b887e,07b257405f757223,,6ea4ec817c4f3f28,P,16,16,8da29d3843,0,synthetic:texture-v2,ok,bursty|clip_texture_fast_v2|bursty|rep0|seed20240909,18.0627
moderate,,nan,clip_edges_slow_v0,45a59c010635de1aa28168cb0e223704c877ccc86fd1c6123090cce774c91843,07b257405f757223,,186fbcf231ad7637,B0a-R,16,16,fb2e41a2d7,1,synthetic:edges-v0,ok,moderate|clip_edges_slow_v0|moderate|rep1|seed20240909,2.2734
moderate,,nan,clip_edges_slow_v0,45a59c010635de1aa28168cb0e223704c877ccc86fd1c6123090cce774c91843,07b257405f757223,,4705a6360d07508d,B0a-R,16,16,fb2e41a2d7,2,synthetic:edges-v0,ok,moderate|clip_edges_slow_v0|moderate|rep2|seed20240909,2.3053
moderate,,nan,clip_edges_slow_v0,45a59c010635de1aa28168cb0e223704c877ccc86fd1c6123090cce774c91843,07b257405f757223,,15de1a628b5c4be6,B0a-R,16,16,fb2e41a2d7,3,synthetic:edges-v0,ok,moderate|clip_edges_slow_v0|moderate|rep3|seed20240909,2.3138
bursty,,nan,clip_edges_slow_v0,45a59c010635de1aa28168cb0e223704c877ccc86fd1c6123090cce774c91843,07b257405f757223,,d1f2544447cf9ddf,B0a-R,16,16,fb2e41a2d7,0,synthetic:edges-v0,ok,bursty|clip_edges_slow_v0|bursty|rep0|seed20240909,2.1955
moderate,,nan,clip_edges_slow_v0,45a59c010635de1aa28168cb0e223704c877ccc86fd1c6123090cce774c91843,07b257405f757223,,c15e8a25eaa73be1,B0a-R,16,16,fb2e41a2d7,4,synthetic:edges-v0,ok,moderate|clip_edges_slow_v0|moderate|rep4|seed20240909,2.3595
bursty,,nan,clip_edges_slow_v0,45a59c010635de1aa28168cb0e223704c877ccc86fd1c6123090cce774c91843,07b257405f757223,,4a1a77fd2abcbbeb,B0a-R,16,16,fb2e41a2d7,1,synthetic:edges-v0,ok,bursty|clip_edges_slow_v0|bursty|rep1|seed20240909,2.2236
bursty,,nan,clip_edges_slow_v0,45a59c010635de1aa28168cb0e223704c877ccc86fd1c6123090cce774c91843,07b257405f757223,,34fdf33eb9b57614,B0a-R,16,16,fb2e41a2d7,2,synthetic:edges-v0,ok,bursty|clip_edges_slow_v0|bursty|rep2|seed20240909,2.1649
bursty,,nan,clip_edges_slow_v0,45a59c010635de1aa28168cb0e223704c877ccc86fd1c6123090cce774c91843,07b257405f757223,,6084fff7347cc0f5,B0a-R,16,16,fb2e41a2d7,3,synthetic:edges-v0,ok,bursty|clip_edges_slow_v0|bursty|rep3|seed20240909,2.2125
bursty,,nan,clip_edges_slow_v0,45a59c010635de1aa28168cb0e223704c877ccc86fd1c6123090cce774c91843,07b257405f757223,,6e613151199c50d2,B0a-R,16,16,fb2e41a2d7,4,synthetic:edges-v0,ok,bursty|clip_edges_slow_v0|bursty|rep4|seed20240909,2.2249
harsh,,nan,clip_edges_slow_v0,45a59c010635de1aa28168cb0e223704c877ccc86fd1c6123090cce774c91843,07b257405f757223,,97f784b290952a6f,B0a-R,16,16,fb2e41a2d7,0,synthetic:edges-v0,ok,harsh|clip_edges_slow_v0|harsh|rep0|seed20240909,2.318
harsh,,nan,clip_edges_slow_v0,45a59c010635de1aa28168cb0e223704c877ccc86fd1c6123090cce774c91843,07b257405f757223,,226689dc86f85cd8,B0a-R,16,16,fb2e41a2d7,1,synthetic:edges-v0,ok,harsh|clip_edges_slow_v0|harsh|rep1|seed20240909,2.2893
harsh,,nan,clip_edges_slow_v0,45a59c010635de1aa28168cb0e223704c877ccc86fd1c6123090cce774c91843,07b257405f757223,,36bf8dec2c417cf5,B0a-R,16,16,fb2e41a2d7,3,synthetic:edges-v0,ok,harsh|clip_edges_slow_v0|harsh|rep3|seed20240909,2.1499
harsh,,nan,clip_edges_slow_v0,45a59c010635de1aa28168cb0e223704c877ccc86fd1c6123090cce774c91843,07b257405f757223,,c363339628e39ea7,B0a-R,16,16,fb2e41a2d7,2,synthetic:edges-v0,ok,harsh|clip_edges_slow_v0|harsh|rep2|seed20240909,2.2677
harsh,,nan,clip_edges_slow_v0,45a59c010635de1aa28168cb0e223704c877ccc86fd1c6123090cce774c91843,07b257405f757223,,c2c43d14f7114a69,B0a-R,16,16,fb2e41a2d7,4,synthetic:edges-v0,ok,harsh|clip_edges_slow_v0|harsh|rep4|seed20240909,2.1849
bursty,,nan,clip_texture_fast_v2,9932400a3b61cdf369089c3316d5ed538a3d6df1a02b5ae36a017fd64b0b887e,07b257405f757223,,d025b36c01ca4361,P,16,16,8da29d3843,3,synthetic:texture-v2,ok,bursty|clip_texture_fast_v2|bursty|rep3|seed20240909,16.8944
bursty,,nan,clip_texture_fast_v2,9932400a3b61cdf369089c3316d5ed538a3d6df1a02b5ae36a017fd64b0b887e,07b257405f757223,,9dfdc3c4221ef853,P,16,16,8da29d3843,2,synthetic:texture-v2,ok,bursty|clip_texture_fast_v2|bursty|rep2|seed20240909,17.288
bursty,,nan,clip_texture_fast_v2,9932400a3b61cdf369089c3316d5ed538a3d6df1a02b5ae36a017fd64b0b887e,07b257405f757223,,892056e55cb9136c,P,16,16,8da29d3843,4,synthetic:texture-v2,ok,bursty|clip_texture_fast_v2|bursty|rep4|seed20240909,16.7627
clean,,nan,clip_edges_slow_v0,45a59c010635de1aa28168cb0e223704c877ccc86fd1c6123090cce774c91843,07b257405f757223,,cd1892e31780893d,B0d,16,16,fb2e41a2d7,0,synthetic:edges-v0,ok,clean|clip_edges_slow_v0|clean|rep0|seed20240909,4.3927
clean,,nan,clip_edges_slow_v0,45a59c010635de1aa28168cb0e223704c877ccc86fd1c6123090cce774c91843,07b257405f757223,,916b1c5ecbbded9f,B0d,16,16,fb2e41a2d7,1,synthetic:edges-v0,ok,clean|clip_edges_slow_v0|clean|rep1|seed20240909,4.4402
clean,,nan,clip_edges_slow_v0,45a59c010635de1aa28168cb0e223704c877ccc86fd1c6123090cce774c91843,07b257405f757223,,0fc815f991d4fa35,B0d,16,16,fb2e41a2d7,2,synthetic:edges-v0,ok,clean|clip_edges_slow_v0|clean|rep2|seed20240909,4.3854
clean,,nan,clip_edges_slow_v0,45a59c010635de1aa28168cb0e223704c877ccc86fd1c6123090cce774c91843,07b257405f757223,,0a3bdc6b28a0e173,B0d,16,16,fb2e41a2d7,3,synthetic:edges-v0,ok,clean|clip_edges_slow_v0|clean|rep3|seed20240909,4.4181
clean,,nan,clip_edges_slow_v0,45a59c010635de1aa28168cb0e223704c877ccc86fd1c6123090cce774c91843,07b257405f757223,,f84899d5fd8472b7,B0d,16,16,fb2e41a2d7,4,synthetic:edges-v0,ok,clean|clip_edges_slow_v0|clean|rep4|seed20240909,4.4445
mild,,nan,clip_edges_slow_v0,45a59c010635de1aa28168cb0e223704c877ccc86fd1c6123090cce774c91843,07b257405f757223,,570e243a7802a715,B0d,16,16,fb2e41a2d7,0,synthetic:edges-v0,ok,mild|clip_edges_slow_v0|mild|rep0|seed20240909,4.6445
mild,,nan,clip_edges_slow_v0,45a59c010635de1aa28168cb0e223704c877ccc86fd1c6123090cce774c91843,07b257405f757223,,0bfa7434d5ce0c95,B0d,16,16,fb2e41a2d7,2,synthetic:edges-v0,ok,mild|clip_edges_slow_v0|mild|rep2|seed20240909,4.6565
mild,,nan,clip_edges_slow_v0,45a59c010635de1aa28168cb0e223704c877ccc86fd1c6123090cce774c91843,07b257405f757223,,0c867b9e19838e39,B0d,16,16,fb2e41a2d7,1,synthetic:edges-v0,ok,mild|clip_edges_slow_v0|mild|rep1|seed20240909,4.7271
mild,,nan,clip_edges_slow_v0,45a59c010635de1aa28168cb0e223704c877ccc86fd1c6123090cce774c91843,07b257405f757223,,0d20b355e85a2fff,B0d,16,16,fb2e41a2d7,3,synthetic:edges-v0,ok,mild|clip_edges_slow_v0|mild|rep3|seed20240909,4.6815
mild,,nan,clip_edges_slow_v0,45a59c010635de1aa28168cb0e223704c877ccc86fd1c6123090cce774c91843,07b257405f757223,,2d7d4029525efb11,B0d,16,16,fb2e41a2d7,4,synthetic:edges-v0,ok,mild|clip_edges_slow_v0|mild|rep4|seed20240909,4.6633
clean,,nan,clip_edges_slow_v0,45a59c010635de1aa28168cb0e223704c877ccc86fd1c6123090cce774c91843,07b257405f757223,,d4c6a9b33b67bb21,B1,16,16,fb2e41a2d7,0,synthetic:edges-v0,ok,clean|clip_edges_slow_v0|clean|rep0|seed20240909,0.5291
clean,,nan,clip_edges_slow_v0,45a59c010635de1aa28168cb0e223704c877ccc86fd1c6123090cce774c91843,07b257405f757223,,05677215072a6390,B1,16,16,fb2e41a2d7,1,synthetic:edges-v0,ok,clean|clip_edges_slow_v0|clean|rep1|seed20240909,0.5434
clean,,nan,clip_edges_slow_v0,45a59c010635de1aa28168cb0e223704c877ccc86fd1c6123090cce774c91843,07b257405f757223,,66a9090becce6ee6,B1,16,16,fb2e41a2d7,2,synthetic:edges-v0,ok,clean|clip_edges_slow_v0|clean|rep2|seed20240909,0.5641
harsh,,nan,clip_edges_slow_v0,45a59c010635de1aa28168cb0e223704c877ccc86fd1c6123090cce774c91843,07b257405f757223,,0a796914b6271b84,B0d,16,16,fb2e41a2d7,0,synthetic:edges-v0,ok,harsh|clip_edges_slow_v0|harsh|rep0|seed20240909,3.2126
clean,,nan,clip_edges_slow_v0,45a59c010635de1aa28168cb0e223704c877ccc86fd1c6123090cce774c91843,07b257405f757223,,54be76ec11103432,B1,16,16,fb2e41a2d7,3,synthetic:edges-v0,ok,clean|clip_edges_slow_v0|clean|rep3|seed20240909,0.5544
moderate,,nan,clip_edges_slow_v0,45a59c010635de1aa28168cb0e223704c877ccc86fd1c6123090cce774c91843,07b257405f757223,,1451f1b56414b778,B0d,16,16,fb2e41a2d7,0,synthetic:edges-v0,ok,moderate|clip_edges_slow_v0|moderate|rep0|seed20240909,6.9508
moderate,,nan,clip_edges_slow_v0,45a59c010635de1aa28168cb0e223704c877ccc86fd1c6123090cce774c91843,07b257405f757223,,f8817eb968e50ff1,B0d,16,16,fb2e41a2d7,1,synthetic:edges-v0,ok,moderate|clip_edges_slow_v0|moderate|rep1|seed20240909,6.9204
clean,,nan,clip_edges_slow_v0,45a59c010635de1aa28168cb0e223704c877ccc86fd1c6123090cce774c91843,07b257405f757223,,69e0ed23a7bab99d,B1,16,16,fb2e41a2d7,4,synthetic:edges-v0,ok,clean|clip_edges_slow_v0|clean|rep4|seed20240909,0.5807
harsh,,nan,clip_edges_slow_v0,45a59c010635de1aa28168cb0e223704c877ccc86fd1c6123090cce774c91843,07b257405f757223,,8611fb69b0c2d520,B0d,16,16,fb2e41a2d7,1,synthetic:edges-v0,ok,harsh|clip_edges_slow_v0|harsh|rep1|seed20240909,3.3315
harsh,,nan,clip_edges_slow_v0,45a59c010635de1aa28168cb0e223704c877ccc86fd1c6123090cce774c91843,07b257405f757223,,3d511564f69f6813,B0d,16,16,fb2e41a2d7,3,synthetic:edges-v0,ok,harsh|clip_edges_slow_v0|harsh|rep3|seed20240909,3.1879
harsh,,nan,clip_edges_slow_v0,45a59c010635de1aa28168cb0e223704c877ccc86fd1c6123090cce774c91843,07b257405f757223,,7580aa23ce830061,B0d,16,16,fb2e41a2d7,2,synthetic:edges-v0,ok,harsh|clip_edges_slow_v0|harsh|rep2|seed20240909,3.2852
mild,,nan,clip_edges_slow_v0,45a59c010635de1aa28168cb0e223704c877ccc86fd1c6123090cce774c91843,07b257405f757223,,b0b35fe60ae022eb,B1,16,16,fb2e41a2d7,0,synthetic:edges-v0,ok,mild|clip_edges_slow_v0|mild|rep0|seed20240909,0.7131
mild,,nan,clip_edges_slow_v0,45a59c010635de1aa28168cb0e223704c877ccc86fd1c6123090cce774c91843,07b257405f757223,,587b7c0363b41789,B1,16,16,fb2e41a2d7,1,synthetic:edges-v0,ok,mild|clip_edges_slow_v0|mild|rep1|seed20240909,0.7284
harsh,,nan,clip_edges_slow_v0,45a59c010635de1aa28168cb0e223704c877ccc86fd1c6123090cce774c91843,07b257405f757223,,c3aa4829cebe90c9,B0d,16,16,fb2e41a2d7,4,synthetic:edges-v0,ok,harsh|clip_edges_slow_v0|harsh|rep4|seed20240909,3.3295
mild,,nan,clip_edges_slow_v0,45a59c010635de1aa28168cb0e223704c877ccc86fd1c6123090cce774c91843,07b257405f757223,,ede47a9b711a68e5,B1,16,16,fb2e41a2d7,2,synthetic:edges-v0,ok,mild|clip_edges_slow_v0|mild|rep2|seed20240909,0.7571
mild,,nan,clip_edges_slow_v0,45a59c010635de1aa28168cb0e223704c877ccc86fd1c6123090cce774c91843,07b257405f757223,,fce539320a49d97d,B1,16,16,fb2e41a2d7,3,synthetic:edges-v0,ok,mild|clip_edges_slow_v0|mild|rep3|seed20240909,0.7412
moderate,,nan,clip_edges_slow_v0,45a59c010635de1aa28168cb0e223704c877ccc86fd1c6123090cce774c91843,07b257405f757223,,9faf1040d2fb8d61,B0d,16,16,fb2e41a2d7,2,synthetic:edges-v0,ok,moderate|clip_edges_slow_v0|moderate|rep2|seed20240909,7.5852
mild,,nan,clip_edges_slow_v0,45a59c010635de1aa28168cb0e223704c877ccc86fd1c6123090cce774c91843,07b257405f757223,,38d34f5b10b6def8,B1,16,16,fb2e41a2d7,4,synthetic:edges-v0,ok,mild|clip_edges_slow_v0|mild|rep4|seed20240909,0.7294
moderate,,nan,clip_edges_slow_v0,45a59c010635de1aa28168cb0e223704c877ccc86fd1c6123090cce774c91843,07b257405f757223,,c419c54effb7bd58,B1,16,16,fb2e41a2d7,0,synthetic:edges-v0,ok,moderate|clip_edges_slow_v0|moderate|rep0|seed20240909,0.7875
moderate,,nan,clip_edges_slow_v0,45a59c010635de1aa28168cb0e223704c877ccc86fd1c6123090cce774c91843,07b257405f757223,,5ead79f11923c099,B0d,16,16,fb2e41a2d7,3,synthetic:edges-v0,ok,moderate|clip_edges_slow_v0|moderate|rep3|seed20240909,7.4133
moderate,,nan,clip_edges_slow_v0,45a59c010635de1aa28168cb0e223704c877ccc86fd1c6123090cce774c91843,07b257405f757223,,660c87752d11a58c,B1,16,16,fb2e41a2d7,1,synthetic:edges-v0,ok,moderate|clip_edges_slow_v0|moderate|rep1|seed20240909,0.8084
moderate,,nan,clip_edges_slow_v0,45a59c010635de1aa28168cb0e223704c877ccc86fd1c6123090cce774c91843,07b257405f757223,,21e1e5b2ae0a09b7,B1,16,16,fb2e41a2d7,2,synthetic:edges-v0,ok,moderate|clip_edges_slow_v0|moderate|rep2|seed20240909,0.8097
moderate,,nan,clip_edges_slow_v0,45a59c010635de1aa28168cb0e223704c877ccc86fd1c6123090cce774c91843,07b257405f757223,,c497dcd2dd0f5988,B1,16,16,fb2e41a2d7,3,synthetic:edges-v0,ok,moderate|clip_edges_slow_v0|moderate|rep3|seed20240909,0.8005
moderate,,nan,clip_edges_slow_v0,45a59c010635de1aa28168cb0e223704c877ccc86fd1c6123090cce774c91843,07b257405f757223,,9edd29b90790fb39,B1,16,16,fb2e41a2d7,4,synthetic:edges-v0,ok,moderate|clip_edges_slow_v0|moderate|rep4|seed20240909,0.8228
moderate,,nan,clip_edges_slow_v0,45a59c010635de1aa28168cb0e223704c877ccc86fd1c6123090cce774c91843,07b257405f757223,,1535e305918287fb,B0d,16,16,fb2e41a2d7,4,synthetic:edges-v0,ok,moderate|clip_edges_slow_v0|moderate|rep4|seed20240909,7.3898
bursty,,nan,clip_edges_slow_v0,45a59c010635de1aa28168cb0e223704c877ccc86fd1c6123090cce774c91843,07b257405f757223,,b8bcf62f74a0bf7c,B1,16,16,fb2e41a2d7,0,synthetic:edges-v0,ok,bursty|clip_edges_slow_v0|bursty|rep0|seed20240909,0.7849
bursty,,nan,clip_edges_slow_v0,45a59c010635de1aa28168cb0e223704c877ccc86fd1c6123090cce774c91843,07b257405f757223,,6992edd0afb3b2b8,B1,16,16,fb2e41a2d7,1,synthetic:edges-v0,ok,bursty|clip_edges_slow_v0|bursty|rep1|seed20240909,0.7675
bursty,,nan,clip_edges_slow_v0,45a59c010635de1aa28168cb0e223704c877ccc86fd1c6123090cce774c91843,07b257405f757223,,6a959353aec72186,B1,16,16,fb2e41a2d7,2,synthetic:edges-v0,ok,bursty|clip_edges_slow_v0|bursty|rep2|seed20240909,0.8133
bursty,,nan,clip_edges_slow_v0,45a59c010635de1aa28168cb0e223704c877ccc86fd1c6123090cce774c91843,07b257405f757223,,2a9a32b4da0f2e64,B1,16,16,fb2e41a2d7,3,synthetic:edges-v0,ok,bursty|clip_edges_slow_v0|bursty|rep3|seed20240909,0.7611
bursty,,nan,clip_edges_slow_v0,45a59c010635de1aa28168cb0e223704c877ccc86fd1c6123090cce774c91843,07b257405f757223,,0de46e65bbe101c6,B1,16,16,fb2e41a2d7,4,synthetic:edges-v0,ok,bursty|clip_edges_slow_v0|bursty|rep4|seed20240909,0.802
bursty,,nan,clip_edges_slow_v0,45a59c010635de1aa28168cb0e223704c877ccc86fd1c6123090cce774c91843,07b257405f757223,,19744c942265ae9b,B0d,16,16,fb2e41a2d7,0,synthetic:edges-v0,ok,bursty|clip_edges_slow_v0|bursty|rep0|seed20240909,7.4635
harsh,,nan,clip_edges_slow_v0,45a59c010635de1aa28168cb0e223704c877ccc86fd1c6123090cce774c91843,07b257405f757223,,0022ae1870a2b9f7,B1,16,16,fb2e41a2d7,0,synthetic:edges-v0,ok,harsh|clip_edges_slow_v0|harsh|rep0|seed20240909,0.8348
harsh,,nan,clip_edges_slow_v0,45a59c010635de1aa28168cb0e223704c877ccc86fd1c6123090cce774c91843,07b257405f757223,,ec52c97994a906d4,B1,16,16,fb2e41a2d7,1,synthetic:edges-v0,ok,harsh|clip_edges_slow_v0|harsh|rep1|seed20240909,0.8692
harsh,,nan,clip_edges_slow_v0,45a59c010635de1aa28168cb0e223704c877ccc86fd1c6123090cce774c91843,07b257405f757223,,34c3b42b1d57887a,B1,16,16,fb2e41a2d7,2,synthetic:edges-v0,ok,harsh|clip_edges_slow_v0|harsh|rep2|seed20240909,0.8652
clean,,nan,clip_edges_slow_v0,45a59c010635de1aa28168cb0e223704c877ccc86fd1c6123090cce774c91843,07b257405f757223,,0add853f886031f6,B2,16,16,fb2e41a2d7,0,synthetic:edges-v0,ok,clean|clip_edges_slow_v0|clean|rep0|seed20240909,0.6207
clean,,nan,clip_edges_slow_v0,45a59c010635de1aa28168cb0e223704c877ccc86fd1c6123090cce774c91843,07b257405f757223,,00bbe5c4eece07c4,B2,16,16,fb2e41a2d7,1,synthetic:edges-v0,ok,clean|clip_edges_slow_v0|clean|rep1|seed20240909,0.6055
clean,,nan,clip_edges_slow_v0,45a59c010635de1aa28168cb0e223704c877ccc86fd1c6123090cce774c91843,07b257405f757223,,19fa273b2efb58db,B2,16,16,fb2e41a2d7,2,synthetic:edges-v0,ok,clean|clip_edges_slow_v0|clean|rep2|seed20240909,0.6461
harsh,,nan,clip_edges_slow_v0,45a59c010635de1aa28168cb0e223704c877ccc86fd1c6123090cce774c91843,07b257405f757223,,e1e07ac6b93efc48,B1,16,16,fb2e41a2d7,3,synthetic:edges-v0,ok,harsh|clip_edges_slow_v0|harsh|rep3|seed20240909,0.8484
harsh,,nan,clip_edges_slow_v0,45a59c010635de1aa28168cb0e223704c877ccc86fd1c6123090cce774c91843,07b257405f757223,,297d861899d08a94,B1,16,16,fb2e41a2d7,4,synthetic:edges-v0,ok,harsh|clip_edges_slow_v0|harsh|rep4|seed20240909,0.8409
clean,,nan,clip_edges_slow_v0,45a59c010635de1aa28168cb0e223704c877ccc86fd1c6123090cce774c91843,07b257405f757223,,406b0fe2995f32d6,B2,16,16,fb2e41a2d7,3,synthetic:edges-v0,ok,clean|clip_edges_slow_v0|clean|rep3|seed20240909,0.6517
clean,,nan,clip_edges_slow_v0,45a59c010635de1aa28168cb0e223704c877ccc86fd1c6123090cce774c91843,07b257405f757223,,7129e0f52db23062,B2,16,16,fb2e41a2d7,4,synthetic:edges-v0,ok,clean|clip_edges_slow_v0|clean|rep4|seed20240909,0.6279
mild,,nan,clip_edges_slow_v0,45a59c010635de1aa28168cb0e223704c877ccc86fd1c6123090cce774c91843,07b257405f757223,,d4baa3d2d062b919,B2,16,16,fb2e41a2d7,0,synthetic:edges-v0,ok,mild|clip_edges_slow_v0|mild|rep0|seed20240909,0.8305
mild,,nan,clip_edges_slow_v0,45a59c010635de1aa28168cb0e223704c877ccc86fd1c6123090cce774c91843,07b257405f757223,,9bc6873271061b63,B2,16,16,fb2e41a2d7,1,synthetic:edges-v0,ok,mild|clip_edges_slow_v0|mild|rep1|seed20240909,0.8168
mild,,nan,clip_edges_slow_v0,45a59c010635de1aa28168cb0e223704c877ccc86fd1c6123090cce774c91843,07b257405f757223,,a50c64667f0bd0c4,B2,16,16,fb2e41a2d7,2,synthetic:edges-v0,ok,mild|clip_edges_slow_v0|mild|rep2|seed20240909,0.8537
mild,,nan,clip_edges_slow_v0,45a59c010635de1aa28168cb0e223704c877ccc86fd1c6123090cce774c91843,07b257405f757223,,2205ae999b8ff548,B2,16,16,fb2e41a2d7,4,synthetic:edges-v0,ok,mild|clip_edges_slow_v0|mild|rep4|seed20240909,0.7935
mild,,nan,clip_edges_slow_v0,45a59c010635de1aa28168cb0e223704c877ccc86fd1c6123090cce774c91843,07b257405f757223,,d4266d0f2fe5fa87,B2,16,16,fb2e41a2d7,3,synthetic:edges-v0,ok,mild|clip_edges_slow_v0|mild|rep3|seed20240909,0.8167
moderate,,nan,clip_edges_slow_v0,45a59c010635de1aa28168cb0e223704c877ccc86fd1c6123090cce774c91843,07b257405f757223,,6573160a1704facd,B2,16,16,fb2e41a2d7,0,synthetic:edges-v0,ok,moderate|clip_edges_slow_v0|moderate|rep0|seed20240909,0.8858
moderate,,nan,clip_edges_slow_v0,45a59c010635de1aa28168cb0e223704c877ccc86fd1c6123090cce774c91843,07b257405f757223,,7c8906f7aad0585c,B2,16,16,fb2e41a2d7,1,synthetic:edges-v0,ok,moderate|clip_edges_slow_v0|moderate|rep1|seed20240909,0.8835
moderate,,nan,clip_edges_slow_v0,45a59c010635de1aa28168cb0e223704c877ccc86fd1c6123090cce774c91843,07b257405f757223,,fd6b6b465c637d45,B2,16,16,fb2e41a2d7,2,synthetic:edges-v0,ok,moderate|clip_edges_slow_v0|moderate|rep2|seed20240909,0.8884
bursty,,nan,clip_edges_slow_v0,45a59c010635de1aa28168cb0e223704c877ccc86fd1c6123090cce774c91843,07b257405f757223,,89f8fd9059b7ccba,B2,16,16,fb2e41a2d7,0,synthetic:edges-v0,ok,bursty|clip_edges_slow_v0|bursty|rep0|seed20240909,0.8096
bursty,,nan,clip_edges_slow_v0,45a59c010635de1aa28168cb0e223704c877ccc86fd1c6123090cce774c91843,07b257405f757223,,e65aa2e0e8f94643,B2,16,16,fb2e41a2d7,1,synthetic:edges-v0,ok,bursty|clip_edges_slow_v0|bursty|rep1|seed20240909,0.7992
moderate,,nan,clip_edges_slow_v0,45a59c010635de1aa28168cb0e223704c877ccc86fd1c6123090cce774c91843,07b257405f757223,,8443e8d2a4283a45,B2,16,16,fb2e41a2d7,3,synthetic:edges-v0,ok,moderate|clip_edges_slow_v0|moderate|rep3|seed20240909,0.8855
moderate,,nan,clip_edges_slow_v0,45a59c010635de1aa28168cb0e223704c877ccc86fd1c6123090cce774c91843,07b257405f757223,,052c0b30b7b3ab87,B2,16,16,fb2e41a2d7,4,synthetic:edges-v0,ok,moderate|clip_edges_slow_v0|moderate|rep4|seed20240909,0.8873
bursty,,nan,clip_edges_slow_v0,45a59c010635de1aa28168cb0e223704c877ccc86fd1c6123090cce774c91843,07b257405f757223,,7bc309c2a01ea849,B2,16,16,fb2e41a2d7,3,synthetic:edges-v0,ok,bursty|clip_edges_slow_v0|bursty|rep3|seed20240909,0.7652
bursty,,nan,clip_edges_slow_v0,45a59c010635de1aa28168cb0e223704c877ccc86fd1c6123090cce774c91843,07b257405f757223,,fdcb4ad14cc639ee,B2,16,16,fb2e41a2d7,2,synthetic:edges-v0,ok,bursty|clip_edges_slow_v0|bursty|rep2|seed20240909,0.8058
bursty,,nan,clip_edges_slow_v0,45a59c010635de1aa28168cb0e223704c877ccc86fd1c6123090cce774c91843,07b257405f757223,,df2027a93f6b0b1d,B2,16,16,fb2e41a2d7,4,synthetic:edges-v0,ok,bursty|clip_edges_slow_v0|bursty|rep4|seed20240909,0.7475
harsh,,nan,clip_edges_slow_v0,45a59c010635de1aa28168cb0e223704c877ccc86fd1c6123090cce774c91843,07b257405f757223,,f700553fa41e8425,B2,16,16,fb2e41a2d7,0,synthetic:edges-v0,ok,harsh|clip_edges_slow_v0|harsh|rep0|seed20240909,0.8207
harsh,,nan,clip_edges_slow_v0,45a59c010635de1aa28168cb0e223704c877ccc86fd1c6123090cce774c91843,07b257405f757223,,925bfb6d41851ca9,B2,16,16,fb2e41a2d7,1,synthetic:edges-v0,ok,harsh|clip_edges_slow_v0|harsh|rep1|seed20240909,0.8409
bursty,,nan,clip_edges_slow_v0,45a59c010635de1aa28168cb0e223704c877ccc86fd1c6123090cce774c91843,07b257405f757223,,c3c98e1524752bb6,B0d,16,16,fb2e41a2d7,2,synthetic:edges-v0,ok,bursty|clip_edges_slow_v0|bursty|rep2|seed20240909,7.8184
harsh,,nan,clip_edges_slow_v0,45a59c010635de1aa28168cb0e223704c877ccc86fd1c6123090cce774c91843,07b257405f757223,,99fe7758c317346a,B2,16,16,fb2e41a2d7,2,synthetic:edges-v0,ok,harsh|clip_edges_slow_v0|harsh|rep2|seed20240909,0.7978
harsh,,nan,clip_edges_slow_v0,45a59c010635de1aa28168cb0e223704c877ccc86fd1c6123090cce774c91843,07b257405f757223,,c75ca2041e4c0cf1,B2,16,16,fb2e41a2d7,3,synthetic:edges-v0,ok,harsh|clip_edges_slow_v0|harsh|rep3|seed20240909,0.7782
harsh,,nan,clip_edges_slow_v0,45a59c010635de1aa28168cb0e223704c877ccc86fd1c6123090cce774c91843,07b257405f757223,,97a2d2711d616db2,B2,16,16,fb2e41a2d7,4,synthetic:edges-v0,ok,harsh|clip_edges_slow_v0|harsh|rep4|seed20240909,0.7904
bursty,,nan,clip_edges_slow_v0,45a59c010635de1aa28168cb0e223704c877ccc86fd1c6123090cce774c91843,07b257405f757223,,827f3b9047caf1eb,B0d,16,16,fb2e41a2d7,1,synthetic:edges-v0,ok,bursty|clip_edges_slow_v0|bursty|rep1|seed20240909,8.149
bursty,,nan,clip_edges_slow_v0,45a59c010635de1aa28168cb0e223704c877ccc86fd1c6123090cce774c91843,07b257405f757223,,b656cae784e5055a,B0d,16,16,fb2e41a2d7,4,synthetic:edges-v0,ok,bursty|clip_edges_slow_v0|bursty|rep4|seed20240909,8.3481
bursty,,nan,clip_edges_slow_v0,45a59c010635de1aa28168cb0e223704c877ccc86fd1c6123090cce774c91843,07b257405f757223,,2bdfa690a7d266aa,B0d,16,16,fb2e41a2d7,3,synthetic:edges-v0,ok,bursty|clip_edges_slow_v0|bursty|rep3|seed20240909,8.5125
clean,,nan,clip_edges_slow_v0,45a59c010635de1aa28168cb0e223704c877ccc86fd1c6123090cce774c91843,07b257405f757223,,6145e411e9d90c2d,B3,16,16,fb2e41a2d7,1,synthetic:edges-v0,ok,clean|clip_edges_slow_v0|clean|rep1|seed20240909,2.5805
clean,,nan,clip_edges_slow_v0,45a59c010635de1aa28168cb0e223704c877ccc86fd1c6123090cce774c91843,07b257405f757223,,f9311cfeb921587b,B3,16,16,fb2e41a2d7,0,synthetic:edges-v0,ok,clean|clip_edges_slow_v0|clean|rep0|seed20240909,2.6115
clean,,nan,clip_edges_slow_v0,45a59c010635de1aa28168cb0e223704c877ccc86fd1c6123090cce774c91843,07b257405f757223,,c143ac9882697db9,B3,16,16,fb2e41a2d7,2,synthetic:edges-v0,ok,clean|clip_edges_slow_v0|clean|rep2|seed20240909,2.5921
clean,,nan,clip_edges_slow_v0,45a59c010635de1aa28168cb0e223704c877ccc86fd1c6123090cce774c91843,07b257405f757223,,9bb9ce655f0631ee,B3,16,16,fb2e41a2d7,3,synthetic:edges-v0,ok,clean|clip_edges_slow_v0|clean|rep3|seed20240909,2.5768
clean,,nan,clip_edges_slow_v0,45a59c010635de1aa28168cb0e223704c877ccc86fd1c6123090cce774c91843,07b257405f757223,,274dd37d02fdbf58,B3,16,16,fb2e41a2d7,4,synthetic:edges-v0,ok,clean|clip_edges_slow_v0|clean|rep4|seed20240909,2.5778
mild,,nan,clip_edges_slow_v0,45a59c010635de1aa28168cb0e223704c877ccc86fd1c6123090cce774c91843,07b257405f757223,,b8c230b83e443131,B3,16,16,fb2e41a2d7,1,synthetic:edges-v0,ok,mild|clip_edges_slow_v0|mild|rep1|seed20240909,2.6467
mild,,nan,clip_edges_slow_v0,45a59c010635de1aa28168cb0e223704c877ccc86fd1c6123090cce774c91843,07b257405f757223,,321444980f663e20,B3,16,16,fb2e41a2d7,0,synthetic:edges-v0,ok,mild|clip_edges_slow_v0|mild|rep0|seed20240909,2.7386
mild,,nan,clip_edges_slow_v0,45a59c010635de1aa28168cb0e223704c877ccc86fd1c6123090cce774c91843,07b257405f757223,,79c272bf339aa52f,B3,16,16,fb2e41a2d7,2,synthetic:edges-v0,ok,mild|clip_edges_slow_v0|mild|rep2|seed20240909,2.7408
mild,,nan,clip_edges_slow_v0,45a59c010635de1aa28168cb0e223704c877ccc86fd1c6123090cce774c91843,07b257405f757223,,28772edec99c5002,B3,16,16,fb2e41a2d7,3,synthetic:edges-v0,ok,mild|clip_edges_slow_v0|mild|rep3|seed20240909,2.7588
mild,,nan,clip_edges_slow_v0,45a59c010635de1aa28168cb0e223704c877ccc86fd1c6123090cce774c91843,07b257405f757223,,8daf9a580ff49f5c,B3,16,16,fb2e41a2d7,4,synthetic:edges-v0,ok,mild|clip_edges_slow_v0|mild|rep4|seed20240909,2.7449
moderate,,nan,clip_edges_slow_v0,45a59c010635de1aa28168cb0e223704c877ccc86fd1c6123090cce774c91843,07b257405f757223,,0cc5c027ea653a17,B3,16,16,fb2e41a2d7,1,synthetic:edges-v0,ok,moderate|clip_edges_slow_v0|moderate|rep1|seed20240909,3.0473
moderate,,nan,clip_edges_slow_v0,45a59c010635de1aa28168cb0e223704c877ccc86fd1c6123090cce774c91843,07b257405f757223,,f925aeb18b6ba3f0,B3,16,16,fb2e41a2d7,0,synthetic:edges-v0,ok,moderate|clip_edges_slow_v0|moderate|rep0|seed20240909,3.1278
moderate,,nan,clip_edges_slow_v0,45a59c010635de1aa28168cb0e223704c877ccc86fd1c6123090cce774c91843,07b257405f757223,,b8985b8a8e2115d8,B3,16,16,fb2e41a2d7,3,synthetic:edges-v0,ok,moderate|clip_edges_slow_v0|moderate|rep3|seed20240909,2.9947
moderate,,nan,clip_edges_slow_v0,45a59c010635de1aa28168cb0e223704c877ccc86fd1c6123090cce774c91843,07b257405f757223,,1495ff991bd38f48,B3,16,16,fb2e41a2d7,2,synthetic:edges-v0,ok,moderate|clip_edges_slow_v0|moderate|rep2|seed20240909,3.1418
moderate,,nan,clip_edges_slow_v0,45a59c010635de1aa28168cb0e223704c877ccc86fd1c6123090cce774c91843,07b257405f757223,,dbd941195c61e011,B3,16,16,fb2e41a2d7,4,synthetic:edges-v0,ok,moderate|clip_edges_slow_v0|moderate|rep4|seed20240909,2.9573
bursty,,nan,clip_edges_slow_v0,45a59c010635de1aa28168cb0e223704c877ccc86fd1c6123090cce774c91843,07b257405f757223,,088d9a6a291b0934,B3,16,16,fb2e41a2d7,0,synthetic:edges-v0,ok,bursty|clip_edges_slow_v0|bursty|rep0|seed20240909,2.9955
harsh,,nan,clip_edges_slow_v0,45a59c010635de1aa28168cb0e223704c877ccc86fd1c6123090cce774c91843,07b257405f757223,,43a541c1d237b311,B3,16,16,fb2e41a2d7,0,synthetic:edges-v0,ok,harsh|clip_edges_slow_v0|harsh|rep0|seed20240909,2.3868
harsh,,nan,clip_edges_slow_v0,45a59c010635de1aa28168cb0e223704c877ccc86fd1c6123090cce774c91843,07b257405f757223,,a4293fbe6eb92dfd,B3,16,16,fb2e41a2d7,2,synthetic:edges-v0,ok,harsh|clip_edges_slow_v0|harsh|rep2|seed20240909,2.3375
harsh,,nan,clip_edges_slow_v0,45a59c010635de1aa28168cb0e223704c877ccc86fd1c6123090cce774c91843,07b257405f757223,,f3f46d84b3fceb14,B3,16,16,fb2e41a2d7,1,synthetic:edges-v0,ok,harsh|clip_edges_slow_v0|harsh|rep1|seed20240909,2.4569
harsh,,nan,clip_edges_slow_v0,45a59c010635de1aa28168cb0e223704c877ccc86fd1c6123090cce774c91843,07b257405f757223,,e8d92996bbdd4ca9,B3,16,16,fb2e41a2d7,3,synthetic:edges-v0,ok,harsh|clip_edges_slow_v0|harsh|rep3|seed20240909,2.2995
harsh,,nan,clip_edges_slow_v0,45a59c010635de1aa28168cb0e223704c877ccc86fd1c6123090cce774c91843,07b257405f757223,,f3f62ef9337c41f5,B3,16,16,fb2e41a2d7,4,synthetic:edges-v0,ok,harsh|clip_edges_slow_v0|harsh|rep4|seed20240909,2.2672
bursty,,nan,clip_edges_slow_v0,45a59c010635de1aa28168cb0e223704c877ccc86fd1c6123090cce774c91843,07b257405f757223,,e53fe2f75283dc7e,B3,16,16,fb2e41a2d7,1,synthetic:edges-v0,ok,bursty|clip_edges_slow_v0|bursty|rep1|seed20240909,3.0204
bursty,,nan,clip_edges_slow_v0,45a59c010635de1aa28168cb0e223704c877ccc86fd1c6123090cce774c91843,07b257405f757223,,82da34a2c5ac2a79,B3,16,16,fb2e41a2d7,2,synthetic:edges-v0,ok,bursty|clip_edges_slow_v0|bursty|rep2|seed20240909,3.0289
bursty,,nan,clip_edges_slow_v0,45a59c010635de1aa28168cb0e223704c877ccc86fd1c6123090cce774c91843,07b257405f757223,,9e68e5db6939ec1a,B3,16,16,fb2e41a2d7,3,synthetic:edges-v0,ok,bursty|clip_edges_slow_v0|bursty|rep3|seed20240909,3.3198
bursty,,nan,clip_edges_slow_v0,45a59c010635de1aa28168cb0e223704c877ccc86fd1c6123090cce774c91843,07b257405f757223,,525c64a95f9afed4,B3,16,16,fb2e41a2d7,4,synthetic:edges-v0,ok,bursty|clip_edges_slow_v0|bursty|rep4|seed20240909,3.3502
clean,,nan,clip_edges_slow_v0,45a59c010635de1aa28168cb0e223704c877ccc86fd1c6123090cce774c91843,07b257405f757223,,e37aa0e9367af021,B4,16,16,fb2e41a2d7,0,synthetic:edges-v0,ok,clean|clip_edges_slow_v0|clean|rep0|seed20240909,5.6502
clean,,nan,clip_edges_slow_v0,45a59c010635de1aa28168cb0e223704c877ccc86fd1c6123090cce774c91843,07b257405f757223,,f65067e7641cf15d,B4,16,16,fb2e41a2d7,1,synthetic:edges-v0,ok,clean|clip_edges_slow_v0|clean|rep1|seed20240909,5.6183
clean,,nan,clip_edges_slow_v0,45a59c010635de1aa28168cb0e223704c877ccc86fd1c6123090cce774c91843,07b257405f757223,,c3756e1a5ee4d265,B4,16,16,fb2e41a2d7,2,synthetic:edges-v0,ok,clean|clip_edges_slow_v0|clean|rep2|seed20240909,5.5581
clean,,nan,clip_edges_slow_v0,45a59c010635de1aa28168cb0e223704c877ccc86fd1c6123090cce774c91843,07b257405f757223,,5d07db788d2d57ec,B4,16,16,fb2e41a2d7,3,synthetic:edges-v0,ok,clean|clip_edges_slow_v0|clean|rep3|seed20240909,5.5533
clean,,nan,clip_edges_slow_v0,45a59c010635de1aa28168cb0e223704c877ccc86fd1c6123090cce774c91843,07b257405f757223,,8f52b4f854a1d44a,B4,16,16,fb2e41a2d7,4,synthetic:edges-v0,ok,clean|clip_edges_slow_v0|clean|rep4|seed20240909,5.5987
mild,,nan,clip_edges_slow_v0,45a59c010635de1aa28168cb0e223704c877ccc86fd1c6123090cce774c91843,07b257405f757223,,a4aedc798152542c,B4,16,16,fb2e41a2d7,0,synthetic:edges-v0,ok,mild|clip_edges_slow_v0|mild|rep0|seed20240909,5.8277
mild,,nan,clip_edges_slow_v0,45a59c010635de1aa28168cb0e223704c877ccc86fd1c6123090cce774c91843,07b257405f757223,,76c15ef0e4c66e3d,B4,16,16,fb2e41a2d7,1,synthetic:edges-v0,ok,mild|clip_edges_slow_v0|mild|rep1|seed20240909,5.7864
mild,,nan,clip_edges_slow_v0,45a59c010635de1aa28168cb0e223704c877ccc86fd1c6123090cce774c91843,07b257405f757223,,0ac19e1d5c8a6f28,B4,16,16,fb2e41a2d7,2,synthetic:edges-v0,ok,mild|clip_edges_slow_v0|mild|rep2|seed20240909,5.6373
mild,,nan,clip_edges_slow_v0,45a59c010635de1aa28168cb0e223704c877ccc86fd1c6123090cce774c91843,07b257405f757223,,162f79eb5282cbef,B4,16,16,fb2e41a2d7,3,synthetic:edges-v0,ok,mild|clip_edges_slow_v0|mild|rep3|seed20240909,5.6597
mild,,nan,clip_edges_slow_v0,45a59c010635de1aa28168cb0e223704c877ccc86fd1c6123090cce774c91843,07b257405f757223,,ba8242661f2a6fd1,B4,16,16,fb2e41a2d7,4,synthetic:edges-v0,ok,mild|clip_edges_slow_v0|mild|rep4|seed20240909,5.6625
harsh,,nan,clip_edges_slow_v0,45a59c010635de1aa28168cb0e223704c877ccc86fd1c6123090cce774c91843,07b257405f757223,,f6699a951ee4c35d,B4,16,16,fb2e41a2d7,0,synthetic:edges-v0,ok,harsh|clip_edges_slow_v0|harsh|rep0|seed20240909,3.1188
harsh,,nan,clip_edges_slow_v0,45a59c010635de1aa28168cb0e223704c877ccc86fd1c6123090cce774c91843,07b257405f757223,,d18343c3994686aa,B4,16,16,fb2e41a2d7,1,synthetic:edges-v0,ok,harsh|clip_edges_slow_v0|harsh|rep1|seed20240909,2.9394
harsh,,nan,clip_edges_slow_v0,45a59c010635de1aa28168cb0e223704c877ccc86fd1c6123090cce774c91843,07b257405f757223,,8dd19fa4498503b8,B4,16,16,fb2e41a2d7,2,synthetic:edges-v0,ok,harsh|clip_edges_slow_v0|harsh|rep2|seed20240909,2.9841
moderate,,nan,clip_edges_slow_v0,45a59c010635de1aa28168cb0e223704c877ccc86fd1c6123090cce774c91843,07b257405f757223,,a39fafc014aa9eed,B4,16,16,fb2e41a2d7,0,synthetic:edges-v0,ok,moderate|clip_edges_slow_v0|moderate|rep0|seed20240909,8.2436
harsh,,nan,clip_edges_slow_v0,45a59c010635de1aa28168cb0e223704c877ccc86fd1c6123090cce774c91843,07b257405f757223,,c86bf46ee56c41a9,B4,16,16,fb2e41a2d7,3,synthetic:edges-v0,ok,harsh|clip_edges_slow_v0|harsh|rep3|seed20240909,2.9722
moderate,,nan,clip_edges_slow_v0,45a59c010635de1aa28168cb0e223704c877ccc86fd1c6123090cce774c91843,07b257405f757223,,3869fef4e59605a6,B4,16,16,fb2e41a2d7,3,synthetic:edges-v0,ok,moderate|clip_edges_slow_v0|moderate|rep3|seed20240909,8.3118
bursty,,nan,clip_edges_slow_v0,45a59c010635de1aa28168cb0e223704c877ccc86fd1c6123090cce774c91843,07b257405f757223,,de44a0e837eda2e3,B4,16,16,fb2e41a2d7,0,synthetic:edges-v0,ok,bursty|clip_edges_slow_v0|bursty|rep0|seed20240909,8.0012
harsh,,nan,clip_edges_slow_v0,45a59c010635de1aa28168cb0e223704c877ccc86fd1c6123090cce774c91843,07b257405f757223,,e3845bbd9bf8d091,B4,16,16,fb2e41a2d7,4,synthetic:edges-v0,ok,harsh|clip_edges_slow_v0|harsh|rep4|seed20240909,2.8954
moderate,,nan,clip_edges_slow_v0,45a59c010635de1aa28168cb0e223704c877ccc86fd1c6123090cce774c91843,07b257405f757223,,9d97d6206876f756,B4,16,16,fb2e41a2d7,1,synthetic:edges-v0,ok,moderate|clip_edges_slow_v0|moderate|rep1|seed20240909,8.4618
moderate,,nan,clip_edges_slow_v0,45a59c010635de1aa28168cb0e223704c877ccc86fd1c6123090cce774c91843,07b257405f757223,,8b1ff4a1da1314e6,B4,16,16,fb2e41a2d7,2,synthetic:edges-v0,ok,moderate|clip_edges_slow_v0|moderate|rep2|seed20240909,8.5928
moderate,,nan,clip_edges_slow_v0,45a59c010635de1aa28168cb0e223704c877ccc86fd1c6123090cce774c91843,07b257405f757223,,bf86170eebd99953,B4,16,16,fb2e41a2d7,4,synthetic:edges-v0,ok,moderate|clip_edges_slow_v0|moderate|rep4|seed20240909,8.4246
bursty,,nan,clip_edges_slow_v0,45a59c010635de1aa28168cb0e223704c877ccc86fd1c6123090cce774c91843,07b257405f757223,,7788449df6fb56e6,B4,16,16,fb2e41a2d7,2,synthetic:edges-v0,ok,bursty|clip_edges_slow_v0|bursty|rep2|seed20240909,7.4993
bursty,,nan,clip_edges_slow_v0,45a59c010635de1aa28168cb0e223704c877ccc86fd1c6123090cce774c91843,07b257405f757223,,f8ff5a1728f6603d,B4,16,16,fb2e41a2d7,1,synthetic:edges-v0,ok,bursty|clip_edges_slow_v0|bursty|rep1|seed20240909,8.1397
bursty,,nan,clip_edges_slow_v0,45a59c010635de1aa28168cb0e223704c877ccc86fd1c6123090cce774c91843,07b257405f757223,,aafebb15aca05c50,B4,16,16,fb2e41a2d7,4,synthetic:edges-v0,ok,bursty|clip_edges_slow_v0|bursty|rep4|seed20240909,8.1169
bursty,,nan,clip_edges_slow_v0,45a59c010635de1aa28168cb0e223704c877ccc86fd1c6123090cce774c91843,07b257405f757223,,d0b045e96a7bfe8a,B4,16,16,fb2e41a2d7,3,synthetic:edges-v0,ok,bursty|clip_edges_slow_v0|bursty|rep3|seed20240909,8.3705
clean,,nan,clip_edges_slow_v0,45a59c010635de1aa28168cb0e223704c877ccc86fd1c6123090cce774c91843,07b257405f757223,,e393b2adbef306d7,P,16,16,8da29d3843,0,synthetic:edges-v0,ok,clean|clip_edges_slow_v0|clean|rep0|seed20240909,7.5925
clean,,nan,clip_edges_slow_v0,45a59c010635de1aa28168cb0e223704c877ccc86fd1c6123090cce774c91843,07b257405f757223,,1ef21c7be329cb55,P,16,16,8da29d3843,1,synthetic:edges-v0,ok,clean|clip_edges_slow_v0|clean|rep1|seed20240909,7.6232
clean,,nan,clip_edges_slow_v0,45a59c010635de1aa28168cb0e223704c877ccc86fd1c6123090cce774c91843,07b257405f757223,,1e3b56467c356a4e,P,16,16,8da29d3843,2,synthetic:edges-v0,ok,clean|clip_edges_slow_v0|clean|rep2|seed20240909,7.643
clean,,nan,clip_edges_slow_v0,45a59c010635de1aa28168cb0e223704c877ccc86fd1c6123090cce774c91843,07b257405f757223,,42a0aab1a492cba7,P,16,16,8da29d3843,3,synthetic:edges-v0,ok,clean|clip_edges_slow_v0|clean|rep3|seed20240909,7.6795
clean,,nan,clip_edges_slow_v0,45a59c010635de1aa28168cb0e223704c877ccc86fd1c6123090cce774c91843,07b257405f757223,,1047c8284ba5ebaf,P,16,16,8da29d3843,4,synthetic:edges-v0,ok,clean|clip_edges_slow_v0|clean|rep4|seed20240909,7.6759
mild,,nan,clip_edges_slow_v0,45a59c010635de1aa28168cb0e223704c877ccc86fd1c6123090cce774c91843,07b257405f757223,,0fae696291d61394,P,16,16,8da29d3843,0,synthetic:edges-v0,ok,mild|clip_edges_slow_v0|mild|rep0|seed20240909,8.0674
mild,,nan,clip_edges_slow_v0,45a59c010635de1aa28168cb0e223704c877ccc86fd1c6123090cce774c91843,07b257405f757223,,86a4835e5777909e,P,16,16,8da29d3843,4,synthetic:edges-v0,ok,mild|clip_edges_slow_v0|mild|rep4|seed20240909,7.9774
mild,,nan,clip_edges_slow_v0,45a59c010635de1aa28168cb0e223704c877ccc86fd1c6123090cce774c91843,07b257405f757223,,60b1e521cefa5402,P,16,16,8da29d3843,1,synthetic:edges-v0,ok,mild|clip_edges_slow_v0|mild|rep1|seed20240909,8.1801
mild,,nan,clip_edges_slow_v0,45a59c010635de1aa28168cb0e223704c877ccc86fd1c6123090cce774c91843,07b257405f757223,,d6ea6d190585deb9,P,16,16,8da29d3843,2,synthetic:edges-v0,ok,mild|clip_edges_slow_v0|mild|rep2|seed20240909,8.172
mild,,nan,clip_edges_slow_v0,45a59c010635de1aa28168cb0e223704c877ccc86fd1c6123090cce774c91843,07b257405f757223,,559c81ef507887c8,P,16,16,8da29d3843,3,synthetic:edges-v0,ok,mild|clip_edges_slow_v0|mild|rep3|seed20240909,8.2832
clean,,nan,clip_edges_fast_v9,2c2a7f61cd09147093611189471ea6500661cda04d55947f52b34c1afb9f3057,07b257405f757223,,f7dff4adc0702cac,B0a,16,16,fb2e41a2d7,0,synthetic:edges-v9,ok,clean|clip_edges_fast_v9|clean|rep0|seed20240909,0.4319
clean,,nan,clip_edges_fast_v9,2c2a7f61cd09147093611189471ea6500661cda04d55947f52b34c1afb9f3057,07b257405f757223,,8afb34d1415a559e,B0a,16,16,fb2e41a2d7,1,synthetic:edges-v9,ok,clean|clip_edges_fast_v9|clean|rep1|seed20240909,0.4198
clean,,nan,clip_edges_fast_v9,2c2a7f61cd09147093611189471ea6500661cda04d55947f52b34c1afb9f3057,07b257405f757223,,f22ae5a7c12ffe11,B0a,16,16,fb2e41a2d7,2,synthetic:edges-v9,ok,clean|clip_edges_fast_v9|clean|rep2|seed20240909,0.3905
clean,,nan,clip_edges_fast_v9,2c2a7f61cd09147093611189471ea6500661cda04d55947f52b34c1afb9f3057,07b257405f757223,,7986fd3030114c7c,B0a,16,16,fb2e41a2d7,3,synthetic:edges-v9,ok,clean|clip_edges_fast_v9|clean|rep3|seed20240909,0.4113
clean,,nan,clip_edges_fast_v9,2c2a7f61cd09147093611189471ea6500661cda04d55947f52b34c1afb9f3057,07b257405f757223,,66172384195eb557,B0a,16,16,fb2e41a2d7,4,synthetic:edges-v9,ok,clean|clip_edges_fast_v9|clean|rep4|seed20240909,0.4268
mild,,nan,clip_edges_fast_v9,2c2a7f61cd09147093611189471ea6500661cda04d55947f52b34c1afb9f3057,07b257405f757223,,cb5ed3a5104b8a73,B0a,16,16,fb2e41a2d7,0,synthetic:edges-v9,ok,mild|clip_edges_fast_v9|mild|rep0|seed20240909,0.6569
mild,,nan,clip_edges_fast_v9,2c2a7f61cd09147093611189471ea6500661cda04d55947f52b34c1afb9f3057,07b257405f757223,,ff9e97e211ff3705,B0a,16,16,fb2e41a2d7,1,synthetic:edges-v9,ok,mild|clip_edges_fast_v9|mild|rep1|seed20240909,0.6615
mild,,nan,clip_edges_fast_v9,2c2a7f61cd09147093611189471ea6500661cda04d55947f52b34c1afb9f3057,07b257405f757223,,444ababb9b6388e5,B0a,16,16,fb2e41a2d7,2,synthetic:edges-v9,ok,mild|clip_edges_fast_v9|mild|rep2|seed20240909,0.6747
harsh,,nan,clip_edges_slow_v0,45a59c010635de1aa28168cb0e223704c877ccc86fd1c6123090cce774c91843,07b257405f757223,,f50cd22830e44b42,P,16,16,8da29d3843,0,synthetic:edges-v0,ok,harsh|clip_edges_slow_v0|harsh|rep0|seed20240909,5.0116
harsh,,nan,clip_edges_slow_v0,45a59c010635de1aa28168cb0e223704c877ccc86fd1c6123090cce774c91843,07b257405f757223,,084cf4588aa2ca7e,P,16,16,8da29d3843,3,synthetic:edges-v0,ok,harsh|clip_edges_slow_v0|harsh|rep3|seed20240909,4.8068
mild,,nan,clip_edges_fast_v9,2c2a7f61cd09147093611189471ea6500661cda04d55947f52b34c1afb9f3057,07b257405f757223,,4e3c4134b152f6df,B0a,16,16,fb2e41a2d7,3,synthetic:edges-v9,ok,mild|clip_edges_fast_v9|mild|rep3|seed20240909,0.6302
harsh,,nan,clip_edges_slow_v0,45a59c010635de1aa28168cb0e223704c877ccc86fd1c6123090cce774c91843,07b257405f757223,,cc7b07e1ef100723,P,16,16,8da29d3843,1,synthetic:edges-v0,ok,harsh|clip_edges_slow_v0|harsh|rep1|seed20240909,5.0444
harsh,,nan,clip_edges_slow_v0,45a59c010635de1aa28168cb0e223704c877ccc86fd1c6123090cce774c91843,07b257405f757223,,593eee6082c94fa0,P,16,16,8da29d3843,2,synthetic:edges-v0,ok,harsh|clip_edges_slow_v0|harsh|rep2|seed20240909,5.0885
mild,,nan,clip_edges_fast_v9,2c2a7f61cd09147093611189471ea6500661cda04d55947f52b34c1afb9f3057,07b257405f757223,,b6412778a5cdcd2e,B0a,16,16,fb2e41a2d7,4,synthetic:edges-v9,ok,mild|clip_edges_fast_v9|mild|rep4|seed20240909,0.6607
harsh,,nan,clip_edges_slow_v0,45a59c010635de1aa28168cb0e223704c877ccc86fd1c6123090cce774c91843,07b257405f757223,,ec9aa52eb846eae9,P,16,16,8da29d3843,4,synthetic:edges-v0,ok,harsh|clip_edges_slow_v0|harsh|rep4|seed20240909,5.1447
moderate,,nan,clip_edges_fast_v9,2c2a7f61cd09147093611189471ea6500661cda04d55947f52b34c1afb9f3057,07b257405f757223,,56ddee5f01fa83ad,B0a,16,16,fb2e41a2d7,0,synthetic:edges-v9,ok,moderate|clip_edges_fast_v9|moderate|rep0|seed20240909,0.6979
moderate,,nan,clip_edges_fast_v9,2c2a7f61cd09147093611189471ea6500661cda04d55947f52b34c1afb9f3057,07b257405f757223,,79a290a7cb893919,B0a,16,16,fb2e41a2d7,1,synthetic:edges-v9,ok,moderate|clip_edges_fast_v9|moderate|rep1|seed20240909,0.6625
moderate,,nan,clip_edges_fast_v9,2c2a7f61cd09147093611189471ea6500661cda04d55947f52b34c1afb9f3057,07b257405f757223,,804c685058ad4787,B0a,16,16,fb2e41a2d7,2,synthetic:edges-v9,ok,moderate|clip_edges_fast_v9|moderate|rep2|seed20240909,0.6866
moderate,,nan,clip_edges_fast_v9,2c2a7f61cd09147093611189471ea6500661cda04d55947f52b34c1afb9f3057,07b257405f757223,,ceffa304d5453a0f,B0a,16,16,fb2e41a2d7,3,synthetic:edges-v9,ok,moderate|clip_edges_fast_v9|moderate|rep3|seed20240909,0.7322
moderate,,nan,clip_edges_fast_v9,2c2a7f61cd09147093611189471ea6500661cda04d55947f52b34c1afb9f3057,07b257405f757223,,2212cd23daedc44f,B0a,16,16,fb2e41a2d7,4,synthetic:edges-v9,ok,moderate|clip_edges_fast_v9|moderate|rep4|seed20240909,0.7278
bursty,,nan,clip_edges_fast_v9,2c2a7f61cd09147093611189471ea6500661cda04d55947f52b34c1afb9f3057,07b257405f757223,,b7d56b395f0a026e,B0a,16,16,fb2e41a2d7,0,synthetic:edges-v9,ok,bursty|clip_edges_fast_v9|bursty|rep0|seed20240909,0.7006
moderate,,nan,clip_edges_slow_v0,45a59c010635de1aa28168cb0e223704c877ccc86fd1c6123090cce774c91843,07b257405f757223,,078ee03efc7cabe8,P,16,16,8da29d3843,0,synthetic:edges-v0,ok,moderate|clip_edges_slow_v0|moderate|rep0|seed20240909,14.0392
bursty,,nan,clip_edges_fast_v9,2c2a7f61cd09147093611189471ea6500661cda04d55947f52b34c1afb9f3057,07b257405f757223,,c140d1ab9a78b4da,B0a,16,16,fb2e41a2d7,1,synthetic:edges-v9,ok,bursty|clip_edges_fast_v9|bursty|rep1|seed20240909,0.7041
bursty,,nan,clip_edges_fast_v9,2c2a7f61cd09147093611189471ea6500661cda04d55947f52b34c1afb9f3057,07b257405f757223,,99d2512d2fa599c6,B0a,16,16,fb2e41a2d7,2,synthetic:edges-v9,ok,bursty|clip_edges_fast_v9|bursty|rep2|seed20240909,0.7238
bursty,,nan,clip_edges_fast_v9,2c2a7f61cd09147093611189471ea6500661cda04d55947f52b34c1afb9f3057,07b257405f757223,,9ca1942f4e1989d2,B0a,16,16,fb2e41a2d7,3,synthetic:edges-v9,ok,bursty|clip_edges_fast_v9|bursty|rep3|seed20240909,0.6958
bursty,,nan,clip_edges_fast_v9,2c2a7f61cd09147093611189471ea6500661cda04d55947f52b34c1afb9f3057,07b257405f757223,,cf2b6f97ca5de388,B0a,16,16,fb2e41a2d7,4,synthetic:edges-v9,ok,bursty|clip_edges_fast_v9|bursty|rep4|seed20240909,0.6595
harsh,,nan,clip_edges_fast_v9,2c2a7f61cd09147093611189471ea6500661cda04d55947f52b34c1afb9f3057,07b257405f757223,,f669fa8b040c274f,B0a,16,16,fb2e41a2d7,0,synthetic:edges-v9,ok,harsh|clip_edges_fast_v9|harsh|rep0|seed20240909,0.6798
harsh,,nan,clip_edges_fast_v9,2c2a7f61cd09147093611189471ea6500661cda04d55947f52b34c1afb9f3057,07b257405f757223,,e8d1ae41a8a38d7d,B0a,16,16,fb2e41a2d7,1,synthetic:edges-v9,ok,harsh|clip_edges_fast_v9|harsh|rep1|seed20240909,0.7128
harsh,,nan,clip_edges_fast_v9,2c2a7f61cd09147093611189471ea6500661cda04d55947f52b34c1afb9f3057,07b257405f757223,,8743867d802ce6c8,B0a,16,16,fb2e41a2d7,2,synthetic:edges-v9,ok,harsh|clip_edges_fast_v9|harsh|rep2|seed20240909,0.7159
harsh,,nan,clip_edges_fast_v9,2c2a7f61cd09147093611189471ea6500661cda04d55947f52b34c1afb9f3057,07b257405f757223,,c25363dd0bfad658,B0a,16,16,fb2e41a2d7,3,synthetic:edges-v9,ok,harsh|clip_edges_fast_v9|harsh|rep3|seed20240909,0.7455
harsh,,nan,clip_edges_fast_v9,2c2a7f61cd09147093611189471ea6500661cda04d55947f52b34c1afb9f3057,07b257405f757223,,39e4a0ccd16e5bf2,B0a,16,16,fb2e41a2d7,4,synthetic:edges-v9,ok,harsh|clip_edges_fast_v9|harsh|rep4|seed20240909,0.7286
moderate,,nan,clip_edges_slow_v0,45a59c010635de1aa28168cb0e223704c877ccc86fd1c6123090cce774c91843,07b257405f757223,,026855a18593b9cc,P,16,16,8da29d3843,1,synthetic:edges-v0,ok,moderate|clip_edges_slow_v0|moderate|rep1|seed20240909,14.9656
clean,,nan,clip_edges_fast_v9,2c2a7f61cd09147093611189471ea6500661cda04d55947f52b34c1afb9f3057,07b257405f757223,,9a09e24230d7dbfd,B0a-R,16,16,fb2e41a2d7,0,synthetic:edges-v9,ok,clean|clip_edges_fast_v9|clean|rep0|seed20240909,1.3174
clean,,nan,clip_edges_fast_v9,2c2a7f61cd09147093611189471ea6500661cda04d55947f52b34c1afb9f3057,07b257405f757223,,c99fedccca3014af,B0a-R,16,16,fb2e41a2d7,1,synthetic:edges-v9,ok,clean|clip_edges_fast_v9|clean|rep1|seed20240909,1.3391
clean,,nan,clip_edges_fast_v9,2c2a7f61cd09147093611189471ea6500661cda04d55947f52b34c1afb9f3057,07b257405f757223,,9ecd726f5d7413f6,B0a-R,16,16,fb2e41a2d7,2,synthetic:edges-v9,ok,clean|clip_edges_fast_v9|clean|rep2|seed20240909,1.3975
clean,,nan,clip_edges_fast_v9,2c2a7f61cd09147093611189471ea6500661cda04d55947f52b34c1afb9f3057,07b257405f757223,,be30e9d66e4a7dca,B0a-R,16,16,fb2e41a2d7,3,synthetic:edges-v9,ok,clean|clip_edges_fast_v9|clean|rep3|seed20240909,1.4047
clean,,nan,clip_edges_fast_v9,2c2a7f61cd09147093611189471ea6500661cda04d55947f52b34c1afb9f3057,07b257405f757223,,1b7d34ce9f38f6a5,B0a-R,16,16,fb2e41a2d7,4,synthetic:edges-v9,ok,clean|clip_edges_fast_v9|clean|rep4|seed20240909,1.3652
mild,,nan,clip_edges_fast_v9,2c2a7f61cd09147093611189471ea6500661cda04d55947f52b34c1afb9f3057,07b257405f757223,,24c8287af67b72c3,B0a-R,16,16,fb2e41a2d7,0,synthetic:edges-v9,ok,mild|clip_edges_fast_v9|mild|rep0|seed20240909,1.863
mild,,nan,clip_edges_fast_v9,2c2a7f61cd09147093611189471ea6500661cda04d55947f52b34c1afb9f3057,07b257405f757223,,8efa4a42829a3847,B0a-R,16,16,fb2e41a2d7,1,synthetic:edges-v9,ok,mild|clip_edges_fast_v9|mild|rep1|seed20240909,1.8783
mild,,nan,clip_edges_fast_v9,2c2a7f61cd09147093611189471ea6500661cda04d55947f52b34c1afb9f3057,07b257405f757223,,d6dc587a92043522,B0a-R,16,16,fb2e41a2d7,2,synthetic:edges-v9,ok,mild|clip_edges_fast_v9|mild|rep2|seed20240909,1.8653
mild,,nan,clip_edges_fast_v9,2c2a7f61cd09147093611189471ea6500661cda04d55947f52b34c1afb9f3057,07b257405f757223,,6fbc306fb2f6cc62,B0a-R,16,16,fb2e41a2d7,3,synthetic:edges-v9,ok,mild|clip_edges_fast_v9|mild|rep3|seed20240909,1.8675
mild,,nan,clip_edges_fast_v9,2c2a7f61cd09147093611189471ea6500661cda04d55947f52b34c1afb9f3057,07b257405f757223,,39a36b6ca6a7aab3,B0a-R,16,16,fb2e41a2d7,4,synthetic:edges-v9,ok,mild|clip_edges_fast_v9|mild|rep4|seed20240909,1.8266
moderate,,nan,clip_edges_fast_v9,2c2a7f61cd09147093611189471ea6500661cda04d55947f52b34c1afb9f3057,07b257405f757223,,9ba07dec58bafb3e,B0a-R,16,16,fb2e41a2d7,0,synthetic:edges-v9,ok,moderate|clip_edges_fast_v9|moderate|rep0|seed20240909,2.0014
moderate,,nan,clip_edges_fast_v9,2c2a7f61cd09147093611189471ea6500661cda04d55947f52b34c1afb9f3057,07b257405f757223,,b43a21f9c52cda95,B0a-R,16,16,fb2e41a2d7,1,synthetic:edges-v9,ok,moderate|clip_edges_fast_v9|moderate|rep1|seed20240909,1.9908
moderate,,nan,clip_edges_fast_v9,2c2a7f61cd09147093611189471ea6500661cda04d55947f52b34c1afb9f3057,07b257405f757223,,9bedeae7d708068c,B0a-R,16,16,fb2e41a2d7,2,synthetic:edges-v9,ok,moderate|clip_edges_fast_v9|moderate|rep2|seed20240909,1.9999
moderate,,nan,clip_edges_slow_v0,45a59c010635de1aa28168cb0e223704c877ccc86fd1c6123090cce774c91843,07b257405f757223,,c630d48c8df9afe3,P,16,16,8da29d3843,2,synthetic:edges-v0,ok,moderate|clip_edges_slow_v0|moderate|rep2|seed20240909,15.8616
bursty,,nan,clip_edges_slow_v0,45a59c010635de1aa28168cb0e223704c877ccc86fd1c6123090cce774c91843,07b257405f757223,,1aed003a2f2cd327,P,16,16,8da29d3843,0,synthetic:edges-v0,ok,bursty|clip_edges_slow_v0|bursty|rep0|seed20240909,15.0049
moderate,,nan,clip_edges_fast_v9,2c2a7f61cd09147093611189471ea6500661cda04d55947f52b34c1afb9f3057,07b257405f757223,,69081189a6b4dc69,B0a-R,16,16,fb2e41a2d7,3,synthetic:edges-v9,ok,moderate|clip_edges_fast_v9|moderate|rep3|seed20240909,1.966
moderate,,nan,clip_edges_fast_v9,2c2a7f61cd09147093611189471ea6500661cda04d55947f52b34c1afb9f3057,07b257405f757223,,6fdec287e69c3e69,B0a-R,16,16,fb2e41a2d7,4,synthetic:edges-v9,ok,moderate|clip_edges_fast_v9|moderate|rep4|seed20240909,2.0116
bursty,,nan,clip_edges_fast_v9,2c2a7f61cd09147093611189471ea6500661cda04d55947f52b34c1afb9f3057,07b257405f757223,,6fef4fab8088dc04,B0a-R,16,16,fb2e41a2d7,0,synthetic:edges-v9,ok,bursty|clip_edges_fast_v9|bursty|rep0|seed20240909,1.8312
moderate,,nan,clip_edges_slow_v0,45a59c010635de1aa28168cb0e223704c877ccc86fd1c6123090cce774c91843,07b257405f757223,,c6cbe277b38384ab,P,16,16,8da29d3843,3,synthetic:edges-v0,ok,moderate|clip_edges_slow_v0|moderate|rep3|seed20240909,15.9611
moderate,,nan,clip_edges_slow_v0,45a59c010635de1aa28168cb0e223704c877ccc86fd1c6123090cce774c91843,07b257405f757223,,d2b7056e83925ccb,P,16,16,8da29d3843,4,synthetic:edges-v0,ok,moderate|clip_edges_slow_v0|moderate|rep4|seed20240909,15.8136
bursty,,nan,clip_edges_fast_v9,2c2a7f61cd09147093611189471ea6500661cda04d55947f52b34c1afb9f3057,07b257405f757223,,3f3314deb65400be,B0a-R,16,16,fb2e41a2d7,1,synthetic:edges-v9,ok,bursty|clip_edges_fast_v9|bursty|rep1|seed20240909,1.8916
bursty,,nan,clip_edges_fast_v9,2c2a7f61cd09147093611189471ea6500661cda04d55947f52b34c1afb9f3057,07b257405f757223,,502c6723450dd791,B0a-R,16,16,fb2e41a2d7,2,synthetic:edges-v9,ok,bursty|clip_edges_fast_v9|bursty|rep2|seed20240909,1.9913
bursty,,nan,clip_edges_fast_v9,2c2a7f61cd09147093611189471ea6500661cda04d55947f52b34c1afb9f3057,07b257405f757223,,0b07141b1dfc410a,B0a-R,16,16,fb2e41a2d7,3,synthetic:edges-v9,ok,bursty|clip_edges_fast_v9|bursty|rep3|seed20240909,1.8122
bursty,,nan,clip_edges_fast_v9,2c2a7f61cd09147093611189471ea6500661cda04d55947f52b34c1afb9f3057,07b257405f757223,,c92daa5a344fb44a,B0a-R,16,16,fb2e41a2d7,4,synthetic:edges-v9,ok,bursty|clip_edges_fast_v9|bursty|rep4|seed20240909,1.8831
harsh,,nan,clip_edges_fast_v9,2c2a7f61cd09147093611189471ea6500661cda04d55947f52b34c1afb9f3057,07b257405f757223,,2e8bdc83add2c9d3,B0a-R,16,16,fb2e41a2d7,0,synthetic:edges-v9,ok,harsh|clip_edges_fast_v9|harsh|rep0|seed20240909,1.9293
bursty,,nan,clip_edges_slow_v0,45a59c010635de1aa28168cb0e223704c877ccc86fd1c6123090cce774c91843,07b257405f757223,,5bf3aa1f78cb1bf3,P,16,16,8da29d3843,1,synthetic:edges-v0,ok,bursty|clip_edges_slow_v0|bursty|rep1|seed20240909,15.5776
harsh,,nan,clip_edges_fast_v9,2c2a7f61cd09147093611189471ea6500661cda04d55947f52b34c1afb9f3057,07b257405f757223,,a976ade0e3ef2d39,B0a-R,16,16,fb2e41a2d7,2,synthetic:edges-v9,ok,harsh|clip_edges_fast_v9|harsh|rep2|seed20240909,1.9191
harsh,,nan,clip_edges_fast_v9,2c2a7f61cd09147093611189471ea6500661cda04d55947f52b34c1afb9f3057,07b257405f757223,,b6c02ead553c4655,B0a-R,16,16,fb2e41a2d7,1,synthetic:edges-v9,ok,harsh|clip_edges_fast_v9|harsh|rep1|seed20240909,2.0179
harsh,,nan,clip_edges_fast_v9,2c2a7f61cd09147093611189471ea6500661cda04d55947f52b34c1afb9f3057,07b257405f757223,,1c2365dfa45b9545,B0a-R,16,16,fb2e41a2d7,4,synthetic:edges-v9,ok,harsh|clip_edges_fast_v9|harsh|rep4|seed20240909,1.9218
harsh,,nan,clip_edges_fast_v9,2c2a7f61cd09147093611189471ea6500661cda04d55947f52b34c1afb9f3057,07b257405f757223,,a3b349e8e3351922,B0a-R,16,16,fb2e41a2d7,3,synthetic:edges-v9,ok,harsh|clip_edges_fast_v9|harsh|rep3|seed20240909,2.0139
bursty,,nan,clip_edges_slow_v0,45a59c010635de1aa28168cb0e223704c877ccc86fd1c6123090cce774c91843,07b257405f757223,,def8fac80da95204,P,16,16,8da29d3843,2,synthetic:edges-v0,ok,bursty|clip_edges_slow_v0|bursty|rep2|seed20240909,15.8297
bursty,,nan,clip_edges_slow_v0,45a59c010635de1aa28168cb0e223704c877ccc86fd1c6123090cce774c91843,07b257405f757223,,7f256023652ede70,P,16,16,8da29d3843,4,synthetic:edges-v0,ok,bursty|clip_edges_slow_v0|bursty|rep4|seed20240909,15.8657
clean,,nan,clip_edges_fast_v9,2c2a7f61cd09147093611189471ea6500661cda04d55947f52b34c1afb9f3057,07b257405f757223,,f23716e308b4e63e,B0d,16,16,fb2e41a2d7,0,synthetic:edges-v9,ok,clean|clip_edges_fast_v9|clean|rep0|seed20240909,4.4777
clean,,nan,clip_edges_fast_v9,2c2a7f61cd09147093611189471ea6500661cda04d55947f52b34c1afb9f3057,07b257405f757223,,e51b85c78965a05b,B0d,16,16,fb2e41a2d7,1,synthetic:edges-v9,ok,clean|clip_edges_fast_v9|clean|rep1|seed20240909,4.4897
clean,,nan,clip_edges_fast_v9,2c2a7f61cd09147093611189471ea6500661cda04d55947f52b34c1afb9f3057,07b257405f757223,,d3179ad6821c8e97,B0d,16,16,fb2e41a2d7,2,synthetic:edges-v9,ok,clean|clip_edges_fast_v9|clean|rep2|seed20240909,4.494
clean,,nan,clip_edges_fast_v9,2c2a7f61cd09147093611189471ea6500661cda04d55947f52b34c1afb9f3057,07b257405f757223,,0138008077b57c30,B0d,16,16,fb2e41a2d7,3,synthetic:edges-v9,ok,clean|clip_edges_fast_v9|clean|rep3|seed20240909,4.4206
bursty,,nan,clip_edges_slow_v0,45a59c010635de1aa28168cb0e223704c877ccc86fd1c6123090cce774c91843,07b257405f757223,,4152a541db75beea,P,16,16,8da29d3843,3,synthetic:edges-v0,ok,bursty|clip_edges_slow_v0|bursty|rep3|seed20240909,17.241
clean,,nan,clip_edges_fast_v9,2c2a7f61cd09147093611189471ea6500661cda04d55947f52b34c1afb9f3057,07b257405f757223,,c8960c0a12c3b9bc,B0d,16,16,fb2e41a2d7,4,synthetic:edges-v9,ok,clean|clip_edges_fast_v9|clean|rep4|seed20240909,4.5019
mild,,nan,clip_edges_fast_v9,2c2a7f61cd09147093611189471ea6500661cda04d55947f52b34c1afb9f3057,07b257405f757223,,8a786c26d2eb4ec6,B0d,16,16,fb2e41a2d7,0,synthetic:edges-v9,ok,mild|clip_edges_fast_v9|mild|rep0|seed20240909,4.8245
mild,,nan,clip_edges_fast_v9,2c2a7f61cd09147093611189471ea6500661cda04d55947f52b34c1afb9f3057,07b257405f757223,,3ceb9ad440f8b00b,B0d,16,16,fb2e41a2d7,1,synthetic:edges-v9,ok,mild|clip_edges_fast_v9|mild|rep1|seed20240909,4.7287
mild,,nan,clip_edges_fast_v9,2c2a7f61cd09147093611189471ea6500661cda04d55947f52b34c1afb9f3057,07b257405f757223,,6b7804ee51290f08,B0d,16,16,fb2e41a2d7,2,synthetic:edges-v9,ok,mild|clip_edges_fast_v9|mild|rep2|seed20240909,4.7929
mild,,nan,clip_edges_fast_v9,2c2a7f61cd09147093611189471ea6500661cda04d55947f52b34c1afb9f3057,07b257405f757223,,83d204b578fe98c1,B0d,16,16,fb2e41a2d7,3,synthetic:edges-v9,ok,mild|clip_edges_fast_v9|mild|rep3|seed20240909,4.8368
mild,,nan,clip_edges_fast_v9,2c2a7f61cd09147093611189471ea6500661cda04d55947f52b34c1afb9f3057,07b257405f757223,,6cda6255a6bc3cae,B0d,16,16,fb2e41a2d7,4,synthetic:edges-v9,ok,mild|clip_edges_fast_v9|mild|rep4|seed20240909,4.9268
clean,,nan,clip_edges_fast_v9,2c2a7f61cd09147093611189471ea6500661cda04d55947f52b34c1afb9f3057,07b257405f757223,,433dfe76acf52db0,B1,16,16,fb2e41a2d7,0,synthetic:edges-v9,ok,clean|clip_edges_fast_v9|clean|rep0|seed20240909,0.4847
clean,,nan,clip_edges_fast_v9,2c2a7f61cd09147093611189471ea6500661cda04d55947f52b34c1afb9f3057,07b257405f757223,,ccefa71e8a1d635a,B1,16,16,fb2e41a2d7,1,synthetic:edges-v9,ok,clean|clip_edges_fast_v9|clean|rep1|seed20240909,0.4777
clean,,nan,clip_edges_fast_v9,2c2a7f61cd09147093611189471ea6500661cda04d55947f52b34c1afb9f3057,07b257405f757223,,e3e86fb98b00fb14,B1,16,16,fb2e41a2d7,2,synthetic:edges-v9,ok,clean|clip_edges_fast_v9|clean|rep2|seed20240909,0.4729
harsh,,nan,clip_edges_fast_v9,2c2a7f61cd09147093611189471ea6500661cda04d55947f52b34c1afb9f3057,07b257405f757223,,519de623e6c3bec3,B0d,16,16,fb2e41a2d7,0,synthetic:edges-v9,ok,harsh|clip_edges_fast_v9|harsh|rep0|seed20240909,3.0476
clean,,nan,clip_edges_fast_v9,2c2a7f61cd09147093611189471ea6500661cda04d55947f52b34c1afb9f3057,07b257405f757223,,1ba02d0d0e9375ad,B1,16,16,fb2e41a2d7,3,synthetic:edges-v9,ok,clean|clip_edges_fast_v9|clean|rep3|seed20240909,0.4839
clean,,nan,clip_edges_fast_v9,2c2a7f61cd09147093611189471ea6500661cda04d55947f52b34c1afb9f3057,07b257405f757223,,48296589cae80aca,B1,16,16,fb2e41a2d7,4,synthetic:edges-v9,ok,clean|clip_edges_fast_v9|clean|rep4|seed20240909,0.5169
harsh,,nan,clip_edges_fast_v9,2c2a7f61cd09147093611189471ea6500661cda04d55947f52b34c1afb9f3057,07b257405f757223,,ac787d316ba157b0,B0d,16,16,fb2e41a2d7,2,synthetic:edges-v9,ok,harsh|clip_edges_fast_v9|harsh|rep2|seed20240909,3.0458
harsh,,nan,clip_edges_fast_v9,2c2a7f61cd09147093611189471ea6500661cda04d55947f52b34c1afb9f3057,07b257405f757223,,a76b77c8e1ba8d9d,B0d,16,16,fb2e41a2d7,1,synthetic:edges-v9,ok,harsh|clip_edges_fast_v9|harsh|rep1|seed20240909,3.2074
mild,,nan,clip_edges_fast_v9,2c2a7f61cd09147093611189471ea6500661cda04d55947f52b34c1afb9f3057,07b257405f757223,,e5a517e2aa3a2213,B1,16,16,fb2e41a2d7,0,synthetic:edges-v9,ok,mild|clip_edges_fast_v9|mild|rep0|seed20240909,0.6443
harsh,,nan,clip_edges_fast_v9,2c2a7f61cd09147093611189471ea6500661cda04d55947f52b34c1afb9f3057,07b257405f757223,,19abab2138754330,B0d,16,16,fb2e41a2d7,3,synthetic:edges-v9,ok,harsh|clip_edges_fast_v9|harsh|rep3|seed20240909,3.1424
mild,,nan,clip_edges_fast_v9,2c2a7f61cd09147093611189471ea6500661cda04d55947f52b34c1afb9f3057,07b257405f757223,,8e38788c2dfe708b,B1,16,16,fb2e41a2d7,1,synthetic:edges-v9,ok,mild|clip_edges_fast_v9|mild|rep1|seed20240909,0.6874
mild,,nan,clip_edges_fast_v9,2c2a7f61cd09147093611189471ea6500661cda04d55947f52b34c1afb9f3057,07b257405f757223,,f1a325ae0bcacda3,B1,16,16,fb2e41a2d7,2,synthetic:edges-v9,ok,mild|clip_edges_fast_v9|mild|rep2|seed20240909,0.6797
moderate,,nan,clip_edges_fast_v9,2c2a7f61cd09147093611189471ea6500661cda04d55947f52b34c1afb9f3057,07b257405f757223,,9818c1bd9b73042e,B0d,16,16,fb2e41a2d7,0,synthetic:edges-v9,ok,moderate|clip_edges_fast_v9|moderate|rep0|seed20240909,7.8291
mild,,nan,clip_edges_fast_v9,2c2a7f61cd09147093611189471ea6500661cda04d55947f52b34c1afb9f3057,07b257405f757223,,e7a06fcad2953a5a,B1,16,16,fb2e41a2d7,3,synthetic:edges-v9,ok,mild|clip_edges_fast_v9|mild|rep3|seed20240909,0.6863
harsh,,nan,clip_edges_fast_v9,2c2a7f61cd09147093611189471ea6500661cda04d55947f52b34c1afb9f3057,07b257405f757223,,1e2ff29b4aa5cb68,B0d,16,16,fb2e41a2d7,4,synthetic:edges-v9,ok,harsh|clip_edges_fast_v9|harsh|rep4|seed20240909,3.3172
moderate,,nan,clip_edges_fast_v9,2c2a7f61cd09147093611189471ea6500661cda04d55947f52b34c1afb9f3057,07b257405f757223,,f30d352cba7677e5,B0d,16,16,fb2e41a2d7,2,synthetic:edges-v9,ok,moderate|clip_edges_fast_v9|moderate|rep2|seed20240909,7.773
mild,,nan,clip_edges_fast_v9,2c2a7f61cd09147093611189471ea6500661cda04d55947f52b34c1afb9f3057,07b257405f757223,,2c880d3ca2a55617,B1,16,16,fb2e41a2d7,4,synthetic:edges-v9,ok,mild|clip_edges_fast_v9|mild|rep4|seed20240909,0.6531
moderate,,nan,clip_edges_fast_v9,2c2a7f61cd09147093611189471ea6500661cda04d55947f52b34c1afb9f3057,07b257405f757223,,864abc88ad4b7e01,B1,16,16,fb2e41a2d7,0,synthetic:edges-v9,ok,moderate|clip_edges_fast_v9|moderate|rep0|seed20240909,0.7223
moderate,,nan,clip_edges_fast_v9,2c2a7f61cd09147093611189471ea6500661cda04d55947f52b34c1afb9f3057,07b257405f757223,,5eb1a69ff672ad14,B0d,16,16,fb2e41a2d7,1,synthetic:edges-v9,ok,moderate|clip_edges_fast_v9|moderate|rep1|seed20240909,8.1494
moderate,,nan,clip_edges_fast_v9,2c2a7f61cd09147093611189471ea6500661cda04d55947f52b34c1afb9f3057,07b257405f757223,,271f512cccce6677,B1,16,16,fb2e41a2d7,2,synthetic:edges-v9,ok,moderate|clip_edges_fast_v9|moderate|rep2|seed20240909,0.7068
moderate,,nan,clip_edges_fast_v9,2c2a7f61cd09147093611189471ea6500661cda04d55947f52b34c1afb9f3057,07b257405f757223,,38dbc6014301a27e,B1,16,16,fb2e41a2d7,1,synthetic:edges-v9,ok,moderate|clip_edges_fast_v9|moderate|rep1|seed20240909,0.7446
moderate,,nan,clip_edges_fast_v9,2c2a7f61cd09147093611189471ea6500661cda04d55947f52b34c1afb9f3057,07b257405f757223,,e7af2b36ced618ae,B1,16,16,fb2e41a2d7,3,synthetic:edges-v9,ok,moderate|clip_edges_fast_v9|moderate|rep3|seed20240909,0.6994
moderate,,nan,clip_edges_fast_v9,2c2a7f61cd09147093611189471ea6500661cda04d55947f52b34c1afb9f3057,07b257405f757223,,1930406afc858621,B1,16,16,fb2e41a2d7,4,synthetic:edges-v9,ok,moderate|clip_edges_fast_v9|moderate|rep4|seed20240909,0.707
bursty,,nan,clip_edges_fast_v9,2c2a7f61cd09147093611189471ea6500661cda04d55947f52b34c1afb9f3057,07b257405f757223,,80957aee49fe7e8b,B1,16,16,fb2e41a2d7,0,synthetic:edges-v9,ok,bursty|clip_edges_fast_v9|bursty|rep0|seed20240909,0.7373
bursty,,nan,clip_edges_fast_v9,2c2a7f61cd09147093611189471ea6500661cda04d55947f52b34c1afb9f3057,07b257405f757223,,43fd78f6e6d42cee,B1,16,16,fb2e41a2d7,1,synthetic:edges-v9,ok,bursty|clip_edges_fast_v9|bursty|rep1|seed20240909,0.7188
bursty,,nan,clip_edges_fast_v9,2c2a7f61cd09147093611189471ea6500661cda04d55947f52b34c1afb9f3057,07b257405f757223,,30c5a7510d31dbd5,B1,16,16,fb2e41a2d7,2,synthetic:edges-v9,ok,bursty|clip_edges_fast_v9|bursty|rep2|seed20240909,0.7194
bursty,,nan,clip_edges_fast_v9,2c2a7f61cd09147093611189471ea6500661cda04d55947f52b34c1afb9f3057,07b257405f757223,,9739d5c7b456bfe8,B1,16,16,fb2e41a2d7,3,synthetic:edges-v9,ok,bursty|clip_edges_fast_v9|bursty|rep3|seed20240909,0.7325
bursty,,nan,clip_edges_fast_v9,2c2a7f61cd09147093611189471ea6500661cda04d55947f52b34c1afb9f3057,07b257405f757223,,67f9e6fd88fd3d3b,B1,16,16,fb2e41a2d7,4,synthetic:edges-v9,ok,bursty|clip_edges_fast_v9|bursty|rep4|seed20240909,0.7152
harsh,,nan,clip_edges_fast_v9,2c2a7f61cd09147093611189471ea6500661cda04d55947f52b34c1afb9f3057,07b257405f757223,,2b6f5782ca77fc62,B1,16,16,fb2e41a2d7,0,synthetic:edges-v9,ok,harsh|clip_edges_fast_v9|harsh|rep0|seed20240909,0.7626
moderate,,nan,clip_edges_fast_v9,2c2a7f61cd09147093611189471ea6500661cda04d55947f52b34c1afb9f3057,07b257405f757223,,a8c2ef5ae8246aad,B0d,16,16,fb2e41a2d7,3,synthetic:edges-v9,ok,moderate|clip_edges_fast_v9|moderate|rep3|seed20240909,7.8904
harsh,,nan,clip_edges_fast_v9,2c2a7f61cd09147093611189471ea6500661cda04d55947f52b34c1afb9f3057,07b257405f757223,,2bc5eb28f88dcd5d,B1,16,16,fb2e41a2d7,1,synthetic:edges-v9,ok,harsh|clip_edges_fast_v9|harsh|rep1|seed20240909,0.7998
harsh,,nan,clip_edges_fast_v9,2c2a7f61cd09147093611189471ea6500661cda04d55947f52b34c1afb9f3057,07b257405f757223,,2cdae46f4eb84b9e,B1,16,16,fb2e41a2d7,2,synthetic:edges-v9,ok,harsh|clip_edges_fast_v9|harsh|rep2|seed20240909,0.7541
clean,,nan,clip_edges_fast_v9,2c2a7f61cd09147093611189471ea6500661cda04d55947f52b34c1afb9f3057,07b257405f757223,,dbdb15a041117c1c,B2,16,16,fb2e41a2d7,0,synthetic:edges-v9,ok,clean|clip_edges_fast_v9|clean|rep0|seed20240909,0.545
harsh,,nan,clip_edges_fast_v9,2c2a7f61cd09147093611189471ea6500661cda04d55947f52b34c1afb9f3057,07b257405f757223,,d6a5b056b1a12d3a,B1,16,16,fb2e41a2d7,3,synthetic:edges-v9,ok,harsh|clip_edges_fast_v9|harsh|rep3|seed20240909,0.7411
clean,,nan,clip_edges_fast_v9,2c2a7f61cd09147093611189471ea6500661cda04d55947f52b34c1afb9f3057,07b257405f757223,,13a7a0da08ddb86f,B2,16,16,fb2e41a2d7,1,synthetic:edges-v9,ok,clean|clip_edges_fast_v9|clean|rep1|seed20240909,0.5347
harsh,,nan,clip_edges_fast_v9,2c2a7f61cd09147093611189471ea6500661cda04d55947f52b34c1afb9f3057,07b257405f757223,,e6de8591bb141e86,B1,16,16,fb2e41a2d7,4,synthetic:edges-v9,ok,harsh|clip_edges_fast_v9|harsh|rep4|seed20240909,0.7416
clean,,nan,clip_edges_fast_v9,2c2a7f61cd09147093611189471ea6500661cda04d55947f52b34c1afb9f3057,07b257405f757223,,1de1945bdae99a1d,B2,16,16,fb2e41a2d7,2,synthetic:edges-v9,ok,clean|clip_edges_fast_v9|clean|rep2|seed20240909,0.5114
clean,,nan,clip_edges_fast_v9,2c2a7f61cd09147093611189471ea6500661cda04d55947f52b34c1afb9f3057,07b257405f757223,,1af117830a7a9b54,B2,16,16,fb2e41a2d7,3,synthetic:edges-v9,ok,clean|clip_edges_fast_v9|clean|rep3|seed20240909,0.5129
clean,,nan,clip_edges_fast_v9,2c2a7f61cd09147093611189471ea6500661cda04d55947f52b34c1afb9f3057,07b257405f757223,,fb4104a86198c630,B2,16,16,fb2e41a2d7,4,synthetic:edges-v9,ok,clean|clip_edges_fast_v9|clean|rep4|seed20240909,0.5695
moderate,,nan,clip_edges_fast_v9,2c2a7f61cd09147093611189471ea6500661cda04d55947f52b34c1afb9f3057,07b257405f757223,,1d3e041a8aed3995,B0d,16,16,fb2e41a2d7,4,synthetic:edges-v9,ok,moderate|clip_edges_fast_v9|moderate|rep4|seed20240909,7.7361
mild,,nan,clip_edges_fast_v9,2c2a7f61cd09147093611189471ea6500661cda04d55947f52b34c1afb9f3057,07b257405f757223,,cdc0ac8a4edf54de,B2,16,16,fb2e41a2d7,3,synthetic:edges-v9,ok,mild|clip_edges_fast_v9|mild|rep3|seed20240909,0.6973
mild,,nan,clip_edges_fast_v9,2c2a7f61cd09147093611189471ea6500661cda04d55947f52b34c1afb9f3057,07b257405f757223,,3905497937a3977a,B2,16,16,fb2e41a2d7,0,synthetic:edges-v9,ok,mild|clip_edges_fast_v9|mild|rep0|seed20240909,0.7219
mild,,nan,clip_edges_fast_v9,2c2a7f61cd09147093611189471ea6500661cda04d55947f52b34c1afb9f3057,07b257405f757223,,77b9a9fe29aae6a3,B2,16,16,fb2e41a2d7,2,synthetic:edges-v9,ok,mild|clip_edges_fast_v9|mild|rep2|seed20240909,0.7403
mild,,nan,clip_edges_fast_v9,2c2a7f61cd09147093611189471ea6500661cda04d55947f52b34c1afb9f3057,07b257405f757223,,b041a89beac8c3ac,B2,16,16,fb2e41a2d7,1,synthetic:edges-v9,ok,mild|clip_edges_fast_v9|mild|rep1|seed20240909,0.7408
mild,,nan,clip_edges_fast_v9,2c2a7f61cd09147093611189471ea6500661cda04d55947f52b34c1afb9f3057,07b257405f757223,,fc6313d4f55f6161,B2,16,16,fb2e41a2d7,4,synthetic:edges-v9,ok,mild|clip_edges_fast_v9|mild|rep4|seed20240909,0.7552
moderate,,nan,clip_edges_fast_v9,2c2a7f61cd09147093611189471ea6500661cda04d55947f52b34c1afb9f3057,07b257405f757223,,29d17dddd9cc7a49,B2,16,16,fb2e41a2d7,1,synthetic:edges-v9,ok,moderate|clip_edges_fast_v9|moderate|rep1|seed20240909,0.7467
moderate,,nan,clip_edges_fast_v9,2c2a7f61cd09147093611189471ea6500661cda04d55947f52b34c1afb9f3057,07b257405f757223,,b893289ca312ff53,B2,16,16,fb2e41a2d7,0,synthetic:edges-v9,ok,moderate|clip_edges_fast_v9|moderate|rep0|seed20240909,0.795
moderate,,nan,clip_edges_fast_v9,2c2a7f61cd09147093611189471ea6500661cda04d55947f52b34c1afb9f3057,07b257405f757223,,73fc566b6afeef2f,B2,16,16,fb2e41a2d7,2,synthetic:edges-v9,ok,moderate|clip_edges_fast_v9|moderate|rep2|seed20240909,0.7824
moderate,,nan,clip_edges_fast_v9,2c2a7f61cd09147093611189471ea6500661cda04d55947f52b34c1afb9f3057,07b257405f757223,,794a0e4a1ce06366,B2,16,16,fb2e41a2d7,3,synthetic:edges-v9,ok,moderate|clip_edges_fast_v9|moderate|rep3|seed20240909,0.7282
moderate,,nan,clip_edges_fast_v9,2c2a7f61cd09147093611189471ea6500661cda04d55947f52b34c1afb9f3057,07b257405f757223,,96bca49da34b54c3,B2,16,16,fb2e41a2d7,4,synthetic:edges-v9,ok,moderate|clip_edges_fast_v9|moderate|rep4|seed20240909,0.7394
bursty,,nan,clip_edges_fast_v9,2c2a7f61cd09147093611189471ea6500661cda04d55947f52b34c1afb9f3057,07b257405f757223,,b4952fe6f85e08ca,B0d,16,16,fb2e41a2d7,0,synthetic:edges-v9,ok,bursty|clip_edges_fast_v9|bursty|rep0|seed20240909,7.8379
bursty,,nan,clip_edges_fast_v9,2c2a7f61cd09147093611189471ea6500661cda04d55947f52b34c1afb9f3057,07b257405f757223,,f60ace05062f6ea9,B2,16,16,fb2e41a2d7,0,synthetic:edges-v9,ok,bursty|clip_edges_fast_v9|bursty|rep0|seed20240909,0.7713
bursty,,nan,clip_edges_fast_v9,2c2a7f61cd09147093611189471ea6500661cda04d55947f52b34c1afb9f3057,07b257405f757223,,35695b809df85ecc,B2,16,16,fb2e41a2d7,1,synthetic:edges-v9,ok,bursty|clip_edges_fast_v9|bursty|rep1|seed20240909,0.6853
bursty,,nan,clip_edges_fast_v9,2c2a7f61cd09147093611189471ea6500661cda04d55947f52b34c1afb9f3057,07b257405f757223,,3620555828946d6c,B2,16,16,fb2e41a2d7,2,synthetic:edges-v9,ok,bursty|clip_edges_fast_v9|bursty|rep2|seed20240909,0.6839
bursty,,nan,clip_edges_fast_v9,2c2a7f61cd09147093611189471ea6500661cda04d55947f52b34c1afb9f3057,07b257405f757223,,0d92bef02eddd946,B0d,16,16,fb2e41a2d7,2,synthetic:edges-v9,ok,bursty|clip_edges_fast_v9|bursty|rep2|seed20240909,7.5541
bursty,,nan,clip_edges_fast_v9,2c2a7f61cd09147093611189471ea6500661cda04d55947f52b34c1afb9f3057,07b257405f757223,,b394c8942fa9c1fe,B2,16,16,fb2e41a2d7,3,synthetic:edges-v9,ok,bursty|clip_edges_fast_v9|bursty|rep3|seed20240909,0.7021
bursty,,nan,clip_edges_fast_v9,2c2a7f61cd09147093611189471ea6500661cda04d55947f52b34c1afb9f3057,07b257405f757223,,b9b7c8b202a2fe7c,B2,16,16,fb2e41a2d7,4,synthetic:edges-v9,ok,bursty|clip_edges_fast_v9|bursty|rep4|seed20240909,0.7336
harsh,,nan,clip_edges_fast_v9,2c2a7f61cd09147093611189471ea6500661cda04d55947f52b34c1afb9f3057,07b257405f757223,,cb1510330d9b6017,B2,16,16,fb2e41a2d7,0,synthetic:edges-v9,ok,harsh|clip_edges_fast_v9|harsh|rep0|seed20240909,0.743
harsh,,nan,clip_edges_fast_v9,2c2a7f61cd09147093611189471ea6500661cda04d55947f52b34c1afb9f3057,07b257405f757223,,b056c3137ccb827a,B2,16,16,fb2e41a2d7,1,synthetic:edges-v9,ok,harsh|clip_edges_fast_v9|harsh|rep1|seed20240909,0.7293
bursty,,nan,clip_edges_fast_v9,2c2a7f61cd09147093611189471ea6500661cda04d55947f52b34c1afb9f3057,07b257405f757223,,bdba1813a3eea403,B0d,16,16,fb2e41a2d7,1,synthetic:edges-v9,ok,bursty|clip_edges_fast_v9|bursty|rep1|seed20240909,7.9059
harsh,,nan,clip_edges_fast_v9,2c2a7f61cd09147093611189471ea6500661cda04d55947f52b34c1afb9f3057,07b257405f757223,,ddfa47ece77ff603,B2,16,16,fb2e41a2d7,2,synthetic:edges-v9,ok,harsh|clip_edges_fast_v9|harsh|rep2|seed20240909,0.7391
harsh,,nan,clip_edges_fast_v9,2c2a7f61cd09147093611189471ea6500661cda04d55947f52b34c1afb9f3057,07b257405f757223,,c167f893c73651a9,B2,16,16,fb2e41a2d7,3,synthetic:edges-v9,ok,harsh|clip_edges_fast_v9|harsh|rep3|seed20240909,0.7486
harsh,,nan,clip_edges_fast_v9,2c2a7f61cd09147093611189471ea6500661cda04d55947f52b34c1afb9f3057,07b257405f757223,,169c874473cef36c,B2,16,16,fb2e41a2d7,4,synthetic:edges-v9,ok,harsh|clip_edges_fast_v9|harsh|rep4|seed20240909,0.736
bursty,,nan,clip_edges_fast_v9,2c2a7f61cd09147093611189471ea6500661cda04d55947f52b34c1afb9f3057,07b257405f757223,,731bf7b857b7c744,B0d,16,16,fb2e41a2d7,3,synthetic:edges-v9,ok,bursty|clip_edges_fast_v9|bursty|rep3|seed20240909,7.9632
bursty,,nan,clip_edges_fast_v9,2c2a7f61cd09147093611189471ea6500661cda04d55947f52b34c1afb9f3057,07b257405f757223,,36641349ff29eff3,B0d,16,16,fb2e41a2d7,4,synthetic:edges-v9,ok,bursty|clip_edges_fast_v9|bursty|rep4|seed20240909,8.5429
clean,,nan,clip_edges_fast_v9,2c2a7f61cd09147093611189471ea6500661cda04d55947f52b34c1afb9f3057,07b257405f757223,,abaf83606ffd68b7,B3,16,16,fb2e41a2d7,0,synthetic:edges-v9,ok,clean|clip_edges_fast_v9|clean|rep0|seed20240909,3.0333
clean,,nan,clip_edges_fast_v9,2c2a7f61cd09147093611189471ea6500661cda04d55947f52b34c1afb9f3057,07b257405f757223,,5d9a6a8e0ad999fa,B3,16,16,fb2e41a2d7,2,synthetic:edges-v9,ok,clean|clip_edges_fast_v9|clean|rep2|seed20240909,2.9653
clean,,nan,clip_edges_fast_v9,2c2a7f61cd09147093611189471ea6500661cda04d55947f52b34c1afb9f3057,07b257405f757223,,cdcbcfd0ae56f6ae,B3,16,16,fb2e41a2d7,3,synthetic:edges-v9,ok,clean|clip_edges_fast_v9|clean|rep3|seed20240909,2.9595
clean,,nan,clip_edges_fast_v9,2c2a7f61cd09147093611189471ea6500661cda04d55947f52b34c1afb9f3057,07b257405f757223,,09cce3f80c631945,B3,16,16,fb2e41a2d7,1,synthetic:edges-v9,ok,clean|clip_edges_fast_v9|clean|rep1|seed20240909,2.9891
clean,,nan,clip_edges_fast_v9,2c2a7f61cd09147093611189471ea6500661cda04d55947f52b34c1afb9f3057,07b257405f757223,,4a686567a569a80e,B3,16,16,fb2e41a2d7,4,synthetic:edges-v9,ok,clean|clip_edges_fast_v9|clean|rep4|seed20240909,3.0411
mild,,nan,clip_edges_fast_v9,2c2a7f61cd09147093611189471ea6500661cda04d55947f52b34c1afb9f3057,07b257405f757223,,7f240c8f63dd6f9d,B3,16,16,fb2e41a2d7,0,synthetic:edges-v9,ok,mild|clip_edges_fast_v9|mild|rep0|seed20240909,3.1483
mild,,nan,clip_edges_fast_v9,2c2a7f61cd09147093611189471ea6500661cda04d55947f52b34c1afb9f3057,07b257405f757223,,17b7000a5618e053,B3,16,16,fb2e41a2d7,2,synthetic:edges-v9,ok,mild|clip_edges_fast_v9|mild|rep2|seed20240909,3.1264
mild,,nan,clip_edges_fast_v9,2c2a7f61cd09147093611189471ea6500661cda04d55947f52b34c1afb9f3057,07b257405f757223,,8d6845f6817c196a,B3,16,16,fb2e41a2d7,1,synthetic:edges-v9,ok,mild|clip_edges_fast_v9|mild|rep1|seed20240909,3.1916
mild,,nan,clip_edges_fast_v9,2c2a7f61cd09147093611189471ea6500661cda04d55947f52b34c1afb9f3057,07b257405f757223,,4a5144af5e191782,B3,16,16,fb2e41a2d7,3,synthetic:edges-v9,ok,mild|clip_edges_fast_v9|mild|rep3|seed20240909,3.1591
mild,,nan,clip_edges_fast_v9,2c2a7f61cd09147093611189471ea6500661cda04d55947f52b34c1afb9f3057,07b257405f757223,,9a5d6a1a148b145e,B3,16,16,fb2e41a2d7,4,synthetic:edges-v9,ok,mild|clip_edges_fast_v9|mild|rep4|seed20240909,3.1684
moderate,,nan,clip_edges_fast_v9,2c2a7f61cd09147093611189471ea6500661cda04d55947f52b34c1afb9f3057,07b257405f757223,,01b7365635946a6b,B3,16,16,fb2e41a2d7,0,synthetic:edges-v9,ok,moderate|clip_edges_fast_v9|moderate|rep0|seed20240909,4.2814
moderate,,nan,clip_edges_fast_v9,2c2a7f61cd09147093611189471ea6500661cda04d55947f52b34c1afb9f3057,07b257405f757223,,4ff680907976d2b1,B3,16,16,fb2e41a2d7,1,synthetic:edges-v9,ok,moderate|clip_edges_fast_v9|moderate|rep1|seed20240909,4.311
moderate,,nan,clip_edges_fast_v9,2c2a7f61cd09147093611189471ea6500661cda04d55947f52b34c1afb9f3057,07b257405f757223,,f5f5d1322673935a,B3,16,16,fb2e41a2d7,2,synthetic:edges-v9,ok,moderate|clip_edges_fast_v9|moderate|rep2|seed20240909,4.2931
moderate,,nan,clip_edges_fast_v9,2c2a7f61cd09147093611189471ea6500661cda04d55947f52b34c1afb9f3057,07b257405f757223,,9c04ffc7688310db,B3,16,16,fb2e41a2d7,3,synthetic:edges-v9,ok,moderate|clip_edges_fast_v9|moderate|rep3|seed20240909,4.4025
moderate,,nan,clip_edges_fast_v9,2c2a7f61cd09147093611189471ea6500661cda04d55947f52b34c1afb9f3057,07b257405f757223,,85b9ff65a6c65a97,B3,16,16,fb2e41a2d7,4,synthetic:edges-v9,ok,moderate|clip_edges_fast_v9|moderate|rep4|seed20240909,4.2807
harsh,,nan,clip_edges_fast_v9,2c2a7f61cd09147093611189471ea6500661cda04d55947f52b34c1afb9f3057,07b257405f757223,,79bd692edb8c9cd2,B3,16,16,fb2e41a2d7,0,synthetic:edges-v9,ok,harsh|clip_edges_fast_v9|harsh|rep0|seed20240909,2.2638
bursty,,nan,clip_edges_fast_v9,2c2a7f61cd09147093611189471ea6500661cda04d55947f52b34c1afb9f3057,07b257405f757223,,69ad4452dad53a9b,B3,16,16,fb2e41a2d7,0,synthetic:edges-v9,ok,bursty|clip_edges_fast_v9|bursty|rep0|seed20240909,4.252
harsh,,nan,clip_edges_fast_v9,2c2a7f61cd09147093611189471ea6500661cda04d55947f52b34c1afb9f3057,07b257405f757223,,ecb9a78b3e0f7525,B3,16,16,fb2e41a2d7,3,synthetic:edges-v9,ok,harsh|clip_edges_fast_v9|harsh|rep3|seed20240909,2.2322
harsh,,nan,clip_edges_fast_v9,2c2a7f61cd09147093611189471ea6500661cda04d55947f52b34c1afb9f3057,07b257405f757223,,463155c65fe6002c,B3,16,16,fb2e41a2d7,1,synthetic:edges-v9,ok,harsh|clip_edges_fast_v9|harsh|rep1|seed20240909,2.3266
harsh,,nan,clip_edges_fast_v9,2c2a7f61cd09147093611189471ea6500661cda04d55947f52b34c1afb9f3057,07b257405f757223,,9cac045ceb5958e7,B3,16,16,fb2e41a2d7,2,synthetic:edges-v9,ok,harsh|clip_edges_fast_v9|harsh|rep2|seed20240909,2.3251
harsh,,nan,clip_edges_fast_v9,2c2a7f61cd09147093611189471ea6500661cda04d55947f52b34c1afb9f3057,07b257405f757223,,d2c2ad346ca12f5a,B3,16,16,fb2e41a2d7,4,synthetic:edges-v9,ok,harsh|clip_edges_fast_v9|harsh|rep4|seed20240909,2.3859
bursty,,nan,clip_edges_fast_v9,2c2a7f61cd09147093611189471ea6500661cda04d55947f52b34c1afb9f3057,07b257405f757223,,2cc29eb31e87dece,B3,16,16,fb2e41a2d7,2,synthetic:edges-v9,ok,bursty|clip_edges_fast_v9|bursty|rep2|seed20240909,4.0036
bursty,,nan,clip_edges_fast_v9,2c2a7f61cd09147093611189471ea6500661cda04d55947f52b34c1afb9f3057,07b257405f757223,,1e0cdf4f14011284,B3,16,16,fb2e41a2d7,1,synthetic:edges-v9,ok,bursty|clip_edges_fast_v9|bursty|rep1|seed20240909,4.1261
bursty,,nan,clip_edges_fast_v9,2c2a7f61cd09147093611189471ea6500661cda04d55947f52b34c1afb9f3057,07b257405f757223,,14685c631ddcac16,B3,16,16,fb2e41a2d7,3,synthetic:edges-v9,ok,bursty|clip_edges_fast_v9|bursty|rep3|seed20240909,4.2203
bursty,,nan,clip_edges_fast_v9,2c2a7f61cd09147093611189471ea6500661cda04d55947f52b34c1afb9f3057,07b257405f757223,,8b77c3ed6b333243,B3,16,16,fb2e41a2d7,4,synthetic:edges-v9,ok,bursty|clip_edges_fast_v9|bursty|rep4|seed20240909,4.755
clean,,nan,clip_edges_fast_v9,2c2a7f61cd09147093611189471ea6500661cda04d55947f52b34c1afb9f3057,07b257405f757223,,d1c83e1cb751deb1,B4,16,16,fb2e41a2d7,0,synthetic:edges-v9,ok,clean|clip_edges_fast_v9|clean|rep0|seed20240909,5.3331
clean,,nan,clip_edges_fast_v9,2c2a7f61cd09147093611189471ea6500661cda04d55947f52b34c1afb9f3057,07b257405f757223,,b82bf91f4d8e0549,B4,16,16,fb2e41a2d7,1,synthetic:edges-v9,ok,clean|clip_edges_fast_v9|clean|rep1|seed20240909,5.4121
clean,,nan,clip_edges_fast_v9,2c2a7f61cd09147093611189471ea6500661cda04d55947f52b34c1afb9f3057,07b257405f757223,,ffff15a677b98e9c,B4,16,16,fb2e41a2d7,2,synthetic:edges-v9,ok,clean|clip_edges_fast_v9|clean|rep2|seed20240909,5.3694
clean,,nan,clip_edges_fast_v9,2c2a7f61cd09147093611189471ea6500661cda04d55947f52b34c1afb9f3057,07b257405f757223,,380d2b675d973238,B4,16,16,fb2e41a2d7,3,synthetic:edges-v9,ok,clean|clip_edges_fast_v9|clean|rep3|seed20240909,5.3249
clean,,nan,clip_edges_fast_v9,2c2a7f61cd09147093611189471ea6500661cda04d55947f52b34c1afb9f3057,07b257405f757223,,616034d7e6ff3cf4,B4,16,16,fb2e41a2d7,4,synthetic:edges-v9,ok,clean|clip_edges_fast_v9|clean|rep4|seed20240909,5.3079
mild,,nan,clip_edges_fast_v9,2c2a7f61cd09147093611189471ea6500661cda04d55947f52b34c1afb9f3057,07b257405f757223,,d5c1fe612f358b0b,B4,16,16,fb2e41a2d7,0,synthetic:edges-v9,ok,mild|clip_edges_fast_v9|mild|rep0|seed20240909,5.6935
mild,,nan,clip_edges_fast_v9,2c2a7f61cd09147093611189471ea6500661cda04d55947f52b34c1afb9f3057,07b257405f757223,,fb3e320e020fcc72,B4,16,16,fb2e41a2d7,1,synthetic:edges-v9,ok,mild|clip_edges_fast_v9|mild|rep1|seed20240909,5.6876
mild,,nan,clip_edges_fast_v9,2c2a7f61cd09147093611189471ea6500661cda04d55947f52b34c1afb9f3057,07b257405f757223,,dbc24cfb1b4e0a5a,B4,16,16,fb2e41a2d7,2,synthetic:edges-v9,ok,mild|clip_edges_fast_v9|mild|rep2|seed20240909,5.7101
mild,,nan,clip_edges_fast_v9,2c2a7f61cd09147093611189471ea6500661cda04d55947f52b34c1afb9f3057,07b257405f757223,,e258ad070b48a6eb,B4,16,16,fb2e41a2d7,3,synthetic:edges-v9,ok,mild|clip_edges_fast_v9|mild|rep3|seed20240909,5.7498
mild,,nan,clip_edges_fast_v9,2c2a7f61cd09147093611189471ea6500661cda04d55947f52b34c1afb9f3057,07b257405f757223,,5ad52d78ea0366a1,B4,16,16,fb2e41a2d7,4,synthetic:edges-v9,ok,mild|clip_edges_fast_v9|mild|rep4|seed20240909,5.7373
harsh,,nan,clip_edges_fast_v9,2c2a7f61cd09147093611189471ea6500661cda04d55947f52b34c1afb9f3057,07b257405f757223,,cd31dc0f71d643bc,B4,16,16,fb2e41a2d7,0,synthetic:edges-v9,ok,harsh|clip_edges_fast_v9|harsh|rep0|seed20240909,3.4502
harsh,,nan,clip_edges_fast_v9,2c2a7f61cd09147093611189471ea6500661cda04d55947f52b34c1afb9f3057,07b257405f757223,,9391844b815136dd,B4,16,16,fb2e41a2d7,1,synthetic:edges-v9,ok,harsh|clip_edges_fast_v9|harsh|rep1|seed20240909,3.5081
harsh,,nan,clip_edges_fast_v9,2c2a7f61cd09147093611189471ea6500661cda04d55947f52b34c1afb9f3057,07b257405f757223,,79ca927f3ccc992e,B4,16,16,fb2e41a2d7,2,synthetic:edges-v9,ok,harsh|clip_edges_fast_v9|harsh|rep2|seed20240909,3.322
harsh,,nan,clip_edges_fast_v9,2c2a7f61cd09147093611189471ea6500661cda04d55947f52b34c1afb9f3057,07b257405f757223,,146075d8ba54ddb7,B4,16,16,fb2e41a2d7,3,synthetic:edges-v9,ok,harsh|clip_edges_fast_v9|harsh|rep3|seed20240909,3.5312
moderate,,nan,clip_edges_fast_v9,2c2a7f61cd09147093611189471ea6500661cda04d55947f52b34c1afb9f3057,07b257405f757223,,17c3ea6a67cf410d,B4,16,16,fb2e41a2d7,0,synthetic:edges-v9,ok,moderate|clip_edges_fast_v9|moderate|rep0|seed20240909,9.2433
harsh,,nan,clip_edges_fast_v9,2c2a7f61cd09147093611189471ea6500661cda04d55947f52b34c1afb9f3057,07b257405f757223,,3f0ce31b2b2306a4,B4,16,16,fb2e41a2d7,4,synthetic:edges-v9,ok,harsh|clip_edges_fast_v9|harsh|rep4|seed20240909,3.5473
moderate,,nan,clip_edges_fast_v9,2c2a7f61cd09147093611189471ea6500661cda04d55947f52b34c1afb9f3057,07b257405f757223,,a7adff0e75374ed0,B4,16,16,fb2e41a2d7,1,synthetic:edges-v9,ok,moderate|clip_edges_fast_v9|moderate|rep1|seed20240909,9.4855
moderate,,nan,clip_edges_fast_v9,2c2a7f61cd09147093611189471ea6500661cda04d55947f52b34c1afb9f3057,07b257405f757223,,56dd9e72738a9106,B4,16,16,fb2e41a2d7,2,synthetic:edges-v9,ok,moderate|clip_edges_fast_v9|moderate|rep2|seed20240909,9.1277
moderate,,nan,clip_edges_fast_v9,2c2a7f61cd09147093611189471ea6500661cda04d55947f52b34c1afb9f3057,07b257405f757223,,bf77eea05d624483,B4,16,16,fb2e41a2d7,4,synthetic:edges-v9,ok,moderate|clip_edges_fast_v9|moderate|rep4|seed20240909,9.0292
bursty,,nan,clip_edges_fast_v9,2c2a7f61cd09147093611189471ea6500661cda04d55947f52b34c1afb9f3057,07b257405f757223,,b297f60c6e579de6,B4,16,16,fb2e41a2d7,0,synthetic:edges-v9,ok,bursty|clip_edges_fast_v9|bursty|rep0|seed20240909,8.6524
moderate,,nan,clip_edges_fast_v9,2c2a7f61cd09147093611189471ea6500661cda04d55947f52b34c1afb9f3057,07b257405f757223,,e9717aeedafbc4b7,B4,16,16,fb2e41a2d7,3,synthetic:edges-v9,ok,moderate|clip_edges_fast_v9|moderate|rep3|seed20240909,9.4763
bursty,,nan,clip_edges_fast_v9,2c2a7f61cd09147093611189471ea6500661cda04d55947f52b34c1afb9f3057,07b257405f757223,,ba8d0b7cd915a1d3,B4,16,16,fb2e41a2d7,1,synthetic:edges-v9,ok,bursty|clip_edges_fast_v9|bursty|rep1|seed20240909,8.7195
bursty,,nan,clip_edges_fast_v9,2c2a7f61cd09147093611189471ea6500661cda04d55947f52b34c1afb9f3057,07b257405f757223,,7818c572438d19c2,B4,16,16,fb2e41a2d7,3,synthetic:edges-v9,ok,bursty|clip_edges_fast_v9|bursty|rep3|seed20240909,8.7011
bursty,,nan,clip_edges_fast_v9,2c2a7f61cd09147093611189471ea6500661cda04d55947f52b34c1afb9f3057,07b257405f757223,,3e4c9a0239b89876,B4,16,16,fb2e41a2d7,2,synthetic:edges-v9,ok,bursty|clip_edges_fast_v9|bursty|rep2|seed20240909,8.7613
bursty,,nan,clip_edges_fast_v9,2c2a7f61cd09147093611189471ea6500661cda04d55947f52b34c1afb9f3057,07b257405f757223,,db3e42b4778859df,B4,16,16,fb2e41a2d7,4,synthetic:edges-v9,ok,bursty|clip_edges_fast_v9|bursty|rep4|seed20240909,9.5927
clean,,nan,clip_edges_fast_v9,2c2a7f61cd09147093611189471ea6500661cda04d55947f52b34c1afb9f3057,07b257405f757223,,a402c274c5e1c422,P,16,16,8da29d3843,0,synthetic:edges-v9,ok,clean|clip_edges_fast_v9|clean|rep0|seed20240909,8.98
clean,,nan,clip_edges_fast_v9,2c2a7f61cd09147093611189471ea6500661cda04d55947f52b34c1afb9f3057,07b257405f757223,,4e28181b0001b1ff,P,16,16,8da29d3843,1,synthetic:edges-v9,ok,clean|clip_edges_fast_v9|clean|rep1|seed20240909,8.8825
clean,,nan,clip_edges_fast_v9,2c2a7f61cd09147093611189471ea6500661cda04d55947f52b34c1afb9f3057,07b257405f757223,,86cf4d94941703e8,P,16,16,8da29d3843,2,synthetic:edges-v9,ok,clean|clip_edges_fast_v9|clean|rep2|seed20240909,8.828
clean,,nan,clip_edges_fast_v9,2c2a7f61cd09147093611189471ea6500661cda04d55947f52b34c1afb9f3057,07b257405f757223,,1979971386540a6b,P,16,16,8da29d3843,3,synthetic:edges-v9,ok,clean|clip_edges_fast_v9|clean|rep3|seed20240909,8.9447
clean,,nan,clip_edges_fast_v9,2c2a7f61cd09147093611189471ea6500661cda04d55947f52b34c1afb9f3057,07b257405f757223,,e054034ee49bdec9,P,16,16,8da29d3843,4,synthetic:edges-v9,ok,clean|clip_edges_fast_v9|clean|rep4|seed20240909,8.9243
mild,,nan,clip_edges_fast_v9,2c2a7f61cd09147093611189471ea6500661cda04d55947f52b34c1afb9f3057,07b257405f757223,,0f2cb92ec8a14403,P,16,16,8da29d3843,0,synthetic:edges-v9,ok,mild|clip_edges_fast_v9|mild|rep0|seed20240909,9.3546
mild,,nan,clip_edges_fast_v9,2c2a7f61cd09147093611189471ea6500661cda04d55947f52b34c1afb9f3057,07b257405f757223,,fb2745daf2f2d33d,P,16,16,8da29d3843,1,synthetic:edges-v9,ok,mild|clip_edges_fast_v9|mild|rep1|seed20240909,9.3927
mild,,nan,clip_edges_fast_v9,2c2a7f61cd09147093611189471ea6500661cda04d55947f52b34c1afb9f3057,07b257405f757223,,6c9f1099f06bbd08,P,16,16,8da29d3843,2,synthetic:edges-v9,ok,mild|clip_edges_fast_v9|mild|rep2|seed20240909,9.4283
mild,,nan,clip_edges_fast_v9,2c2a7f61cd09147093611189471ea6500661cda04d55947f52b34c1afb9f3057,07b257405f757223,,fe278703279e76b2,P,16,16,8da29d3843,3,synthetic:edges-v9,ok,mild|clip_edges_fast_v9|mild|rep3|seed20240909,9.3989
mild,,nan,clip_edges_fast_v9,2c2a7f61cd09147093611189471ea6500661cda04d55947f52b34c1afb9f3057,07b257405f757223,,3556aba77aeeaaed,P,16,16,8da29d3843,4,synthetic:edges-v9,ok,mild|clip_edges_fast_v9|mild|rep4|seed20240909,9.4051
clean,,nan,clip_clouds_slow_v0,7329ce01355a4b028deb8c2bee6f177d79ed5f0561701f3139d89f63e4efbc6b,07b257405f757223,,35ab9ac15d2637ab,B0a,16,16,fb2e41a2d7,0,synthetic:clouds-v0,ok,clean|clip_clouds_slow_v0|clean|rep0|seed20240909,0.4744
clean,,nan,clip_clouds_slow_v0,7329ce01355a4b028deb8c2bee6f177d79ed5f0561701f3139d89f63e4efbc6b,07b257405f757223,,405adbba50b96e6a,B0a,16,16,fb2e41a2d7,1,synthetic:clouds-v0,ok,clean|clip_clouds_slow_v0|clean|rep1|seed20240909,0.4511
clean,,nan,clip_clouds_slow_v0,7329ce01355a4b028deb8c2bee6f177d79ed5f0561701f3139d89f63e4efbc6b,07b257405f757223,,55d26fbc735184be,B0a,16,16,fb2e41a2d7,2,synthetic:clouds-v0,ok,clean|clip_clouds_slow_v0|clean|rep2|seed20240909,0.4904
clean,,nan,clip_clouds_slow_v0,7329ce01355a4b028deb8c2bee6f177d79ed5f0561701f3139d89f63e4efbc6b,07b257405f757223,,4de81fed38837076,B0a,16,16,fb2e41a2d7,3,synthetic:clouds-v0,ok,clean|clip_clouds_slow_v0|clean|rep3|seed20240909,0.4733
clean,,nan,clip_clouds_slow_v0,7329ce01355a4b028deb8c2bee6f177d79ed5f0561701f3139d89f63e4efbc6b,07b257405f757223,,9ed0071326f0a6e8,B0a,16,16,fb2e41a2d7,4,synthetic:clouds-v0,ok,clean|clip_clouds_slow_v0|clean|rep4|seed20240909,0.4876
mild,,nan,clip_clouds_slow_v0,7329ce01355a4b028deb8c2bee6f177d79ed5f0561701f3139d89f63e4efbc6b,07b257405f757223,,3f93e6a3cf29fd3b,B0a,16,16,fb2e41a2d7,0,synthetic:clouds-v0,ok,mild|clip_clouds_slow_v0|mild|rep0|seed20240909,0.6247
harsh,,nan,clip_edges_fast_v9,2c2a7f61cd09147093611189471ea6500661cda04d55947f52b34c1afb9f3057,07b257405f757223,,cf154c95fa91497b,P,16,16,8da29d3843,0,synthetic:edges-v9,ok,harsh|clip_edges_fast_v9|harsh|rep0|seed20240909,5.3296
mild,,nan,clip_clouds_slow_v0,7329ce01355a4b028deb8c2bee6f177d79ed5f0561701f3139d89f63e4efbc6b,07b257405f757223,,d59f1037ea198347,B0a,16,16,fb2e41a2d7,1,synthetic:clouds-v0,ok,mild|clip_clouds_slow_v0|mild|rep1|seed20240909,0.6182
harsh,,nan,clip_edges_fast_v9,2c2a7f61cd09147093611189471ea6500661cda04d55947f52b34c1afb9f3057,07b257405f757223,,1ea00092f2552ef8,P,16,16,8da29d3843,2,synthetic:edges-v9,ok,harsh|clip_edges_fast_v9|harsh|rep2|seed20240909,5.2208
harsh,,nan,clip_edges_fast_v9,2c2a7f61cd09147093611189471ea6500661cda04d55947f52b34c1afb9f3057,07b257405f757223,,daa06ede269af413,P,16,16,8da29d3843,1,synthetic:edges-v9,ok,harsh|clip_edges_fast_v9|harsh|rep1|seed20240909,5.3189
mild,,nan,clip_clouds_slow_v0,7329ce01355a4b028deb8c2bee6f177d79ed5f0561701f3139d89f63e4efbc6b,07b257405f757223,,499411d007e6d80e,B0a,16,16,fb2e41a2d7,2,synthetic:clouds-v0,ok,mild|clip_clouds_slow_v0|mild|rep2|seed20240909,0.6815
mild,,nan,clip_clouds_slow_v0,7329ce01355a4b028deb8c2bee6f177d79ed5f0561701f3139d89f63e4efbc6b,07b257405f757223,,46c3df52e03d4954,B0a,16,16,fb2e41a2d7,3,synthetic:clouds-v0,ok,mild|clip_clouds_slow_v0|mild|rep3|seed20240909,0.6411
harsh,,nan,clip_edges_fast_v9,2c2a7f61cd09147093611189471ea6500661cda04d55947f52b34c1afb9f3057,07b257405f757223,,f7d28e4988ef6c6f,P,16,16,8da29d3843,3,synthetic:edges-v9,ok,harsh|clip_edges_fast_v9|harsh|rep3|seed20240909,5.485
mild,,nan,clip_clouds_slow_v0,7329ce01355a4b028deb8c2bee6f177d79ed5f0561701f3139d89f63e4efbc6b,07b257405f757223,,72917b82058d96fa,B0a,16,16,fb2e41a2d7,4,synthetic:clouds-v0,ok,mild|clip_clouds_slow_v0|mild|rep4|seed20240909,0.6592
moderate,,nan,clip_clouds_slow_v0,7329ce01355a4b028deb8c2bee6f177d79ed5f0561701f3139d89f63e4efbc6b,07b257405f757223,,93c1a72c830905f6,B0a,16,16,fb2e41a2d7,0,synthetic:clouds-v0,ok,moderate|clip_clouds_slow_v0|moderate|rep0|seed20240909,0.7055
moderate,,nan,clip_clouds_slow_v0,7329ce01355a4b028deb8c2bee6f177d79ed5f0561701f3139d89f63e4efbc6b,07b257405f757223,,2550e5a9434b72af,B0a,16,16,fb2e41a2d7,1,synthetic:clouds-v0,ok,moderate|clip_clouds_slow_v0|moderate|rep1|seed20240909,0.6861
moderate,,nan,clip_clouds_slow_v0,7329ce01355a4b028deb8c2bee6f177d79ed5f0561701f3139d89f63e4efbc6b,07b257405f757223,,b735b05cd15b2316,B0a,16,16,fb2e41a2d7,2,synthetic:clouds-v0,ok,moderate|clip_clouds_slow_v0|moderate|rep2|seed20240909,0.6894
moderate,,nan,clip_clouds_slow_v0,7329ce01355a4b028deb8c2bee6f177d79ed5f0561701f3139d89f63e4efbc6b,07b257405f757223,,64011c79d6fa80c1,B0a,16,16,fb2e41a2d7,3,synthetic:clouds-v0,ok,moderate|clip_clouds_slow_v0|moderate|rep3|seed20240909,0.6793
moderate,,nan,clip_clouds_slow_v0,7329ce01355a4b028deb8c2bee6f177d79ed5f0561701f3139d89f63e4efbc6b,07b257405f757223,,0f7c276385896b71,B0a,16,16,fb2e41a2d7,4,synthetic:clouds-v0,ok,moderate|clip_clouds_slow_v0|moderate|rep4|seed20240909,0.6869
bursty,,nan,clip_clouds_slow_v0,7329ce01355a4b028deb8c2bee6f177d79ed5f0561701f3139d89f63e4efbc6b,07b257405f757223,,722fe0f7f77bfd18,B0a,16,16,fb2e41a2d7,0,synthetic:clouds-v0,ok,bursty|clip_clouds_slow_v0|bursty|rep0|seed20240909,0.6532
harsh,,nan,clip_edges_fast_v9,2c2a7f61cd09147093611189471ea6500661cda04d55947f52b34c1afb9f3057,07b257405f757223,,4e71e131397c7796,P,16,16,8da29d3843,4,synthetic:edges-v9,ok,harsh|clip_edges_fast_v9|harsh|rep4|seed20240909,5.4901
bursty,,nan,clip_clouds_slow_v0,7329ce01355a4b028deb8c2bee6f177d79ed5f0561701f3139d89f63e4efbc6b,07b257405f757223,,c5b351d4d4dd7e28,B0a,16,16,fb2e41a2d7,1,synthetic:clouds-v0,ok,bursty|clip_clouds_slow_v0|bursty|rep1|seed20240909,0.7061
bursty,,nan,clip_clouds_slow_v0,7329ce01355a4b028deb8c2bee6f177d79ed5f0561701f3139d89f63e4efbc6b,07b257405f757223,,c1560e828712c063,B0a,16,16,fb2e41a2d7,2,synthetic:clouds-v0,ok,bursty|clip_clouds_slow_v0|bursty|rep2|seed20240909,0.6402
bursty,,nan,clip_clouds_slow_v0,7329ce01355a4b028deb8c2bee6f177d79ed5f0561701f3139d89f63e4efbc6b,07b257405f757223,,b168539e5a6f0044,B0a,16,16,fb2e41a2d7,3,synthetic:clouds-v0,ok,bursty|clip_clouds_slow_v0|bursty|rep3|seed20240909,0.6878
bursty,,nan,clip_clouds_slow_v0,7329ce01355a4b028deb8c2bee6f177d79ed5f0561701f3139d89f63e4efbc6b,07b257405f757223,,9f83655789527fc6,B0a,16,16,fb2e41a2d7,4,synthetic:clouds-v0,ok,bursty|clip_clouds_slow_v0|bursty|rep4|seed20240909,0.6879
harsh,,nan,clip_clouds_slow_v0,7329ce01355a4b028deb8c2bee6f177d79ed5f0561701f3139d89f63e4efbc6b,07b257405f757223,,8f49d437b9f61c68,B0a,16,16,fb2e41a2d7,0,synthetic:clouds-v0,ok,harsh|clip_clouds_slow_v0|harsh|rep0|seed20240909,0.65
harsh,,nan,clip_clouds_slow_v0,7329ce01355a4b028deb8c2bee6f177d79ed5f0561701f3139d89f63e4efbc6b,07b257405f757223,,8c3e82104edd33c3,B0a,16,16,fb2e41a2d7,1,synthetic:clouds-v0,ok,harsh|clip_clouds_slow_v0|harsh|rep1|seed20240909,0.6961
harsh,,nan,clip_clouds_slow_v0,7329ce01355a4b028deb8c2bee6f177d79ed5f0561701f3139d89f63e4efbc6b,07b257405f757223,,1ae6198e23de8b0b,B0a,16,16,fb2e41a2d7,2,synthetic:clouds-v0,ok,harsh|clip_clouds_slow_v0|harsh|rep2|seed20240909,0.6383
harsh,,nan,clip_clouds_slow_v0,7329ce01355a4b028deb8c2bee6f177d79ed5f0561701f3139d89f63e4efbc6b,07b257405f757223,,1da142828c9d3415,B0a,16,16,fb2e41a2d7,3,synthetic:clouds-v0,ok,harsh|clip_clouds_slow_v0|harsh|rep3|seed20240909,0.7088
harsh,,nan,clip_clouds_slow_v0,7329ce01355a4b028deb8c2bee6f177d79ed5f0561701f3139d89f63e4efbc6b,07b257405f757223,,8f5da45fdcf703e3,B0a,16,16,fb2e41a2d7,4,synthetic:clouds-v0,ok,harsh|clip_clouds_slow_v0|harsh|rep4|seed20240909,0.6818
clean,,nan,clip_clouds_slow_v0,7329ce01355a4b028deb8c2bee6f177d79ed5f0561701f3139d89f63e4efbc6b,07b257405f757223,,f216b13966bc8dc8,B0a-R,16,16,fb2e41a2d7,0,synthetic:clouds-v0,ok,clean|clip_clouds_slow_v0|clean|rep0|seed20240909,1.296
clean,,nan,clip_clouds_slow_v0,7329ce01355a4b028deb8c2bee6f177d79ed5f0561701f3139d89f63e4efbc6b,07b257405f757223,,8e8086fb7468fd1f,B0a-R,16,16,fb2e41a2d7,1,synthetic:clouds-v0,ok,clean|clip_clouds_slow_v0|clean|rep1|seed20240909,1.2756
moderate,,nan,clip_edges_fast_v9,2c2a7f61cd09147093611189471ea6500661cda04d55947f52b34c1afb9f3057,07b257405f757223,,e0b7461998377a32,P,16,16,8da29d3843,0,synthetic:edges-v9,ok,moderate|clip_edges_fast_v9|moderate|rep0|seed20240909,16.6029
clean,,nan,clip_clouds_slow_v0,7329ce01355a4b028deb8c2bee6f177d79ed5f0561701f3139d89f63e4efbc6b,07b257405f757223,,0650c18af51e7200,B0a-R,16,16,fb2e41a2d7,3,synthetic:clouds-v0,ok,clean|clip_clouds_slow_v0|clean|rep3|seed20240909,1.3059
clean,,nan,clip_clouds_slow_v0,7329ce01355a4b028deb8c2bee6f177d79ed5f0561701f3139d89f63e4efbc6b,07b257405f757223,,c19fc8b71587df21,B0a-R,16,16,fb2e41a2d7,2,synthetic:clouds-v0,ok,clean|clip_clouds_slow_v0|clean|rep2|seed20240909,1.3612
clean,,nan,clip_clouds_slow_v0,7329ce01355a4b028deb8c2bee6f177d79ed5f0561701f3139d89f63e4efbc6b,07b257405f757223,,a489a1af906dfc38,B0a-R,16,16,fb2e41a2d7,4,synthetic:clouds-v0,ok,clean|clip_clouds_slow_v0|clean|rep4|seed20240909,1.2799
moderate,,nan,clip_edges_fast_v9,2c2a7f61cd09147093611189471ea6500661cda04d55947f52b34c1afb9f3057,07b257405f757223,,d3a933679aaa2c58,P,16,16,8da29d3843,1,synthetic:edges-v9,ok,moderate|clip_edges_fast_v9|moderate|rep1|seed20240909,17.0719
mild,,nan,clip_clouds_slow_v0,7329ce01355a4b028deb8c2bee6f177d79ed5f0561701f3139d89f63e4efbc6b,07b257405f757223,,7b7d2a1f1683fbd5,B0a-R,16,16,fb2e41a2d7,0,synthetic:clouds-v0,ok,mild|clip_clouds_slow_v0|mild|rep0|seed20240909,1.7858
moderate,,nan,clip_edges_fast_v9,2c2a7f61cd09147093611189471ea6500661cda04d55947f52b34c1afb9f3057,07b257405f757223,,ce7e8d185e7983d1,P,16,16,8da29d3843,2,synthetic:edges-v9,ok,moderate|clip_edges_fast_v9|moderate|rep2|seed20240909,16.8473
mild,,nan,clip_clouds_slow_v0,7329ce01355a4b028deb8c2bee6f177d79ed5f0561701f3139d89f63e4efbc6b,07b257405f757223,,1938b35027bd7776,B0a-R,16,16,fb2e41a2d7,2,synthetic:clouds-v0,ok,mild|clip_clouds_slow_v0|mild|rep2|seed20240909,1.771
mild,,nan,clip_clouds_slow_v0,7329ce01355a4b028deb8c2bee6f177d79ed5f0561701f3139d89f63e4efbc6b,07b257405f757223,,5eace1f0f5efef2b,B0a-R,16,16,fb2e41a2d7,1,synthetic:clouds-v0,ok,mild|clip_clouds_slow_v0|mild|rep1|seed20240909,1.782
mild,,nan,clip_clouds_slow_v0,7329ce01355a4b028deb8c2bee6f177d79ed5f0561701f3139d89f63e4efbc6b,07b257405f757223,,edf7ad8c0f0bd796,B0a-R,16,16,fb2e41a2d7,3,synthetic:clouds-v0,ok,mild|clip_clouds_slow_v0|mild|rep3|seed20240909,1.7726
mild,,nan,clip_clouds_slow_v0,7329ce01355a4b028deb8c2bee6f177d79ed5f0561701f3139d89f63e4efbc6b,07b257405f757223,,98a9f353cb7bca5c,B0a-R,16,16,fb2e41a2d7,4,synthetic:clouds-v0,ok,mild|clip_clouds_slow_v0|mild|rep4|seed20240909,1.8354
moderate,,nan,clip_clouds_slow_v0,7329ce01355a4b028deb8c2bee6f177d79ed5f0561701f3139d89f63e4efbc6b,07b257405f757223,,cda00a61d264387d,B0a-R,16,16,fb2e41a2d7,0,synthetic:clouds-v0,ok,moderate|clip_clouds_slow_v0|moderate|rep0|seed20240909,1.9258
moderate,,nan,clip_edges_fast_v9,2c2a7f61cd09147093611189471ea6500661cda04d55947f52b34c1afb9f3057,07b257405f757223,,e6827d99891d3dfb,P,16,16,8da29d3843,4,synthetic:edges-v9,ok,moderate|clip_edges_fast_v9|moderate|rep4|seed20240909,16.4561
moderate,,nan,clip_clouds_slow_v0,7329ce01355a4b028deb8c2bee6f177d79ed5f0561701f3139d89f63e4efbc6b,07b257405f757223,,fef2dbf7ddd83951,B0a-R,16,16,fb2e41a2d7,1,synthetic:clouds-v0,ok,moderate|clip_clouds_slow_v0|moderate|rep1|seed20240909,1.9606
moderate,,nan,clip_edges_fast_v9,2c2a7f61cd09147093611189471ea6500661cda04d55947f52b34c1afb9f3057,07b257405f757223,,64280249c4f6f7ef,P,16,16,8da29d3843,3,synthetic:edges-v9,ok,moderate|clip_edges_fast_v9|moderate|rep3|seed20240909,16.6533
moderate,,nan,clip_clouds_slow_v0,7329ce01355a4b028deb8c2bee6f177d79ed5f0561701f3139d89f63e4efbc6b,07b257405f757223,,5f8511569690eb9d,B0a-R,16,16,fb2e41a2d7,2,synthetic:clouds-v0,ok,moderate|clip_clouds_slow_v0|moderate|rep2|seed20240909,1.9783
moderate,,nan,clip_clouds_slow_v0,7329ce01355a4b028deb8c2bee6f177d79ed5f0561701f3139d89f63e4efbc6b,07b257405f757223,,6587d1866296b95c,B0a-R,16,16,fb2e41a2d7,3,synthetic:clouds-v0,ok,moderate|clip_clouds_slow_v0|moderate|rep3|seed20240909,2.0677
bursty,,nan,clip_edges_fast_v9,2c2a7f61cd09147093611189471ea6500661cda04d55947f52b34c1afb9f3057,07b257405f757223,,ab151c82a2e0993b,P,16,16,8da29d3843,0,synthetic:edges-v9,ok,bursty|clip_edges_fast_v9|bursty|rep0|seed20240909,16.6464
moderate,,nan,clip_clouds_slow_v0,7329ce01355a4b028deb8c2bee6f177d79ed5f0561701f3139d89f63e4efbc6b,07b257405f757223,,e2d8b2cfb507b31c,B0a-R,16,16,fb2e41a2d7,4,synthetic:clouds-v0,ok,moderate|clip_clouds_slow_v0|moderate|rep4|seed20240909,2.0009
bursty,,nan,clip_clouds_slow_v0,7329ce01355a4b028deb8c2bee6f177d79ed5f0561701f3139d89f63e4efbc6b,07b257405f757223,,8ab96cd7d1d660db,B0a-R,16,16,fb2e41a2d7,0,synthetic:clouds-v0,ok,bursty|clip_clouds_slow_v0|bursty|rep0|seed20240909,1.9035
bursty,,nan,clip_clouds_slow_v0,7329ce01355a4b028deb8c2bee6f177d79ed5f0561701f3139d89f63e4efbc6b,07b257405f757223,,0bc659c63a5a82d3,B0a-R,16,16,fb2e41a2d7,1,synthetic:clouds-v0,ok,bursty|clip_clouds_slow_v0|bursty|rep1|seed20240909,1.9099
bursty,,nan,clip_edges_fast_v9,2c2a7f61cd09147093611189471ea6500661cda04d55947f52b34c1afb9f3057,07b257405f757223,,0c124e828b77a4fc,P,16,16,8da29d3843,1,synthetic:edges-v9,ok,bursty|clip_edges_fast_v9|bursty|rep1|seed20240909,16.2776
bursty,,nan,clip_clouds_slow_v0,7329ce01355a4b028deb8c2bee6f177d79ed5f0561701f3139d89f63e4efbc6b,07b257405f757223,,f0e32965141a0c6a,B0a-R,16,16,fb2e41a2d7,2,synthetic:clouds-v0,ok,bursty|clip_clouds_slow_v0|bursty|rep2|seed20240909,1.9097
bursty,,nan,clip_clouds_slow_v0,7329ce01355a4b028deb8c2bee6f177d79ed5f0561701f3139d89f63e4efbc6b,07b257405f757223,,70a0464603656e0b,B0a-R,16,16,fb2e41a2d7,3,synthetic:clouds-v0,ok,bursty|clip_clouds_slow_v0|bursty|rep3|seed20240909,1.9706
bursty,,nan,clip_clouds_slow_v0,7329ce01355a4b028deb8c2bee6f177d79ed5f0561701f3139d89f63e4efbc6b,07b257405f757223,,70a1f6a00ab9c97f,B0a-R,16,16,fb2e41a2d7,4,synthetic:clouds-v0,ok,bursty|clip_clouds_slow_v0|bursty|rep4|seed20240909,1.9501
harsh,,nan,clip_clouds_slow_v0,7329ce01355a4b028deb8c2bee6f177d79ed5f0561701f3139d89f63e4efbc6b,07b257405f757223,,8cb6b38869b7a349,B0a-R,16,16,fb2e41a2d7,0,synthetic:clouds-v0,ok,harsh|clip_clouds_slow_v0|harsh|rep0|seed20240909,2.0178
harsh,,nan,clip_clouds_slow_v0,7329ce01355a4b028deb8c2bee6f177d79ed5f0561701f3139d89f63e4efbc6b,07b257405f757223,,e913ba72ece913e7,B0a-R,16,16,fb2e41a2d7,1,synthetic:clouds-v0,ok,harsh|clip_clouds_slow_v0|harsh|rep1|seed20240909,2.0352
harsh,,nan,clip_clouds_slow_v0,7329ce01355a4b028deb8c2bee6f177d79ed5f0561701f3139d89f63e4efbc6b,07b257405f757223,,d2c39e7e06e4964d,B0a-R,16,16,fb2e41a2d7,2,synthetic:clouds-v0,ok,harsh|clip_clouds_slow_v0|harsh|rep2|seed20240909,1.9951
harsh,,nan,clip_clouds_slow_v0,7329ce01355a4b028deb8c2bee6f177d79ed5f0561701f3139d89f63e4efbc6b,07b257405f757223,,c9cf14a7fd9f9d3c,B0a-R,16,16,fb2e41a2d7,3,synthetic:clouds-v0,ok,harsh|clip_clouds_slow_v0|harsh|rep3|seed20240909,2.0079
harsh,,nan,clip_clouds_slow_v0,7329ce01355a4b028deb8c2bee6f177d79ed5f0561701f3139d89f63e4efbc6b,07b257405f757223,,83340c95767d9b77,B0a-R,16,16,fb2e41a2d7,4,synthetic:clouds-v0,ok,harsh|clip_clouds_slow_v0|harsh|rep4|seed20240909,1.989
bursty,,nan,clip_edges_fast_v9,2c2a7f61cd09147093611189471ea6500661cda04d55947f52b34c1afb9f3057,07b257405f757223,,7033682e9246f087,P,16,16,8da29d3843,2,synthetic:edges-v9,ok,bursty|clip_edges_fast_v9|bursty|rep2|seed20240909,16.2234
bursty,,nan,clip_edges_fast_v9,2c2a7f61cd09147093611189471ea6500661cda04d55947f52b34c1afb9f3057,07b257405f757223,,079aeedd4ce36124,P,16,16,8da29d3843,3,synthetic:edges-v9,ok,bursty|clip_edges_fast_v9|bursty|rep3|seed20240909,16.064
bursty,,nan,clip_edges_fast_v9,2c2a7f61cd09147093611189471ea6500661cda04d55947f52b34c1afb9f3057,07b257405f757223,,0628969821adfab9,P,16,16,8da29d3843,4,synthetic:edges-v9,ok,bursty|clip_edges_fast_v9|bursty|rep4|seed20240909,16.982
clean,,nan,clip_clouds_slow_v0,7329ce01355a4b028deb8c2bee6f177d79ed5f0561701f3139d89f63e4efbc6b,07b257405f757223,,06938b933556ff0d,B0d,16,16,fb2e41a2d7,1,synthetic:clouds-v0,ok,clean|clip_clouds_slow_v0|clean|rep1|seed20240909,4.534
clean,,nan,clip_clouds_slow_v0,7329ce01355a4b028deb8c2bee6f177d79ed5f0561701f3139d89f63e4efbc6b,07b257405f757223,,ab29f5f416e2a51c,B0d,16,16,fb2e41a2d7,0,synthetic:clouds-v0,ok,clean|clip_clouds_slow_v0|clean|rep0|seed20240909,4.618
clean,,nan,clip_clouds_slow_v0,7329ce01355a4b028deb8c2bee6f177d79ed5f0561701f3139d89f63e4efbc6b,07b257405f757223,,92c81da17a412c82,B0d,16,16,fb2e41a2d7,2,synthetic:clouds-v0,ok,clean|clip_clouds_slow_v0|clean|rep2|seed20240909,4.4849
clean,,nan,clip_clouds_slow_v0,7329ce01355a4b028deb8c2bee6f177d79ed5f0561701f3139d89f63e4efbc6b,07b257405f757223,,a819543dc62b670f,B0d,16,16,fb2e41a2d7,3,synthetic:clouds-v0,ok,clean|clip_clouds_slow_v0|clean|rep3|seed20240909,4.55
clean,,nan,clip_clouds_slow_v0,7329ce01355a4b028deb8c2bee6f177d79ed5f0561701f3139d89f63e4efbc6b,07b257405f757223,,74787fdbdadf33ae,B0d,16,16,fb2e41a2d7,4,synthetic:clouds-v0,ok,clean|clip_clouds_slow_v0|clean|rep4|seed20240909,4.5398
mild,,nan,clip_clouds_slow_v0,7329ce01355a4b028deb8c2bee6f177d79ed5f0561701f3139d89f63e4efbc6b,07b257405f757223,,a3e3bd02452417e7,B0d,16,16,fb2e41a2d7,0,synthetic:clouds-v0,ok,mild|clip_clouds_slow_v0|mild|rep0|seed20240909,4.7953
mild,,nan,clip_clouds_slow_v0,7329ce01355a4b028deb8c2bee6f177d79ed5f0561701f3139d89f63e4efbc6b,07b257405f757223,,1c3488eaf583fc68,B0d,16,16,fb2e41a2d7,2,synthetic:clouds-v0,ok,mild|clip_clouds_slow_v0|mild|rep2|seed20240909,4.6002
mild,,nan,clip_clouds_slow_v0,7329ce01355a4b028deb8c2bee6f177d79ed5f0561701f3139d89f63e4efbc6b,07b257405f757223,,a12ce591387837b8,B0d,16,16,fb2e41a2d7,1,synthetic:clouds-v0,ok,mild|clip_clouds_slow_v0|mild|rep1|seed20240909,4.7547
mild,,nan,clip_clouds_slow_v0,7329ce01355a4b028deb8c2bee6f177d79ed5f0561701f3139d89f63e4efbc6b,07b257405f757223,,0239b155b4d039aa,B0d,16,16,fb2e41a2d7,4,synthetic:clouds-v0,ok,mild|clip_clouds_slow_v0|mild|rep4|seed20240909,4.6333
mild,,nan,clip_clouds_slow_v0,7329ce01355a4b028deb8c2bee6f177d79ed5f0561701f3139d89f63e4efbc6b,07b257405f757223,,ba5934489a7aa014,B0d,16,16,fb2e41a2d7,3,synthetic:clouds-v0,ok,mild|clip_clouds_slow_v0|mild|rep3|seed20240909,4.7327
clean,,nan,clip_clouds_slow_v0,7329ce01355a4b028deb8c2bee6f177d79ed5f0561701f3139d89f63e4efbc6b,07b257405f757223,,6f1fc364b424f154,B1,16,16,fb2e41a2d7,0,synthetic:clouds-v0,ok,clean|clip_clouds_slow_v0|clean|rep0|seed20240909,0.414
clean,,nan,clip_clouds_slow_v0,7329ce01355a4b028deb8c2bee6f177d79ed5f0561701f3139d89f63e4efbc6b,07b257405f757223,,aaf0ceff021e9015,B1,16,16,fb2e41a2d7,1,synthetic:clouds-v0,ok,clean|clip_clouds_slow_v0|clean|rep1|seed20240909,0.3751
clean,,nan,clip_clouds_slow_v0,7329ce01355a4b028deb8c2bee6f177d79ed5f0561701f3139d89f63e4efbc6b,07b257405f757223,,23567228a2f3e828,B1,16,16,fb2e41a2d7,2,synthetic:clouds-v0,ok,clean|clip_clouds_slow_v0|clean|rep2|seed20240909,0.3927
clean,,nan,clip_clouds_slow_v0,7329ce01355a4b028deb8c2bee6f177d79ed5f0561701f3139d89f63e4efbc6b,07b257405f757223,,65d5fe7cce89c546,B1,16,16,fb2e41a2d7,3,synthetic:clouds-v0,ok,clean|clip_clouds_slow_v0|clean|rep3|seed20240909,0.4147
harsh,,nan,clip_clouds_slow_v0,7329ce01355a4b028deb8c2bee6f177d79ed5f0561701f3139d89f63e4efbc6b,07b257405f757223,,510c01d6e9f6d084,B0d,16,16,fb2e41a2d7,0,synthetic:clouds-v0,ok,harsh|clip_clouds_slow_v0|harsh|rep0|seed20240909,2.7398
clean,,nan,clip_clouds_slow_v0,7329ce01355a4b028deb8c2bee6f177d79ed5f0561701f3139d89f63e4efbc6b,07b257405f757223,,0abaa19730c00de7,B1,16,16,fb2e41a2d7,4,synthetic:clouds-v0,ok,clean|clip_clouds_slow_v0|clean|rep4|seed20240909,0.3933
harsh,,nan,clip_clouds_slow_v0,7329ce01355a4b028deb8c2bee6f177d79ed5f0561701f3139d89f63e4efbc6b,07b257405f757223,,99420d4c74f955fd,B0d,16,16,fb2e41a2d7,2,synthetic:clouds-v0,ok,harsh|clip_clouds_slow_v0|harsh|rep2|seed20240909,2.554
harsh,,nan,clip_clouds_slow_v0,7329ce01355a4b028deb8c2bee6f177d79ed5f0561701f3139d89f63e4efbc6b,07b257405f757223,,0bd606da28b70e53,B0d,16,16,fb2e41a2d7,1,synthetic:clouds-v0,ok,harsh|clip_clouds_slow_v0|harsh|rep1|seed20240909,2.6744
harsh,,nan,clip_clouds_slow_v0,7329ce01355a4b028deb8c2bee6f177d79ed5f0561701f3139d89f63e4efbc6b,07b257405f757223,,16fabb5c65ab62fd,B0d,16,16,fb2e41a2d7,3,synthetic:clouds-v0,ok,harsh|clip_clouds_slow_v0|harsh|rep3|seed20240909,2.8026
mild,,nan,clip_clouds_slow_v0,7329ce01355a4b028deb8c2bee6f177d79ed5f0561701f3139d89f63e4efbc6b,07b257405f757223,,19f6c33560825614,B1,16,16,fb2e41a2d7,0,synthetic:clouds-v0,ok,mild|clip_clouds_slow_v0|mild|rep0|seed20240909,0.5888
mild,,nan,clip_clouds_slow_v0,7329ce01355a4b028deb8c2bee6f177d79ed5f0561701f3139d89f63e4efbc6b,07b257405f757223,,3eae46a08698e851,B1,16,16,fb2e41a2d7,1,synthetic:clouds-v0,ok,mild|clip_clouds_slow_v0|mild|rep1|seed20240909,0.5798
moderate,,nan,clip_clouds_slow_v0,7329ce01355a4b028deb8c2bee6f177d79ed5f0561701f3139d89f63e4efbc6b,07b257405f757223,,7bcddd5844422f21,B0d,16,16,fb2e41a2d7,0,synthetic:clouds-v0,ok,moderate|clip_clouds_slow_v0|moderate|rep0|seed20240909,7.3552
mild,,nan,clip_clouds_slow_v0,7329ce01355a4b028deb8c2bee6f177d79ed5f0561701f3139d89f63e4efbc6b,07b257405f757223,,71fab6bf2de6c2c4,B1,16,16,fb2e41a2d7,2,synthetic:clouds-v0,ok,mild|clip_clouds_slow_v0|mild|rep2|seed20240909,0.5777
mild,,nan,clip_clouds_slow_v0,7329ce01355a4b028deb8c2bee6f177d79ed5f0561701f3139d89f63e4efbc6b,07b257405f757223,,7b556ed43b62bdc0,B1,16,16,fb2e41a2d7,3,synthetic:clouds-v0,ok,mild|clip_clouds_slow_v0|mild|rep3|seed20240909,0.576
harsh,,nan,clip_clouds_slow_v0,7329ce01355a4b028deb8c2bee6f177d79ed5f0561701f3139d89f63e4efbc6b,07b257405f757223,,8521372b650eede5,B0d,16,16,fb2e41a2d7,4,synthetic:clouds-v0,ok,harsh|clip_clouds_slow_v0|harsh|rep4|seed20240909,2.8738
moderate,,nan,clip_clouds_slow_v0,7329ce01355a4b028deb8c2bee6f177d79ed5f0561701f3139d89f63e4efbc6b,07b257405f757223,,a3a7f100dd253bd0,B0d,16,16,fb2e41a2d7,1,synthetic:clouds-v0,ok,moderate|clip_clouds_slow_v0|moderate|rep1|seed20240909,7.1549
mild,,nan,clip_clouds_slow_v0,7329ce01355a4b028deb8c2bee6f177d79ed5f0561701f3139d89f63e4efbc6b,07b257405f757223,,e146e8d8c79f1704,B1,16,16,fb2e41a2d7,4,synthetic:clouds-v0,ok,mild|clip_clouds_slow_v0|mild|rep4|seed20240909,0.611
moderate,,nan,clip_clouds_slow_v0,7329ce01355a4b028deb8c2bee6f177d79ed5f0561701f3139d89f63e4efbc6b,07b257405f757223,,7c317361b76187ba,B1,16,16,fb2e41a2d7,0,synthetic:clouds-v0,ok,moderate|clip_clouds_slow_v0|moderate|rep0|seed20240909,0.6306
moderate,,nan,clip_clouds_slow_v0,7329ce01355a4b028deb8c2bee6f177d79ed5f0561701f3139d89f63e4efbc6b,07b257405f757223,,ac92f6036636353c,B1,16,16,fb2e41a2d7,1,synthetic:clouds-v0,ok,moderate|clip_clouds_slow_v0|moderate|rep1|seed20240909,0.6472
moderate,,nan,clip_clouds_slow_v0,7329ce01355a4b028deb8c2bee6f177d79ed5f0561701f3139d89f63e4efbc6b,07b257405f757223,,241e371329321217,B0d,16,16,fb2e41a2d7,2,synthetic:clouds-v0,ok,moderate|clip_clouds_slow_v0|moderate|rep2|seed20240909,7.1844
moderate,,nan,clip_clouds_slow_v0,7329ce01355a4b028deb8c2bee6f177d79ed5f0561701f3139d89f63e4efbc6b,07b257405f757223,,3b167220da95103a,B1,16,16,fb2e41a2d7,2,synthetic:clouds-v0,ok,moderate|clip_clouds_slow_v0|moderate|rep2|seed20240909,0.6337
moderate,,nan,clip_clouds_slow_v0,7329ce01355a4b028deb8c2bee6f177d79ed5f0561701f3139d89f63e4efbc6b,07b257405f757223,,2015bbb119b72c16,B1,16,16,fb2e41a2d7,3,synthetic:clouds-v0,ok,moderate|clip_clouds_slow_v0|moderate|rep3|seed20240909,0.6636
bursty,,nan,clip_clouds_slow_v0,7329ce01355a4b028deb8c2bee6f177d79ed5f0561701f3139d89f63e4efbc6b,07b257405f757223,,72b3a1facd0fe01a,B1,16,16,fb2e41a2d7,0,synthetic:clouds-v0,ok,bursty|clip_clouds_slow_v0|bursty|rep0|seed20240909,0.6049
moderate,,nan,clip_clouds_slow_v0,7329ce01355a4b028deb8c2bee6f177d79ed5f0561701f3139d89f63e4efbc6b,07b257405f757223,,7461118f8628e171,B1,16,16,fb2e41a2d7,4,synthetic:clouds-v0,ok,moderate|clip_clouds_slow_v0|moderate|rep4|seed20240909,0.6188
bursty,,nan,clip_clouds_slow_v0,7329ce01355a4b028deb8c2bee6f177d79ed5f0561701f3139d89f63e4efbc6b,07b257405f757223,,235639b41e53933c,B1,16,16,fb2e41a2d7,1,synthetic:clouds-v0,ok,bursty|clip_clouds_slow_v0|bursty|rep1|seed20240909,0.6222
bursty,,nan,clip_clouds_slow_v0,7329ce01355a4b028deb8c2bee6f177d79ed5f0561701f3139d89f63e4efbc6b,07b257405f757223,,eac1592bc647d1a6,B1,16,16,fb2e41a2d7,2,synthetic:clouds-v0,ok,bursty|clip_clouds_slow_v0|bursty|rep2|seed20240909,0.5483
bursty,,nan,clip_clouds_slow_v0,7329ce01355a4b028deb8c2bee6f177d79ed5f0561701f3139d89f63e4efbc6b,07b257405f757223,,070cf092faa8e20b,B1,16,16,fb2e41a2d7,3,synthetic:clouds-v0,ok,bursty|clip_clouds_slow_v0|bursty|rep3|seed20240909,0.5954
bursty,,nan,clip_clouds_slow_v0,7329ce01355a4b028deb8c2bee6f177d79ed5f0561701f3139d89f63e4efbc6b,07b257405f757223,,bbea4151dc065615,B1,16,16,fb2e41a2d7,4,synthetic:clouds-v0,ok,bursty|clip_clouds_slow_v0|bursty|rep4|seed20240909,0.6056
harsh,,nan,clip_clouds_slow_v0,7329ce01355a4b028deb8c2bee6f177d79ed5f0561701f3139d89f63e4efbc6b,07b257405f757223,,9a42930ac3fe1997,B1,16,16,fb2e41a2d7,0,synthetic:clouds-v0,ok,harsh|clip_clouds_slow_v0|harsh|rep0|seed20240909,0.633
clean,,nan,clip_clouds_slow_v0,7329ce01355a4b028deb8c2bee6f177d79ed5f0561701f3139d89f63e4efbc6b,07b257405f757223,,e960cbbb0224956c,B2,16,16,fb2e41a2d7,0,synthetic:clouds-v0,ok,clean|clip_clouds_slow_v0|clean|rep0|seed20240909,0.4509
harsh,,nan,clip_clouds_slow_v0,7329ce01355a4b028deb8c2bee6f177d79ed5f0561701f3139d89f63e4efbc6b,07b257405f757223,,3625145ef35bd52c,B1,16,16,fb2e41a2d7,1,synthetic:clouds-v0,ok,harsh|clip_clouds_slow_v0|harsh|rep1|seed20240909,0.6069
harsh,,nan,clip_clouds_slow_v0,7329ce01355a4b028deb8c2bee6f177d79ed5f0561701f3139d89f63e4efbc6b,07b257405f757223,,567fee8207e287c2,B1,16,16,fb2e41a2d7,2,synthetic:clouds-v0,ok,harsh|clip_clouds_slow_v0|harsh|rep2|seed20240909,0.5768
moderate,,nan,clip_clouds_slow_v0,7329ce01355a4b028deb8c2bee6f177d79ed5f0561701f3139d89f63e4efbc6b,07b257405f757223,,68ec5c678c6b51bb,B0d,16,16,fb2e41a2d7,3,synthetic:clouds-v0,ok,moderate|clip_clouds_slow_v0|moderate|rep3|seed20240909,7.2052
harsh,,nan,clip_clouds_slow_v0,7329ce01355a4b028deb8c2bee6f177d79ed5f0561701f3139d89f63e4efbc6b,07b257405f757223,,b866368c939216aa,B1,16,16,fb2e41a2d7,4,synthetic:clouds-v0,ok,harsh|clip_clouds_slow_v0|harsh|rep4|seed20240909,0.6265
harsh,,nan,clip_clouds_slow_v0,7329ce01355a4b028deb8c2bee6f177d79ed5f0561701f3139d89f63e4efbc6b,07b257405f757223,,91e5baabdb5f3660,B1,16,16,fb2e41a2d7,3,synthetic:clouds-v0,ok,harsh|clip_clouds_slow_v0|harsh|rep3|seed20240909,0.6516
clean,,nan,clip_clouds_slow_v0,7329ce01355a4b028deb8c2bee6f177d79ed5f0561701f3139d89f63e4efbc6b,07b257405f757223,,7acc589244fea7da,B2,16,16,fb2e41a2d7,1,synthetic:clouds-v0,ok,clean|clip_clouds_slow_v0|clean|rep1|seed20240909,0.4486
clean,,nan,clip_clouds_slow_v0,7329ce01355a4b028deb8c2bee6f177d79ed5f0561701f3139d89f63e4efbc6b,07b257405f757223,,3129d7ce2ea4baeb,B2,16,16,fb2e41a2d7,2,synthetic:clouds-v0,ok,clean|clip_clouds_slow_v0|clean|rep2|seed20240909,0.4199
clean,,nan,clip_clouds_slow_v0,7329ce01355a4b028deb8c2bee6f177d79ed5f0561701f3139d89f63e4efbc6b,07b257405f757223,,9445ae828d4dc2e4,B2,16,16,fb2e41a2d7,3,synthetic:clouds-v0,ok,clean|clip_clouds_slow_v0|clean|rep3|seed20240909,0.46
moderate,,nan,clip_clouds_slow_v0,7329ce01355a4b028deb8c2bee6f177d79ed5f0561701f3139d89f63e4efbc6b,07b257405f757223,,be1d318ca5e48914,B0d,16,16,fb2e41a2d7,4,synthetic:clouds-v0,ok,moderate|clip_clouds_slow_v0|moderate|rep4|seed20240909,7.234
clean,,nan,clip_clouds_slow_v0,7329ce01355a4b028deb8c2bee6f177d79ed5f0561701f3139d89f63e4efbc6b,07b257405f757223,,ce938e2afb1a3087,B2,16,16,fb2e41a2d7,4,synthetic:clouds-v0,ok,clean|clip_clouds_slow_v0|clean|rep4|seed20240909,0.459
mild,,nan,clip_clouds_slow_v0,7329ce01355a4b028deb8c2bee6f177d79ed5f0561701f3139d89f63e4efbc6b,07b257405f757223,,15598046106b148c,B2,16,16,fb2e41a2d7,0,synthetic:clouds-v0,ok,mild|clip_clouds_slow_v0|mild|rep0|seed20240909,0.6366
mild,,nan,clip_clouds_slow_v0,7329ce01355a4b028deb8c2bee6f177d79ed5f0561701f3139d89f63e4efbc6b,07b257405f757223,,a92f129a16f4906d,B2,16,16,fb2e41a2d7,1,synthetic:clouds-v0,ok,mild|clip_clouds_slow_v0|mild|rep1|seed20240909,0.6465
mild,,nan,clip_clouds_slow_v0,7329ce01355a4b028deb8c2bee6f177d79ed5f0561701f3139d89f63e4efbc6b,07b257405f757223,,7c8d6428afa7545b,B2,16,16,fb2e41a2d7,2,synthetic:clouds-v0,ok,mild|clip_clouds_slow_v0|mild|rep2|seed20240909,0.6109
mild,,nan,clip_clouds_slow_v0,7329ce01355a4b028deb8c2bee6f177d79ed5f0561701f3139d89f63e4efbc6b,07b257405f757223,,87819c656902c4c0,B2,16,16,fb2e41a2d7,3,synthetic:clouds-v0,ok,mild|clip_clouds_slow_v0|mild|rep3|seed20240909,0.6294
mild,,nan,clip_clouds_slow_v0,7329ce01355a4b028deb8c2bee6f177d79ed5f0561701f3139d89f63e4efbc6b,07b257405f757223,,ee877dd3220178fd,B2,16,16,fb2e41a2d7,4,synthetic:clouds-v0,ok,mild|clip_clouds_slow_v0|mild|rep4|seed20240909,0.6884
moderate,,nan,clip_clouds_slow_v0,7329ce01355a4b028deb8c2bee6f177d79ed5f0561701f3139d89f63e4efbc6b,07b257405f757223,,313d72df6d5687c1,B2,16,16,fb2e41a2d7,0,synthetic:clouds-v0,ok,moderate|clip_clouds_slow_v0|moderate|rep0|seed20240909,0.696
moderate,,nan,clip_clouds_slow_v0,7329ce01355a4b028deb8c2bee6f177d79ed5f0561701f3139d89f63e4efbc6b,07b257405f757223,,286fdd3121ab177f,B2,16,16,fb2e41a2d7,1,synthetic:clouds-v0,ok,moderate|clip_clouds_slow_v0|moderate|rep1|seed20240909,0.6837
moderate,,nan,clip_clouds_slow_v0,7329ce01355a4b028deb8c2bee6f177d79ed5f0561701f3139d89f63e4efbc6b,07b257405f757223,,3e34b4a84dc8bb10,B2,16,16,fb2e41a2d7,2,synthetic:clouds-v0,ok,moderate|clip_clouds_slow_v0|moderate|rep2|seed20240909,0.667
moderate,,nan,clip_clouds_slow_v0,7329ce01355a4b028deb8c2bee6f177d79ed5f0561701f3139d89f63e4efbc6b,07b257405f757223,,73f703f89ba053be,B2,16,16,fb2e41a2d7,3,synthetic:clouds-v0,ok,moderate|clip_clouds_slow_v0|moderate|rep3|seed20240909,0.6442
moderate,,nan,clip_clouds_slow_v0,7329ce01355a4b028deb8c2bee6f177d79ed5f0561701f3139d89f63e4efbc6b,07b257405f757223,,17163c71f86e5f2b,B2,16,16,fb2e41a2d7,4,synthetic:clouds-v0,ok,moderate|clip_clouds_slow_v0|moderate|rep4|seed20240909,0.6881
bursty,,nan,clip_clouds_slow_v0,7329ce01355a4b028deb8c2bee6f177d79ed5f0561701f3139d89f63e4efbc6b,07b257405f757223,,b4a5951c520d2fe6,B2,16,16,fb2e41a2d7,0,synthetic:clouds-v0,ok,bursty|clip_clouds_slow_v0|bursty|rep0|seed20240909,0.6786
bursty,,nan,clip_clouds_slow_v0,7329ce01355a4b028deb8c2bee6f177d79ed5f0561701f3139d89f63e4efbc6b,07b257405f757223,,ee6b23d460e15aa3,B2,16,16,fb2e41a2d7,3,synthetic:clouds-v0,ok,bursty|clip_clouds_slow_v0|bursty|rep3|seed20240909,0.56
bursty,,nan,clip_clouds_slow_v0,7329ce01355a4b028deb8c2bee6f177d79ed5f0561701f3139d89f63e4efbc6b,07b257405f757223,,bb9b91ef0a6c611d,B2,16,16,fb2e41a2d7,2,synthetic:clouds-v0,ok,bursty|clip_clouds_slow_v0|bursty|rep2|seed20240909,0.6191
bursty,,nan,clip_clouds_slow_v0,7329ce01355a4b028deb8c2bee6f177d79ed5f0561701f3139d89f63e4efbc6b,07b257405f757223,,979b25f0d6585169,B2,16,16,fb2e41a2d7,1,synthetic:clouds-v0,ok,bursty|clip_clouds_slow_v0|bursty|rep1|seed20240909,0.675
bursty,,nan,clip_clouds_slow_v0,7329ce01355a4b028deb8c2bee6f177d79ed5f0561701f3139d89f63e4efbc6b,07b257405f757223,,e3ce12ecb4c9ba99,B2,16,16,fb2e41a2d7,4,synthetic:clouds-v0,ok,bursty|clip_clouds_slow_v0|bursty|rep4|seed20240909,0.638
bursty,,nan,clip_clouds_slow_v0,7329ce01355a4b028deb8c2bee6f177d79ed5f0561701f3139d89f63e4efbc6b,07b257405f757223,,0fd5519c8109f20a,B0d,16,16,fb2e41a2d7,1,synthetic:clouds-v0,ok,bursty|clip_clouds_slow_v0|bursty|rep1|seed20240909,6.4987
harsh,,nan,clip_clouds_slow_v0,7329ce01355a4b028deb8c2bee6f177d79ed5f0561701f3139d89f63e4efbc6b,07b257405f757223,,33504ea31f2b571b,B2,16,16,fb2e41a2d7,0,synthetic:clouds-v0,ok,harsh|clip_clouds_slow_v0|harsh|rep0|seed20240909,0.6009
harsh,,nan,clip_clouds_slow_v0,7329ce01355a4b028deb8c2bee6f177d79ed5f0561701f3139d89f63e4efbc6b,07b257405f757223,,b7c8cf953c2d37b9,B2,16,16,fb2e41a2d7,2,synthetic:clouds-v0,ok,harsh|clip_clouds_slow_v0|harsh|rep2|seed20240909,0.583
harsh,,nan,clip_clouds_slow_v0,7329ce01355a4b028deb8c2bee6f177d79ed5f0561701f3139d89f63e4efbc6b,07b257405f757223,,a457d31f256023aa,B2,16,16,fb2e41a2d7,1,synthetic:clouds-v0,ok,harsh|clip_clouds_slow_v0|harsh|rep1|seed20240909,0.6426
harsh,,nan,clip_clouds_slow_v0,7329ce01355a4b028deb8c2bee6f177d79ed5f0561701f3139d89f63e4efbc6b,07b257405f757223,,f77b4ae973d53c57,B2,16,16,fb2e41a2d7,3,synthetic:clouds-v0,ok,harsh|clip_clouds_slow_v0|harsh|rep3|seed20240909,0.6249
harsh,,nan,clip_clouds_slow_v0,7329ce01355a4b028deb8c2bee6f177d79ed5f0561701f3139d89f63e4efbc6b,07b257405f757223,,23469f1faeccee95,B2,16,16,fb2e41a2d7,4,synthetic:clouds-v0,ok,harsh|clip_clouds_slow_v0|harsh|rep4|seed20240909,0.6344
bursty,,nan,clip_clouds_slow_v0,7329ce01355a4b028deb8c2bee6f177d79ed5f0561701f3139d89f63e4efbc6b,07b257405f757223,,740abb7c2a3454dd,B0d,16,16,fb2e41a2d7,0,synthetic:clouds-v0,ok,bursty|clip_clouds_slow_v0|bursty|rep0|seed20240909,7.1728
bursty,,nan,clip_clouds_slow_v0,7329ce01355a4b028deb8c2bee6f177d79ed5f0561701f3139d89f63e4efbc6b,07b257405f757223,,5d24b84cd3372de8,B0d,16,16,fb2e41a2d7,2,synthetic:clouds-v0,ok,bursty|clip_clouds_slow_v0|bursty|rep2|seed20240909,6.8598
bursty,,nan,clip_clouds_slow_v0,7329ce01355a4b028deb8c2bee6f177d79ed5f0561701f3139d89f63e4efbc6b,07b257405f757223,,a99be7eaacc43ce9,B0d,16,16,fb2e41a2d7,4,synthetic:clouds-v0,ok,bursty|clip_clouds_slow_v0|bursty|rep4|seed20240909,7.4885
bursty,,nan,clip_clouds_slow_v0,7329ce01355a4b028deb8c2bee6f177d79ed5f0561701f3139d89f63e4efbc6b,07b257405f757223,,92ce2bda0c3fdfae,B0d,16,16,fb2e41a2d7,3,synthetic:clouds-v0,ok,bursty|clip_clouds_slow_v0|bursty|rep3|seed20240909,7.7657
clean,,nan,clip_clouds_slow_v0,7329ce01355a4b028deb8c2bee6f177d79ed5f0561701f3139d89f63e4efbc6b,07b257405f757223,,f7481b88ffc0eaa9,B3,16,16,fb2e41a2d7,0,synthetic:clouds-v0,ok,clean|clip_clouds_slow_v0|clean|rep0|seed20240909,2.8607
clean,,nan,clip_clouds_slow_v0,7329ce01355a4b028deb8c2bee6f177d79ed5f0561701f3139d89f63e4efbc6b,07b257405f757223,,3b1f50b205a32e0f,B3,16,16,fb2e41a2d7,1,synthetic:clouds-v0,ok,clean|clip_clouds_slow_v0|clean|rep1|seed20240909,2.8184
clean,,nan,clip_clouds_slow_v0,7329ce01355a4b028deb8c2bee6f177d79ed5f0561701f3139d89f63e4efbc6b,07b257405f757223,,9a04a086f66bac84,B3,16,16,fb2e41a2d7,2,synthetic:clouds-v0,ok,clean|clip_clouds_slow_v0|clean|rep2|seed20240909,2.8008
clean,,nan,clip_clouds_slow_v0,7329ce01355a4b028deb8c2bee6f177d79ed5f0561701f3139d89f63e4efbc6b,07b257405f757223,,0e56e0d79f5f79ed,B3,16,16,fb2e41a2d7,3,synthetic:clouds-v0,ok,clean|clip_clouds_slow_v0|clean|rep3|seed20240909,2.8019
clean,,nan,clip_clouds_slow_v0,7329ce01355a4b028deb8c2bee6f177d79ed5f0561701f3139d89f63e4efbc6b,07b257405f757223,,5fff49bd5aca7058,B3,16,16,fb2e41a2d7,4,synthetic:clouds-v0,ok,clean|clip_clouds_slow_v0|clean|rep4|seed20240909,2.7943
mild,,nan,clip_clouds_slow_v0,7329ce01355a4b028deb8c2bee6f177d79ed5f0561701f3139d89f63e4efbc6b,07b257405f757223,,93c65136111ee873,B3,16,16,fb2e41a2d7,0,synthetic:clouds-v0,ok,mild|clip_clouds_slow_v0|mild|rep0|seed20240909,2.8836
mild,,nan,clip_clouds_slow_v0,7329ce01355a4b028deb8c2bee6f177d79ed5f0561701f3139d89f63e4efbc6b,07b257405f757223,,9cc2914c1918312d,B3,16,16,fb2e41a2d7,2,synthetic:clouds-v0,ok,mild|clip_clouds_slow_v0|mild|rep2|seed20240909,2.9512
mild,,nan,clip_clouds_slow_v0,7329ce01355a4b028deb8c2bee6f177d79ed5f0561701f3139d89f63e4efbc6b,07b257405f757223,,3454104237002fc8,B3,16,16,fb2e41a2d7,3,synthetic:clouds-v0,ok,mild|clip_clouds_slow_v0|mild|rep3|seed20240909,2.9535
mild,,nan,clip_clouds_slow_v0,7329ce01355a4b028deb8c2bee6f177d79ed5f0561701f3139d89f63e4efbc6b,07b257405f757223,,9c480c88ed54a16a,B3,16,16,fb2e41a2d7,1,synthetic:clouds-v0,ok,mild|clip_clouds_slow_v0|mild|rep1|seed20240909,3.0385
mild,,nan,clip_clouds_slow_v0,7329ce01355a4b028deb8c2bee6f177d79ed5f0561701f3139d89f63e4efbc6b,07b257405f757223,,a7ff6bed281dda98,B3,16,16,fb2e41a2d7,4,synthetic:clouds-v0,ok,mild|clip_clouds_slow_v0|mild|rep4|seed20240909,3.0065
moderate,,nan,clip_clouds_slow_v0,7329ce01355a4b028deb8c2bee6f177d79ed5f0561701f3139d89f63e4efbc6b,07b257405f757223,,c07bb81f8f5d03da,B3,16,16,fb2e41a2d7,1,synthetic:clouds-v0,ok,moderate|clip_clouds_slow_v0|moderate|rep1|seed20240909,4.0971
moderate,,nan,clip_clouds_slow_v0,7329ce01355a4b028deb8c2bee6f177d79ed5f0561701f3139d89f63e4efbc6b,07b257405f757223,,800a2725c5da2bca,B3,16,16,fb2e41a2d7,0,synthetic:clouds-v0,ok,moderate|clip_clouds_slow_v0|moderate|rep0|seed20240909,4.2999
harsh,,nan,clip_clouds_slow_v0,7329ce01355a4b028deb8c2bee6f177d79ed5f0561701f3139d89f63e4efbc6b,07b257405f757223,,83938674fca3dcd3,B3,16,16,fb2e41a2d7,2,synthetic:clouds-v0,ok,harsh|clip_clouds_slow_v0|harsh|rep2|seed20240909,1.7618
harsh,,nan,clip_clouds_slow_v0,7329ce01355a4b028deb8c2bee6f177d79ed5f0561701f3139d89f63e4efbc6b,07b257405f757223,,da02c4301863bddd,B3,16,16,fb2e41a2d7,1,synthetic:clouds-v0,ok,harsh|clip_clouds_slow_v0|harsh|rep1|seed20240909,1.9683
moderate,,nan,clip_clouds_slow_v0,7329ce01355a4b028deb8c2bee6f177d79ed5f0561701f3139d89f63e4efbc6b,07b257405f757223,,e4ae7667f00a9d50,B3,16,16,fb2e41a2d7,2,synthetic:clouds-v0,ok,moderate|clip_clouds_slow_v0|moderate|rep2|seed20240909,4.6055
moderate,,nan,clip_clouds_slow_v0,7329ce01355a4b028deb8c2bee6f177d79ed5f0561701f3139d89f63e4efbc6b,07b257405f757223,,61101b0163c6f5fe,B3,16,16,fb2e41a2d7,3,synthetic:clouds-v0,ok,moderate|clip_clouds_slow_v0|moderate|rep3|seed20240909,4.3921
harsh,,nan,clip_clouds_slow_v0,7329ce01355a4b028deb8c2bee6f177d79ed5f0561701f3139d89f63e4efbc6b,07b257405f757223,,bf6f659f055dad4d,B3,16,16,fb2e41a2d7,0,synthetic:clouds-v0,ok,harsh|clip_clouds_slow_v0|harsh|rep0|seed20240909,2.1516
harsh,,nan,clip_clouds_slow_v0,7329ce01355a4b028deb8c2bee6f177d79ed5f0561701f3139d89f63e4efbc6b,07b257405f757223,,f8654b2cc8ab0a2b,B3,16,16,fb2e41a2d7,3,synthetic:clouds-v0,ok,harsh|clip_clouds_slow_v0|harsh|rep3|seed20240909,2.0002
harsh,,nan,clip_clouds_slow_v0,7329ce01355a4b028deb8c2bee6f177d79ed5f0561701f3139d89f63e4efbc6b,07b257405f757223,,4fb1d4aa0d6ae179,B3,16,16,fb2e41a2d7,4,synthetic:clouds-v0,ok,harsh|clip_clouds_slow_v0|harsh|rep4|seed20240909,1.9601
moderate,,nan,clip_clouds_slow_v0,7329ce01355a4b028deb8c2bee6f177d79ed5f0561701f3139d89f63e4efbc6b,07b257405f757223,,0f0389c9aa3ff8fd,B3,16,16,fb2e41a2d7,4,synthetic:clouds-v0,ok,moderate|clip_clouds_slow_v0|moderate|rep4|seed20240909,4.448
bursty,,nan,clip_clouds_slow_v0,7329ce01355a4b028deb8c2bee6f177d79ed5f0561701f3139d89f63e4efbc6b,07b257405f757223,,95457bc50804aca4,B3,16,16,fb2e41a2d7,0,synthetic:clouds-v0,ok,bursty|clip_clouds_slow_v0|bursty|rep0|seed20240909,4.4046
bursty,,nan,clip_clouds_slow_v0,7329ce01355a4b028deb8c2bee6f177d79ed5f0561701f3139d89f63e4efbc6b,07b257405f757223,,f554198b542db903,B3,16,16,fb2e41a2d7,1,synthetic:clouds-v0,ok,bursty|clip_clouds_slow_v0|bursty|rep1|seed20240909,3.7531
bursty,,nan,clip_clouds_slow_v0,7329ce01355a4b028deb8c2bee6f177d79ed5f0561701f3139d89f63e4efbc6b,07b257405f757223,,874d464bfed287fb,B3,16,16,fb2e41a2d7,2,synthetic:clouds-v0,ok,bursty|clip_clouds_slow_v0|bursty|rep2|seed20240909,4.4065
bursty,,nan,clip_clouds_slow_v0,7329ce01355a4b028deb8c2bee6f177d79ed5f0561701f3139d89f63e4efbc6b,07b257405f757223,,0522a0d97df56964,B3,16,16,fb2e41a2d7,4,synthetic:clouds-v0,ok,bursty|clip_clouds_slow_v0|bursty|rep4|seed20240909,4.4108
bursty,,nan,clip_clouds_slow_v0,7329ce01355a4b028deb8c2bee6f177d79ed5f0561701f3139d89f63e4efbc6b,07b257405f757223,,e6c1e3da4d815962,B3,16,16,fb2e41a2d7,3,synthetic:clouds-v0,ok,bursty|clip_clouds_slow_v0|bursty|rep3|seed20240909,4.4899
clean,,nan,clip_clouds_slow_v0,7329ce01355a4b028deb8c2bee6f177d79ed5f0561701f3139d89f63e4efbc6b,07b257405f757223,,3b1e48684ae1fd23,B4,16,16,fb2e41a2d7,0,synthetic:clouds-v0,ok,clean|clip_clouds_slow_v0|clean|rep0|seed20240909,4.6034
clean,,nan,clip_clouds_slow_v0,7329ce01355a4b028deb8c2bee6f177d79ed5f0561701f3139d89f63e4efbc6b,07b257405f757223,,3239c6a9c1e12ec3,B4,16,16,fb2e41a2d7,1,synthetic:clouds-v0,ok,clean|clip_clouds_slow_v0|clean|rep1|seed20240909,4.5128
clean,,nan,clip_clouds_slow_v0,7329ce01355a4b028deb8c2bee6f177d79ed5f0561701f3139d89f63e4efbc6b,07b257405f757223,,587ae85787ed5c02,B4,16,16,fb2e41a2d7,2,synthetic:clouds-v0,ok,clean|clip_clouds_slow_v0|clean|rep2|seed20240909,4.5655
clean,,nan,clip_clouds_slow_v0,7329ce01355a4b028deb8c2bee6f177d79ed5f0561701f3139d89f63e4efbc6b,07b257405f757223,,b8bbcbe84ad0b4fb,B4,16,16,fb2e41a2d7,3,synthetic:clouds-v0,ok,clean|clip_clouds_slow_v0|clean|rep3|seed20240909,4.5355
clean,,nan,clip_clouds_slow_v0,7329ce01355a4b028deb8c2bee6f177d79ed5f0561701f3139d89f63e4efbc6b,07b257405f757223,,35e0495be3a97b05,B4,16,16,fb2e41a2d7,4,synthetic:clouds-v0,ok,clean|clip_clouds_slow_v0|clean|rep4|seed20240909,4.569
mild,,nan,clip_clouds_slow_v0,7329ce01355a4b028deb8c2bee6f177d79ed5f0561701f3139d89f63e4efbc6b,07b257405f757223,,01cc596a98a9be3f,B4,16,16,fb2e41a2d7,1,synthetic:clouds-v0,ok,mild|clip_clouds_slow_v0|mild|rep1|seed20240909,4.6601
mild,,nan,clip_clouds_slow_v0,7329ce01355a4b028deb8c2bee6f177d79ed5f0561701f3139d89f63e4efbc6b,07b257405f757223,,02de1b7c6c7704ae,B4,16,16,fb2e41a2d7,0,synthetic:clouds-v0,ok,mild|clip_clouds_slow_v0|mild|rep0|seed20240909,4.7567
mild,,nan,clip_clouds_slow_v0,7329ce01355a4b028deb8c2bee6f177d79ed5f0561701f3139d89f63e4efbc6b,07b257405f757223,,3f11b357af5d6b1e,B4,16,16,fb2e41a2d7,2,synthetic:clouds-v0,ok,mild|clip_clouds_slow_v0|mild|rep2|seed20240909,4.7661
mild,,nan,clip_clouds_slow_v0,7329ce01355a4b028deb8c2bee6f177d79ed5f0561701f3139d89f63e4efbc6b,07b257405f757223,,0812ae220dc0bf67,B4,16,16,fb2e41a2d7,3,synthetic:clouds-v0,ok,mild|clip_clouds_slow_v0|mild|rep3|seed20240909,4.7984
mild,,nan,clip_clouds_slow_v0,7329ce01355a4b028deb8c2bee6f177d79ed5f0561701f3139d89f63e4efbc6b,07b257405f757223,,ff268071d3cd1cc4,B4,16,16,fb2e41a2d7,4,synthetic:clouds-v0,ok,mild|clip_clouds_slow_v0|mild|rep4|seed20240909,4.7917
harsh,,nan,clip_clouds_slow_v0,7329ce01355a4b028deb8c2bee6f177d79ed5f0561701f3139d89f63e4efbc6b,07b257405f757223,,9cec4d86f3d7d0c2,B4,16,16,fb2e41a2d7,1,synthetic:clouds-v0,ok,harsh|clip_clouds_slow_v0|harsh|rep1|seed20240909,2.74
harsh,,nan,clip_clouds_slow_v0,7329ce01355a4b028deb8c2bee6f177d79ed5f0561701f3139d89f63e4efbc6b,07b257405f757223,,1b6a5bbfd1614362,B4,16,16,fb2e41a2d7,2,synthetic:clouds-v0,ok,harsh|clip_clouds_slow_v0|harsh|rep2|seed20240909,2.7179
harsh,,nan,clip_clouds_slow_v0,7329ce01355a4b028deb8c2bee6f177d79ed5f0561701f3139d89f63e4efbc6b,07b257405f757223,,5b1d5170adef98de,B4,16,16,fb2e41a2d7,0,synthetic:clouds-v0,ok,harsh|clip_clouds_slow_v0|harsh|rep0|seed20240909,2.9262
harsh,,nan,clip_clouds_slow_v0,7329ce01355a4b028deb8c2bee6f177d79ed5f0561701f3139d89f63e4efbc6b,07b257405f757223,,250740702630aa41,B4,16,16,fb2e41a2d7,3,synthetic:clouds-v0,ok,harsh|clip_clouds_slow_v0|harsh|rep3|seed20240909,2.8519
harsh,,nan,clip_clouds_slow_v0,7329ce01355a4b028deb8c2bee6f177d79ed5f0561701f3139d89f63e4efbc6b,07b257405f757223,,71433c855cc01894,B4,16,16,fb2e41a2d7,4,synthetic:clouds-v0,ok,harsh|clip_clouds_slow_v0|harsh|rep4|seed20240909,3.0802
moderate,,nan,clip_clouds_slow_v0,7329ce01355a4b028deb8c2bee6f177d79ed5f0561701f3139d89f63e4efbc6b,07b257405f757223,,5239ec1c8a4697c3,B4,16,16,fb2e41a2d7,1,synthetic:clouds-v0,ok,moderate|clip_clouds_slow_v0|moderate|rep1|seed20240909,7.4391
moderate,,nan,clip_clouds_slow_v0,7329ce01355a4b028deb8c2bee6f177d79ed5f0561701f3139d89f63e4efbc6b,07b257405f757223,,2e1ad2d32240bff2,B4,16,16,fb2e41a2d7,0,synthetic:clouds-v0,ok,moderate|clip_clouds_slow_v0|moderate|rep0|seed20240909,7.723
moderate,,nan,clip_clouds_slow_v0,7329ce01355a4b028deb8c2bee6f177d79ed5f0561701f3139d89f63e4efbc6b,07b257405f757223,,228d53e1d8597876,B4,16,16,fb2e41a2d7,2,synthetic:clouds-v0,ok,moderate|clip_clouds_slow_v0|moderate|rep2|seed20240909,7.7889
bursty,,nan,clip_clouds_slow_v0,7329ce01355a4b028deb8c2bee6f177d79ed5f0561701f3139d89f63e4efbc6b,07b257405f757223,,dd38b15696c347a1,B4,16,16,fb2e41a2d7,0,synthetic:clouds-v0,ok,bursty|clip_clouds_slow_v0|bursty|rep0|seed20240909,7.4099
moderate,,nan,clip_clouds_slow_v0,7329ce01355a4b028deb8c2bee6f177d79ed5f0561701f3139d89f63e4efbc6b,07b257405f757223,,4de7961225d71c79,B4,16,16,fb2e41a2d7,3,synthetic:clouds-v0,ok,moderate|clip_clouds_slow_v0|moderate|rep3|seed20240909,7.6198
bursty,,nan,clip_clouds_slow_v0,7329ce01355a4b028deb8c2bee6f177d79ed5f0561701f3139d89f63e4efbc6b,07b257405f757223,,ad0709c54affc022,B4,16,16,fb2e41a2d7,1,synthetic:clouds-v0,ok,bursty|clip_clouds_slow_v0|bursty|rep1|seed20240909,7.0409
moderate,,nan,clip_clouds_slow_v0,7329ce01355a4b028deb8c2bee6f177d79ed5f0561701f3139d89f63e4efbc6b,07b257405f757223,,794e47d148d27d26,B4,16,16,fb2e41a2d7,4,synthetic:clouds-v0,ok,moderate|clip_clouds_slow_v0|moderate|rep4|seed20240909,7.7307
bursty,,nan,clip_clouds_slow_v0,7329ce01355a4b028deb8c2bee6f177d79ed5f0561701f3139d89f63e4efbc6b,07b257405f757223,,6cd54810825ac76b,B4,16,16,fb2e41a2d7,2,synthetic:clouds-v0,ok,bursty|clip_clouds_slow_v0|bursty|rep2|seed20240909,7.236
bursty,,nan,clip_clouds_slow_v0,7329ce01355a4b028deb8c2bee6f177d79ed5f0561701f3139d89f63e4efbc6b,07b257405f757223,,7e61fdf1e6c3a8af,B4,16,16,fb2e41a2d7,3,synthetic:clouds-v0,ok,bursty|clip_clouds_slow_v0|bursty|rep3|seed20240909,8.2514
bursty,,nan,clip_clouds_slow_v0,7329ce01355a4b028deb8c2bee6f177d79ed5f0561701f3139d89f63e4efbc6b,07b257405f757223,,c21bf157f5e97281,B4,16,16,fb2e41a2d7,4,synthetic:clouds-v0,ok,bursty|clip_clouds_slow_v0|bursty|rep4|seed20240909,8.0845
clean,,nan,clip_clouds_slow_v0,7329ce01355a4b028deb8c2bee6f177d79ed5f0561701f3139d89f63e4efbc6b,07b257405f757223,,ddad558cbe099713,P,16,16,8da29d3843,0,synthetic:clouds-v0,ok,clean|clip_clouds_slow_v0|clean|rep0|seed20240909,7.5513
clean,,nan,clip_clouds_slow_v0,7329ce01355a4b028deb8c2bee6f177d79ed5f0561701f3139d89f63e4efbc6b,07b257405f757223,,be74a8cf26b184bc,P,16,16,8da29d3843,1,synthetic:clouds-v0,ok,clean|clip_clouds_slow_v0|clean|rep1|seed20240909,7.5873
clean,,nan,clip_clouds_slow_v0,7329ce01355a4b028deb8c2bee6f177d79ed5f0561701f3139d89f63e4efbc6b,07b257405f757223,,ef3910a50163ecb5,P,16,16,8da29d3843,2,synthetic:clouds-v0,ok,clean|clip_clouds_slow_v0|clean|rep2|seed20240909,7.7067
clean,,nan,clip_clouds_slow_v0,7329ce01355a4b028deb8c2bee6f177d79ed5f0561701f3139d89f63e4efbc6b,07b257405f757223,,8f3c76751cdd9b9e,P,16,16,8da29d3843,3,synthetic:clouds-v0,ok,clean|clip_clouds_slow_v0|clean|rep3|seed20240909,7.723
clean,,nan,clip_clouds_slow_v0,7329ce01355a4b028deb8c2bee6f177d79ed5f0561701f3139d89f63e4efbc6b,07b257405f757223,,9228fd928288ca1b,P,16,16,8da29d3843,4,synthetic:clouds-v0,ok,clean|clip_clouds_slow_v0|clean|rep4|seed20240909,7.66
mild,,nan,clip_clouds_slow_v0,7329ce01355a4b028deb8c2bee6f177d79ed5f0561701f3139d89f63e4efbc6b,07b257405f757223,,e73efa36eaadbde1,P,16,16,8da29d3843,0,synthetic:clouds-v0,ok,mild|clip_clouds_slow_v0|mild|rep0|seed20240909,8.0806
mild,,nan,clip_clouds_slow_v0,7329ce01355a4b028deb8c2bee6f177d79ed5f0561701f3139d89f63e4efbc6b,07b257405f757223,,76587af4fdc16a02,P,16,16,8da29d3843,1,synthetic:clouds-v0,ok,mild|clip_clouds_slow_v0|mild|rep1|seed20240909,7.9073
mild,,nan,clip_clouds_slow_v0,7329ce01355a4b028deb8c2bee6f177d79ed5f0561701f3139d89f63e4efbc6b,07b257405f757223,,c1c32aa1a5650f7c,P,16,16,8da29d3843,2,synthetic:clouds-v0,ok,mild|clip_clouds_slow_v0|mild|rep2|seed20240909,7.971
mild,,nan,clip_clouds_slow_v0,7329ce01355a4b028deb8c2bee6f177d79ed5f0561701f3139d89f63e4efbc6b,07b257405f757223,,24dc01b22dc0c87f,P,16,16,8da29d3843,3,synthetic:clouds-v0,ok,mild|clip_clouds_slow_v0|mild|rep3|seed20240909,7.9804
mild,,nan,clip_clouds_slow_v0,7329ce01355a4b028deb8c2bee6f177d79ed5f0561701f3139d89f63e4efbc6b,07b257405f757223,,1d5e7b7fc81b7504,P,16,16,8da29d3843,4,synthetic:clouds-v0,ok,mild|clip_clouds_slow_v0|mild|rep4|seed20240909,7.9355
clean,,nan,clip_clouds_fast_v4,919a6a07e6254cfa9c497621fd7f6b42b2d63b5f07b12c1916594d0cdf2f4c4f,07b257405f757223,,6caeb9c9a325ff1e,B0a,16,16,fb2e41a2d7,0,synthetic:clouds-v4,ok,clean|clip_clouds_fast_v4|clean|rep0|seed20240909,0.4092
clean,,nan,clip_clouds_fast_v4,919a6a07e6254cfa9c497621fd7f6b42b2d63b5f07b12c1916594d0cdf2f4c4f,07b257405f757223,,bade1e7d3d52266a,B0a,16,16,fb2e41a2d7,1,synthetic:clouds-v4,ok,clean|clip_clouds_fast_v4|clean|rep1|seed20240909,0.3631
clean,,nan,clip_clouds_fast_v4,919a6a07e6254cfa9c497621fd7f6b42b2d63b5f07b12c1916594d0cdf2f4c4f,07b257405f757223,,81e24890a610d123,B0a,16,16,fb2e41a2d7,2,synthetic:clouds-v4,ok,clean|clip_clouds_fast_v4|clean|rep2|seed20240909,0.3824
clean,,nan,clip_clouds_fast_v4,919a6a07e6254cfa9c497621fd7f6b42b2d63b5f07b12c1916594d0cdf2f4c4f,07b257405f757223,,cd8749ac2465eac8,B0a,16,16,fb2e41a2d7,3,synthetic:clouds-v4,ok,clean|clip_clouds_fast_v4|clean|rep3|seed20240909,0.3973
clean,,nan,clip_clouds_fast_v4,919a6a07e6254cfa9c497621fd7f6b42b2d63b5f07b12c1916594d0cdf2f4c4f,07b257405f757223,,8e0e227defb1dc4a,B0a,16,16,fb2e41a2d7,4,synthetic:clouds-v4,ok,clean|clip_clouds_fast_v4|clean|rep4|seed20240909,0.3882
harsh,,nan,clip_clouds_slow_v0,7329ce01355a4b028deb8c2bee6f177d79ed5f0561701f3139d89f63e4efbc6b,07b257405f757223,,05384f76c9df2527,P,16,16,8da29d3843,0,synthetic:clouds-v0,ok,harsh|clip_clouds_slow_v0|harsh|rep0|seed20240909,4.3706
mild,,nan,clip_clouds_fast_v4,919a6a07e6254cfa9c497621fd7f6b42b2d63b5f07b12c1916594d0cdf2f4c4f,07b257405f757223,,afcd435d4e7bfdbd,B0a,16,16,fb2e41a2d7,0,synthetic:clouds-v4,ok,mild|clip_clouds_fast_v4|mild|rep0|seed20240909,0.5327
mild,,nan,clip_clouds_fast_v4,919a6a07e6254cfa9c497621fd7f6b42b2d63b5f07b12c1916594d0cdf2f4c4f,07b257405f757223,,4fd2b42348e0a5e7,B0a,16,16,fb2e41a2d7,1,synthetic:clouds-v4,ok,mild|clip_clouds_fast_v4|mild|rep1|seed20240909,0.5637
harsh,,nan,clip_clouds_slow_v0,7329ce01355a4b028deb8c2bee6f177d79ed5f0561701f3139d89f63e4efbc6b,07b257405f757223,,15bc94c675f1fd6a,P,16,16,8da29d3843,1,synthetic:clouds-v0,ok,harsh|clip_clouds_slow_v0|harsh|rep1|seed20240909,4.4213
harsh,,nan,clip_clouds_slow_v0,7329ce01355a4b028deb8c2bee6f177d79ed5f0561701f3139d89f63e4efbc6b,07b257405f757223,,521e9af1c7492384,P,16,16,8da29d3843,2,synthetic:clouds-v0,ok,harsh|clip_clouds_slow_v0|harsh|rep2|seed20240909,4.2254
mild,,nan,clip_clouds_fast_v4,919a6a07e6254cfa9c497621fd7f6b42b2d63b5f07b12c1916594d0cdf2f4c4f,07b257405f757223,,8fc4bee298036c7b,B0a,16,16,fb2e41a2d7,2,synthetic:clouds-v4,ok,mild|clip_clouds_fast_v4|mild|rep2|seed20240909,0.5316
mild,,nan,clip_clouds_fast_v4,919a6a07e6254cfa9c497621fd7f6b42b2d63b5f07b12c1916594d0cdf2f4c4f,07b257405f757223,,21b00fff89ee1d44,B0a,16,16,fb2e41a2d7,3,synthetic:clouds-v4,ok,mild|clip_clouds_fast_v4|mild|rep3|seed20240909,0.5472
mild,,nan,clip_clouds_fast_v4,919a6a07e6254cfa9c497621fd7f6b42b2d63b5f07b12c1916594d0cdf2f4c4f,07b257405f757223,,ee9b301d1804d81f,B0a,16,16,fb2e41a2d7,4,synthetic:clouds-v4,ok,mild|clip_clouds_fast_v4|mild|rep4|seed20240909,0.5165
harsh,,nan,clip_clouds_slow_v0,7329ce01355a4b028deb8c2bee6f177d79ed5f0561701f3139d89f63e4efbc6b,07b257405f757223,,69e3550d830e9836,P,16,16,8da29d3843,3,synthetic:clouds-v0,ok,harsh|clip_clouds_slow_v0|harsh|rep3|seed20240909,4.5032
moderate,,nan,clip_clouds_fast_v4,919a6a07e6254cfa9c497621fd7f6b42b2d63b5f07b12c1916594d0cdf2f4c4f,07b257405f757223,,78d06c48feb81cf6,B0a,16,16,fb2e41a2d7,0,synthetic:clouds-v4,ok,moderate|clip_clouds_fast_v4|moderate|rep0|seed20240909,0.5613
moderate,,nan,clip_clouds_fast_v4,919a6a07e6254cfa9c497621fd7f6b42b2d63b5f07b12c1916594d0cdf2f4c4f,07b257405f757223,,c9df04c8b86a5cad,B0a,16,16,fb2e41a2d7,1,synthetic:clouds-v4,ok,moderate|clip_clouds_fast_v4|moderate|rep1|seed20240909,0.6075
moderate,,nan,clip_clouds_fast_v4,919a6a07e6254cfa9c497621fd7f6b42b2d63b5f07b12c1916594d0cdf2f4c4f,07b257405f757223,,2c30a363fdc5ba1e,B0a,16,16,fb2e41a2d7,2,synthetic:clouds-v4,ok,moderate|clip_clouds_fast_v4|moderate|rep2|seed20240909,0.5549
moderate,,nan,clip_clouds_fast_v4,919a6a07e6254cfa9c497621fd7f6b42b2d63b5f07b12c1916594d0cdf2f4c4f,07b257405f757223,,e6e1a98ec4c1129d,B0a,16,16,fb2e41a2d7,4,synthetic:clouds-v4,ok,moderate|clip_clouds_fast_v4|moderate|rep4|seed20240909,0.549
moderate,,nan,clip_clouds_fast_v4,919a6a07e6254cfa9c497621fd7f6b42b2d63b5f07b12c1916594d0cdf2f4c4f,07b257405f757223,,e6ce7b22686a3dbc,B0a,16,16,fb2e41a2d7,3,synthetic:clouds-v4,ok,moderate|clip_clouds_fast_v4|moderate|rep3|seed20240909,0.5905
bursty,,nan,clip_clouds_fast_v4,919a6a07e6254cfa9c497621fd7f6b42b2d63b5f07b12c1916594d0cdf2f4c4f,07b257405f757223,,3fd624cee9ddb30a,B0a,16,16,fb2e41a2d7,0,synthetic:clouds-v4,ok,bursty|clip_clouds_fast_v4|bursty|rep0|seed20240909,0.5538
harsh,,nan,clip_clouds_slow_v0,7329ce01355a4b028deb8c2bee6f177d79ed5f0561701f3139d89f63e4efbc6b,07b257405f757223,,eaaed0b5d870d4af,P,16,16,8da29d3843,4,synthetic:clouds-v0,ok,harsh|clip_clouds_slow_v0|harsh|rep4|seed20240909,4.5644
bursty,,nan,clip_clouds_fast_v4,919a6a07e6254cfa9c497621fd7f6b42b2d63b5f07b12c1916594d0cdf2f4c4f,07b257405f757223,,5e7b661fea3ec173,B0a,16,16,fb2e41a2d7,1,synthetic:clouds-v4,ok,bursty|clip_clouds_fast_v4|bursty|rep1|seed20240909,0.6026
bursty,,nan,clip_clouds_fast_v4,919a6a07e6254cfa9c497621fd7f6b42b2d63b5f07b12c1916594d0cdf2f4c4f,07b257405f757223,,2ebf66b680b4dd9b,B0a,16,16,fb2e41a2d7,2,synthetic:clouds-v4,ok,bursty|clip_clouds_fast_v4|bursty|rep2|seed20240909,0.5502
bursty,,nan,clip_clouds_fast_v4,919a6a07e6254cfa9c497621fd7f6b42b2d63b5f07b12c1916594d0cdf2f4c4f,07b257405f757223,,dc33fd4eee9ed894,B0a,16,16,fb2e41a2d7,3,synthetic:clouds-v4,ok,bursty|clip_clouds_fast_v4|bursty|rep3|seed20240909,0.6029
bursty,,nan,clip_clouds_fast_v4,919a6a07e6254cfa9c497621fd7f6b42b2d63b5f07b12c1916594d0cdf2f4c4f,07b257405f757223,,3a1d222456e2ccaa,B0a,16,16,fb2e41a2d7,4,synthetic:clouds-v4,ok,bursty|clip_clouds_fast_v4|bursty|rep4|seed20240909,0.5901
harsh,,nan,clip_clouds_fast_v4,919a6a07e6254cfa9c497621fd7f6b42b2d63b5f07b12c1916594d0cdf2f4c4f,07b257405f757223,,00f2737897a3a14d,B0a,16,16,fb2e41a2d7,0,synthetic:clouds-v4,ok,harsh|clip_clouds_fast_v4|harsh|rep0|seed20240909,0.566
harsh,,nan,clip_clouds_fast_v4,919a6a07e6254cfa9c497621fd7f6b42b2d63b5f07b12c1916594d0cdf2f4c4f,07b257405f757223,,57bf6dd146d83f64,B0a,16,16,fb2e41a2d7,1,synthetic:clouds-v4,ok,harsh|clip_clouds_fast_v4|harsh|rep1|seed20240909,0.5899
harsh,,nan,clip_clouds_fast_v4,919a6a07e6254cfa9c497621fd7f6b42b2d63b5f07b12c1916594d0cdf2f4c4f,07b257405f757223,,de656c2f4bc2cc91,B0a,16,16,fb2e41a2d7,2,synthetic:clouds-v4,ok,harsh|clip_clouds_fast_v4|harsh|rep2|seed20240909,0.5709
harsh,,nan,clip_clouds_fast_v4,919a6a07e6254cfa9c497621fd7f6b42b2d63b5f07b12c1916594d0cdf2f4c4f,07b257405f757223,,05a6814e28d9e66a,B0a,16,16,fb2e41a2d7,3,synthetic:clouds-v4,ok,harsh|clip_clouds_fast_v4|harsh|rep3|seed20240909,0.5708
harsh,,nan,clip_clouds_fast_v4,919a6a07e6254cfa9c497621fd7f6b42b2d63b5f07b12c1916594d0cdf2f4c4f,07b257405f757223,,1dc0910a488fed3c,B0a,16,16,fb2e41a2d7,4,synthetic:clouds-v4,ok,harsh|clip_clouds_fast_v4|harsh|rep4|seed20240909,0.5644
clean,,nan,clip_clouds_fast_v4,919a6a07e6254cfa9c497621fd7f6b42b2d63b5f07b12c1916594d0cdf2f4c4f,07b257405f757223,,74274e70b11aa76f,B0a-R,16,16,fb2e41a2d7,0,synthetic:clouds-v4,ok,clean|clip_clouds_fast_v4|clean|rep0|seed20240909,1.0159
clean,,nan,clip_clouds_fast_v4,919a6a07e6254cfa9c497621fd7f6b42b2d63b5f07b12c1916594d0cdf2f4c4f,07b257405f757223,,423ea2d832a17cf1,B0a-R,16,16,fb2e41a2d7,1,synthetic:clouds-v4,ok,clean|clip_clouds_fast_v4|clean|rep1|seed20240909,1.0173
clean,,nan,clip_clouds_fast_v4,919a6a07e6254cfa9c497621fd7f6b42b2d63b5f07b12c1916594d0cdf2f4c4f,07b257405f757223,,bed6b67a568f5e43,B0a-R,16,16,fb2e41a2d7,2,synthetic:clouds-v4,ok,clean|clip_clouds_fast_v4|clean|rep2|seed20240909,1.0371
clean,,nan,clip_clouds_fast_v4,919a6a07e6254cfa9c497621fd7f6b42b2d63b5f07b12c1916594d0cdf2f4c4f,07b257405f757223,,313803b203a9fbf4,B0a-R,16,16,fb2e41a2d7,4,synthetic:clouds-v4,ok,clean|clip_clouds_fast_v4|clean|rep4|seed20240909,1.0198
clean,,nan,clip_clouds_fast_v4,919a6a07e6254cfa9c497621fd7f6b42b2d63b5f07b12c1916594d0cdf2f4c4f,07b257405f757223,,e692a21e9d91efd4,B0a-R,16,16,fb2e41a2d7,3,synthetic:clouds-v4,ok,clean|clip_clouds_fast_v4|clean|rep3|seed20240909,1.0628
moderate,,nan,clip_clouds_slow_v0,7329ce01355a4b028deb8c2bee6f177d79ed5f0561701f3139d89f63e4efbc6b,07b257405f757223,,0eb8762abcc2623b,P,16,16,8da29d3843,2,synthetic:clouds-v0,ok,moderate|clip_clouds_slow_v0|moderate|rep2|seed20240909,13.5452
moderate,,nan,clip_clouds_slow_v0,7329ce01355a4b028deb8c2bee6f177d79ed5f0561701f3139d89f63e4efbc6b,07b257405f757223,,8b1a6289f53815b4,P,16,16,8da29d3843,1,synthetic:clouds-v0,ok,moderate|clip_clouds_slow_v0|moderate|rep1|seed20240909,13.7434
moderate,,nan,clip_clouds_slow_v0,7329ce01355a4b028deb8c2bee6f177d79ed5f0561701f3139d89f63e4efbc6b,07b257405f757223,,153262eecb9fc0e5,P,16,16,8da29d3843,0,synthetic:clouds-v0,ok,moderate|clip_clouds_slow_v0|moderate|rep0|seed20240909,14.4807
mild,,nan,clip_clouds_fast_v4,919a6a07e6254cfa9c497621fd7f6b42b2d63b5f07b12c1916594d0cdf2f4c4f,07b257405f757223,,2db380e1a050a6aa,B0a-R,16,16,fb2e41a2d7,0,synthetic:clouds-v4,ok,mild|clip_clouds_fast_v4|mild|rep0|seed20240909,1.5113
mild,,nan,clip_clouds_fast_v4,919a6a07e6254cfa9c497621fd7f6b42b2d63b5f07b12c1916594d0cdf2f4c4f,07b257405f757223,,28b2fbad53b3337f,B0a-R,16,16,fb2e41a2d7,1,synthetic:clouds-v4,ok,mild|clip_clouds_fast_v4|mild|rep1|seed20240909,1.5896
moderate,,nan,clip_clouds_slow_v0,7329ce01355a4b028deb8c2bee6f177d79ed5f0561701f3139d89f63e4efbc6b,07b257405f757223,,4ca9048ab3ce4819,P,16,16,8da29d3843,3,synthetic:clouds-v0,ok,moderate|clip_clouds_slow_v0|moderate|rep3|seed20240909,13.6785
mild,,nan,clip_clouds_fast_v4,919a6a07e6254cfa9c497621fd7f6b42b2d63b5f07b12c1916594d0cdf2f4c4f,07b257405f757223,,34d19834279420ba,B0a-R,16,16,fb2e41a2d7,2,synthetic:clouds-v4,ok,mild|clip_clouds_fast_v4|mild|rep2|seed20240909,1.6135
mild,,nan,clip_clouds_fast_v4,919a6a07e6254cfa9c497621fd7f6b42b2d63b5f07b12c1916594d0cdf2f4c4f,07b257405f757223,,8df5447aa305553f,B0a-R,16,16,fb2e41a2d7,3,synthetic:clouds-v4,ok,mild|clip_clouds_fast_v4|mild|rep3|seed20240909,1.6411
mild,,nan,clip_clouds_fast_v4,919a6a07e6254cfa9c497621fd7f6b42b2d63b5f07b12c1916594d0cdf2f4c4f,07b257405f757223,,1e6cfb8d5713003a,B0a-R,16,16,fb2e41a2d7,4,synthetic:clouds-v4,ok,mild|clip_clouds_fast_v4|mild|rep4|seed20240909,1.5916
moderate,,nan,clip_clouds_fast_v4,919a6a07e6254cfa9c497621fd7f6b42b2d63b5f07b12c1916594d0cdf2f4c4f,07b257405f757223,,2187f26f65f37028,B0a-R,16,16,fb2e41a2d7,0,synthetic:clouds-v4,ok,moderate|clip_clouds_fast_v4|moderate|rep0|seed20240909,1.6942
moderate,,nan,clip_clouds_fast_v4,919a6a07e6254cfa9c497621fd7f6b42b2d63b5f07b12c1916594d0cdf2f4c4f,07b257405f757223,,64e825bb4ee7ed8d,B0a-R,16,16,fb2e41a2d7,1,synthetic:clouds-v4,ok,moderate|clip_clouds_fast_v4|moderate|rep1|seed20240909,1.7484
moderate,,nan,clip_clouds_fast_v4,919a6a07e6254cfa9c497621fd7f6b42b2d63b5f07b12c1916594d0cdf2f4c4f,07b257405f757223,,c99d4d5ef4c84ea1,B0a-R,16,16,fb2e41a2d7,2,synthetic:clouds-v4,ok,moderate|clip_clouds_fast_v4|moderate|rep2|seed20240909,1.7825
bursty,,nan,clip_clouds_slow_v0,7329ce01355a4b028deb8c2bee6f177d79ed5f0561701f3139d89f63e4efbc6b,07b257405f757223,,bd3700d37253ced7,P,16,16,8da29d3843,0,synthetic:clouds-v0,ok,bursty|clip_clouds_slow_v0|bursty|rep0|seed20240909,13.2911
moderate,,nan,clip_clouds_fast_v4,919a6a07e6254cfa9c497621fd7f6b42b2d63b5f07b12c1916594d0cdf2f4c4f,07b257405f757223,,4f067e79ba393f74,B0a-R,16,16,fb2e41a2d7,3,synthetic:clouds-v4,ok,moderate|clip_clouds_fast_v4|moderate|rep3|seed20240909,1.7916
bursty,,nan,clip_clouds_slow_v0,7329ce01355a4b028deb8c2bee6f177d79ed5f0561701f3139d89f63e4efbc6b,07b257405f757223,,44bcaebb21c5d452,P,16,16,8da29d3843,1,synthetic:clouds-v0,ok,bursty|clip_clouds_slow_v0|bursty|rep1|seed20240909,13.5544
moderate,,nan,clip_clouds_fast_v4,919a6a07e6254cfa9c497621fd7f6b42b2d63b5f07b12c1916594d0cdf2f4c4f,07b257405f757223,,b310d84bb441218b,B0a-R,16,16,fb2e41a2d7,4,synthetic:clouds-v4,ok,moderate|clip_clouds_fast_v4|moderate|rep4|seed20240909,1.8056
bursty,,nan,clip_clouds_fast_v4,919a6a07e6254cfa9c497621fd7f6b42b2d63b5f07b12c1916594d0cdf2f4c4f,07b257405f757223,,27d04291c3b1edd3,B0a-R,16,16,fb2e41a2d7,0,synthetic:clouds-v4,ok,bursty|clip_clouds_fast_v4|bursty|rep0|seed20240909,1.6256
bursty,,nan,clip_clouds_fast_v4,919a6a07e6254cfa9c497621fd7f6b42b2d63b5f07b12c1916594d0cdf2f4c4f,07b257405f757223,,e3a8d82aef684eec,B0a-R,16,16,fb2e41a2d7,1,synthetic:clouds-v4,ok,bursty|clip_clouds_fast_v4|bursty|rep1|seed20240909,1.6854
bursty,,nan,clip_clouds_fast_v4,919a6a07e6254cfa9c497621fd7f6b42b2d63b5f07b12c1916594d0cdf2f4c4f,07b257405f757223,,87f0642eda889189,B0a-R,16,16,fb2e41a2d7,2,synthetic:clouds-v4,ok,bursty|clip_clouds_fast_v4|bursty|rep2|seed20240909,1.7404
bursty,,nan,clip_clouds_fast_v4,919a6a07e6254cfa9c497621fd7f6b42b2d63b5f07b12c1916594d0cdf2f4c4f,07b257405f757223,,9162ae1b876f0445,B0a-R,16,16,fb2e41a2d7,3,synthetic:clouds-v4,ok,bursty|clip_clouds_fast_v4|bursty|rep3|seed20240909,1.6387
bursty,,nan,clip_clouds_fast_v4,919a6a07e6254cfa9c497621fd7f6b42b2d63b5f07b12c1916594d0cdf2f4c4f,07b257405f757223,,552cd32af19ea871,B0a-R,16,16,fb2e41a2d7,4,synthetic:clouds-v4,ok,bursty|clip_clouds_fast_v4|bursty|rep4|seed20240909,1.6877
harsh,,nan,clip_clouds_fast_v4,919a6a07e6254cfa9c497621fd7f6b42b2d63b5f07b12c1916594d0cdf2f4c4f,07b257405f757223,,2052becacaf9374d,B0a-R,16,16,fb2e41a2d7,0,synthetic:clouds-v4,ok,harsh|clip_clouds_fast_v4|harsh|rep0|seed20240909,1.7326
moderate,,nan,clip_clouds_slow_v0,7329ce01355a4b028deb8c2bee6f177d79ed5f0561701f3139d89f63e4efbc6b,07b257405f757223,,17bd9153dcde4b8f,P,16,16,8da29d3843,4,synthetic:clouds-v0,ok,moderate|clip_clouds_slow_v0|moderate|rep4|seed20240909,14.5679
harsh,,nan,clip_clouds_fast_v4,919a6a07e6254cfa9c497621fd7f6b42b2d63b5f07b12c1916594d0cdf2f4c4f,07b257405f757223,,832797ecbfe4b159,B0a-R,16,16,fb2e41a2d7,1,synthetic:clouds-v4,ok,harsh|clip_clouds_fast_v4|harsh|rep1|seed20240909,1.7675
harsh,,nan,clip_clouds_fast_v4,919a6a07e6254cfa9c497621fd7f6b42b2d63b5f07b12c1916594d0cdf2f4c4f,07b257405f757223,,addaba5369be1b39,B0a-R,16,16,fb2e41a2d7,2,synthetic:clouds-v4,ok,harsh|clip_clouds_fast_v4|harsh|rep2|seed20240909,1.7047
harsh,,nan,clip_clouds_fast_v4,919a6a07e6254cfa9c497621fd7f6b42b2d63b5f07b12c1916594d0cdf2f4c4f,07b257405f757223,,b1b34dfb8d53a06b,B0a-R,16,16,fb2e41a2d7,3,synthetic:clouds-v4,ok,harsh|clip_clouds_fast_v4|harsh|rep3|seed20240909,1.6547
harsh,,nan,clip_clouds_fast_v4,919a6a07e6254cfa9c497621fd7f6b42b2d63b5f07b12c1916594d0cdf2f4c4f,07b257405f757223,,7a423c1a1a562d9c,B0a-R,16,16,fb2e41a2d7,4,synthetic:clouds-v4,ok,harsh|clip_clouds_fast_v4|harsh|rep4|seed20240909,1.6007
bursty,,nan,clip_clouds_slow_v0,7329ce01355a4b028deb8c2bee6f177d79ed5f0561701f3139d89f63e4efbc6b,07b257405f757223,,650d2ce506e936d1,P,16,16,8da29d3843,2,synthetic:clouds-v0,ok,bursty|clip_clouds_slow_v0|bursty|rep2|seed20240909,12.6636
bursty,,nan,clip_clouds_slow_v0,7329ce01355a4b028deb8c2bee6f177d79ed5f0561701f3139d89f63e4efbc6b,07b257405f757223,,1c528d9f4d35e967,P,16,16,8da29d3843,3,synthetic:clouds-v0,ok,bursty|clip_clouds_slow_v0|bursty|rep3|seed20240909,14.5514
clean,,nan,clip_clouds_fast_v4,919a6a07e6254cfa9c497621fd7f6b42b2d63b5f07b12c1916594d0cdf2f4c4f,07b257405f757223,,6ec4c76e628e3f44,B0d,16,16,fb2e41a2d7,0,synthetic:clouds-v4,ok,clean|clip_clouds_fast_v4|clean|rep0|seed20240909,3.979
clean,,nan,clip_clouds_fast_v4,919a6a07e6254cfa9c497621fd7f6b42b2d63b5f07b12c1916594d0cdf2f4c4f,07b257405f757223,,838ae54f63829dcb,B0d,16,16,fb2e41a2d7,1,synthetic:clouds-v4,ok,clean|clip_clouds_fast_v4|clean|rep1|seed20240909,4.1533
bursty,,nan,clip_clouds_slow_v0,7329ce01355a4b028deb8c2bee6f177d79ed5f0561701f3139d89f63e4efbc6b,07b257405f757223,,72a25d5e321bd634,P,16,16,8da29d3843,4,synthetic:clouds-v0,ok,bursty|clip_clouds_slow_v0|bursty|rep4|seed20240909,15.1954
clean,,nan,clip_clouds_fast_v4,919a6a07e6254cfa9c497621fd7f6b42b2d63b5f07b12c1916594d0cdf2f4c4f,07b257405f757223,,82030593d635b53e,B0d,16,16,fb2e41a2d7,2,synthetic:clouds-v4,ok,clean|clip_clouds_fast_v4|clean|rep2|seed20240909,3.9069
clean,,nan,clip_clouds_fast_v4,919a6a07e6254cfa9c497621fd7f6b42b2d63b5f07b12c1916594d0cdf2f4c4f,07b257405f757223,,1d9adc3e9510ee99,B0d,16,16,fb2e41a2d7,3,synthetic:clouds-v4,ok,clean|clip_clouds_fast_v4|clean|rep3|seed20240909,4.0019
clean,,nan,clip_clouds_fast_v4,919a6a07e6254cfa9c497621fd7f6b42b2d63b5f07b12c1916594d0cdf2f4c4f,07b257405f757223,,4749fb19e6e3e881,B0d,16,16,fb2e41a2d7,4,synthetic:clouds-v4,ok,clean|clip_clouds_fast_v4|clean|rep4|seed20240909,4.013
mild,,nan,clip_clouds_fast_v4,919a6a07e6254cfa9c497621fd7f6b42b2d63b5f07b12c1916594d0cdf2f4c4f,07b257405f757223,,c3fd7c6d43c2f76d,B0d,16,16,fb2e41a2d7,0,synthetic:clouds-v4,ok,mild|clip_clouds_fast_v4|mild|rep0|seed20240909,4.2845
mild,,nan,clip_clouds_fast_v4,919a6a07e6254cfa9c497621fd7f6b42b2d63b5f07b12c1916594d0cdf2f4c4f,07b257405f757223,,3f063bca152f6ce4,B0d,16,16,fb2e41a2d7,1,synthetic:clouds-v4,ok,mild|clip_clouds_fast_v4|mild|rep1|seed20240909,4.3486
mild,,nan,clip_clouds_fast_v4,919a6a07e6254cfa9c497621fd7f6b42b2d63b5f07b12c1916594d0cdf2f4c4f,07b257405f757223,,c589a1c82e5eac16,B0d,16,16,fb2e41a2d7,3,synthetic:clouds-v4,ok,mild|clip_clouds_fast_v4|mild|rep3|seed20240909,4.2217
mild,,nan,clip_clouds_fast_v4,919a6a07e6254cfa9c497621fd7f6b42b2d63b5f07b12c1916594d0cdf2f4c4f,07b257405f757223,,4e4eb0b0d2f2287d,B0d,16,16,fb2e41a2d7,2,synthetic:clouds-v4,ok,mild|clip_clouds_fast_v4|mild|rep2|seed20240909,4.3012
mild,,nan,clip_clouds_fast_v4,919a6a07e6254cfa9c497621fd7f6b42b2d63b5f07b12c1916594d0cdf2f4c4f,07b257405f757223,,d80ca12f968ffdde,B0d,16,16,fb2e41a2d7,4,synthetic:clouds-v4,ok,mild|clip_clouds_fast_v4|mild|rep4|seed20240909,4.3185
clean,,nan,clip_clouds_fast_v4,919a6a07e6254cfa9c497621fd7f6b42b2d63b5f07b12c1916594d0cdf2f4c4f,07b257405f757223,,79e2a59a349c93b5,B1,16,16,fb2e41a2d7,0,synthetic:clouds-v4,ok,clean|clip_clouds_fast_v4|clean|rep0|seed20240909,0.3929
clean,,nan,clip_clouds_fast_v4,919a6a07e6254cfa9c497621fd7f6b42b2d63b5f07b12c1916594d0cdf2f4c4f,07b257405f757223,,418d0274cf8564c2,B1,16,16,fb2e41a2d7,1,synthetic:clouds-v4,ok,clean|clip_clouds_fast_v4|clean|rep1|seed20240909,0.436
clean,,nan,clip_clouds_fast_v4,919a6a07e6254cfa9c497621fd7f6b42b2d63b5f07b12c1916594d0cdf2f4c4f,07b257405f757223,,7fcd1b0f884c3c85,B1,16,16,fb2e41a2d7,2,synthetic:clouds-v4,ok,clean|clip_clouds_fast_v4|clean|rep2|seed20240909,0.3811
clean,,nan,clip_clouds_fast_v4,919a6a07e6254cfa9c497621fd7f6b42b2d63b5f07b12c1916594d0cdf2f4c4f,07b257405f757223,,fe7f0e184da47fea,B1,16,16,fb2e41a2d7,3,synthetic:clouds-v4,ok,clean|clip_clouds_fast_v4|clean|rep3|seed20240909,0.4068
harsh,,nan,clip_clouds_fast_v4,919a6a07e6254cfa9c497621fd7f6b42b2d63b5f07b12c1916594d0cdf2f4c4f,07b257405f757223,,ef208a7a9c706d1f,B0d,16,16,fb2e41a2d7,0,synthetic:clouds-v4,ok,harsh|clip_clouds_fast_v4|harsh|rep0|seed20240909,2.6917
clean,,nan,clip_clouds_fast_v4,919a6a07e6254cfa9c497621fd7f6b42b2d63b5f07b12c1916594d0cdf2f4c4f,07b257405f757223,,b25be6331dde2162,B1,16,16,fb2e41a2d7,4,synthetic:clouds-v4,ok,clean|clip_clouds_fast_v4|clean|rep4|seed20240909,0.4146
harsh,,nan,clip_clouds_fast_v4,919a6a07e6254cfa9c497621fd7f6b42b2d63b5f07b12c1916594d0cdf2f4c4f,07b257405f757223,,f59eb39717c68deb,B0d,16,16,fb2e41a2d7,1,synthetic:clouds-v4,ok,harsh|clip_clouds_fast_v4|harsh|rep1|seed20240909,2.8237
mild,,nan,clip_clouds_fast_v4,919a6a07e6254cfa9c497621fd7f6b42b2d63b5f07b12c1916594d0cdf2f4c4f,07b257405f757223,,921503f4bb7ee01b,B1,16,16,fb2e41a2d7,1,synthetic:clouds-v4,ok,mild|clip_clouds_fast_v4|mild|rep1|seed20240909,0.5002
harsh,,nan,clip_clouds_fast_v4,919a6a07e6254cfa9c497621fd7f6b42b2d63b5f07b12c1916594d0cdf2f4c4f,07b257405f757223,,cd5b558e3eb5a032,B0d,16,16,fb2e41a2d7,2,synthetic:clouds-v4,ok,harsh|clip_clouds_fast_v4|harsh|rep2|seed20240909,2.7673
mild,,nan,clip_clouds_fast_v4,919a6a07e6254cfa9c497621fd7f6b42b2d63b5f07b12c1916594d0cdf2f4c4f,07b257405f757223,,d0a5cb96235313d8,B1,16,16,fb2e41a2d7,0,synthetic:clouds-v4,ok,mild|clip_clouds_fast_v4|mild|rep0|seed20240909,0.5835
harsh,,nan,clip_clouds_fast_v4,919a6a07e6254cfa9c497621fd7f6b42b2d63b5f07b12c1916594d0cdf2f4c4f,07b257405f757223,,fa735b4bfa656762,B0d,16,16,fb2e41a2d7,3,synthetic:clouds-v4,ok,harsh|clip_clouds_fast_v4|harsh|rep3|seed20240909,2.8255
harsh,,nan,clip_clouds_fast_v4,919a6a07e6254cfa9c497621fd7f6b42b2d63b5f07b12c1916594d0cdf2f4c4f,07b257405f757223,,03cfdf8526ce6463,B0d,16,16,fb2e41a2d7,4,synthetic:clouds-v4,ok,harsh|clip_clouds_fast_v4|harsh|rep4|seed20240909,2.8301
moderate,,nan,clip_clouds_fast_v4,919a6a07e6254cfa9c497621fd7f6b42b2d63b5f07b12c1916594d0cdf2f4c4f,07b257405f757223,,6ef8b304db9c7fbc,B0d,16,16,fb2e41a2d7,0,synthetic:clouds-v4,ok,moderate|clip_clouds_fast_v4|moderate|rep0|seed20240909,7.1161
mild,,nan,clip_clouds_fast_v4,919a6a07e6254cfa9c497621fd7f6b42b2d63b5f07b12c1916594d0cdf2f4c4f,07b257405f757223,,6a2073e80f1f580b,B1,16,16,fb2e41a2d7,2,synthetic:clouds-v4,ok,mild|clip_clouds_fast_v4|mild|rep2|seed20240909,0.5562
moderate,,nan,clip_clouds_fast_v4,919a6a07e6254cfa9c497621fd7f6b42b2d63b5f07b12c1916594d0cdf2f4c4f,07b257405f757223,,bddab01aeeb7ce6e,B0d,16,16,fb2e41a2d7,1,synthetic:clouds-v4,ok,moderate|clip_clouds_fast_v4|moderate|rep1|seed20240909,6.8999
mild,,nan,clip_clouds_fast_v4,919a6a07e6254cfa9c497621fd7f6b42b2d63b5f07b12c1916594d0cdf2f4c4f,07b257405f757223,,246282b7c82abff6,B1,16,16,fb2e41a2d7,3,synthetic:clouds-v4,ok,mild|clip_clouds_fast_v4|mild|rep3|seed20240909,0.5064
mild,,nan,clip_clouds_fast_v4,919a6a07e6254cfa9c497621fd7f6b42b2d63b5f07b12c1916594d0cdf2f4c4f,07b257405f757223,,d0ee09925925da35,B1,16,16,fb2e41a2d7,4,synthetic:clouds-v4,ok,mild|clip_clouds_fast_v4|mild|rep4|seed20240909,0.6224
moderate,,nan,clip_clouds_fast_v4,919a6a07e6254cfa9c497621fd7f6b42b2d63b5f07b12c1916594d0cdf2f4c4f,07b257405f757223,,3925ca9b7e904016,B1,16,16,fb2e41a2d7,0,synthetic:clouds-v4,ok,moderate|clip_clouds_fast_v4|moderate|rep0|seed20240909,0.615
moderate,,nan,clip_clouds_fast_v4,919a6a07e6254cfa9c497621fd7f6b42b2d63b5f07b12c1916594d0cdf2f4c4f,07b257405f757223,,5bae616201b943bc,B1,16,16,fb2e41a2d7,1,synthetic:clouds-v4,ok,moderate|clip_clouds_fast_v4|moderate|rep1|seed20240909,0.5631
moderate,,nan,clip_clouds_fast_v4,919a6a07e6254cfa9c497621fd7f6b42b2d63b5f07b12c1916594d0cdf2f4c4f,07b257405f757223,,ae7a34ba26f672c2,B0d,16,16,fb2e41a2d7,2,synthetic:clouds-v4,ok,moderate|clip_clouds_fast_v4|moderate|rep2|seed20240909,7.0159
moderate,,nan,clip_clouds_fast_v4,919a6a07e6254cfa9c497621fd7f6b42b2d63b5f07b12c1916594d0cdf2f4c4f,07b257405f757223,,e60b7a4e3c793b02,B1,16,16,fb2e41a2d7,2,synthetic:clouds-v4,ok,moderate|clip_clouds_fast_v4|moderate|rep2|seed20240909,0.6284
moderate,,nan,clip_clouds_fast_v4,919a6a07e6254cfa9c497621fd7f6b42b2d63b5f07b12c1916594d0cdf2f4c4f,07b257405f757223,,9cabf2ed5d3ca861,B0d,16,16,fb2e41a2d7,3,synthetic:clouds-v4,ok,moderate|clip_clouds_fast_v4|moderate|rep3|seed20240909,7.0755
bursty,,nan,clip_clouds_fast_v4,919a6a07e6254cfa9c497621fd7f6b42b2d63b5f07b12c1916594d0cdf2f4c4f,07b257405f757223,,84fca2c82eaeda06,B1,16,16,fb2e41a2d7,0,synthetic:clouds-v4,ok,bursty|clip_clouds_fast_v4|bursty|rep0|seed20240909,0.5564
moderate,,nan,clip_clouds_fast_v4,919a6a07e6254cfa9c497621fd7f6b42b2d63b5f07b12c1916594d0cdf2f4c4f,07b257405f757223,,04048d2feb7cf870,B1,16,16,fb2e41a2d7,3,synthetic:clouds-v4,ok,moderate|clip_clouds_fast_v4|moderate|rep3|seed20240909,0.6888
moderate,,nan,clip_clouds_fast_v4,919a6a07e6254cfa9c497621fd7f6b42b2d63b5f07b12c1916594d0cdf2f4c4f,07b257405f757223,,62eb6d283e7797c2,B1,16,16,fb2e41a2d7,4,synthetic:clouds-v4,ok,moderate|clip_clouds_fast_v4|moderate|rep4|seed20240909,0.6026
bursty,,nan,clip_clouds_fast_v4,919a6a07e6254cfa9c497621fd7f6b42b2d63b5f07b12c1916594d0cdf2f4c4f,07b257405f757223,,15978a2f1bc858bc,B1,16,16,fb2e41a2d7,1,synthetic:clouds-v4,ok,bursty|clip_clouds_fast_v4|bursty|rep1|seed20240909,0.6196
bursty,,nan,clip_clouds_fast_v4,919a6a07e6254cfa9c497621fd7f6b42b2d63b5f07b12c1916594d0cdf2f4c4f,07b257405f757223,,83cc3e24139e6c32,B1,16,16,fb2e41a2d7,2,synthetic:clouds-v4,ok,bursty|clip_clouds_fast_v4|bursty|rep2|seed20240909,0.5952
bursty,,nan,clip_clouds_fast_v4,919a6a07e6254cfa9c497621fd7f6b42b2d63b5f07b12c1916594d0cdf2f4c4f,07b257405f757223,,26eb7c227b2e1397,B1,16,16,fb2e41a2d7,4,synthetic:clouds-v4,ok,bursty|clip_clouds_fast_v4|bursty|rep4|seed20240909,0.616
harsh,,nan,clip_clouds_fast_v4,919a6a07e6254cfa9c497621fd7f6b42b2d63b5f07b12c1916594d0cdf2f4c4f,07b257405f757223,,662a209a40b23185,B1,16,16,fb2e41a2d7,0,synthetic:clouds-v4,ok,harsh|clip_clouds_fast_v4|harsh|rep0|seed20240909,0.631
bursty,,nan,clip_clouds_fast_v4,919a6a07e6254cfa9c497621fd7f6b42b2d63b5f07b12c1916594d0cdf2f4c4f,07b257405f757223,,8f5c9ec0dc8e3f8d,B1,16,16,fb2e41a2d7,3,synthetic:clouds-v4,ok,bursty|clip_clouds_fast_v4|bursty|rep3|seed20240909,0.6725
harsh,,nan,clip_clouds_fast_v4,919a6a07e6254cfa9c497621fd7f6b42b2d63b5f07b12c1916594d0cdf2f4c4f,07b257405f757223,,ddae10cd02d8387f,B1,16,16,fb2e41a2d7,1,synthetic:clouds-v4,ok,harsh|clip_clouds_fast_v4|harsh|rep1|seed20240909,0.6146
harsh,,nan,clip_clouds_fast_v4,919a6a07e6254cfa9c497621fd7f6b42b2d63b5f07b12c1916594d0cdf2f4c4f,07b257405f757223,,668fe7a278bca8d8,B1,16,16,fb2e41a2d7,2,synthetic:clouds-v4,ok,harsh|clip_clouds_fast_v4|harsh|rep2|seed20240909,0.6218
clean,,nan,clip_clouds_fast_v4,919a6a07e6254cfa9c497621fd7f6b42b2d63b5f07b12c1916594d0cdf2f4c4f,07b257405f757223,,728b2d8eca8ae294,B2,16,16,fb2e41a2d7,1,synthetic:clouds-v4,ok,clean|clip_clouds_fast_v4|clean|rep1|seed20240909,0.4387
clean,,nan,clip_clouds_fast_v4,919a6a07e6254cfa9c497621fd7f6b42b2d63b5f07b12c1916594d0cdf2f4c4f,07b257405f757223,,e8cd0bbca76e7aa9,B2,16,16,fb2e41a2d7,0,synthetic:clouds-v4,ok,clean|clip_clouds_fast_v4|clean|rep0|seed20240909,0.4877
harsh,,nan,clip_clouds_fast_v4,919a6a07e6254cfa9c497621fd7f6b42b2d63b5f07b12c1916594d0cdf2f4c4f,07b257405f757223,,43bf462659449134,B1,16,16,fb2e41a2d7,3,synthetic:clouds-v4,ok,harsh|clip_clouds_fast_v4|harsh|rep3|seed20240909,0.615
harsh,,nan,clip_clouds_fast_v4,919a6a07e6254cfa9c497621fd7f6b42b2d63b5f07b12c1916594d0cdf2f4c4f,07b257405f757223,,4a343a1579dd32c4,B1,16,16,fb2e41a2d7,4,synthetic:clouds-v4,ok,harsh|clip_clouds_fast_v4|harsh|rep4|seed20240909,0.6318
clean,,nan,clip_clouds_fast_v4,919a6a07e6254cfa9c497621fd7f6b42b2d63b5f07b12c1916594d0cdf2f4c4f,07b257405f757223,,0be1a4ffde46daf1,B2,16,16,fb2e41a2d7,2,synthetic:clouds-v4,ok,clean|clip_clouds_fast_v4|clean|rep2|seed20240909,0.4712
clean,,nan,clip_clouds_fast_v4,919a6a07e6254cfa9c497621fd7f6b42b2d63b5f07b12c1916594d0cdf2f4c4f,07b257405f757223,,3d7d025002b0a844,B2,16,16,fb2e41a2d7,3,synthetic:clouds-v4,ok,clean|clip_clouds_fast_v4|clean|rep3|seed20240909,0.4459
clean,,nan,clip_clouds_fast_v4,919a6a07e6254cfa9c497621fd7f6b42b2d63b5f07b12c1916594d0cdf2f4c4f,07b257405f757223,,27e98db65b54ef43,B2,16,16,fb2e41a2d7,4,synthetic:clouds-v4,ok,clean|clip_clouds_fast_v4|clean|rep4|seed20240909,0.4844
mild,,nan,clip_clouds_fast_v4,919a6a07e6254cfa9c497621fd7f6b42b2d63b5f07b12c1916594d0cdf2f4c4f,07b257405f757223,,8f033f221a09ec07,B2,16,16,fb2e41a2d7,0,synthetic:clouds-v4,ok,mild|clip_clouds_fast_v4|mild|rep0|seed20240909,0.6296
mild,,nan,clip_clouds_fast_v4,919a6a07e6254cfa9c497621fd7f6b42b2d63b5f07b12c1916594d0cdf2f4c4f,07b257405f757223,,79580374ee69dbda,B2,16,16,fb2e41a2d7,1,synthetic:clouds-v4,ok,mild|clip_clouds_fast_v4|mild|rep1|seed20240909,0.6285
mild,,nan,clip_clouds_fast_v4,919a6a07e6254cfa9c497621fd7f6b42b2d63b5f07b12c1916594d0cdf2f4c4f,07b257405f757223,,70a7815425428b83,B2,16,16,fb2e41a2d7,2,synthetic:clouds-v4,ok,mild|clip_clouds_fast_v4|mild|rep2|seed20240909,0.6622
mild,,nan,clip_clouds_fast_v4,919a6a07e6254cfa9c497621fd7f6b42b2d63b5f07b12c1916594d0cdf2f4c4f,07b257405f757223,,f01034428ead9d05,B2,16,16,fb2e41a2d7,4,synthetic:clouds-v4,ok,mild|clip_clouds_fast_v4|mild|rep4|seed20240909,0.6113
mild,,nan,clip_clouds_fast_v4,919a6a07e6254cfa9c497621fd7f6b42b2d63b5f07b12c1916594d0cdf2f4c4f,07b257405f757223,,8634ba86dd378b06,B2,16,16,fb2e41a2d7,3,synthetic:clouds-v4,ok,mild|clip_clouds_fast_v4|mild|rep3|seed20240909,0.6119
moderate,,nan,clip_clouds_fast_v4,919a6a07e6254cfa9c497621fd7f6b42b2d63b5f07b12c1916594d0cdf2f4c4f,07b257405f757223,,098b06df0ce10f45,B2,16,16,fb2e41a2d7,0,synthetic:clouds-v4,ok,moderate|clip_clouds_fast_v4|moderate|rep0|seed20240909,0.6393
moderate,,nan,clip_clouds_fast_v4,919a6a07e6254cfa9c497621fd7f6b42b2d63b5f07b12c1916594d0cdf2f4c4f,07b257405f757223,,428df19a44dbc09b,B2,16,16,fb2e41a2d7,2,synthetic:clouds-v4,ok,moderate|clip_clouds_fast_v4|moderate|rep2|seed20240909,0.6681
moderate,,nan,clip_clouds_fast_v4,919a6a07e6254cfa9c497621fd7f6b42b2d63b5f07b12c1916594d0cdf2f4c4f,07b257405f757223,,d0bbc4ab264a3a8f,B2,16,16,fb2e41a2d7,1,synthetic:clouds-v4,ok,moderate|clip_clouds_fast_v4|moderate|rep1|seed20240909,0.6755
moderate,,nan,clip_clouds_fast_v4,919a6a07e6254cfa9c497621fd7f6b42b2d63b5f07b12c1916594d0cdf2f4c4f,07b257405f757223,,62c9f43f1f018192,B2,16,16,fb2e41a2d7,3,synthetic:clouds-v4,ok,moderate|clip_clouds_fast_v4|moderate|rep3|seed20240909,0.6118
moderate,,nan,clip_clouds_fast_v4,919a6a07e6254cfa9c497621fd7f6b42b2d63b5f07b12c1916594d0cdf2f4c4f,07b257405f757223,,05ae7380182dc504,B2,16,16,fb2e41a2d7,4,synthetic:clouds-v4,ok,moderate|clip_clouds_fast_v4|moderate|rep4|seed20240909,0.6268
bursty,,nan,clip_clouds_fast_v4,919a6a07e6254cfa9c497621fd7f6b42b2d63b5f07b12c1916594d0cdf2f4c4f,07b257405f757223,,461c8ee54cbea998,B2,16,16,fb2e41a2d7,0,synthetic:clouds-v4,ok,bursty|clip_clouds_fast_v4|bursty|rep0|seed20240909,0.5343
moderate,,nan,clip_clouds_fast_v4,919a6a07e6254cfa9c497621fd7f6b42b2d63b5f07b12c1916594d0cdf2f4c4f,07b257405f757223,,ecbba3d37be88b50,B0d,16,16,fb2e41a2d7,4,synthetic:clouds-v4,ok,moderate|clip_clouds_fast_v4|moderate|rep4|seed20240909,6.8045
bursty,,nan,clip_clouds_fast_v4,919a6a07e6254cfa9c497621fd7f6b42b2d63b5f07b12c1916594d0cdf2f4c4f,07b257405f757223,,2ee8ef5c6c9d73d6,B2,16,16,fb2e41a2d7,1,synthetic:clouds-v4,ok,bursty|clip_clouds_fast_v4|bursty|rep1|seed20240909,0.6372
bursty,,nan,clip_clouds_fast_v4,919a6a07e6254cfa9c497621fd7f6b42b2d63b5f07b12c1916594d0cdf2f4c4f,07b257405f757223,,f56eb674cfe1a7cd,B2,16,16,fb2e41a2d7,4,synthetic:clouds-v4,ok,bursty|clip_clouds_fast_v4|bursty|rep4|seed20240909,0.573
bursty,,nan,clip_clouds_fast_v4,919a6a07e6254cfa9c497621fd7f6b42b2d63b5f07b12c1916594d0cdf2f4c4f,07b257405f757223,,10d02d91c6500d3b,B2,16,16,fb2e41a2d7,2,synthetic:clouds-v4,ok,bursty|clip_clouds_fast_v4|bursty|rep2|seed20240909,0.6157
bursty,,nan,clip_clouds_fast_v4,919a6a07e6254cfa9c497621fd7f6b42b2d63b5f07b12c1916594d0cdf2f4c4f,07b257405f757223,,fe62fadb268a9d62,B2,16,16,fb2e41a2d7,3,synthetic:clouds-v4,ok,bursty|clip_clouds_fast_v4|bursty|rep3|seed20240909,0.6012
harsh,,nan,clip_clouds_fast_v4,919a6a07e6254cfa9c497621fd7f6b42b2d63b5f07b12c1916594d0cdf2f4c4f,07b257405f757223,,3e9d97ff74a0d1fb,B2,16,16,fb2e41a2d7,0,synthetic:clouds-v4,ok,harsh|clip_clouds_fast_v4|harsh|rep0|seed20240909,0.6022
harsh,,nan,clip_clouds_fast_v4,919a6a07e6254cfa9c497621fd7f6b42b2d63b5f07b12c1916594d0cdf2f4c4f,07b257405f757223,,c3780242753fee62,B2,16,16,fb2e41a2d7,3,synthetic:clouds-v4,ok,harsh|clip_clouds_fast_v4|harsh|rep3|seed20240909,0.5967
harsh,,nan,clip_clouds_fast_v4,919a6a07e6254cfa9c497621fd7f6b42b2d63b5f07b12c1916594d0cdf2f4c4f,07b257405f757223,,d9c000a99265750a,B2,16,16,fb2e41a2d7,2,synthetic:clouds-v4,ok,harsh|clip_clouds_fast_v4|harsh|rep2|seed20240909,0.6279
harsh,,nan,clip_clouds_fast_v4,919a6a07e6254cfa9c497621fd7f6b42b2d63b5f07b12c1916594d0cdf2f4c4f,07b257405f757223,,8a70c2cf31fa6ed7,B2,16,16,fb2e41a2d7,1,synthetic:clouds-v4,ok,harsh|clip_clouds_fast_v4|harsh|rep1|seed20240909,0.6645
harsh,,nan,clip_clouds_fast_v4,919a6a07e6254cfa9c497621fd7f6b42b2d63b5f07b12c1916594d0cdf2f4c4f,07b257405f757223,,1f990c383843edab,B2,16,16,fb2e41a2d7,4,synthetic:clouds-v4,ok,harsh|clip_clouds_fast_v4|harsh|rep4|seed20240909,0.5995
bursty,,nan,clip_clouds_fast_v4,919a6a07e6254cfa9c497621fd7f6b42b2d63b5f07b12c1916594d0cdf2f4c4f,07b257405f757223,,aa587794c661d33a,B0d,16,16,fb2e41a2d7,0,synthetic:clouds-v4,ok,bursty|clip_clouds_fast_v4|bursty|rep0|seed20240909,7.1275
bursty,,nan,clip_clouds_fast_v4,919a6a07e6254cfa9c497621fd7f6b42b2d63b5f07b12c1916594d0cdf2f4c4f,07b257405f757223,,2f801aa0a9a9219c,B0d,16,16,fb2e41a2d7,3,synthetic:clouds-v4,ok,bursty|clip_clouds_fast_v4|bursty|rep3|seed20240909,6.9322
bursty,,nan,clip_clouds_fast_v4,919a6a07e6254cfa9c497621fd7f6b42b2d63b5f07b12c1916594d0cdf2f4c4f,07b257405f757223,,09e81ab5581f0c23,B0d,16,16,fb2e41a2d7,2,synthetic:clouds-v4,ok,bursty|clip_clouds_fast_v4|bursty|rep2|seed20240909,7.4386
bursty,,nan,clip_clouds_fast_v4,919a6a07e6254cfa9c497621fd7f6b42b2d63b5f07b12c1916594d0cdf2f4c4f,07b257405f757223,,beccff3d8aa7bf18,B0d,16,16,fb2e41a2d7,4,synthetic:clouds-v4,ok,bursty|clip_clouds_fast_v4|bursty|rep4|seed20240909,7.3272
bursty,,nan,clip_clouds_fast_v4,919a6a07e6254cfa9c497621fd7f6b42b2d63b5f07b12c1916594d0cdf2f4c4f,07b257405f757223,,b8380101707ec543,B0d,16,16,fb2e41a2d7,1,synthetic:clouds-v4,ok,bursty|clip_clouds_fast_v4|bursty|rep1|seed20240909,7.7632
clean,,nan,clip_clouds_fast_v4,919a6a07e6254cfa9c497621fd7f6b42b2d63b5f07b12c1916594d0cdf2f4c4f,07b257405f757223,,ba59c41df53ab2b6,B3,16,16,fb2e41a2d7,0,synthetic:clouds-v4,ok,clean|clip_clouds_fast_v4|clean|rep0|seed20240909,2.7542
clean,,nan,clip_clouds_fast_v4,919a6a07e6254cfa9c497621fd7f6b42b2d63b5f07b12c1916594d0cdf2f4c4f,07b257405f757223,,2f637d08b15c1096,B3,16,16,fb2e41a2d7,2,synthetic:clouds-v4,ok,clean|clip_clouds_fast_v4|clean|rep2|seed20240909,2.749
clean,,nan,clip_clouds_fast_v4,919a6a07e6254cfa9c497621fd7f6b42b2d63b5f07b12c1916594d0cdf2f4c4f,07b257405f757223,,71c49b961ef82e4a,B3,16,16,fb2e41a2d7,4,synthetic:clouds-v4,ok,clean|clip_clouds_fast_v4|clean|rep4|seed20240909,2.7044
clean,,nan,clip_clouds_fast_v4,919a6a07e6254cfa9c497621fd7f6b42b2d63b5f07b12c1916594d0cdf2f4c4f,07b257405f757223,,3528d7cc679a7882,B3,16,16,fb2e41a2d7,1,synthetic:clouds-v4,ok,clean|clip_clouds_fast_v4|clean|rep1|seed20240909,2.9117
clean,,nan,clip_clouds_fast_v4,919a6a07e6254cfa9c497621fd7f6b42b2d63b5f07b12c1916594d0cdf2f4c4f,07b257405f757223,,34bbd1d9be2f6458,B3,16,16,fb2e41a2d7,3,synthetic:clouds-v4,ok,clean|clip_clouds_fast_v4|clean|rep3|seed20240909,2.839
mild,,nan,clip_clouds_fast_v4,919a6a07e6254cfa9c497621fd7f6b42b2d63b5f07b12c1916594d0cdf2f4c4f,07b257405f757223,,79815b31cf9db17d,B3,16,16,fb2e41a2d7,0,synthetic:clouds-v4,ok,mild|clip_clouds_fast_v4|mild|rep0|seed20240909,2.9802
mild,,nan,clip_clouds_fast_v4,919a6a07e6254cfa9c497621fd7f6b42b2d63b5f07b12c1916594d0cdf2f4c4f,07b257405f757223,,7d7d0b12554a2dbe,B3,16,16,fb2e41a2d7,3,synthetic:clouds-v4,ok,mild|clip_clouds_fast_v4|mild|rep3|seed20240909,2.8106
mild,,nan,clip_clouds_fast_v4,919a6a07e6254cfa9c497621fd7f6b42b2d63b5f07b12c1916594d0cdf2f4c4f,07b257405f757223,,07ef59dfbf9018d7,B3,16,16,fb2e41a2d7,1,synthetic:clouds-v4,ok,mild|clip_clouds_fast_v4|mild|rep1|seed20240909,2.9993
mild,,nan,clip_clouds_fast_v4,919a6a07e6254cfa9c497621fd7f6b42b2d63b5f07b12c1916594d0cdf2f4c4f,07b257405f757223,,5ba7be51a5150a99,B3,16,16,fb2e41a2d7,2,synthetic:clouds-v4,ok,mild|clip_clouds_fast_v4|mild|rep2|seed20240909,2.9432
mild,,nan,clip_clouds_fast_v4,919a6a07e6254cfa9c497621fd7f6b42b2d63b5f07b12c1916594d0cdf2f4c4f,07b257405f757223,,d77edd0afa567afc,B3,16,16,fb2e41a2d7,4,synthetic:clouds-v4,ok,mild|clip_clouds_fast_v4|mild|rep4|seed20240909,2.928
moderate,,nan,clip_clouds_fast_v4,919a6a07e6254cfa9c497621fd7f6b42b2d63b5f07b12c1916594d0cdf2f4c4f,07b257405f757223,,216509d7fcbabba3,B3,16,16,fb2e41a2d7,0,synthetic:clouds-v4,ok,moderate|clip_clouds_fast_v4|moderate|rep0|seed20240909,4.2127
moderate,,nan,clip_clouds_fast_v4,919a6a07e6254cfa9c497621fd7f6b42b2d63b5f07b12c1916594d0cdf2f4c4f,07b257405f757223,,abd2911ba11c4b45,B3,16,16,fb2e41a2d7,1,synthetic:clouds-v4,ok,moderate|clip_clouds_fast_v4|moderate|rep1|seed20240909,4.1616
harsh,,nan,clip_clouds_fast_v4,919a6a07e6254cfa9c497621fd7f6b42b2d63b5f07b12c1916594d0cdf2f4c4f,07b257405f757223,,2d51ed65434b8236,B3,16,16,fb2e41a2d7,0,synthetic:clouds-v4,ok,harsh|clip_clouds_fast_v4|harsh|rep0|seed20240909,1.9464
moderate,,nan,clip_clouds_fast_v4,919a6a07e6254cfa9c497621fd7f6b42b2d63b5f07b12c1916594d0cdf2f4c4f,07b257405f757223,,cd7d9654e2ba5981,B3,16,16,fb2e41a2d7,2,synthetic:clouds-v4,ok,moderate|clip_clouds_fast_v4|moderate|rep2|seed20240909,4.1814
harsh,,nan,clip_clouds_fast_v4,919a6a07e6254cfa9c497621fd7f6b42b2d63b5f07b12c1916594d0cdf2f4c4f,07b257405f757223,,3c9e45dbd166ac01,B3,16,16,fb2e41a2d7,1,synthetic:clouds-v4,ok,harsh|clip_clouds_fast_v4|harsh|rep1|seed20240909,1.9755
harsh,,nan,clip_clouds_fast_v4,919a6a07e6254cfa9c497621fd7f6b42b2d63b5f07b12c1916594d0cdf2f4c4f,07b257405f757223,,1d12f9dea63aecc4,B3,16,16,fb2e41a2d7,2,synthetic:clouds-v4,ok,harsh|clip_clouds_fast_v4|harsh|rep2|seed20240909,2.0802
harsh,,nan,clip_clouds_fast_v4,919a6a07e6254cfa9c497621fd7f6b42b2d63b5f07b12c1916594d0cdf2f4c4f,07b257405f757223,,47c61cca858eb68a,B3,16,16,fb2e41a2d7,3,synthetic:clouds-v4,ok,harsh|clip_clouds_fast_v4|harsh|rep3|seed20240909,2.0139
harsh,,nan,clip_clouds_fast_v4,919a6a07e6254cfa9c497621fd7f6b42b2d63b5f07b12c1916594d0cdf2f4c4f,07b257405f757223,,8b3add1f95e38514,B3,16,16,fb2e41a2d7,4,synthetic:clouds-v4,ok,harsh|clip_clouds_fast_v4|harsh|rep4|seed20240909,2.0512
moderate,,nan,clip_clouds_fast_v4,919a6a07e6254cfa9c497621fd7f6b42b2d63b5f07b12c1916594d0cdf2f4c4f,07b257405f757223,,546e7e38906f8104,B3,16,16,fb2e41a2d7,4,synthetic:clouds-v4,ok,moderate|clip_clouds_fast_v4|moderate|rep4|seed20240909,4.0298
moderate,,nan,clip_clouds_fast_v4,919a6a07e6254cfa9c497621fd7f6b42b2d63b5f07b12c1916594d0cdf2f4c4f,07b257405f757223,,06d9ebb7cff50e1b,B3,16,16,fb2e41a2d7,3,synthetic:clouds-v4,ok,moderate|clip_clouds_fast_v4|moderate|rep3|seed20240909,4.1373
bursty,,nan,clip_clouds_fast_v4,919a6a07e6254cfa9c497621fd7f6b42b2d63b5f07b12c1916594d0cdf2f4c4f,07b257405f757223,,8dadb9871d59ff27,B3,16,16,fb2e41a2d7,0,synthetic:clouds-v4,ok,bursty|clip_clouds_fast_v4|bursty|rep0|seed20240909,4.2863
bursty,,nan,clip_clouds_fast_v4,919a6a07e6254cfa9c497621fd7f6b42b2d63b5f07b12c1916594d0cdf2f4c4f,07b257405f757223,,21096397cbea0e2a,B3,16,16,fb2e41a2d7,1,synthetic:clouds-v4,ok,bursty|clip_clouds_fast_v4|bursty|rep1|seed20240909,4.6034
bursty,,nan,clip_clouds_fast_v4,919a6a07e6254cfa9c497621fd7f6b42b2d63b5f07b12c1916594d0cdf2f4c4f,07b257405f757223,,8662a13ce6b8c29e,B3,16,16,fb2e41a2d7,3,synthetic:clouds-v4,ok,bursty|clip_clouds_fast_v4|bursty|rep3|seed20240909,4.5367
bursty,,nan,clip_clouds_fast_v4,919a6a07e6254cfa9c497621fd7f6b42b2d63b5f07b12c1916594d0cdf2f4c4f,07b257405f757223,,f653e52dbbf73497,B3,16,16,fb2e41a2d7,2,synthetic:clouds-v4,ok,bursty|clip_clouds_fast_v4|bursty|rep2|seed20240909,4.705
bursty,,nan,clip_clouds_fast_v4,919a6a07e6254cfa9c497621fd7f6b42b2d63b5f07b12c1916594d0cdf2f4c4f,07b257405f757223,,7494058927b8c541,B3,16,16,fb2e41a2d7,4,synthetic:clouds-v4,ok,bursty|clip_clouds_fast_v4|bursty|rep4|seed20240909,4.7364
clean,,nan,clip_clouds_fast_v4,919a6a07e6254cfa9c497621fd7f6b42b2d63b5f07b12c1916594d0cdf2f4c4f,07b257405f757223,,f75bed5b802a83fe,B4,16,16,fb2e41a2d7,0,synthetic:clouds-v4,ok,clean|clip_clouds_fast_v4|clean|rep0|seed20240909,4.4861
clean,,nan,clip_clouds_fast_v4,919a6a07e6254cfa9c497621fd7f6b42b2d63b5f07b12c1916594d0cdf2f4c4f,07b257405f757223,,2c0ad3f82989adec,B4,16,16,fb2e41a2d7,1,synthetic:clouds-v4,ok,clean|clip_clouds_fast_v4|clean|rep1|seed20240909,4.5055
clean,,nan,clip_clouds_fast_v4,919a6a07e6254cfa9c497621fd7f6b42b2d63b5f07b12c1916594d0cdf2f4c4f,07b257405f757223,,3acbcff7a5b1c9f3,B4,16,16,fb2e41a2d7,2,synthetic:clouds-v4,ok,clean|clip_clouds_fast_v4|clean|rep2|seed20240909,4.3788
clean,,nan,clip_clouds_fast_v4,919a6a07e6254cfa9c497621fd7f6b42b2d63b5f07b12c1916594d0cdf2f4c4f,07b257405f757223,,dce921254422acd7,B4,16,16,fb2e41a2d7,3,synthetic:clouds-v4,ok,clean|clip_clouds_fast_v4|clean|rep3|seed20240909,4.5124
clean,,nan,clip_clouds_fast_v4,919a6a07e6254cfa9c497621fd7f6b42b2d63b5f07b12c1916594d0cdf2f4c4f,07b257405f757223,,110f39c81d1eeaf7,B4,16,16,fb2e41a2d7,4,synthetic:clouds-v4,ok,clean|clip_clouds_fast_v4|clean|rep4|seed20240909,4.5279
mild,,nan,clip_clouds_fast_v4,919a6a07e6254cfa9c497621fd7f6b42b2d63b5f07b12c1916594d0cdf2f4c4f,07b257405f757223,,58607a8d2c0ddbc8,B4,16,16,fb2e41a2d7,0,synthetic:clouds-v4,ok,mild|clip_clouds_fast_v4|mild|rep0|seed20240909,4.8423
mild,,nan,clip_clouds_fast_v4,919a6a07e6254cfa9c497621fd7f6b42b2d63b5f07b12c1916594d0cdf2f4c4f,07b257405f757223,,1f7335f3513ac714,B4,16,16,fb2e41a2d7,1,synthetic:clouds-v4,ok,mild|clip_clouds_fast_v4|mild|rep1|seed20240909,4.7823
mild,,nan,clip_clouds_fast_v4,919a6a07e6254cfa9c497621fd7f6b42b2d63b5f07b12c1916594d0cdf2f4c4f,07b257405f757223,,03c87601f3f5a2a6,B4,16,16,fb2e41a2d7,2,synthetic:clouds-v4,ok,mild|clip_clouds_fast_v4|mild|rep2|seed20240909,4.8026
mild,,nan,clip_clouds_fast_v4,919a6a07e6254cfa9c497621fd7f6b42b2d63b5f07b12c1916594d0cdf2f4c4f,07b257405f757223,,10b491706f9b2b5d,B4,16,16,fb2e41a2d7,3,synthetic:clouds-v4,ok,mild|clip_clouds_fast_v4|mild|rep3|seed20240909,4.7548
mild,,nan,clip_clouds_fast_v4,919a6a07e6254cfa9c497621fd7f6b42b2d63b5f07b12c1916594d0cdf2f4c4f,07b257405f757223,,d6618b06f21d13ef,B4,16,16,fb2e41a2d7,4,synthetic:clouds-v4,ok,mild|clip_clouds_fast_v4|mild|rep4|seed20240909,5.0046
harsh,,nan,clip_clouds_fast_v4,919a6a07e6254cfa9c497621fd7f6b42b2d63b5f07b12c1916594d0cdf2f4c4f,07b257405f757223,,b6e7f9a00b545a05,B4,16,16,fb2e41a2d7,0,synthetic:clouds-v4,ok,harsh|clip_clouds_fast_v4|harsh|rep0|seed20240909,3.9931
harsh,,nan,clip_clouds_fast_v4,919a6a07e6254cfa9c497621fd7f6b42b2d63b5f07b12c1916594d0cdf2f4c4f,07b257405f757223,,5bf18b9bcf166ad3,B4,16,16,fb2e41a2d7,1,synthetic:clouds-v4,ok,harsh|clip_clouds_fast_v4|harsh|rep1|seed20240909,4.2842
harsh,,nan,clip_clouds_fast_v4,919a6a07e6254cfa9c497621fd7f6b42b2d63b5f07b12c1916594d0cdf2f4c4f,07b257405f757223,,b3604d8b3a35cbf6,B4,16,16,fb2e41a2d7,2,synthetic:clouds-v4,ok,harsh|clip_clouds_fast_v4|harsh|rep2|seed20240909,4.2609
harsh,,nan,clip_clouds_fast_v4,919a6a07e6254cfa9c497621fd7f6b42b2d63b5f07b12c1916594d0cdf2f4c4f,07b257405f757223,,9f73e40bb6dd4fac,B4,16,16,fb2e41a2d7,3,synthetic:clouds-v4,ok,harsh|clip_clouds_fast_v4|harsh|rep3|seed20240909,4.2796
harsh,,nan,clip_clouds_fast_v4,919a6a07e6254cfa9c497621fd7f6b42b2d63b5f07b12c1916594d0cdf2f4c4f,07b257405f757223,,ba8f5601d5b72419,B4,16,16,fb2e41a2d7,4,synthetic:clouds-v4,ok,harsh|clip_clouds_fast_v4|harsh|rep4|seed20240909,4.3174
moderate,,nan,clip_clouds_fast_v4,919a6a07e6254cfa9c497621fd7f6b42b2d63b5f07b12c1916594d0cdf2f4c4f,07b257405f757223,,f97a0bdeee81efa0,B4,16,16,fb2e41a2d7,1,synthetic:clouds-v4,ok,moderate|clip_clouds_fast_v4|moderate|rep1|seed20240909,8.9009
moderate,,nan,clip_clouds_fast_v4,919a6a07e6254cfa9c497621fd7f6b42b2d63b5f07b12c1916594d0cdf2f4c4f,07b257405f757223,,96bc94cdc798c731,B4,16,16,fb2e41a2d7,0,synthetic:clouds-v4,ok,moderate|clip_clouds_fast_v4|moderate|rep0|seed20240909,9.3053
moderate,,nan,clip_clouds_fast_v4,919a6a07e6254cfa9c497621fd7f6b42b2d63b5f07b12c1916594d0cdf2f4c4f,07b257405f757223,,9ef9af42d3b59125,B4,16,16,fb2e41a2d7,2,synthetic:clouds-v4,ok,moderate|clip_clouds_fast_v4|moderate|rep2|seed20240909,9.3306
moderate,,nan,clip_clouds_fast_v4,919a6a07e6254cfa9c497621fd7f6b42b2d63b5f07b12c1916594d0cdf2f4c4f,07b257405f757223,,b7415aa921a9e228,B4,16,16,fb2e41a2d7,4,synthetic:clouds-v4,ok,moderate|clip_clouds_fast_v4|moderate|rep4|seed20240909,9.3629
moderate,,nan,clip_clouds_fast_v4,919a6a07e6254cfa9c497621fd7f6b42b2d63b5f07b12c1916594d0cdf2f4c4f,07b257405f757223,,510d4df86e2f4187,B4,16,16,fb2e41a2d7,3,synthetic:clouds-v4,ok,moderate|clip_clouds_fast_v4|moderate|rep3|seed20240909,9.5157
bursty,,nan,clip_clouds_fast_v4,919a6a07e6254cfa9c497621fd7f6b42b2d63b5f07b12c1916594d0cdf2f4c4f,07b257405f757223,,71f5cab9d4fd5323,B4,16,16,fb2e41a2d7,0,synthetic:clouds-v4,ok,bursty|clip_clouds_fast_v4|bursty|rep0|seed20240909,9.5856
bursty,,nan,clip_clouds_fast_v4,919a6a07e6254cfa9c497621fd7f6b42b2d63b5f07b12c1916594d0cdf2f4c4f,07b257405f757223,,7d1fa3c1e6b8f129,B4,16,16,fb2e41a2d7,1,synthetic:clouds-v4,ok,bursty|clip_clouds_fast_v4|bursty|rep1|seed20240909,10.1306
bursty,,nan,clip_clouds_fast_v4,919a6a07e6254cfa9c497621fd7f6b42b2d63b5f07b12c1916594d0cdf2f4c4f,07b257405f757223,,3ae239cb5feac5b9,B4,16,16,fb2e41a2d7,3,synthetic:clouds-v4,ok,bursty|clip_clouds_fast_v4|bursty|rep3|seed20240909,9.7022
bursty,,nan,clip_clouds_fast_v4,919a6a07e6254cfa9c497621fd7f6b42b2d63b5f07b12c1916594d0cdf2f4c4f,07b257405f757223,,494fa18fcc6255af,B4,16,16,fb2e41a2d7,2,synthetic:clouds-v4,ok,bursty|clip_clouds_fast_v4|bursty|rep2|seed20240909,10.1615
bursty,,nan,clip_clouds_fast_v4,919a6a07e6254cfa9c497621fd7f6b42b2d63b5f07b12c1916594d0cdf2f4c4f,07b257405f757223,,b3190ba6805214fc,B4,16,16,fb2e41a2d7,4,synthetic:clouds-v4,ok,bursty|clip_clouds_fast_v4|bursty|rep4|seed20240909,10.0543
clean,,nan,clip_clouds_fast_v4,919a6a07e6254cfa9c497621fd7f6b42b2d63b5f07b12c1916594d0cdf2f4c4f,07b257405f757223,,5fcac7c48f38b961,P,16,16,8da29d3843,0,synthetic:clouds-v4,ok,clean|clip_clouds_fast_v4|clean|rep0|seed20240909,10.3269
clean,,nan,clip_clouds_fast_v4,919a6a07e6254cfa9c497621fd7f6b42b2d63b5f07b12c1916594d0cdf2f4c4f,07b257405f757223,,2ced10afb861b147,P,16,16,8da29d3843,1,synthetic:clouds-v4,ok,clean|clip_clouds_fast_v4|clean|rep1|seed20240909,10.3951
clean,,nan,clip_clouds_fast_v4,919a6a07e6254cfa9c497621fd7f6b42b2d63b5f07b12c1916594d0cdf2f4c4f,07b257405f757223,,19ee0a85bd902eed,P,16,16,8da29d3843,3,synthetic:clouds-v4,ok,clean|clip_clouds_fast_v4|clean|rep3|seed20240909,10.2584
clean,,nan,clip_clouds_fast_v4,919a6a07e6254cfa9c497621fd7f6b42b2d63b5f07b12c1916594d0cdf2f4c4f,07b257405f757223,,1bb9c474d5796c8b,P,16,16,8da29d3843,2,synthetic:clouds-v4,ok,clean|clip_clouds_fast_v4|clean|rep2|seed20240909,10.3877
clean,,nan,clip_clouds_fast_v4,919a6a07e6254cfa9c497621fd7f6b42b2d63b5f07b12c1916594d0cdf2f4c4f,07b257405f757223,,3c63636e7083bf73,P,16,16,8da29d3843,4,synthetic:clouds-v4,ok,clean|clip_clouds_fast_v4|clean|rep4|seed20240909,10.2899
mild,,nan,clip_clouds_fast_v4,919a6a07e6254cfa9c497621fd7f6b42b2d63b5f07b12c1916594d0cdf2f4c4f,07b257405f757223,,cc791dc4d295c5f4,P,16,16,8da29d3843,0,synthetic:clouds-v4,ok,mild|clip_clouds_fast_v4|mild|rep0|seed20240909,10.7485
mild,,nan,clip_clouds_fast_v4,919a6a07e6254cfa9c497621fd7f6b42b2d63b5f07b12c1916594d0cdf2f4c4f,07b257405f757223,,5a6626a76a42bea4,P,16,16,8da29d3843,1,synthetic:clouds-v4,ok,mild|clip_clouds_fast_v4|mild|rep1|seed20240909,10.7446
mild,,nan,clip_clouds_fast_v4,919a6a07e6254cfa9c497621fd7f6b42b2d63b5f07b12c1916594d0cdf2f4c4f,07b257405f757223,,ccffd18922a3a8bb,P,16,16,8da29d3843,2,synthetic:clouds-v4,ok,mild|clip_clouds_fast_v4|mild|rep2|seed20240909,10.7389
mild,,nan,clip_clouds_fast_v4,919a6a07e6254cfa9c497621fd7f6b42b2d63b5f07b12c1916594d0cdf2f4c4f,07b257405f757223,,b1ce54c27a591a7f,P,16,16,8da29d3843,3,synthetic:clouds-v4,ok,mild|clip_clouds_fast_v4|mild|rep3|seed20240909,10.3107
mild,,nan,clip_clouds_fast_v4,919a6a07e6254cfa9c497621fd7f6b42b2d63b5f07b12c1916594d0cdf2f4c4f,07b257405f757223,,e8f2b3fa99674c85,P,16,16,8da29d3843,4,synthetic:clouds-v4,ok,mild|clip_clouds_fast_v4|mild|rep4|seed20240909,10.2773
clean,,nan,clip_grid_slow_v0,df2f006726e2518800361f8c1873d94e601345463882dfb2a2425ea64a64c4ab,07b257405f757223,,25b11a4ebbd18ec4,B0a,16,16,fb2e41a2d7,0,synthetic:grid-v0,ok,clean|clip_grid_slow_v0|clean|rep0|seed20240909,0.6236
clean,,nan,clip_grid_slow_v0,df2f006726e2518800361f8c1873d94e601345463882dfb2a2425ea64a64c4ab,07b257405f757223,,9398f9a2fd50b944,B0a,16,16,fb2e41a2d7,1,synthetic:grid-v0,ok,clean|clip_grid_slow_v0|clean|rep1|seed20240909,0.6404
clean,,nan,clip_grid_slow_v0,df2f006726e2518800361f8c1873d94e601345463882dfb2a2425ea64a64c4ab,07b257405f757223,,ab3bbe256774980d,B0a,16,16,fb2e41a2d7,2,synthetic:grid-v0,ok,clean|clip_grid_slow_v0|clean|rep2|seed20240909,0.6195
clean,,nan,clip_grid_slow_v0,df2f006726e2518800361f8c1873d94e601345463882dfb2a2425ea64a64c4ab,07b257405f757223,,e9b1763951cbdbb5,B0a,16,16,fb2e41a2d7,3,synthetic:grid-v0,ok,clean|clip_grid_slow_v0|clean|rep3|seed20240909,0.5971
clean,,nan,clip_grid_slow_v0,df2f006726e2518800361f8c1873d94e601345463882dfb2a2425ea64a64c4ab,07b257405f757223,,4de46086a8ea3a90,B0a,16,16,fb2e41a2d7,4,synthetic:grid-v0,ok,clean|clip_grid_slow_v0|clean|rep4|seed20240909,0.6191
harsh,,nan,clip_clouds_fast_v4,919a6a07e6254cfa9c497621fd7f6b42b2d63b5f07b12c1916594d0cdf2f4c4f,07b257405f757223,,0f3359607ce07b82,P,16,16,8da29d3843,0,synthetic:clouds-v4,ok,harsh|clip_clouds_fast_v4|harsh|rep0|seed20240909,5.6406
mild,,nan,clip_grid_slow_v0,df2f006726e2518800361f8c1873d94e601345463882dfb2a2425ea64a64c4ab,07b257405f757223,,0d9ed9849dc2e79d,B0a,16,16,fb2e41a2d7,0,synthetic:grid-v0,ok,mild|clip_grid_slow_v0|mild|rep0|seed20240909,0.8208
mild,,nan,clip_grid_slow_v0,df2f006726e2518800361f8c1873d94e601345463882dfb2a2425ea64a64c4ab,07b257405f757223,,e660afba4de27a0d,B0a,16,16,fb2e41a2d7,1,synthetic:grid-v0,ok,mild|clip_grid_slow_v0|mild|rep1|seed20240909,0.8269
harsh,,nan,clip_clouds_fast_v4,919a6a07e6254cfa9c497621fd7f6b42b2d63b5f07b12c1916594d0cdf2f4c4f,07b257405f757223,,d789559b18a8c01f,P,16,16,8da29d3843,1,synthetic:clouds-v4,ok,harsh|clip_clouds_fast_v4|harsh|rep1|seed20240909,5.9918
harsh,,nan,clip_clouds_fast_v4,919a6a07e6254cfa9c497621fd7f6b42b2d63b5f07b12c1916594d0cdf2f4c4f,07b257405f757223,,75e8389c1174776a,P,16,16,8da29d3843,2,synthetic:clouds-v4,ok,harsh|clip_clouds_fast_v4|harsh|rep2|seed20240909,5.8035
harsh,,nan,clip_clouds_fast_v4,919a6a07e6254cfa9c497621fd7f6b42b2d63b5f07b12c1916594d0cdf2f4c4f,07b257405f757223,,f07ce1b90139ee23,P,16,16,8da29d3843,3,synthetic:clouds-v4,ok,harsh|clip_clouds_fast_v4|harsh|rep3|seed20240909,5.8982
mild,,nan,clip_grid_slow_v0,df2f006726e2518800361f8c1873d94e601345463882dfb2a2425ea64a64c4ab,07b257405f757223,,9c553eadd9728d70,B0a,16,16,fb2e41a2d7,2,synthetic:grid-v0,ok,mild|clip_grid_slow_v0|mild|rep2|seed20240909,0.8154
mild,,nan,clip_grid_slow_v0,df2f006726e2518800361f8c1873d94e601345463882dfb2a2425ea64a64c4ab,07b257405f757223,,3d8acc6b0a799071,B0a,16,16,fb2e41a2d7,3,synthetic:grid-v0,ok,mild|clip_grid_slow_v0|mild|rep3|seed20240909,0.8131
mild,,nan,clip_grid_slow_v0,df2f006726e2518800361f8c1873d94e601345463882dfb2a2425ea64a64c4ab,07b257405f757223,,da2aaac44297e094,B0a,16,16,fb2e41a2d7,4,synthetic:grid-v0,ok,mild|clip_grid_slow_v0|mild|rep4|seed20240909,0.8265
moderate,,nan,clip_grid_slow_v0,df2f006726e2518800361f8c1873d94e601345463882dfb2a2425ea64a64c4ab,07b257405f757223,,fc4204cb2b47d010,B0a,16,16,fb2e41a2d7,0,synthetic:grid-v0,ok,moderate|clip_grid_slow_v0|moderate|rep0|seed20240909,0.8954
moderate,,nan,clip_grid_slow_v0,df2f006726e2518800361f8c1873d94e601345463882dfb2a2425ea64a64c4ab,07b257405f757223,,f329884e7421c88b,B0a,16,16,fb2e41a2d7,1,synthetic:grid-v0,ok,moderate|clip_grid_slow_v0|moderate|rep1|seed20240909,0.8592
moderate,,nan,clip_grid_slow_v0,df2f006726e2518800361f8c1873d94e601345463882dfb2a2425ea64a64c4ab,07b257405f757223,,8945b6e442ea7865,B0a,16,16,fb2e41a2d7,2,synthetic:grid-v0,ok,moderate|clip_grid_slow_v0|moderate|rep2|seed20240909,0.8857
moderate,,nan,clip_grid_slow_v0,df2f006726e2518800361f8c1873d94e601345463882dfb2a2425ea64a64c4ab,07b257405f757223,,60fb1e1006aaaaf7,B0a,16,16,fb2e41a2d7,4,synthetic:grid-v0,ok,moderate|clip_grid_slow_v0|moderate|rep4|seed20240909,0.8497
moderate,,nan,clip_grid_slow_v0,df2f006726e2518800361f8c1873d94e601345463882dfb2a2425ea64a64c4ab,07b257405f757223,,f49594fb6c1a1598,B0a,16,16,fb2e41a2d7,3,synthetic:grid-v0,ok,moderate|clip_grid_slow_v0|moderate|rep3|seed20240909,0.8765
bursty,,nan,clip_grid_slow_v0,df2f006726e2518800361f8c1873d94e601345463882dfb2a2425ea64a64c4ab,07b257405f757223,,3825e55ed57a6ee4,B0a,16,16,fb2e41a2d7,0,synthetic:grid-v0,ok,bursty|clip_grid_slow_v0|bursty|rep0|seed20240909,0.7848
bursty,,nan,clip_grid_slow_v0,df2f006726e2518800361f8c1873d94e601345463882dfb2a2425ea64a64c4ab,07b257405f757223,,e0c1ec497b4c0bf4,B0a,16,16,fb2e41a2d7,1,synthetic:grid-v0,ok,bursty|clip_grid_slow_v0|bursty|rep1|seed20240909,0.8605
harsh,,nan,clip_clouds_fast_v4,919a6a07e6254cfa9c497621fd7f6b42b2d63b5f07b12c1916594d0cdf2f4c4f,07b257405f757223,,421c4775b12fcb1d,P,16,16,8da29d3843,4,synthetic:clouds-v4,ok,harsh|clip_clouds_fast_v4|harsh|rep4|seed20240909,6.5143
bursty,,nan,clip_grid_slow_v0,df2f006726e2518800361f8c1873d94e601345463882dfb2a2425ea64a64c4ab,07b257405f757223,,1f7e6ba0f71135f1,B0a,16,16,fb2e41a2d7,2,synthetic:grid-v0,ok,bursty|clip_grid_slow_v0|bursty|rep2|seed20240909,0.7996
bursty,,nan,clip_grid_slow_v0,df2f006726e2518800361f8c1873d94e601345463882dfb2a2425ea64a64c4ab,07b257405f757223,,7b399b4f1cabde32,B0a,16,16,fb2e41a2d7,4,synthetic:grid-v0,ok,bursty|clip_grid_slow_v0|bursty|rep4|seed20240909,0.8349
bursty,,nan,clip_grid_slow_v0,df2f006726e2518800361f8c1873d94e601345463882dfb2a2425ea64a64c4ab,07b257405f757223,,4cddd32ec20d7b74,B0a,16,16,fb2e41a2d7,3,synthetic:grid-v0,ok,bursty|clip_grid_slow_v0|bursty|rep3|seed20240909,0.8698
harsh,,nan,clip_grid_slow_v0,df2f006726e2518800361f8c1873d94e601345463882dfb2a2425ea64a64c4ab,07b257405f757223,,a37d1bed534748d7,B0a,16,16,fb2e41a2d7,0,synthetic:grid-v0,ok,harsh|clip_grid_slow_v0|harsh|rep0|seed20240909,0.8368
harsh,,nan,clip_grid_slow_v0,df2f006726e2518800361f8c1873d94e601345463882dfb2a2425ea64a64c4ab,07b257405f757223,,3923e3f96ae91f61,B0a,16,16,fb2e41a2d7,1,synthetic:grid-v0,ok,harsh|clip_grid_slow_v0|harsh|rep1|seed20240909,0.8683
harsh,,nan,clip_grid_slow_v0,df2f006726e2518800361f8c1873d94e601345463882dfb2a2425ea64a64c4ab,07b257405f757223,,b637e87aee2155c6,B0a,16,16,fb2e41a2d7,2,synthetic:grid-v0,ok,harsh|clip_grid_slow_v0|harsh|rep2|seed20240909,0.8472
harsh,,nan,clip_grid_slow_v0,df2f006726e2518800361f8c1873d94e601345463882dfb2a2425ea64a64c4ab,07b257405f757223,,a2d69bcdccae9178,B0a,16,16,fb2e41a2d7,3,synthetic:grid-v0,ok,harsh|clip_grid_slow_v0|harsh|rep3|seed20240909,0.8602
harsh,,nan,clip_grid_slow_v0,df2f006726e2518800361f8c1873d94e601345463882dfb2a2425ea64a64c4ab,07b257405f757223,,d563f89750cafa2b,B0a,16,16,fb2e41a2d7,4,synthetic:grid-v0,ok,harsh|clip_grid_slow_v0|harsh|rep4|seed20240909,0.8788
moderate,,nan,clip_clouds_fast_v4,919a6a07e6254cfa9c497621fd7f6b42b2d63b5f07b12c1916594d0cdf2f4c4f,07b257405f757223,,d07adb464ee07794,P,16,16,8da29d3843,1,synthetic:clouds-v4,ok,moderate|clip_clouds_fast_v4|moderate|rep1|seed20240909,17.506
moderate,,nan,clip_clouds_fast_v4,919a6a07e6254cfa9c497621fd7f6b42b2d63b5f07b12c1916594d0cdf2f4c4f,07b257405f757223,,d0226679705ee26e,P,16,16,8da29d3843,0,synthetic:clouds-v4,ok,moderate|clip_clouds_fast_v4|moderate|rep0|seed20240909,18.2679
clean,,nan,clip_grid_slow_v0,df2f006726e2518800361f8c1873d94e601345463882dfb2a2425ea64a64c4ab,07b257405f757223,,684453148609395e,B0a-R,16,16,fb2e41a2d7,0,synthetic:grid-v0,ok,clean|clip_grid_slow_v0|clean|rep0|seed20240909,1.6821
clean,,nan,clip_grid_slow_v0,df2f006726e2518800361f8c1873d94e601345463882dfb2a2425ea64a64c4ab,07b257405f757223,,bb81f609074b9589,B0a-R,16,16,fb2e41a2d7,1,synthetic:grid-v0,ok,clean|clip_grid_slow_v0|clean|rep1|seed20240909,1.7198
clean,,nan,clip_grid_slow_v0,df2f006726e2518800361f8c1873d94e601345463882dfb2a2425ea64a64c4ab,07b257405f757223,,0dd2fb8a82ce1d19,B0a-R,16,16,fb2e41a2d7,2,synthetic:grid-v0,ok,clean|clip_grid_slow_v0|clean|rep2|seed20240909,1.6835
moderate,,nan,clip_clouds_fast_v4,919a6a07e6254cfa9c497621fd7f6b42b2d63b5f07b12c1916594d0cdf2f4c4f,07b257405f757223,,95f764fe9dd58d01,P,16,16,8da29d3843,2,synthetic:clouds-v4,ok,moderate|clip_clouds_fast_v4|moderate|rep2|seed20240909,17.8226
clean,,nan,clip_grid_slow_v0,df2f006726e2518800361f8c1873d94e601345463882dfb2a2425ea64a64c4ab,07b257405f757223,,a5f6b48e73cb58c0,B0a-R,16,16,fb2e41a2d7,3,synthetic:grid-v0,ok,clean|clip_grid_slow_v0|clean|rep3|seed20240909,1.7287
clean,,nan,clip_grid_slow_v0,df2f006726e2518800361f8c1873d94e601345463882dfb2a2425ea64a64c4ab,07b257405f757223,,3c277fc707fdb98e,B0a-R,16,16,fb2e41a2d7,4,synthetic:grid-v0,ok,clean|clip_grid_slow_v0|clean|rep4|seed20240909,1.7628
mild,,nan,clip_grid_slow_v0,df2f006726e2518800361f8c1873d94e601345463882dfb2a2425ea64a64c4ab,07b257405f757223,,294f78cfead0742b,B0a-R,16,16,fb2e41a2d7,0,synthetic:grid-v0,ok,mild|clip_grid_slow_v0|mild|rep0|seed20240909,2.3571
mild,,nan,clip_grid_slow_v0,df2f006726e2518800361f8c1873d94e601345463882dfb2a2425ea64a64c4ab,07b257405f757223,,86094b7f6fccbb45,B0a-R,16,16,fb2e41a2d7,1,synthetic:grid-v0,ok,mild|clip_grid_slow_v0|mild|rep1|seed20240909,2.3511
moderate,,nan,clip_clouds_fast_v4,919a6a07e6254cfa9c497621fd7f6b42b2d63b5f07b12c1916594d0cdf2f4c4f,07b257405f757223,,45612b270826ad79,P,16,16,8da29d3843,3,synthetic:clouds-v4,ok,moderate|clip_clouds_fast_v4|moderate|rep3|seed20240909,18.1918
moderate,,nan,clip_clouds_fast_v4,919a6a07e6254cfa9c497621fd7f6b42b2d63b5f07b12c1916594d0cdf2f4c4f,07b257405f757223,,33ac4bc9ce04f188,P,16,16,8da29d3843,4,synthetic:clouds-v4,ok,moderate|clip_clouds_fast_v4|moderate|rep4|seed20240909,17.8942
mild,,nan,clip_grid_slow_v0,df2f006726e2518800361f8c1873d94e601345463882dfb2a2425ea64a64c4ab,07b257405f757223,,d1f7c844bad82fb4,B0a-R,16,16,fb2e41a2d7,2,synthetic:grid-v0,ok,mild|clip_grid_slow_v0|mild|rep2|seed20240909,2.2489
bursty,,nan,clip_clouds_fast_v4,919a6a07e6254cfa9c497621fd7f6b42b2d63b5f07b12c1916594d0cdf2f4c4f,07b257405f757223,,816c963eeafb374b,P,16,16,8da29d3843,0,synthetic:clouds-v4,ok,bursty|clip_clouds_fast_v4|bursty|rep0|seed20240909,18.2851
mild,,nan,clip_grid_slow_v0,df2f006726e2518800361f8c1873d94e601345463882dfb2a2425ea64a64c4ab,07b257405f757223,,47bb111597c2173b,B0a-R,16,16,fb2e41a2d7,4,synthetic:grid-v0,ok,mild|clip_grid_slow_v0|mild|rep4|seed20240909,2.2816
mild,,nan,clip_grid_slow_v0,df2f006726e2518800361f8c1873d94e601345463882dfb2a2425ea64a64c4ab,07b257405f757223,,c4d6058e235f4a56,B0a-R,16,16,fb2e41a2d7,3,synthetic:grid-v0,ok,mild|clip_grid_slow_v0|mild|rep3|seed20240909,2.4069
moderate,,nan,clip_grid_slow_v0,df2f006726e2518800361f8c1873d94e601345463882dfb2a2425ea64a64c4ab,07b257405f757223,,7066e649779afaac,B0a-R,16,16,fb2e41a2d7,0,synthetic:grid-v0,ok,moderate|clip_grid_slow_v0|moderate|rep0|seed20240909,2.5361
moderate,,nan,clip_grid_slow_v0,df2f006726e2518800361f8c1873d94e601345463882dfb2a2425ea64a64c4ab,07b257405f757223,,57c44a8faa2f91d1,B0a-R,16,16,fb2e41a2d7,1,synthetic:grid-v0,ok,moderate|clip_grid_slow_v0|moderate|rep1|seed20240909,2.5212
moderate,,nan,clip_grid_slow_v0,df2f006726e2518800361f8c1873d94e601345463882dfb2a2425ea64a64c4ab,07b257405f757223,,79313eb2f8715afd,B0a-R,16,16,fb2e41a2d7,2,synthetic:grid-v0,ok,moderate|clip_grid_slow_v0|moderate|rep2|seed20240909,2.5004
bursty,,nan,clip_clouds_fast_v4,919a6a07e6254cfa9c497621fd7f6b42b2d63b5f07b12c1916594d0cdf2f4c4f,07b257405f757223,,bf3f5f612ea8ab32,P,16,16,8da29d3843,1,synthetic:clouds-v4,ok,bursty|clip_clouds_fast_v4|bursty|rep1|seed20240909,17.8715
moderate,,nan,clip_grid_slow_v0,df2f006726e2518800361f8c1873d94e601345463882dfb2a2425ea64a64c4ab,07b257405f757223,,db47c6b3abb2c678,B0a-R,16,16,fb2e41a2d7,3,synthetic:grid-v0,ok,moderate|clip_grid_slow_v0|moderate|rep3|seed20240909,2.5994
moderate,,nan,clip_grid_slow_v0,df2f006726e2518800361f8c1873d94e601345463882dfb2a2425ea64a64c4ab,07b257405f757223,,3743ed681e47a01f,B0a-R,16,16,fb2e41a2d7,4,synthetic:grid-v0,ok,moderate|clip_grid_slow_v0|moderate|rep4|seed20240909,2.5201
bursty,,nan,clip_grid_slow_v0,df2f006726e2518800361f8c1873d94e601345463882dfb2a2425ea64a64c4ab,07b257405f757223,,ac95b581d685389f,B0a-R,16,16,fb2e41a2d7,0,synthetic:grid-v0,ok,bursty|clip_grid_slow_v0|bursty|rep0|seed20240909,2.4484
bursty,,nan,clip_grid_slow_v0,df2f006726e2518800361f8c1873d94e601345463882dfb2a2425ea64a64c4ab,07b257405f757223,,ce06fb88500d76f3,B0a-R,16,16,fb2e41a2d7,1,synthetic:grid-v0,ok,bursty|clip_grid_slow_v0|bursty|rep1|seed20240909,2.4282
bursty,,nan,clip_grid_slow_v0,df2f006726e2518800361f8c1873d94e601345463882dfb2a2425ea64a64c4ab,07b257405f757223,,3b31ad8d68fb838f,B0a-R,16,16,fb2e41a2d7,2,synthetic:grid-v0,ok,bursty|clip_grid_slow_v0|bursty|rep2|seed20240909,2.4181
bursty,,nan,clip_grid_slow_v0,df2f006726e2518800361f8c1873d94e601345463882dfb2a2425ea64a64c4ab,07b257405f757223,,d1cb45b1a45cd2e7,B0a-R,16,16,fb2e41a2d7,3,synthetic:grid-v0,ok,bursty|clip_grid_slow_v0|bursty|rep3|seed20240909,2.4018
bursty,,nan,clip_grid_slow_v0,df2f006726e2518800361f8c1873d94e601345463882dfb2a2425ea64a64c4ab,07b257405f757223,,bcaa1dfcfde229c0,B0a-R,16,16,fb2e41a2d7,4,synthetic:grid-v0,ok,bursty|clip_grid_slow_v0|bursty|rep4|seed20240909,2.412
harsh,,nan,clip_grid_slow_v0,df2f006726e2518800361f8c1873d94e601345463882dfb2a2425ea64a64c4ab,07b257405f757223,,66b85d30325db9dd,B0a-R,16,16,fb2e41a2d7,0,synthetic:grid-v0,ok,harsh|clip_grid_slow_v0|harsh|rep0|seed20240909,2.4703
harsh,,nan,clip_grid_slow_v0,df2f006726e2518800361f8c1873d94e601345463882dfb2a2425ea64a64c4ab,07b257405f757223,,a959b90ab1a014fe,B0a-R,16,16,fb2e41a2d7,1,synthetic:grid-v0,ok,harsh|clip_grid_slow_v0|harsh|rep1|seed20240909,2.4878
harsh,,nan,clip_grid_slow_v0,df2f006726e2518800361f8c1873d94e601345463882dfb2a2425ea64a64c4ab,07b257405f757223,,b90c4a7bb807115c,B0a-R,16,16,fb2e41a2d7,2,synthetic:grid-v0,ok,harsh|clip_grid_slow_v0|harsh|rep2|seed20240909,2.4856
harsh,,nan,clip_grid_slow_v0,df2f006726e2518800361f8c1873d94e601345463882dfb2a2425ea64a64c4ab,07b257405f757223,,d61f89888099789d,B0a-R,16,16,fb2e41a2d7,3,synthetic:grid-v0,ok,harsh|clip_grid_slow_v0|harsh|rep3|seed20240909,2.4195
harsh,,nan,clip_grid_slow_v0,df2f006726e2518800361f8c1873d94e601345463882dfb2a2425ea64a64c4ab,07b257405f757223,,d98c404dec70323d,B0a-R,16,16,fb2e41a2d7,4,synthetic:grid-v0,ok,harsh|clip_grid_slow_v0|harsh|rep4|seed20240909,2.3787
bursty,,nan,clip_clouds_fast_v4,919a6a07e6254cfa9c497621fd7f6b42b2d63b5f07b12c1916594d0cdf2f4c4f,07b257405f757223,,e9359a987d497ab3,P,16,16,8da29d3843,2,synthetic:clouds-v4,ok,bursty|clip_clouds_fast_v4|bursty|rep2|seed20240909,18.3732
bursty,,nan,clip_clouds_fast_v4,919a6a07e6254cfa9c497621fd7f6b42b2d63b5f07b12c1916594d0cdf2f4c4f,07b257405f757223,,720b1f51a27b258f,P,16,16,8da29d3843,3,synthetic:clouds-v4,ok,bursty|clip_clouds_fast_v4|bursty|rep3|seed20240909,18.0352
bursty,,nan,clip_clouds_fast_v4,919a6a07e6254cfa9c497621fd7f6b42b2d63b5f07b12c1916594d0cdf2f4c4f,07b257405f757223,,d8c6b1606c3f003a,P,16,16,8da29d3843,4,synthetic:clouds-v4,ok,bursty|clip_clouds_fast_v4|bursty|rep4|seed20240909,18.3152
clean,,nan,clip_grid_slow_v0,df2f006726e2518800361f8c1873d94e601345463882dfb2a2425ea64a64c4ab,07b257405f757223,,69e0706ad80abc08,B0d,16,16,fb2e41a2d7,0,synthetic:grid-v0,ok,clean|clip_grid_slow_v0|clean|rep0|seed20240909,5.155
clean,,nan,clip_grid_slow_v0,df2f006726e2518800361f8c1873d94e601345463882dfb2a2425ea64a64c4ab,07b257405f757223,,823dd1f243db9013,B0d,16,16,fb2e41a2d7,1,synthetic:grid-v0,ok,clean|clip_grid_slow_v0|clean|rep1|seed20240909,5.1171
clean,,nan,clip_grid_slow_v0,df2f006726e2518800361f8c1873d94e601345463882dfb2a2425ea64a64c4ab,07b257405f757223,,8a7d007007ccc196,B0d,16,16,fb2e41a2d7,2,synthetic:grid-v0,ok,clean|clip_grid_slow_v0|clean|rep2|seed20240909,4.8748
clean,,nan,clip_grid_slow_v0,df2f006726e2518800361f8c1873d94e601345463882dfb2a2425ea64a64c4ab,07b257405f757223,,e15b4e4fbed719b1,B0d,16,16,fb2e41a2d7,4,synthetic:grid-v0,ok,clean|clip_grid_slow_v0|clean|rep4|seed20240909,4.8117
clean,,nan,clip_grid_slow_v0,df2f006726e2518800361f8c1873d94e601345463882dfb2a2425ea64a64c4ab,07b257405f757223,,f200fcc4eea6e5bb,B0d,16,16,fb2e41a2d7,3,synthetic:grid-v0,ok,clean|clip_grid_slow_v0|clean|rep3|seed20240909,4.851
mild,,nan,clip_grid_slow_v0,df2f006726e2518800361f8c1873d94e601345463882dfb2a2425ea64a64c4ab,07b257405f757223,,92f6b08a8774e1ef,B0d,16,16,fb2e41a2d7,0,synthetic:grid-v0,ok,mild|clip_grid_slow_v0|mild|rep0|seed20240909,5.0718
mild,,nan,clip_grid_slow_v0,df2f006726e2518800361f8c1873d94e601345463882dfb2a2425ea64a64c4ab,07b257405f757223,,9182fa9770a96d5f,B0d,16,16,fb2e41a2d7,1,synthetic:grid-v0,ok,mild|clip_grid_slow_v0|mild|rep1|seed20240909,4.9751
mild,,nan,clip_grid_slow_v0,df2f006726e2518800361f8c1873d94e601345463882dfb2a2425ea64a64c4ab,07b257405f757223,,1560fc603c5e77ae,B0d,16,16,fb2e41a2d7,4,synthetic:grid-v0,ok,mild|clip_grid_slow_v0|mild|rep4|seed20240909,4.7764
mild,,nan,clip_grid_slow_v0,df2f006726e2518800361f8c1873d94e601345463882dfb2a2425ea64a64c4ab,07b257405f757223,,a27920c2558ea1bf,B0d,16,16,fb2e41a2d7,2,synthetic:grid-v0,ok,mild|clip_grid_slow_v0|mild|rep2|seed20240909,4.9289
mild,,nan,clip_grid_slow_v0,df2f006726e2518800361f8c1873d94e601345463882dfb2a2425ea64a64c4ab,07b257405f757223,,42ada776bfa9f73f,B0d,16,16,fb2e41a2d7,3,synthetic:grid-v0,ok,mild|clip_grid_slow_v0|mild|rep3|seed20240909,4.8679
clean,,nan,clip_grid_slow_v0,df2f006726e2518800361f8c1873d94e601345463882dfb2a2425ea64a64c4ab,07b257405f757223,,f9d27e32307a3508,B1,16,16,fb2e41a2d7,0,synthetic:grid-v0,ok,clean|clip_grid_slow_v0|clean|rep0|seed20240909,0.3928
clean,,nan,clip_grid_slow_v0,df2f006726e2518800361f8c1873d94e601345463882dfb2a2425ea64a64c4ab,07b257405f757223,,f13bf21bf1b92391,B1,16,16,fb2e41a2d7,1,synthetic:grid-v0,ok,clean|clip_grid_slow_v0|clean|rep1|seed20240909,0.4224
clean,,nan,clip_grid_slow_v0,df2f006726e2518800361f8c1873d94e601345463882dfb2a2425ea64a64c4ab,07b257405f757223,,e46fe1e3618ce530,B1,16,16,fb2e41a2d7,2,synthetic:grid-v0,ok,clean|clip_grid_slow_v0|clean|rep2|seed20240909,0.3956
clean,,nan,clip_grid_slow_v0,df2f006726e2518800361f8c1873d94e601345463882dfb2a2425ea64a64c4ab,07b257405f757223,,25b86ed729d30560,B1,16,16,fb2e41a2d7,3,synthetic:grid-v0,ok,clean|clip_grid_slow_v0|clean|rep3|seed20240909,0.4221
harsh,,nan,clip_grid_slow_v0,df2f006726e2518800361f8c1873d94e601345463882dfb2a2425ea64a64c4ab,07b257405f757223,,f4769b526464c67f,B0d,16,16,fb2e41a2d7,0,synthetic:grid-v0,ok,harsh|clip_grid_slow_v0|harsh|rep0|seed20240909,2.4643
clean,,nan,clip_grid_slow_v0,df2f006726e2518800361f8c1873d94e601345463882dfb2a2425ea64a64c4ab,07b257405f757223,,93c0533ac01fb447,B1,16,16,fb2e41a2d7,4,synthetic:grid-v0,ok,clean|clip_grid_slow_v0|clean|rep4|seed20240909,0.3951
harsh,,nan,clip_grid_slow_v0,df2f006726e2518800361f8c1873d94e601345463882dfb2a2425ea64a64c4ab,07b257405f757223,,2e3805573b48221c,B0d,16,16,fb2e41a2d7,1,synthetic:grid-v0,ok,harsh|clip_grid_slow_v0|harsh|rep1|seed20240909,2.657
harsh,,nan,clip_grid_slow_v0,df2f006726e2518800361f8c1873d94e601345463882dfb2a2425ea64a64c4ab,07b257405f757223,,952bca993b769628,B0d,16,16,fb2e41a2d7,2,synthetic:grid-v0,ok,harsh|clip_grid_slow_v0|harsh|rep2|seed20240909,2.6139
mild,,nan,clip_grid_slow_v0,df2f006726e2518800361f8c1873d94e601345463882dfb2a2425ea64a64c4ab,07b257405f757223,,ef9ba1509bc0a47f,B1,16,16,fb2e41a2d7,0,synthetic:grid-v0,ok,mild|clip_grid_slow_v0|mild|rep0|seed20240909,0.6027
harsh,,nan,clip_grid_slow_v0,df2f006726e2518800361f8c1873d94e601345463882dfb2a2425ea64a64c4ab,07b257405f757223,,73181de8078051d4,B0d,16,16,fb2e41a2d7,4,synthetic:grid-v0,ok,harsh|clip_grid_slow_v0|harsh|rep4|seed20240909,2.5234
mild,,nan,clip_grid_slow_v0,df2f006726e2518800361f8c1873d94e601345463882dfb2a2425ea64a64c4ab,07b257405f757223,,5a4a81d5a7577686,B1,16,16,fb2e41a2d7,1,synthetic:grid-v0,ok,mild|clip_grid_slow_v0|mild|rep1|seed20240909,0.5369
harsh,,nan,clip_grid_slow_v0,df2f006726e2518800361f8c1873d94e601345463882dfb2a2425ea64a64c4ab,07b257405f757223,,4a480191592c4b48,B0d,16,16,fb2e41a2d7,3,synthetic:grid-v0,ok,harsh|clip_grid_slow_v0|harsh|rep3|seed20240909,2.6409
moderate,,nan,clip_grid_slow_v0,df2f006726e2518800361f8c1873d94e601345463882dfb2a2425ea64a64c4ab,07b257405f757223,,bd42a021b570924d,B0d,16,16,fb2e41a2d7,0,synthetic:grid-v0,ok,moderate|clip_grid_slow_v0|moderate|rep0|seed20240909,7.2029
mild,,nan,clip_grid_slow_v0,df2f006726e2518800361f8c1873d94e601345463882dfb2a2425ea64a64c4ab,07b257405f757223,,f349cc35bb5254fe,B1,16,16,fb2e41a2d7,2,synthetic:grid-v0,ok,mild|clip_grid_slow_v0|mild|rep2|seed20240909,0.5653
mild,,nan,clip_grid_slow_v0,df2f006726e2518800361f8c1873d94e601345463882dfb2a2425ea64a64c4ab,07b257405f757223,,8c2d3c4d3e2fa716,B1,16,16,fb2e41a2d7,3,synthetic:grid-v0,ok,mild|clip_grid_slow_v0|mild|rep3|seed20240909,0.5453
moderate,,nan,clip_grid_slow_v0,df2f006726e2518800361f8c1873d94e601345463882dfb2a2425ea64a64c4ab,07b257405f757223,,be3b27950eaea0de,B0d,16,16,fb2e41a2d7,2,synthetic:grid-v0,ok,moderate|clip_grid_slow_v0|moderate|rep2|seed20240909,7.0973
mild,,nan,clip_grid_slow_v0,df2f006726e2518800361f8c1873d94e601345463882dfb2a2425ea64a64c4ab,07b257405f757223,,171ce4585edc6bf4,B1,16,16,fb2e41a2d7,4,synthetic:grid-v0,ok,mild|clip_grid_slow_v0|mild|rep4|seed20240909,0.5415
moderate,,nan,clip_grid_slow_v0,df2f006726e2518800361f8c1873d94e601345463882dfb2a2425ea64a64c4ab,07b257405f757223,,beee9b1a9cd4a459,B0d,16,16,fb2e41a2d7,1,synthetic:grid-v0,ok,moderate|clip_grid_slow_v0|moderate|rep1|seed20240909,7.4767
moderate,,nan,clip_grid_slow_v0,df2f006726e2518800361f8c1873d94e601345463882dfb2a2425ea64a64c4ab,07b257405f757223,,cc2e167ef1c5851b,B1,16,16,fb2e41a2d7,0,synthetic:grid-v0,ok,moderate|clip_grid_slow_v0|moderate|rep0|seed20240909,0.5629
moderate,,nan,clip_grid_slow_v0,df2f006726e2518800361f8c1873d94e601345463882dfb2a2425ea64a64c4ab,07b257405f757223,,6d4652b379579ffd,B1,16,16,fb2e41a2d7,1,synthetic:grid-v0,ok,moderate|clip_grid_slow_v0|moderate|rep1|seed20240909,0.6035
moderate,,nan,clip_grid_slow_v0,df2f006726e2518800361f8c1873d94e601345463882dfb2a2425ea64a64c4ab,07b257405f757223,,f264becd7438decf,B1,16,16,fb2e41a2d7,2,synthetic:grid-v0,ok,moderate|clip_grid_slow_v0|moderate|rep2|seed20240909,0.6008
moderate,,nan,clip_grid_slow_v0,df2f006726e2518800361f8c1873d94e601345463882dfb2a2425ea64a64c4ab,07b257405f757223,,c7c9cf76f8974e09,B1,16,16,fb2e41a2d7,3,synthetic:grid-v0,ok,moderate|clip_grid_slow_v0|moderate|rep3|seed20240909,0.5973
bursty,,nan,clip_grid_slow_v0,df2f006726e2518800361f8c1873d94e601345463882dfb2a2425ea64a64c4ab,07b257405f757223,,6378f35d92683a7e,B1,16,16,fb2e41a2d7,1,synthetic:grid-v0,ok,bursty|clip_grid_slow_v0|bursty|rep1|seed20240909,0.5603
bursty,,nan,clip_grid_slow_v0,df2f006726e2518800361f8c1873d94e601345463882dfb2a2425ea64a64c4ab,07b257405f757223,,40d89d8a70b3ae13,B1,16,16,fb2e41a2d7,0,synthetic:grid-v0,ok,bursty|clip_grid_slow_v0|bursty|rep0|seed20240909,0.5934
bursty,,nan,clip_grid_slow_v0,df2f006726e2518800361f8c1873d94e601345463882dfb2a2425ea64a64c4ab,07b257405f757223,,91a6e91ec78265a0,B1,16,16,fb2e41a2d7,2,synthetic:grid-v0,ok,bursty|clip_grid_slow_v0|bursty|rep2|seed20240909,0.5689
moderate,,nan,clip_grid_slow_v0,df2f006726e2518800361f8c1873d94e601345463882dfb2a2425ea64a64c4ab,07b257405f757223,,b4b43a92c8f451f3,B1,16,16,fb2e41a2d7,4,synthetic:grid-v0,ok,moderate|clip_grid_slow_v0|moderate|rep4|seed20240909,0.6817
bursty,,nan,clip_grid_slow_v0,df2f006726e2518800361f8c1873d94e601345463882dfb2a2425ea64a64c4ab,07b257405f757223,,a7553b4fcb1e0441,B1,16,16,fb2e41a2d7,3,synthetic:grid-v0,ok,bursty|clip_grid_slow_v0|bursty|rep3|seed20240909,0.6175
bursty,,nan,clip_grid_slow_v0,df2f006726e2518800361f8c1873d94e601345463882dfb2a2425ea64a64c4ab,07b257405f757223,,7ce99606b7d4c71c,B1,16,16,fb2e41a2d7,4,synthetic:grid-v0,ok,bursty|clip_grid_slow_v0|bursty|rep4|seed20240909,0.6344
harsh,,nan,clip_grid_slow_v0,df2f006726e2518800361f8c1873d94e601345463882dfb2a2425ea64a64c4ab,07b257405f757223,,299832ebde70e7eb,B1,16,16,fb2e41a2d7,0,synthetic:grid-v0,ok,harsh|clip_grid_slow_v0|harsh|rep0|seed20240909,0.6221
harsh,,nan,clip_grid_slow_v0,df2f006726e2518800361f8c1873d94e601345463882dfb2a2425ea64a64c4ab,07b257405f757223,,5bd75a9957ccbeb3,B1,16,16,fb2e41a2d7,1,synthetic:grid-v0,ok,harsh|clip_grid_slow_v0|harsh|rep1|seed20240909,0.6235
clean,,nan,clip_grid_slow_v0,df2f006726e2518800361f8c1873d94e601345463882dfb2a2425ea64a64c4ab,07b257405f757223,,9c9d3a16f8a66776,B2,16,16,fb2e41a2d7,0,synthetic:grid-v0,ok,clean|clip_grid_slow_v0|clean|rep0|seed20240909,0.4223
clean,,nan,clip_grid_slow_v0,df2f006726e2518800361f8c1873d94e601345463882dfb2a2425ea64a64c4ab,07b257405f757223,,a9b2400eb0ad8d05,B2,16,16,fb2e41a2d7,1,synthetic:grid-v0,ok,clean|clip_grid_slow_v0|clean|rep1|seed20240909,0.4841
harsh,,nan,clip_grid_slow_v0,df2f006726e2518800361f8c1873d94e601345463882dfb2a2425ea64a64c4ab,07b257405f757223,,805d8f5a7a4c07c2,B1,16,16,fb2e41a2d7,2,synthetic:grid-v0,ok,harsh|clip_grid_slow_v0|harsh|rep2|seed20240909,0.6305
moderate,,nan,clip_grid_slow_v0,df2f006726e2518800361f8c1873d94e601345463882dfb2a2425ea64a64c4ab,07b257405f757223,,8863b491313e4697,B0d,16,16,fb2e41a2d7,3,synthetic:grid-v0,ok,moderate|clip_grid_slow_v0|moderate|rep3|seed20240909,6.8512
harsh,,nan,clip_grid_slow_v0,df2f006726e2518800361f8c1873d94e601345463882dfb2a2425ea64a64c4ab,07b257405f757223,,6e21ec72374dd6cc,B1,16,16,fb2e41a2d7,3,synthetic:grid-v0,ok,harsh|clip_grid_slow_v0|harsh|rep3|seed20240909,0.6341
harsh,,nan,clip_grid_slow_v0,df2f006726e2518800361f8c1873d94e601345463882dfb2a2425ea64a64c4ab,07b257405f757223,,aa7067d9adb80486,B1,16,16,fb2e41a2d7,4,synthetic:grid-v0,ok,harsh|clip_grid_slow_v0|harsh|rep4|seed20240909,0.6415
clean,,nan,clip_grid_slow_v0,df2f006726e2518800361f8c1873d94e601345463882dfb2a2425ea64a64c4ab,07b257405f757223,,d9470d579410059f,B2,16,16,fb2e41a2d7,2,synthetic:grid-v0,ok,clean|clip_grid_slow_v0|clean|rep2|seed20240909,0.4408
clean,,nan,clip_grid_slow_v0,df2f006726e2518800361f8c1873d94e601345463882dfb2a2425ea64a64c4ab,07b257405f757223,,9d0436de7bce0e8f,B2,16,16,fb2e41a2d7,3,synthetic:grid-v0,ok,clean|clip_grid_slow_v0|clean|rep3|seed20240909,0.4506
clean,,nan,clip_grid_slow_v0,df2f006726e2518800361f8c1873d94e601345463882dfb2a2425ea64a64c4ab,07b257405f757223,,d1342a2c79af5fec,B2,16,16,fb2e41a2d7,4,synthetic:grid-v0,ok,clean|clip_grid_slow_v0|clean|rep4|seed20240909,0.4716
moderate,,nan,clip_grid_slow_v0,df2f006726e2518800361f8c1873d94e601345463882dfb2a2425ea64a64c4ab,07b257405f757223,,fda7c8cd6ff47f31,B0d,16,16,fb2e41a2d7,4,synthetic:grid-v0,ok,moderate|clip_grid_slow_v0|moderate|rep4|seed20240909,6.8304
mild,,nan,clip_grid_slow_v0,df2f006726e2518800361f8c1873d94e601345463882dfb2a2425ea64a64c4ab,07b257405f757223,,8bede4a85c660ecb,B2,16,16,fb2e41a2d7,0,synthetic:grid-v0,ok,mild|clip_grid_slow_v0|mild|rep0|seed20240909,0.6332
mild,,nan,clip_grid_slow_v0,df2f006726e2518800361f8c1873d94e601345463882dfb2a2425ea64a64c4ab,07b257405f757223,,c149d7111d8127a2,B2,16,16,fb2e41a2d7,1,synthetic:grid-v0,ok,mild|clip_grid_slow_v0|mild|rep1|seed20240909,0.6263
mild,,nan,clip_grid_slow_v0,df2f006726e2518800361f8c1873d94e601345463882dfb2a2425ea64a64c4ab,07b257405f757223,,847ca3fd0df774dc,B2,16,16,fb2e41a2d7,3,synthetic:grid-v0,ok,mild|clip_grid_slow_v0|mild|rep3|seed20240909,0.6047
mild,,nan,clip_grid_slow_v0,df2f006726e2518800361f8c1873d94e601345463882dfb2a2425ea64a64c4ab,07b257405f757223,,892a4280379d2724,B2,16,16,fb2e41a2d7,2,synthetic:grid-v0,ok,mild|clip_grid_slow_v0|mild|rep2|seed20240909,0.6585
mild,,nan,clip_grid_slow_v0,df2f006726e2518800361f8c1873d94e601345463882dfb2a2425ea64a64c4ab,07b257405f757223,,9b3ed8e41a810f20,B2,16,16,fb2e41a2d7,4,synthetic:grid-v0,ok,mild|clip_grid_slow_v0|mild|rep4|seed20240909,0.6159
moderate,,nan,clip_grid_slow_v0,df2f006726e2518800361f8c1873d94e601345463882dfb2a2425ea64a64c4ab,07b257405f757223,,fdb7b62bfb868e2c,B2,16,16,fb2e41a2d7,0,synthetic:grid-v0,ok,moderate|clip_grid_slow_v0|moderate|rep0|seed20240909,0.6857
moderate,,nan,clip_grid_slow_v0,df2f006726e2518800361f8c1873d94e601345463882dfb2a2425ea64a64c4ab,07b257405f757223,,0fe04a7424690009,B2,16,16,fb2e41a2d7,1,synthetic:grid-v0,ok,moderate|clip_grid_slow_v0|moderate|rep1|seed20240909,0.6798
moderate,,nan,clip_grid_slow_v0,df2f006726e2518800361f8c1873d94e601345463882dfb2a2425ea64a64c4ab,07b257405f757223,,bc34a276001e6649,B2,16,16,fb2e41a2d7,2,synthetic:grid-v0,ok,moderate|clip_grid_slow_v0|moderate|rep2|seed20240909,0.6536
bursty,,nan,clip_grid_slow_v0,df2f006726e2518800361f8c1873d94e601345463882dfb2a2425ea64a64c4ab,07b257405f757223,,aa5925382f5f7dec,B0d,16,16,fb2e41a2d7,0,synthetic:grid-v0,ok,bursty|clip_grid_slow_v0|bursty|rep0|seed20240909,6.9685
moderate,,nan,clip_grid_slow_v0,df2f006726e2518800361f8c1873d94e601345463882dfb2a2425ea64a64c4ab,07b257405f757223,,1e92f6311f0a6d7f,B2,16,16,fb2e41a2d7,3,synthetic:grid-v0,ok,moderate|clip_grid_slow_v0|moderate|rep3|seed20240909,0.6366
moderate,,nan,clip_grid_slow_v0,df2f006726e2518800361f8c1873d94e601345463882dfb2a2425ea64a64c4ab,07b257405f757223,,49dff0ba685042d2,B2,16,16,fb2e41a2d7,4,synthetic:grid-v0,ok,moderate|clip_grid_slow_v0|moderate|rep4|seed20240909,0.6587
bursty,,nan,clip_grid_slow_v0,df2f006726e2518800361f8c1873d94e601345463882dfb2a2425ea64a64c4ab,07b257405f757223,,31d3a3a070488010,B2,16,16,fb2e41a2d7,0,synthetic:grid-v0,ok,bursty|clip_grid_slow_v0|bursty|rep0|seed20240909,0.6363
bursty,,nan,clip_grid_slow_v0,df2f006726e2518800361f8c1873d94e601345463882dfb2a2425ea64a64c4ab,07b257405f757223,,a80961e52a348583,B2,16,16,fb2e41a2d7,1,synthetic:grid-v0,ok,bursty|clip_grid_slow_v0|bursty|rep1|seed20240909,0.6313
bursty,,nan,clip_grid_slow_v0,df2f006726e2518800361f8c1873d94e601345463882dfb2a2425ea64a64c4ab,07b257405f757223,,d7eb7edeb2313cf9,B2,16,16,fb2e41a2d7,2,synthetic:grid-v0,ok,bursty|clip_grid_slow_v0|bursty|rep2|seed20240909,0.6042
bursty,,nan,clip_grid_slow_v0,df2f006726e2518800361f8c1873d94e601345463882dfb2a2425ea64a64c4ab,07b257405f757223,,a22e5f711eac4fe2,B2,16,16,fb2e41a2d7,3,synthetic:grid-v0,ok,bursty|clip_grid_slow_v0|bursty|rep3|seed20240909,0.5964
bursty,,nan,clip_grid_slow_v0,df2f006726e2518800361f8c1873d94e601345463882dfb2a2425ea64a64c4ab,07b257405f757223,,5721894a7a48df4e,B2,16,16,fb2e41a2d7,4,synthetic:grid-v0,ok,bursty|clip_grid_slow_v0|bursty|rep4|seed20240909,0.5898
harsh,,nan,clip_grid_slow_v0,df2f006726e2518800361f8c1873d94e601345463882dfb2a2425ea64a64c4ab,07b257405f757223,,775956a0bd56795e,B2,16,16,fb2e41a2d7,0,synthetic:grid-v0,ok,harsh|clip_grid_slow_v0|harsh|rep0|seed20240909,0.6219
harsh,,nan,clip_grid_slow_v0,df2f006726e2518800361f8c1873d94e601345463882dfb2a2425ea64a64c4ab,07b257405f757223,,05e817089c75d076,B2,16,16,fb2e41a2d7,2,synthetic:grid-v0,ok,harsh|clip_grid_slow_v0|harsh|rep2|seed20240909,0.6033
harsh,,nan,clip_grid_slow_v0,df2f006726e2518800361f8c1873d94e601345463882dfb2a2425ea64a64c4ab,07b257405f757223,,8397baa21f20e30c,B2,16,16,fb2e41a2d7,3,synthetic:grid-v0,ok,harsh|clip_grid_slow_v0|harsh|rep3|seed20240909,0.5896
harsh,,nan,clip_grid_slow_v0,df2f006726e2518800361f8c1873d94e601345463882dfb2a2425ea64a64c4ab,07b257405f757223,,0a9ed29ef8d49c81,B2,16,16,fb2e41a2d7,1,synthetic:grid-v0,ok,harsh|clip_grid_slow_v0|harsh|rep1|seed20240909,0.6453
harsh,,nan,clip_grid_slow_v0,df2f006726e2518800361f8c1873d94e601345463882dfb2a2425ea64a64c4ab,07b257405f757223,,f06b51c87a4757ab,B2,16,16,fb2e41a2d7,4,synthetic:grid-v0,ok,harsh|clip_grid_slow_v0|harsh|rep4|seed20240909,0.6271
bursty,,nan,clip_grid_slow_v0,df2f006726e2518800361f8c1873d94e601345463882dfb2a2425ea64a64c4ab,07b257405f757223,,eb3c25a78e2812c8,B0d,16,16,fb2e41a2d7,3,synthetic:grid-v0,ok,bursty|clip_grid_slow_v0|bursty|rep3|seed20240909,6.3774
bursty,,nan,clip_grid_slow_v0,df2f006726e2518800361f8c1873d94e601345463882dfb2a2425ea64a64c4ab,07b257405f757223,,d778fad7b0405355,B0d,16,16,fb2e41a2d7,1,synthetic:grid-v0,ok,bursty|clip_grid_slow_v0|bursty|rep1|seed20240909,6.9482
bursty,,nan,clip_grid_slow_v0,df2f006726e2518800361f8c1873d94e601345463882dfb2a2425ea64a64c4ab,07b257405f757223,,bf195aca487e3467,B0d,16,16,fb2e41a2d7,2,synthetic:grid-v0,ok,bursty|clip_grid_slow_v0|bursty|rep2|seed20240909,6.8507
bursty,,nan,clip_grid_slow_v0,df2f006726e2518800361f8c1873d94e601345463882dfb2a2425ea64a64c4ab,07b257405f757223,,1dfb19ed73f9a59f,B0d,16,16,fb2e41a2d7,4,synthetic:grid-v0,ok,bursty|clip_grid_slow_v0|bursty|rep4|seed20240909,6.8081
clean,,nan,clip_grid_slow_v0,df2f006726e2518800361f8c1873d94e601345463882dfb2a2425ea64a64c4ab,07b257405f757223,,300ce2b608bbacb2,B3,16,16,fb2e41a2d7,0,synthetic:grid-v0,ok,clean|clip_grid_slow_v0|clean|rep0|seed20240909,1.9723
clean,,nan,clip_grid_slow_v0,df2f006726e2518800361f8c1873d94e601345463882dfb2a2425ea64a64c4ab,07b257405f757223,,a3c7a549e7851b16,B3,16,16,fb2e41a2d7,2,synthetic:grid-v0,ok,clean|clip_grid_slow_v0|clean|rep2|seed20240909,1.9171
clean,,nan,clip_grid_slow_v0,df2f006726e2518800361f8c1873d94e601345463882dfb2a2425ea64a64c4ab,07b257405f757223,,52ac51142f1adada,B3,16,16,fb2e41a2d7,3,synthetic:grid-v0,ok,clean|clip_grid_slow_v0|clean|rep3|seed20240909,1.8429
clean,,nan,clip_grid_slow_v0,df2f006726e2518800361f8c1873d94e601345463882dfb2a2425ea64a64c4ab,07b257405f757223,,2a4d1de970d83d36,B3,16,16,fb2e41a2d7,1,synthetic:grid-v0,ok,clean|clip_grid_slow_v0|clean|rep1|seed20240909,2.0008
clean,,nan,clip_grid_slow_v0,df2f006726e2518800361f8c1873d94e601345463882dfb2a2425ea64a64c4ab,07b257405f757223,,2546458c231f748c,B3,16,16,fb2e41a2d7,4,synthetic:grid-v0,ok,clean|clip_grid_slow_v0|clean|rep4|seed20240909,1.9376
mild,,nan,clip_grid_slow_v0,df2f006726e2518800361f8c1873d94e601345463882dfb2a2425ea64a64c4ab,07b257405f757223,,6a7742ca3039819c,B3,16,16,fb2e41a2d7,1,synthetic:grid-v0,ok,mild|clip_grid_slow_v0|mild|rep1|seed20240909,1.965
mild,,nan,clip_grid_slow_v0,df2f006726e2518800361f8c1873d94e601345463882dfb2a2425ea64a64c4ab,07b257405f757223,,c2a44927bbce5dac,B3,16,16,fb2e41a2d7,0,synthetic:grid-v0,ok,mild|clip_grid_slow_v0|mild|rep0|seed20240909,2.06
mild,,nan,clip_grid_slow_v0,df2f006726e2518800361f8c1873d94e601345463882dfb2a2425ea64a64c4ab,07b257405f757223,,02fb3b37f31b75c2,B3,16,16,fb2e41a2d7,2,synthetic:grid-v0,ok,mild|clip_grid_slow_v0|mild|rep2|seed20240909,2.0406
mild,,nan,clip_grid_slow_v0,df2f006726e2518800361f8c1873d94e601345463882dfb2a2425ea64a64c4ab,07b257405f757223,,23525fb44b489cba,B3,16,16,fb2e41a2d7,3,synthetic:grid-v0,ok,mild|clip_grid_slow_v0|mild|rep3|seed20240909,2.0627
mild,,nan,clip_grid_slow_v0,df2f006726e2518800361f8c1873d94e601345463882dfb2a2425ea64a64c4ab,07b257405f757223,,c8e51c0b3e3e1336,B3,16,16,fb2e41a2d7,4,synthetic:grid-v0,ok,mild|clip_grid_slow_v0|mild|rep4|seed20240909,2.054
moderate,,nan,clip_grid_slow_v0,df2f006726e2518800361f8c1873d94e601345463882dfb2a2425ea64a64c4ab,07b257405f757223,,ec8985aacdef14f3,B3,16,16,fb2e41a2d7,1,synthetic:grid-v0,ok,moderate|clip_grid_slow_v0|moderate|rep1|seed20240909,2.3897
moderate,,nan,clip_grid_slow_v0,df2f006726e2518800361f8c1873d94e601345463882dfb2a2425ea64a64c4ab,07b257405f757223,,6e15bef17b22d549,B3,16,16,fb2e41a2d7,0,synthetic:grid-v0,ok,moderate|clip_grid_slow_v0|moderate|rep0|seed20240909,2.523
moderate,,nan,clip_grid_slow_v0,df2f006726e2518800361f8c1873d94e601345463882dfb2a2425ea64a64c4ab,07b257405f757223,,804f77de25388bc3,B3,16,16,fb2e41a2d7,2,synthetic:grid-v0,ok,moderate|clip_grid_slow_v0|moderate|rep2|seed20240909,2.406
moderate,,nan,clip_grid_slow_v0,df2f006726e2518800361f8c1873d94e601345463882dfb2a2425ea64a64c4ab,07b257405f757223,,7a33adc23967d4c1,B3,16,16,fb2e41a2d7,4,synthetic:grid-v0,ok,moderate|clip_grid_slow_v0|moderate|rep4|seed20240909,2.3948
moderate,,nan,clip_grid_slow_v0,df2f006726e2518800361f8c1873d94e601345463882dfb2a2425ea64a64c4ab,07b257405f757223,,2f14b6e34dc882b6,B3,16,16,fb2e41a2d7,3,synthetic:grid-v0,ok,moderate|clip_grid_slow_v0|moderate|rep3|seed20240909,2.444
bursty,,nan,clip_grid_slow_v0,df2f006726e2518800361f8c1873d94e601345463882dfb2a2425ea64a64c4ab,07b257405f757223,,78749f2a8d0839dc,B3,16,16,fb2e41a2d7,0,synthetic:grid-v0,ok,bursty|clip_grid_slow_v0|bursty|rep0|seed20240909,2.5137
harsh,,nan,clip_grid_slow_v0,df2f006726e2518800361f8c1873d94e601345463882dfb2a2425ea64a64c4ab,07b257405f757223,,0e3e070d5157fbe5,B3,16,16,fb2e41a2d7,0,synthetic:grid-v0,ok,harsh|clip_grid_slow_v0|harsh|rep0|seed20240909,1.6219
harsh,,nan,clip_grid_slow_v0,df2f006726e2518800361f8c1873d94e601345463882dfb2a2425ea64a64c4ab,07b257405f757223,,71749600e7bac412,B3,16,16,fb2e41a2d7,2,synthetic:grid-v0,ok,harsh|clip_grid_slow_v0|harsh|rep2|seed20240909,1.5888
harsh,,nan,clip_grid_slow_v0,df2f006726e2518800361f8c1873d94e601345463882dfb2a2425ea64a64c4ab,07b257405f757223,,d6f6bba8879f42c8,B3,16,16,fb2e41a2d7,1,synthetic:grid-v0,ok,harsh|clip_grid_slow_v0|harsh|rep1|seed20240909,1.767
harsh,,nan,clip_grid_slow_v0,df2f006726e2518800361f8c1873d94e601345463882dfb2a2425ea64a64c4ab,07b257405f757223,,d073d5be840a26c0,B3,16,16,fb2e41a2d7,3,synthetic:grid-v0,ok,harsh|clip_grid_slow_v0|harsh|rep3|seed20240909,1.8211
bursty,,nan,clip_grid_slow_v0,df2f006726e2518800361f8c1873d94e601345463882dfb2a2425ea64a64c4ab,07b257405f757223,,e166f81ec0d05e07,B3,16,16,fb2e41a2d7,3,synthetic:grid-v0,ok,bursty|clip_grid_slow_v0|bursty|rep3|seed20240909,2.2312
bursty,,nan,clip_grid_slow_v0,df2f006726e2518800361f8c1873d94e601345463882dfb2a2425ea64a64c4ab,07b257405f757223,,f7badc0099217bf5,B3,16,16,fb2e41a2d7,1,synthetic:grid-v0,ok,bursty|clip_grid_slow_v0|bursty|rep1|seed20240909,2.4372
harsh,,nan,clip_grid_slow_v0,df2f006726e2518800361f8c1873d94e601345463882dfb2a2425ea64a64c4ab,07b257405f757223,,c8ba503f287371fc,B3,16,16,fb2e41a2d7,4,synthetic:grid-v0,ok,harsh|clip_grid_slow_v0|harsh|rep4|seed20240909,1.8324
bursty,,nan,clip_grid_slow_v0,df2f006726e2518800361f8c1873d94e601345463882dfb2a2425ea64a64c4ab,07b257405f757223,,cd0febfcc914de93,B3,16,16,fb2e41a2d7,2,synthetic:grid-v0,ok,bursty|clip_grid_slow_v0|bursty|rep2|seed20240909,2.4664
bursty,,nan,clip_grid_slow_v0,df2f006726e2518800361f8c1873d94e601345463882dfb2a2425ea64a64c4ab,07b257405f757223,,4b903cec5769ea05,B3,16,16,fb2e41a2d7,4,synthetic:grid-v0,ok,bursty|clip_grid_slow_v0|bursty|rep4|seed20240909,2.4338
clean,,nan,clip_grid_slow_v0,df2f006726e2518800361f8c1873d94e601345463882dfb2a2425ea64a64c4ab,07b257405f757223,,1c4eaded820767bb,B4,16,16,fb2e41a2d7,0,synthetic:grid-v0,ok,clean|clip_grid_slow_v0|clean|rep0|seed20240909,4.5573
clean,,nan,clip_grid_slow_v0,df2f006726e2518800361f8c1873d94e601345463882dfb2a2425ea64a64c4ab,07b257405f757223,,f79738346037bf6a,B4,16,16,fb2e41a2d7,1,synthetic:grid-v0,ok,clean|clip_grid_slow_v0|clean|rep1|seed20240909,4.4807
clean,,nan,clip_grid_slow_v0,df2f006726e2518800361f8c1873d94e601345463882dfb2a2425ea64a64c4ab,07b257405f757223,,65e2642cab9aca6c,B4,16,16,fb2e41a2d7,2,synthetic:grid-v0,ok,clean|clip_grid_slow_v0|clean|rep2|seed20240909,4.5528
clean,,nan,clip_grid_slow_v0,df2f006726e2518800361f8c1873d94e601345463882dfb2a2425ea64a64c4ab,07b257405f757223,,a46405037cbd02ff,B4,16,16,fb2e41a2d7,3,synthetic:grid-v0,ok,clean|clip_grid_slow_v0|clean|rep3|seed20240909,4.6437
clean,,nan,clip_grid_slow_v0,df2f006726e2518800361f8c1873d94e601345463882dfb2a2425ea64a64c4ab,07b257405f757223,,036f3762ef67cf35,B4,16,16,fb2e41a2d7,4,synthetic:grid-v0,ok,clean|clip_grid_slow_v0|clean|rep4|seed20240909,4.5778
mild,,nan,clip_grid_slow_v0,df2f006726e2518800361f8c1873d94e601345463882dfb2a2425ea64a64c4ab,07b257405f757223,,ff951fd20b7a8873,B4,16,16,fb2e41a2d7,0,synthetic:grid-v0,ok,mild|clip_grid_slow_v0|mild|rep0|seed20240909,4.8697
mild,,nan,clip_grid_slow_v0,df2f006726e2518800361f8c1873d94e601345463882dfb2a2425ea64a64c4ab,07b257405f757223,,1cf32896bb14eb56,B4,16,16,fb2e41a2d7,1,synthetic:grid-v0,ok,mild|clip_grid_slow_v0|mild|rep1|seed20240909,4.8435
mild,,nan,clip_grid_slow_v0,df2f006726e2518800361f8c1873d94e601345463882dfb2a2425ea64a64c4ab,07b257405f757223,,9592e4701d3c9f78,B4,16,16,fb2e41a2d7,2,synthetic:grid-v0,ok,mild|clip_grid_slow_v0|mild|rep2|seed20240909,4.7843
mild,,nan,clip_grid_slow_v0,df2f006726e2518800361f8c1873d94e601345463882dfb2a2425ea64a64c4ab,07b257405f757223,,56d1405a004c92d6,B4,16,16,fb2e41a2d7,3,synthetic:grid-v0,ok,mild|clip_grid_slow_v0|mild|rep3|seed20240909,4.7149
mild,,nan,clip_grid_slow_v0,df2f006726e2518800361f8c1873d94e601345463882dfb2a2425ea64a64c4ab,07b257405f757223,,69f670af61d658e0,B4,16,16,fb2e41a2d7,4,synthetic:grid-v0,ok,mild|clip_grid_slow_v0|mild|rep4|seed20240909,4.7032
harsh,,nan,clip_grid_slow_v0,df2f006726e2518800361f8c1873d94e601345463882dfb2a2425ea64a64c4ab,07b257405f757223,,0d94a5a3edac7730,B4,16,16,fb2e41a2d7,0,synthetic:grid-v0,ok,harsh|clip_grid_slow_v0|harsh|rep0|seed20240909,2.8098
harsh,,nan,clip_grid_slow_v0,df2f006726e2518800361f8c1873d94e601345463882dfb2a2425ea64a64c4ab,07b257405f757223,,0d675b095a0783df,B4,16,16,fb2e41a2d7,1,synthetic:grid-v0,ok,harsh|clip_grid_slow_v0|harsh|rep1|seed20240909,2.9676
harsh,,nan,clip_grid_slow_v0,df2f006726e2518800361f8c1873d94e601345463882dfb2a2425ea64a64c4ab,07b257405f757223,,d49bf3926db149b9,B4,16,16,fb2e41a2d7,3,synthetic:grid-v0,ok,harsh|clip_grid_slow_v0|harsh|rep3|seed20240909,2.916
harsh,,nan,clip_grid_slow_v0,df2f006726e2518800361f8c1873d94e601345463882dfb2a2425ea64a64c4ab,07b257405f757223,,038dcb7a30f58a3d,B4,16,16,fb2e41a2d7,2,synthetic:grid-v0,ok,harsh|clip_grid_slow_v0|harsh|rep2|seed20240909,2.9689
harsh,,nan,clip_grid_slow_v0,df2f006726e2518800361f8c1873d94e601345463882dfb2a2425ea64a64c4ab,07b257405f757223,,f7b0d69766977edc,B4,16,16,fb2e41a2d7,4,synthetic:grid-v0,ok,harsh|clip_grid_slow_v0|harsh|rep4|seed20240909,2.8238
moderate,,nan,clip_grid_slow_v0,df2f006726e2518800361f8c1873d94e601345463882dfb2a2425ea64a64c4ab,07b257405f757223,,051e63b37444a03a,B4,16,16,fb2e41a2d7,2,synthetic:grid-v0,ok,moderate|clip_grid_slow_v0|moderate|rep2|seed20240909,7.7206
moderate,,nan,clip_grid_slow_v0,df2f006726e2518800361f8c1873d94e601345463882dfb2a2425ea64a64c4ab,07b257405f757223,,393e552930049f2b,B4,16,16,fb2e41a2d7,0,synthetic:grid-v0,ok,moderate|clip_grid_slow_v0|moderate|rep0|seed20240909,7.799
bursty,,nan,clip_grid_slow_v0,df2f006726e2518800361f8c1873d94e601345463882dfb2a2425ea64a64c4ab,07b257405f757223,,d6cf438fb0296972,B4,16,16,fb2e41a2d7,0,synthetic:grid-v0,ok,bursty|clip_grid_slow_v0|bursty|rep0|seed20240909,7.6112
moderate,,nan,clip_grid_slow_v0,df2f006726e2518800361f8c1873d94e601345463882dfb2a2425ea64a64c4ab,07b257405f757223,,7d05faca00b758b8,B4,16,16,fb2e41a2d7,3,synthetic:grid-v0,ok,moderate|clip_grid_slow_v0|moderate|rep3|seed20240909,7.8146
moderate,,nan,clip_grid_slow_v0,df2f006726e2518800361f8c1873d94e601345463882dfb2a2425ea64a64c4ab,07b257405f757223,,e6a8c49ef33950b4,B4,16,16,fb2e41a2d7,4,synthetic:grid-v0,ok,moderate|clip_grid_slow_v0|moderate|rep4|seed20240909,7.784
moderate,,nan,clip_grid_slow_v0,df2f006726e2518800361f8c1873d94e601345463882dfb2a2425ea64a64c4ab,07b257405f757223,,af0c0767faf4a6c5,B4,16,16,fb2e41a2d7,1,synthetic:grid-v0,ok,moderate|clip_grid_slow_v0|moderate|rep1|seed20240909,8.0038
bursty,,nan,clip_grid_slow_v0,df2f006726e2518800361f8c1873d94e601345463882dfb2a2425ea64a64c4ab,07b257405f757223,,d40fced511731de2,B4,16,16,fb2e41a2d7,3,synthetic:grid-v0,ok,bursty|clip_grid_slow_v0|bursty|rep3|seed20240909,7.1143
bursty,,nan,clip_grid_slow_v0,df2f006726e2518800361f8c1873d94e601345463882dfb2a2425ea64a64c4ab,07b257405f757223,,b4663d31169d964e,B4,16,16,fb2e41a2d7,1,synthetic:grid-v0,ok,bursty|clip_grid_slow_v0|bursty|rep1|seed20240909,7.7343
bursty,,nan,clip_grid_slow_v0,df2f006726e2518800361f8c1873d94e601345463882dfb2a2425ea64a64c4ab,07b257405f757223,,6f78bce364fa3048,B4,16,16,fb2e41a2d7,2,synthetic:grid-v0,ok,bursty|clip_grid_slow_v0|bursty|rep2|seed20240909,7.7568
bursty,,nan,clip_grid_slow_v0,df2f006726e2518800361f8c1873d94e601345463882dfb2a2425ea64a64c4ab,07b257405f757223,,8994b2e81360cb61,B4,16,16,fb2e41a2d7,4,synthetic:grid-v0,ok,bursty|clip_grid_slow_v0|bursty|rep4|seed20240909,7.6267
clean,,nan,clip_grid_slow_v0,df2f006726e2518800361f8c1873d94e601345463882dfb2a2425ea64a64c4ab,07b257405f757223,,69a39a8d351fb8d1,P,16,16,8da29d3843,0,synthetic:grid-v0,ok,clean|clip_grid_slow_v0|clean|rep0|seed20240909,7.5455
clean,,nan,clip_grid_slow_v0,df2f006726e2518800361f8c1873d94e601345463882dfb2a2425ea64a64c4ab,07b257405f757223,,0bf531e9e3d6d538,P,16,16,8da29d3843,1,synthetic:grid-v0,ok,clean|clip_grid_slow_v0|clean|rep1|seed20240909,7.916
clean,,nan,clip_grid_slow_v0,df2f006726e2518800361f8c1873d94e601345463882dfb2a2425ea64a64c4ab,07b257405f757223,,6204cfd403bbf916,P,16,16,8da29d3843,2,synthetic:grid-v0,ok,clean|clip_grid_slow_v0|clean|rep2|seed20240909,7.8708
clean,,nan,clip_grid_slow_v0,df2f006726e2518800361f8c1873d94e601345463882dfb2a2425ea64a64c4ab,07b257405f757223,,9f68d532933c7571,P,16,16,8da29d3843,4,synthetic:grid-v0,ok,clean|clip_grid_slow_v0|clean|rep4|seed20240909,7.8894
clean,,nan,clip_grid_slow_v0,df2f006726e2518800361f8c1873d94e601345463882dfb2a2425ea64a64c4ab,07b257405f757223,,b8c0dc0632874bcf,P,16,16,8da29d3843,3,synthetic:grid-v0,ok,clean|clip_grid_slow_v0|clean|rep3|seed20240909,7.9433
mild,,nan,clip_grid_slow_v0,df2f006726e2518800361f8c1873d94e601345463882dfb2a2425ea64a64c4ab,07b257405f757223,,bbe3f88b89d5405b,P,16,16,8da29d3843,0,synthetic:grid-v0,ok,mild|clip_grid_slow_v0|mild|rep0|seed20240909,8.4324
mild,,nan,clip_grid_slow_v0,df2f006726e2518800361f8c1873d94e601345463882dfb2a2425ea64a64c4ab,07b257405f757223,,8e3874c29c9e65d4,P,16,16,8da29d3843,3,synthetic:grid-v0,ok,mild|clip_grid_slow_v0|mild|rep3|seed20240909,8.4279
mild,,nan,clip_grid_slow_v0,df2f006726e2518800361f8c1873d94e601345463882dfb2a2425ea64a64c4ab,07b257405f757223,,a2bd160af94b4ed8,P,16,16,8da29d3843,2,synthetic:grid-v0,ok,mild|clip_grid_slow_v0|mild|rep2|seed20240909,8.5719
mild,,nan,clip_grid_slow_v0,df2f006726e2518800361f8c1873d94e601345463882dfb2a2425ea64a64c4ab,07b257405f757223,,6a1fad9dcb5bbbb0,P,16,16,8da29d3843,1,synthetic:grid-v0,ok,mild|clip_grid_slow_v0|mild|rep1|seed20240909,8.6127
mild,,nan,clip_grid_slow_v0,df2f006726e2518800361f8c1873d94e601345463882dfb2a2425ea64a64c4ab,07b257405f757223,,ba0b949fdcd025fe,P,16,16,8da29d3843,4,synthetic:grid-v0,ok,mild|clip_grid_slow_v0|mild|rep4|seed20240909,8.4742
clean,,nan,clip_grid_fast_v6,513daecc81f466207419ba7516e3c46b9af9cd6e8e65751eaa7b6e6914197bce,07b257405f757223,,23edeba30c22277b,B0a,16,16,fb2e41a2d7,0,synthetic:grid-v6,ok,clean|clip_grid_fast_v6|clean|rep0|seed20240909,0.4356
clean,,nan,clip_grid_fast_v6,513daecc81f466207419ba7516e3c46b9af9cd6e8e65751eaa7b6e6914197bce,07b257405f757223,,cfc5410c4ce57ea4,B0a,16,16,fb2e41a2d7,1,synthetic:grid-v6,ok,clean|clip_grid_fast_v6|clean|rep1|seed20240909,0.4295
clean,,nan,clip_grid_fast_v6,513daecc81f466207419ba7516e3c46b9af9cd6e8e65751eaa7b6e6914197bce,07b257405f757223,,bc3c959d97f5f0b5,B0a,16,16,fb2e41a2d7,2,synthetic:grid-v6,ok,clean|clip_grid_fast_v6|clean|rep2|seed20240909,0.4906
clean,,nan,clip_grid_fast_v6,513daecc81f466207419ba7516e3c46b9af9cd6e8e65751eaa7b6e6914197bce,07b257405f757223,,5e90998687b029d0,B0a,16,16,fb2e41a2d7,3,synthetic:grid-v6,ok,clean|clip_grid_fast_v6|clean|rep3|seed20240909,0.4905
clean,,nan,clip_grid_fast_v6,513daecc81f466207419ba7516e3c46b9af9cd6e8e65751eaa7b6e6914197bce,07b257405f757223,,492db08b14c1ae76,B0a,16,16,fb2e41a2d7,4,synthetic:grid-v6,ok,clean|clip_grid_fast_v6|clean|rep4|seed20240909,0.4679
mild,,nan,clip_grid_fast_v6,513daecc81f466207419ba7516e3c46b9af9cd6e8e65751eaa7b6e6914197bce,07b257405f757223,,8bbd810316d43aff,B0a,16,16,fb2e41a2d7,0,synthetic:grid-v6,ok,mild|clip_grid_fast_v6|mild|rep0|seed20240909,0.5907
mild,,nan,clip_grid_fast_v6,513daecc81f466207419ba7516e3c46b9af9cd6e8e65751eaa7b6e6914197bce,07b257405f757223,,b37df5d2183d04bd,B0a,16,16,fb2e41a2d7,1,synthetic:grid-v6,ok,mild|clip_grid_fast_v6|mild|rep1|seed20240909,0.6461
harsh,,nan,clip_grid_slow_v0,df2f006726e2518800361f8c1873d94e601345463882dfb2a2425ea64a64c4ab,07b257405f757223,,468a0f172bbd6e2d,P,16,16,8da29d3843,0,synthetic:grid-v0,ok,harsh|clip_grid_slow_v0|harsh|rep0|seed20240909,5.0478
mild,,nan,clip_grid_fast_v6,513daecc81f466207419ba7516e3c46b9af9cd6e8e65751eaa7b6e6914197bce,07b257405f757223,,270ef2cd30c6929d,B0a,16,16,fb2e41a2d7,2,synthetic:grid-v6,ok,mild|clip_grid_fast_v6|mild|rep2|seed20240909,0.6692
harsh,,nan,clip_grid_slow_v0,df2f006726e2518800361f8c1873d94e601345463882dfb2a2425ea64a64c4ab,07b257405f757223,,14a4d49c9c9056de,P,16,16,8da29d3843,1,synthetic:grid-v0,ok,harsh|clip_grid_slow_v0|harsh|rep1|seed20240909,5.1511
mild,,nan,clip_grid_fast_v6,513daecc81f466207419ba7516e3c46b9af9cd6e8e65751eaa7b6e6914197bce,07b257405f757223,,a1a765c9c1332234,B0a,16,16,fb2e41a2d7,3,synthetic:grid-v6,ok,mild|clip_grid_fast_v6|mild|rep3|seed20240909,0.6255
mild,,nan,clip_grid_fast_v6,513daecc81f466207419ba7516e3c46b9af9cd6e8e65751eaa7b6e6914197bce,07b257405f757223,,ab86f78bcab4d5c2,B0a,16,16,fb2e41a2d7,4,synthetic:grid-v6,ok,mild|clip_grid_fast_v6|mild|rep4|seed20240909,0.5991
harsh,,nan,clip_grid_slow_v0,df2f006726e2518800361f8c1873d94e601345463882dfb2a2425ea64a64c4ab,07b257405f757223,,f049081cc29c2530,P,16,16,8da29d3843,4,synthetic:grid-v0,ok,harsh|clip_grid_slow_v0|harsh|rep4|seed20240909,5.0658
moderate,,nan,clip_grid_fast_v6,513daecc81f466207419ba7516e3c46b9af9cd6e8e65751eaa7b6e6914197bce,07b257405f757223,,0a774686f374cbb2,B0a,16,16,fb2e41a2d7,0,synthetic:grid-v6,ok,moderate|clip_grid_fast_v6|moderate|rep0|seed20240909,0.6521
harsh,,nan,clip_grid_slow_v0,df2f006726e2518800361f8c1873d94e601345463882dfb2a2425ea64a64c4ab,07b257405f757223,,6b3b7bf05b7dcb63,P,16,16,8da29d3843,2,synthetic:grid-v0,ok,harsh|clip_grid_slow_v0|harsh|rep2|seed20240909,5.2489
moderate,,nan,clip_grid_fast_v6,513daecc81f466207419ba7516e3c46b9af9cd6e8e65751eaa7b6e6914197bce,07b257405f757223,,adb1ab48a73b44e9,B0a,16,16,fb2e41a2d7,1,synthetic:grid-v6,ok,moderate|clip_grid_fast_v6|moderate|rep1|seed20240909,0.6806
harsh,,nan,clip_grid_slow_v0,df2f006726e2518800361f8c1873d94e601345463882dfb2a2425ea64a64c4ab,07b257405f757223,,d67991e78a0ecbaf,P,16,16,8da29d3843,3,synthetic:grid-v0,ok,harsh|clip_grid_slow_v0|harsh|rep3|seed20240909,5.186
moderate,,nan,clip_grid_fast_v6,513daecc81f466207419ba7516e3c46b9af9cd6e8e65751eaa7b6e6914197bce,07b257405f757223,,ea08a7a4444c7329,B0a,16,16,fb2e41a2d7,2,synthetic:grid-v6,ok,moderate|clip_grid_fast_v6|moderate|rep2|seed20240909,0.6744
moderate,,nan,clip_grid_fast_v6,513daecc81f466207419ba7516e3c46b9af9cd6e8e65751eaa7b6e6914197bce,07b257405f757223,,efb8455c4abb6109,B0a,16,16,fb2e41a2d7,3,synthetic:grid-v6,ok,moderate|clip_grid_fast_v6|moderate|rep3|seed20240909,0.6984
bursty,,nan,clip_grid_fast_v6,513daecc81f466207419ba7516e3c46b9af9cd6e8e65751eaa7b6e6914197bce,07b257405f757223,,4faaea56376f0dd1,B0a,16,16,fb2e41a2d7,0,synthetic:grid-v6,ok,bursty|clip_grid_fast_v6|bursty|rep0|seed20240909,0.6589
moderate,,nan,clip_grid_fast_v6,513daecc81f466207419ba7516e3c46b9af9cd6e8e65751eaa7b6e6914197bce,07b257405f757223,,aa4a44e0763b4eb4,B0a,16,16,fb2e41a2d7,4,synthetic:grid-v6,ok,moderate|clip_grid_fast_v6|moderate|rep4|seed20240909,0.679
bursty,,nan,clip_grid_fast_v6,513daecc81f466207419ba7516e3c46b9af9cd6e8e65751eaa7b6e6914197bce,07b257405f757223,,aab8cbea5c5ae854,B0a,16,16,fb2e41a2d7,1,synthetic:grid-v6,ok,bursty|clip_grid_fast_v6|bursty|rep1|seed20240909,0.6491
bursty,,nan,clip_grid_fast_v6,513daecc81f466207419ba7516e3c46b9af9cd6e8e65751eaa7b6e6914197bce,07b257405f757223,,5158347df0fe2702,B0a,16,16,fb2e41a2d7,2,synthetic:grid-v6,ok,bursty|clip_grid_fast_v6|bursty|rep2|seed20240909,0.6522
bursty,,nan,clip_grid_fast_v6,513daecc81f466207419ba7516e3c46b9af9cd6e8e65751eaa7b6e6914197bce,07b257405f757223,,feec1b7452fbacdd,B0a,16,16,fb2e41a2d7,3,synthetic:grid-v6,ok,bursty|clip_grid_fast_v6|bursty|rep3|seed20240909,0.7023
bursty,,nan,clip_grid_fast_v6,513daecc81f466207419ba7516e3c46b9af9cd6e8e65751eaa7b6e6914197bce,07b257405f757223,,53fb0c2d2bf24ee4,B0a,16,16,fb2e41a2d7,4,synthetic:grid-v6,ok,bursty|clip_grid_fast_v6|bursty|rep4|seed20240909,0.6388
harsh,,nan,clip_grid_fast_v6,513daecc81f466207419ba7516e3c46b9af9cd6e8e65751eaa7b6e6914197bce,07b257405f757223,,e82d4585d6aae3ca,B0a,16,16,fb2e41a2d7,1,synthetic:grid-v6,ok,harsh|clip_grid_fast_v6|harsh|rep1|seed20240909,0.6649
harsh,,nan,clip_grid_fast_v6,513daecc81f466207419ba7516e3c46b9af9cd6e8e65751eaa7b6e6914197bce,07b257405f757223,,be924b7cd8fd934d,B0a,16,16,fb2e41a2d7,0,synthetic:grid-v6,ok,harsh|clip_grid_fast_v6|harsh|rep0|seed20240909,0.7031
harsh,,nan,clip_grid_fast_v6,513daecc81f466207419ba7516e3c46b9af9cd6e8e65751eaa7b6e6914197bce,07b257405f757223,,bba60551c827c8e2,B0a,16,16,fb2e41a2d7,2,synthetic:grid-v6,ok,harsh|clip_grid_fast_v6|harsh|rep2|seed20240909,0.6762
harsh,,nan,clip_grid_fast_v6,513daecc81f466207419ba7516e3c46b9af9cd6e8e65751eaa7b6e6914197bce,07b257405f757223,,6acc1f0eb9164022,B0a,16,16,fb2e41a2d7,3,synthetic:grid-v6,ok,harsh|clip_grid_fast_v6|harsh|rep3|seed20240909,0.7156
harsh,,nan,clip_grid_fast_v6,513daecc81f466207419ba7516e3c46b9af9cd6e8e65751eaa7b6e6914197bce,07b257405f757223,,58afc2e846a1478e,B0a,16,16,fb2e41a2d7,4,synthetic:grid-v6,ok,harsh|clip_grid_fast_v6|harsh|rep4|seed20240909,0.6637
moderate,,nan,clip_grid_slow_v0,df2f006726e2518800361f8c1873d94e601345463882dfb2a2425ea64a64c4ab,07b257405f757223,,821b323130982f6b,P,16,16,8da29d3843,0,synthetic:grid-v0,ok,moderate|clip_grid_slow_v0|moderate|rep0|seed20240909,15.4208
moderate,,nan,clip_grid_slow_v0,df2f006726e2518800361f8c1873d94e601345463882dfb2a2425ea64a64c4ab,07b257405f757223,,65d9c670129de376,P,16,16,8da29d3843,1,synthetic:grid-v0,ok,moderate|clip_grid_slow_v0|moderate|rep1|seed20240909,15.8956
clean,,nan,clip_grid_fast_v6,513daecc81f466207419ba7516e3c46b9af9cd6e8e65751eaa7b6e6914197bce,07b257405f757223,,3ae56b67de89ea0b,B0a-R,16,16,fb2e41a2d7,0,synthetic:grid-v6,ok,clean|clip_grid_fast_v6|clean|rep0|seed20240909,1.1901
clean,,nan,clip_grid_fast_v6,513daecc81f466207419ba7516e3c46b9af9cd6e8e65751eaa7b6e6914197bce,07b257405f757223,,39dea5eaa4eeaeff,B0a-R,16,16,fb2e41a2d7,1,synthetic:grid-v6,ok,clean|clip_grid_fast_v6|clean|rep1|seed20240909,1.1969
clean,,nan,clip_grid_fast_v6,513daecc81f466207419ba7516e3c46b9af9cd6e8e65751eaa7b6e6914197bce,07b257405f757223,,765fb5c5a1729ac0,B0a-R,16,16,fb2e41a2d7,3,synthetic:grid-v6,ok,clean|clip_grid_fast_v6|clean|rep3|seed20240909,1.237
clean,,nan,clip_grid_fast_v6,513daecc81f466207419ba7516e3c46b9af9cd6e8e65751eaa7b6e6914197bce,07b257405f757223,,33f6d9b902b7a3b7,B0a-R,16,16,fb2e41a2d7,2,synthetic:grid-v6,ok,clean|clip_grid_fast_v6|clean|rep2|seed20240909,1.2884
clean,,nan,clip_grid_fast_v6,513daecc81f466207419ba7516e3c46b9af9cd6e8e65751eaa7b6e6914197bce,07b257405f757223,,22225f2c1487015a,B0a-R,16,16,fb2e41a2d7,4,synthetic:grid-v6,ok,clean|clip_grid_fast_v6|clean|rep4|seed20240909,1.27
mild,,nan,clip_grid_fast_v6,513daecc81f466207419ba7516e3c46b9af9cd6e8e65751eaa7b6e6914197bce,07b257405f757223,,2b8b552271be5b77,B0a-R,16,16,fb2e41a2d7,0,synthetic:grid-v6,ok,mild|clip_grid_fast_v6|mild|rep0|seed20240909,1.6905
mild,,nan,clip_grid_fast_v6,513daecc81f466207419ba7516e3c46b9af9cd6e8e65751eaa7b6e6914197bce,07b257405f757223,,74cb883ebe8ade12,B0a-R,16,16,fb2e41a2d7,1,synthetic:grid-v6,ok,mild|clip_grid_fast_v6|mild|rep1|seed20240909,1.7793
mild,,nan,clip_grid_fast_v6,513daecc81f466207419ba7516e3c46b9af9cd6e8e65751eaa7b6e6914197bce,07b257405f757223,,6d62a713f066b2c6,B0a-R,16,16,fb2e41a2d7,2,synthetic:grid-v6,ok,mild|clip_grid_fast_v6|mild|rep2|seed20240909,1.8256
mild,,nan,clip_grid_fast_v6,513daecc81f466207419ba7516e3c46b9af9cd6e8e65751eaa7b6e6914197bce,07b257405f757223,,b21f923aa5e4a157,B0a-R,16,16,fb2e41a2d7,3,synthetic:grid-v6,ok,mild|clip_grid_fast_v6|mild|rep3|seed20240909,1.8027
mild,,nan,clip_grid_fast_v6,513daecc81f466207419ba7516e3c46b9af9cd6e8e65751eaa7b6e6914197bce,07b257405f757223,,c2d9e3d0bcfd6058,B0a-R,16,16,fb2e41a2d7,4,synthetic:grid-v6,ok,mild|clip_grid_fast_v6|mild|rep4|seed20240909,1.7901
moderate,,nan,clip_grid_fast_v6,513daecc81f466207419ba7516e3c46b9af9cd6e8e65751eaa7b6e6914197bce,07b257405f757223,,7b25024e527028ae,B0a-R,16,16,fb2e41a2d7,1,synthetic:grid-v6,ok,moderate|clip_grid_fast_v6|moderate|rep1|seed20240909,1.8802
moderate,,nan,clip_grid_fast_v6,513daecc81f466207419ba7516e3c46b9af9cd6e8e65751eaa7b6e6914197bce,07b257405f757223,,1214097d1ed50955,B0a-R,16,16,fb2e41a2d7,0,synthetic:grid-v6,ok,moderate|clip_grid_fast_v6|moderate|rep0|seed20240909,1.9667
moderate,,nan,clip_grid_fast_v6,513daecc81f466207419ba7516e3c46b9af9cd6e8e65751eaa7b6e6914197bce,07b257405f757223,,7f8647442d463512,B0a-R,16,16,fb2e41a2d7,2,synthetic:grid-v6,ok,moderate|clip_grid_fast_v6|moderate|rep2|seed20240909,1.9248
moderate,,nan,clip_grid_slow_v0,df2f006726e2518800361f8c1873d94e601345463882dfb2a2425ea64a64c4ab,07b257405f757223,,dbbc866682850b90,P,16,16,8da29d3843,3,synthetic:grid-v0,ok,moderate|clip_grid_slow_v0|moderate|rep3|seed20240909,15.9029
moderate,,nan,clip_grid_slow_v0,df2f006726e2518800361f8c1873d94e601345463882dfb2a2425ea64a64c4ab,07b257405f757223,,871c5c8f25b735e4,P,16,16,8da29d3843,2,synthetic:grid-v0,ok,moderate|clip_grid_slow_v0|moderate|rep2|seed20240909,16.2175
moderate,,nan,clip_grid_slow_v0,df2f006726e2518800361f8c1873d94e601345463882dfb2a2425ea64a64c4ab,07b257405f757223,,beef4c87709ff0ef,P,16,16,8da29d3843,4,synthetic:grid-v0,ok,moderate|clip_grid_slow_v0|moderate|rep4|seed20240909,15.9329
moderate,,nan,clip_grid_fast_v6,513daecc81f466207419ba7516e3c46b9af9cd6e8e65751eaa7b6e6914197bce,07b257405f757223,,fb00a3bf699bb14d,B0a-R,16,16,fb2e41a2d7,3,synthetic:grid-v6,ok,moderate|clip_grid_fast_v6|moderate|rep3|seed20240909,1.9318
moderate,,nan,clip_grid_fast_v6,513daecc81f466207419ba7516e3c46b9af9cd6e8e65751eaa7b6e6914197bce,07b257405f757223,,5051e57bd4afb768,B0a-R,16,16,fb2e41a2d7,4,synthetic:grid-v6,ok,moderate|clip_grid_fast_v6|moderate|rep4|seed20240909,1.9284
clean,,nan,clip_grid_fast_v6,513daecc81f466207419ba7516e3c46b9af9cd6e8e65751eaa7b6e6914197bce,07b257405f757223,"frame 0 needs 4 rasters, the profile allows 3; lower the quality/resolution or raise the capacity",47e62381f8c5c316,B0d,16,0,fb2e41a2d7,0,synthetic:grid-v6,capacity,clean|clip_grid_fast_v6|clean|rep0|seed20240909,0.0172
clean,,nan,clip_grid_fast_v6,513daecc81f466207419ba7516e3c46b9af9cd6e8e65751eaa7b6e6914197bce,07b257405f757223,"frame 0 needs 4 rasters, the profile allows 3; lower the quality/resolution or raise the capacity",401684b3c3e52159,B0d,16,0,fb2e41a2d7,1,synthetic:grid-v6,capacity,clean|clip_grid_fast_v6|clean|rep1|seed20240909,0.0179
clean,,nan,clip_grid_fast_v6,513daecc81f466207419ba7516e3c46b9af9cd6e8e65751eaa7b6e6914197bce,07b257405f757223,"frame 0 needs 4 rasters, the profile allows 3; lower the quality/resolution or raise the capacity",b9bc968e79c73132,B0d,16,0,fb2e41a2d7,2,synthetic:grid-v6,capacity,clean|clip_grid_fast_v6|clean|rep2|seed20240909,0.0206
clean,,nan,clip_grid_fast_v6,513daecc81f466207419ba7516e3c46b9af9cd6e8e65751eaa7b6e6914197bce,07b257405f757223,"frame 0 needs 4 rasters, the profile allows 3; lower the quality/resolution or raise the capacity",59bcf5c74a215bf8,B0d,16,0,fb2e41a2d7,3,synthetic:grid-v6,capacity,clean|clip_grid_fast_v6|clean|rep3|seed20240909,0.0208
bursty,,nan,clip_grid_slow_v0,df2f006726e2518800361f8c1873d94e601345463882dfb2a2425ea64a64c4ab,07b257405f757223,,d0eaf7563f73b557,P,16,16,8da29d3843,0,synthetic:grid-v0,ok,bursty|clip_grid_slow_v0|bursty|rep0|seed20240909,16.1043
clean,,nan,clip_grid_fast_v6,513daecc81f466207419ba7516e3c46b9af9cd6e8e65751eaa7b6e6914197bce,07b257405f757223,"frame 0 needs 4 rasters, the profile allows 3; lower the quality/resolution or raise the capacity",7e4ef721aa5dba73,B0d,16,0,fb2e41a2d7,4,synthetic:grid-v6,capacity,clean|clip_grid_fast_v6|clean|rep4|seed20240909,0.0167
mild,,nan,clip_grid_fast_v6,513daecc81f466207419ba7516e3c46b9af9cd6e8e65751eaa7b6e6914197bce,07b257405f757223,"frame 0 needs 4 rasters, the profile allows 3; lower the quality/resolution or raise the capacity",424839a0e3f4ae31,B0d,16,0,fb2e41a2d7,0,synthetic:grid-v6,capacity,mild|clip_grid_fast_v6|mild|rep0|seed20240909,0.0196
mild,,nan,clip_grid_fast_v6,513daecc81f466207419ba7516e3c46b9af9cd6e8e65751eaa7b6e6914197bce,07b257405f757223,"frame 0 needs 4 rasters, the profile allows 3; lower the quality/resolution or raise the capacity",734456b9e1b47210,B0d,16,0,fb2e41a2d7,1,synthetic:grid-v6,capacity,mild|clip_grid_fast_v6|mild|rep1|seed20240909,0.0146
mild,,nan,clip_grid_fast_v6,513daecc81f466207419ba7516e3c46b9af9cd6e8e65751eaa7b6e6914197bce,07b257405f757223,"frame 0 needs 4 rasters, the profile allows 3; lower the quality/resolution or raise the capacity",50be1843d3c25006,B0d,16,0,fb2e41a2d7,2,synthetic:grid-v6,capacity,mild|clip_grid_fast_v6|mild|rep2|seed20240909,0.0202
mild,,nan,clip_grid_fast_v6,513daecc81f466207419ba7516e3c46b9af9cd6e8e65751eaa7b6e6914197bce,07b257405f757223,"frame 0 needs 4 rasters, the profile allows 3; lower the quality/resolution or raise the capacity",b69e3756271de77e,B0d,16,0,fb2e41a2d7,3,synthetic:grid-v6,capacity,mild|clip_grid_fast_v6|mild|rep3|seed20240909,0.0176
mild,,nan,clip_grid_fast_v6,513daecc81f466207419ba7516e3c46b9af9cd6e8e65751eaa7b6e6914197bce,07b257405f757223,"frame 0 needs 4 rasters, the profile allows 3; lower the quality/resolution or raise the capacity",aee80634fa878dc5,B0d,16,0,fb2e41a2d7,4,synthetic:grid-v6,capacity,mild|clip_grid_fast_v6|mild|rep4|seed20240909,0.02
moderate,,nan,clip_grid_fast_v6,513daecc81f466207419ba7516e3c46b9af9cd6e8e65751eaa7b6e6914197bce,07b257405f757223,"frame 0 needs 4 rasters, the profile allows 3; lower the quality/resolution or raise the capacity",a2e56e302a56fee0,B0d,16,0,fb2e41a2d7,0,synthetic:grid-v6,capacity,moderate|clip_grid_fast_v6|moderate|rep0|seed20240909,0.018
moderate,,nan,clip_grid_fast_v6,513daecc81f466207419ba7516e3c46b9af9cd6e8e65751eaa7b6e6914197bce,07b257405f757223,"frame 0 needs 4 rasters, the profile allows 3; lower the quality/resolution or raise the capacity",6622d5981830873f,B0d,16,0,fb2e41a2d7,1,synthetic:grid-v6,capacity,moderate|clip_grid_fast_v6|moderate|rep1|seed20240909,0.019
moderate,,nan,clip_grid_fast_v6,513daecc81f466207419ba7516e3c46b9af9cd6e8e65751eaa7b6e6914197bce,07b257405f757223,"frame 0 needs 4 rasters, the profile allows 3; lower the quality/resolution or raise the capacity",9de6ff6ad905d47b,B0d,16,0,fb2e41a2d7,2,synthetic:grid-v6,capacity,moderate|clip_grid_fast_v6|moderate|rep2|seed20240909,0.0188
moderate,,nan,clip_grid_fast_v6,513daecc81f466207419ba7516e3c46b9af9cd6e8e65751eaa7b6e6914197bce,07b257405f757223,"frame 0 needs 4 rasters, the profile allows 3; lower the quality/resolution or raise the capacity",9667c80ec2ad3bce,B0d,16,0,fb2e41a2d7,3,synthetic:grid-v6,capacity,moderate|clip_grid_fast_v6|moderate|rep3|seed20240909,0.0201
moderate,,nan,clip_grid_fast_v6,513daecc81f466207419ba7516e3c46b9af9cd6e8e65751eaa7b6e6914197bce,07b257405f757223,"frame 0 needs 4 rasters, the profile allows 3; lower the quality/resolution or raise the capacity",c738eb7fbbde83c1,B0d,16,0,fb2e41a2d7,4,synthetic:grid-v6,capacity,moderate|clip_grid_fast_v6|moderate|rep4|seed20240909,0.0197
bursty,,nan,clip_grid_fast_v6,513daecc81f466207419ba7516e3c46b9af9cd6e8e65751eaa7b6e6914197bce,07b257405f757223,"frame 0 needs 4 rasters, the profile allows 3; lower the quality/resolution or raise the capacity",0483abd671910475,B0d,16,0,fb2e41a2d7,0,synthetic:grid-v6,capacity,bursty|clip_grid_fast_v6|bursty|rep0|seed20240909,0.0184
bursty,,nan,clip_grid_fast_v6,513daecc81f466207419ba7516e3c46b9af9cd6e8e65751eaa7b6e6914197bce,07b257405f757223,"frame 0 needs 4 rasters, the profile allows 3; lower the quality/resolution or raise the capacity",69db925a55f8374c,B0d,16,0,fb2e41a2d7,1,synthetic:grid-v6,capacity,bursty|clip_grid_fast_v6|bursty|rep1|seed20240909,0.0194
bursty,,nan,clip_grid_fast_v6,513daecc81f466207419ba7516e3c46b9af9cd6e8e65751eaa7b6e6914197bce,07b257405f757223,"frame 0 needs 4 rasters, the profile allows 3; lower the quality/resolution or raise the capacity",5b6ea33050ee98e8,B0d,16,0,fb2e41a2d7,2,synthetic:grid-v6,capacity,bursty|clip_grid_fast_v6|bursty|rep2|seed20240909,0.0185
bursty,,nan,clip_grid_fast_v6,513daecc81f466207419ba7516e3c46b9af9cd6e8e65751eaa7b6e6914197bce,07b257405f757223,"frame 0 needs 4 rasters, the profile allows 3; lower the quality/resolution or raise the capacity",d8664cd64bdafb6e,B0d,16,0,fb2e41a2d7,3,synthetic:grid-v6,capacity,bursty|clip_grid_fast_v6|bursty|rep3|seed20240909,0.0206
bursty,,nan,clip_grid_fast_v6,513daecc81f466207419ba7516e3c46b9af9cd6e8e65751eaa7b6e6914197bce,07b257405f757223,"frame 0 needs 4 rasters, the profile allows 3; lower the quality/resolution or raise the capacity",9df184a8f731223f,B0d,16,0,fb2e41a2d7,4,synthetic:grid-v6,capacity,bursty|clip_grid_fast_v6|bursty|rep4|seed20240909,0.0201
harsh,,nan,clip_grid_fast_v6,513daecc81f466207419ba7516e3c46b9af9cd6e8e65751eaa7b6e6914197bce,07b257405f757223,"frame 0 needs 4 rasters, the profile allows 3; lower the quality/resolution or raise the capacity",90776835ec5f296e,B0d,16,0,fb2e41a2d7,0,synthetic:grid-v6,capacity,harsh|clip_grid_fast_v6|harsh|rep0|seed20240909,0.0197
harsh,,nan,clip_grid_fast_v6,513daecc81f466207419ba7516e3c46b9af9cd6e8e65751eaa7b6e6914197bce,07b257405f757223,"frame 0 needs 4 rasters, the profile allows 3; lower the quality/resolution or raise the capacity",1d05c79abd32e6b9,B0d,16,0,fb2e41a2d7,1,synthetic:grid-v6,capacity,harsh|clip_grid_fast_v6|harsh|rep1|seed20240909,0.0209
harsh,,nan,clip_grid_fast_v6,513daecc81f466207419ba7516e3c46b9af9cd6e8e65751eaa7b6e6914197bce,07b257405f757223,"frame 0 needs 4 rasters, the profile allows 3; lower the quality/resolution or raise the capacity",76ff5ab940581f05,B0d,16,0,fb2e41a2d7,2,synthetic:grid-v6,capacity,harsh|clip_grid_fast_v6|harsh|rep2|seed20240909,0.0192
harsh,,nan,clip_grid_fast_v6,513daecc81f466207419ba7516e3c46b9af9cd6e8e65751eaa7b6e6914197bce,07b257405f757223,"frame 0 needs 4 rasters, the profile allows 3; lower the quality/resolution or raise the capacity",ce196ddf38db48d5,B0d,16,0,fb2e41a2d7,3,synthetic:grid-v6,capacity,harsh|clip_grid_fast_v6|harsh|rep3|seed20240909,0.0215
harsh,,nan,clip_grid_fast_v6,513daecc81f466207419ba7516e3c46b9af9cd6e8e65751eaa7b6e6914197bce,07b257405f757223,"frame 0 needs 4 rasters, the profile allows 3; lower the quality/resolution or raise the capacity",47f4b044b810074a,B0d,16,0,fb2e41a2d7,4,synthetic:grid-v6,capacity,harsh|clip_grid_fast_v6|harsh|rep4|seed20240909,0.0174
bursty,,nan,clip_grid_fast_v6,513daecc81f466207419ba7516e3c46b9af9cd6e8e65751eaa7b6e6914197bce,07b257405f757223,,72663888c1762bfa,B0a-R,16,16,fb2e41a2d7,0,synthetic:grid-v6,ok,bursty|clip_grid_fast_v6|bursty|rep0|seed20240909,1.8184
bursty,,nan,clip_grid_fast_v6,513daecc81f466207419ba7516e3c46b9af9cd6e8e65751eaa7b6e6914197bce,07b257405f757223,,0b5e89970806e346,B0a-R,16,16,fb2e41a2d7,2,synthetic:grid-v6,ok,bursty|clip_grid_fast_v6|bursty|rep2|seed20240909,1.7725
bursty,,nan,clip_grid_fast_v6,513daecc81f466207419ba7516e3c46b9af9cd6e8e65751eaa7b6e6914197bce,07b257405f757223,,7d49ac993a0189f6,B0a-R,16,16,fb2e41a2d7,1,synthetic:grid-v6,ok,bursty|clip_grid_fast_v6|bursty|rep1|seed20240909,1.8175
bursty,,nan,clip_grid_fast_v6,513daecc81f466207419ba7516e3c46b9af9cd6e8e65751eaa7b6e6914197bce,07b257405f757223,,c82d12a864a89934,B0a-R,16,16,fb2e41a2d7,3,synthetic:grid-v6,ok,bursty|clip_grid_fast_v6|bursty|rep3|seed20240909,1.8583
bursty,,nan,clip_grid_fast_v6,513daecc81f466207419ba7516e3c46b9af9cd6e8e65751eaa7b6e6914197bce,07b257405f757223,,9a48c91671edc9b0,B0a-R,16,16,fb2e41a2d7,4,synthetic:grid-v6,ok,bursty|clip_grid_fast_v6|bursty|rep4|seed20240909,1.8753
clean,,nan,clip_grid_fast_v6,513daecc81f466207419ba7516e3c46b9af9cd6e8e65751eaa7b6e6914197bce,07b257405f757223,,c110b38851cd9d4b,B1,16,16,fb2e41a2d7,0,synthetic:grid-v6,ok,clean|clip_grid_fast_v6|clean|rep0|seed20240909,0.5712
clean,,nan,clip_grid_fast_v6,513daecc81f466207419ba7516e3c46b9af9cd6e8e65751eaa7b6e6914197bce,07b257405f757223,,6321435a3baab37a,B1,16,16,fb2e41a2d7,1,synthetic:grid-v6,ok,clean|clip_grid_fast_v6|clean|rep1|seed20240909,0.5698
harsh,,nan,clip_grid_fast_v6,513daecc81f466207419ba7516e3c46b9af9cd6e8e65751eaa7b6e6914197bce,07b257405f757223,,d548800caeabf38c,B0a-R,16,16,fb2e41a2d7,0,synthetic:grid-v6,ok,harsh|clip_grid_fast_v6|harsh|rep0|seed20240909,1.9511
clean,,nan,clip_grid_fast_v6,513daecc81f466207419ba7516e3c46b9af9cd6e8e65751eaa7b6e6914197bce,07b257405f757223,,5ae41c3ef0f2f83d,B1,16,16,fb2e41a2d7,2,synthetic:grid-v6,ok,clean|clip_grid_fast_v6|clean|rep2|seed20240909,0.5463
clean,,nan,clip_grid_fast_v6,513daecc81f466207419ba7516e3c46b9af9cd6e8e65751eaa7b6e6914197bce,07b257405f757223,,1754b13727a38af1,B1,16,16,fb2e41a2d7,3,synthetic:grid-v6,ok,clean|clip_grid_fast_v6|clean|rep3|seed20240909,0.5294
clean,,nan,clip_grid_fast_v6,513daecc81f466207419ba7516e3c46b9af9cd6e8e65751eaa7b6e6914197bce,07b257405f757223,,eba34668a1f09365,B1,16,16,fb2e41a2d7,4,synthetic:grid-v6,ok,clean|clip_grid_fast_v6|clean|rep4|seed20240909,0.5659
harsh,,nan,clip_grid_fast_v6,513daecc81f466207419ba7516e3c46b9af9cd6e8e65751eaa7b6e6914197bce,07b257405f757223,,f2e64e629aee06bf,B0a-R,16,16,fb2e41a2d7,1,synthetic:grid-v6,ok,harsh|clip_grid_fast_v6|harsh|rep1|seed20240909,1.943
mild,,nan,clip_grid_fast_v6,513daecc81f466207419ba7516e3c46b9af9cd6e8e65751eaa7b6e6914197bce,07b257405f757223,,43b1fdbbb4620cbe,B1,16,16,fb2e41a2d7,0,synthetic:grid-v6,ok,mild|clip_grid_fast_v6|mild|rep0|seed20240909,0.7054
harsh,,nan,clip_grid_fast_v6,513daecc81f466207419ba7516e3c46b9af9cd6e8e65751eaa7b6e6914197bce,07b257405f757223,,bcfb84b3ad5378e8,B0a-R,16,16,fb2e41a2d7,2,synthetic:grid-v6,ok,harsh|clip_grid_fast_v6|harsh|rep2|seed20240909,1.9801
mild,,nan,clip_grid_fast_v6,513daecc81f466207419ba7516e3c46b9af9cd6e8e65751eaa7b6e6914197bce,07b257405f757223,,6d5b178048993dd1,B1,16,16,fb2e41a2d7,1,synthetic:grid-v6,ok,mild|clip_grid_fast_v6|mild|rep1|seed20240909,0.74
mild,,nan,clip_grid_fast_v6,513daecc81f466207419ba7516e3c46b9af9cd6e8e65751eaa7b6e6914197bce,07b257405f757223,,2296176b4d049a8d,B1,16,16,fb2e41a2d7,3,synthetic:grid-v6,ok,mild|clip_grid_fast_v6|mild|rep3|seed20240909,0.7011
mild,,nan,clip_grid_fast_v6,513daecc81f466207419ba7516e3c46b9af9cd6e8e65751eaa7b6e6914197bce,07b257405f757223,,a55aa3a2e627b4c1,B1,16,16,fb2e41a2d7,2,synthetic:grid-v6,ok,mild|clip_grid_fast_v6|mild|rep2|seed20240909,0.7141
mild,,nan,clip_grid_fast_v6,513daecc81f466207419ba7516e3c46b9af9cd6e8e65751eaa7b6e6914197bce,07b257405f757223,,897990ba14983d60,B1,16,16,fb2e41a2d7,4,synthetic:grid-v6,ok,mild|clip_grid_fast_v6|mild|rep4|seed20240909,0.754
harsh,,nan,clip_grid_fast_v6,513daecc81f466207419ba7516e3c46b9af9cd6e8e65751eaa7b6e6914197bce,07b257405f757223,,e353b94edbd35191,B0a-R,16,16,fb2e41a2d7,3,synthetic:grid-v6,ok,harsh|clip_grid_fast_v6|harsh|rep3|seed20240909,2.0262
moderate,,nan,clip_grid_fast_v6,513daecc81f466207419ba7516e3c46b9af9cd6e8e65751eaa7b6e6914197bce,07b257405f757223,,930e63f9f2804798,B1,16,16,fb2e41a2d7,0,synthetic:grid-v6,ok,moderate|clip_grid_fast_v6|moderate|rep0|seed20240909,0.7668
moderate,,nan,clip_grid_fast_v6,513daecc81f466207419ba7516e3c46b9af9cd6e8e65751eaa7b6e6914197bce,07b257405f757223,,1d65a1df756a5f8c,B1,16,16,fb2e41a2d7,1,synthetic:grid-v6,ok,moderate|clip_grid_fast_v6|moderate|rep1|seed20240909,0.7613
harsh,,nan,clip_grid_fast_v6,513daecc81f466207419ba7516e3c46b9af9cd6e8e65751eaa7b6e6914197bce,07b257405f757223,,8b6b4ab9e59044bc,B0a-R,16,16,fb2e41a2d7,4,synthetic:grid-v6,ok,harsh|clip_grid_fast_v6|harsh|rep4|seed20240909,2.0344
moderate,,nan,clip_grid_fast_v6,513daecc81f466207419ba7516e3c46b9af9cd6e8e65751eaa7b6e6914197bce,07b257405f757223,,4a1e521254d6cacc,B1,16,16,fb2e41a2d7,2,synthetic:grid-v6,ok,moderate|clip_grid_fast_v6|moderate|rep2|seed20240909,0.7867
bursty,,nan,clip_grid_slow_v0,df2f006726e2518800361f8c1873d94e601345463882dfb2a2425ea64a64c4ab,07b257405f757223,,890c43cf074192bf,P,16,16,8da29d3843,1,synthetic:grid-v0,ok,bursty|clip_grid_slow_v0|bursty|rep1|seed20240909,16.9559
moderate,,nan,clip_grid_fast_v6,513daecc81f466207419ba7516e3c46b9af9cd6e8e65751eaa7b6e6914197bce,07b257405f757223,,7d2ee716f5c985b9,B1,16,16,fb2e41a2d7,3,synthetic:grid-v6,ok,moderate|clip_grid_fast_v6|moderate|rep3|seed20240909,0.7643
moderate,,nan,clip_grid_fast_v6,513daecc81f466207419ba7516e3c46b9af9cd6e8e65751eaa7b6e6914197bce,07b257405f757223,,50e26ca3f91aa95f,B1,16,16,fb2e41a2d7,4,synthetic:grid-v6,ok,moderate|clip_grid_fast_v6|moderate|rep4|seed20240909,0.7275
bursty,,nan,clip_grid_fast_v6,513daecc81f466207419ba7516e3c46b9af9cd6e8e65751eaa7b6e6914197bce,07b257405f757223,,63fe1df86b9c82eb,B1,16,16,fb2e41a2d7,0,synthetic:grid-v6,ok,bursty|clip_grid_fast_v6|bursty|rep0|seed20240909,0.7505
bursty,,nan,clip_grid_fast_v6,513daecc81f466207419ba7516e3c46b9af9cd6e8e65751eaa7b6e6914197bce,07b257405f757223,,131fd2596630dfe9,B1,16,16,fb2e41a2d7,1,synthetic:grid-v6,ok,bursty|clip_grid_fast_v6|bursty|rep1|seed20240909,0.6856
bursty,,nan,clip_grid_fast_v6,513daecc81f466207419ba7516e3c46b9af9cd6e8e65751eaa7b6e6914197bce,07b257405f757223,,fccfe1bb9c3143a1,B1,16,16,fb2e41a2d7,2,synthetic:grid-v6,ok,bursty|clip_grid_fast_v6|bursty|rep2|seed20240909,0.6907
bursty,,nan,clip_grid_fast_v6,513daecc81f466207419ba7516e3c46b9af9cd6e8e65751eaa7b6e6914197bce,07b257405f757223,,976e8b28522215ff,B1,16,16,fb2e41a2d7,3,synthetic:grid-v6,ok,bursty|clip_grid_fast_v6|bursty|rep3|seed20240909,0.6993
bursty,,nan,clip_grid_fast_v6,513daecc81f466207419ba7516e3c46b9af9cd6e8e65751eaa7b6e6914197bce,07b257405f757223,,21f25160cad67f2d,B1,16,16,fb2e41a2d7,4,synthetic:grid-v6,ok,bursty|clip_grid_fast_v6|bursty|rep4|seed20240909,0.723
clean,,nan,clip_grid_fast_v6,513daecc81f466207419ba7516e3c46b9af9cd6e8e65751eaa7b6e6914197bce,07b257405f757223,,36cb57be14eaa82c,B2,16,16,fb2e41a2d7,0,synthetic:grid-v6,ok,clean|clip_grid_fast_v6|clean|rep0|seed20240909,0.5655
harsh,,nan,clip_grid_fast_v6,513daecc81f466207419ba7516e3c46b9af9cd6e8e65751eaa7b6e6914197bce,07b257405f757223,,ba8db51d2990453a,B1,16,16,fb2e41a2d7,1,synthetic:grid-v6,ok,harsh|clip_grid_fast_v6|harsh|rep1|seed20240909,0.7625
harsh,,nan,clip_grid_fast_v6,513daecc81f466207419ba7516e3c46b9af9cd6e8e65751eaa7b6e6914197bce,07b257405f757223,,c22648b06a76d7ad,B1,16,16,fb2e41a2d7,2,synthetic:grid-v6,ok,harsh|clip_grid_fast_v6|harsh|rep2|seed20240909,0.7449
harsh,,nan,clip_grid_fast_v6,513daecc81f466207419ba7516e3c46b9af9cd6e8e65751eaa7b6e6914197bce,07b257405f757223,,7f2dcbb8069cfecc,B1,16,16,fb2e41a2d7,0,synthetic:grid-v6,ok,harsh|clip_grid_fast_v6|harsh|rep0|seed20240909,0.7883
harsh,,nan,clip_grid_fast_v6,513daecc81f466207419ba7516e3c46b9af9cd6e8e65751eaa7b6e6914197bce,07b257405f757223,,ef10fd55a038f1ca,B1,16,16,fb2e41a2d7,3,synthetic:grid-v6,ok,harsh|clip_grid_fast_v6|harsh|rep3|seed20240909,0.7913
harsh,,nan,clip_grid_fast_v6,513daecc81f466207419ba7516e3c46b9af9cd6e8e65751eaa7b6e6914197bce,07b257405f757223,,392701f69ff0c2c2,B1,16,16,fb2e41a2d7,4,synthetic:grid-v6,ok,harsh|clip_grid_fast_v6|harsh|rep4|seed20240909,0.7419
clean,,nan,clip_grid_fast_v6,513daecc81f466207419ba7516e3c46b9af9cd6e8e65751eaa7b6e6914197bce,07b257405f757223,,06576d981dbf074a,B2,16,16,fb2e41a2d7,1,synthetic:grid-v6,ok,clean|clip_grid_fast_v6|clean|rep1|seed20240909,0.5705
clean,,nan,clip_grid_fast_v6,513daecc81f466207419ba7516e3c46b9af9cd6e8e65751eaa7b6e6914197bce,07b257405f757223,,7ca3df560c35bb01,B2,16,16,fb2e41a2d7,2,synthetic:grid-v6,ok,clean|clip_grid_fast_v6|clean|rep2|seed20240909,0.5707
clean,,nan,clip_grid_fast_v6,513daecc81f466207419ba7516e3c46b9af9cd6e8e65751eaa7b6e6914197bce,07b257405f757223,,88f2c810807be231,B2,16,16,fb2e41a2d7,4,synthetic:grid-v6,ok,clean|clip_grid_fast_v6|clean|rep4|seed20240909,0.5531
clean,,nan,clip_grid_fast_v6,513daecc81f466207419ba7516e3c46b9af9cd6e8e65751eaa7b6e6914197bce,07b257405f757223,,68c389f2a6106127,B2,16,16,fb2e41a2d7,3,synthetic:grid-v6,ok,clean|clip_grid_fast_v6|clean|rep3|seed20240909,0.6228
mild,,nan,clip_grid_fast_v6,513daecc81f466207419ba7516e3c46b9af9cd6e8e65751eaa7b6e6914197bce,07b257405f757223,,b07f8e78bd0d3eb0,B2,16,16,fb2e41a2d7,1,synthetic:grid-v6,ok,mild|clip_grid_fast_v6|mild|rep1|seed20240909,0.6929
mild,,nan,clip_grid_fast_v6,513daecc81f466207419ba7516e3c46b9af9cd6e8e65751eaa7b6e6914197bce,07b257405f757223,,d049e2735bb54c61,B2,16,16,fb2e41a2d7,0,synthetic:grid-v6,ok,mild|clip_grid_fast_v6|mild|rep0|seed20240909,0.7227
bursty,,nan,clip_grid_slow_v0,df2f006726e2518800361f8c1873d94e601345463882dfb2a2425ea64a64c4ab,07b257405f757223,,c32f40ba702b6e3d,P,16,16,8da29d3843,3,synthetic:grid-v0,ok,bursty|clip_grid_slow_v0|bursty|rep3|seed20240909,15.578
mild,,nan,clip_grid_fast_v6,513daecc81f466207419ba7516e3c46b9af9cd6e8e65751eaa7b6e6914197bce,07b257405f757223,,f3d47bc7c342d419,B2,16,16,fb2e41a2d7,2,synthetic:grid-v6,ok,mild|clip_grid_fast_v6|mild|rep2|seed20240909,0.6953
mild,,nan,clip_grid_fast_v6,513daecc81f466207419ba7516e3c46b9af9cd6e8e65751eaa7b6e6914197bce,07b257405f757223,,c83b8a41f5c703f9,B2,16,16,fb2e41a2d7,3,synthetic:grid-v6,ok,mild|clip_grid_fast_v6|mild|rep3|seed20240909,0.6576
mild,,nan,clip_grid_fast_v6,513daecc81f466207419ba7516e3c46b9af9cd6e8e65751eaa7b6e6914197bce,07b257405f757223,,57c43ee4d19ccb62,B2,16,16,fb2e41a2d7,4,synthetic:grid-v6,ok,mild|clip_grid_fast_v6|mild|rep4|seed20240909,0.7531
moderate,,nan,clip_grid_fast_v6,513daecc81f466207419ba7516e3c46b9af9cd6e8e65751eaa7b6e6914197bce,07b257405f757223,,1119ab9f09ec7d02,B2,16,16,fb2e41a2d7,1,synthetic:grid-v6,ok,moderate|clip_grid_fast_v6|moderate|rep1|seed20240909,0.7557
moderate,,nan,clip_grid_fast_v6,513daecc81f466207419ba7516e3c46b9af9cd6e8e65751eaa7b6e6914197bce,07b257405f757223,,1dda4f3924a46bec,B2,16,16,fb2e41a2d7,0,synthetic:grid-v6,ok,moderate|clip_grid_fast_v6|moderate|rep0|seed20240909,0.7778
moderate,,nan,clip_grid_fast_v6,513daecc81f466207419ba7516e3c46b9af9cd6e8e65751eaa7b6e6914197bce,07b257405f757223,,a56f057af3a39ac2,B2,16,16,fb2e41a2d7,2,synthetic:grid-v6,ok,moderate|clip_grid_fast_v6|moderate|rep2|seed20240909,0.7594
moderate,,nan,clip_grid_fast_v6,513daecc81f466207419ba7516e3c46b9af9cd6e8e65751eaa7b6e6914197bce,07b257405f757223,,aaf1c053822b0f31,B2,16,16,fb2e41a2d7,3,synthetic:grid-v6,ok,moderate|clip_grid_fast_v6|moderate|rep3|seed20240909,0.7521
moderate,,nan,clip_grid_fast_v6,513daecc81f466207419ba7516e3c46b9af9cd6e8e65751eaa7b6e6914197bce,07b257405f757223,,731d1021582b5193,B2,16,16,fb2e41a2d7,4,synthetic:grid-v6,ok,moderate|clip_grid_fast_v6|moderate|rep4|seed20240909,0.74
bursty,,nan,clip_grid_slow_v0,df2f006726e2518800361f8c1873d94e601345463882dfb2a2425ea64a64c4ab,07b257405f757223,,630d65f0d0ba288e,P,16,16,8da29d3843,2,synthetic:grid-v0,ok,bursty|clip_grid_slow_v0|bursty|rep2|seed20240909,16.3149
bursty,,nan,clip_grid_fast_v6,513daecc81f466207419ba7516e3c46b9af9cd6e8e65751eaa7b6e6914197bce,07b257405f757223,,ef9572c6ae30ecd9,B2,16,16,fb2e41a2d7,0,synthetic:grid-v6,ok,bursty|clip_grid_fast_v6|bursty|rep0|seed20240909,0.7079
bursty,,nan,clip_grid_fast_v6,513daecc81f466207419ba7516e3c46b9af9cd6e8e65751eaa7b6e6914197bce,07b257405f757223,,567c137134f33904,B2,16,16,fb2e41a2d7,1,synthetic:grid-v6,ok,bursty|clip_grid_fast_v6|bursty|rep1|seed20240909,0.6842
bursty,,nan,clip_grid_fast_v6,513daecc81f466207419ba7516e3c46b9af9cd6e8e65751eaa7b6e6914197bce,07b257405f757223,,e11359affa747c33,B2,16,16,fb2e41a2d7,2,synthetic:grid-v6,ok,bursty|clip_grid_fast_v6|bursty|rep2|seed20240909,0.7468
bursty,,nan,clip_grid_fast_v6,513daecc81f466207419ba7516e3c46b9af9cd6e8e65751eaa7b6e6914197bce,07b257405f757223,,ea36b45f04c61d13,B2,16,16,fb2e41a2d7,3,synthetic:grid-v6,ok,bursty|clip_grid_fast_v6|bursty|rep3|seed20240909,0.6879
bursty,,nan,clip_grid_fast_v6,513daecc81f466207419ba7516e3c46b9af9cd6e8e65751eaa7b6e6914197bce,07b257405f757223,,92eee91e29d69b7a,B2,16,16,fb2e41a2d7,4,synthetic:grid-v6,ok,bursty|clip_grid_fast_v6|bursty|rep4|seed20240909,0.7036
harsh,,nan,clip_grid_fast_v6,513daecc81f466207419ba7516e3c46b9af9cd6e8e65751eaa7b6e6914197bce,07b257405f757223,,92c68ea4a6f94e7b,B2,16,16,fb2e41a2d7,0,synthetic:grid-v6,ok,harsh|clip_grid_fast_v6|harsh|rep0|seed20240909,0.7337
harsh,,nan,clip_grid_fast_v6,513daecc81f466207419ba7516e3c46b9af9cd6e8e65751eaa7b6e6914197bce,07b257405f757223,,6e4a2e515c992fc6,B2,16,16,fb2e41a2d7,1,synthetic:grid-v6,ok,harsh|clip_grid_fast_v6|harsh|rep1|seed20240909,0.7168
harsh,,nan,clip_grid_fast_v6,513daecc81f466207419ba7516e3c46b9af9cd6e8e65751eaa7b6e6914197bce,07b257405f757223,,ae59d53be25df3af,B2,16,16,fb2e41a2d7,2,synthetic:grid-v6,ok,harsh|clip_grid_fast_v6|harsh|rep2|seed20240909,0.725
harsh,,nan,clip_grid_fast_v6,513daecc81f466207419ba7516e3c46b9af9cd6e8e65751eaa7b6e6914197bce,07b257405f757223,,0249b476d2ff68ef,B2,16,16,fb2e41a2d7,3,synthetic:grid-v6,ok,harsh|clip_grid_fast_v6|harsh|rep3|seed20240909,0.7169
harsh,,nan,clip_grid_fast_v6,513daecc81f466207419ba7516e3c46b9af9cd6e8e65751eaa7b6e6914197bce,07b257405f757223,,9060d5c61b606139,B2,16,16,fb2e41a2d7,4,synthetic:grid-v6,ok,harsh|clip_grid_fast_v6|harsh|rep4|seed20240909,0.7204
bursty,,nan,clip_grid_slow_v0,df2f006726e2518800361f8c1873d94e601345463882dfb2a2425ea64a64c4ab,07b257405f757223,,4f9d99e304460a8f,P,16,16,8da29d3843,4,synthetic:grid-v0,ok,bursty|clip_grid_slow_v0|bursty|rep4|seed20240909,16.8286
clean,,nan,clip_grid_fast_v6,513daecc81f466207419ba7516e3c46b9af9cd6e8e65751eaa7b6e6914197bce,07b257405f757223,,bc6e6ac7f9099623,B3,16,16,fb2e41a2d7,0,synthetic:grid-v6,ok,clean|clip_grid_fast_v6|clean|rep0|seed20240909,6.2697
clean,,nan,clip_grid_fast_v6,513daecc81f466207419ba7516e3c46b9af9cd6e8e65751eaa7b6e6914197bce,07b257405f757223,,cf6dd5a764111bbe,B3,16,16,fb2e41a2d7,4,synthetic:grid-v6,ok,clean|clip_grid_fast_v6|clean|rep4|seed20240909,6.1708
clean,,nan,clip_grid_fast_v6,513daecc81f466207419ba7516e3c46b9af9cd6e8e65751eaa7b6e6914197bce,07b257405f757223,,0c993c01d884e904,B3,16,16,fb2e41a2d7,2,synthetic:grid-v6,ok,clean|clip_grid_fast_v6|clean|rep2|seed20240909,6.2735
clean,,nan,clip_grid_fast_v6,513daecc81f466207419ba7516e3c46b9af9cd6e8e65751eaa7b6e6914197bce,07b257405f757223,,9f9fd7ab52cf357a,B3,16,16,fb2e41a2d7,1,synthetic:grid-v6,ok,clean|clip_grid_fast_v6|clean|rep1|seed20240909,6.2847
clean,,nan,clip_grid_fast_v6,513daecc81f466207419ba7516e3c46b9af9cd6e8e65751eaa7b6e6914197bce,07b257405f757223,,c0959f83c59e5762,B3,16,16,fb2e41a2d7,3,synthetic:grid-v6,ok,clean|clip_grid_fast_v6|clean|rep3|seed20240909,6.3441
mild,,nan,clip_grid_fast_v6,513daecc81f466207419ba7516e3c46b9af9cd6e8e65751eaa7b6e6914197bce,07b257405f757223,,59bc23b55e380124,B3,16,16,fb2e41a2d7,0,synthetic:grid-v6,ok,mild|clip_grid_fast_v6|mild|rep0|seed20240909,6.5817
mild,,nan,clip_grid_fast_v6,513daecc81f466207419ba7516e3c46b9af9cd6e8e65751eaa7b6e6914197bce,07b257405f757223,,dd7877da3c8cd89d,B3,16,16,fb2e41a2d7,1,synthetic:grid-v6,ok,mild|clip_grid_fast_v6|mild|rep1|seed20240909,6.6154
mild,,nan,clip_grid_fast_v6,513daecc81f466207419ba7516e3c46b9af9cd6e8e65751eaa7b6e6914197bce,07b257405f757223,,70b23635202fc824,B3,16,16,fb2e41a2d7,2,synthetic:grid-v6,ok,mild|clip_grid_fast_v6|mild|rep2|seed20240909,6.6041
mild,,nan,clip_grid_fast_v6,513daecc81f466207419ba7516e3c46b9af9cd6e8e65751eaa7b6e6914197bce,07b257405f757223,,9402c0c3d012e9b2,B3,16,16,fb2e41a2d7,4,synthetic:grid-v6,ok,mild|clip_grid_fast_v6|mild|rep4|seed20240909,6.5195
mild,,nan,clip_grid_fast_v6,513daecc81f466207419ba7516e3c46b9af9cd6e8e65751eaa7b6e6914197bce,07b257405f757223,,49db485eef760947,B3,16,16,fb2e41a2d7,3,synthetic:grid-v6,ok,mild|clip_grid_fast_v6|mild|rep3|seed20240909,6.5539
clean,,nan,clip_grid_fast_v6,513daecc81f466207419ba7516e3c46b9af9cd6e8e65751eaa7b6e6914197bce,07b257405f757223,"frame 0 needs 4 rasters, the profile allows 3; lower the quality/resolution or raise the capacity",4578dc6a6da9d08f,B4,16,0,fb2e41a2d7,0,synthetic:grid-v6,capacity,clean|clip_grid_fast_v6|clean|rep0|seed20240909,0.0181
clean,,nan,clip_grid_fast_v6,513daecc81f466207419ba7516e3c46b9af9cd6e8e65751eaa7b6e6914197bce,07b257405f757223,"frame 0 needs 4 rasters, the profile allows 3; lower the quality/resolution or raise the capacity",408fdf00fe87633e,B4,16,0,fb2e41a2d7,1,synthetic:grid-v6,capacity,clean|clip_grid_fast_v6|clean|rep1|seed20240909,0.0191
clean,,nan,clip_grid_fast_v6,513daecc81f466207419ba7516e3c46b9af9cd6e8e65751eaa7b6e6914197bce,07b257405f757223,"frame 0 needs 4 rasters, the profile allows 3; lower the quality/resolution or raise the capacity",0c3ae3b303f9ea8c,B4,16,0,fb2e41a2d7,2,synthetic:grid-v6,capacity,clean|clip_grid_fast_v6|clean|rep2|seed20240909,0.018
clean,,nan,clip_grid_fast_v6,513daecc81f466207419ba7516e3c46b9af9cd6e8e65751eaa7b6e6914197bce,07b257405f757223,"frame 0 needs 4 rasters, the profile allows 3; lower the quality/resolution or raise the capacity",51d8c03909056261,B4,16,0,fb2e41a2d7,3,synthetic:grid-v6,capacity,clean|clip_grid_fast_v6|clean|rep3|seed20240909,0.0178
clean,,nan,clip_grid_fast_v6,513daecc81f466207419ba7516e3c46b9af9cd6e8e65751eaa7b6e6914197bce,07b257405f757223,"frame 0 needs 4 rasters, the profile allows 3; lower the quality/resolution or raise the capacity",b68dcf1891fed201,B4,16,0,fb2e41a2d7,4,synthetic:grid-v6,capacity,clean|clip_grid_fast_v6|clean|rep4|seed20240909,0.0192
mild,,nan,clip_grid_fast_v6,513daecc81f466207419ba7516e3c46b9af9cd6e8e65751eaa7b6e6914197bce,07b257405f757223,"frame 0 needs 4 rasters, the profile allows 3; lower the quality/resolution or raise the capacity",a1db3b7983f243a2,B4,16,0,fb2e41a2d7,0,synthetic:grid-v6,capacity,mild|clip_grid_fast_v6|mild|rep0|seed20240909,0.0193
mild,,nan,clip_grid_fast_v6,513daecc81f466207419ba7516e3c46b9af9cd6e8e65751eaa7b6e6914197bce,07b257405f757223,"frame 0 needs 4 rasters, the profile allows 3; lower the quality/resolution or raise the capacity",a0dd5d603568e3f0,B4,16,0,fb2e41a2d7,1,synthetic:grid-v6,capacity,mild|clip_grid_fast_v6|mild|rep1|seed20240909,0.0188
mild,,nan,clip_grid_fast_v6,513daecc81f466207419ba7516e3c46b9af9cd6e8e65751eaa7b6e6914197bce,07b257405f757223,"frame 0 needs 4 rasters, the profile allows 3; lower the quality/resolution or raise the capacity",33311aba65ece1df,B4,16,0,fb2e41a2d7,2,synthetic:grid-v6,capacity,mild|clip_grid_fast_v6|mild|rep2|seed20240909,0.0185
mild,,nan,clip_grid_fast_v6,513daecc81f466207419ba7516e3c46b9af9cd6e8e65751eaa7b6e6914197bce,07b257405f757223,"frame 0 needs 4 rasters, the profile allows 3; lower the quality/resolution or raise the capacity",9c3589d06b9acd8a,B4,16,0,fb2e41a2d7,3,synthetic:grid-v6,capacity,mild|clip_grid_fast_v6|mild|rep3|seed20240909,0.0192
mild,,nan,clip_grid_fast_v6,513daecc81f466207419ba7516e3c46b9af9cd6e8e65751eaa7b6e6914197bce,07b257405f757223,"frame 0 needs 4 rasters, the profile allows 3; lower the quality/resolution or raise the capacity",6c6cce6ec4306be9,B4,16,0,fb2e41a2d7,4,synthetic:grid-v6,capacity,mild|clip_grid_fast_v6|mild|rep4|seed20240909,0.0189
moderate,,nan,clip_grid_fast_v6,513daecc81f466207419ba7516e3c46b9af9cd6e8e65751eaa7b6e6914197bce,07b257405f757223,"frame 0 needs 4 rasters, the profile allows 3; lower the quality/resolution or raise the capacity",bbc9784e8a3bdfd6,B4,16,0,fb2e41a2d7,0,synthetic:grid-v6,capacity,moderate|clip_grid_fast_v6|moderate|rep0|seed20240909,0.0175
moderate,,nan,clip_grid_fast_v6,513daecc81f466207419ba7516e3c46b9af9cd6e8e65751eaa7b6e6914197bce,07b257405f757223,"frame 0 needs 4 rasters, the profile allows 3; lower the quality/resolution or raise the capacity",cc55618a9e03d582,B4,16,0,fb2e41a2d7,1,synthetic:grid-v6,capacity,moderate|clip_grid_fast_v6|moderate|rep1|seed20240909,0.0181
moderate,,nan,clip_grid_fast_v6,513daecc81f466207419ba7516e3c46b9af9cd6e8e65751eaa7b6e6914197bce,07b257405f757223,"frame 0 needs 4 rasters, the profile allows 3; lower the quality/resolution or raise the capacity",bef64848c886e157,B4,16,0,fb2e41a2d7,2,synthetic:grid-v6,capacity,moderate|clip_grid_fast_v6|moderate|rep2|seed20240909,0.0165
moderate,,nan,clip_grid_fast_v6,513daecc81f466207419ba7516e3c46b9af9cd6e8e65751eaa7b6e6914197bce,07b257405f757223,"frame 0 needs 4 rasters, the profile allows 3; lower the quality/resolution or raise the capacity",b2a53d93fab5d281,B4,16,0,fb2e41a2d7,3,synthetic:grid-v6,capacity,moderate|clip_grid_fast_v6|moderate|rep3|seed20240909,0.0187
moderate,,nan,clip_grid_fast_v6,513daecc81f466207419ba7516e3c46b9af9cd6e8e65751eaa7b6e6914197bce,07b257405f757223,"frame 0 needs 4 rasters, the profile allows 3; lower the quality/resolution or raise the capacity",a4af91d4c277c6a5,B4,16,0,fb2e41a2d7,4,synthetic:grid-v6,capacity,moderate|clip_grid_fast_v6|moderate|rep4|seed20240909,0.019
bursty,,nan,clip_grid_fast_v6,513daecc81f466207419ba7516e3c46b9af9cd6e8e65751eaa7b6e6914197bce,07b257405f757223,"frame 0 needs 4 rasters, the profile allows 3; lower the quality/resolution or raise the capacity",91f1e0fd2242dbb4,B4,16,0,fb2e41a2d7,0,synthetic:grid-v6,capacity,bursty|clip_grid_fast_v6|bursty|rep0|seed20240909,0.0194
bursty,,nan,clip_grid_fast_v6,513daecc81f466207419ba7516e3c46b9af9cd6e8e65751eaa7b6e6914197bce,07b257405f757223,"frame 0 needs 4 rasters, the profile allows 3; lower the quality/resolution or raise the capacity",4ee4e378ae44b3a9,B4,16,0,fb2e41a2d7,1,synthetic:grid-v6,capacity,bursty|clip_grid_fast_v6|bursty|rep1|seed20240909,0.0156
bursty,,nan,clip_grid_fast_v6,513daecc81f466207419ba7516e3c46b9af9cd6e8e65751eaa7b6e6914197bce,07b257405f757223,"frame 0 needs 4 rasters, the profile allows 3; lower the quality/resolution or raise the capacity",3555d954167a7917,B4,16,0,fb2e41a2d7,2,synthetic:grid-v6,capacity,bursty|clip_grid_fast_v6|bursty|rep2|seed20240909,0.0184
bursty,,nan,clip_grid_fast_v6,513daecc81f466207419ba7516e3c46b9af9cd6e8e65751eaa7b6e6914197bce,07b257405f757223,"frame 0 needs 4 rasters, the profile allows 3; lower the quality/resolution or raise the capacity",8977ead707f95660,B4,16,0,fb2e41a2d7,3,synthetic:grid-v6,capacity,bursty|clip_grid_fast_v6|bursty|rep3|seed20240909,0.0193
bursty,,nan,clip_grid_fast_v6,513daecc81f466207419ba7516e3c46b9af9cd6e8e65751eaa7b6e6914197bce,07b257405f757223,"frame 0 needs 4 rasters, the profile allows 3; lower the quality/resolution or raise the capacity",7514838b66d334c0,B4,16,0,fb2e41a2d7,4,synthetic:grid-v6,capacity,bursty|clip_grid_fast_v6|bursty|rep4|seed20240909,0.0184
harsh,,nan,clip_grid_fast_v6,513daecc81f466207419ba7516e3c46b9af9cd6e8e65751eaa7b6e6914197bce,07b257405f757223,"frame 0 needs 4 rasters, the profile allows 3; lower the quality/resolution or raise the capacity",fc8c3823a2b62f9b,B4,16,0,fb2e41a2d7,0,synthetic:grid-v6,capacity,harsh|clip_grid_fast_v6|harsh|rep0|seed20240909,0.0174
harsh,,nan,clip_grid_fast_v6,513daecc81f466207419ba7516e3c46b9af9cd6e8e65751eaa7b6e6914197bce,07b257405f757223,"frame 0 needs 4 rasters, the profile allows 3; lower the quality/resolution or raise the capacity",e2358637649a3a89,B4,16,0,fb2e41a2d7,1,synthetic:grid-v6,capacity,harsh|clip_grid_fast_v6|harsh|rep1|seed20240909,0.017
harsh,,nan,clip_grid_fast_v6,513daecc81f466207419ba7516e3c46b9af9cd6e8e65751eaa7b6e6914197bce,07b257405f757223,"frame 0 needs 4 rasters, the profile allows 3; lower the quality/resolution or raise the capacity",dccdd5144357cfd6,B4,16,0,fb2e41a2d7,2,synthetic:grid-v6,capacity,harsh|clip_grid_fast_v6|harsh|rep2|seed20240909,0.0177
harsh,,nan,clip_grid_fast_v6,513daecc81f466207419ba7516e3c46b9af9cd6e8e65751eaa7b6e6914197bce,07b257405f757223,"frame 0 needs 4 rasters, the profile allows 3; lower the quality/resolution or raise the capacity",f73bca9331b0342f,B4,16,0,fb2e41a2d7,3,synthetic:grid-v6,capacity,harsh|clip_grid_fast_v6|harsh|rep3|seed20240909,0.0177
harsh,,nan,clip_grid_fast_v6,513daecc81f466207419ba7516e3c46b9af9cd6e8e65751eaa7b6e6914197bce,07b257405f757223,"frame 0 needs 4 rasters, the profile allows 3; lower the quality/resolution or raise the capacity",88bdab331d5a159f,B4,16,0,fb2e41a2d7,4,synthetic:grid-v6,capacity,harsh|clip_grid_fast_v6|harsh|rep4|seed20240909,0.0182
clean,,nan,clip_grid_fast_v6,513daecc81f466207419ba7516e3c46b9af9cd6e8e65751eaa7b6e6914197bce,07b257405f757223,"frame 0 needs 6 rasters, the profile allows 3; lower the quality/resolution or raise the capacity",50e3e6974b632f68,P,16,0,8da29d3843,0,synthetic:grid-v6,capacity,clean|clip_grid_fast_v6|clean|rep0|seed20240909,0.0207
clean,,nan,clip_grid_fast_v6,513daecc81f466207419ba7516e3c46b9af9cd6e8e65751eaa7b6e6914197bce,07b257405f757223,"frame 0 needs 6 rasters, the profile allows 3; lower the quality/resolution or raise the capacity",8537c6725996e2b1,P,16,0,8da29d3843,1,synthetic:grid-v6,capacity,clean|clip_grid_fast_v6|clean|rep1|seed20240909,0.0199
clean,,nan,clip_grid_fast_v6,513daecc81f466207419ba7516e3c46b9af9cd6e8e65751eaa7b6e6914197bce,07b257405f757223,"frame 0 needs 6 rasters, the profile allows 3; lower the quality/resolution or raise the capacity",b1f76adf70502eb9,P,16,0,8da29d3843,2,synthetic:grid-v6,capacity,clean|clip_grid_fast_v6|clean|rep2|seed20240909,0.0194
clean,,nan,clip_grid_fast_v6,513daecc81f466207419ba7516e3c46b9af9cd6e8e65751eaa7b6e6914197bce,07b257405f757223,"frame 0 needs 6 rasters, the profile allows 3; lower the quality/resolution or raise the capacity",6caf2ca78dd6de38,P,16,0,8da29d3843,3,synthetic:grid-v6,capacity,clean|clip_grid_fast_v6|clean|rep3|seed20240909,0.019
clean,,nan,clip_grid_fast_v6,513daecc81f466207419ba7516e3c46b9af9cd6e8e65751eaa7b6e6914197bce,07b257405f757223,"frame 0 needs 6 rasters, the profile allows 3; lower the quality/resolution or raise the capacity",18c6e86047b89424,P,16,0,8da29d3843,4,synthetic:grid-v6,capacity,clean|clip_grid_fast_v6|clean|rep4|seed20240909,0.018
mild,,nan,clip_grid_fast_v6,513daecc81f466207419ba7516e3c46b9af9cd6e8e65751eaa7b6e6914197bce,07b257405f757223,"frame 0 needs 6 rasters, the profile allows 3; lower the quality/resolution or raise the capacity",e80afde583a08e61,P,16,0,8da29d3843,0,synthetic:grid-v6,capacity,mild|clip_grid_fast_v6|mild|rep0|seed20240909,0.0204
mild,,nan,clip_grid_fast_v6,513daecc81f466207419ba7516e3c46b9af9cd6e8e65751eaa7b6e6914197bce,07b257405f757223,"frame 0 needs 6 rasters, the profile allows 3; lower the quality/resolution or raise the capacity",8277eba5d107ef3a,P,16,0,8da29d3843,1,synthetic:grid-v6,capacity,mild|clip_grid_fast_v6|mild|rep1|seed20240909,0.0199
mild,,nan,clip_grid_fast_v6,513daecc81f466207419ba7516e3c46b9af9cd6e8e65751eaa7b6e6914197bce,07b257405f757223,"frame 0 needs 6 rasters, the profile allows 3; lower the quality/resolution or raise the capacity",14b2a5c85bedb09f,P,16,0,8da29d3843,2,synthetic:grid-v6,capacity,mild|clip_grid_fast_v6|mild|rep2|seed20240909,0.0196
mild,,nan,clip_grid_fast_v6,513daecc81f466207419ba7516e3c46b9af9cd6e8e65751eaa7b6e6914197bce,07b257405f757223,"frame 0 needs 6 rasters, the profile allows 3; lower the quality/resolution or raise the capacity",b8a586c2d4dbf167,P,16,0,8da29d3843,3,synthetic:grid-v6,capacity,mild|clip_grid_fast_v6|mild|rep3|seed20240909,0.0219
mild,,nan,clip_grid_fast_v6,513daecc81f466207419ba7516e3c46b9af9cd6e8e65751eaa7b6e6914197bce,07b257405f757223,"frame 0 needs 6 rasters, the profile allows 3; lower the quality/resolution or raise the capacity",d2eef8e3c0dae36f,P,16,0,8da29d3843,4,synthetic:grid-v6,capacity,mild|clip_grid_fast_v6|mild|rep4|seed20240909,0.0215
moderate,,nan,clip_grid_fast_v6,513daecc81f466207419ba7516e3c46b9af9cd6e8e65751eaa7b6e6914197bce,07b257405f757223,"frame 0 needs 6 rasters, the profile allows 3; lower the quality/resolution or raise the capacity",a74ef0424c6dd402,P,16,0,8da29d3843,0,synthetic:grid-v6,capacity,moderate|clip_grid_fast_v6|moderate|rep0|seed20240909,0.0212
moderate,,nan,clip_grid_fast_v6,513daecc81f466207419ba7516e3c46b9af9cd6e8e65751eaa7b6e6914197bce,07b257405f757223,"frame 0 needs 6 rasters, the profile allows 3; lower the quality/resolution or raise the capacity",4de9b80c266f282d,P,16,0,8da29d3843,1,synthetic:grid-v6,capacity,moderate|clip_grid_fast_v6|moderate|rep1|seed20240909,0.0188
moderate,,nan,clip_grid_fast_v6,513daecc81f466207419ba7516e3c46b9af9cd6e8e65751eaa7b6e6914197bce,07b257405f757223,"frame 0 needs 6 rasters, the profile allows 3; lower the quality/resolution or raise the capacity",a5386bcc495bc988,P,16,0,8da29d3843,2,synthetic:grid-v6,capacity,moderate|clip_grid_fast_v6|moderate|rep2|seed20240909,0.0191
moderate,,nan,clip_grid_fast_v6,513daecc81f466207419ba7516e3c46b9af9cd6e8e65751eaa7b6e6914197bce,07b257405f757223,"frame 0 needs 6 rasters, the profile allows 3; lower the quality/resolution or raise the capacity",a12133ee37373eef,P,16,0,8da29d3843,3,synthetic:grid-v6,capacity,moderate|clip_grid_fast_v6|moderate|rep3|seed20240909,0.0195
moderate,,nan,clip_grid_fast_v6,513daecc81f466207419ba7516e3c46b9af9cd6e8e65751eaa7b6e6914197bce,07b257405f757223,"frame 0 needs 6 rasters, the profile allows 3; lower the quality/resolution or raise the capacity",55ec4cd704bf4351,P,16,0,8da29d3843,4,synthetic:grid-v6,capacity,moderate|clip_grid_fast_v6|moderate|rep4|seed20240909,0.0193
bursty,,nan,clip_grid_fast_v6,513daecc81f466207419ba7516e3c46b9af9cd6e8e65751eaa7b6e6914197bce,07b257405f757223,"frame 0 needs 6 rasters, the profile allows 3; lower the quality/resolution or raise the capacity",8ebc8578b5307b06,P,16,0,8da29d3843,0,synthetic:grid-v6,capacity,bursty|clip_grid_fast_v6|bursty|rep0|seed20240909,0.019
bursty,,nan,clip_grid_fast_v6,513daecc81f466207419ba7516e3c46b9af9cd6e8e65751eaa7b6e6914197bce,07b257405f757223,"frame 0 needs 6 rasters, the profile allows 3; lower the quality/resolution or raise the capacity",97644068ff98d4b0,P,16,0,8da29d3843,1,synthetic:grid-v6,capacity,bursty|clip_grid_fast_v6|bursty|rep1|seed20240909,0.02
bursty,,nan,clip_grid_fast_v6,513daecc81f466207419ba7516e3c46b9af9cd6e8e65751eaa7b6e6914197bce,07b257405f757223,"frame 0 needs 6 rasters, the profile allows 3; lower the quality/resolution or raise the capacity",5540d480a4ca7b9e,P,16,0,8da29d3843,2,synthetic:grid-v6,capacity,bursty|clip_grid_fast_v6|bursty|rep2|seed20240909,0.0206
bursty,,nan,clip_grid_fast_v6,513daecc81f466207419ba7516e3c46b9af9cd6e8e65751eaa7b6e6914197bce,07b257405f757223,"frame 0 needs 6 rasters, the profile allows 3; lower the quality/resolution or raise the capacity",e58bdd50f8169372,P,16,0,8da29d3843,3,synthetic:grid-v6,capacity,bursty|clip_grid_fast_v6|bursty|rep3|seed20240909,0.0204
bursty,,nan,clip_grid_fast_v6,513daecc81f466207419ba7516e3c46b9af9cd6e8e65751eaa7b6e6914197bce,07b257405f757223,"frame 0 needs 6 rasters, the profile allows 3; lower the quality/resolution or raise the capacity",99c186a8f514d2f8,P,16,0,8da29d3843,4,synthetic:grid-v6,capacity,bursty|clip_grid_fast_v6|bursty|rep4|seed20240909,0.0201
harsh,,nan,clip_grid_fast_v6,513daecc81f466207419ba7516e3c46b9af9cd6e8e65751eaa7b6e6914197bce,07b257405f757223,"frame 0 needs 6 rasters, the profile allows 3; lower the quality/resolution or raise the capacity",d4ffa1337816f076,P,16,0,8da29d3843,0,synthetic:grid-v6,capacity,harsh|clip_grid_fast_v6|harsh|rep0|seed20240909,0.0202
harsh,,nan,clip_grid_fast_v6,513daecc81f466207419ba7516e3c46b9af9cd6e8e65751eaa7b6e6914197bce,07b257405f757223,"frame 0 needs 6 rasters, the profile allows 3; lower the quality/resolution or raise the capacity",2bba85e9de06a770,P,16,0,8da29d3843,1,synthetic:grid-v6,capacity,harsh|clip_grid_fast_v6|harsh|rep1|seed20240909,0.0201
harsh,,nan,clip_grid_fast_v6,513daecc81f466207419ba7516e3c46b9af9cd6e8e65751eaa7b6e6914197bce,07b257405f757223,"frame 0 needs 6 rasters, the profile allows 3; lower the quality/resolution or raise the capacity",eb30377b92ba26e6,P,16,0,8da29d3843,2,synthetic:grid-v6,capacity,harsh|clip_grid_fast_v6|harsh|rep2|seed20240909,0.0196
harsh,,nan,clip_grid_fast_v6,513daecc81f466207419ba7516e3c46b9af9cd6e8e65751eaa7b6e6914197bce,07b257405f757223,"frame 0 needs 6 rasters, the profile allows 3; lower the quality/resolution or raise the capacity",16b44a2ce1822fe3,P,16,0,8da29d3843,3,synthetic:grid-v6,capacity,harsh|clip_grid_fast_v6|harsh|rep3|seed20240909,0.0186
harsh,,nan,clip_grid_fast_v6,513daecc81f466207419ba7516e3c46b9af9cd6e8e65751eaa7b6e6914197bce,07b257405f757223,"frame 0 needs 6 rasters, the profile allows 3; lower the quality/resolution or raise the capacity",b892b068acc1bf94,P,16,0,8da29d3843,4,synthetic:grid-v6,capacity,harsh|clip_grid_fast_v6|harsh|rep4|seed20240909,0.0231
clean,,nan,clip_lowlight_slow_v0,c44191d183e75dfa673fdd5d53874f3b0e30f41d0d48ce266420fae2c142ff6f,07b257405f757223,,894b4ec99f0b137b,B0a,16,16,fb2e41a2d7,0,synthetic:lowlight-v0,ok,clean|clip_lowlight_slow_v0|clean|rep0|seed20240909,0.4837
clean,,nan,clip_lowlight_slow_v0,c44191d183e75dfa673fdd5d53874f3b0e30f41d0d48ce266420fae2c142ff6f,07b257405f757223,,934c3a1142fbe24b,B0a,16,16,fb2e41a2d7,1,synthetic:lowlight-v0,ok,clean|clip_lowlight_slow_v0|clean|rep1|seed20240909,0.4895
moderate,,nan,clip_grid_fast_v6,513daecc81f466207419ba7516e3c46b9af9cd6e8e65751eaa7b6e6914197bce,07b257405f757223,,6dfece50cd2ad837,B3,16,16,fb2e41a2d7,4,synthetic:grid-v6,ok,moderate|clip_grid_fast_v6|moderate|rep4|seed20240909,8.8124
moderate,,nan,clip_grid_fast_v6,513daecc81f466207419ba7516e3c46b9af9cd6e8e65751eaa7b6e6914197bce,07b257405f757223,,94ef658cf4d74665,B3,16,16,fb2e41a2d7,0,synthetic:grid-v6,ok,moderate|clip_grid_fast_v6|moderate|rep0|seed20240909,8.997
moderate,,nan,clip_grid_fast_v6,513daecc81f466207419ba7516e3c46b9af9cd6e8e65751eaa7b6e6914197bce,07b257405f757223,,6519bbb310ec5f70,B3,16,16,fb2e41a2d7,2,synthetic:grid-v6,ok,moderate|clip_grid_fast_v6|moderate|rep2|seed20240909,9.3236
clean,,nan,clip_lowlight_slow_v0,c44191d183e75dfa673fdd5d53874f3b0e30f41d0d48ce266420fae2c142ff6f,07b257405f757223,,089995036cca40eb,B0a,16,16,fb2e41a2d7,2,synthetic:lowlight-v0,ok,clean|clip_lowlight_slow_v0|clean|rep2|seed20240909,0.5135
clean,,nan,clip_lowlight_slow_v0,c44191d183e75dfa673fdd5d53874f3b0e30f41d0d48ce266420fae2c142ff6f,07b257405f757223,,d0c9e681dc8793f8,B0a,16,16,fb2e41a2d7,4,synthetic:lowlight-v0,ok,clean|clip_lowlight_slow_v0|clean|rep4|seed20240909,0.476
clean,,nan,clip_lowlight_slow_v0,c44191d183e75dfa673fdd5d53874f3b0e30f41d0d48ce266420fae2c142ff6f,07b257405f757223,,d99b976aba5abbdb,B0a,16,16,fb2e41a2d7,3,synthetic:lowlight-v0,ok,clean|clip_lowlight_slow_v0|clean|rep3|seed20240909,0.4923
moderate,,nan,clip_grid_fast_v6,513daecc81f466207419ba7516e3c46b9af9cd6e8e65751eaa7b6e6914197bce,07b257405f757223,,daa22ea484df8f52,B3,16,16,fb2e41a2d7,1,synthetic:grid-v6,ok,moderate|clip_grid_fast_v6|moderate|rep1|seed20240909,9.5364
moderate,,nan,clip_grid_fast_v6,513daecc81f466207419ba7516e3c46b9af9cd6e8e65751eaa7b6e6914197bce,07b257405f757223,,23a76a43a7f1f21e,B3,16,16,fb2e41a2d7,3,synthetic:grid-v6,ok,moderate|clip_grid_fast_v6|moderate|rep3|seed20240909,9.4532
mild,,nan,clip_lowlight_slow_v0,c44191d183e75dfa673fdd5d53874f3b0e30f41d0d48ce266420fae2c142ff6f,07b257405f757223,,b4d2f346232b7d7e,B0a,16,16,fb2e41a2d7,1,synthetic:lowlight-v0,ok,mild|clip_lowlight_slow_v0|mild|rep1|seed20240909,0.6242
mild,,nan,clip_lowlight_slow_v0,c44191d183e75dfa673fdd5d53874f3b0e30f41d0d48ce266420fae2c142ff6f,07b257405f757223,,031affe3b7052877,B0a,16,16,fb2e41a2d7,0,synthetic:lowlight-v0,ok,mild|clip_lowlight_slow_v0|mild|rep0|seed20240909,0.7216
mild,,nan,clip_lowlight_slow_v0,c44191d183e75dfa673fdd5d53874f3b0e30f41d0d48ce266420fae2c142ff6f,07b257405f757223,,81d25f9c5f901582,B0a,16,16,fb2e41a2d7,2,synthetic:lowlight-v0,ok,mild|clip_lowlight_slow_v0|mild|rep2|seed20240909,0.6412
mild,,nan,clip_lowlight_slow_v0,c44191d183e75dfa673fdd5d53874f3b0e30f41d0d48ce266420fae2c142ff6f,07b257405f757223,,d053442e3bfa4d13,B0a,16,16,fb2e41a2d7,3,synthetic:lowlight-v0,ok,mild|clip_lowlight_slow_v0|mild|rep3|seed20240909,0.6458
mild,,nan,clip_lowlight_slow_v0,c44191d183e75dfa673fdd5d53874f3b0e30f41d0d48ce266420fae2c142ff6f,07b257405f757223,,b306673fcdaaf167,B0a,16,16,fb2e41a2d7,4,synthetic:lowlight-v0,ok,mild|clip_lowlight_slow_v0|mild|rep4|seed20240909,0.6947
moderate,,nan,clip_lowlight_slow_v0,c44191d183e75dfa673fdd5d53874f3b0e30f41d0d48ce266420fae2c142ff6f,07b257405f757223,,bcc629183a382a5e,B0a,16,16,fb2e41a2d7,0,synthetic:lowlight-v0,ok,moderate|clip_lowlight_slow_v0|moderate|rep0|seed20240909,0.6923
harsh,,nan,clip_grid_fast_v6,513daecc81f466207419ba7516e3c46b9af9cd6e8e65751eaa7b6e6914197bce,07b257405f757223,,c35ec00ae3f5ed5b,B3,16,16,fb2e41a2d7,0,synthetic:grid-v6,ok,harsh|clip_grid_fast_v6|harsh|rep0|seed20240909,4.4452
bursty,,nan,clip_grid_fast_v6,513daecc81f466207419ba7516e3c46b9af9cd6e8e65751eaa7b6e6914197bce,07b257405f757223,,36127cf48870f224,B3,16,16,fb2e41a2d7,0,synthetic:grid-v6,ok,bursty|clip_grid_fast_v6|bursty|rep0|seed20240909,9.3134
harsh,,nan,clip_grid_fast_v6,513daecc81f466207419ba7516e3c46b9af9cd6e8e65751eaa7b6e6914197bce,07b257405f757223,,9b5b50c5e1bf767d,B3,16,16,fb2e41a2d7,1,synthetic:grid-v6,ok,harsh|clip_grid_fast_v6|harsh|rep1|seed20240909,4.3955
moderate,,nan,clip_lowlight_slow_v0,c44191d183e75dfa673fdd5d53874f3b0e30f41d0d48ce266420fae2c142ff6f,07b257405f757223,,8fa1889e8988cd2b,B0a,16,16,fb2e41a2d7,1,synthetic:lowlight-v0,ok,moderate|clip_lowlight_slow_v0|moderate|rep1|seed20240909,0.714
moderate,,nan,clip_lowlight_slow_v0,c44191d183e75dfa673fdd5d53874f3b0e30f41d0d48ce266420fae2c142ff6f,07b257405f757223,,ee1ef31dffe4a6a5,B0a,16,16,fb2e41a2d7,2,synthetic:lowlight-v0,ok,moderate|clip_lowlight_slow_v0|moderate|rep2|seed20240909,0.7431
moderate,,nan,clip_lowlight_slow_v0,c44191d183e75dfa673fdd5d53874f3b0e30f41d0d48ce266420fae2c142ff6f,07b257405f757223,,34c53c3128e1f802,B0a,16,16,fb2e41a2d7,3,synthetic:lowlight-v0,ok,moderate|clip_lowlight_slow_v0|moderate|rep3|seed20240909,0.7284
harsh,,nan,clip_grid_fast_v6,513daecc81f466207419ba7516e3c46b9af9cd6e8e65751eaa7b6e6914197bce,07b257405f757223,,c579a940e1456154,B3,16,16,fb2e41a2d7,2,synthetic:grid-v6,ok,harsh|clip_grid_fast_v6|harsh|rep2|seed20240909,4.5564
moderate,,nan,clip_lowlight_slow_v0,c44191d183e75dfa673fdd5d53874f3b0e30f41d0d48ce266420fae2c142ff6f,07b257405f757223,,9d6e5aa61779e5ef,B0a,16,16,fb2e41a2d7,4,synthetic:lowlight-v0,ok,moderate|clip_lowlight_slow_v0|moderate|rep4|seed20240909,0.7317
harsh,,nan,clip_grid_fast_v6,513daecc81f466207419ba7516e3c46b9af9cd6e8e65751eaa7b6e6914197bce,07b257405f757223,,6e167cb14b3c3b3a,B3,16,16,fb2e41a2d7,4,synthetic:grid-v6,ok,harsh|clip_grid_fast_v6|harsh|rep4|seed20240909,4.4058
bursty,,nan,clip_lowlight_slow_v0,c44191d183e75dfa673fdd5d53874f3b0e30f41d0d48ce266420fae2c142ff6f,07b257405f757223,,78719abb5e6fd80e,B0a,16,16,fb2e41a2d7,0,synthetic:lowlight-v0,ok,bursty|clip_lowlight_slow_v0|bursty|rep0|seed20240909,0.6904
harsh,,nan,clip_grid_fast_v6,513daecc81f466207419ba7516e3c46b9af9cd6e8e65751eaa7b6e6914197bce,07b257405f757223,,8e6b3cabd76339dd,B3,16,16,fb2e41a2d7,3,synthetic:grid-v6,ok,harsh|clip_grid_fast_v6|harsh|rep3|seed20240909,4.5489
bursty,,nan,clip_lowlight_slow_v0,c44191d183e75dfa673fdd5d53874f3b0e30f41d0d48ce266420fae2c142ff6f,07b257405f757223,,a4a2663ff5e4019b,B0a,16,16,fb2e41a2d7,3,synthetic:lowlight-v0,ok,bursty|clip_lowlight_slow_v0|bursty|rep3|seed20240909,0.6663
bursty,,nan,clip_lowlight_slow_v0,c44191d183e75dfa673fdd5d53874f3b0e30f41d0d48ce266420fae2c142ff6f,07b257405f757223,,96d3396a16f6c609,B0a,16,16,fb2e41a2d7,2,synthetic:lowlight-v0,ok,bursty|clip_lowlight_slow_v0|bursty|rep2|seed20240909,0.6931
bursty,,nan,clip_lowlight_slow_v0,c44191d183e75dfa673fdd5d53874f3b0e30f41d0d48ce266420fae2c142ff6f,07b257405f757223,,3cc51bcd7f1663ad,B0a,16,16,fb2e41a2d7,1,synthetic:lowlight-v0,ok,bursty|clip_lowlight_slow_v0|bursty|rep1|seed20240909,0.7318
bursty,,nan,clip_lowlight_slow_v0,c44191d183e75dfa673fdd5d53874f3b0e30f41d0d48ce266420fae2c142ff6f,07b257405f757223,,61e700c3389e0187,B0a,16,16,fb2e41a2d7,4,synthetic:lowlight-v0,ok,bursty|clip_lowlight_slow_v0|bursty|rep4|seed20240909,0.7
harsh,,nan,clip_lowlight_slow_v0,c44191d183e75dfa673fdd5d53874f3b0e30f41d0d48ce266420fae2c142ff6f,07b257405f757223,,9bc9f8d900336c24,B0a,16,16,fb2e41a2d7,0,synthetic:lowlight-v0,ok,harsh|clip_lowlight_slow_v0|harsh|rep0|seed20240909,0.7583
harsh,,nan,clip_lowlight_slow_v0,c44191d183e75dfa673fdd5d53874f3b0e30f41d0d48ce266420fae2c142ff6f,07b257405f757223,,a6c6e12c31956c80,B0a,16,16,fb2e41a2d7,1,synthetic:lowlight-v0,ok,harsh|clip_lowlight_slow_v0|harsh|rep1|seed20240909,0.7705
harsh,,nan,clip_lowlight_slow_v0,c44191d183e75dfa673fdd5d53874f3b0e30f41d0d48ce266420fae2c142ff6f,07b257405f757223,,ded021f7d07c2adb,B0a,16,16,fb2e41a2d7,4,synthetic:lowlight-v0,ok,harsh|clip_lowlight_slow_v0|harsh|rep4|seed20240909,0.7325
harsh,,nan,clip_lowlight_slow_v0,c44191d183e75dfa673fdd5d53874f3b0e30f41d0d48ce266420fae2c142ff6f,07b257405f757223,,3dae191d65282bdf,B0a,16,16,fb2e41a2d7,2,synthetic:lowlight-v0,ok,harsh|clip_lowlight_slow_v0|harsh|rep2|seed20240909,0.7609
harsh,,nan,clip_lowlight_slow_v0,c44191d183e75dfa673fdd5d53874f3b0e30f41d0d48ce266420fae2c142ff6f,07b257405f757223,,91797f707acc8729,B0a,16,16,fb2e41a2d7,3,synthetic:lowlight-v0,ok,harsh|clip_lowlight_slow_v0|harsh|rep3|seed20240909,0.7426
clean,,nan,clip_lowlight_slow_v0,c44191d183e75dfa673fdd5d53874f3b0e30f41d0d48ce266420fae2c142ff6f,07b257405f757223,,e92d7364816f5c0c,B0a-R,16,16,fb2e41a2d7,0,synthetic:lowlight-v0,ok,clean|clip_lowlight_slow_v0|clean|rep0|seed20240909,1.3228
clean,,nan,clip_lowlight_slow_v0,c44191d183e75dfa673fdd5d53874f3b0e30f41d0d48ce266420fae2c142ff6f,07b257405f757223,,298767525605ab10,B0a-R,16,16,fb2e41a2d7,1,synthetic:lowlight-v0,ok,clean|clip_lowlight_slow_v0|clean|rep1|seed20240909,1.3574
clean,,nan,clip_lowlight_slow_v0,c44191d183e75dfa673fdd5d53874f3b0e30f41d0d48ce266420fae2c142ff6f,07b257405f757223,,f8e81c25eac5868a,B0a-R,16,16,fb2e41a2d7,2,synthetic:lowlight-v0,ok,clean|clip_lowlight_slow_v0|clean|rep2|seed20240909,1.3975
clean,,nan,clip_lowlight_slow_v0,c44191d183e75dfa673fdd5d53874f3b0e30f41d0d48ce266420fae2c142ff6f,07b257405f757223,,2f3bc07aaee8cd1f,B0a-R,16,16,fb2e41a2d7,3,synthetic:lowlight-v0,ok,clean|clip_lowlight_slow_v0|clean|rep3|seed20240909,1.3712
clean,,nan,clip_lowlight_slow_v0,c44191d183e75dfa673fdd5d53874f3b0e30f41d0d48ce266420fae2c142ff6f,07b257405f757223,,c270c8833c6c842a,B0a-R,16,16,fb2e41a2d7,4,synthetic:lowlight-v0,ok,clean|clip_lowlight_slow_v0|clean|rep4|seed20240909,1.5161
mild,,nan,clip_lowlight_slow_v0,c44191d183e75dfa673fdd5d53874f3b0e30f41d0d48ce266420fae2c142ff6f,07b257405f757223,,0beca6e93106157c,B0a-R,16,16,fb2e41a2d7,0,synthetic:lowlight-v0,ok,mild|clip_lowlight_slow_v0|mild|rep0|seed20240909,1.8975
mild,,nan,clip_lowlight_slow_v0,c44191d183e75dfa673fdd5d53874f3b0e30f41d0d48ce266420fae2c142ff6f,07b257405f757223,,0b591f16679a10f0,B0a-R,16,16,fb2e41a2d7,1,synthetic:lowlight-v0,ok,mild|clip_lowlight_slow_v0|mild|rep1|seed20240909,1.8566
mild,,nan,clip_lowlight_slow_v0,c44191d183e75dfa673fdd5d53874f3b0e30f41d0d48ce266420fae2c142ff6f,07b257405f757223,,7d563491c459857e,B0a-R,16,16,fb2e41a2d7,2,synthetic:lowlight-v0,ok,mild|clip_lowlight_slow_v0|mild|rep2|seed20240909,1.8428
mild,,nan,clip_lowlight_slow_v0,c44191d183e75dfa673fdd5d53874f3b0e30f41d0d48ce266420fae2c142ff6f,07b257405f757223,,6aa7c50cfaa8ebc5,B0a-R,16,16,fb2e41a2d7,4,synthetic:lowlight-v0,ok,mild|clip_lowlight_slow_v0|mild|rep4|seed20240909,1.8511
mild,,nan,clip_lowlight_slow_v0,c44191d183e75dfa673fdd5d53874f3b0e30f41d0d48ce266420fae2c142ff6f,07b257405f757223,,ba3e763a9c78bc69,B0a-R,16,16,fb2e41a2d7,3,synthetic:lowlight-v0,ok,mild|clip_lowlight_slow_v0|mild|rep3|seed20240909,1.8978
moderate,,nan,clip_lowlight_slow_v0,c44191d183e75dfa673fdd5d53874f3b0e30f41d0d48ce266420fae2c142ff6f,07b257405f757223,,d33a3be7e1301e9c,B0a-R,16,16,fb2e41a2d7,1,synthetic:lowlight-v0,ok,moderate|clip_lowlight_slow_v0|moderate|rep1|seed20240909,2.0233
moderate,,nan,clip_lowlight_slow_v0,c44191d183e75dfa673fdd5d53874f3b0e30f41d0d48ce266420fae2c142ff6f,07b257405f757223,,440c545dc86d567b,B0a-R,16,16,fb2e41a2d7,0,synthetic:lowlight-v0,ok,moderate|clip_lowlight_slow_v0|moderate|rep0|seed20240909,2.0483
moderate,,nan,clip_lowlight_slow_v0,c44191d183e75dfa673fdd5d53874f3b0e30f41d0d48ce266420fae2c142ff6f,07b257405f757223,,8b6549327ef0a018,B0a-R,16,16,fb2e41a2d7,2,synthetic:lowlight-v0,ok,moderate|clip_lowlight_slow_v0|moderate|rep2|seed20240909,2.0664
bursty,,nan,clip_lowlight_slow_v0,c44191d183e75dfa673fdd5d53874f3b0e30f41d0d48ce266420fae2c142ff6f,07b257405f757223,,187c79e1cde38efb,B0a-R,16,16,fb2e41a2d7,0,synthetic:lowlight-v0,ok,bursty|clip_lowlight_slow_v0|bursty|rep0|seed20240909,1.9211
moderate,,nan,clip_lowlight_slow_v0,c44191d183e75dfa673fdd5d53874f3b0e30f41d0d48ce266420fae2c142ff6f,07b257405f757223,,1dddbcfdee6303d7,B0a-R,16,16,fb2e41a2d7,3,synthetic:lowlight-v0,ok,moderate|clip_lowlight_slow_v0|moderate|rep3|seed20240909,2.0489
bursty,,nan,clip_lowlight_slow_v0,c44191d183e75dfa673fdd5d53874f3b0e30f41d0d48ce266420fae2c142ff6f,07b257405f757223,,80cfcda651fe4b79,B0a-R,16,16,fb2e41a2d7,1,synthetic:lowlight-v0,ok,bursty|clip_lowlight_slow_v0|bursty|rep1|seed20240909,1.9054
moderate,,nan,clip_lowlight_slow_v0,c44191d183e75dfa673fdd5d53874f3b0e30f41d0d48ce266420fae2c142ff6f,07b257405f757223,,555ecd6b6dc735ef,B0a-R,16,16,fb2e41a2d7,4,synthetic:lowlight-v0,ok,moderate|clip_lowlight_slow_v0|moderate|rep4|seed20240909,2.1105
bursty,,nan,clip_grid_fast_v6,513daecc81f466207419ba7516e3c46b9af9cd6e8e65751eaa7b6e6914197bce,07b257405f757223,,656ee7b574596172,B3,16,16,fb2e41a2d7,4,synthetic:grid-v6,ok,bursty|clip_grid_fast_v6|bursty|rep4|seed20240909,8.8003
bursty,,nan,clip_grid_fast_v6,513daecc81f466207419ba7516e3c46b9af9cd6e8e65751eaa7b6e6914197bce,07b257405f757223,,d340858d493accb2,B3,16,16,fb2e41a2d7,1,synthetic:grid-v6,ok,bursty|clip_grid_fast_v6|bursty|rep1|seed20240909,8.9553
bursty,,nan,clip_lowlight_slow_v0,c44191d183e75dfa673fdd5d53874f3b0e30f41d0d48ce266420fae2c142ff6f,07b257405f757223,,a24cbe8a6d7be415,B0a-R,16,16,fb2e41a2d7,2,synthetic:lowlight-v0,ok,bursty|clip_lowlight_slow_v0|bursty|rep2|seed20240909,1.923
bursty,,nan,clip_grid_fast_v6,513daecc81f466207419ba7516e3c46b9af9cd6e8e65751eaa7b6e6914197bce,07b257405f757223,,0b84fb78f42ad7b2,B3,16,16,fb2e41a2d7,2,synthetic:grid-v6,ok,bursty|clip_grid_fast_v6|bursty|rep2|seed20240909,9.2328
bursty,,nan,clip_lowlight_slow_v0,c44191d183e75dfa673fdd5d53874f3b0e30f41d0d48ce266420fae2c142ff6f,07b257405f757223,,bb8845261d40478c,B0a-R,16,16,fb2e41a2d7,3,synthetic:lowlight-v0,ok,bursty|clip_lowlight_slow_v0|bursty|rep3|seed20240909,1.9048
bursty,,nan,clip_lowlight_slow_v0,c44191d183e75dfa673fdd5d53874f3b0e30f41d0d48ce266420fae2c142ff6f,07b257405f757223,,8587bbc90b1b25b0,B0a-R,16,16,fb2e41a2d7,4,synthetic:lowlight-v0,ok,bursty|clip_lowlight_slow_v0|bursty|rep4|seed20240909,1.8985
bursty,,nan,clip_grid_fast_v6,513daecc81f466207419ba7516e3c46b9af9cd6e8e65751eaa7b6e6914197bce,07b257405f757223,,81b70f325b093d7f,B3,16,16,fb2e41a2d7,3,synthetic:grid-v6,ok,bursty|clip_grid_fast_v6|bursty|rep3|seed20240909,9.5289
harsh,,nan,clip_lowlight_slow_v0,c44191d183e75dfa673fdd5d53874f3b0e30f41d0d48ce266420fae2c142ff6f,07b257405f757223,,ae3241489b9e41e0,B0a-R,16,16,fb2e41a2d7,0,synthetic:lowlight-v0,ok,harsh|clip_lowlight_slow_v0|harsh|rep0|seed20240909,2.0186
harsh,,nan,clip_lowlight_slow_v0,c44191d183e75dfa673fdd5d53874f3b0e30f41d0d48ce266420fae2c142ff6f,07b257405f757223,,8c045ce93ec76f2d,B0a-R,16,16,fb2e41a2d7,1,synthetic:lowlight-v0,ok,harsh|clip_lowlight_slow_v0|harsh|rep1|seed20240909,1.9803
harsh,,nan,clip_lowlight_slow_v0,c44191d183e75dfa673fdd5d53874f3b0e30f41d0d48ce266420fae2c142ff6f,07b257405f757223,,0c1271b346816ecf,B0a-R,16,16,fb2e41a2d7,3,synthetic:lowlight-v0,ok,harsh|clip_lowlight_slow_v0|harsh|rep3|seed20240909,1.9933
harsh,,nan,clip_lowlight_slow_v0,c44191d183e75dfa673fdd5d53874f3b0e30f41d0d48ce266420fae2c142ff6f,07b257405f757223,,1ed372e688242ed4,B0a-R,16,16,fb2e41a2d7,2,synthetic:lowlight-v0,ok,harsh|clip_lowlight_slow_v0|harsh|rep2|seed20240909,2.0273
harsh,,nan,clip_lowlight_slow_v0,c44191d183e75dfa673fdd5d53874f3b0e30f41d0d48ce266420fae2c142ff6f,07b257405f757223,,19ab024a78b3dd4a,B0a-R,16,16,fb2e41a2d7,4,synthetic:lowlight-v0,ok,harsh|clip_lowlight_slow_v0|harsh|rep4|seed20240909,1.9112
clean,,nan,clip_lowlight_slow_v0,c44191d183e75dfa673fdd5d53874f3b0e30f41d0d48ce266420fae2c142ff6f,07b257405f757223,,8b0e7a97ce3f07c6,B0d,16,16,fb2e41a2d7,0,synthetic:lowlight-v0,ok,clean|clip_lowlight_slow_v0|clean|rep0|seed20240909,3.9519
clean,,nan,clip_lowlight_slow_v0,c44191d183e75dfa673fdd5d53874f3b0e30f41d0d48ce266420fae2c142ff6f,07b257405f757223,,3c0081659847448e,B0d,16,16,fb2e41a2d7,1,synthetic:lowlight-v0,ok,clean|clip_lowlight_slow_v0|clean|rep1|seed20240909,3.9107
clean,,nan,clip_lowlight_slow_v0,c44191d183e75dfa673fdd5d53874f3b0e30f41d0d48ce266420fae2c142ff6f,07b257405f757223,,459b9aa31d602c69,B0d,16,16,fb2e41a2d7,2,synthetic:lowlight-v0,ok,clean|clip_lowlight_slow_v0|clean|rep2|seed20240909,3.8875
clean,,nan,clip_lowlight_slow_v0,c44191d183e75dfa673fdd5d53874f3b0e30f41d0d48ce266420fae2c142ff6f,07b257405f757223,,708a927beb05069c,B0d,16,16,fb2e41a2d7,3,synthetic:lowlight-v0,ok,clean|clip_lowlight_slow_v0|clean|rep3|seed20240909,3.9071
clean,,nan,clip_lowlight_slow_v0,c44191d183e75dfa673fdd5d53874f3b0e30f41d0d48ce266420fae2c142ff6f,07b257405f757223,,df03d69c0a9d4c40,B0d,16,16,fb2e41a2d7,4,synthetic:lowlight-v0,ok,clean|clip_lowlight_slow_v0|clean|rep4|seed20240909,3.8904
mild,,nan,clip_lowlight_slow_v0,c44191d183e75dfa673fdd5d53874f3b0e30f41d0d48ce266420fae2c142ff6f,07b257405f757223,,42a238c611c6df3d,B0d,16,16,fb2e41a2d7,0,synthetic:lowlight-v0,ok,mild|clip_lowlight_slow_v0|mild|rep0|seed20240909,4.1776
mild,,nan,clip_lowlight_slow_v0,c44191d183e75dfa673fdd5d53874f3b0e30f41d0d48ce266420fae2c142ff6f,07b257405f757223,,c384d11b95c709e9,B0d,16,16,fb2e41a2d7,1,synthetic:lowlight-v0,ok,mild|clip_lowlight_slow_v0|mild|rep1|seed20240909,4.2374
mild,,nan,clip_lowlight_slow_v0,c44191d183e75dfa673fdd5d53874f3b0e30f41d0d48ce266420fae2c142ff6f,07b257405f757223,,545b20e8eed5734a,B0d,16,16,fb2e41a2d7,2,synthetic:lowlight-v0,ok,mild|clip_lowlight_slow_v0|mild|rep2|seed20240909,4.1734
mild,,nan,clip_lowlight_slow_v0,c44191d183e75dfa673fdd5d53874f3b0e30f41d0d48ce266420fae2c142ff6f,07b257405f757223,,454f7bab96e8f676,B0d,16,16,fb2e41a2d7,3,synthetic:lowlight-v0,ok,mild|clip_lowlight_slow_v0|mild|rep3|seed20240909,4.1906
mild,,nan,clip_lowlight_slow_v0,c44191d183e75dfa673fdd5d53874f3b0e30f41d0d48ce266420fae2c142ff6f,07b257405f757223,,c4017aa4c6f2aea5,B0d,16,16,fb2e41a2d7,4,synthetic:lowlight-v0,ok,mild|clip_lowlight_slow_v0|mild|rep4|seed20240909,4.2768
clean,,nan,clip_lowlight_slow_v0,c44191d183e75dfa673fdd5d53874f3b0e30f41d0d48ce266420fae2c142ff6f,07b257405f757223,,2b61c308d3f8c751,B1,16,16,fb2e41a2d7,0,synthetic:lowlight-v0,ok,clean|clip_lowlight_slow_v0|clean|rep0|seed20240909,0.5213
clean,,nan,clip_lowlight_slow_v0,c44191d183e75dfa673fdd5d53874f3b0e30f41d0d48ce266420fae2c142ff6f,07b257405f757223,,df051f19aa8dc2ac,B1,16,16,fb2e41a2d7,1,synthetic:lowlight-v0,ok,clean|clip_lowlight_slow_v0|clean|rep1|seed20240909,0.4675
clean,,nan,clip_lowlight_slow_v0,c44191d183e75dfa673fdd5d53874f3b0e30f41d0d48ce266420fae2c142ff6f,07b257405f757223,,c67a10cf7ed3a4f7,B1,16,16,fb2e41a2d7,2,synthetic:lowlight-v0,ok,clean|clip_lowlight_slow_v0|clean|rep2|seed20240909,0.4994
harsh,,nan,clip_lowlight_slow_v0,c44191d183e75dfa673fdd5d53874f3b0e30f41d0d48ce266420fae2c142ff6f,07b257405f757223,,155f0b21a60540aa,B0d,16,16,fb2e41a2d7,0,synthetic:lowlight-v0,ok,harsh|clip_lowlight_slow_v0|harsh|rep0|seed20240909,2.8265
clean,,nan,clip_lowlight_slow_v0,c44191d183e75dfa673fdd5d53874f3b0e30f41d0d48ce266420fae2c142ff6f,07b257405f757223,,fa09731f6970a155,B1,16,16,fb2e41a2d7,3,synthetic:lowlight-v0,ok,clean|clip_lowlight_slow_v0|clean|rep3|seed20240909,0.4892
harsh,,nan,clip_lowlight_slow_v0,c44191d183e75dfa673fdd5d53874f3b0e30f41d0d48ce266420fae2c142ff6f,07b257405f757223,,9c356ed98aaa6e26,B0d,16,16,fb2e41a2d7,1,synthetic:lowlight-v0,ok,harsh|clip_lowlight_slow_v0|harsh|rep1|seed20240909,2.7295
clean,,nan,clip_lowlight_slow_v0,c44191d183e75dfa673fdd5d53874f3b0e30f41d0d48ce266420fae2c142ff6f,07b257405f757223,,455381106c951450,B1,16,16,fb2e41a2d7,4,synthetic:lowlight-v0,ok,clean|clip_lowlight_slow_v0|clean|rep4|seed20240909,0.4916
moderate,,nan,clip_lowlight_slow_v0,c44191d183e75dfa673fdd5d53874f3b0e30f41d0d48ce266420fae2c142ff6f,07b257405f757223,,f8d8ad5a272a6215,B0d,16,16,fb2e41a2d7,1,synthetic:lowlight-v0,ok,moderate|clip_lowlight_slow_v0|moderate|rep1|seed20240909,6.5963
harsh,,nan,clip_lowlight_slow_v0,c44191d183e75dfa673fdd5d53874f3b0e30f41d0d48ce266420fae2c142ff6f,07b257405f757223,,71a0f24dc1fbf7a5,B0d,16,16,fb2e41a2d7,2,synthetic:lowlight-v0,ok,harsh|clip_lowlight_slow_v0|harsh|rep2|seed20240909,2.975
moderate,,nan,clip_lowlight_slow_v0,c44191d183e75dfa673fdd5d53874f3b0e30f41d0d48ce266420fae2c142ff6f,07b257405f757223,,4eb3ca0d60642933,B0d,16,16,fb2e41a2d7,2,synthetic:lowlight-v0,ok,moderate|clip_lowlight_slow_v0|moderate|rep2|seed20240909,6.6124
mild,,nan,clip_lowlight_slow_v0,c44191d183e75dfa673fdd5d53874f3b0e30f41d0d48ce266420fae2c142ff6f,07b257405f757223,,ebede8e678d38d33,B1,16,16,fb2e41a2d7,0,synthetic:lowlight-v0,ok,mild|clip_lowlight_slow_v0|mild|rep0|seed20240909,0.6377
harsh,,nan,clip_lowlight_slow_v0,c44191d183e75dfa673fdd5d53874f3b0e30f41d0d48ce266420fae2c142ff6f,07b257405f757223,,561fdb2c93b6a138,B0d,16,16,fb2e41a2d7,4,synthetic:lowlight-v0,ok,harsh|clip_lowlight_slow_v0|harsh|rep4|seed20240909,2.8516
moderate,,nan,clip_lowlight_slow_v0,c44191d183e75dfa673fdd5d53874f3b0e30f41d0d48ce266420fae2c142ff6f,07b257405f757223,,cda96e096a72418e,B0d,16,16,fb2e41a2d7,3,synthetic:lowlight-v0,ok,moderate|clip_lowlight_slow_v0|moderate|rep3|seed20240909,6.5792
harsh,,nan,clip_lowlight_slow_v0,c44191d183e75dfa673fdd5d53874f3b0e30f41d0d48ce266420fae2c142ff6f,07b257405f757223,,66a23e15067e7681,B0d,16,16,fb2e41a2d7,3,synthetic:lowlight-v0,ok,harsh|clip_lowlight_slow_v0|harsh|rep3|seed20240909,3.0613
mild,,nan,clip_lowlight_slow_v0,c44191d183e75dfa673fdd5d53874f3b0e30f41d0d48ce266420fae2c142ff6f,07b257405f757223,,9305369476dab95a,B1,16,16,fb2e41a2d7,1,synthetic:lowlight-v0,ok,mild|clip_lowlight_slow_v0|mild|rep1|seed20240909,0.6679
moderate,,nan,clip_lowlight_slow_v0,c44191d183e75dfa673fdd5d53874f3b0e30f41d0d48ce266420fae2c142ff6f,07b257405f757223,,a0202ec0f5eb78f0,B0d,16,16,fb2e41a2d7,0,synthetic:lowlight-v0,ok,moderate|clip_lowlight_slow_v0|moderate|rep0|seed20240909,7.0617
moderate,,nan,clip_lowlight_slow_v0,c44191d183e75dfa673fdd5d53874f3b0e30f41d0d48ce266420fae2c142ff6f,07b257405f757223,,4194db7414256c56,B0d,16,16,fb2e41a2d7,4,synthetic:lowlight-v0,ok,moderate|clip_lowlight_slow_v0|moderate|rep4|seed20240909,6.8512
mild,,nan,clip_lowlight_slow_v0,c44191d183e75dfa673fdd5d53874f3b0e30f41d0d48ce266420fae2c142ff6f,07b257405f757223,,a67a76cc8e492654,B1,16,16,fb2e41a2d7,2,synthetic:lowlight-v0,ok,mild|clip_lowlight_slow_v0|mild|rep2|seed20240909,0.6798
moderate,,nan,clip_lowlight_slow_v0,c44191d183e75dfa673fdd5d53874f3b0e30f41d0d48ce266420fae2c142ff6f,07b257405f757223,,4b341c53702059e4,B1,16,16,fb2e41a2d7,0,synthetic:lowlight-v0,ok,moderate|clip_lowlight_slow_v0|moderate|rep0|seed20240909,0.7028
mild,,nan,clip_lowlight_slow_v0,c44191d183e75dfa673fdd5d53874f3b0e30f41d0d48ce266420fae2c142ff6f,07b257405f757223,,79c8bdcbd2219fdc,B1,16,16,fb2e41a2d7,4,synthetic:lowlight-v0,ok,mild|clip_lowlight_slow_v0|mild|rep4|seed20240909,0.7145
mild,,nan,clip_lowlight_slow_v0,c44191d183e75dfa673fdd5d53874f3b0e30f41d0d48ce266420fae2c142ff6f,07b257405f757223,,d7bf02127f3c8b98,B1,16,16,fb2e41a2d7,3,synthetic:lowlight-v0,ok,mild|clip_lowlight_slow_v0|mild|rep3|seed20240909,0.7351
moderate,,nan,clip_lowlight_slow_v0,c44191d183e75dfa673fdd5d53874f3b0e30f41d0d48ce266420fae2c142ff6f,07b257405f757223,,3331e280578170c9,B1,16,16,fb2e41a2d7,1,synthetic:lowlight-v0,ok,moderate|clip_lowlight_slow_v0|moderate|rep1|seed20240909,0.7391
moderate,,nan,clip_lowlight_slow_v0,c44191d183e75dfa673fdd5d53874f3b0e30f41d0d48ce266420fae2c142ff6f,07b257405f757223,,6edbcbd0d83e5e34,B1,16,16,fb2e41a2d7,2,synthetic:lowlight-v0,ok,moderate|clip_lowlight_slow_v0|moderate|rep2|seed20240909,0.7422
bursty,,nan,clip_lowlight_slow_v0,c44191d183e75dfa673fdd5d53874f3b0e30f41d0d48ce266420fae2c142ff6f,07b257405f757223,,f41ef149b58144ff,B1,16,16,fb2e41a2d7,0,synthetic:lowlight-v0,ok,bursty|clip_lowlight_slow_v0|bursty|rep0|seed20240909,0.6722
moderate,,nan,clip_lowlight_slow_v0,c44191d183e75dfa673fdd5d53874f3b0e30f41d0d48ce266420fae2c142ff6f,07b257405f757223,,d59271d9370b167d,B1,16,16,fb2e41a2d7,3,synthetic:lowlight-v0,ok,moderate|clip_lowlight_slow_v0|moderate|rep3|seed20240909,0.7597
moderate,,nan,clip_lowlight_slow_v0,c44191d183e75dfa673fdd5d53874f3b0e30f41d0d48ce266420fae2c142ff6f,07b257405f757223,,61bc2fca70e5be14,B1,16,16,fb2e41a2d7,4,synthetic:lowlight-v0,ok,moderate|clip_lowlight_slow_v0|moderate|rep4|seed20240909,0.7495
bursty,,nan,clip_lowlight_slow_v0,c44191d183e75dfa673fdd5d53874f3b0e30f41d0d48ce266420fae2c142ff6f,07b257405f757223,,dca4259d40d4ee53,B0d,16,16,fb2e41a2d7,0,synthetic:lowlight-v0,ok,bursty|clip_lowlight_slow_v0|bursty|rep0|seed20240909,6.9206
bursty,,nan,clip_lowlight_slow_v0,c44191d183e75dfa673fdd5d53874f3b0e30f41d0d48ce266420fae2c142ff6f,07b257405f757223,,a4d787763ed96d93,B1,16,16,fb2e41a2d7,1,synthetic:lowlight-v0,ok,bursty|clip_lowlight_slow_v0|bursty|rep1|seed20240909,0.7119
bursty,,nan,clip_lowlight_slow_v0,c44191d183e75dfa673fdd5d53874f3b0e30f41d0d48ce266420fae2c142ff6f,07b257405f757223,,7a435e3a84c9d9a1,B1,16,16,fb2e41a2d7,2,synthetic:lowlight-v0,ok,bursty|clip_lowlight_slow_v0|bursty|rep2|seed20240909,0.6812
bursty,,nan,clip_lowlight_slow_v0,c44191d183e75dfa673fdd5d53874f3b0e30f41d0d48ce266420fae2c142ff6f,07b257405f757223,,910cd77ce11e6c78,B1,16,16,fb2e41a2d7,3,synthetic:lowlight-v0,ok,bursty|clip_lowlight_slow_v0|bursty|rep3|seed20240909,0.712
clean,,nan,clip_lowlight_slow_v0,c44191d183e75dfa673fdd5d53874f3b0e30f41d0d48ce266420fae2c142ff6f,07b257405f757223,,0323bbd2efc41cbb,B2,16,16,fb2e41a2d7,0,synthetic:lowlight-v0,ok,clean|clip_lowlight_slow_v0|clean|rep0|seed20240909,0.5388
bursty,,nan,clip_lowlight_slow_v0,c44191d183e75dfa673fdd5d53874f3b0e30f41d0d48ce266420fae2c142ff6f,07b257405f757223,,2f4a66095ed36303,B1,16,16,fb2e41a2d7,4,synthetic:lowlight-v0,ok,bursty|clip_lowlight_slow_v0|bursty|rep4|seed20240909,0.7408
harsh,,nan,clip_lowlight_slow_v0,c44191d183e75dfa673fdd5d53874f3b0e30f41d0d48ce266420fae2c142ff6f,07b257405f757223,,8d4574dbb422b4b8,B1,16,16,fb2e41a2d7,1,synthetic:lowlight-v0,ok,harsh|clip_lowlight_slow_v0|harsh|rep1|seed20240909,0.7789
clean,,nan,clip_lowlight_slow_v0,c44191d183e75dfa673fdd5d53874f3b0e30f41d0d48ce266420fae2c142ff6f,07b257405f757223,,b8a067b1abce7cd7,B2,16,16,fb2e41a2d7,1,synthetic:lowlight-v0,ok,clean|clip_lowlight_slow_v0|clean|rep1|seed20240909,0.5936
harsh,,nan,clip_lowlight_slow_v0,c44191d183e75dfa673fdd5d53874f3b0e30f41d0d48ce266420fae2c142ff6f,07b257405f757223,,e009a9bef33744bb,B1,16,16,fb2e41a2d7,0,synthetic:lowlight-v0,ok,harsh|clip_lowlight_slow_v0|harsh|rep0|seed20240909,0.8014
clean,,nan,clip_lowlight_slow_v0,c44191d183e75dfa673fdd5d53874f3b0e30f41d0d48ce266420fae2c142ff6f,07b257405f757223,,4d74830003f474af,B2,16,16,fb2e41a2d7,2,synthetic:lowlight-v0,ok,clean|clip_lowlight_slow_v0|clean|rep2|seed20240909,0.5438
harsh,,nan,clip_lowlight_slow_v0,c44191d183e75dfa673fdd5d53874f3b0e30f41d0d48ce266420fae2c142ff6f,07b257405f757223,,4e388a4851456bb5,B1,16,16,fb2e41a2d7,2,synthetic:lowlight-v0,ok,harsh|clip_lowlight_slow_v0|harsh|rep2|seed20240909,0.7991
clean,,nan,clip_lowlight_slow_v0,c44191d183e75dfa673fdd5d53874f3b0e30f41d0d48ce266420fae2c142ff6f,07b257405f757223,,ead84417ef4b9a97,B2,16,16,fb2e41a2d7,3,synthetic:lowlight-v0,ok,clean|clip_lowlight_slow_v0|clean|rep3|seed20240909,0.573
harsh,,nan,clip_lowlight_slow_v0,c44191d183e75dfa673fdd5d53874f3b0e30f41d0d48ce266420fae2c142ff6f,07b257405f757223,,25fb97bcef958cef,B1,16,16,fb2e41a2d7,3,synthetic:lowlight-v0,ok,harsh|clip_lowlight_slow_v0|harsh|rep3|seed20240909,0.8062
harsh,,nan,clip_lowlight_slow_v0,c44191d183e75dfa673fdd5d53874f3b0e30f41d0d48ce266420fae2c142ff6f,07b257405f757223,,bff94f5f96789cd1,B1,16,16,fb2e41a2d7,4,synthetic:lowlight-v0,ok,harsh|clip_lowlight_slow_v0|harsh|rep4|seed20240909,0.7692
clean,,nan,clip_lowlight_slow_v0,c44191d183e75dfa673fdd5d53874f3b0e30f41d0d48ce266420fae2c142ff6f,07b257405f757223,,be22459dcbbc5bce,B2,16,16,fb2e41a2d7,4,synthetic:lowlight-v0,ok,clean|clip_lowlight_slow_v0|clean|rep4|seed20240909,0.5614
mild,,nan,clip_lowlight_slow_v0,c44191d183e75dfa673fdd5d53874f3b0e30f41d0d48ce266420fae2c142ff6f,07b257405f757223,,01db4830a919851f,B2,16,16,fb2e41a2d7,0,synthetic:lowlight-v0,ok,mild|clip_lowlight_slow_v0|mild|rep0|seed20240909,0.7277
mild,,nan,clip_lowlight_slow_v0,c44191d183e75dfa673fdd5d53874f3b0e30f41d0d48ce266420fae2c142ff6f,07b257405f757223,,7b659616f0940ad5,B2,16,16,fb2e41a2d7,2,synthetic:lowlight-v0,ok,mild|clip_lowlight_slow_v0|mild|rep2|seed20240909,0.7304
mild,,nan,clip_lowlight_slow_v0,c44191d183e75dfa673fdd5d53874f3b0e30f41d0d48ce266420fae2c142ff6f,07b257405f757223,,769788cf00d4c16e,B2,16,16,fb2e41a2d7,1,synthetic:lowlight-v0,ok,mild|clip_lowlight_slow_v0|mild|rep1|seed20240909,0.7347
mild,,nan,clip_lowlight_slow_v0,c44191d183e75dfa673fdd5d53874f3b0e30f41d0d48ce266420fae2c142ff6f,07b257405f757223,,5dbdaccbe07e3030,B2,16,16,fb2e41a2d7,3,synthetic:lowlight-v0,ok,mild|clip_lowlight_slow_v0|mild|rep3|seed20240909,0.7475
mild,,nan,clip_lowlight_slow_v0,c44191d183e75dfa673fdd5d53874f3b0e30f41d0d48ce266420fae2c142ff6f,07b257405f757223,,d0081ecc6f53af7c,B2,16,16,fb2e41a2d7,4,synthetic:lowlight-v0,ok,mild|clip_lowlight_slow_v0|mild|rep4|seed20240909,0.7486
moderate,,nan,clip_lowlight_slow_v0,c44191d183e75dfa673fdd5d53874f3b0e30f41d0d48ce266420fae2c142ff6f,07b257405f757223,,2723497f24fb0bce,B2,16,16,fb2e41a2d7,0,synthetic:lowlight-v0,ok,moderate|clip_lowlight_slow_v0|moderate|rep0|seed20240909,0.7911
moderate,,nan,clip_lowlight_slow_v0,c44191d183e75dfa673fdd5d53874f3b0e30f41d0d48ce266420fae2c142ff6f,07b257405f757223,,5180fdb5e13298ea,B2,16,16,fb2e41a2d7,1,synthetic:lowlight-v0,ok,moderate|clip_lowlight_slow_v0|moderate|rep1|seed20240909,0.7959
moderate,,nan,clip_lowlight_slow_v0,c44191d183e75dfa673fdd5d53874f3b0e30f41d0d48ce266420fae2c142ff6f,07b257405f757223,,90281f59f9989de2,B2,16,16,fb2e41a2d7,3,synthetic:lowlight-v0,ok,moderate|clip_lowlight_slow_v0|moderate|rep3|seed20240909,0.7596
moderate,,nan,clip_lowlight_slow_v0,c44191d183e75dfa673fdd5d53874f3b0e30f41d0d48ce266420fae2c142ff6f,07b257405f757223,,e44af399ba0f2d09,B2,16,16,fb2e41a2d7,2,synthetic:lowlight-v0,ok,moderate|clip_lowlight_slow_v0|moderate|rep2|seed20240909,0.805
bursty,,nan,clip_lowlight_slow_v0,c44191d183e75dfa673fdd5d53874f3b0e30f41d0d48ce266420fae2c142ff6f,07b257405f757223,,6c02719910be7040,B2,16,16,fb2e41a2d7,1,synthetic:lowlight-v0,ok,bursty|clip_lowlight_slow_v0|bursty|rep1|seed20240909,0.7399
moderate,,nan,clip_lowlight_slow_v0,c44191d183e75dfa673fdd5d53874f3b0e30f41d0d48ce266420fae2c142ff6f,07b257405f757223,,68375f4628322742,B2,16,16,fb2e41a2d7,4,synthetic:lowlight-v0,ok,moderate|clip_lowlight_slow_v0|moderate|rep4|seed20240909,0.7727
bursty,,nan,clip_lowlight_slow_v0,c44191d183e75dfa673fdd5d53874f3b0e30f41d0d48ce266420fae2c142ff6f,07b257405f757223,,d1a55c09e706d068,B2,16,16,fb2e41a2d7,0,synthetic:lowlight-v0,ok,bursty|clip_lowlight_slow_v0|bursty|rep0|seed20240909,0.8526
bursty,,nan,clip_lowlight_slow_v0,c44191d183e75dfa673fdd5d53874f3b0e30f41d0d48ce266420fae2c142ff6f,07b257405f757223,,ec2ca695631fd3a8,B2,16,16,fb2e41a2d7,2,synthetic:lowlight-v0,ok,bursty|clip_lowlight_slow_v0|bursty|rep2|seed20240909,0.7343
bursty,,nan,clip_lowlight_slow_v0,c44191d183e75dfa673fdd5d53874f3b0e30f41d0d48ce266420fae2c142ff6f,07b257405f757223,,f557486ab5d66ff0,B2,16,16,fb2e41a2d7,4,synthetic:lowlight-v0,ok,bursty|clip_lowlight_slow_v0|bursty|rep4|seed20240909,0.8288
bursty,,nan,clip_lowlight_slow_v0,c44191d183e75dfa673fdd5d53874f3b0e30f41d0d48ce266420fae2c142ff6f,07b257405f757223,,3e5179e260ec1a47,B2,16,16,fb2e41a2d7,3,synthetic:lowlight-v0,ok,bursty|clip_lowlight_slow_v0|bursty|rep3|seed20240909,0.9194
harsh,,nan,clip_lowlight_slow_v0,c44191d183e75dfa673fdd5d53874f3b0e30f41d0d48ce266420fae2c142ff6f,07b257405f757223,,b6a7e2d2ed371d4c,B2,16,16,fb2e41a2d7,0,synthetic:lowlight-v0,ok,harsh|clip_lowlight_slow_v0|harsh|rep0|seed20240909,0.8903
harsh,,nan,clip_lowlight_slow_v0,c44191d183e75dfa673fdd5d53874f3b0e30f41d0d48ce266420fae2c142ff6f,07b257405f757223,,cfa583271a98ee74,B2,16,16,fb2e41a2d7,1,synthetic:lowlight-v0,ok,harsh|clip_lowlight_slow_v0|harsh|rep1|seed20240909,0.8953
harsh,,nan,clip_lowlight_slow_v0,c44191d183e75dfa673fdd5d53874f3b0e30f41d0d48ce266420fae2c142ff6f,07b257405f757223,,94052dbe200f70e1,B2,16,16,fb2e41a2d7,4,synthetic:lowlight-v0,ok,harsh|clip_lowlight_slow_v0|harsh|rep4|seed20240909,0.8744
harsh,,nan,clip_lowlight_slow_v0,c44191d183e75dfa673fdd5d53874f3b0e30f41d0d48ce266420fae2c142ff6f,07b257405f757223,,b4733d1e9f8e3b6c,B2,16,16,fb2e41a2d7,2,synthetic:lowlight-v0,ok,harsh|clip_lowlight_slow_v0|harsh|rep2|seed20240909,0.9512
harsh,,nan,clip_lowlight_slow_v0,c44191d183e75dfa673fdd5d53874f3b0e30f41d0d48ce266420fae2c142ff6f,07b257405f757223,,59431ff2c63bceaa,B2,16,16,fb2e41a2d7,3,synthetic:lowlight-v0,ok,harsh|clip_lowlight_slow_v0|harsh|rep3|seed20240909,0.934
bursty,,nan,clip_lowlight_slow_v0,c44191d183e75dfa673fdd5d53874f3b0e30f41d0d48ce266420fae2c142ff6f,07b257405f757223,,e8a9e423c45e86e9,B0d,16,16,fb2e41a2d7,1,synthetic:lowlight-v0,ok,bursty|clip_lowlight_slow_v0|bursty|rep1|seed20240909,7.6651
bursty,,nan,clip_lowlight_slow_v0,c44191d183e75dfa673fdd5d53874f3b0e30f41d0d48ce266420fae2c142ff6f,07b257405f757223,,16eb1eadebb85e72,B0d,16,16,fb2e41a2d7,4,synthetic:lowlight-v0,ok,bursty|clip_lowlight_slow_v0|bursty|rep4|seed20240909,7.6504
bursty,,nan,clip_lowlight_slow_v0,c44191d183e75dfa673fdd5d53874f3b0e30f41d0d48ce266420fae2c142ff6f,07b257405f757223,,606eefde0a943afd,B0d,16,16,fb2e41a2d7,3,synthetic:lowlight-v0,ok,bursty|clip_lowlight_slow_v0|bursty|rep3|seed20240909,7.9347
bursty,,nan,clip_lowlight_slow_v0,c44191d183e75dfa673fdd5d53874f3b0e30f41d0d48ce266420fae2c142ff6f,07b257405f757223,,cbe36752aef6865a,B0d,16,16,fb2e41a2d7,2,synthetic:lowlight-v0,ok,bursty|clip_lowlight_slow_v0|bursty|rep2|seed20240909,8.078
clean,,nan,clip_lowlight_slow_v0,c44191d183e75dfa673fdd5d53874f3b0e30f41d0d48ce266420fae2c142ff6f,07b257405f757223,,98c58a65cbfec22d,B3,16,16,fb2e41a2d7,0,synthetic:lowlight-v0,ok,clean|clip_lowlight_slow_v0|clean|rep0|seed20240909,2.8704
clean,,nan,clip_lowlight_slow_v0,c44191d183e75dfa673fdd5d53874f3b0e30f41d0d48ce266420fae2c142ff6f,07b257405f757223,,27055808497d65e1,B3,16,16,fb2e41a2d7,2,synthetic:lowlight-v0,ok,clean|clip_lowlight_slow_v0|clean|rep2|seed20240909,2.8604
clean,,nan,clip_lowlight_slow_v0,c44191d183e75dfa673fdd5d53874f3b0e30f41d0d48ce266420fae2c142ff6f,07b257405f757223,,8ac8c61010f68a6a,B3,16,16,fb2e41a2d7,1,synthetic:lowlight-v0,ok,clean|clip_lowlight_slow_v0|clean|rep1|seed20240909,2.9349
clean,,nan,clip_lowlight_slow_v0,c44191d183e75dfa673fdd5d53874f3b0e30f41d0d48ce266420fae2c142ff6f,07b257405f757223,,46d75ba41625852d,B3,16,16,fb2e41a2d7,3,synthetic:lowlight-v0,ok,clean|clip_lowlight_slow_v0|clean|rep3|seed20240909,2.8594
clean,,nan,clip_lowlight_slow_v0,c44191d183e75dfa673fdd5d53874f3b0e30f41d0d48ce266420fae2c142ff6f,07b257405f757223,,6fd9e3b00a32f723,B3,16,16,fb2e41a2d7,4,synthetic:lowlight-v0,ok,clean|clip_lowlight_slow_v0|clean|rep4|seed20240909,2.8171
mild,,nan,clip_lowlight_slow_v0,c44191d183e75dfa673fdd5d53874f3b0e30f41d0d48ce266420fae2c142ff6f,07b257405f757223,,0d8a4246e96c238e,B3,16,16,fb2e41a2d7,2,synthetic:lowlight-v0,ok,mild|clip_lowlight_slow_v0|mild|rep2|seed20240909,2.7075
mild,,nan,clip_lowlight_slow_v0,c44191d183e75dfa673fdd5d53874f3b0e30f41d0d48ce266420fae2c142ff6f,07b257405f757223,,3b232e10ebdbaca1,B3,16,16,fb2e41a2d7,0,synthetic:lowlight-v0,ok,mild|clip_lowlight_slow_v0|mild|rep0|seed20240909,2.8399
mild,,nan,clip_lowlight_slow_v0,c44191d183e75dfa673fdd5d53874f3b0e30f41d0d48ce266420fae2c142ff6f,07b257405f757223,,a75568f362aa6975,B3,16,16,fb2e41a2d7,3,synthetic:lowlight-v0,ok,mild|clip_lowlight_slow_v0|mild|rep3|seed20240909,2.768
mild,,nan,clip_lowlight_slow_v0,c44191d183e75dfa673fdd5d53874f3b0e30f41d0d48ce266420fae2c142ff6f,07b257405f757223,,49e9b66d99940cdf,B3,16,16,fb2e41a2d7,1,synthetic:lowlight-v0,ok,mild|clip_lowlight_slow_v0|mild|rep1|seed20240909,2.8404
mild,,nan,clip_lowlight_slow_v0,c44191d183e75dfa673fdd5d53874f3b0e30f41d0d48ce266420fae2c142ff6f,07b257405f757223,,ad1957eacb954834,B3,16,16,fb2e41a2d7,4,synthetic:lowlight-v0,ok,mild|clip_lowlight_slow_v0|mild|rep4|seed20240909,2.7624
moderate,,nan,clip_lowlight_slow_v0,c44191d183e75dfa673fdd5d53874f3b0e30f41d0d48ce266420fae2c142ff6f,07b257405f757223,,7fcec1a7ceda4fb3,B3,16,16,fb2e41a2d7,1,synthetic:lowlight-v0,ok,moderate|clip_lowlight_slow_v0|moderate|rep1|seed20240909,2.947
moderate,,nan,clip_lowlight_slow_v0,c44191d183e75dfa673fdd5d53874f3b0e30f41d0d48ce266420fae2c142ff6f,07b257405f757223,,3e13fd67dfa4f593,B3,16,16,fb2e41a2d7,0,synthetic:lowlight-v0,ok,moderate|clip_lowlight_slow_v0|moderate|rep0|seed20240909,3.0045
moderate,,nan,clip_lowlight_slow_v0,c44191d183e75dfa673fdd5d53874f3b0e30f41d0d48ce266420fae2c142ff6f,07b257405f757223,,9379e5fde9a7c35d,B3,16,16,fb2e41a2d7,2,synthetic:lowlight-v0,ok,moderate|clip_lowlight_slow_v0|moderate|rep2|seed20240909,2.7973
moderate,,nan,clip_lowlight_slow_v0,c44191d183e75dfa673fdd5d53874f3b0e30f41d0d48ce266420fae2c142ff6f,07b257405f757223,,6e6137889a487932,B3,16,16,fb2e41a2d7,3,synthetic:lowlight-v0,ok,moderate|clip_lowlight_slow_v0|moderate|rep3|seed20240909,2.8551
moderate,,nan,clip_lowlight_slow_v0,c44191d183e75dfa673fdd5d53874f3b0e30f41d0d48ce266420fae2c142ff6f,07b257405f757223,,092eb5d5150f9ccf,B3,16,16,fb2e41a2d7,4,synthetic:lowlight-v0,ok,moderate|clip_lowlight_slow_v0|moderate|rep4|seed20240909,2.6206
bursty,,nan,clip_lowlight_slow_v0,c44191d183e75dfa673fdd5d53874f3b0e30f41d0d48ce266420fae2c142ff6f,07b257405f757223,,6df48c817bda8f65,B3,16,16,fb2e41a2d7,0,synthetic:lowlight-v0,ok,bursty|clip_lowlight_slow_v0|bursty|rep0|seed20240909,2.6585
harsh,,nan,clip_lowlight_slow_v0,c44191d183e75dfa673fdd5d53874f3b0e30f41d0d48ce266420fae2c142ff6f,07b257405f757223,,d736fa651cdde668,B3,16,16,fb2e41a2d7,0,synthetic:lowlight-v0,ok,harsh|clip_lowlight_slow_v0|harsh|rep0|seed20240909,1.8411
bursty,,nan,clip_lowlight_slow_v0,c44191d183e75dfa673fdd5d53874f3b0e30f41d0d48ce266420fae2c142ff6f,07b257405f757223,,9e669e311f407947,B3,16,16,fb2e41a2d7,1,synthetic:lowlight-v0,ok,bursty|clip_lowlight_slow_v0|bursty|rep1|seed20240909,2.2341
bursty,,nan,clip_lowlight_slow_v0,c44191d183e75dfa673fdd5d53874f3b0e30f41d0d48ce266420fae2c142ff6f,07b257405f757223,,d562ac3cb2903597,B3,16,16,fb2e41a2d7,3,synthetic:lowlight-v0,ok,bursty|clip_lowlight_slow_v0|bursty|rep3|seed20240909,2.1661
harsh,,nan,clip_lowlight_slow_v0,c44191d183e75dfa673fdd5d53874f3b0e30f41d0d48ce266420fae2c142ff6f,07b257405f757223,,aa0852af7d8616bb,B3,16,16,fb2e41a2d7,2,synthetic:lowlight-v0,ok,harsh|clip_lowlight_slow_v0|harsh|rep2|seed20240909,1.6768
harsh,,nan,clip_lowlight_slow_v0,c44191d183e75dfa673fdd5d53874f3b0e30f41d0d48ce266420fae2c142ff6f,07b257405f757223,,80e4ded8de366fd8,B3,16,16,fb2e41a2d7,4,synthetic:lowlight-v0,ok,harsh|clip_lowlight_slow_v0|harsh|rep4|seed20240909,1.6342
harsh,,nan,clip_lowlight_slow_v0,c44191d183e75dfa673fdd5d53874f3b0e30f41d0d48ce266420fae2c142ff6f,07b257405f757223,,748cbedcc7ff2931,B3,16,16,fb2e41a2d7,1,synthetic:lowlight-v0,ok,harsh|clip_lowlight_slow_v0|harsh|rep1|seed20240909,1.7471
bursty,,nan,clip_lowlight_slow_v0,c44191d183e75dfa673fdd5d53874f3b0e30f41d0d48ce266420fae2c142ff6f,07b257405f757223,,1aca5c76b48fae9d,B3,16,16,fb2e41a2d7,2,synthetic:lowlight-v0,ok,bursty|clip_lowlight_slow_v0|bursty|rep2|seed20240909,2.3325
harsh,,nan,clip_lowlight_slow_v0,c44191d183e75dfa673fdd5d53874f3b0e30f41d0d48ce266420fae2c142ff6f,07b257405f757223,,929136d41df3866f,B3,16,16,fb2e41a2d7,3,synthetic:lowlight-v0,ok,harsh|clip_lowlight_slow_v0|harsh|rep3|seed20240909,1.7831
bursty,,nan,clip_lowlight_slow_v0,c44191d183e75dfa673fdd5d53874f3b0e30f41d0d48ce266420fae2c142ff6f,07b257405f757223,,d284e896413de3f0,B3,16,16,fb2e41a2d7,4,synthetic:lowlight-v0,ok,bursty|clip_lowlight_slow_v0|bursty|rep4|seed20240909,2.3703
clean,,nan,clip_lowlight_slow_v0,c44191d183e75dfa673fdd5d53874f3b0e30f41d0d48ce266420fae2c142ff6f,07b257405f757223,,14de5b211422367f,B4,16,16,fb2e41a2d7,0,synthetic:lowlight-v0,ok,clean|clip_lowlight_slow_v0|clean|rep0|seed20240909,5.0344
clean,,nan,clip_lowlight_slow_v0,c44191d183e75dfa673fdd5d53874f3b0e30f41d0d48ce266420fae2c142ff6f,07b257405f757223,,4b4cdb70b41b6093,B4,16,16,fb2e41a2d7,1,synthetic:lowlight-v0,ok,clean|clip_lowlight_slow_v0|clean|rep1|seed20240909,5.0025
clean,,nan,clip_lowlight_slow_v0,c44191d183e75dfa673fdd5d53874f3b0e30f41d0d48ce266420fae2c142ff6f,07b257405f757223,,ef8faa49702decc2,B4,16,16,fb2e41a2d7,2,synthetic:lowlight-v0,ok,clean|clip_lowlight_slow_v0|clean|rep2|seed20240909,5.1129
clean,,nan,clip_lowlight_slow_v0,c44191d183e75dfa673fdd5d53874f3b0e30f41d0d48ce266420fae2c142ff6f,07b257405f757223,,754e941d9f6f48c8,B4,16,16,fb2e41a2d7,3,synthetic:lowlight-v0,ok,clean|clip_lowlight_slow_v0|clean|rep3|seed20240909,5.0761
clean,,nan,clip_lowlight_slow_v0,c44191d183e75dfa673fdd5d53874f3b0e30f41d0d48ce266420fae2c142ff6f,07b257405f757223,,e8e43dbf7fc6fed8,B4,16,16,fb2e41a2d7,4,synthetic:lowlight-v0,ok,clean|clip_lowlight_slow_v0|clean|rep4|seed20240909,5.1296
mild,,nan,clip_lowlight_slow_v0,c44191d183e75dfa673fdd5d53874f3b0e30f41d0d48ce266420fae2c142ff6f,07b257405f757223,,2e37a42789f10bcc,B4,16,16,fb2e41a2d7,0,synthetic:lowlight-v0,ok,mild|clip_lowlight_slow_v0|mild|rep0|seed20240909,5.3747
mild,,nan,clip_lowlight_slow_v0,c44191d183e75dfa673fdd5d53874f3b0e30f41d0d48ce266420fae2c142ff6f,07b257405f757223,,490bdfb591deec60,B4,16,16,fb2e41a2d7,1,synthetic:lowlight-v0,ok,mild|clip_lowlight_slow_v0|mild|rep1|seed20240909,5.3996
mild,,nan,clip_lowlight_slow_v0,c44191d183e75dfa673fdd5d53874f3b0e30f41d0d48ce266420fae2c142ff6f,07b257405f757223,,bdaccdd39c3740e3,B4,16,16,fb2e41a2d7,2,synthetic:lowlight-v0,ok,mild|clip_lowlight_slow_v0|mild|rep2|seed20240909,5.4141
mild,,nan,clip_lowlight_slow_v0,c44191d183e75dfa673fdd5d53874f3b0e30f41d0d48ce266420fae2c142ff6f,07b257405f757223,,bc73aeace0380197,B4,16,16,fb2e41a2d7,3,synthetic:lowlight-v0,ok,mild|clip_lowlight_slow_v0|mild|rep3|seed20240909,5.4544
mild,,nan,clip_lowlight_slow_v0,c44191d183e75dfa673fdd5d53874f3b0e30f41d0d48ce266420fae2c142ff6f,07b257405f757223,,962aba03a46636b6,B4,16,16,fb2e41a2d7,4,synthetic:lowlight-v0,ok,mild|clip_lowlight_slow_v0|mild|rep4|seed20240909,5.4588
harsh,,nan,clip_lowlight_slow_v0,c44191d183e75dfa673fdd5d53874f3b0e30f41d0d48ce266420fae2c142ff6f,07b257405f757223,,9356cfb2eeeb8687,B4,16,16,fb2e41a2d7,0,synthetic:lowlight-v0,ok,harsh|clip_lowlight_slow_v0|harsh|rep0|seed20240909,3.3444
harsh,,nan,clip_lowlight_slow_v0,c44191d183e75dfa673fdd5d53874f3b0e30f41d0d48ce266420fae2c142ff6f,07b257405f757223,,bbb9bc1d8a169248,B4,16,16,fb2e41a2d7,1,synthetic:lowlight-v0,ok,harsh|clip_lowlight_slow_v0|harsh|rep1|seed20240909,3.3691
harsh,,nan,clip_lowlight_slow_v0,c44191d183e75dfa673fdd5d53874f3b0e30f41d0d48ce266420fae2c142ff6f,07b257405f757223,,b08e95813881af80,B4,16,16,fb2e41a2d7,2,synthetic:lowlight-v0,ok,harsh|clip_lowlight_slow_v0|harsh|rep2|seed20240909,3.3939
bursty,,nan,clip_lowlight_slow_v0,c44191d183e75dfa673fdd5d53874f3b0e30f41d0d48ce266420fae2c142ff6f,07b257405f757223,,29c787c149f8ba83,B4,16,16,fb2e41a2d7,0,synthetic:lowlight-v0,ok,bursty|clip_lowlight_slow_v0|bursty|rep0|seed20240909,8.3155
moderate,,nan,clip_lowlight_slow_v0,c44191d183e75dfa673fdd5d53874f3b0e30f41d0d48ce266420fae2c142ff6f,07b257405f757223,,6b1e25a2f1b6a255,B4,16,16,fb2e41a2d7,1,synthetic:lowlight-v0,ok,moderate|clip_lowlight_slow_v0|moderate|rep1|seed20240909,8.5554
harsh,,nan,clip_lowlight_slow_v0,c44191d183e75dfa673fdd5d53874f3b0e30f41d0d48ce266420fae2c142ff6f,07b257405f757223,,ae4ab3b3ef305257,B4,16,16,fb2e41a2d7,3,synthetic:lowlight-v0,ok,harsh|clip_lowlight_slow_v0|harsh|rep3|seed20240909,3.4871
harsh,,nan,clip_lowlight_slow_v0,c44191d183e75dfa673fdd5d53874f3b0e30f41d0d48ce266420fae2c142ff6f,07b257405f757223,,7a6db31373e6cc66,B4,16,16,fb2e41a2d7,4,synthetic:lowlight-v0,ok,harsh|clip_lowlight_slow_v0|harsh|rep4|seed20240909,3.3839
moderate,,nan,clip_lowlight_slow_v0,c44191d183e75dfa673fdd5d53874f3b0e30f41d0d48ce266420fae2c142ff6f,07b257405f757223,,bb59e817f508fd59,B4,16,16,fb2e41a2d7,2,synthetic:lowlight-v0,ok,moderate|clip_lowlight_slow_v0|moderate|rep2|seed20240909,8.8203
moderate,,nan,clip_lowlight_slow_v0,c44191d183e75dfa673fdd5d53874f3b0e30f41d0d48ce266420fae2c142ff6f,07b257405f757223,,442ff7a0f85ac612,B4,16,16,fb2e41a2d7,3,synthetic:lowlight-v0,ok,moderate|clip_lowlight_slow_v0|moderate|rep3|seed20240909,8.8129
moderate,,nan,clip_lowlight_slow_v0,c44191d183e75dfa673fdd5d53874f3b0e30f41d0d48ce266420fae2c142ff6f,07b257405f757223,,d55310dd4daf5c45,B4,16,16,fb2e41a2d7,0,synthetic:lowlight-v0,ok,moderate|clip_lowlight_slow_v0|moderate|rep0|seed20240909,9.1606
moderate,,nan,clip_lowlight_slow_v0,c44191d183e75dfa673fdd5d53874f3b0e30f41d0d48ce266420fae2c142ff6f,07b257405f757223,,7a5fb70ad94cb7d5,B4,16,16,fb2e41a2d7,4,synthetic:lowlight-v0,ok,moderate|clip_lowlight_slow_v0|moderate|rep4|seed20240909,9.1026
bursty,,nan,clip_lowlight_slow_v0,c44191d183e75dfa673fdd5d53874f3b0e30f41d0d48ce266420fae2c142ff6f,07b257405f757223,,13ff48e0c7dd03d7,B4,16,16,fb2e41a2d7,1,synthetic:lowlight-v0,ok,bursty|clip_lowlight_slow_v0|bursty|rep1|seed20240909,8.8173
bursty,,nan,clip_lowlight_slow_v0,c44191d183e75dfa673fdd5d53874f3b0e30f41d0d48ce266420fae2c142ff6f,07b257405f757223,,6575ffcea3d0e246,B4,16,16,fb2e41a2d7,3,synthetic:lowlight-v0,ok,bursty|clip_lowlight_slow_v0|bursty|rep3|seed20240909,8.6083
bursty,,nan,clip_lowlight_slow_v0,c44191d183e75dfa673fdd5d53874f3b0e30f41d0d48ce266420fae2c142ff6f,07b257405f757223,,e97f773fc8bcea3d,B4,16,16,fb2e41a2d7,4,synthetic:lowlight-v0,ok,bursty|clip_lowlight_slow_v0|bursty|rep4|seed20240909,8.6519
bursty,,nan,clip_lowlight_slow_v0,c44191d183e75dfa673fdd5d53874f3b0e30f41d0d48ce266420fae2c142ff6f,07b257405f757223,,c5d77f6fa0b863ed,B4,16,16,fb2e41a2d7,2,synthetic:lowlight-v0,ok,bursty|clip_lowlight_slow_v0|bursty|rep2|seed20240909,9.2933
clean,,nan,clip_lowlight_slow_v0,c44191d183e75dfa673fdd5d53874f3b0e30f41d0d48ce266420fae2c142ff6f,07b257405f757223,,9de423a04d3a0c1c,P,16,16,8da29d3843,0,synthetic:lowlight-v0,ok,clean|clip_lowlight_slow_v0|clean|rep0|seed20240909,8.5161
clean,,nan,clip_lowlight_slow_v0,c44191d183e75dfa673fdd5d53874f3b0e30f41d0d48ce266420fae2c142ff6f,07b257405f757223,,fbe4660c365b0ced,P,16,16,8da29d3843,1,synthetic:lowlight-v0,ok,clean|clip_lowlight_slow_v0|clean|rep1|seed20240909,8.2305
clean,,nan,clip_lowlight_slow_v0,c44191d183e75dfa673fdd5d53874f3b0e30f41d0d48ce266420fae2c142ff6f,07b257405f757223,,00a0f1cac9115d17,P,16,16,8da29d3843,2,synthetic:lowlight-v0,ok,clean|clip_lowlight_slow_v0|clean|rep2|seed20240909,8.0984
clean,,nan,clip_lowlight_slow_v0,c44191d183e75dfa673fdd5d53874f3b0e30f41d0d48ce266420fae2c142ff6f,07b257405f757223,,a250a6a422f722ce,P,16,16,8da29d3843,3,synthetic:lowlight-v0,ok,clean|clip_lowlight_slow_v0|clean|rep3|seed20240909,8.1899
clean,,nan,clip_lowlight_slow_v0,c44191d183e75dfa673fdd5d53874f3b0e30f41d0d48ce266420fae2c142ff6f,07b257405f757223,,ea81b46a20023797,P,16,16,8da29d3843,4,synthetic:lowlight-v0,ok,clean|clip_lowlight_slow_v0|clean|rep4|seed20240909,8.1289
mild,,nan,clip_lowlight_slow_v0,c44191d183e75dfa673fdd5d53874f3b0e30f41d0d48ce266420fae2c142ff6f,07b257405f757223,,d4d55be2996cfef4,P,16,16,8da29d3843,0,synthetic:lowlight-v0,ok,mild|clip_lowlight_slow_v0|mild|rep0|seed20240909,8.3349
mild,,nan,clip_lowlight_slow_v0,c44191d183e75dfa673fdd5d53874f3b0e30f41d0d48ce266420fae2c142ff6f,07b257405f757223,,70586a880d5a6f52,P,16,16,8da29d3843,1,synthetic:lowlight-v0,ok,mild|clip_lowlight_slow_v0|mild|rep1|seed20240909,8.4191
mild,,nan,clip_lowlight_slow_v0,c44191d183e75dfa673fdd5d53874f3b0e30f41d0d48ce266420fae2c142ff6f,07b257405f757223,,55ed73746129948d,P,16,16,8da29d3843,3,synthetic:lowlight-v0,ok,mild|clip_lowlight_slow_v0|mild|rep3|seed20240909,8.2289
mild,,nan,clip_lowlight_slow_v0,c44191d183e75dfa673fdd5d53874f3b0e30f41d0d48ce266420fae2c142ff6f,07b257405f757223,,4fb71932f55ea18b,P,16,16,8da29d3843,4,synthetic:lowlight-v0,ok,mild|clip_lowlight_slow_v0|mild|rep4|seed20240909,8.2873
mild,,nan,clip_lowlight_slow_v0,c44191d183e75dfa673fdd5d53874f3b0e30f41d0d48ce266420fae2c142ff6f,07b257405f757223,,25379131984fa3b8,P,16,16,8da29d3843,2,synthetic:lowlight-v0,ok,mild|clip_lowlight_slow_v0|mild|rep2|seed20240909,8.3747
clean,,nan,clip_lowlight_fast_v8,520e22f1e89c4ab5ccb856837b7a426304cec91999b743a7413b4ba6eaec379e,07b257405f757223,,b028274bf4794224,B0a,16,16,fb2e41a2d7,0,synthetic:lowlight-v8,ok,clean|clip_lowlight_fast_v8|clean|rep0|seed20240909,0.3777
clean,,nan,clip_lowlight_fast_v8,520e22f1e89c4ab5ccb856837b7a426304cec91999b743a7413b4ba6eaec379e,07b257405f757223,,d365f6fa9758ba6e,B0a,16,16,fb2e41a2d7,1,synthetic:lowlight-v8,ok,clean|clip_lowlight_fast_v8|clean|rep1|seed20240909,0.3822
clean,,nan,clip_lowlight_fast_v8,520e22f1e89c4ab5ccb856837b7a426304cec91999b743a7413b4ba6eaec379e,07b257405f757223,,8a3139db6fb40e59,B0a,16,16,fb2e41a2d7,2,synthetic:lowlight-v8,ok,clean|clip_lowlight_fast_v8|clean|rep2|seed20240909,0.414
clean,,nan,clip_lowlight_fast_v8,520e22f1e89c4ab5ccb856837b7a426304cec91999b743a7413b4ba6eaec379e,07b257405f757223,,3d5c6f7ea579f19c,B0a,16,16,fb2e41a2d7,3,synthetic:lowlight-v8,ok,clean|clip_lowlight_fast_v8|clean|rep3|seed20240909,0.4022
clean,,nan,clip_lowlight_fast_v8,520e22f1e89c4ab5ccb856837b7a426304cec91999b743a7413b4ba6eaec379e,07b257405f757223,,c2632d845a1cbf15,B0a,16,16,fb2e41a2d7,4,synthetic:lowlight-v8,ok,clean|clip_lowlight_fast_v8|clean|rep4|seed20240909,0.3777
mild,,nan,clip_lowlight_fast_v8,520e22f1e89c4ab5ccb856837b7a426304cec91999b743a7413b4ba6eaec379e,07b257405f757223,,d3a52d8f594cbcac,B0a,16,16,fb2e41a2d7,0,synthetic:lowlight-v8,ok,mild|clip_lowlight_fast_v8|mild|rep0|seed20240909,0.5293
mild,,nan,clip_lowlight_fast_v8,520e22f1e89c4ab5ccb856837b7a426304cec91999b743a7413b4ba6eaec379e,07b257405f757223,,5bab26bb16de74ec,B0a,16,16,fb2e41a2d7,1,synthetic:lowlight-v8,ok,mild|clip_lowlight_fast_v8|mild|rep1|seed20240909,0.5453
mild,,nan,clip_lowlight_fast_v8,520e22f1e89c4ab5ccb856837b7a426304cec91999b743a7413b4ba6eaec379e,07b257405f757223,,57b62a7cb9513787,B0a,16,16,fb2e41a2d7,2,synthetic:lowlight-v8,ok,mild|clip_lowlight_fast_v8|mild|rep2|seed20240909,0.5007
harsh,,nan,clip_lowlight_slow_v0,c44191d183e75dfa673fdd5d53874f3b0e30f41d0d48ce266420fae2c142ff6f,07b257405f757223,,6215470986b762e4,P,16,16,8da29d3843,1,synthetic:lowlight-v0,ok,harsh|clip_lowlight_slow_v0|harsh|rep1|seed20240909,4.1979
harsh,,nan,clip_lowlight_slow_v0,c44191d183e75dfa673fdd5d53874f3b0e30f41d0d48ce266420fae2c142ff6f,07b257405f757223,,5a46dee2610d655b,P,16,16,8da29d3843,0,synthetic:lowlight-v0,ok,harsh|clip_lowlight_slow_v0|harsh|rep0|seed20240909,4.5435
mild,,nan,clip_lowlight_fast_v8,520e22f1e89c4ab5ccb856837b7a426304cec91999b743a7413b4ba6eaec379e,07b257405f757223,,53513066c7e801d4,B0a,16,16,fb2e41a2d7,3,synthetic:lowlight-v8,ok,mild|clip_lowlight_fast_v8|mild|rep3|seed20240909,0.5137
harsh,,nan,clip_lowlight_slow_v0,c44191d183e75dfa673fdd5d53874f3b0e30f41d0d48ce266420fae2c142ff6f,07b257405f757223,,9750dbe3ec0d03ba,P,16,16,8da29d3843,4,synthetic:lowlight-v0,ok,harsh|clip_lowlight_slow_v0|harsh|rep4|seed20240909,4.3334
harsh,,nan,clip_lowlight_slow_v0,c44191d183e75dfa673fdd5d53874f3b0e30f41d0d48ce266420fae2c142ff6f,07b257405f757223,,5dc51c851e4a4cfb,P,16,16,8da29d3843,2,synthetic:lowlight-v0,ok,harsh|clip_lowlight_slow_v0|harsh|rep2|seed20240909,4.4727
harsh,,nan,clip_lowlight_slow_v0,c44191d183e75dfa673fdd5d53874f3b0e30f41d0d48ce266420fae2c142ff6f,07b257405f757223,,0da26ed2a11199f4,P,16,16,8da29d3843,3,synthetic:lowlight-v0,ok,harsh|clip_lowlight_slow_v0|harsh|rep3|seed20240909,4.5289
mild,,nan,clip_lowlight_fast_v8,520e22f1e89c4ab5ccb856837b7a426304cec91999b743a7413b4ba6eaec379e,07b257405f757223,,775c586df5e28726,B0a,16,16,fb2e41a2d7,4,synthetic:lowlight-v8,ok,mild|clip_lowlight_fast_v8|mild|rep4|seed20240909,0.528
moderate,,nan,clip_lowlight_fast_v8,520e22f1e89c4ab5ccb856837b7a426304cec91999b743a7413b4ba6eaec379e,07b257405f757223,,f35ac8670dd8fde2,B0a,16,16,fb2e41a2d7,1,synthetic:lowlight-v8,ok,moderate|clip_lowlight_fast_v8|moderate|rep1|seed20240909,0.5548
moderate,,nan,clip_lowlight_fast_v8,520e22f1e89c4ab5ccb856837b7a426304cec91999b743a7413b4ba6eaec379e,07b257405f757223,,21ee2221311e7d28,B0a,16,16,fb2e41a2d7,0,synthetic:lowlight-v8,ok,moderate|clip_lowlight_fast_v8|moderate|rep0|seed20240909,0.5867
moderate,,nan,clip_lowlight_fast_v8,520e22f1e89c4ab5ccb856837b7a426304cec91999b743a7413b4ba6eaec379e,07b257405f757223,,2bcf01633dc9a57f,B0a,16,16,fb2e41a2d7,2,synthetic:lowlight-v8,ok,moderate|clip_lowlight_fast_v8|moderate|rep2|seed20240909,0.5507
moderate,,nan,clip_lowlight_fast_v8,520e22f1e89c4ab5ccb856837b7a426304cec91999b743a7413b4ba6eaec379e,07b257405f757223,,528071e9c52e35db,B0a,16,16,fb2e41a2d7,3,synthetic:lowlight-v8,ok,moderate|clip_lowlight_fast_v8|moderate|rep3|seed20240909,0.6008
bursty,,nan,clip_lowlight_fast_v8,520e22f1e89c4ab5ccb856837b7a426304cec91999b743a7413b4ba6eaec379e,07b257405f757223,,59452baf3064e967,B0a,16,16,fb2e41a2d7,0,synthetic:lowlight-v8,ok,bursty|clip_lowlight_fast_v8|bursty|rep0|seed20240909,0.5557
moderate,,nan,clip_lowlight_fast_v8,520e22f1e89c4ab5ccb856837b7a426304cec91999b743a7413b4ba6eaec379e,07b257405f757223,,182ec0e2dec5c329,B0a,16,16,fb2e41a2d7,4,synthetic:lowlight-v8,ok,moderate|clip_lowlight_fast_v8|moderate|rep4|seed20240909,0.5704
bursty,,nan,clip_lowlight_fast_v8,520e22f1e89c4ab5ccb856837b7a426304cec91999b743a7413b4ba6eaec379e,07b257405f757223,,13494165c3db1710,B0a,16,16,fb2e41a2d7,1,synthetic:lowlight-v8,ok,bursty|clip_lowlight_fast_v8|bursty|rep1|seed20240909,0.5276
bursty,,nan,clip_lowlight_fast_v8,520e22f1e89c4ab5ccb856837b7a426304cec91999b743a7413b4ba6eaec379e,07b257405f757223,,4614a6b0e5572731,B0a,16,16,fb2e41a2d7,2,synthetic:lowlight-v8,ok,bursty|clip_lowlight_fast_v8|bursty|rep2|seed20240909,0.551
bursty,,nan,clip_lowlight_fast_v8,520e22f1e89c4ab5ccb856837b7a426304cec91999b743a7413b4ba6eaec379e,07b257405f757223,,cc1e5fb63cc80c1d,B0a,16,16,fb2e41a2d7,3,synthetic:lowlight-v8,ok,bursty|clip_lowlight_fast_v8|bursty|rep3|seed20240909,0.5836
bursty,,nan,clip_lowlight_fast_v8,520e22f1e89c4ab5ccb856837b7a426304cec91999b743a7413b4ba6eaec379e,07b257405f757223,,42aa0da05999ff28,B0a,16,16,fb2e41a2d7,4,synthetic:lowlight-v8,ok,bursty|clip_lowlight_fast_v8|bursty|rep4|seed20240909,0.5926
harsh,,nan,clip_lowlight_fast_v8,520e22f1e89c4ab5ccb856837b7a426304cec91999b743a7413b4ba6eaec379e,07b257405f757223,,213b3ece0e7746e2,B0a,16,16,fb2e41a2d7,1,synthetic:lowlight-v8,ok,harsh|clip_lowlight_fast_v8|harsh|rep1|seed20240909,0.5882
harsh,,nan,clip_lowlight_fast_v8,520e22f1e89c4ab5ccb856837b7a426304cec91999b743a7413b4ba6eaec379e,07b257405f757223,,1f61dba75e9d9e76,B0a,16,16,fb2e41a2d7,0,synthetic:lowlight-v8,ok,harsh|clip_lowlight_fast_v8|harsh|rep0|seed20240909,0.5936
harsh,,nan,clip_lowlight_fast_v8,520e22f1e89c4ab5ccb856837b7a426304cec91999b743a7413b4ba6eaec379e,07b257405f757223,,9379635e7598d699,B0a,16,16,fb2e41a2d7,2,synthetic:lowlight-v8,ok,harsh|clip_lowlight_fast_v8|harsh|rep2|seed20240909,0.6175
harsh,,nan,clip_lowlight_fast_v8,520e22f1e89c4ab5ccb856837b7a426304cec91999b743a7413b4ba6eaec379e,07b257405f757223,,5dfa3f87da3e0d35,B0a,16,16,fb2e41a2d7,3,synthetic:lowlight-v8,ok,harsh|clip_lowlight_fast_v8|harsh|rep3|seed20240909,0.6027
harsh,,nan,clip_lowlight_fast_v8,520e22f1e89c4ab5ccb856837b7a426304cec91999b743a7413b4ba6eaec379e,07b257405f757223,,366c53e881e84712,B0a,16,16,fb2e41a2d7,4,synthetic:lowlight-v8,ok,harsh|clip_lowlight_fast_v8|harsh|rep4|seed20240909,0.6016
moderate,,nan,clip_lowlight_slow_v0,c44191d183e75dfa673fdd5d53874f3b0e30f41d0d48ce266420fae2c142ff6f,07b257405f757223,,2059f5e221a36a0b,P,16,16,8da29d3843,0,synthetic:lowlight-v0,ok,moderate|clip_lowlight_slow_v0|moderate|rep0|seed20240909,14.2831
clean,,nan,clip_lowlight_fast_v8,520e22f1e89c4ab5ccb856837b7a426304cec91999b743a7413b4ba6eaec379e,07b257405f757223,,fa9ba9b96432750a,B0a-R,16,16,fb2e41a2d7,0,synthetic:lowlight-v8,ok,clean|clip_lowlight_fast_v8|clean|rep0|seed20240909,1.0952
clean,,nan,clip_lowlight_fast_v8,520e22f1e89c4ab5ccb856837b7a426304cec91999b743a7413b4ba6eaec379e,07b257405f757223,,85a3dda38ff66dbd,B0a-R,16,16,fb2e41a2d7,2,synthetic:lowlight-v8,ok,clean|clip_lowlight_fast_v8|clean|rep2|seed20240909,1.07
clean,,nan,clip_lowlight_fast_v8,520e22f1e89c4ab5ccb856837b7a426304cec91999b743a7413b4ba6eaec379e,07b257405f757223,,7f2df16a448f1be0,B0a-R,16,16,fb2e41a2d7,1,synthetic:lowlight-v8,ok,clean|clip_lowlight_fast_v8|clean|rep1|seed20240909,1.1214
clean,,nan,clip_lowlight_fast_v8,520e22f1e89c4ab5ccb856837b7a426304cec91999b743a7413b4ba6eaec379e,07b257405f757223,,b8ce101777c09b03,B0a-R,16,16,fb2e41a2d7,4,synthetic:lowlight-v8,ok,clean|clip_lowlight_fast_v8|clean|rep4|seed20240909,1.0985
clean,,nan,clip_lowlight_fast_v8,520e22f1e89c4ab5ccb856837b7a426304cec91999b743a7413b4ba6eaec379e,07b257405f757223,,4871ca75f48ac053,B0a-R,16,16,fb2e41a2d7,3,synthetic:lowlight-v8,ok,clean|clip_lowlight_fast_v8|clean|rep3|seed20240909,1.1252
moderate,,nan,clip_lowlight_slow_v0,c44191d183e75dfa673fdd5d53874f3b0e30f41d0d48ce266420fae2c142ff6f,07b257405f757223,,82161d61cb064a52,P,16,16,8da29d3843,1,synthetic:lowlight-v0,ok,moderate|clip_lowlight_slow_v0|moderate|rep1|seed20240909,14.8605
mild,,nan,clip_lowlight_fast_v8,520e22f1e89c4ab5ccb856837b7a426304cec91999b743a7413b4ba6eaec379e,07b257405f757223,,d005145c5849388b,B0a-R,16,16,fb2e41a2d7,0,synthetic:lowlight-v8,ok,mild|clip_lowlight_fast_v8|mild|rep0|seed20240909,1.6266
mild,,nan,clip_lowlight_fast_v8,520e22f1e89c4ab5ccb856837b7a426304cec91999b743a7413b4ba6eaec379e,07b257405f757223,,002f2c79b1394ced,B0a-R,16,16,fb2e41a2d7,1,synthetic:lowlight-v8,ok,mild|clip_lowlight_fast_v8|mild|rep1|seed20240909,1.6527
bursty,,nan,clip_lowlight_slow_v0,c44191d183e75dfa673fdd5d53874f3b0e30f41d0d48ce266420fae2c142ff6f,07b257405f757223,,8ef750dc4f9f270f,P,16,16,8da29d3843,0,synthetic:lowlight-v0,ok,bursty|clip_lowlight_slow_v0|bursty|rep0|seed20240909,12.194
mild,,nan,clip_lowlight_fast_v8,520e22f1e89c4ab5ccb856837b7a426304cec91999b743a7413b4ba6eaec379e,07b257405f757223,,f038d1c9b8a8d4ad,B0a-R,16,16,fb2e41a2d7,2,synthetic:lowlight-v8,ok,mild|clip_lowlight_fast_v8|mild|rep2|seed20240909,1.556
mild,,nan,clip_lowlight_fast_v8,520e22f1e89c4ab5ccb856837b7a426304cec91999b743a7413b4ba6eaec379e,07b257405f757223,,6029196925ecc360,B0a-R,16,16,fb2e41a2d7,3,synthetic:lowlight-v8,ok,mild|clip_lowlight_fast_v8|mild|rep3|seed20240909,1.6099
mild,,nan,clip_lowlight_fast_v8,520e22f1e89c4ab5ccb856837b7a426304cec91999b743a7413b4ba6eaec379e,07b257405f757223,,1f601e9b81cfb183,B0a-R,16,16,fb2e41a2d7,4,synthetic:lowlight-v8,ok,mild|clip_lowlight_fast_v8|mild|rep4|seed20240909,1.6727
moderate,,nan,clip_lowlight_fast_v8,520e22f1e89c4ab5ccb856837b7a426304cec91999b743a7413b4ba6eaec379e,07b257405f757223,,3f6361f86a8ad263,B0a-R,16,16,fb2e41a2d7,1,synthetic:lowlight-v8,ok,moderate|clip_lowlight_fast_v8|moderate|rep1|seed20240909,1.6752
moderate,,nan,clip_lowlight_fast_v8,520e22f1e89c4ab5ccb856837b7a426304cec91999b743a7413b4ba6eaec379e,07b257405f757223,,28849a2be27b2722,B0a-R,16,16,fb2e41a2d7,0,synthetic:lowlight-v8,ok,moderate|clip_lowlight_fast_v8|moderate|rep0|seed20240909,1.7068
moderate,,nan,clip_lowlight_fast_v8,520e22f1e89c4ab5ccb856837b7a426304cec91999b743a7413b4ba6eaec379e,07b257405f757223,,2925e24a6a84ab38,B0a-R,16,16,fb2e41a2d7,2,synthetic:lowlight-v8,ok,moderate|clip_lowlight_fast_v8|moderate|rep2|seed20240909,1.6583
moderate,,nan,clip_lowlight_slow_v0,c44191d183e75dfa673fdd5d53874f3b0e30f41d0d48ce266420fae2c142ff6f,07b257405f757223,,0f35a56eba692416,P,16,16,8da29d3843,2,synthetic:lowlight-v0,ok,moderate|clip_lowlight_slow_v0|moderate|rep2|seed20240909,13.9295
moderate,,nan,clip_lowlight_fast_v8,520e22f1e89c4ab5ccb856837b7a426304cec91999b743a7413b4ba6eaec379e,07b257405f757223,,1f816f7c9ea467e7,B0a-R,16,16,fb2e41a2d7,3,synthetic:lowlight-v8,ok,moderate|clip_lowlight_fast_v8|moderate|rep3|seed20240909,1.7608
moderate,,nan,clip_lowlight_slow_v0,c44191d183e75dfa673fdd5d53874f3b0e30f41d0d48ce266420fae2c142ff6f,07b257405f757223,,153d5a7b33f5398f,P,16,16,8da29d3843,3,synthetic:lowlight-v0,ok,moderate|clip_lowlight_slow_v0|moderate|rep3|seed20240909,14.2877
moderate,,nan,clip_lowlight_slow_v0,c44191d183e75dfa673fdd5d53874f3b0e30f41d0d48ce266420fae2c142ff6f,07b257405f757223,,6129ccdeaa660cda,P,16,16,8da29d3843,4,synthetic:lowlight-v0,ok,moderate|clip_lowlight_slow_v0|moderate|rep4|seed20240909,13.9554
moderate,,nan,clip_lowlight_fast_v8,520e22f1e89c4ab5ccb856837b7a426304cec91999b743a7413b4ba6eaec379e,07b257405f757223,,4d4229c8c04db451,B0a-R,16,16,fb2e41a2d7,4,synthetic:lowlight-v8,ok,moderate|clip_lowlight_fast_v8|moderate|rep4|seed20240909,1.7281
bursty,,nan,clip_lowlight_fast_v8,520e22f1e89c4ab5ccb856837b7a426304cec91999b743a7413b4ba6eaec379e,07b257405f757223,,96f0fc27fa9ff3fa,B0a-R,16,16,fb2e41a2d7,0,synthetic:lowlight-v8,ok,bursty|clip_lowlight_fast_v8|bursty|rep0|seed20240909,1.6345
bursty,,nan,clip_lowlight_fast_v8,520e22f1e89c4ab5ccb856837b7a426304cec91999b743a7413b4ba6eaec379e,07b257405f757223,,a7a6dd091c0954b5,B0a-R,16,16,fb2e41a2d7,1,synthetic:lowlight-v8,ok,bursty|clip_lowlight_fast_v8|bursty|rep1|seed20240909,1.5761
bursty,,nan,clip_lowlight_fast_v8,520e22f1e89c4ab5ccb856837b7a426304cec91999b743a7413b4ba6eaec379e,07b257405f757223,,c9b378bea005b74c,B0a-R,16,16,fb2e41a2d7,2,synthetic:lowlight-v8,ok,bursty|clip_lowlight_fast_v8|bursty|rep2|seed20240909,1.622
bursty,,nan,clip_lowlight_fast_v8,520e22f1e89c4ab5ccb856837b7a426304cec91999b743a7413b4ba6eaec379e,07b257405f757223,,02f91a132f336003,B0a-R,16,16,fb2e41a2d7,3,synthetic:lowlight-v8,ok,bursty|clip_lowlight_fast_v8|bursty|rep3|seed20240909,1.7509
bursty,,nan,clip_lowlight_fast_v8,520e22f1e89c4ab5ccb856837b7a426304cec91999b743a7413b4ba6eaec379e,07b257405f757223,,d93386501a0cf0ec,B0a-R,16,16,fb2e41a2d7,4,synthetic:lowlight-v8,ok,bursty|clip_lowlight_fast_v8|bursty|rep4|seed20240909,1.6398
harsh,,nan,clip_lowlight_fast_v8,520e22f1e89c4ab5ccb856837b7a426304cec91999b743a7413b4ba6eaec379e,07b257405f757223,,12a7a882479299f2,B0a-R,16,16,fb2e41a2d7,0,synthetic:lowlight-v8,ok,harsh|clip_lowlight_fast_v8|harsh|rep0|seed20240909,1.7104
harsh,,nan,clip_lowlight_fast_v8,520e22f1e89c4ab5ccb856837b7a426304cec91999b743a7413b4ba6eaec379e,07b257405f757223,,a5f083180147c3d2,B0a-R,16,16,fb2e41a2d7,1,synthetic:lowlight-v8,ok,harsh|clip_lowlight_fast_v8|harsh|rep1|seed20240909,1.7041
harsh,,nan,clip_lowlight_fast_v8,520e22f1e89c4ab5ccb856837b7a426304cec91999b743a7413b4ba6eaec379e,07b257405f757223,,1b46975b46b5b7b4,B0a-R,16,16,fb2e41a2d7,2,synthetic:lowlight-v8,ok,harsh|clip_lowlight_fast_v8|harsh|rep2|seed20240909,1.7086
bursty,,nan,clip_lowlight_slow_v0,c44191d183e75dfa673fdd5d53874f3b0e30f41d0d48ce266420fae2c142ff6f,07b257405f757223,,aa5301d972ccd7e8,P,16,16,8da29d3843,1,synthetic:lowlight-v0,ok,bursty|clip_lowlight_slow_v0|bursty|rep1|seed20240909,14.0904
harsh,,nan,clip_lowlight_fast_v8,520e22f1e89c4ab5ccb856837b7a426304cec91999b743a7413b4ba6eaec379e,07b257405f757223,,baa7eea44182b7c1,B0a-R,16,16,fb2e41a2d7,3,synthetic:lowlight-v8,ok,harsh|clip_lowlight_fast_v8|harsh|rep3|seed20240909,1.6356
harsh,,nan,clip_lowlight_fast_v8,520e22f1e89c4ab5ccb856837b7a426304cec91999b743a7413b4ba6eaec379e,07b257405f757223,,3b45a5466fe791df,B0a-R,16,16,fb2e41a2d7,4,synthetic:lowlight-v8,ok,harsh|clip_lowlight_fast_v8|harsh|rep4|seed20240909,1.57
bursty,,nan,clip_lowlight_slow_v0,c44191d183e75dfa673fdd5d53874f3b0e30f41d0d48ce266420fae2c142ff6f,07b257405f757223,,050a50b5bcccaa92,P,16,16,8da29d3843,2,synthetic:lowlight-v0,ok,bursty|clip_lowlight_slow_v0|bursty|rep2|seed20240909,13.5444
bursty,,nan,clip_lowlight_slow_v0,c44191d183e75dfa673fdd5d53874f3b0e30f41d0d48ce266420fae2c142ff6f,07b257405f757223,,29b5d704d2237fc2,P,16,16,8da29d3843,3,synthetic:lowlight-v0,ok,bursty|clip_lowlight_slow_v0|bursty|rep3|seed20240909,13.8585
clean,,nan,clip_lowlight_fast_v8,520e22f1e89c4ab5ccb856837b7a426304cec91999b743a7413b4ba6eaec379e,07b257405f757223,,9f8ef8366d9c91f4,B0d,16,16,fb2e41a2d7,1,synthetic:lowlight-v8,ok,clean|clip_lowlight_fast_v8|clean|rep1|seed20240909,3.2972
clean,,nan,clip_lowlight_fast_v8,520e22f1e89c4ab5ccb856837b7a426304cec91999b743a7413b4ba6eaec379e,07b257405f757223,,1a37c36a3b7868ff,B0d,16,16,fb2e41a2d7,2,synthetic:lowlight-v8,ok,clean|clip_lowlight_fast_v8|clean|rep2|seed20240909,3.3415
clean,,nan,clip_lowlight_fast_v8,520e22f1e89c4ab5ccb856837b7a426304cec91999b743a7413b4ba6eaec379e,07b257405f757223,,88f2de0ebe60ed7c,B0d,16,16,fb2e41a2d7,3,synthetic:lowlight-v8,ok,clean|clip_lowlight_fast_v8|clean|rep3|seed20240909,3.2626
bursty,,nan,clip_lowlight_slow_v0,c44191d183e75dfa673fdd5d53874f3b0e30f41d0d48ce266420fae2c142ff6f,07b257405f757223,,44b46881654eb2f3,P,16,16,8da29d3843,4,synthetic:lowlight-v0,ok,bursty|clip_lowlight_slow_v0|bursty|rep4|seed20240909,13.9039
clean,,nan,clip_lowlight_fast_v8,520e22f1e89c4ab5ccb856837b7a426304cec91999b743a7413b4ba6eaec379e,07b257405f757223,,5c5a90eef7b6826e,B0d,16,16,fb2e41a2d7,0,synthetic:lowlight-v8,ok,clean|clip_lowlight_fast_v8|clean|rep0|seed20240909,3.538
clean,,nan,clip_lowlight_fast_v8,520e22f1e89c4ab5ccb856837b7a426304cec91999b743a7413b4ba6eaec379e,07b257405f757223,,5d285016b4fbbf08,B0d,16,16,fb2e41a2d7,4,synthetic:lowlight-v8,ok,clean|clip_lowlight_fast_v8|clean|rep4|seed20240909,3.3441
mild,,nan,clip_lowlight_fast_v8,520e22f1e89c4ab5ccb856837b7a426304cec91999b743a7413b4ba6eaec379e,07b257405f757223,,d32473402016d77d,B0d,16,16,fb2e41a2d7,1,synthetic:lowlight-v8,ok,mild|clip_lowlight_fast_v8|mild|rep1|seed20240909,3.4953
mild,,nan,clip_lowlight_fast_v8,520e22f1e89c4ab5ccb856837b7a426304cec91999b743a7413b4ba6eaec379e,07b257405f757223,,eaa189edb7e95aba,B0d,16,16,fb2e41a2d7,0,synthetic:lowlight-v8,ok,mild|clip_lowlight_fast_v8|mild|rep0|seed20240909,3.6331
mild,,nan,clip_lowlight_fast_v8,520e22f1e89c4ab5ccb856837b7a426304cec91999b743a7413b4ba6eaec379e,07b257405f757223,,c8b3f3ad329b4cc6,B0d,16,16,fb2e41a2d7,3,synthetic:lowlight-v8,ok,mild|clip_lowlight_fast_v8|mild|rep3|seed20240909,3.512
mild,,nan,clip_lowlight_fast_v8,520e22f1e89c4ab5ccb856837b7a426304cec91999b743a7413b4ba6eaec379e,07b257405f757223,,8ac3f46f3a8ac1b6,B0d,16,16,fb2e41a2d7,2,synthetic:lowlight-v8,ok,mild|clip_lowlight_fast_v8|mild|rep2|seed20240909,3.6401
mild,,nan,clip_lowlight_fast_v8,520e22f1e89c4ab5ccb856837b7a426304cec91999b743a7413b4ba6eaec379e,07b257405f757223,,3e18af9d2fc7b5e3,B0d,16,16,fb2e41a2d7,4,synthetic:lowlight-v8,ok,mild|clip_lowlight_fast_v8|mild|rep4|seed20240909,3.5281
clean,,nan,clip_lowlight_fast_v8,520e22f1e89c4ab5ccb856837b7a426304cec91999b743a7413b4ba6eaec379e,07b257405f757223,,c128d55a830f6148,B1,16,16,fb2e41a2d7,0,synthetic:lowlight-v8,ok,clean|clip_lowlight_fast_v8|clean|rep0|seed20240909,0.4085
clean,,nan,clip_lowlight_fast_v8,520e22f1e89c4ab5ccb856837b7a426304cec91999b743a7413b4ba6eaec379e,07b257405f757223,,c51b7746fd98a9f7,B1,16,16,fb2e41a2d7,1,synthetic:lowlight-v8,ok,clean|clip_lowlight_fast_v8|clean|rep1|seed20240909,0.3959
clean,,nan,clip_lowlight_fast_v8,520e22f1e89c4ab5ccb856837b7a426304cec91999b743a7413b4ba6eaec379e,07b257405f757223,,a44af16ecc8a7c15,B1,16,16,fb2e41a2d7,2,synthetic:lowlight-v8,ok,clean|clip_lowlight_fast_v8|clean|rep2|seed20240909,0.3985
harsh,,nan,clip_lowlight_fast_v8,520e22f1e89c4ab5ccb856837b7a426304cec91999b743a7413b4ba6eaec379e,07b257405f757223,,26cd887825d54865,B0d,16,16,fb2e41a2d7,0,synthetic:lowlight-v8,ok,harsh|clip_lowlight_fast_v8|harsh|rep0|seed20240909,2.4389
clean,,nan,clip_lowlight_fast_v8,520e22f1e89c4ab5ccb856837b7a426304cec91999b743a7413b4ba6eaec379e,07b257405f757223,,d43009b180df4fec,B1,16,16,fb2e41a2d7,3,synthetic:lowlight-v8,ok,clean|clip_lowlight_fast_v8|clean|rep3|seed20240909,0.4196
harsh,,nan,clip_lowlight_fast_v8,520e22f1e89c4ab5ccb856837b7a426304cec91999b743a7413b4ba6eaec379e,07b257405f757223,,b17f234686466879,B0d,16,16,fb2e41a2d7,1,synthetic:lowlight-v8,ok,harsh|clip_lowlight_fast_v8|harsh|rep1|seed20240909,2.3487
clean,,nan,clip_lowlight_fast_v8,520e22f1e89c4ab5ccb856837b7a426304cec91999b743a7413b4ba6eaec379e,07b257405f757223,,511a11e36a1db18d,B1,16,16,fb2e41a2d7,4,synthetic:lowlight-v8,ok,clean|clip_lowlight_fast_v8|clean|rep4|seed20240909,0.3887
harsh,,nan,clip_lowlight_fast_v8,520e22f1e89c4ab5ccb856837b7a426304cec91999b743a7413b4ba6eaec379e,07b257405f757223,,c1bffac716c9ee0c,B0d,16,16,fb2e41a2d7,3,synthetic:lowlight-v8,ok,harsh|clip_lowlight_fast_v8|harsh|rep3|seed20240909,2.2836
harsh,,nan,clip_lowlight_fast_v8,520e22f1e89c4ab5ccb856837b7a426304cec91999b743a7413b4ba6eaec379e,07b257405f757223,,a92c427bbe762277,B0d,16,16,fb2e41a2d7,2,synthetic:lowlight-v8,ok,harsh|clip_lowlight_fast_v8|harsh|rep2|seed20240909,2.4673
mild,,nan,clip_lowlight_fast_v8,520e22f1e89c4ab5ccb856837b7a426304cec91999b743a7413b4ba6eaec379e,07b257405f757223,,e1b53c177ef9486d,B1,16,16,fb2e41a2d7,0,synthetic:lowlight-v8,ok,mild|clip_lowlight_fast_v8|mild|rep0|seed20240909,0.5552
harsh,,nan,clip_lowlight_fast_v8,520e22f1e89c4ab5ccb856837b7a426304cec91999b743a7413b4ba6eaec379e,07b257405f757223,,4c14f6c058854c24,B0d,16,16,fb2e41a2d7,4,synthetic:lowlight-v8,ok,harsh|clip_lowlight_fast_v8|harsh|rep4|seed20240909,2.5878
mild,,nan,clip_lowlight_fast_v8,520e22f1e89c4ab5ccb856837b7a426304cec91999b743a7413b4ba6eaec379e,07b257405f757223,,d2a23b7f68f5e93e,B1,16,16,fb2e41a2d7,1,synthetic:lowlight-v8,ok,mild|clip_lowlight_fast_v8|mild|rep1|seed20240909,0.5853
moderate,,nan,clip_lowlight_fast_v8,520e22f1e89c4ab5ccb856837b7a426304cec91999b743a7413b4ba6eaec379e,07b257405f757223,,7b63e11d114f41d4,B0d,16,16,fb2e41a2d7,2,synthetic:lowlight-v8,ok,moderate|clip_lowlight_fast_v8|moderate|rep2|seed20240909,5.538
mild,,nan,clip_lowlight_fast_v8,520e22f1e89c4ab5ccb856837b7a426304cec91999b743a7413b4ba6eaec379e,07b257405f757223,,a9d0bce59956a246,B1,16,16,fb2e41a2d7,3,synthetic:lowlight-v8,ok,mild|clip_lowlight_fast_v8|mild|rep3|seed20240909,0.592
mild,,nan,clip_lowlight_fast_v8,520e22f1e89c4ab5ccb856837b7a426304cec91999b743a7413b4ba6eaec379e,07b257405f757223,,656646fe4daaedfd,B1,16,16,fb2e41a2d7,2,synthetic:lowlight-v8,ok,mild|clip_lowlight_fast_v8|mild|rep2|seed20240909,0.6117
mild,,nan,clip_lowlight_fast_v8,520e22f1e89c4ab5ccb856837b7a426304cec91999b743a7413b4ba6eaec379e,07b257405f757223,,c2d7bb267d91e187,B1,16,16,fb2e41a2d7,4,synthetic:lowlight-v8,ok,mild|clip_lowlight_fast_v8|mild|rep4|seed20240909,0.6104
moderate,,nan,clip_lowlight_fast_v8,520e22f1e89c4ab5ccb856837b7a426304cec91999b743a7413b4ba6eaec379e,07b257405f757223,,83dda0c66c88e5fd,B0d,16,16,fb2e41a2d7,0,synthetic:lowlight-v8,ok,moderate|clip_lowlight_fast_v8|moderate|rep0|seed20240909,6.0616
moderate,,nan,clip_lowlight_fast_v8,520e22f1e89c4ab5ccb856837b7a426304cec91999b743a7413b4ba6eaec379e,07b257405f757223,,a87c83e984386774,B0d,16,16,fb2e41a2d7,1,synthetic:lowlight-v8,ok,moderate|clip_lowlight_fast_v8|moderate|rep1|seed20240909,5.8956
moderate,,nan,clip_lowlight_fast_v8,520e22f1e89c4ab5ccb856837b7a426304cec91999b743a7413b4ba6eaec379e,07b257405f757223,,3dd71e5ea199dcde,B1,16,16,fb2e41a2d7,0,synthetic:lowlight-v8,ok,moderate|clip_lowlight_fast_v8|moderate|rep0|seed20240909,0.6494
moderate,,nan,clip_lowlight_fast_v8,520e22f1e89c4ab5ccb856837b7a426304cec91999b743a7413b4ba6eaec379e,07b257405f757223,,2a9e6bba017effc2,B1,16,16,fb2e41a2d7,1,synthetic:lowlight-v8,ok,moderate|clip_lowlight_fast_v8|moderate|rep1|seed20240909,0.6649
moderate,,nan,clip_lowlight_fast_v8,520e22f1e89c4ab5ccb856837b7a426304cec91999b743a7413b4ba6eaec379e,07b257405f757223,,8b482e76d2f1c539,B1,16,16,fb2e41a2d7,2,synthetic:lowlight-v8,ok,moderate|clip_lowlight_fast_v8|moderate|rep2|seed20240909,0.5807
bursty,,nan,clip_lowlight_fast_v8,520e22f1e89c4ab5ccb856837b7a426304cec91999b743a7413b4ba6eaec379e,07b257405f757223,,bd1e8caf9ebf59d4,B1,16,16,fb2e41a2d7,0,synthetic:lowlight-v8,ok,bursty|clip_lowlight_fast_v8|bursty|rep0|seed20240909,0.5951
moderate,,nan,clip_lowlight_fast_v8,520e22f1e89c4ab5ccb856837b7a426304cec91999b743a7413b4ba6eaec379e,07b257405f757223,,3f96c0dcf546ec3a,B1,16,16,fb2e41a2d7,3,synthetic:lowlight-v8,ok,moderate|clip_lowlight_fast_v8|moderate|rep3|seed20240909,0.6737
moderate,,nan,clip_lowlight_fast_v8,520e22f1e89c4ab5ccb856837b7a426304cec91999b743a7413b4ba6eaec379e,07b257405f757223,,559d2fdc208996f9,B1,16,16,fb2e41a2d7,4,synthetic:lowlight-v8,ok,moderate|clip_lowlight_fast_v8|moderate|rep4|seed20240909,0.642
bursty,,nan,clip_lowlight_fast_v8,520e22f1e89c4ab5ccb856837b7a426304cec91999b743a7413b4ba6eaec379e,07b257405f757223,,1c7dc194534e5ce4,B1,16,16,fb2e41a2d7,1,synthetic:lowlight-v8,ok,bursty|clip_lowlight_fast_v8|bursty|rep1|seed20240909,0.6152
bursty,,nan,clip_lowlight_fast_v8,520e22f1e89c4ab5ccb856837b7a426304cec91999b743a7413b4ba6eaec379e,07b257405f757223,,110c0b21061c6d0a,B1,16,16,fb2e41a2d7,2,synthetic:lowlight-v8,ok,bursty|clip_lowlight_fast_v8|bursty|rep2|seed20240909,0.665
bursty,,nan,clip_lowlight_fast_v8,520e22f1e89c4ab5ccb856837b7a426304cec91999b743a7413b4ba6eaec379e,07b257405f757223,,a8f786be90ff84c5,B1,16,16,fb2e41a2d7,3,synthetic:lowlight-v8,ok,bursty|clip_lowlight_fast_v8|bursty|rep3|seed20240909,0.6313
bursty,,nan,clip_lowlight_fast_v8,520e22f1e89c4ab5ccb856837b7a426304cec91999b743a7413b4ba6eaec379e,07b257405f757223,,92323d192dbbe001,B1,16,16,fb2e41a2d7,4,synthetic:lowlight-v8,ok,bursty|clip_lowlight_fast_v8|bursty|rep4|seed20240909,0.6171
harsh,,nan,clip_lowlight_fast_v8,520e22f1e89c4ab5ccb856837b7a426304cec91999b743a7413b4ba6eaec379e,07b257405f757223,,36748bcf6efaaad0,B1,16,16,fb2e41a2d7,0,synthetic:lowlight-v8,ok,harsh|clip_lowlight_fast_v8|harsh|rep0|seed20240909,0.6638
harsh,,nan,clip_lowlight_fast_v8,520e22f1e89c4ab5ccb856837b7a426304cec91999b743a7413b4ba6eaec379e,07b257405f757223,,2de4bb3f7af9ff73,B1,16,16,fb2e41a2d7,1,synthetic:lowlight-v8,ok,harsh|clip_lowlight_fast_v8|harsh|rep1|seed20240909,0.6674
harsh,,nan,clip_lowlight_fast_v8,520e22f1e89c4ab5ccb856837b7a426304cec91999b743a7413b4ba6eaec379e,07b257405f757223,,6850e2ead77b6747,B1,16,16,fb2e41a2d7,3,synthetic:lowlight-v8,ok,harsh|clip_lowlight_fast_v8|harsh|rep3|seed20240909,0.6469
clean,,nan,clip_lowlight_fast_v8,520e22f1e89c4ab5ccb856837b7a426304cec91999b743a7413b4ba6eaec379e,07b257405f757223,,b5c6bf563268cec9,B2,16,16,fb2e41a2d7,0,synthetic:lowlight-v8,ok,clean|clip_lowlight_fast_v8|clean|rep0|seed20240909,0.4755
harsh,,nan,clip_lowlight_fast_v8,520e22f1e89c4ab5ccb856837b7a426304cec91999b743a7413b4ba6eaec379e,07b257405f757223,,1a789bba0cc8368a,B1,16,16,fb2e41a2d7,2,synthetic:lowlight-v8,ok,harsh|clip_lowlight_fast_v8|harsh|rep2|seed20240909,0.6828
harsh,,nan,clip_lowlight_fast_v8,520e22f1e89c4ab5ccb856837b7a426304cec91999b743a7413b4ba6eaec379e,07b257405f757223,,541abbbba9d3920d,B1,16,16,fb2e41a2d7,4,synthetic:lowlight-v8,ok,harsh|clip_lowlight_fast_v8|harsh|rep4|seed20240909,0.6793
clean,,nan,clip_lowlight_fast_v8,520e22f1e89c4ab5ccb856837b7a426304cec91999b743a7413b4ba6eaec379e,07b257405f757223,,0822287224ff1772,B2,16,16,fb2e41a2d7,1,synthetic:lowlight-v8,ok,clean|clip_lowlight_fast_v8|clean|rep1|seed20240909,0.4562
clean,,nan,clip_lowlight_fast_v8,520e22f1e89c4ab5ccb856837b7a426304cec91999b743a7413b4ba6eaec379e,07b257405f757223,,d9c6746f02e57dc7,B2,16,16,fb2e41a2d7,2,synthetic:lowlight-v8,ok,clean|clip_lowlight_fast_v8|clean|rep2|seed20240909,0.5006
clean,,nan,clip_lowlight_fast_v8,520e22f1e89c4ab5ccb856837b7a426304cec91999b743a7413b4ba6eaec379e,07b257405f757223,,fbb5a94b5073268a,B2,16,16,fb2e41a2d7,3,synthetic:lowlight-v8,ok,clean|clip_lowlight_fast_v8|clean|rep3|seed20240909,0.4487
clean,,nan,clip_lowlight_fast_v8,520e22f1e89c4ab5ccb856837b7a426304cec91999b743a7413b4ba6eaec379e,07b257405f757223,,d019078485d3449a,B2,16,16,fb2e41a2d7,4,synthetic:lowlight-v8,ok,clean|clip_lowlight_fast_v8|clean|rep4|seed20240909,0.4831
moderate,,nan,clip_lowlight_fast_v8,520e22f1e89c4ab5ccb856837b7a426304cec91999b743a7413b4ba6eaec379e,07b257405f757223,,f0c8910e5396f579,B0d,16,16,fb2e41a2d7,3,synthetic:lowlight-v8,ok,moderate|clip_lowlight_fast_v8|moderate|rep3|seed20240909,5.9831
moderate,,nan,clip_lowlight_fast_v8,520e22f1e89c4ab5ccb856837b7a426304cec91999b743a7413b4ba6eaec379e,07b257405f757223,,18868e9b20939f5e,B0d,16,16,fb2e41a2d7,4,synthetic:lowlight-v8,ok,moderate|clip_lowlight_fast_v8|moderate|rep4|seed20240909,5.6794
mild,,nan,clip_lowlight_fast_v8,520e22f1e89c4ab5ccb856837b7a426304cec91999b743a7413b4ba6eaec379e,07b257405f757223,,85d76959117f95bd,B2,16,16,fb2e41a2d7,0,synthetic:lowlight-v8,ok,mild|clip_lowlight_fast_v8|mild|rep0|seed20240909,0.6551
mild,,nan,clip_lowlight_fast_v8,520e22f1e89c4ab5ccb856837b7a426304cec91999b743a7413b4ba6eaec379e,07b257405f757223,,41fa1c1f58cf3e19,B2,16,16,fb2e41a2d7,1,synthetic:lowlight-v8,ok,mild|clip_lowlight_fast_v8|mild|rep1|seed20240909,0.6027
mild,,nan,clip_lowlight_fast_v8,520e22f1e89c4ab5ccb856837b7a426304cec91999b743a7413b4ba6eaec379e,07b257405f757223,,0811689a041ba36b,B2,16,16,fb2e41a2d7,2,synthetic:lowlight-v8,ok,mild|clip_lowlight_fast_v8|mild|rep2|seed20240909,0.6131
mild,,nan,clip_lowlight_fast_v8,520e22f1e89c4ab5ccb856837b7a426304cec91999b743a7413b4ba6eaec379e,07b257405f757223,,ab8afd7ef8363bab,B2,16,16,fb2e41a2d7,3,synthetic:lowlight-v8,ok,mild|clip_lowlight_fast_v8|mild|rep3|seed20240909,0.6384
mild,,nan,clip_lowlight_fast_v8,520e22f1e89c4ab5ccb856837b7a426304cec91999b743a7413b4ba6eaec379e,07b257405f757223,,1ea68f38812cf23c,B2,16,16,fb2e41a2d7,4,synthetic:lowlight-v8,ok,mild|clip_lowlight_fast_v8|mild|rep4|seed20240909,0.6629
moderate,,nan,clip_lowlight_fast_v8,520e22f1e89c4ab5ccb856837b7a426304cec91999b743a7413b4ba6eaec379e,07b257405f757223,,2a7a7e687dbfdf21,B2,16,16,fb2e41a2d7,0,synthetic:lowlight-v8,ok,moderate|clip_lowlight_fast_v8|moderate|rep0|seed20240909,0.6581
moderate,,nan,clip_lowlight_fast_v8,520e22f1e89c4ab5ccb856837b7a426304cec91999b743a7413b4ba6eaec379e,07b257405f757223,,5d8e212c317108c1,B2,16,16,fb2e41a2d7,1,synthetic:lowlight-v8,ok,moderate|clip_lowlight_fast_v8|moderate|rep1|seed20240909,0.6929
moderate,,nan,clip_lowlight_fast_v8,520e22f1e89c4ab5ccb856837b7a426304cec91999b743a7413b4ba6eaec379e,07b257405f757223,,48e6bf0101010b31,B2,16,16,fb2e41a2d7,2,synthetic:lowlight-v8,ok,moderate|clip_lowlight_fast_v8|moderate|rep2|seed20240909,0.7275
moderate,,nan,clip_lowlight_fast_v8,520e22f1e89c4ab5ccb856837b7a426304cec91999b743a7413b4ba6eaec379e,07b257405f757223,,f13516b6440a360b,B2,16,16,fb2e41a2d7,3,synthetic:lowlight-v8,ok,moderate|clip_lowlight_fast_v8|moderate|rep3|seed20240909,0.6566
moderate,,nan,clip_lowlight_fast_v8,520e22f1e89c4ab5ccb856837b7a426304cec91999b743a7413b4ba6eaec379e,07b257405f757223,,7dc15898a3d5d221,B2,16,16,fb2e41a2d7,4,synthetic:lowlight-v8,ok,moderate|clip_lowlight_fast_v8|moderate|rep4|seed20240909,0.7007
bursty,,nan,clip_lowlight_fast_v8,520e22f1e89c4ab5ccb856837b7a426304cec91999b743a7413b4ba6eaec379e,07b257405f757223,,600c9cd97c8ead63,B2,16,16,fb2e41a2d7,0,synthetic:lowlight-v8,ok,bursty|clip_lowlight_fast_v8|bursty|rep0|seed20240909,0.5975
bursty,,nan,clip_lowlight_fast_v8,520e22f1e89c4ab5ccb856837b7a426304cec91999b743a7413b4ba6eaec379e,07b257405f757223,,ddce2ef5269edc8a,B2,16,16,fb2e41a2d7,1,synthetic:lowlight-v8,ok,bursty|clip_lowlight_fast_v8|bursty|rep1|seed20240909,0.5741
bursty,,nan,clip_lowlight_fast_v8,520e22f1e89c4ab5ccb856837b7a426304cec91999b743a7413b4ba6eaec379e,07b257405f757223,,57652852e032e502,B0d,16,16,fb2e41a2d7,2,synthetic:lowlight-v8,ok,bursty|clip_lowlight_fast_v8|bursty|rep2|seed20240909,6.0598
bursty,,nan,clip_lowlight_fast_v8,520e22f1e89c4ab5ccb856837b7a426304cec91999b743a7413b4ba6eaec379e,07b257405f757223,,71b3055ab38fb221,B2,16,16,fb2e41a2d7,2,synthetic:lowlight-v8,ok,bursty|clip_lowlight_fast_v8|bursty|rep2|seed20240909,0.5903
bursty,,nan,clip_lowlight_fast_v8,520e22f1e89c4ab5ccb856837b7a426304cec91999b743a7413b4ba6eaec379e,07b257405f757223,,42f56faeed26be35,B2,16,16,fb2e41a2d7,3,synthetic:lowlight-v8,ok,bursty|clip_lowlight_fast_v8|bursty|rep3|seed20240909,0.6319
bursty,,nan,clip_lowlight_fast_v8,520e22f1e89c4ab5ccb856837b7a426304cec91999b743a7413b4ba6eaec379e,07b257405f757223,,ff64a851ae3b47bb,B2,16,16,fb2e41a2d7,4,synthetic:lowlight-v8,ok,bursty|clip_lowlight_fast_v8|bursty|rep4|seed20240909,0.6046
harsh,,nan,clip_lowlight_fast_v8,520e22f1e89c4ab5ccb856837b7a426304cec91999b743a7413b4ba6eaec379e,07b257405f757223,,fdfbad00e237fdc8,B2,16,16,fb2e41a2d7,0,synthetic:lowlight-v8,ok,harsh|clip_lowlight_fast_v8|harsh|rep0|seed20240909,0.6608
harsh,,nan,clip_lowlight_fast_v8,520e22f1e89c4ab5ccb856837b7a426304cec91999b743a7413b4ba6eaec379e,07b257405f757223,,dbe1ed35ba71154a,B2,16,16,fb2e41a2d7,1,synthetic:lowlight-v8,ok,harsh|clip_lowlight_fast_v8|harsh|rep1|seed20240909,0.6755
harsh,,nan,clip_lowlight_fast_v8,520e22f1e89c4ab5ccb856837b7a426304cec91999b743a7413b4ba6eaec379e,07b257405f757223,,0fafb30fb7e381e7,B2,16,16,fb2e41a2d7,2,synthetic:lowlight-v8,ok,harsh|clip_lowlight_fast_v8|harsh|rep2|seed20240909,0.6567
harsh,,nan,clip_lowlight_fast_v8,520e22f1e89c4ab5ccb856837b7a426304cec91999b743a7413b4ba6eaec379e,07b257405f757223,,ff66c3052f27b2fd,B2,16,16,fb2e41a2d7,3,synthetic:lowlight-v8,ok,harsh|clip_lowlight_fast_v8|harsh|rep3|seed20240909,0.6324
harsh,,nan,clip_lowlight_fast_v8,520e22f1e89c4ab5ccb856837b7a426304cec91999b743a7413b4ba6eaec379e,07b257405f757223,,58d25f9d6cc881e0,B2,16,16,fb2e41a2d7,4,synthetic:lowlight-v8,ok,harsh|clip_lowlight_fast_v8|harsh|rep4|seed20240909,0.6111
bursty,,nan,clip_lowlight_fast_v8,520e22f1e89c4ab5ccb856837b7a426304cec91999b743a7413b4ba6eaec379e,07b257405f757223,,8874e5638011d2a0,B0d,16,16,fb2e41a2d7,3,synthetic:lowlight-v8,ok,bursty|clip_lowlight_fast_v8|bursty|rep3|seed20240909,6.6581
bursty,,nan,clip_lowlight_fast_v8,520e22f1e89c4ab5ccb856837b7a426304cec91999b743a7413b4ba6eaec379e,07b257405f757223,,33f34c7aeec336a4,B0d,16,16,fb2e41a2d7,4,synthetic:lowlight-v8,ok,bursty|clip_lowlight_fast_v8|bursty|rep4|seed20240909,6.6451
bursty,,nan,clip_lowlight_fast_v8,520e22f1e89c4ab5ccb856837b7a426304cec91999b743a7413b4ba6eaec379e,07b257405f757223,,12fa7116fe65101f,B0d,16,16,fb2e41a2d7,1,synthetic:lowlight-v8,ok,bursty|clip_lowlight_fast_v8|bursty|rep1|seed20240909,6.8571
bursty,,nan,clip_lowlight_fast_v8,520e22f1e89c4ab5ccb856837b7a426304cec91999b743a7413b4ba6eaec379e,07b257405f757223,,f11cf797d48401ef,B0d,16,16,fb2e41a2d7,0,synthetic:lowlight-v8,ok,bursty|clip_lowlight_fast_v8|bursty|rep0|seed20240909,6.9766
clean,,nan,clip_lowlight_fast_v8,520e22f1e89c4ab5ccb856837b7a426304cec91999b743a7413b4ba6eaec379e,07b257405f757223,,9ffc260645294bc0,B3,16,16,fb2e41a2d7,1,synthetic:lowlight-v8,ok,clean|clip_lowlight_fast_v8|clean|rep1|seed20240909,1.8419
clean,,nan,clip_lowlight_fast_v8,520e22f1e89c4ab5ccb856837b7a426304cec91999b743a7413b4ba6eaec379e,07b257405f757223,,295d085c216b8806,B3,16,16,fb2e41a2d7,0,synthetic:lowlight-v8,ok,clean|clip_lowlight_fast_v8|clean|rep0|seed20240909,1.9144
clean,,nan,clip_lowlight_fast_v8,520e22f1e89c4ab5ccb856837b7a426304cec91999b743a7413b4ba6eaec379e,07b257405f757223,,3afeeb93d53b849c,B3,16,16,fb2e41a2d7,2,synthetic:lowlight-v8,ok,clean|clip_lowlight_fast_v8|clean|rep2|seed20240909,1.8797
clean,,nan,clip_lowlight_fast_v8,520e22f1e89c4ab5ccb856837b7a426304cec91999b743a7413b4ba6eaec379e,07b257405f757223,,004763f1c7385db2,B3,16,16,fb2e41a2d7,3,synthetic:lowlight-v8,ok,clean|clip_lowlight_fast_v8|clean|rep3|seed20240909,1.9689
clean,,nan,clip_lowlight_fast_v8,520e22f1e89c4ab5ccb856837b7a426304cec91999b743a7413b4ba6eaec379e,07b257405f757223,,fdb1d89a19d446d6,B3,16,16,fb2e41a2d7,4,synthetic:lowlight-v8,ok,clean|clip_lowlight_fast_v8|clean|rep4|seed20240909,1.9782
mild,,nan,clip_lowlight_fast_v8,520e22f1e89c4ab5ccb856837b7a426304cec91999b743a7413b4ba6eaec379e,07b257405f757223,,5e1461505ba89c4e,B3,16,16,fb2e41a2d7,1,synthetic:lowlight-v8,ok,mild|clip_lowlight_fast_v8|mild|rep1|seed20240909,2.0065
mild,,nan,clip_lowlight_fast_v8,520e22f1e89c4ab5ccb856837b7a426304cec91999b743a7413b4ba6eaec379e,07b257405f757223,,9e60ee12d3362beb,B3,16,16,fb2e41a2d7,0,synthetic:lowlight-v8,ok,mild|clip_lowlight_fast_v8|mild|rep0|seed20240909,2.0515
mild,,nan,clip_lowlight_fast_v8,520e22f1e89c4ab5ccb856837b7a426304cec91999b743a7413b4ba6eaec379e,07b257405f757223,,58e6059ace662fd2,B3,16,16,fb2e41a2d7,2,synthetic:lowlight-v8,ok,mild|clip_lowlight_fast_v8|mild|rep2|seed20240909,1.989
mild,,nan,clip_lowlight_fast_v8,520e22f1e89c4ab5ccb856837b7a426304cec91999b743a7413b4ba6eaec379e,07b257405f757223,,aebbe332eb17f3d9,B3,16,16,fb2e41a2d7,3,synthetic:lowlight-v8,ok,mild|clip_lowlight_fast_v8|mild|rep3|seed20240909,2.0578
mild,,nan,clip_lowlight_fast_v8,520e22f1e89c4ab5ccb856837b7a426304cec91999b743a7413b4ba6eaec379e,07b257405f757223,,804d58e83e327e64,B3,16,16,fb2e41a2d7,4,synthetic:lowlight-v8,ok,mild|clip_lowlight_fast_v8|mild|rep4|seed20240909,2.1474
moderate,,nan,clip_lowlight_fast_v8,520e22f1e89c4ab5ccb856837b7a426304cec91999b743a7413b4ba6eaec379e,07b257405f757223,,239829f05fe5849e,B3,16,16,fb2e41a2d7,0,synthetic:lowlight-v8,ok,moderate|clip_lowlight_fast_v8|moderate|rep0|seed20240909,2.3219
moderate,,nan,clip_lowlight_fast_v8,520e22f1e89c4ab5ccb856837b7a426304cec91999b743a7413b4ba6eaec379e,07b257405f757223,,046a02892d45d093,B3,16,16,fb2e41a2d7,1,synthetic:lowlight-v8,ok,moderate|clip_lowlight_fast_v8|moderate|rep1|seed20240909,2.4355
moderate,,nan,clip_lowlight_fast_v8,520e22f1e89c4ab5ccb856837b7a426304cec91999b743a7413b4ba6eaec379e,07b257405f757223,,1002ac70fd25f67b,B3,16,16,fb2e41a2d7,4,synthetic:lowlight-v8,ok,moderate|clip_lowlight_fast_v8|moderate|rep4|seed20240909,2.2646
moderate,,nan,clip_lowlight_fast_v8,520e22f1e89c4ab5ccb856837b7a426304cec91999b743a7413b4ba6eaec379e,07b257405f757223,,e5c7ae3142710afa,B3,16,16,fb2e41a2d7,3,synthetic:lowlight-v8,ok,moderate|clip_lowlight_fast_v8|moderate|rep3|seed20240909,2.3985
moderate,,nan,clip_lowlight_fast_v8,520e22f1e89c4ab5ccb856837b7a426304cec91999b743a7413b4ba6eaec379e,07b257405f757223,,507b74f5c85addec,B3,16,16,fb2e41a2d7,2,synthetic:lowlight-v8,ok,moderate|clip_lowlight_fast_v8|moderate|rep2|seed20240909,2.4347
bursty,,nan,clip_lowlight_fast_v8,520e22f1e89c4ab5ccb856837b7a426304cec91999b743a7413b4ba6eaec379e,07b257405f757223,,b89734d721c32ccb,B3,16,16,fb2e41a2d7,0,synthetic:lowlight-v8,ok,bursty|clip_lowlight_fast_v8|bursty|rep0|seed20240909,2.6093
harsh,,nan,clip_lowlight_fast_v8,520e22f1e89c4ab5ccb856837b7a426304cec91999b743a7413b4ba6eaec379e,07b257405f757223,,a3ff5cd3a066b02c,B3,16,16,fb2e41a2d7,0,synthetic:lowlight-v8,ok,harsh|clip_lowlight_fast_v8|harsh|rep0|seed20240909,1.7667
harsh,,nan,clip_lowlight_fast_v8,520e22f1e89c4ab5ccb856837b7a426304cec91999b743a7413b4ba6eaec379e,07b257405f757223,,ddf6ae4570cdd732,B3,16,16,fb2e41a2d7,1,synthetic:lowlight-v8,ok,harsh|clip_lowlight_fast_v8|harsh|rep1|seed20240909,1.6838
harsh,,nan,clip_lowlight_fast_v8,520e22f1e89c4ab5ccb856837b7a426304cec91999b743a7413b4ba6eaec379e,07b257405f757223,,da2d14d66344497d,B3,16,16,fb2e41a2d7,2,synthetic:lowlight-v8,ok,harsh|clip_lowlight_fast_v8|harsh|rep2|seed20240909,1.7576
harsh,,nan,clip_lowlight_fast_v8,520e22f1e89c4ab5ccb856837b7a426304cec91999b743a7413b4ba6eaec379e,07b257405f757223,,95dcad8094e85689,B3,16,16,fb2e41a2d7,3,synthetic:lowlight-v8,ok,harsh|clip_lowlight_fast_v8|harsh|rep3|seed20240909,1.8455
harsh,,nan,clip_lowlight_fast_v8,520e22f1e89c4ab5ccb856837b7a426304cec91999b743a7413b4ba6eaec379e,07b257405f757223,,3aa4cdf1353595de,B3,16,16,fb2e41a2d7,4,synthetic:lowlight-v8,ok,harsh|clip_lowlight_fast_v8|harsh|rep4|seed20240909,1.875
bursty,,nan,clip_lowlight_fast_v8,520e22f1e89c4ab5ccb856837b7a426304cec91999b743a7413b4ba6eaec379e,07b257405f757223,,009bcfb332dac440,B3,16,16,fb2e41a2d7,3,synthetic:lowlight-v8,ok,bursty|clip_lowlight_fast_v8|bursty|rep3|seed20240909,2.3799
bursty,,nan,clip_lowlight_fast_v8,520e22f1e89c4ab5ccb856837b7a426304cec91999b743a7413b4ba6eaec379e,07b257405f757223,,fc86d57f22e766e5,B3,16,16,fb2e41a2d7,1,synthetic:lowlight-v8,ok,bursty|clip_lowlight_fast_v8|bursty|rep1|seed20240909,2.4669
bursty,,nan,clip_lowlight_fast_v8,520e22f1e89c4ab5ccb856837b7a426304cec91999b743a7413b4ba6eaec379e,07b257405f757223,,485397f8724cecb1,B3,16,16,fb2e41a2d7,2,synthetic:lowlight-v8,ok,bursty|clip_lowlight_fast_v8|bursty|rep2|seed20240909,2.4456
bursty,,nan,clip_lowlight_fast_v8,520e22f1e89c4ab5ccb856837b7a426304cec91999b743a7413b4ba6eaec379e,07b257405f757223,,845bc3b9a54ae2f0,B3,16,16,fb2e41a2d7,4,synthetic:lowlight-v8,ok,bursty|clip_lowlight_fast_v8|bursty|rep4|seed20240909,2.4817
clean,,nan,clip_lowlight_fast_v8,520e22f1e89c4ab5ccb856837b7a426304cec91999b743a7413b4ba6eaec379e,07b257405f757223,,e6d3b3b434b0d945,B4,16,16,fb2e41a2d7,0,synthetic:lowlight-v8,ok,clean|clip_lowlight_fast_v8|clean|rep0|seed20240909,4.5259
clean,,nan,clip_lowlight_fast_v8,520e22f1e89c4ab5ccb856837b7a426304cec91999b743a7413b4ba6eaec379e,07b257405f757223,,17cb82cc74171b63,B4,16,16,fb2e41a2d7,1,synthetic:lowlight-v8,ok,clean|clip_lowlight_fast_v8|clean|rep1|seed20240909,4.3585
clean,,nan,clip_lowlight_fast_v8,520e22f1e89c4ab5ccb856837b7a426304cec91999b743a7413b4ba6eaec379e,07b257405f757223,,fe73e4227378ae4a,B4,16,16,fb2e41a2d7,3,synthetic:lowlight-v8,ok,clean|clip_lowlight_fast_v8|clean|rep3|seed20240909,4.4229
clean,,nan,clip_lowlight_fast_v8,520e22f1e89c4ab5ccb856837b7a426304cec91999b743a7413b4ba6eaec379e,07b257405f757223,,678ae1cb97ed6671,B4,16,16,fb2e41a2d7,2,synthetic:lowlight-v8,ok,clean|clip_lowlight_fast_v8|clean|rep2|seed20240909,4.5319
clean,,nan,clip_lowlight_fast_v8,520e22f1e89c4ab5ccb856837b7a426304cec91999b743a7413b4ba6eaec379e,07b257405f757223,,b634faad28ae133a,B4,16,16,fb2e41a2d7,4,synthetic:lowlight-v8,ok,clean|clip_lowlight_fast_v8|clean|rep4|seed20240909,4.5563
mild,,nan,clip_lowlight_fast_v8,520e22f1e89c4ab5ccb856837b7a426304cec91999b743a7413b4ba6eaec379e,07b257405f757223,,297bf0ad1770a6a3,B4,16,16,fb2e41a2d7,0,synthetic:lowlight-v8,ok,mild|clip_lowlight_fast_v8|mild|rep0|seed20240909,4.7725
mild,,nan,clip_lowlight_fast_v8,520e22f1e89c4ab5ccb856837b7a426304cec91999b743a7413b4ba6eaec379e,07b257405f757223,,39965b9c15b80df3,B4,16,16,fb2e41a2d7,1,synthetic:lowlight-v8,ok,mild|clip_lowlight_fast_v8|mild|rep1|seed20240909,4.749
mild,,nan,clip_lowlight_fast_v8,520e22f1e89c4ab5ccb856837b7a426304cec91999b743a7413b4ba6eaec379e,07b257405f757223,,251d37012d07f159,B4,16,16,fb2e41a2d7,2,synthetic:lowlight-v8,ok,mild|clip_lowlight_fast_v8|mild|rep2|seed20240909,4.75
mild,,nan,clip_lowlight_fast_v8,520e22f1e89c4ab5ccb856837b7a426304cec91999b743a7413b4ba6eaec379e,07b257405f757223,,81d92ebf41aceb68,B4,16,16,fb2e41a2d7,4,synthetic:lowlight-v8,ok,mild|clip_lowlight_fast_v8|mild|rep4|seed20240909,4.6344
mild,,nan,clip_lowlight_fast_v8,520e22f1e89c4ab5ccb856837b7a426304cec91999b743a7413b4ba6eaec379e,07b257405f757223,,da5e52e9aa3dd3ab,B4,16,16,fb2e41a2d7,3,synthetic:lowlight-v8,ok,mild|clip_lowlight_fast_v8|mild|rep3|seed20240909,4.8046
harsh,,nan,clip_lowlight_fast_v8,520e22f1e89c4ab5ccb856837b7a426304cec91999b743a7413b4ba6eaec379e,07b257405f757223,,09996322f87de718,B4,16,16,fb2e41a2d7,0,synthetic:lowlight-v8,ok,harsh|clip_lowlight_fast_v8|harsh|rep0|seed20240909,2.8567
harsh,,nan,clip_lowlight_fast_v8,520e22f1e89c4ab5ccb856837b7a426304cec91999b743a7413b4ba6eaec379e,07b257405f757223,,a6a12bf8c3360297,B4,16,16,fb2e41a2d7,1,synthetic:lowlight-v8,ok,harsh|clip_lowlight_fast_v8|harsh|rep1|seed20240909,2.885
harsh,,nan,clip_lowlight_fast_v8,520e22f1e89c4ab5ccb856837b7a426304cec91999b743a7413b4ba6eaec379e,07b257405f757223,,40a2cc76d546ed81,B4,16,16,fb2e41a2d7,2,synthetic:lowlight-v8,ok,harsh|clip_lowlight_fast_v8|harsh|rep2|seed20240909,2.9729
harsh,,nan,clip_lowlight_fast_v8,520e22f1e89c4ab5ccb856837b7a426304cec91999b743a7413b4ba6eaec379e,07b257405f757223,,1e5c546714df2064,B4,16,16,fb2e41a2d7,3,synthetic:lowlight-v8,ok,harsh|clip_lowlight_fast_v8|harsh|rep3|seed20240909,2.8907
harsh,,nan,clip_lowlight_fast_v8,520e22f1e89c4ab5ccb856837b7a426304cec91999b743a7413b4ba6eaec379e,07b257405f757223,,e73a1c10d44bdb13,B4,16,16,fb2e41a2d7,4,synthetic:lowlight-v8,ok,harsh|clip_lowlight_fast_v8|harsh|rep4|seed20240909,3.0066
moderate,,nan,clip_lowlight_fast_v8,520e22f1e89c4ab5ccb856837b7a426304cec91999b743a7413b4ba6eaec379e,07b257405f757223,,7a543d9718ef5d8d,B4,16,16,fb2e41a2d7,3,synthetic:lowlight-v8,ok,moderate|clip_lowlight_fast_v8|moderate|rep3|seed20240909,7.4089
moderate,,nan,clip_lowlight_fast_v8,520e22f1e89c4ab5ccb856837b7a426304cec91999b743a7413b4ba6eaec379e,07b257405f757223,,2f85f6f810109a7d,B4,16,16,fb2e41a2d7,0,synthetic:lowlight-v8,ok,moderate|clip_lowlight_fast_v8|moderate|rep0|seed20240909,7.6783
moderate,,nan,clip_lowlight_fast_v8,520e22f1e89c4ab5ccb856837b7a426304cec91999b743a7413b4ba6eaec379e,07b257405f757223,,4d768049949b85a6,B4,16,16,fb2e41a2d7,2,synthetic:lowlight-v8,ok,moderate|clip_lowlight_fast_v8|moderate|rep2|seed20240909,7.5153
moderate,,nan,clip_lowlight_fast_v8,520e22f1e89c4ab5ccb856837b7a426304cec91999b743a7413b4ba6eaec379e,07b257405f757223,,727308a78cceebf6,B4,16,16,fb2e41a2d7,4,synthetic:lowlight-v8,ok,moderate|clip_lowlight_fast_v8|moderate|rep4|seed20240909,7.6796
moderate,,nan,clip_lowlight_fast_v8,520e22f1e89c4ab5ccb856837b7a426304cec91999b743a7413b4ba6eaec379e,07b257405f757223,,87fbd5f2bd3cbfdc,B4,16,16,fb2e41a2d7,1,synthetic:lowlight-v8,ok,moderate|clip_lowlight_fast_v8|moderate|rep1|seed20240909,8.2458
bursty,,nan,clip_lowlight_fast_v8,520e22f1e89c4ab5ccb856837b7a426304cec91999b743a7413b4ba6eaec379e,07b257405f757223,,50e9fc546a2f7cd6,B4,16,16,fb2e41a2d7,0,synthetic:lowlight-v8,ok,bursty|clip_lowlight_fast_v8|bursty|rep0|seed20240909,8.0339
bursty,,nan,clip_lowlight_fast_v8,520e22f1e89c4ab5ccb856837b7a426304cec91999b743a7413b4ba6eaec379e,07b257405f757223,,77c041a182cf125f,B4,16,16,fb2e41a2d7,2,synthetic:lowlight-v8,ok,bursty|clip_lowlight_fast_v8|bursty|rep2|seed20240909,7.3748
bursty,,nan,clip_lowlight_fast_v8,520e22f1e89c4ab5ccb856837b7a426304cec91999b743a7413b4ba6eaec379e,07b257405f757223,,a8afd107dcaf3180,B4,16,16,fb2e41a2d7,1,synthetic:lowlight-v8,ok,bursty|clip_lowlight_fast_v8|bursty|rep1|seed20240909,7.8741
bursty,,nan,clip_lowlight_fast_v8,520e22f1e89c4ab5ccb856837b7a426304cec91999b743a7413b4ba6eaec379e,07b257405f757223,,99794614eb24776f,B4,16,16,fb2e41a2d7,3,synthetic:lowlight-v8,ok,bursty|clip_lowlight_fast_v8|bursty|rep3|seed20240909,7.8014
bursty,,nan,clip_lowlight_fast_v8,520e22f1e89c4ab5ccb856837b7a426304cec91999b743a7413b4ba6eaec379e,07b257405f757223,,9d7e6d139b178693,B4,16,16,fb2e41a2d7,4,synthetic:lowlight-v8,ok,bursty|clip_lowlight_fast_v8|bursty|rep4|seed20240909,8.0619
clean,,nan,clip_lowlight_fast_v8,520e22f1e89c4ab5ccb856837b7a426304cec91999b743a7413b4ba6eaec379e,07b257405f757223,,06afc15dbcbe55fe,P,16,16,8da29d3843,0,synthetic:lowlight-v8,ok,clean|clip_lowlight_fast_v8|clean|rep0|seed20240909,7.6191
clean,,nan,clip_lowlight_fast_v8,520e22f1e89c4ab5ccb856837b7a426304cec91999b743a7413b4ba6eaec379e,07b257405f757223,,87ce382f5c6cb942,P,16,16,8da29d3843,1,synthetic:lowlight-v8,ok,clean|clip_lowlight_fast_v8|clean|rep1|seed20240909,7.5353
clean,,nan,clip_lowlight_fast_v8,520e22f1e89c4ab5ccb856837b7a426304cec91999b743a7413b4ba6eaec379e,07b257405f757223,,e5829640ba1f1eb8,P,16,16,8da29d3843,2,synthetic:lowlight-v8,ok,clean|clip_lowlight_fast_v8|clean|rep2|seed20240909,7.591
clean,,nan,clip_lowlight_fast_v8,520e22f1e89c4ab5ccb856837b7a426304cec91999b743a7413b4ba6eaec379e,07b257405f757223,,56453a97fde1b86e,P,16,16,8da29d3843,3,synthetic:lowlight-v8,ok,clean|clip_lowlight_fast_v8|clean|rep3|seed20240909,7.5665
clean,,nan,clip_lowlight_fast_v8,520e22f1e89c4ab5ccb856837b7a426304cec91999b743a7413b4ba6eaec379e,07b257405f757223,,26e2694018df789b,P,16,16,8da29d3843,4,synthetic:lowlight-v8,ok,clean|clip_lowlight_fast_v8|clean|rep4|seed20240909,7.7017
mild,,nan,clip_lowlight_fast_v8,520e22f1e89c4ab5ccb856837b7a426304cec91999b743a7413b4ba6eaec379e,07b257405f757223,,efc00271796ab85e,P,16,16,8da29d3843,0,synthetic:lowlight-v8,ok,mild|clip_lowlight_fast_v8|mild|rep0|seed20240909,7.9741
mild,,nan,clip_lowlight_fast_v8,520e22f1e89c4ab5ccb856837b7a426304cec91999b743a7413b4ba6eaec379e,07b257405f757223,,1b56cb561d59c0e4,P,16,16,8da29d3843,1,synthetic:lowlight-v8,ok,mild|clip_lowlight_fast_v8|mild|rep1|seed20240909,8.0215
mild,,nan,clip_lowlight_fast_v8,520e22f1e89c4ab5ccb856837b7a426304cec91999b743a7413b4ba6eaec379e,07b257405f757223,,68b3f7278ed20775,P,16,16,8da29d3843,2,synthetic:lowlight-v8,ok,mild|clip_lowlight_fast_v8|mild|rep2|seed20240909,8.0135
mild,,nan,clip_lowlight_fast_v8,520e22f1e89c4ab5ccb856837b7a426304cec91999b743a7413b4ba6eaec379e,07b257405f757223,,5124591e90d9c782,P,16,16,8da29d3843,3,synthetic:lowlight-v8,ok,mild|clip_lowlight_fast_v8|mild|rep3|seed20240909,8.0178
mild,,nan,clip_lowlight_fast_v8,520e22f1e89c4ab5ccb856837b7a426304cec91999b743a7413b4ba6eaec379e,07b257405f757223,,8701736f972f330a,P,16,16,8da29d3843,4,synthetic:lowlight-v8,ok,mild|clip_lowlight_fast_v8|mild|rep4|seed20240909,8.1533
clean,,nan,clip_text_slow_v0,15434346e02fdae15f0c74369bff16e48f518e033b94b816f00eb791d7426f31,07b257405f757223,,031b8f1ebe2aaedc,B0a,16,16,fb2e41a2d7,0,synthetic:text-v0,ok,clean|clip_text_slow_v0|clean|rep0|seed20240909,0.392
clean,,nan,clip_text_slow_v0,15434346e02fdae15f0c74369bff16e48f518e033b94b816f00eb791d7426f31,07b257405f757223,,c2ecf7a7b808c0f3,B0a,16,16,fb2e41a2d7,1,synthetic:text-v0,ok,clean|clip_text_slow_v0|clean|rep1|seed20240909,0.4103
clean,,nan,clip_text_slow_v0,15434346e02fdae15f0c74369bff16e48f518e033b94b816f00eb791d7426f31,07b257405f757223,,45eaf98f71056e15,B0a,16,16,fb2e41a2d7,2,synthetic:text-v0,ok,clean|clip_text_slow_v0|clean|rep2|seed20240909,0.3904
clean,,nan,clip_text_slow_v0,15434346e02fdae15f0c74369bff16e48f518e033b94b816f00eb791d7426f31,07b257405f757223,,7a63a10c602982aa,B0a,16,16,fb2e41a2d7,3,synthetic:text-v0,ok,clean|clip_text_slow_v0|clean|rep3|seed20240909,0.3878
clean,,nan,clip_text_slow_v0,15434346e02fdae15f0c74369bff16e48f518e033b94b816f00eb791d7426f31,07b257405f757223,,d4365c369964e6d7,B0a,16,16,fb2e41a2d7,4,synthetic:text-v0,ok,clean|clip_text_slow_v0|clean|rep4|seed20240909,0.3834
mild,,nan,clip_text_slow_v0,15434346e02fdae15f0c74369bff16e48f518e033b94b816f00eb791d7426f31,07b257405f757223,,53d2147b9a1d2bec,B0a,16,16,fb2e41a2d7,0,synthetic:text-v0,ok,mild|clip_text_slow_v0|mild|rep0|seed20240909,0.5276
mild,,nan,clip_text_slow_v0,15434346e02fdae15f0c74369bff16e48f518e033b94b816f00eb791d7426f31,07b257405f757223,,ef394f358ba1fc01,B0a,16,16,fb2e41a2d7,1,synthetic:text-v0,ok,mild|clip_text_slow_v0|mild|rep1|seed20240909,0.5688
harsh,,nan,clip_lowlight_fast_v8,520e22f1e89c4ab5ccb856837b7a426304cec91999b743a7413b4ba6eaec379e,07b257405f757223,,38fd38f37b0d1e76,P,16,16,8da29d3843,0,synthetic:lowlight-v8,ok,harsh|clip_lowlight_fast_v8|harsh|rep0|seed20240909,4.4722
mild,,nan,clip_text_slow_v0,15434346e02fdae15f0c74369bff16e48f518e033b94b816f00eb791d7426f31,07b257405f757223,,26fa62e87f051ddb,B0a,16,16,fb2e41a2d7,2,synthetic:text-v0,ok,mild|clip_text_slow_v0|mild|rep2|seed20240909,0.5332
harsh,,nan,clip_lowlight_fast_v8,520e22f1e89c4ab5ccb856837b7a426304cec91999b743a7413b4ba6eaec379e,07b257405f757223,,f3b2329fdc2205b7,P,16,16,8da29d3843,1,synthetic:lowlight-v8,ok,harsh|clip_lowlight_fast_v8|harsh|rep1|seed20240909,4.4778
harsh,,nan,clip_lowlight_fast_v8,520e22f1e89c4ab5ccb856837b7a426304cec91999b743a7413b4ba6eaec379e,07b257405f757223,,ae6de3b6245bbfb8,P,16,16,8da29d3843,4,synthetic:lowlight-v8,ok,harsh|clip_lowlight_fast_v8|harsh|rep4|seed20240909,4.3385
mild,,nan,clip_text_slow_v0,15434346e02fdae15f0c74369bff16e48f518e033b94b816f00eb791d7426f31,07b257405f757223,,7c9b2b4709c27f8f,B0a,16,16,fb2e41a2d7,3,synthetic:text-v0,ok,mild|clip_text_slow_v0|mild|rep3|seed20240909,0.5729
harsh,,nan,clip_lowlight_fast_v8,520e22f1e89c4ab5ccb856837b7a426304cec91999b743a7413b4ba6eaec379e,07b257405f757223,,b85f3e5e6044b384,P,16,16,8da29d3843,2,synthetic:lowlight-v8,ok,harsh|clip_lowlight_fast_v8|harsh|rep2|seed20240909,4.4939
mild,,nan,clip_text_slow_v0,15434346e02fdae15f0c74369bff16e48f518e033b94b816f00eb791d7426f31,07b257405f757223,,3ededfd806e8905e,B0a,16,16,fb2e41a2d7,4,synthetic:text-v0,ok,mild|clip_text_slow_v0|mild|rep4|seed20240909,0.5116
harsh,,nan,clip_lowlight_fast_v8,520e22f1e89c4ab5ccb856837b7a426304cec91999b743a7413b4ba6eaec379e,07b257405f757223,,9a6119f768c72e46,P,16,16,8da29d3843,3,synthetic:lowlight-v8,ok,harsh|clip_lowlight_fast_v8|harsh|rep3|seed20240909,4.5076
moderate,,nan,clip_text_slow_v0,15434346e02fdae15f0c74369bff16e48f518e033b94b816f00eb791d7426f31,07b257405f757223,,7a6a1aca66bca75a,B0a,16,16,fb2e41a2d7,0,synthetic:text-v0,ok,moderate|clip_text_slow_v0|moderate|rep0|seed20240909,0.5906
moderate,,nan,clip_text_slow_v0,15434346e02fdae15f0c74369bff16e48f518e033b94b816f00eb791d7426f31,07b257405f757223,,8d38bf662394b8b6,B0a,16,16,fb2e41a2d7,1,synthetic:text-v0,ok,moderate|clip_text_slow_v0|moderate|rep1|seed20240909,0.5748
moderate,,nan,clip_text_slow_v0,15434346e02fdae15f0c74369bff16e48f518e033b94b816f00eb791d7426f31,07b257405f757223,,1d58b177cf747d4c,B0a,16,16,fb2e41a2d7,2,synthetic:text-v0,ok,moderate|clip_text_slow_v0|moderate|rep2|seed20240909,0.5575
moderate,,nan,clip_text_slow_v0,15434346e02fdae15f0c74369bff16e48f518e033b94b816f00eb791d7426f31,07b257405f757223,,bb777101ce53e5fe,B0a,16,16,fb2e41a2d7,4,synthetic:text-v0,ok,moderate|clip_text_slow_v0|moderate|rep4|seed20240909,0.5743
moderate,,nan,clip_text_slow_v0,15434346e02fdae15f0c74369bff16e48f518e033b94b816f00eb791d7426f31,07b257405f757223,,00f0a9d9c7c5e6a9,B0a,16,16,fb2e41a2d7,3,synthetic:text-v0,ok,moderate|clip_text_slow_v0|moderate|rep3|seed20240909,0.5959
bursty,,nan,clip_text_slow_v0,15434346e02fdae15f0c74369bff16e48f518e033b94b816f00eb791d7426f31,07b257405f757223,,a8173bb9f120f0f8,B0a,16,16,fb2e41a2d7,0,synthetic:text-v0,ok,bursty|clip_text_slow_v0|bursty|rep0|seed20240909,0.6059
bursty,,nan,clip_text_slow_v0,15434346e02fdae15f0c74369bff16e48f518e033b94b816f00eb791d7426f31,07b257405f757223,,5802c453069f7906,B0a,16,16,fb2e41a2d7,1,synthetic:text-v0,ok,bursty|clip_text_slow_v0|bursty|rep1|seed20240909,0.5794
bursty,,nan,clip_text_slow_v0,15434346e02fdae15f0c74369bff16e48f518e033b94b816f00eb791d7426f31,07b257405f757223,,c49a174ac136ab8e,B0a,16,16,fb2e41a2d7,2,synthetic:text-v0,ok,bursty|clip_text_slow_v0|bursty|rep2|seed20240909,0.5725
bursty,,nan,clip_text_slow_v0,15434346e02fdae15f0c74369bff16e48f518e033b94b816f00eb791d7426f31,07b257405f757223,,d267bd898257658c,B0a,16,16,fb2e41a2d7,4,synthetic:text-v0,ok,bursty|clip_text_slow_v0|bursty|rep4|seed20240909,0.5063
bursty,,nan,clip_text_slow_v0,15434346e02fdae15f0c74369bff16e48f518e033b94b816f00eb791d7426f31,07b257405f757223,,7c510e046d152745,B0a,16,16,fb2e41a2d7,3,synthetic:text-v0,ok,bursty|clip_text_slow_v0|bursty|rep3|seed20240909,0.5866
harsh,,nan,clip_text_slow_v0,15434346e02fdae15f0c74369bff16e48f518e033b94b816f00eb791d7426f31,07b257405f757223,,69a8540a6e1f8353,B0a,16,16,fb2e41a2d7,0,synthetic:text-v0,ok,harsh|clip_text_slow_v0|harsh|rep0|seed20240909,0.5843
harsh,,nan,clip_text_slow_v0,15434346e02fdae15f0c74369bff16e48f518e033b94b816f00eb791d7426f31,07b257405f757223,,c2edab5949086d11,B0a,16,16,fb2e41a2d7,1,synthetic:text-v0,ok,harsh|clip_text_slow_v0|harsh|rep1|seed20240909,0.5491
harsh,,nan,clip_text_slow_v0,15434346e02fdae15f0c74369bff16e48f518e033b94b816f00eb791d7426f31,07b257405f757223,,c06c5322495d66a8,B0a,16,16,fb2e41a2d7,2,synthetic:text-v0,ok,harsh|clip_text_slow_v0|harsh|rep2|seed20240909,0.5922
harsh,,nan,clip_text_slow_v0,15434346e02fdae15f0c74369bff16e48f518e033b94b816f00eb791d7426f31,07b257405f757223,,bdc19889854f09a5,B0a,16,16,fb2e41a2d7,3,synthetic:text-v0,ok,harsh|clip_text_slow_v0|harsh|rep3|seed20240909,0.5803
harsh,,nan,clip_text_slow_v0,15434346e02fdae15f0c74369bff16e48f518e033b94b816f00eb791d7426f31,07b257405f757223,,2c26d3d2aacd3fdc,B0a,16,16,fb2e41a2d7,4,synthetic:text-v0,ok,harsh|clip_text_slow_v0|harsh|rep4|seed20240909,0.5805
clean,,nan,clip_text_slow_v0,15434346e02fdae15f0c74369bff16e48f518e033b94b816f00eb791d7426f31,07b257405f757223,,b64a2300d3f3e2b7,B0a-R,16,16,fb2e41a2d7,0,synthetic:text-v0,ok,clean|clip_text_slow_v0|clean|rep0|seed20240909,1.0791
clean,,nan,clip_text_slow_v0,15434346e02fdae15f0c74369bff16e48f518e033b94b816f00eb791d7426f31,07b257405f757223,,a2d6e65c5c78830b,B0a-R,16,16,fb2e41a2d7,1,synthetic:text-v0,ok,clean|clip_text_slow_v0|clean|rep1|seed20240909,1.085
clean,,nan,clip_text_slow_v0,15434346e02fdae15f0c74369bff16e48f518e033b94b816f00eb791d7426f31,07b257405f757223,,022235e8e9434dc6,B0a-R,16,16,fb2e41a2d7,2,synthetic:text-v0,ok,clean|clip_text_slow_v0|clean|rep2|seed20240909,1.0704
moderate,,nan,clip_lowlight_fast_v8,520e22f1e89c4ab5ccb856837b7a426304cec91999b743a7413b4ba6eaec379e,07b257405f757223,,768f7ff9ea6ed333,P,16,16,8da29d3843,1,synthetic:lowlight-v8,ok,moderate|clip_lowlight_fast_v8|moderate|rep1|seed20240909,14.16
clean,,nan,clip_text_slow_v0,15434346e02fdae15f0c74369bff16e48f518e033b94b816f00eb791d7426f31,07b257405f757223,,66457abf8acc7cc0,B0a-R,16,16,fb2e41a2d7,4,synthetic:text-v0,ok,clean|clip_text_slow_v0|clean|rep4|seed20240909,0.9755
clean,,nan,clip_text_slow_v0,15434346e02fdae15f0c74369bff16e48f518e033b94b816f00eb791d7426f31,07b257405f757223,,202d0832c605ffde,B0a-R,16,16,fb2e41a2d7,3,synthetic:text-v0,ok,clean|clip_text_slow_v0|clean|rep3|seed20240909,1.0542
moderate,,nan,clip_lowlight_fast_v8,520e22f1e89c4ab5ccb856837b7a426304cec91999b743a7413b4ba6eaec379e,07b257405f757223,,6510e8c9be1976f6,P,16,16,8da29d3843,0,synthetic:lowlight-v8,ok,moderate|clip_lowlight_fast_v8|moderate|rep0|seed20240909,14.6784
mild,,nan,clip_text_slow_v0,15434346e02fdae15f0c74369bff16e48f518e033b94b816f00eb791d7426f31,07b257405f757223,,1726a528335a7225,B0a-R,16,16,fb2e41a2d7,0,synthetic:text-v0,ok,mild|clip_text_slow_v0|mild|rep0|seed20240909,1.471
mild,,nan,clip_text_slow_v0,15434346e02fdae15f0c74369bff16e48f518e033b94b816f00eb791d7426f31,07b257405f757223,,84af5d051aa71b44,B0a-R,16,16,fb2e41a2d7,2,synthetic:text-v0,ok,mild|clip_text_slow_v0|mild|rep2|seed20240909,1.5199
mild,,nan,clip_text_slow_v0,15434346e02fdae15f0c74369bff16e48f518e033b94b816f00eb791d7426f31,07b257405f757223,,5774866b2e000604,B0a-R,16,16,fb2e41a2d7,1,synthetic:text-v0,ok,mild|clip_text_slow_v0|mild|rep1|seed20240909,1.5935
mild,,nan,clip_text_slow_v0,15434346e02fdae15f0c74369bff16e48f518e033b94b816f00eb791d7426f31,07b257405f757223,,2a4f198d0066282d,B0a-R,16,16,fb2e41a2d7,3,synthetic:text-v0,ok,mild|clip_text_slow_v0|mild|rep3|seed20240909,1.6097
mild,,nan,clip_text_slow_v0,15434346e02fdae15f0c74369bff16e48f518e033b94b816f00eb791d7426f31,07b257405f757223,,9ece8ef06e119f3b,B0a-R,16,16,fb2e41a2d7,4,synthetic:text-v0,ok,mild|clip_text_slow_v0|mild|rep4|seed20240909,1.5554
moderate,,nan,clip_text_slow_v0,15434346e02fdae15f0c74369bff16e48f518e033b94b816f00eb791d7426f31,07b257405f757223,,3cd25cb374c7cf3a,B0a-R,16,16,fb2e41a2d7,1,synthetic:text-v0,ok,moderate|clip_text_slow_v0|moderate|rep1|seed20240909,1.63
moderate,,nan,clip_text_slow_v0,15434346e02fdae15f0c74369bff16e48f518e033b94b816f00eb791d7426f31,07b257405f757223,,fbcc394fdb105886,B0a-R,16,16,fb2e41a2d7,0,synthetic:text-v0,ok,moderate|clip_text_slow_v0|moderate|rep0|seed20240909,1.6643
moderate,,nan,clip_lowlight_fast_v8,520e22f1e89c4ab5ccb856837b7a426304cec91999b743a7413b4ba6eaec379e,07b257405f757223,,572f4381a97f0859,P,16,16,8da29d3843,2,synthetic:lowlight-v8,ok,moderate|clip_lowlight_fast_v8|moderate|rep2|seed20240909,14.1334
moderate,,nan,clip_text_slow_v0,15434346e02fdae15f0c74369bff16e48f518e033b94b816f00eb791d7426f31,07b257405f757223,,a8e3696f4c4eedfa,B0a-R,16,16,fb2e41a2d7,2,synthetic:text-v0,ok,moderate|clip_text_slow_v0|moderate|rep2|seed20240909,1.6595
moderate,,nan,clip_lowlight_fast_v8,520e22f1e89c4ab5ccb856837b7a426304cec91999b743a7413b4ba6eaec379e,07b257405f757223,,56d81e27f25a09c6,P,16,16,8da29d3843,3,synthetic:lowlight-v8,ok,moderate|clip_lowlight_fast_v8|moderate|rep3|seed20240909,14.0652
moderate,,nan,clip_lowlight_fast_v8,520e22f1e89c4ab5ccb856837b7a426304cec91999b743a7413b4ba6eaec379e,07b257405f757223,,71b590c0d0b38fc1,P,16,16,8da29d3843,4,synthetic:lowlight-v8,ok,moderate|clip_lowlight_fast_v8|moderate|rep4|seed20240909,13.7803
moderate,,nan,clip_text_slow_v0,15434346e02fdae15f0c74369bff16e48f518e033b94b816f00eb791d7426f31,07b257405f757223,,3d208e19fce19f46,B0a-R,16,16,fb2e41a2d7,3,synthetic:text-v0,ok,moderate|clip_text_slow_v0|moderate|rep3|seed20240909,1.6413
bursty,,nan,clip_text_slow_v0,15434346e02fdae15f0c74369bff16e48f518e033b94b816f00eb791d7426f31,07b257405f757223,,0f98eebfee59c8ab,B0a-R,16,16,fb2e41a2d7,0,synthetic:text-v0,ok,bursty|clip_text_slow_v0|bursty|rep0|seed20240909,1.6813
moderate,,nan,clip_text_slow_v0,15434346e02fdae15f0c74369bff16e48f518e033b94b816f00eb791d7426f31,07b257405f757223,,796f05702f6cbe93,B0a-R,16,16,fb2e41a2d7,4,synthetic:text-v0,ok,moderate|clip_text_slow_v0|moderate|rep4|seed20240909,1.8208
bursty,,nan,clip_text_slow_v0,15434346e02fdae15f0c74369bff16e48f518e033b94b816f00eb791d7426f31,07b257405f757223,,6e4c8f6398f9b290,B0a-R,16,16,fb2e41a2d7,2,synthetic:text-v0,ok,bursty|clip_text_slow_v0|bursty|rep2|seed20240909,1.6694
bursty,,nan,clip_text_slow_v0,15434346e02fdae15f0c74369bff16e48f518e033b94b816f00eb791d7426f31,07b257405f757223,,fa5eec8d81d1a7ba,B0a-R,16,16,fb2e41a2d7,1,synthetic:text-v0,ok,bursty|clip_text_slow_v0|bursty|rep1|seed20240909,1.7676
bursty,,nan,clip_text_slow_v0,15434346e02fdae15f0c74369bff16e48f518e033b94b816f00eb791d7426f31,07b257405f757223,,bb370d95f4961e84,B0a-R,16,16,fb2e41a2d7,3,synthetic:text-v0,ok,bursty|clip_text_slow_v0|bursty|rep3|seed20240909,1.8282
bursty,,nan,clip_text_slow_v0,15434346e02fdae15f0c74369bff16e48f518e033b94b816f00eb791d7426f31,07b257405f757223,,b4344a3dacab9695,B0a-R,16,16,fb2e41a2d7,4,synthetic:text-v0,ok,bursty|clip_text_slow_v0|bursty|rep4|seed20240909,1.8529
bursty,,nan,clip_lowlight_fast_v8,520e22f1e89c4ab5ccb856837b7a426304cec91999b743a7413b4ba6eaec379e,07b257405f757223,,e4cffe4e8f42ba14,P,16,16,8da29d3843,0,synthetic:lowlight-v8,ok,bursty|clip_lowlight_fast_v8|bursty|rep0|seed20240909,14.8952
harsh,,nan,clip_text_slow_v0,15434346e02fdae15f0c74369bff16e48f518e033b94b816f00eb791d7426f31,07b257405f757223,,4f6168bbe69d3c8e,B0a-R,16,16,fb2e41a2d7,0,synthetic:text-v0,ok,harsh|clip_text_slow_v0|harsh|rep0|seed20240909,1.8938
harsh,,nan,clip_text_slow_v0,15434346e02fdae15f0c74369bff16e48f518e033b94b816f00eb791d7426f31,07b257405f757223,,fb76d247f8461272,B0a-R,16,16,fb2e41a2d7,1,synthetic:text-v0,ok,harsh|clip_text_slow_v0|harsh|rep1|seed20240909,1.902
harsh,,nan,clip_text_slow_v0,15434346e02fdae15f0c74369bff16e48f518e033b94b816f00eb791d7426f31,07b257405f757223,,f0787b633d999c46,B0a-R,16,16,fb2e41a2d7,2,synthetic:text-v0,ok,harsh|clip_text_slow_v0|harsh|rep2|seed20240909,1.9069
harsh,,nan,clip_text_slow_v0,15434346e02fdae15f0c74369bff16e48f518e033b94b816f00eb791d7426f31,07b257405f757223,,a807f59b829a5b6f,B0a-R,16,16,fb2e41a2d7,4,synthetic:text-v0,ok,harsh|clip_text_slow_v0|harsh|rep4|seed20240909,1.9121
harsh,,nan,clip_text_slow_v0,15434346e02fdae15f0c74369bff16e48f518e033b94b816f00eb791d7426f31,07b257405f757223,,601fbe711f623404,B0a-R,16,16,fb2e41a2d7,3,synthetic:text-v0,ok,harsh|clip_text_slow_v0|harsh|rep3|seed20240909,1.9898
bursty,,nan,clip_lowlight_fast_v8,520e22f1e89c4ab5ccb856837b7a426304cec91999b743a7413b4ba6eaec379e,07b257405f757223,,0b7c24dfde78dc16,P,16,16,8da29d3843,1,synthetic:lowlight-v8,ok,bursty|clip_lowlight_fast_v8|bursty|rep1|seed20240909,15.1525
bursty,,nan,clip_lowlight_fast_v8,520e22f1e89c4ab5ccb856837b7a426304cec91999b743a7413b4ba6eaec379e,07b257405f757223,,a960cf3a59858950,P,16,16,8da29d3843,2,synthetic:lowlight-v8,ok,bursty|clip_lowlight_fast_v8|bursty|rep2|seed20240909,14.3576
bursty,,nan,clip_lowlight_fast_v8,520e22f1e89c4ab5ccb856837b7a426304cec91999b743a7413b4ba6eaec379e,07b257405f757223,,bb6a819ab0c78f32,P,16,16,8da29d3843,3,synthetic:lowlight-v8,ok,bursty|clip_lowlight_fast_v8|bursty|rep3|seed20240909,15.3542
bursty,,nan,clip_lowlight_fast_v8,520e22f1e89c4ab5ccb856837b7a426304cec91999b743a7413b4ba6eaec379e,07b257405f757223,,5b894ef3c0c2242a,P,16,16,8da29d3843,4,synthetic:lowlight-v8,ok,bursty|clip_lowlight_fast_v8|bursty|rep4|seed20240909,15.1567
clean,,nan,clip_text_slow_v0,15434346e02fdae15f0c74369bff16e48f518e033b94b816f00eb791d7426f31,07b257405f757223,,3906e21d2c7e941d,B0d,16,16,fb2e41a2d7,0,synthetic:text-v0,ok,clean|clip_text_slow_v0|clean|rep0|seed20240909,4.8051
clean,,nan,clip_text_slow_v0,15434346e02fdae15f0c74369bff16e48f518e033b94b816f00eb791d7426f31,07b257405f757223,,504f608e92a3f241,B0d,16,16,fb2e41a2d7,3,synthetic:text-v0,ok,clean|clip_text_slow_v0|clean|rep3|seed20240909,4.7725
clean,,nan,clip_text_slow_v0,15434346e02fdae15f0c74369bff16e48f518e033b94b816f00eb791d7426f31,07b257405f757223,,130a691589ea89e5,B0d,16,16,fb2e41a2d7,1,synthetic:text-v0,ok,clean|clip_text_slow_v0|clean|rep1|seed20240909,4.8565
clean,,nan,clip_text_slow_v0,15434346e02fdae15f0c74369bff16e48f518e033b94b816f00eb791d7426f31,07b257405f757223,,9d2a47865a39564f,B0d,16,16,fb2e41a2d7,2,synthetic:text-v0,ok,clean|clip_text_slow_v0|clean|rep2|seed20240909,4.8185
clean,,nan,clip_text_slow_v0,15434346e02fdae15f0c74369bff16e48f518e033b94b816f00eb791d7426f31,07b257405f757223,,7e7e62f3fb5b6587,B0d,16,16,fb2e41a2d7,4,synthetic:text-v0,ok,clean|clip_text_slow_v0|clean|rep4|seed20240909,4.8446
mild,,nan,clip_text_slow_v0,15434346e02fdae15f0c74369bff16e48f518e033b94b816f00eb791d7426f31,07b257405f757223,,72c8bae914c41f08,B0d,16,16,fb2e41a2d7,1,synthetic:text-v0,ok,mild|clip_text_slow_v0|mild|rep1|seed20240909,4.9727
mild,,nan,clip_text_slow_v0,15434346e02fdae15f0c74369bff16e48f518e033b94b816f00eb791d7426f31,07b257405f757223,,0ce67fd3d7c1e0e2,B0d,16,16,fb2e41a2d7,0,synthetic:text-v0,ok,mild|clip_text_slow_v0|mild|rep0|seed20240909,5.1397
mild,,nan,clip_text_slow_v0,15434346e02fdae15f0c74369bff16e48f518e033b94b816f00eb791d7426f31,07b257405f757223,,9a6c34c0c800bfca,B0d,16,16,fb2e41a2d7,2,synthetic:text-v0,ok,mild|clip_text_slow_v0|mild|rep2|seed20240909,5.1059
mild,,nan,clip_text_slow_v0,15434346e02fdae15f0c74369bff16e48f518e033b94b816f00eb791d7426f31,07b257405f757223,,c7f1624f6d59fb13,B0d,16,16,fb2e41a2d7,3,synthetic:text-v0,ok,mild|clip_text_slow_v0|mild|rep3|seed20240909,5.1363
mild,,nan,clip_text_slow_v0,15434346e02fdae15f0c74369bff16e48f518e033b94b816f00eb791d7426f31,07b257405f757223,,c847957763d5bdd7,B0d,16,16,fb2e41a2d7,4,synthetic:text-v0,ok,mild|clip_text_slow_v0|mild|rep4|seed20240909,5.0569
clean,,nan,clip_text_slow_v0,15434346e02fdae15f0c74369bff16e48f518e033b94b816f00eb791d7426f31,07b257405f757223,,e9e5cbf98007676c,B1,16,16,fb2e41a2d7,0,synthetic:text-v0,ok,clean|clip_text_slow_v0|clean|rep0|seed20240909,0.503
clean,,nan,clip_text_slow_v0,15434346e02fdae15f0c74369bff16e48f518e033b94b816f00eb791d7426f31,07b257405f757223,,ef1c218ad081dd7c,B1,16,16,fb2e41a2d7,1,synthetic:text-v0,ok,clean|clip_text_slow_v0|clean|rep1|seed20240909,0.4705
clean,,nan,clip_text_slow_v0,15434346e02fdae15f0c74369bff16e48f518e033b94b816f00eb791d7426f31,07b257405f757223,,be63d8d18aea977e,B1,16,16,fb2e41a2d7,2,synthetic:text-v0,ok,clean|clip_text_slow_v0|clean|rep2|seed20240909,0.5003
clean,,nan,clip_text_slow_v0,15434346e02fdae15f0c74369bff16e48f518e033b94b816f00eb791d7426f31,07b257405f757223,,c52941a00fcd4beb,B1,16,16,fb2e41a2d7,3,synthetic:text-v0,ok,clean|clip_text_slow_v0|clean|rep3|seed20240909,0.484
clean,,nan,clip_text_slow_v0,15434346e02fdae15f0c74369bff16e48f518e033b94b816f00eb791d7426f31,07b257405f757223,,6ddb4793f938a0c3,B1,16,16,fb2e41a2d7,4,synthetic:text-v0,ok,clean|clip_text_slow_v0|clean|rep4|seed20240909,0.4819
harsh,,nan,clip_text_slow_v0,15434346e02fdae15f0c74369bff16e48f518e033b94b816f00eb791d7426f31,07b257405f757223,,d7e606ab03964788,B0d,16,16,fb2e41a2d7,0,synthetic:text-v0,ok,harsh|clip_text_slow_v0|harsh|rep0|seed20240909,3.3145
harsh,,nan,clip_text_slow_v0,15434346e02fdae15f0c74369bff16e48f518e033b94b816f00eb791d7426f31,07b257405f757223,,b36081e7f681fb56,B0d,16,16,fb2e41a2d7,2,synthetic:text-v0,ok,harsh|clip_text_slow_v0|harsh|rep2|seed20240909,3.14
harsh,,nan,clip_text_slow_v0,15434346e02fdae15f0c74369bff16e48f518e033b94b816f00eb791d7426f31,07b257405f757223,,b6ebcfb94f20d68e,B0d,16,16,fb2e41a2d7,1,synthetic:text-v0,ok,harsh|clip_text_slow_v0|harsh|rep1|seed20240909,3.3471
mild,,nan,clip_text_slow_v0,15434346e02fdae15f0c74369bff16e48f518e033b94b816f00eb791d7426f31,07b257405f757223,,e296c499641a93ee,B1,16,16,fb2e41a2d7,0,synthetic:text-v0,ok,mild|clip_text_slow_v0|mild|rep0|seed20240909,0.5889
harsh,,nan,clip_text_slow_v0,15434346e02fdae15f0c74369bff16e48f518e033b94b816f00eb791d7426f31,07b257405f757223,,be09c7deec6b3f7c,B0d,16,16,fb2e41a2d7,3,synthetic:text-v0,ok,harsh|clip_text_slow_v0|harsh|rep3|seed20240909,3.4455
moderate,,nan,clip_text_slow_v0,15434346e02fdae15f0c74369bff16e48f518e033b94b816f00eb791d7426f31,07b257405f757223,,5b0efa8ba898ee65,B0d,16,16,fb2e41a2d7,0,synthetic:text-v0,ok,moderate|clip_text_slow_v0|moderate|rep0|seed20240909,8.1605
harsh,,nan,clip_text_slow_v0,15434346e02fdae15f0c74369bff16e48f518e033b94b816f00eb791d7426f31,07b257405f757223,,4182ef3087d6a02a,B0d,16,16,fb2e41a2d7,4,synthetic:text-v0,ok,harsh|clip_text_slow_v0|harsh|rep4|seed20240909,3.3236
mild,,nan,clip_text_slow_v0,15434346e02fdae15f0c74369bff16e48f518e033b94b816f00eb791d7426f31,07b257405f757223,,913b3d93111f13ce,B1,16,16,fb2e41a2d7,1,synthetic:text-v0,ok,mild|clip_text_slow_v0|mild|rep1|seed20240909,0.6913
mild,,nan,clip_text_slow_v0,15434346e02fdae15f0c74369bff16e48f518e033b94b816f00eb791d7426f31,07b257405f757223,,7b43b2cc89d5faed,B1,16,16,fb2e41a2d7,2,synthetic:text-v0,ok,mild|clip_text_slow_v0|mild|rep2|seed20240909,0.7122
mild,,nan,clip_text_slow_v0,15434346e02fdae15f0c74369bff16e48f518e033b94b816f00eb791d7426f31,07b257405f757223,,27974d2510bdddf3,B1,16,16,fb2e41a2d7,3,synthetic:text-v0,ok,mild|clip_text_slow_v0|mild|rep3|seed20240909,0.6642
moderate,,nan,clip_text_slow_v0,15434346e02fdae15f0c74369bff16e48f518e033b94b816f00eb791d7426f31,07b257405f757223,,8e47db944e6e7f48,B0d,16,16,fb2e41a2d7,1,synthetic:text-v0,ok,moderate|clip_text_slow_v0|moderate|rep1|seed20240909,8.5988
mild,,nan,clip_text_slow_v0,15434346e02fdae15f0c74369bff16e48f518e033b94b816f00eb791d7426f31,07b257405f757223,,6a3b5ddfb6f91ee4,B1,16,16,fb2e41a2d7,4,synthetic:text-v0,ok,mild|clip_text_slow_v0|mild|rep4|seed20240909,0.6948
moderate,,nan,clip_text_slow_v0,15434346e02fdae15f0c74369bff16e48f518e033b94b816f00eb791d7426f31,07b257405f757223,,ec4f5e2bd0304b25,B0d,16,16,fb2e41a2d7,2,synthetic:text-v0,ok,moderate|clip_text_slow_v0|moderate|rep2|seed20240909,8.2563
moderate,,nan,clip_text_slow_v0,15434346e02fdae15f0c74369bff16e48f518e033b94b816f00eb791d7426f31,07b257405f757223,,5689513cfe332e83,B1,16,16,fb2e41a2d7,1,synthetic:text-v0,ok,moderate|clip_text_slow_v0|moderate|rep1|seed20240909,0.6799
moderate,,nan,clip_text_slow_v0,15434346e02fdae15f0c74369bff16e48f518e033b94b816f00eb791d7426f31,07b257405f757223,,5d6c8be5face16d5,B1,16,16,fb2e41a2d7,0,synthetic:text-v0,ok,moderate|clip_text_slow_v0|moderate|rep0|seed20240909,0.7261
moderate,,nan,clip_text_slow_v0,15434346e02fdae15f0c74369bff16e48f518e033b94b816f00eb791d7426f31,07b257405f757223,,9da5890fd08a19bf,B1,16,16,fb2e41a2d7,2,synthetic:text-v0,ok,moderate|clip_text_slow_v0|moderate|rep2|seed20240909,0.7096
moderate,,nan,clip_text_slow_v0,15434346e02fdae15f0c74369bff16e48f518e033b94b816f00eb791d7426f31,07b257405f757223,,fe2ac3356143b5fe,B1,16,16,fb2e41a2d7,3,synthetic:text-v0,ok,moderate|clip_text_slow_v0|moderate|rep3|seed20240909,0.7236
moderate,,nan,clip_text_slow_v0,15434346e02fdae15f0c74369bff16e48f518e033b94b816f00eb791d7426f31,07b257405f757223,,f1ad3b3ceda2629b,B1,16,16,fb2e41a2d7,4,synthetic:text-v0,ok,moderate|clip_text_slow_v0|moderate|rep4|seed20240909,0.6778
bursty,,nan,clip_text_slow_v0,15434346e02fdae15f0c74369bff16e48f518e033b94b816f00eb791d7426f31,07b257405f757223,,89677c8675b8703b,B1,16,16,fb2e41a2d7,0,synthetic:text-v0,ok,bursty|clip_text_slow_v0|bursty|rep0|seed20240909,0.6458
bursty,,nan,clip_text_slow_v0,15434346e02fdae15f0c74369bff16e48f518e033b94b816f00eb791d7426f31,07b257405f757223,,c0114d30aedfe3dc,B1,16,16,fb2e41a2d7,1,synthetic:text-v0,ok,bursty|clip_text_slow_v0|bursty|rep1|seed20240909,0.6795
bursty,,nan,clip_text_slow_v0,15434346e02fdae15f0c74369bff16e48f518e033b94b816f00eb791d7426f31,07b257405f757223,,dda3cc381bc2ad61,B1,16,16,fb2e41a2d7,2,synthetic:text-v0,ok,bursty|clip_text_slow_v0|bursty|rep2|seed20240909,0.6627
bursty,,nan,clip_text_slow_v0,15434346e02fdae15f0c74369bff16e48f518e033b94b816f00eb791d7426f31,07b257405f757223,,38383a407f77700a,B1,16,16,fb2e41a2d7,3,synthetic:text-v0,ok,bursty|clip_text_slow_v0|bursty|rep3|seed20240909,0.7133
bursty,,nan,clip_text_slow_v0,15434346e02fdae15f0c74369bff16e48f518e033b94b816f00eb791d7426f31,07b257405f757223,,f13a07f9de74ae9e,B1,16,16,fb2e41a2d7,4,synthetic:text-v0,ok,bursty|clip_text_slow_v0|bursty|rep4|seed20240909,0.6595
moderate,,nan,clip_text_slow_v0,15434346e02fdae15f0c74369bff16e48f518e033b94b816f00eb791d7426f31,07b257405f757223,,9f07f9d25ab0727f,B0d,16,16,fb2e41a2d7,3,synthetic:text-v0,ok,moderate|clip_text_slow_v0|moderate|rep3|seed20240909,8.0606
harsh,,nan,clip_text_slow_v0,15434346e02fdae15f0c74369bff16e48f518e033b94b816f00eb791d7426f31,07b257405f757223,,a4db528051caa24a,B1,16,16,fb2e41a2d7,0,synthetic:text-v0,ok,harsh|clip_text_slow_v0|harsh|rep0|seed20240909,0.7222
harsh,,nan,clip_text_slow_v0,15434346e02fdae15f0c74369bff16e48f518e033b94b816f00eb791d7426f31,07b257405f757223,,69b6d24106015ba1,B1,16,16,fb2e41a2d7,2,synthetic:text-v0,ok,harsh|clip_text_slow_v0|harsh|rep2|seed20240909,0.698
harsh,,nan,clip_text_slow_v0,15434346e02fdae15f0c74369bff16e48f518e033b94b816f00eb791d7426f31,07b257405f757223,,a8c4b581481c1f80,B1,16,16,fb2e41a2d7,1,synthetic:text-v0,ok,harsh|clip_text_slow_v0|harsh|rep1|seed20240909,0.7555
harsh,,nan,clip_text_slow_v0,15434346e02fdae15f0c74369bff16e48f518e033b94b816f00eb791d7426f31,07b257405f757223,,cf4314ef421e69d8,B1,16,16,fb2e41a2d7,3,synthetic:text-v0,ok,harsh|clip_text_slow_v0|harsh|rep3|seed20240909,0.7479
harsh,,nan,clip_text_slow_v0,15434346e02fdae15f0c74369bff16e48f518e033b94b816f00eb791d7426f31,07b257405f757223,,236ed07a95eb645e,B1,16,16,fb2e41a2d7,4,synthetic:text-v0,ok,harsh|clip_text_slow_v0|harsh|rep4|seed20240909,0.7457
clean,,nan,clip_text_slow_v0,15434346e02fdae15f0c74369bff16e48f518e033b94b816f00eb791d7426f31,07b257405f757223,,7e3e4417ae358a82,B2,16,16,fb2e41a2d7,0,synthetic:text-v0,ok,clean|clip_text_slow_v0|clean|rep0|seed20240909,0.5466
clean,,nan,clip_text_slow_v0,15434346e02fdae15f0c74369bff16e48f518e033b94b816f00eb791d7426f31,07b257405f757223,,6cff874b8130324b,B2,16,16,fb2e41a2d7,1,synthetic:text-v0,ok,clean|clip_text_slow_v0|clean|rep1|seed20240909,0.5312
clean,,nan,clip_text_slow_v0,15434346e02fdae15f0c74369bff16e48f518e033b94b816f00eb791d7426f31,07b257405f757223,,595be1200b9a3974,B2,16,16,fb2e41a2d7,2,synthetic:text-v0,ok,clean|clip_text_slow_v0|clean|rep2|seed20240909,0.582
clean,,nan,clip_text_slow_v0,15434346e02fdae15f0c74369bff16e48f518e033b94b816f00eb791d7426f31,07b257405f757223,,dfaa76f03177c0f0,B2,16,16,fb2e41a2d7,3,synthetic:text-v0,ok,clean|clip_text_slow_v0|clean|rep3|seed20240909,0.5674
clean,,nan,clip_text_slow_v0,15434346e02fdae15f0c74369bff16e48f518e033b94b816f00eb791d7426f31,07b257405f757223,,d8aa763419e333bf,B2,16,16,fb2e41a2d7,4,synthetic:text-v0,ok,clean|clip_text_slow_v0|clean|rep4|seed20240909,0.5518
mild,,nan,clip_text_slow_v0,15434346e02fdae15f0c74369bff16e48f518e033b94b816f00eb791d7426f31,07b257405f757223,,9b340974399186df,B2,16,16,fb2e41a2d7,0,synthetic:text-v0,ok,mild|clip_text_slow_v0|mild|rep0|seed20240909,0.745
mild,,nan,clip_text_slow_v0,15434346e02fdae15f0c74369bff16e48f518e033b94b816f00eb791d7426f31,07b257405f757223,,c3a5ac3a671f9fac,B2,16,16,fb2e41a2d7,2,synthetic:text-v0,ok,mild|clip_text_slow_v0|mild|rep2|seed20240909,0.6635
mild,,nan,clip_text_slow_v0,15434346e02fdae15f0c74369bff16e48f518e033b94b816f00eb791d7426f31,07b257405f757223,,ff6bedf1a1f11f9e,B2,16,16,fb2e41a2d7,1,synthetic:text-v0,ok,mild|clip_text_slow_v0|mild|rep1|seed20240909,0.7024
mild,,nan,clip_text_slow_v0,15434346e02fdae15f0c74369bff16e48f518e033b94b816f00eb791d7426f31,07b257405f757223,,9e2e0168d0a2a694,B2,16,16,fb2e41a2d7,4,synthetic:text-v0,ok,mild|clip_text_slow_v0|mild|rep4|seed20240909,0.715
mild,,nan,clip_text_slow_v0,15434346e02fdae15f0c74369bff16e48f518e033b94b816f00eb791d7426f31,07b257405f757223,,71e849f826dc13a9,B2,16,16,fb2e41a2d7,3,synthetic:text-v0,ok,mild|clip_text_slow_v0|mild|rep3|seed20240909,0.7276
moderate,,nan,clip_text_slow_v0,15434346e02fdae15f0c74369bff16e48f518e033b94b816f00eb791d7426f31,07b257405f757223,,060ea360d4b417a9,B2,16,16,fb2e41a2d7,0,synthetic:text-v0,ok,moderate|clip_text_slow_v0|moderate|rep0|seed20240909,0.7652
moderate,,nan,clip_text_slow_v0,15434346e02fdae15f0c74369bff16e48f518e033b94b816f00eb791d7426f31,07b257405f757223,,7a94f2e8d7db4af1,B2,16,16,fb2e41a2d7,1,synthetic:text-v0,ok,moderate|clip_text_slow_v0|moderate|rep1|seed20240909,0.7653
moderate,,nan,clip_text_slow_v0,15434346e02fdae15f0c74369bff16e48f518e033b94b816f00eb791d7426f31,07b257405f757223,,acadc0ccc0927914,B0d,16,16,fb2e41a2d7,4,synthetic:text-v0,ok,moderate|clip_text_slow_v0|moderate|rep4|seed20240909,7.9826
moderate,,nan,clip_text_slow_v0,15434346e02fdae15f0c74369bff16e48f518e033b94b816f00eb791d7426f31,07b257405f757223,,9e56f5d854c7bb87,B2,16,16,fb2e41a2d7,2,synthetic:text-v0,ok,moderate|clip_text_slow_v0|moderate|rep2|seed20240909,0.7518
moderate,,nan,clip_text_slow_v0,15434346e02fdae15f0c74369bff16e48f518e033b94b816f00eb791d7426f31,07b257405f757223,,c338034676db4325,B2,16,16,fb2e41a2d7,3,synthetic:text-v0,ok,moderate|clip_text_slow_v0|moderate|rep3|seed20240909,0.7358
moderate,,nan,clip_text_slow_v0,15434346e02fdae15f0c74369bff16e48f518e033b94b816f00eb791d7426f31,07b257405f757223,,7b835ef124cfae26,B2,16,16,fb2e41a2d7,4,synthetic:text-v0,ok,moderate|clip_text_slow_v0|moderate|rep4|seed20240909,0.7414
bursty,,nan,clip_text_slow_v0,15434346e02fdae15f0c74369bff16e48f518e033b94b816f00eb791d7426f31,07b257405f757223,,abfa7622bc0c5094,B2,16,16,fb2e41a2d7,0,synthetic:text-v0,ok,bursty|clip_text_slow_v0|bursty|rep0|seed20240909,0.6749
bursty,,nan,clip_text_slow_v0,15434346e02fdae15f0c74369bff16e48f518e033b94b816f00eb791d7426f31,07b257405f757223,,0f919b82c1ba58f0,B2,16,16,fb2e41a2d7,2,synthetic:text-v0,ok,bursty|clip_text_slow_v0|bursty|rep2|seed20240909,0.7077
bursty,,nan,clip_text_slow_v0,15434346e02fdae15f0c74369bff16e48f518e033b94b816f00eb791d7426f31,07b257405f757223,,d06dc79352f6dbfe,B2,16,16,fb2e41a2d7,1,synthetic:text-v0,ok,bursty|clip_text_slow_v0|bursty|rep1|seed20240909,0.7132
bursty,,nan,clip_text_slow_v0,15434346e02fdae15f0c74369bff16e48f518e033b94b816f00eb791d7426f31,07b257405f757223,,3b03c01475e00f19,B2,16,16,fb2e41a2d7,3,synthetic:text-v0,ok,bursty|clip_text_slow_v0|bursty|rep3|seed20240909,0.6497
bursty,,nan,clip_text_slow_v0,15434346e02fdae15f0c74369bff16e48f518e033b94b816f00eb791d7426f31,07b257405f757223,,22d75aa876bb530c,B2,16,16,fb2e41a2d7,4,synthetic:text-v0,ok,bursty|clip_text_slow_v0|bursty|rep4|seed20240909,0.6772
harsh,,nan,clip_text_slow_v0,15434346e02fdae15f0c74369bff16e48f518e033b94b816f00eb791d7426f31,07b257405f757223,,a567803159c1869a,B2,16,16,fb2e41a2d7,0,synthetic:text-v0,ok,harsh|clip_text_slow_v0|harsh|rep0|seed20240909,0.7146
harsh,,nan,clip_text_slow_v0,15434346e02fdae15f0c74369bff16e48f518e033b94b816f00eb791d7426f31,07b257405f757223,,196edd676e89ea23,B2,16,16,fb2e41a2d7,1,synthetic:text-v0,ok,harsh|clip_text_slow_v0|harsh|rep1|seed20240909,0.705
harsh,,nan,clip_text_slow_v0,15434346e02fdae15f0c74369bff16e48f518e033b94b816f00eb791d7426f31,07b257405f757223,,5cf9c425ba298776,B2,16,16,fb2e41a2d7,2,synthetic:text-v0,ok,harsh|clip_text_slow_v0|harsh|rep2|seed20240909,0.7027
harsh,,nan,clip_text_slow_v0,15434346e02fdae15f0c74369bff16e48f518e033b94b816f00eb791d7426f31,07b257405f757223,,63d0bfaacea4dd85,B2,16,16,fb2e41a2d7,3,synthetic:text-v0,ok,harsh|clip_text_slow_v0|harsh|rep3|seed20240909,0.684
harsh,,nan,clip_text_slow_v0,15434346e02fdae15f0c74369bff16e48f518e033b94b816f00eb791d7426f31,07b257405f757223,,3f36226f3094aae1,B2,16,16,fb2e41a2d7,4,synthetic:text-v0,ok,harsh|clip_text_slow_v0|harsh|rep4|seed20240909,0.7386
bursty,,nan,clip_text_slow_v0,15434346e02fdae15f0c74369bff16e48f518e033b94b816f00eb791d7426f31,07b257405f757223,,6e8313a17f1bb640,B0d,16,16,fb2e41a2d7,0,synthetic:text-v0,ok,bursty|clip_text_slow_v0|bursty|rep0|seed20240909,8.8354
bursty,,nan,clip_text_slow_v0,15434346e02fdae15f0c74369bff16e48f518e033b94b816f00eb791d7426f31,07b257405f757223,,eaf1e589a34dcfe6,B0d,16,16,fb2e41a2d7,2,synthetic:text-v0,ok,bursty|clip_text_slow_v0|bursty|rep2|seed20240909,8.2245
bursty,,nan,clip_text_slow_v0,15434346e02fdae15f0c74369bff16e48f518e033b94b816f00eb791d7426f31,07b257405f757223,,399422be6a8bc34c,B0d,16,16,fb2e41a2d7,1,synthetic:text-v0,ok,bursty|clip_text_slow_v0|bursty|rep1|seed20240909,8.4321
bursty,,nan,clip_text_slow_v0,15434346e02fdae15f0c74369bff16e48f518e033b94b816f00eb791d7426f31,07b257405f757223,,d238ffd6a603850c,B0d,16,16,fb2e41a2d7,3,synthetic:text-v0,ok,bursty|clip_text_slow_v0|bursty|rep3|seed20240909,8.4612
bursty,,nan,clip_text_slow_v0,15434346e02fdae15f0c74369bff16e48f518e033b94b816f00eb791d7426f31,07b257405f757223,,12e4423c1134c0a8,B0d,16,16,fb2e41a2d7,4,synthetic:text-v0,ok,bursty|clip_text_slow_v0|bursty|rep4|seed20240909,8.6402
clean,,nan,clip_text_slow_v0,15434346e02fdae15f0c74369bff16e48f518e033b94b816f00eb791d7426f31,07b257405f757223,,5dd9b5c3b5371460,B3,16,16,fb2e41a2d7,0,synthetic:text-v0,ok,clean|clip_text_slow_v0|clean|rep0|seed20240909,4.7264
clean,,nan,clip_text_slow_v0,15434346e02fdae15f0c74369bff16e48f518e033b94b816f00eb791d7426f31,07b257405f757223,,3d4c783cb1f6488e,B3,16,16,fb2e41a2d7,1,synthetic:text-v0,ok,clean|clip_text_slow_v0|clean|rep1|seed20240909,4.7919
clean,,nan,clip_text_slow_v0,15434346e02fdae15f0c74369bff16e48f518e033b94b816f00eb791d7426f31,07b257405f757223,,dcf6e71187e2e31f,B3,16,16,fb2e41a2d7,3,synthetic:text-v0,ok,clean|clip_text_slow_v0|clean|rep3|seed20240909,4.8116
clean,,nan,clip_text_slow_v0,15434346e02fdae15f0c74369bff16e48f518e033b94b816f00eb791d7426f31,07b257405f757223,,678c7ff195206949,B3,16,16,fb2e41a2d7,4,synthetic:text-v0,ok,clean|clip_text_slow_v0|clean|rep4|seed20240909,4.7172
clean,,nan,clip_text_slow_v0,15434346e02fdae15f0c74369bff16e48f518e033b94b816f00eb791d7426f31,07b257405f757223,,f4c0d4d8b5886f29,B3,16,16,fb2e41a2d7,2,synthetic:text-v0,ok,clean|clip_text_slow_v0|clean|rep2|seed20240909,4.898
mild,,nan,clip_text_slow_v0,15434346e02fdae15f0c74369bff16e48f518e033b94b816f00eb791d7426f31,07b257405f757223,,78786596739b7593,B3,16,16,fb2e41a2d7,0,synthetic:text-v0,ok,mild|clip_text_slow_v0|mild|rep0|seed20240909,5.1585
mild,,nan,clip_text_slow_v0,15434346e02fdae15f0c74369bff16e48f518e033b94b816f00eb791d7426f31,07b257405f757223,,a23cb076bbabefb0,B3,16,16,fb2e41a2d7,1,synthetic:text-v0,ok,mild|clip_text_slow_v0|mild|rep1|seed20240909,5.0877
mild,,nan,clip_text_slow_v0,15434346e02fdae15f0c74369bff16e48f518e033b94b816f00eb791d7426f31,07b257405f757223,,8744162e435156e5,B3,16,16,fb2e41a2d7,2,synthetic:text-v0,ok,mild|clip_text_slow_v0|mild|rep2|seed20240909,5.1541
mild,,nan,clip_text_slow_v0,15434346e02fdae15f0c74369bff16e48f518e033b94b816f00eb791d7426f31,07b257405f757223,,3808de37eae6b30d,B3,16,16,fb2e41a2d7,3,synthetic:text-v0,ok,mild|clip_text_slow_v0|mild|rep3|seed20240909,5.2051
mild,,nan,clip_text_slow_v0,15434346e02fdae15f0c74369bff16e48f518e033b94b816f00eb791d7426f31,07b257405f757223,,e090d0fa2cee1911,B3,16,16,fb2e41a2d7,4,synthetic:text-v0,ok,mild|clip_text_slow_v0|mild|rep4|seed20240909,5.2243
moderate,,nan,clip_text_slow_v0,15434346e02fdae15f0c74369bff16e48f518e033b94b816f00eb791d7426f31,07b257405f757223,,226a7ea29441e34f,B3,16,16,fb2e41a2d7,2,synthetic:text-v0,ok,moderate|clip_text_slow_v0|moderate|rep2|seed20240909,6.4809
moderate,,nan,clip_text_slow_v0,15434346e02fdae15f0c74369bff16e48f518e033b94b816f00eb791d7426f31,07b257405f757223,,729174bebf3d103e,B3,16,16,fb2e41a2d7,0,synthetic:text-v0,ok,moderate|clip_text_slow_v0|moderate|rep0|seed20240909,6.9077
moderate,,nan,clip_text_slow_v0,15434346e02fdae15f0c74369bff16e48f518e033b94b816f00eb791d7426f31,07b257405f757223,,6ba2b83be9bd26ae,B3,16,16,fb2e41a2d7,1,synthetic:text-v0,ok,moderate|clip_text_slow_v0|moderate|rep1|seed20240909,6.761
moderate,,nan,clip_text_slow_v0,15434346e02fdae15f0c74369bff16e48f518e033b94b816f00eb791d7426f31,07b257405f757223,,88afe146cff1b2e5,B3,16,16,fb2e41a2d7,3,synthetic:text-v0,ok,moderate|clip_text_slow_v0|moderate|rep3|seed20240909,6.6757
moderate,,nan,clip_text_slow_v0,15434346e02fdae15f0c74369bff16e48f518e033b94b816f00eb791d7426f31,07b257405f757223,,cce3de410e6b3705,B3,16,16,fb2e41a2d7,4,synthetic:text-v0,ok,moderate|clip_text_slow_v0|moderate|rep4|seed20240909,6.7246
harsh,,nan,clip_text_slow_v0,15434346e02fdae15f0c74369bff16e48f518e033b94b816f00eb791d7426f31,07b257405f757223,,83f4e4197a796021,B3,16,16,fb2e41a2d7,0,synthetic:text-v0,ok,harsh|clip_text_slow_v0|harsh|rep0|seed20240909,3.5525
bursty,,nan,clip_text_slow_v0,15434346e02fdae15f0c74369bff16e48f518e033b94b816f00eb791d7426f31,07b257405f757223,,a08830abe85bb3c6,B3,16,16,fb2e41a2d7,0,synthetic:text-v0,ok,bursty|clip_text_slow_v0|bursty|rep0|seed20240909,7.1946
harsh,,nan,clip_text_slow_v0,15434346e02fdae15f0c74369bff16e48f518e033b94b816f00eb791d7426f31,07b257405f757223,,156a745e40306909,B3,16,16,fb2e41a2d7,2,synthetic:text-v0,ok,harsh|clip_text_slow_v0|harsh|rep2|seed20240909,3.2402
harsh,,nan,clip_text_slow_v0,15434346e02fdae15f0c74369bff16e48f518e033b94b816f00eb791d7426f31,07b257405f757223,,93301a91d75bc38f,B3,16,16,fb2e41a2d7,1,synthetic:text-v0,ok,harsh|clip_text_slow_v0|harsh|rep1|seed20240909,3.4696
harsh,,nan,clip_text_slow_v0,15434346e02fdae15f0c74369bff16e48f518e033b94b816f00eb791d7426f31,07b257405f757223,,c3793bcf4118d7e3,B3,16,16,fb2e41a2d7,3,synthetic:text-v0,ok,harsh|clip_text_slow_v0|harsh|rep3|seed20240909,3.5213
harsh,,nan,clip_text_slow_v0,15434346e02fdae15f0c74369bff16e48f518e033b94b816f00eb791d7426f31,07b257405f757223,,a51910ddb98ee113,B3,16,16,fb2e41a2d7,4,synthetic:text-v0,ok,harsh|clip_text_slow_v0|harsh|rep4|seed20240909,3.5649
clean,,nan,clip_text_slow_v0,15434346e02fdae15f0c74369bff16e48f518e033b94b816f00eb791d7426f31,07b257405f757223,,81e9eb462cf1a96a,B4,16,16,fb2e41a2d7,0,synthetic:text-v0,ok,clean|clip_text_slow_v0|clean|rep0|seed20240909,4.7167
bursty,,nan,clip_text_slow_v0,15434346e02fdae15f0c74369bff16e48f518e033b94b816f00eb791d7426f31,07b257405f757223,,e30cf9790edd8beb,B3,16,16,fb2e41a2d7,3,synthetic:text-v0,ok,bursty|clip_text_slow_v0|bursty|rep3|seed20240909,6.0881
bursty,,nan,clip_text_slow_v0,15434346e02fdae15f0c74369bff16e48f518e033b94b816f00eb791d7426f31,07b257405f757223,,1e565aa4ad715c88,B3,16,16,fb2e41a2d7,1,synthetic:text-v0,ok,bursty|clip_text_slow_v0|bursty|rep1|seed20240909,6.5242
bursty,,nan,clip_text_slow_v0,15434346e02fdae15f0c74369bff16e48f518e033b94b816f00eb791d7426f31,07b257405f757223,,6ee27e3d8b04ea44,B3,16,16,fb2e41a2d7,2,synthetic:text-v0,ok,bursty|clip_text_slow_v0|bursty|rep2|seed20240909,6.4634
bursty,,nan,clip_text_slow_v0,15434346e02fdae15f0c74369bff16e48f518e033b94b816f00eb791d7426f31,07b257405f757223,,174b1f4ba81b25d9,B3,16,16,fb2e41a2d7,4,synthetic:text-v0,ok,bursty|clip_text_slow_v0|bursty|rep4|seed20240909,6.5167
clean,,nan,clip_text_slow_v0,15434346e02fdae15f0c74369bff16e48f518e033b94b816f00eb791d7426f31,07b257405f757223,,4af29a8649a33773,B4,16,16,fb2e41a2d7,2,synthetic:text-v0,ok,clean|clip_text_slow_v0|clean|rep2|seed20240909,4.4905
clean,,nan,clip_text_slow_v0,15434346e02fdae15f0c74369bff16e48f518e033b94b816f00eb791d7426f31,07b257405f757223,,f1be79f2b29f93cb,B4,16,16,fb2e41a2d7,1,synthetic:text-v0,ok,clean|clip_text_slow_v0|clean|rep1|seed20240909,4.5582
clean,,nan,clip_text_slow_v0,15434346e02fdae15f0c74369bff16e48f518e033b94b816f00eb791d7426f31,07b257405f757223,,a293e1cd0b8776b3,B4,16,16,fb2e41a2d7,3,synthetic:text-v0,ok,clean|clip_text_slow_v0|clean|rep3|seed20240909,4.4853
clean,,nan,clip_text_slow_v0,15434346e02fdae15f0c74369bff16e48f518e033b94b816f00eb791d7426f31,07b257405f757223,,b93b1312bb7d20df,B4,16,16,fb2e41a2d7,4,synthetic:text-v0,ok,clean|clip_text_slow_v0|clean|rep4|seed20240909,4.4503
mild,,nan,clip_text_slow_v0,15434346e02fdae15f0c74369bff16e48f518e033b94b816f00eb791d7426f31,07b257405f757223,,e914e7e93a321bc1,B4,16,16,fb2e41a2d7,0,synthetic:text-v0,ok,mild|clip_text_slow_v0|mild|rep0|seed20240909,4.776
mild,,nan,clip_text_slow_v0,15434346e02fdae15f0c74369bff16e48f518e033b94b816f00eb791d7426f31,07b257405f757223,,f3052acb82f53883,B4,16,16,fb2e41a2d7,1,synthetic:text-v0,ok,mild|clip_text_slow_v0|mild|rep1|seed20240909,4.6404
mild,,nan,clip_text_slow_v0,15434346e02fdae15f0c74369bff16e48f518e033b94b816f00eb791d7426f31,07b257405f757223,,62a9ce863a181868,B4,16,16,fb2e41a2d7,2,synthetic:text-v0,ok,mild|clip_text_slow_v0|mild|rep2|seed20240909,4.744
mild,,nan,clip_text_slow_v0,15434346e02fdae15f0c74369bff16e48f518e033b94b816f00eb791d7426f31,07b257405f757223,,a5589f794b424efa,B4,16,16,fb2e41a2d7,3,synthetic:text-v0,ok,mild|clip_text_slow_v0|mild|rep3|seed20240909,4.7044
mild,,nan,clip_text_slow_v0,15434346e02fdae15f0c74369bff16e48f518e033b94b816f00eb791d7426f31,07b257405f757223,,77f453656cab2799,B4,16,16,fb2e41a2d7,4,synthetic:text-v0,ok,mild|clip_text_slow_v0|mild|rep4|seed20240909,4.6125
harsh,,nan,clip_text_slow_v0,15434346e02fdae15f0c74369bff16e48f518e033b94b816f00eb791d7426f31,07b257405f757223,,b470af475e3f3bfd,B4,16,16,fb2e41a2d7,0,synthetic:text-v0,ok,harsh|clip_text_slow_v0|harsh|rep0|seed20240909,2.8629
harsh,,nan,clip_text_slow_v0,15434346e02fdae15f0c74369bff16e48f518e033b94b816f00eb791d7426f31,07b257405f757223,,3fca19e2fddd491b,B4,16,16,fb2e41a2d7,1,synthetic:text-v0,ok,harsh|clip_text_slow_v0|harsh|rep1|seed20240909,2.932
harsh,,nan,clip_text_slow_v0,15434346e02fdae15f0c74369bff16e48f518e033b94b816f00eb791d7426f31,07b257405f757223,,82d687b2d9480592,B4,16,16,fb2e41a2d7,2,synthetic:text-v0,ok,harsh|clip_text_slow_v0|harsh|rep2|seed20240909,2.8255
harsh,,nan,clip_text_slow_v0,15434346e02fdae15f0c74369bff16e48f518e033b94b816f00eb791d7426f31,07b257405f757223,,9a6e9ebbbac79b93,B4,16,16,fb2e41a2d7,3,synthetic:text-v0,ok,harsh|clip_text_slow_v0|harsh|rep3|seed20240909,2.9387
harsh,,nan,clip_text_slow_v0,15434346e02fdae15f0c74369bff16e48f518e033b94b816f00eb791d7426f31,07b257405f757223,,16e56c4b5e61000c,B4,16,16,fb2e41a2d7,4,synthetic:text-v0,ok,harsh|clip_text_slow_v0|harsh|rep4|seed20240909,2.9222
moderate,,nan,clip_text_slow_v0,15434346e02fdae15f0c74369bff16e48f518e033b94b816f00eb791d7426f31,07b257405f757223,,c9a814aa965dffd0,B4,16,16,fb2e41a2d7,0,synthetic:text-v0,ok,moderate|clip_text_slow_v0|moderate|rep0|seed20240909,7.6515
moderate,,nan,clip_text_slow_v0,15434346e02fdae15f0c74369bff16e48f518e033b94b816f00eb791d7426f31,07b257405f757223,,76e88494dc399dc7,B4,16,16,fb2e41a2d7,1,synthetic:text-v0,ok,moderate|clip_text_slow_v0|moderate|rep1|seed20240909,7.8523
moderate,,nan,clip_text_slow_v0,15434346e02fdae15f0c74369bff16e48f518e033b94b816f00eb791d7426f31,07b257405f757223,,4f1ae1b95cf1e2c0,B4,16,16,fb2e41a2d7,2,synthetic:text-v0,ok,moderate|clip_text_slow_v0|moderate|rep2|seed20240909,7.6963
moderate,,nan,clip_text_slow_v0,15434346e02fdae15f0c74369bff16e48f518e033b94b816f00eb791d7426f31,07b257405f757223,,01d3ea5be914d89b,B4,16,16,fb2e41a2d7,4,synthetic:text-v0,ok,moderate|clip_text_slow_v0|moderate|rep4|seed20240909,7.258
moderate,,nan,clip_text_slow_v0,15434346e02fdae15f0c74369bff16e48f518e033b94b816f00eb791d7426f31,07b257405f757223,,0a4d3abcf62569fc,B4,16,16,fb2e41a2d7,3,synthetic:text-v0,ok,moderate|clip_text_slow_v0|moderate|rep3|seed20240909,7.3831
bursty,,nan,clip_text_slow_v0,15434346e02fdae15f0c74369bff16e48f518e033b94b816f00eb791d7426f31,07b257405f757223,,98560ee6dd3affbe,B4,16,16,fb2e41a2d7,1,synthetic:text-v0,ok,bursty|clip_text_slow_v0|bursty|rep1|seed20240909,7.5917
bursty,,nan,clip_text_slow_v0,15434346e02fdae15f0c74369bff16e48f518e033b94b816f00eb791d7426f31,07b257405f757223,,161161e26a33fecb,B4,16,16,fb2e41a2d7,0,synthetic:text-v0,ok,bursty|clip_text_slow_v0|bursty|rep0|seed20240909,8.0152
bursty,,nan,clip_text_slow_v0,15434346e02fdae15f0c74369bff16e48f518e033b94b816f00eb791d7426f31,07b257405f757223,,b19db34020b284c7,B4,16,16,fb2e41a2d7,2,synthetic:text-v0,ok,bursty|clip_text_slow_v0|bursty|rep2|seed20240909,7.456
bursty,,nan,clip_text_slow_v0,15434346e02fdae15f0c74369bff16e48f518e033b94b816f00eb791d7426f31,07b257405f757223,,d452576e59e1f4aa,B4,16,16,fb2e41a2d7,3,synthetic:text-v0,ok,bursty|clip_text_slow_v0|bursty|rep3|seed20240909,7.5931
bursty,,nan,clip_text_slow_v0,15434346e02fdae15f0c74369bff16e48f518e033b94b816f00eb791d7426f31,07b257405f757223,,31080d0254b22795,B4,16,16,fb2e41a2d7,4,synthetic:text-v0,ok,bursty|clip_text_slow_v0|bursty|rep4|seed20240909,7.8671
clean,,nan,clip_text_slow_v0,15434346e02fdae15f0c74369bff16e48f518e033b94b816f00eb791d7426f31,07b257405f757223,,8ee77dc5d0518314,P,16,16,8da29d3843,0,synthetic:text-v0,ok,clean|clip_text_slow_v0|clean|rep0|seed20240909,7.5191
clean,,nan,clip_text_slow_v0,15434346e02fdae15f0c74369bff16e48f518e033b94b816f00eb791d7426f31,07b257405f757223,,08468acb961f41e5,P,16,16,8da29d3843,1,synthetic:text-v0,ok,clean|clip_text_slow_v0|clean|rep1|seed20240909,7.3773
clean,,nan,clip_text_slow_v0,15434346e02fdae15f0c74369bff16e48f518e033b94b816f00eb791d7426f31,07b257405f757223,,d52f3efac67ebbc5,P,16,16,8da29d3843,2,synthetic:text-v0,ok,clean|clip_text_slow_v0|clean|rep2|seed20240909,7.5646
clean,,nan,clip_text_slow_v0,15434346e02fdae15f0c74369bff16e48f518e033b94b816f00eb791d7426f31,07b257405f757223,,15255c4035271e81,P,16,16,8da29d3843,3,synthetic:text-v0,ok,clean|clip_text_slow_v0|clean|rep3|seed20240909,7.5543
clean,,nan,clip_text_slow_v0,15434346e02fdae15f0c74369bff16e48f518e033b94b816f00eb791d7426f31,07b257405f757223,,ab63d2abc898e5b7,P,16,16,8da29d3843,4,synthetic:text-v0,ok,clean|clip_text_slow_v0|clean|rep4|seed20240909,7.3137
mild,,nan,clip_text_slow_v0,15434346e02fdae15f0c74369bff16e48f518e033b94b816f00eb791d7426f31,07b257405f757223,,59f926ef2386abaa,P,16,16,8da29d3843,0,synthetic:text-v0,ok,mild|clip_text_slow_v0|mild|rep0|seed20240909,7.8947
mild,,nan,clip_text_slow_v0,15434346e02fdae15f0c74369bff16e48f518e033b94b816f00eb791d7426f31,07b257405f757223,,c56886748e0a5151,P,16,16,8da29d3843,1,synthetic:text-v0,ok,mild|clip_text_slow_v0|mild|rep1|seed20240909,7.7921
mild,,nan,clip_text_slow_v0,15434346e02fdae15f0c74369bff16e48f518e033b94b816f00eb791d7426f31,07b257405f757223,,35a722670f5b1c28,P,16,16,8da29d3843,2,synthetic:text-v0,ok,mild|clip_text_slow_v0|mild|rep2|seed20240909,7.6388
mild,,nan,clip_text_slow_v0,15434346e02fdae15f0c74369bff16e48f518e033b94b816f00eb791d7426f31,07b257405f757223,,24853d2ec0d71bf4,P,16,16,8da29d3843,3,synthetic:text-v0,ok,mild|clip_text_slow_v0|mild|rep3|seed20240909,7.6683
mild,,nan,clip_text_slow_v0,15434346e02fdae15f0c74369bff16e48f518e033b94b816f00eb791d7426f31,07b257405f757223,,625396a0f15273c0,P,16,16,8da29d3843,4,synthetic:text-v0,ok,mild|clip_text_slow_v0|mild|rep4|seed20240909,7.7583
clean,,nan,clip_text_fast_v11,ab8b2d8a49eee624572968a7f955101a0d3cc97dfa85d42cb3675bb683ce7505,07b257405f757223,,f18c5238f48a98e8,B0a,16,16,fb2e41a2d7,0,synthetic:text-v11,ok,clean|clip_text_fast_v11|clean|rep0|seed20240909,0.4051
clean,,nan,clip_text_fast_v11,ab8b2d8a49eee624572968a7f955101a0d3cc97dfa85d42cb3675bb683ce7505,07b257405f757223,,3da66c9288ad7dcb,B0a,16,16,fb2e41a2d7,1,synthetic:text-v11,ok,clean|clip_text_fast_v11|clean|rep1|seed20240909,0.3695
clean,,nan,clip_text_fast_v11,ab8b2d8a49eee624572968a7f955101a0d3cc97dfa85d42cb3675bb683ce7505,07b257405f757223,,1adec012608bcbd1,B0a,16,16,fb2e41a2d7,2,synthetic:text-v11,ok,clean|clip_text_fast_v11|clean|rep2|seed20240909,0.3813
clean,,nan,clip_text_fast_v11,ab8b2d8a49eee624572968a7f955101a0d3cc97dfa85d42cb3675bb683ce7505,07b257405f757223,,df098f45760621c8,B0a,16,16,fb2e41a2d7,3,synthetic:text-v11,ok,clean|clip_text_fast_v11|clean|rep3|seed20240909,0.4082
clean,,nan,clip_text_fast_v11,ab8b2d8a49eee624572968a7f955101a0d3cc97dfa85d42cb3675bb683ce7505,07b257405f757223,,99b20466bf366366,B0a,16,16,fb2e41a2d7,4,synthetic:text-v11,ok,clean|clip_text_fast_v11|clean|rep4|seed20240909,0.3527
harsh,,nan,clip_text_slow_v0,15434346e02fdae15f0c74369bff16e48f518e033b94b816f00eb791d7426f31,07b257405f757223,,55979ee9ae66093f,P,16,16,8da29d3843,0,synthetic:text-v0,ok,harsh|clip_text_slow_v0|harsh|rep0|seed20240909,4.5576
mild,,nan,clip_text_fast_v11,ab8b2d8a49eee624572968a7f955101a0d3cc97dfa85d42cb3675bb683ce7505,07b257405f757223,,58d40430ba3a34c0,B0a,16,16,fb2e41a2d7,0,synthetic:text-v11,ok,mild|clip_text_fast_v11|mild|rep0|seed20240909,0.5211
harsh,,nan,clip_text_slow_v0,15434346e02fdae15f0c74369bff16e48f518e033b94b816f00eb791d7426f31,07b257405f757223,,20b181e280875e8c,P,16,16,8da29d3843,1,synthetic:text-v0,ok,harsh|clip_text_slow_v0|harsh|rep1|seed20240909,4.411
mild,,nan,clip_text_fast_v11,ab8b2d8a49eee624572968a7f955101a0d3cc97dfa85d42cb3675bb683ce7505,07b257405f757223,,78b8103607c45f04,B0a,16,16,fb2e41a2d7,1,synthetic:text-v11,ok,mild|clip_text_fast_v11|mild|rep1|seed20240909,0.5618
harsh,,nan,clip_text_slow_v0,15434346e02fdae15f0c74369bff16e48f518e033b94b816f00eb791d7426f31,07b257405f757223,,3d297e82285a03ac,P,16,16,8da29d3843,2,synthetic:text-v0,ok,harsh|clip_text_slow_v0|harsh|rep2|seed20240909,4.3821
mild,,nan,clip_text_fast_v11,ab8b2d8a49eee624572968a7f955101a0d3cc97dfa85d42cb3675bb683ce7505,07b257405f757223,,085523bf289c6fb5,B0a,16,16,fb2e41a2d7,2,synthetic:text-v11,ok,mild|clip_text_fast_v11|mild|rep2|seed20240909,0.5148
harsh,,nan,clip_text_slow_v0,15434346e02fdae15f0c74369bff16e48f518e033b94b816f00eb791d7426f31,07b257405f757223,,41d9af7a5e710bd3,P,16,16,8da29d3843,3,synthetic:text-v0,ok,harsh|clip_text_slow_v0|harsh|rep3|seed20240909,4.4826
mild,,nan,clip_text_fast_v11,ab8b2d8a49eee624572968a7f955101a0d3cc97dfa85d42cb3675bb683ce7505,07b257405f757223,,ce6a88f0b4a143f9,B0a,16,16,fb2e41a2d7,3,synthetic:text-v11,ok,mild|clip_text_fast_v11|mild|rep3|seed20240909,0.6033
mild,,nan,clip_text_fast_v11,ab8b2d8a49eee624572968a7f955101a0d3cc97dfa85d42cb3675bb683ce7505,07b257405f757223,,0a2364ec18aa647c,B0a,16,16,fb2e41a2d7,4,synthetic:text-v11,ok,mild|clip_text_fast_v11|mild|rep4|seed20240909,0.5437
moderate,,nan,clip_text_fast_v11,ab8b2d8a49eee624572968a7f955101a0d3cc97dfa85d42cb3675bb683ce7505,07b257405f757223,,662ce1124b243325,B0a,16,16,fb2e41a2d7,0,synthetic:text-v11,ok,moderate|clip_text_fast_v11|moderate|rep0|seed20240909,0.5161
moderate,,nan,clip_text_fast_v11,ab8b2d8a49eee624572968a7f955101a0d3cc97dfa85d42cb3675bb683ce7505,07b257405f757223,,541926515838e499,B0a,16,16,fb2e41a2d7,1,synthetic:text-v11,ok,moderate|clip_text_fast_v11|moderate|rep1|seed20240909,0.5824
moderate,,nan,clip_text_fast_v11,ab8b2d8a49eee624572968a7f955101a0d3cc97dfa85d42cb3675bb683ce7505,07b257405f757223,,071eff74fa455a85,B0a,16,16,fb2e41a2d7,2,synthetic:text-v11,ok,moderate|clip_text_fast_v11|moderate|rep2|seed20240909,0.5601
moderate,,nan,clip_text_fast_v11,ab8b2d8a49eee624572968a7f955101a0d3cc97dfa85d42cb3675bb683ce7505,07b257405f757223,,4bb15149112486c5,B0a,16,16,fb2e41a2d7,3,synthetic:text-v11,ok,moderate|clip_text_fast_v11|moderate|rep3|seed20240909,0.6058
moderate,,nan,clip_text_fast_v11,ab8b2d8a49eee624572968a7f955101a0d3cc97dfa85d42cb3675bb683ce7505,07b257405f757223,,57b0059d48770a0b,B0a,16,16,fb2e41a2d7,4,synthetic:text-v11,ok,moderate|clip_text_fast_v11|moderate|rep4|seed20240909,0.6161
bursty,,nan,clip_text_fast_v11,ab8b2d8a49eee624572968a7f955101a0d3cc97dfa85d42cb3675bb683ce7505,07b257405f757223,,8a53293770d5e93c,B0a,16,16,fb2e41a2d7,0,synthetic:text-v11,ok,bursty|clip_text_fast_v11|bursty|rep0|seed20240909,0.6102
bursty,,nan,clip_text_fast_v11,ab8b2d8a49eee624572968a7f955101a0d3cc97dfa85d42cb3675bb683ce7505,07b257405f757223,,760ce40d3d5a4028,B0a,16,16,fb2e41a2d7,1,synthetic:text-v11,ok,bursty|clip_text_fast_v11|bursty|rep1|seed20240909,0.5632
harsh,,nan,clip_text_slow_v0,15434346e02fdae15f0c74369bff16e48f518e033b94b816f00eb791d7426f31,07b257405f757223,,e4ab16887c931c7c,P,16,16,8da29d3843,4,synthetic:text-v0,ok,harsh|clip_text_slow_v0|harsh|rep4|seed20240909,4.421
bursty,,nan,clip_text_fast_v11,ab8b2d8a49eee624572968a7f955101a0d3cc97dfa85d42cb3675bb683ce7505,07b257405f757223,,8d56c1d5e6576fed,B0a,16,16,fb2e41a2d7,2,synthetic:text-v11,ok,bursty|clip_text_fast_v11|bursty|rep2|seed20240909,0.6078
bursty,,nan,clip_text_fast_v11,ab8b2d8a49eee624572968a7f955101a0d3cc97dfa85d42cb3675bb683ce7505,07b257405f757223,,fc7bf97daf1e20b6,B0a,16,16,fb2e41a2d7,4,synthetic:text-v11,ok,bursty|clip_text_fast_v11|bursty|rep4|seed20240909,0.5468
bursty,,nan,clip_text_fast_v11,ab8b2d8a49eee624572968a7f955101a0d3cc97dfa85d42cb3675bb683ce7505,07b257405f757223,,4eb184698a538509,B0a,16,16,fb2e41a2d7,3,synthetic:text-v11,ok,bursty|clip_text_fast_v11|bursty|rep3|seed20240909,0.5912
harsh,,nan,clip_text_fast_v11,ab8b2d8a49eee624572968a7f955101a0d3cc97dfa85d42cb3675bb683ce7505,07b257405f757223,,db451fa1be9c6ada,B0a,16,16,fb2e41a2d7,0,synthetic:text-v11,ok,harsh|clip_text_fast_v11|harsh|rep0|seed20240909,0.5893
harsh,,nan,clip_text_fast_v11,ab8b2d8a49eee624572968a7f955101a0d3cc97dfa85d42cb3675bb683ce7505,07b257405f757223,,df4253435b6a64c3,B0a,16,16,fb2e41a2d7,1,synthetic:text-v11,ok,harsh|clip_text_fast_v11|harsh|rep1|seed20240909,0.5704
harsh,,nan,clip_text_fast_v11,ab8b2d8a49eee624572968a7f955101a0d3cc97dfa85d42cb3675bb683ce7505,07b257405f757223,,1d23a68e3b27f4f9,B0a,16,16,fb2e41a2d7,2,synthetic:text-v11,ok,harsh|clip_text_fast_v11|harsh|rep2|seed20240909,0.5865
harsh,,nan,clip_text_fast_v11,ab8b2d8a49eee624572968a7f955101a0d3cc97dfa85d42cb3675bb683ce7505,07b257405f757223,,4ec66ce5ff3abf03,B0a,16,16,fb2e41a2d7,3,synthetic:text-v11,ok,harsh|clip_text_fast_v11|harsh|rep3|seed20240909,0.5378
harsh,,nan,clip_text_fast_v11,ab8b2d8a49eee624572968a7f955101a0d3cc97dfa85d42cb3675bb683ce7505,07b257405f757223,,28f191be7889953e,B0a,16,16,fb2e41a2d7,4,synthetic:text-v11,ok,harsh|clip_text_fast_v11|harsh|rep4|seed20240909,0.5732
clean,,nan,clip_text_fast_v11,ab8b2d8a49eee624572968a7f955101a0d3cc97dfa85d42cb3675bb683ce7505,07b257405f757223,,6be2f9dcfa5ddddb,B0a-R,16,16,fb2e41a2d7,0,synthetic:text-v11,ok,clean|clip_text_fast_v11|clean|rep0|seed20240909,1.1073
moderate,,nan,clip_text_slow_v0,15434346e02fdae15f0c74369bff16e48f518e033b94b816f00eb791d7426f31,07b257405f757223,,614f5ac654a3d711,P,16,16,8da29d3843,0,synthetic:text-v0,ok,moderate|clip_text_slow_v0|moderate|rep0|seed20240909,13.3385
clean,,nan,clip_text_fast_v11,ab8b2d8a49eee624572968a7f955101a0d3cc97dfa85d42cb3675bb683ce7505,07b257405f757223,,d5e4f40157f9a6d7,B0a-R,16,16,fb2e41a2d7,1,synthetic:text-v11,ok,clean|clip_text_fast_v11|clean|rep1|seed20240909,1.0719
clean,,nan,clip_text_fast_v11,ab8b2d8a49eee624572968a7f955101a0d3cc97dfa85d42cb3675bb683ce7505,07b257405f757223,,76b2e50ac1353880,B0a-R,16,16,fb2e41a2d7,2,synthetic:text-v11,ok,clean|clip_text_fast_v11|clean|rep2|seed20240909,1.0837
clean,,nan,clip_text_fast_v11,ab8b2d8a49eee624572968a7f955101a0d3cc97dfa85d42cb3675bb683ce7505,07b257405f757223,,095c0eaa5ad0494e,B0a-R,16,16,fb2e41a2d7,3,synthetic:text-v11,ok,clean|clip_text_fast_v11|clean|rep3|seed20240909,1.1444
clean,,nan,clip_text_fast_v11,ab8b2d8a49eee624572968a7f955101a0d3cc97dfa85d42cb3675bb683ce7505,07b257405f757223,,b6ea76df9051da05,B0a-R,16,16,fb2e41a2d7,4,synthetic:text-v11,ok,clean|clip_text_fast_v11|clean|rep4|seed20240909,1.0593
mild,,nan,clip_text_fast_v11,ab8b2d8a49eee624572968a7f955101a0d3cc97dfa85d42cb3675bb683ce7505,07b257405f757223,,0a93389653d7523d,B0a-R,16,16,fb2e41a2d7,0,synthetic:text-v11,ok,mild|clip_text_fast_v11|mild|rep0|seed20240909,1.4825
moderate,,nan,clip_text_slow_v0,15434346e02fdae15f0c74369bff16e48f518e033b94b816f00eb791d7426f31,07b257405f757223,,10299fa6d73eaf2a,P,16,16,8da29d3843,3,synthetic:text-v0,ok,moderate|clip_text_slow_v0|moderate|rep3|seed20240909,13.2007
moderate,,nan,clip_text_slow_v0,15434346e02fdae15f0c74369bff16e48f518e033b94b816f00eb791d7426f31,07b257405f757223,,8bd006af0fbc308b,P,16,16,8da29d3843,1,synthetic:text-v0,ok,moderate|clip_text_slow_v0|moderate|rep1|seed20240909,13.718
moderate,,nan,clip_text_slow_v0,15434346e02fdae15f0c74369bff16e48f518e033b94b816f00eb791d7426f31,07b257405f757223,,dc9f315e157072d2,P,16,16,8da29d3843,2,synthetic:text-v0,ok,moderate|clip_text_slow_v0|moderate|rep2|seed20240909,13.4924
mild,,nan,clip_text_fast_v11,ab8b2d8a49eee624572968a7f955101a0d3cc97dfa85d42cb3675bb683ce7505,07b257405f757223,,d4357e7bbcd6b2c4,B0a-R,16,16,fb2e41a2d7,1,synthetic:text-v11,ok,mild|clip_text_fast_v11|mild|rep1|seed20240909,1.5037
mild,,nan,clip_text_fast_v11,ab8b2d8a49eee624572968a7f955101a0d3cc97dfa85d42cb3675bb683ce7505,07b257405f757223,,eae5a9dd25bba283,B0a-R,16,16,fb2e41a2d7,2,synthetic:text-v11,ok,mild|clip_text_fast_v11|mild|rep2|seed20240909,1.4913
mild,,nan,clip_text_fast_v11,ab8b2d8a49eee624572968a7f955101a0d3cc97dfa85d42cb3675bb683ce7505,07b257405f757223,,528ab48ba5f3386a,B0a-R,16,16,fb2e41a2d7,3,synthetic:text-v11,ok,mild|clip_text_fast_v11|mild|rep3|seed20240909,1.5365
moderate,,nan,clip_text_slow_v0,15434346e02fdae15f0c74369bff16e48f518e033b94b816f00eb791d7426f31,07b257405f757223,,5e61d4fb0d45dafc,P,16,16,8da29d3843,4,synthetic:text-v0,ok,moderate|clip_text_slow_v0|moderate|rep4|seed20240909,13.6526
mild,,nan,clip_text_fast_v11,ab8b2d8a49eee624572968a7f955101a0d3cc97dfa85d42cb3675bb683ce7505,07b257405f757223,,60ee970aeb524218,B0a-R,16,16,fb2e41a2d7,4,synthetic:text-v11,ok,mild|clip_text_fast_v11|mild|rep4|seed20240909,1.5706
bursty,,nan,clip_text_slow_v0,15434346e02fdae15f0c74369bff16e48f518e033b94b816f00eb791d7426f31,07b257405f757223,,d80732a2fc11808a,P,16,16,8da29d3843,0,synthetic:text-v0,ok,bursty|clip_text_slow_v0|bursty|rep0|seed20240909,13.5876
moderate,,nan,clip_text_fast_v11,ab8b2d8a49eee624572968a7f955101a0d3cc97dfa85d42cb3675bb683ce7505,07b257405f757223,,2a0dcd8bbe24ce66,B0a-R,16,16,fb2e41a2d7,1,synthetic:text-v11,ok,moderate|clip_text_fast_v11|moderate|rep1|seed20240909,1.7246
moderate,,nan,clip_text_fast_v11,ab8b2d8a49eee624572968a7f955101a0d3cc97dfa85d42cb3675bb683ce7505,07b257405f757223,,e7b53e89dfb60e78,B0a-R,16,16,fb2e41a2d7,0,synthetic:text-v11,ok,moderate|clip_text_fast_v11|moderate|rep0|seed20240909,1.7561
moderate,,nan,clip_text_fast_v11,ab8b2d8a49eee624572968a7f955101a0d3cc97dfa85d42cb3675bb683ce7505,07b257405f757223,,f271dfe5d3c4a8d7,B0a-R,16,16,fb2e41a2d7,3,synthetic:text-v11,ok,moderate|clip_text_fast_v11|moderate|rep3|seed20240909,1.6296
moderate,,nan,clip_text_fast_v11,ab8b2d8a49eee624572968a7f955101a0d3cc97dfa85d42cb3675bb683ce7505,07b257405f757223,,9b75c6c0d2cc917d,B0a-R,16,16,fb2e41a2d7,2,synthetic:text-v11,ok,moderate|clip_text_fast_v11|moderate|rep2|seed20240909,1.7667
bursty,,nan,clip_text_fast_v11,ab8b2d8a49eee624572968a7f955101a0d3cc97dfa85d42cb3675bb683ce7505,07b257405f757223,,832f07e922c6789c,B0a-R,16,16,fb2e41a2d7,0,synthetic:text-v11,ok,bursty|clip_text_fast_v11|bursty|rep0|seed20240909,1.6004
bursty,,nan,clip_text_slow_v0,15434346e02fdae15f0c74369bff16e48f518e033b94b816f00eb791d7426f31,07b257405f757223,,cad2ae275ead1095,P,16,16,8da29d3843,1,synthetic:text-v0,ok,bursty|clip_text_slow_v0|bursty|rep1|seed20240909,13.3771
moderate,,nan,clip_text_fast_v11,ab8b2d8a49eee624572968a7f955101a0d3cc97dfa85d42cb3675bb683ce7505,07b257405f757223,,e9e370947beb44e6,B0a-R,16,16,fb2e41a2d7,4,synthetic:text-v11,ok,moderate|clip_text_fast_v11|moderate|rep4|seed20240909,1.7267
bursty,,nan,clip_text_fast_v11,ab8b2d8a49eee624572968a7f955101a0d3cc97dfa85d42cb3675bb683ce7505,07b257405f757223,,838a08621041e63a,B0a-R,16,16,fb2e41a2d7,1,synthetic:text-v11,ok,bursty|clip_text_fast_v11|bursty|rep1|seed20240909,1.6983
bursty,,nan,clip_text_fast_v11,ab8b2d8a49eee624572968a7f955101a0d3cc97dfa85d42cb3675bb683ce7505,07b257405f757223,,fd0ee3b5eb3e55e5,B0a-R,16,16,fb2e41a2d7,3,synthetic:text-v11,ok,bursty|clip_text_fast_v11|bursty|rep3|seed20240909,1.5823
bursty,,nan,clip_text_fast_v11,ab8b2d8a49eee624572968a7f955101a0d3cc97dfa85d42cb3675bb683ce7505,07b257405f757223,,f224c06cd53b3671,B0a-R,16,16,fb2e41a2d7,2,synthetic:text-v11,ok,bursty|clip_text_fast_v11|bursty|rep2|seed20240909,1.6894
bursty,,nan,clip_text_fast_v11,ab8b2d8a49eee624572968a7f955101a0d3cc97dfa85d42cb3675bb683ce7505,07b257405f757223,,128cec451d600874,B0a-R,16,16,fb2e41a2d7,4,synthetic:text-v11,ok,bursty|clip_text_fast_v11|bursty|rep4|seed20240909,1.718
harsh,,nan,clip_text_fast_v11,ab8b2d8a49eee624572968a7f955101a0d3cc97dfa85d42cb3675bb683ce7505,07b257405f757223,,66c60aa8b8984816,B0a-R,16,16,fb2e41a2d7,0,synthetic:text-v11,ok,harsh|clip_text_fast_v11|harsh|rep0|seed20240909,1.7078
harsh,,nan,clip_text_fast_v11,ab8b2d8a49eee624572968a7f955101a0d3cc97dfa85d42cb3675bb683ce7505,07b257405f757223,,8d92c7925f107b07,B0a-R,16,16,fb2e41a2d7,1,synthetic:text-v11,ok,harsh|clip_text_fast_v11|harsh|rep1|seed20240909,1.6893
harsh,,nan,clip_text_fast_v11,ab8b2d8a49eee624572968a7f955101a0d3cc97dfa85d42cb3675bb683ce7505,07b257405f757223,,135cd3c70d19dbee,B0a-R,16,16,fb2e41a2d7,3,synthetic:text-v11,ok,harsh|clip_text_fast_v11|harsh|rep3|seed20240909,1.6605
harsh,,nan,clip_text_fast_v11,ab8b2d8a49eee624572968a7f955101a0d3cc97dfa85d42cb3675bb683ce7505,07b257405f757223,,df3df9e90004edc1,B0a-R,16,16,fb2e41a2d7,2,synthetic:text-v11,ok,harsh|clip_text_fast_v11|harsh|rep2|seed20240909,1.691
harsh,,nan,clip_text_fast_v11,ab8b2d8a49eee624572968a7f955101a0d3cc97dfa85d42cb3675bb683ce7505,07b257405f757223,,7c22e21d99a76995,B0a-R,16,16,fb2e41a2d7,4,synthetic:text-v11,ok,harsh|clip_text_fast_v11|harsh|rep4|seed20240909,1.5625
bursty,,nan,clip_text_slow_v0,15434346e02fdae15f0c74369bff16e48f518e033b94b816f00eb791d7426f31,07b257405f757223,,b097adfddbedfa8b,P,16,16,8da29d3843,2,synthetic:text-v0,ok,bursty|clip_text_slow_v0|bursty|rep2|seed20240909,13.4356
bursty,,nan,clip_text_slow_v0,15434346e02fdae15f0c74369bff16e48f518e033b94b816f00eb791d7426f31,07b257405f757223,,7553efcfd8a4b432,P,16,16,8da29d3843,3,synthetic:text-v0,ok,bursty|clip_text_slow_v0|bursty|rep3|seed20240909,13.8018
bursty,,nan,clip_text_slow_v0,15434346e02fdae15f0c74369bff16e48f518e033b94b816f00eb791d7426f31,07b257405f757223,,d6fe546a2559be91,P,16,16,8da29d3843,4,synthetic:text-v0,ok,bursty|clip_text_slow_v0|bursty|rep4|seed20240909,13.6142
clean,,nan,clip_text_fast_v11,ab8b2d8a49eee624572968a7f955101a0d3cc97dfa85d42cb3675bb683ce7505,07b257405f757223,,4cbbe9626f80ce67,B0d,16,16,fb2e41a2d7,0,synthetic:text-v11,ok,clean|clip_text_fast_v11|clean|rep0|seed20240909,5.5283
clean,,nan,clip_text_fast_v11,ab8b2d8a49eee624572968a7f955101a0d3cc97dfa85d42cb3675bb683ce7505,07b257405f757223,,056bb7a38c42d0b2,B0d,16,16,fb2e41a2d7,1,synthetic:text-v11,ok,clean|clip_text_fast_v11|clean|rep1|seed20240909,5.4325
clean,,nan,clip_text_fast_v11,ab8b2d8a49eee624572968a7f955101a0d3cc97dfa85d42cb3675bb683ce7505,07b257405f757223,,3d8496f28de3f47e,B0d,16,16,fb2e41a2d7,3,synthetic:text-v11,ok,clean|clip_text_fast_v11|clean|rep3|seed20240909,5.4316
clean,,nan,clip_text_fast_v11,ab8b2d8a49eee624572968a7f955101a0d3cc97dfa85d42cb3675bb683ce7505,07b257405f757223,,918056e43cd9f0ca,B0d,16,16,fb2e41a2d7,2,synthetic:text-v11,ok,clean|clip_text_fast_v11|clean|rep2|seed20240909,5.5475
clean,,nan,clip_text_fast_v11,ab8b2d8a49eee624572968a7f955101a0d3cc97dfa85d42cb3675bb683ce7505,07b257405f757223,,aa8a76d8256e2bc6,B0d,16,16,fb2e41a2d7,4,synthetic:text-v11,ok,clean|clip_text_fast_v11|clean|rep4|seed20240909,5.3645
mild,,nan,clip_text_fast_v11,ab8b2d8a49eee624572968a7f955101a0d3cc97dfa85d42cb3675bb683ce7505,07b257405f757223,,cf9b27ed702267fc,B0d,16,16,fb2e41a2d7,0,synthetic:text-v11,ok,mild|clip_text_fast_v11|mild|rep0|seed20240909,5.8014
mild,,nan,clip_text_fast_v11,ab8b2d8a49eee624572968a7f955101a0d3cc97dfa85d42cb3675bb683ce7505,07b257405f757223,,75f43b225e029035,B0d,16,16,fb2e41a2d7,1,synthetic:text-v11,ok,mild|clip_text_fast_v11|mild|rep1|seed20240909,5.9106
mild,,nan,clip_text_fast_v11,ab8b2d8a49eee624572968a7f955101a0d3cc97dfa85d42cb3675bb683ce7505,07b257405f757223,,7c11e7e33217de20,B0d,16,16,fb2e41a2d7,2,synthetic:text-v11,ok,mild|clip_text_fast_v11|mild|rep2|seed20240909,5.8372
mild,,nan,clip_text_fast_v11,ab8b2d8a49eee624572968a7f955101a0d3cc97dfa85d42cb3675bb683ce7505,07b257405f757223,,c6f75c4774b96da6,B0d,16,16,fb2e41a2d7,3,synthetic:text-v11,ok,mild|clip_text_fast_v11|mild|rep3|seed20240909,5.7651
mild,,nan,clip_text_fast_v11,ab8b2d8a49eee624572968a7f955101a0d3cc97dfa85d42cb3675bb683ce7505,07b257405f757223,,5cdfb19858a74703,B0d,16,16,fb2e41a2d7,4,synthetic:text-v11,ok,mild|clip_text_fast_v11|mild|rep4|seed20240909,5.7549
clean,,nan,clip_text_fast_v11,ab8b2d8a49eee624572968a7f955101a0d3cc97dfa85d42cb3675bb683ce7505,07b257405f757223,,30acd9c1c3297fd0,B1,16,16,fb2e41a2d7,0,synthetic:text-v11,ok,clean|clip_text_fast_v11|clean|rep0|seed20240909,0.3899
clean,,nan,clip_text_fast_v11,ab8b2d8a49eee624572968a7f955101a0d3cc97dfa85d42cb3675bb683ce7505,07b257405f757223,,1fd6d4b1195a531a,B1,16,16,fb2e41a2d7,1,synthetic:text-v11,ok,clean|clip_text_fast_v11|clean|rep1|seed20240909,0.3682
clean,,nan,clip_text_fast_v11,ab8b2d8a49eee624572968a7f955101a0d3cc97dfa85d42cb3675bb683ce7505,07b257405f757223,,53cd036a567b8527,B1,16,16,fb2e41a2d7,2,synthetic:text-v11,ok,clean|clip_text_fast_v11|clean|rep2|seed20240909,0.3514
clean,,nan,clip_text_fast_v11,ab8b2d8a49eee624572968a7f955101a0d3cc97dfa85d42cb3675bb683ce7505,07b257405f757223,,0de619bde90ae40e,B1,16,16,fb2e41a2d7,3,synthetic:text-v11,ok,clean|clip_text_fast_v11|clean|rep3|seed20240909,0.4437
clean,,nan,clip_text_fast_v11,ab8b2d8a49eee624572968a7f955101a0d3cc97dfa85d42cb3675bb683ce7505,07b257405f757223,,2725d34065798542,B1,16,16,fb2e41a2d7,4,synthetic:text-v11,ok,clean|clip_text_fast_v11|clean|rep4|seed20240909,0.4005
mild,,nan,clip_text_fast_v11,ab8b2d8a49eee624572968a7f955101a0d3cc97dfa85d42cb3675bb683ce7505,07b257405f757223,,49bc799a8b445b3e,B1,16,16,fb2e41a2d7,0,synthetic:text-v11,ok,mild|clip_text_fast_v11|mild|rep0|seed20240909,0.5125
harsh,,nan,clip_text_fast_v11,ab8b2d8a49eee624572968a7f955101a0d3cc97dfa85d42cb3675bb683ce7505,07b257405f757223,,e502cf31b06ccaf8,B0d,16,16,fb2e41a2d7,0,synthetic:text-v11,ok,harsh|clip_text_fast_v11|harsh|rep0|seed20240909,3.6981
mild,,nan,clip_text_fast_v11,ab8b2d8a49eee624572968a7f955101a0d3cc97dfa85d42cb3675bb683ce7505,07b257405f757223,,f1f12bd2f2927225,B1,16,16,fb2e41a2d7,1,synthetic:text-v11,ok,mild|clip_text_fast_v11|mild|rep1|seed20240909,0.5451
harsh,,nan,clip_text_fast_v11,ab8b2d8a49eee624572968a7f955101a0d3cc97dfa85d42cb3675bb683ce7505,07b257405f757223,,0950c65caa35c586,B0d,16,16,fb2e41a2d7,1,synthetic:text-v11,ok,harsh|clip_text_fast_v11|harsh|rep1|seed20240909,3.6187
mild,,nan,clip_text_fast_v11,ab8b2d8a49eee624572968a7f955101a0d3cc97dfa85d42cb3675bb683ce7505,07b257405f757223,,840f3e7871d27cbe,B1,16,16,fb2e41a2d7,2,synthetic:text-v11,ok,mild|clip_text_fast_v11|mild|rep2|seed20240909,0.6126
mild,,nan,clip_text_fast_v11,ab8b2d8a49eee624572968a7f955101a0d3cc97dfa85d42cb3675bb683ce7505,07b257405f757223,,86e4dc2bbb06b009,B1,16,16,fb2e41a2d7,3,synthetic:text-v11,ok,mild|clip_text_fast_v11|mild|rep3|seed20240909,0.5326
harsh,,nan,clip_text_fast_v11,ab8b2d8a49eee624572968a7f955101a0d3cc97dfa85d42cb3675bb683ce7505,07b257405f757223,,f21609fdc6306dfb,B0d,16,16,fb2e41a2d7,3,synthetic:text-v11,ok,harsh|clip_text_fast_v11|harsh|rep3|seed20240909,3.7381
harsh,,nan,clip_text_fast_v11,ab8b2d8a49eee624572968a7f955101a0d3cc97dfa85d42cb3675bb683ce7505,07b257405f757223,,e9cddfe1c640de15,B0d,16,16,fb2e41a2d7,4,synthetic:text-v11,ok,harsh|clip_text_fast_v11|harsh|rep4|seed20240909,3.768
harsh,,nan,clip_text_fast_v11,ab8b2d8a49eee624572968a7f955101a0d3cc97dfa85d42cb3675bb683ce7505,07b257405f757223,,fb329109b02bf617,B0d,16,16,fb2e41a2d7,2,synthetic:text-v11,ok,harsh|clip_text_fast_v11|harsh|rep2|seed20240909,3.8808
mild,,nan,clip_text_fast_v11,ab8b2d8a49eee624572968a7f955101a0d3cc97dfa85d42cb3675bb683ce7505,07b257405f757223,,34c9571fd431b52d,B1,16,16,fb2e41a2d7,4,synthetic:text-v11,ok,mild|clip_text_fast_v11|mild|rep4|seed20240909,0.5344
moderate,,nan,clip_text_fast_v11,ab8b2d8a49eee624572968a7f955101a0d3cc97dfa85d42cb3675bb683ce7505,07b257405f757223,,dde1e91b6f2613b9,B0d,16,16,fb2e41a2d7,0,synthetic:text-v11,ok,moderate|clip_text_fast_v11|moderate|rep0|seed20240909,9.5679
moderate,,nan,clip_text_fast_v11,ab8b2d8a49eee624572968a7f955101a0d3cc97dfa85d42cb3675bb683ce7505,07b257405f757223,,22f001e5bad89c9d,B0d,16,16,fb2e41a2d7,1,synthetic:text-v11,ok,moderate|clip_text_fast_v11|moderate|rep1|seed20240909,9.5751
moderate,,nan,clip_text_fast_v11,ab8b2d8a49eee624572968a7f955101a0d3cc97dfa85d42cb3675bb683ce7505,07b257405f757223,,9ebc78afeea1232f,B0d,16,16,fb2e41a2d7,3,synthetic:text-v11,ok,moderate|clip_text_fast_v11|moderate|rep3|seed20240909,9.1475
moderate,,nan,clip_text_fast_v11,ab8b2d8a49eee624572968a7f955101a0d3cc97dfa85d42cb3675bb683ce7505,07b257405f757223,,8623475485702da0,B1,16,16,fb2e41a2d7,1,synthetic:text-v11,ok,moderate|clip_text_fast_v11|moderate|rep1|seed20240909,0.5489
moderate,,nan,clip_text_fast_v11,ab8b2d8a49eee624572968a7f955101a0d3cc97dfa85d42cb3675bb683ce7505,07b257405f757223,,02d1a3edbfa857bc,B1,16,16,fb2e41a2d7,0,synthetic:text-v11,ok,moderate|clip_text_fast_v11|moderate|rep0|seed20240909,0.6029
moderate,,nan,clip_text_fast_v11,ab8b2d8a49eee624572968a7f955101a0d3cc97dfa85d42cb3675bb683ce7505,07b257405f757223,,d9d3c509c287667b,B1,16,16,fb2e41a2d7,2,synthetic:text-v11,ok,moderate|clip_text_fast_v11|moderate|rep2|seed20240909,0.582
moderate,,nan,clip_text_fast_v11,ab8b2d8a49eee624572968a7f955101a0d3cc97dfa85d42cb3675bb683ce7505,07b257405f757223,,5b5abb9ef8e553fa,B0d,16,16,fb2e41a2d7,2,synthetic:text-v11,ok,moderate|clip_text_fast_v11|moderate|rep2|seed20240909,9.3858
moderate,,nan,clip_text_fast_v11,ab8b2d8a49eee624572968a7f955101a0d3cc97dfa85d42cb3675bb683ce7505,07b257405f757223,,29b59c04934161b4,B1,16,16,fb2e41a2d7,3,synthetic:text-v11,ok,moderate|clip_text_fast_v11|moderate|rep3|seed20240909,0.6149
moderate,,nan,clip_text_fast_v11,ab8b2d8a49eee624572968a7f955101a0d3cc97dfa85d42cb3675bb683ce7505,07b257405f757223,,a85b7d8cc0b5d1f4,B1,16,16,fb2e41a2d7,4,synthetic:text-v11,ok,moderate|clip_text_fast_v11|moderate|rep4|seed20240909,0.653
bursty,,nan,clip_text_fast_v11,ab8b2d8a49eee624572968a7f955101a0d3cc97dfa85d42cb3675bb683ce7505,07b257405f757223,,9fd698f03027191f,B1,16,16,fb2e41a2d7,0,synthetic:text-v11,ok,bursty|clip_text_fast_v11|bursty|rep0|seed20240909,0.5658
bursty,,nan,clip_text_fast_v11,ab8b2d8a49eee624572968a7f955101a0d3cc97dfa85d42cb3675bb683ce7505,07b257405f757223,,df77f35d798abf9b,B1,16,16,fb2e41a2d7,1,synthetic:text-v11,ok,bursty|clip_text_fast_v11|bursty|rep1|seed20240909,0.5968
bursty,,nan,clip_text_fast_v11,ab8b2d8a49eee624572968a7f955101a0d3cc97dfa85d42cb3675bb683ce7505,07b257405f757223,,18b5b2e395765865,B1,16,16,fb2e41a2d7,2,synthetic:text-v11,ok,bursty|clip_text_fast_v11|bursty|rep2|seed20240909,0.6019
bursty,,nan,clip_text_fast_v11,ab8b2d8a49eee624572968a7f955101a0d3cc97dfa85d42cb3675bb683ce7505,07b257405f757223,,b0d591e3d01a11dc,B1,16,16,fb2e41a2d7,3,synthetic:text-v11,ok,bursty|clip_text_fast_v11|bursty|rep3|seed20240909,0.6112
harsh,,nan,clip_text_fast_v11,ab8b2d8a49eee624572968a7f955101a0d3cc97dfa85d42cb3675bb683ce7505,07b257405f757223,,2930f30e7d38d312,B1,16,16,fb2e41a2d7,0,synthetic:text-v11,ok,harsh|clip_text_fast_v11|harsh|rep0|seed20240909,0.5839
bursty,,nan,clip_text_fast_v11,ab8b2d8a49eee624572968a7f955101a0d3cc97dfa85d42cb3675bb683ce7505,07b257405f757223,,3c426d3697282ccd,B1,16,16,fb2e41a2d7,4,synthetic:text-v11,ok,bursty|clip_text_fast_v11|bursty|rep4|seed20240909,0.6447
harsh,,nan,clip_text_fast_v11,ab8b2d8a49eee624572968a7f955101a0d3cc97dfa85d42cb3675bb683ce7505,07b257405f757223,,d5ced53ff653a633,B1,16,16,fb2e41a2d7,1,synthetic:text-v11,ok,harsh|clip_text_fast_v11|harsh|rep1|seed20240909,0.5882
harsh,,nan,clip_text_fast_v11,ab8b2d8a49eee624572968a7f955101a0d3cc97dfa85d42cb3675bb683ce7505,07b257405f757223,,1ac7684cfa12f9b7,B1,16,16,fb2e41a2d7,2,synthetic:text-v11,ok,harsh|clip_text_fast_v11|harsh|rep2|seed20240909,0.6054
clean,,nan,clip_text_fast_v11,ab8b2d8a49eee624572968a7f955101a0d3cc97dfa85d42cb3675bb683ce7505,07b257405f757223,,b0d6076cfd86dfd9,B2,16,16,fb2e41a2d7,0,synthetic:text-v11,ok,clean|clip_text_fast_v11|clean|rep0|seed20240909,0.4786
harsh,,nan,clip_text_fast_v11,ab8b2d8a49eee624572968a7f955101a0d3cc97dfa85d42cb3675bb683ce7505,07b257405f757223,,9a41bafa900d7288,B1,16,16,fb2e41a2d7,3,synthetic:text-v11,ok,harsh|clip_text_fast_v11|harsh|rep3|seed20240909,0.6337
clean,,nan,clip_text_fast_v11,ab8b2d8a49eee624572968a7f955101a0d3cc97dfa85d42cb3675bb683ce7505,07b257405f757223,,c2347c145b7d754b,B2,16,16,fb2e41a2d7,1,synthetic:text-v11,ok,clean|clip_text_fast_v11|clean|rep1|seed20240909,0.4149
harsh,,nan,clip_text_fast_v11,ab8b2d8a49eee624572968a7f955101a0d3cc97dfa85d42cb3675bb683ce7505,07b257405f757223,,201c067f86c94ee1,B1,16,16,fb2e41a2d7,4,synthetic:text-v11,ok,harsh|clip_text_fast_v11|harsh|rep4|seed20240909,0.6698
clean,,nan,clip_text_fast_v11,ab8b2d8a49eee624572968a7f955101a0d3cc97dfa85d42cb3675bb683ce7505,07b257405f757223,,c91e61bdf962f3a7,B2,16,16,fb2e41a2d7,2,synthetic:text-v11,ok,clean|clip_text_fast_v11|clean|rep2|seed20240909,0.4694
moderate,,nan,clip_text_fast_v11,ab8b2d8a49eee624572968a7f955101a0d3cc97dfa85d42cb3675bb683ce7505,07b257405f757223,,839899d4c5ad3e4c,B0d,16,16,fb2e41a2d7,4,synthetic:text-v11,ok,moderate|clip_text_fast_v11|moderate|rep4|seed20240909,9.0114
clean,,nan,clip_text_fast_v11,ab8b2d8a49eee624572968a7f955101a0d3cc97dfa85d42cb3675bb683ce7505,07b257405f757223,,04951206532d1603,B2,16,16,fb2e41a2d7,4,synthetic:text-v11,ok,clean|clip_text_fast_v11|clean|rep4|seed20240909,0.4503
clean,,nan,clip_text_fast_v11,ab8b2d8a49eee624572968a7f955101a0d3cc97dfa85d42cb3675bb683ce7505,07b257405f757223,,8571b515e7e08944,B2,16,16,fb2e41a2d7,3,synthetic:text-v11,ok,clean|clip_text_fast_v11|clean|rep3|seed20240909,0.5352
mild,,nan,clip_text_fast_v11,ab8b2d8a49eee624572968a7f955101a0d3cc97dfa85d42cb3675bb683ce7505,07b257405f757223,,34ad6e5d8377c692,B2,16,16,fb2e41a2d7,0,synthetic:text-v11,ok,mild|clip_text_fast_v11|mild|rep0|seed20240909,0.5552
mild,,nan,clip_text_fast_v11,ab8b2d8a49eee624572968a7f955101a0d3cc97dfa85d42cb3675bb683ce7505,07b257405f757223,,08d87204ebdaa871,B2,16,16,fb2e41a2d7,1,synthetic:text-v11,ok,mild|clip_text_fast_v11|mild|rep1|seed20240909,0.5949
mild,,nan,clip_text_fast_v11,ab8b2d8a49eee624572968a7f955101a0d3cc97dfa85d42cb3675bb683ce7505,07b257405f757223,,5cb0228428fc0134,B2,16,16,fb2e41a2d7,3,synthetic:text-v11,ok,mild|clip_text_fast_v11|mild|rep3|seed20240909,0.5463
mild,,nan,clip_text_fast_v11,ab8b2d8a49eee624572968a7f955101a0d3cc97dfa85d42cb3675bb683ce7505,07b257405f757223,,5643eb28c81a707b,B2,16,16,fb2e41a2d7,2,synthetic:text-v11,ok,mild|clip_text_fast_v11|mild|rep2|seed20240909,0.6457
mild,,nan,clip_text_fast_v11,ab8b2d8a49eee624572968a7f955101a0d3cc97dfa85d42cb3675bb683ce7505,07b257405f757223,,24877b6c9bc48747,B2,16,16,fb2e41a2d7,4,synthetic:text-v11,ok,mild|clip_text_fast_v11|mild|rep4|seed20240909,0.6206
moderate,,nan,clip_text_fast_v11,ab8b2d8a49eee624572968a7f955101a0d3cc97dfa85d42cb3675bb683ce7505,07b257405f757223,,bd668d6ae5677583,B2,16,16,fb2e41a2d7,0,synthetic:text-v11,ok,moderate|clip_text_fast_v11|moderate|rep0|seed20240909,0.6415
moderate,,nan,clip_text_fast_v11,ab8b2d8a49eee624572968a7f955101a0d3cc97dfa85d42cb3675bb683ce7505,07b257405f757223,,56b985dc4a59dd65,B2,16,16,fb2e41a2d7,1,synthetic:text-v11,ok,moderate|clip_text_fast_v11|moderate|rep1|seed20240909,0.6492
moderate,,nan,clip_text_fast_v11,ab8b2d8a49eee624572968a7f955101a0d3cc97dfa85d42cb3675bb683ce7505,07b257405f757223,,32b05b4afc9359e9,B2,16,16,fb2e41a2d7,2,synthetic:text-v11,ok,moderate|clip_text_fast_v11|moderate|rep2|seed20240909,0.6504
moderate,,nan,clip_text_fast_v11,ab8b2d8a49eee624572968a7f955101a0d3cc97dfa85d42cb3675bb683ce7505,07b257405f757223,,a4f3f6694c6fb8e5,B2,16,16,fb2e41a2d7,3,synthetic:text-v11,ok,moderate|clip_text_fast_v11|moderate|rep3|seed20240909,0.6474
moderate,,nan,clip_text_fast_v11,ab8b2d8a49eee624572968a7f955101a0d3cc97dfa85d42cb3675bb683ce7505,07b257405f757223,,9a907e5b34e680b0,B2,16,16,fb2e41a2d7,4,synthetic:text-v11,ok,moderate|clip_text_fast_v11|moderate|rep4|seed20240909,0.6245
bursty,,nan,clip_text_fast_v11,ab8b2d8a49eee624572968a7f955101a0d3cc97dfa85d42cb3675bb683ce7505,07b257405f757223,,9ffb2efed69feaed,B2,16,16,fb2e41a2d7,0,synthetic:text-v11,ok,bursty|clip_text_fast_v11|bursty|rep0|seed20240909,0.6564
bursty,,nan,clip_text_fast_v11,ab8b2d8a49eee624572968a7f955101a0d3cc97dfa85d42cb3675bb683ce7505,07b257405f757223,,a8ca13b224ff9bac,B2,16,16,fb2e41a2d7,1,synthetic:text-v11,ok,bursty|clip_text_fast_v11|bursty|rep1|seed20240909,0.5809
bursty,,nan,clip_text_fast_v11,ab8b2d8a49eee624572968a7f955101a0d3cc97dfa85d42cb3675bb683ce7505,07b257405f757223,,173ce94ab5b1d860,B2,16,16,fb2e41a2d7,3,synthetic:text-v11,ok,bursty|clip_text_fast_v11|bursty|rep3|seed20240909,0.5493
bursty,,nan,clip_text_fast_v11,ab8b2d8a49eee624572968a7f955101a0d3cc97dfa85d42cb3675bb683ce7505,07b257405f757223,,c025894bd9771621,B2,16,16,fb2e41a2d7,2,synthetic:text-v11,ok,bursty|clip_text_fast_v11|bursty|rep2|seed20240909,0.6282
bursty,,nan,clip_text_fast_v11,ab8b2d8a49eee624572968a7f955101a0d3cc97dfa85d42cb3675bb683ce7505,07b257405f757223,,0994361ddd3d6c38,B2,16,16,fb2e41a2d7,4,synthetic:text-v11,ok,bursty|clip_text_fast_v11|bursty|rep4|seed20240909,0.6052
bursty,,nan,clip_text_fast_v11,ab8b2d8a49eee624572968a7f955101a0d3cc97dfa85d42cb3675bb683ce7505,07b257405f757223,,119a23421715fe35,B0d,16,16,fb2e41a2d7,0,synthetic:text-v11,ok,bursty|clip_text_fast_v11|bursty|rep0|seed20240909,9.9657
harsh,,nan,clip_text_fast_v11,ab8b2d8a49eee624572968a7f955101a0d3cc97dfa85d42cb3675bb683ce7505,07b257405f757223,,9f99d653e08e1c7a,B2,16,16,fb2e41a2d7,0,synthetic:text-v11,ok,harsh|clip_text_fast_v11|harsh|rep0|seed20240909,0.6136
harsh,,nan,clip_text_fast_v11,ab8b2d8a49eee624572968a7f955101a0d3cc97dfa85d42cb3675bb683ce7505,07b257405f757223,,046741192687d060,B2,16,16,fb2e41a2d7,1,synthetic:text-v11,ok,harsh|clip_text_fast_v11|harsh|rep1|seed20240909,0.5683
harsh,,nan,clip_text_fast_v11,ab8b2d8a49eee624572968a7f955101a0d3cc97dfa85d42cb3675bb683ce7505,07b257405f757223,,6e6c27d8a128481d,B2,16,16,fb2e41a2d7,2,synthetic:text-v11,ok,harsh|clip_text_fast_v11|harsh|rep2|seed20240909,0.57
harsh,,nan,clip_text_fast_v11,ab8b2d8a49eee624572968a7f955101a0d3cc97dfa85d42cb3675bb683ce7505,07b257405f757223,,47e71fe7370bd6cb,B2,16,16,fb2e41a2d7,3,synthetic:text-v11,ok,harsh|clip_text_fast_v11|harsh|rep3|seed20240909,0.5601
harsh,,nan,clip_text_fast_v11,ab8b2d8a49eee624572968a7f955101a0d3cc97dfa85d42cb3675bb683ce7505,07b257405f757223,,e157f6d82e622834,B2,16,16,fb2e41a2d7,4,synthetic:text-v11,ok,harsh|clip_text_fast_v11|harsh|rep4|seed20240909,0.5823
bursty,,nan,clip_text_fast_v11,ab8b2d8a49eee624572968a7f955101a0d3cc97dfa85d42cb3675bb683ce7505,07b257405f757223,,c0af684897f9882c,B0d,16,16,fb2e41a2d7,2,synthetic:text-v11,ok,bursty|clip_text_fast_v11|bursty|rep2|seed20240909,8.5247
bursty,,nan,clip_text_fast_v11,ab8b2d8a49eee624572968a7f955101a0d3cc97dfa85d42cb3675bb683ce7505,07b257405f757223,,f90220b2dfc87235,B0d,16,16,fb2e41a2d7,1,synthetic:text-v11,ok,bursty|clip_text_fast_v11|bursty|rep1|seed20240909,9.5912
bursty,,nan,clip_text_fast_v11,ab8b2d8a49eee624572968a7f955101a0d3cc97dfa85d42cb3675bb683ce7505,07b257405f757223,,be66d5ae6e6091e8,B0d,16,16,fb2e41a2d7,3,synthetic:text-v11,ok,bursty|clip_text_fast_v11|bursty|rep3|seed20240909,9.9702
bursty,,nan,clip_text_fast_v11,ab8b2d8a49eee624572968a7f955101a0d3cc97dfa85d42cb3675bb683ce7505,07b257405f757223,,31445a5f5c7ee98f,B0d,16,16,fb2e41a2d7,4,synthetic:text-v11,ok,bursty|clip_text_fast_v11|bursty|rep4|seed20240909,10.2815
clean,,nan,clip_text_fast_v11,ab8b2d8a49eee624572968a7f955101a0d3cc97dfa85d42cb3675bb683ce7505,07b257405f757223,,7f8927ba3f732d49,B3,16,16,fb2e41a2d7,0,synthetic:text-v11,ok,clean|clip_text_fast_v11|clean|rep0|seed20240909,4.3678
clean,,nan,clip_text_fast_v11,ab8b2d8a49eee624572968a7f955101a0d3cc97dfa85d42cb3675bb683ce7505,07b257405f757223,,1ec78efafe20af79,B3,16,16,fb2e41a2d7,1,synthetic:text-v11,ok,clean|clip_text_fast_v11|clean|rep1|seed20240909,4.471
clean,,nan,clip_text_fast_v11,ab8b2d8a49eee624572968a7f955101a0d3cc97dfa85d42cb3675bb683ce7505,07b257405f757223,,dd394bb68d617321,B3,16,16,fb2e41a2d7,2,synthetic:text-v11,ok,clean|clip_text_fast_v11|clean|rep2|seed20240909,4.4776
clean,,nan,clip_text_fast_v11,ab8b2d8a49eee624572968a7f955101a0d3cc97dfa85d42cb3675bb683ce7505,07b257405f757223,,565a4e07ddb22cb6,B3,16,16,fb2e41a2d7,4,synthetic:text-v11,ok,clean|clip_text_fast_v11|clean|rep4|seed20240909,4.3786
clean,,nan,clip_text_fast_v11,ab8b2d8a49eee624572968a7f955101a0d3cc97dfa85d42cb3675bb683ce7505,07b257405f757223,,e70c71a4952a286f,B3,16,16,fb2e41a2d7,3,synthetic:text-v11,ok,clean|clip_text_fast_v11|clean|rep3|seed20240909,4.4894
mild,,nan,clip_text_fast_v11,ab8b2d8a49eee624572968a7f955101a0d3cc97dfa85d42cb3675bb683ce7505,07b257405f757223,,9943d7e918b6c229,B3,16,16,fb2e41a2d7,0,synthetic:text-v11,ok,mild|clip_text_fast_v11|mild|rep0|seed20240909,4.5667
mild,,nan,clip_text_fast_v11,ab8b2d8a49eee624572968a7f955101a0d3cc97dfa85d42cb3675bb683ce7505,07b257405f757223,,2752ac06564dafab,B3,16,16,fb2e41a2d7,3,synthetic:text-v11,ok,mild|clip_text_fast_v11|mild|rep3|seed20240909,4.7649
mild,,nan,clip_text_fast_v11,ab8b2d8a49eee624572968a7f955101a0d3cc97dfa85d42cb3675bb683ce7505,07b257405f757223,,0a3bbbad1b4286fb,B3,16,16,fb2e41a2d7,1,synthetic:text-v11,ok,mild|clip_text_fast_v11|mild|rep1|seed20240909,4.7817
mild,,nan,clip_text_fast_v11,ab8b2d8a49eee624572968a7f955101a0d3cc97dfa85d42cb3675bb683ce7505,07b257405f757223,,add56675073523de,B3,16,16,fb2e41a2d7,4,synthetic:text-v11,ok,mild|clip_text_fast_v11|mild|rep4|seed20240909,4.7601
mild,,nan,clip_text_fast_v11,ab8b2d8a49eee624572968a7f955101a0d3cc97dfa85d42cb3675bb683ce7505,07b257405f757223,,dd27b001dcee3637,B3,16,16,fb2e41a2d7,2,synthetic:text-v11,ok,mild|clip_text_fast_v11|mild|rep2|seed20240909,4.8468
moderate,,nan,clip_text_fast_v11,ab8b2d8a49eee624572968a7f955101a0d3cc97dfa85d42cb3675bb683ce7505,07b257405f757223,,dea2455c7ea4fb9b,B3,16,16,fb2e41a2d7,1,synthetic:text-v11,ok,moderate|clip_text_fast_v11|moderate|rep1|seed20240909,6.2205
moderate,,nan,clip_text_fast_v11,ab8b2d8a49eee624572968a7f955101a0d3cc97dfa85d42cb3675bb683ce7505,07b257405f757223,,26901419fca2137a,B3,16,16,fb2e41a2d7,0,synthetic:text-v11,ok,moderate|clip_text_fast_v11|moderate|rep0|seed20240909,6.6838
moderate,,nan,clip_text_fast_v11,ab8b2d8a49eee624572968a7f955101a0d3cc97dfa85d42cb3675bb683ce7505,07b257405f757223,,589b52bf1b8d28db,B3,16,16,fb2e41a2d7,2,synthetic:text-v11,ok,moderate|clip_text_fast_v11|moderate|rep2|seed20240909,6.1661
harsh,,nan,clip_text_fast_v11,ab8b2d8a49eee624572968a7f955101a0d3cc97dfa85d42cb3675bb683ce7505,07b257405f757223,,8094b2ec2d2a4c47,B3,16,16,fb2e41a2d7,0,synthetic:text-v11,ok,harsh|clip_text_fast_v11|harsh|rep0|seed20240909,3.5763
harsh,,nan,clip_text_fast_v11,ab8b2d8a49eee624572968a7f955101a0d3cc97dfa85d42cb3675bb683ce7505,07b257405f757223,,e91b7f53094bd202,B3,16,16,fb2e41a2d7,1,synthetic:text-v11,ok,harsh|clip_text_fast_v11|harsh|rep1|seed20240909,3.4872
harsh,,nan,clip_text_fast_v11,ab8b2d8a49eee624572968a7f955101a0d3cc97dfa85d42cb3675bb683ce7505,07b257405f757223,,f0dc61d731230aa3,B3,16,16,fb2e41a2d7,4,synthetic:text-v11,ok,harsh|clip_text_fast_v11|harsh|rep4|seed20240909,3.389
harsh,,nan,clip_text_fast_v11,ab8b2d8a49eee624572968a7f955101a0d3cc97dfa85d42cb3675bb683ce7505,07b257405f757223,,a9d9464c8a43a13f,B3,16,16,fb2e41a2d7,3,synthetic:text-v11,ok,harsh|clip_text_fast_v11|harsh|rep3|seed20240909,3.5057
harsh,,nan,clip_text_fast_v11,ab8b2d8a49eee624572968a7f955101a0d3cc97dfa85d42cb3675bb683ce7505,07b257405f757223,,32f1fc7764d26c46,B3,16,16,fb2e41a2d7,2,synthetic:text-v11,ok,harsh|clip_text_fast_v11|harsh|rep2|seed20240909,3.5567
moderate,,nan,clip_text_fast_v11,ab8b2d8a49eee624572968a7f955101a0d3cc97dfa85d42cb3675bb683ce7505,07b257405f757223,,77f60d14b90ed02f,B3,16,16,fb2e41a2d7,4,synthetic:text-v11,ok,moderate|clip_text_fast_v11|moderate|rep4|seed20240909,5.9337
moderate,,nan,clip_text_fast_v11,ab8b2d8a49eee624572968a7f955101a0d3cc97dfa85d42cb3675bb683ce7505,07b257405f757223,,f0cf921c93448cb2,B3,16,16,fb2e41a2d7,3,synthetic:text-v11,ok,moderate|clip_text_fast_v11|moderate|rep3|seed20240909,6.4874
bursty,,nan,clip_text_fast_v11,ab8b2d8a49eee624572968a7f955101a0d3cc97dfa85d42cb3675bb683ce7505,07b257405f757223,,4dc5f94fc7ad1fed,B3,16,16,fb2e41a2d7,0,synthetic:text-v11,ok,bursty|clip_text_fast_v11|bursty|rep0|seed20240909,6.3166
bursty,,nan,clip_text_fast_v11,ab8b2d8a49eee624572968a7f955101a0d3cc97dfa85d42cb3675bb683ce7505,07b257405f757223,,6131aa058d873728,B3,16,16,fb2e41a2d7,2,synthetic:text-v11,ok,bursty|clip_text_fast_v11|bursty|rep2|seed20240909,6.1609
bursty,,nan,clip_text_fast_v11,ab8b2d8a49eee624572968a7f955101a0d3cc97dfa85d42cb3675bb683ce7505,07b257405f757223,,ec4c97b9fd366205,B3,16,16,fb2e41a2d7,1,synthetic:text-v11,ok,bursty|clip_text_fast_v11|bursty|rep1|seed20240909,6.5402
bursty,,nan,clip_text_fast_v11,ab8b2d8a49eee624572968a7f955101a0d3cc97dfa85d42cb3675bb683ce7505,07b257405f757223,,c9d6660546f875b8,B3,16,16,fb2e41a2d7,4,synthetic:text-v11,ok,bursty|clip_text_fast_v11|bursty|rep4|seed20240909,6.3158
bursty,,nan,clip_text_fast_v11,ab8b2d8a49eee624572968a7f955101a0d3cc97dfa85d42cb3675bb683ce7505,07b257405f757223,,0f206d6c56e08f1e,B3,16,16,fb2e41a2d7,3,synthetic:text-v11,ok,bursty|clip_text_fast_v11|bursty|rep3|seed20240909,6.4702
clean,,nan,clip_text_fast_v11,ab8b2d8a49eee624572968a7f955101a0d3cc97dfa85d42cb3675bb683ce7505,07b257405f757223,,538f41beba71cdc7,B4,16,16,fb2e41a2d7,0,synthetic:text-v11,ok,clean|clip_text_fast_v11|clean|rep0|seed20240909,6.3094
clean,,nan,clip_text_fast_v11,ab8b2d8a49eee624572968a7f955101a0d3cc97dfa85d42cb3675bb683ce7505,07b257405f757223,,cd75d81f25d1af07,B4,16,16,fb2e41a2d7,1,synthetic:text-v11,ok,clean|clip_text_fast_v11|clean|rep1|seed20240909,6.3474
clean,,nan,clip_text_fast_v11,ab8b2d8a49eee624572968a7f955101a0d3cc97dfa85d42cb3675bb683ce7505,07b257405f757223,,ebf67fb9ee41ceee,B4,16,16,fb2e41a2d7,2,synthetic:text-v11,ok,clean|clip_text_fast_v11|clean|rep2|seed20240909,6.2803
clean,,nan,clip_text_fast_v11,ab8b2d8a49eee624572968a7f955101a0d3cc97dfa85d42cb3675bb683ce7505,07b257405f757223,,5736049ee5ad8608,B4,16,16,fb2e41a2d7,3,synthetic:text-v11,ok,clean|clip_text_fast_v11|clean|rep3|seed20240909,6.4103
clean,,nan,clip_text_fast_v11,ab8b2d8a49eee624572968a7f955101a0d3cc97dfa85d42cb3675bb683ce7505,07b257405f757223,,4f29b56ff67b275b,B4,16,16,fb2e41a2d7,4,synthetic:text-v11,ok,clean|clip_text_fast_v11|clean|rep4|seed20240909,6.4837
mild,,nan,clip_text_fast_v11,ab8b2d8a49eee624572968a7f955101a0d3cc97dfa85d42cb3675bb683ce7505,07b257405f757223,,f784a6480ed342cc,B4,16,16,fb2e41a2d7,0,synthetic:text-v11,ok,mild|clip_text_fast_v11|mild|rep0|seed20240909,6.8042
mild,,nan,clip_text_fast_v11,ab8b2d8a49eee624572968a7f955101a0d3cc97dfa85d42cb3675bb683ce7505,07b257405f757223,,219966c506a53df9,B4,16,16,fb2e41a2d7,1,synthetic:text-v11,ok,mild|clip_text_fast_v11|mild|rep1|seed20240909,6.6835
mild,,nan,clip_text_fast_v11,ab8b2d8a49eee624572968a7f955101a0d3cc97dfa85d42cb3675bb683ce7505,07b257405f757223,,4782cd1b18157b97,B4,16,16,fb2e41a2d7,2,synthetic:text-v11,ok,mild|clip_text_fast_v11|mild|rep2|seed20240909,6.8951
mild,,nan,clip_text_fast_v11,ab8b2d8a49eee624572968a7f955101a0d3cc97dfa85d42cb3675bb683ce7505,07b257405f757223,,bd9360065148a556,B4,16,16,fb2e41a2d7,3,synthetic:text-v11,ok,mild|clip_text_fast_v11|mild|rep3|seed20240909,6.881
mild,,nan,clip_text_fast_v11,ab8b2d8a49eee624572968a7f955101a0d3cc97dfa85d42cb3675bb683ce7505,07b257405f757223,,d137d7aabe28dd7d,B4,16,16,fb2e41a2d7,4,synthetic:text-v11,ok,mild|clip_text_fast_v11|mild|rep4|seed20240909,6.724
harsh,,nan,clip_text_fast_v11,ab8b2d8a49eee624572968a7f955101a0d3cc97dfa85d42cb3675bb683ce7505,07b257405f757223,,874a1ac57f9aa5d0,B4,16,16,fb2e41a2d7,0,synthetic:text-v11,ok,harsh|clip_text_fast_v11|harsh|rep0|seed20240909,4.1221
clean,,nan,clip_text_fast_v11,ab8b2d8a49eee624572968a7f955101a0d3cc97dfa85d42cb3675bb683ce7505,07b257405f757223,"frame 7 needs 4 rasters, the profile allows 3; lower the quality/resolution or raise the capacity",0a0d7d9d60abce79,P,16,7,8da29d3843,0,synthetic:text-v11,capacity,clean|clip_text_fast_v11|clean|rep0|seed20240909,3.2265
harsh,,nan,clip_text_fast_v11,ab8b2d8a49eee624572968a7f955101a0d3cc97dfa85d42cb3675bb683ce7505,07b257405f757223,,7ed325ecee27ca3d,B4,16,16,fb2e41a2d7,1,synthetic:text-v11,ok,harsh|clip_text_fast_v11|harsh|rep1|seed20240909,4.0173
harsh,,nan,clip_text_fast_v11,ab8b2d8a49eee624572968a7f955101a0d3cc97dfa85d42cb3675bb683ce7505,07b257405f757223,,82f6c3ca838057ab,B4,16,16,fb2e41a2d7,2,synthetic:text-v11,ok,harsh|clip_text_fast_v11|harsh|rep2|seed20240909,4.0949
harsh,,nan,clip_text_fast_v11,ab8b2d8a49eee624572968a7f955101a0d3cc97dfa85d42cb3675bb683ce7505,07b257405f757223,,c9679422f6fd2507,B4,16,16,fb2e41a2d7,4,synthetic:text-v11,ok,harsh|clip_text_fast_v11|harsh|rep4|seed20240909,4.0624
harsh,,nan,clip_text_fast_v11,ab8b2d8a49eee624572968a7f955101a0d3cc97dfa85d42cb3675bb683ce7505,07b257405f757223,,04d6d0551fcec909,B4,16,16,fb2e41a2d7,3,synthetic:text-v11,ok,harsh|clip_text_fast_v11|harsh|rep3|seed20240909,4.0949
moderate,,nan,clip_text_fast_v11,ab8b2d8a49eee624572968a7f955101a0d3cc97dfa85d42cb3675bb683ce7505,07b257405f757223,,85f89967e2e26b59,B4,16,16,fb2e41a2d7,0,synthetic:text-v11,ok,moderate|clip_text_fast_v11|moderate|rep0|seed20240909,10.8748
moderate,,nan,clip_text_fast_v11,ab8b2d8a49eee624572968a7f955101a0d3cc97dfa85d42cb3675bb683ce7505,07b257405f757223,,91973191cc0c6cb6,B4,16,16,fb2e41a2d7,1,synthetic:text-v11,ok,moderate|clip_text_fast_v11|moderate|rep1|seed20240909,11.0641
moderate,,nan,clip_text_fast_v11,ab8b2d8a49eee624572968a7f955101a0d3cc97dfa85d42cb3675bb683ce7505,07b257405f757223,,1041b7d097592185,B4,16,16,fb2e41a2d7,4,synthetic:text-v11,ok,moderate|clip_text_fast_v11|moderate|rep4|seed20240909,10.3897
bursty,,nan,clip_text_fast_v11,ab8b2d8a49eee624572968a7f955101a0d3cc97dfa85d42cb3675bb683ce7505,07b257405f757223,,4498ae7eeff5daad,B4,16,16,fb2e41a2d7,0,synthetic:text-v11,ok,bursty|clip_text_fast_v11|bursty|rep0|seed20240909,10.6432
moderate,,nan,clip_text_fast_v11,ab8b2d8a49eee624572968a7f955101a0d3cc97dfa85d42cb3675bb683ce7505,07b257405f757223,,e4f0d83cdb4614d5,B4,16,16,fb2e41a2d7,2,synthetic:text-v11,ok,moderate|clip_text_fast_v11|moderate|rep2|seed20240909,11.0547
moderate,,nan,clip_text_fast_v11,ab8b2d8a49eee624572968a7f955101a0d3cc97dfa85d42cb3675bb683ce7505,07b257405f757223,,e82f1822c0b73c66,B4,16,16,fb2e41a2d7,3,synthetic:text-v11,ok,moderate|clip_text_fast_v11|moderate|rep3|seed20240909,10.9518
clean,,nan,clip_text_fast_v11,ab8b2d8a49eee624572968a7f955101a0d3cc97dfa85d42cb3675bb683ce7505,07b257405f757223,"frame 7 needs 4 rasters, the profile allows 3; lower the quality/resolution or raise the capacity",f7fac56d7794ab1a,P,16,7,8da29d3843,1,synthetic:text-v11,capacity,clean|clip_text_fast_v11|clean|rep1|seed20240909,3.1925
bursty,,nan,clip_text_fast_v11,ab8b2d8a49eee624572968a7f955101a0d3cc97dfa85d42cb3675bb683ce7505,07b257405f757223,,981bc38fb07d0bd1,B4,16,16,fb2e41a2d7,1,synthetic:text-v11,ok,bursty|clip_text_fast_v11|bursty|rep1|seed20240909,10.6111
clean,,nan,clip_text_fast_v11,ab8b2d8a49eee624572968a7f955101a0d3cc97dfa85d42cb3675bb683ce7505,07b257405f757223,"frame 7 needs 4 rasters, the profile allows 3; lower the quality/resolution or raise the capacity",fddac47fa8a8bfb4,P,16,7,8da29d3843,2,synthetic:text-v11,capacity,clean|clip_text_fast_v11|clean|rep2|seed20240909,3.2255
bursty,,nan,clip_text_fast_v11,ab8b2d8a49eee624572968a7f955101a0d3cc97dfa85d42cb3675bb683ce7505,07b257405f757223,,9258ea03903b4674,B4,16,16,fb2e41a2d7,2,synthetic:text-v11,ok,bursty|clip_text_fast_v11|bursty|rep2|seed20240909,9.3756
clean,,nan,clip_text_fast_v11,ab8b2d8a49eee624572968a7f955101a0d3cc97dfa85d42cb3675bb683ce7505,07b257405f757223,"frame 7 needs 4 rasters, the profile allows 3; lower the quality/resolution or raise the capacity",c8fc0de7e24f2cb1,P,16,7,8da29d3843,3,synthetic:text-v11,capacity,clean|clip_text_fast_v11|clean|rep3|seed20240909,3.3445
clean,,nan,clip_text_fast_v11,ab8b2d8a49eee624572968a7f955101a0d3cc97dfa85d42cb3675bb683ce7505,07b257405f757223,"frame 7 needs 4 rasters, the profile allows 3; lower the quality/resolution or raise the capacity",8afdd8383a9492f9,P,16,7,8da29d3843,4,synthetic:text-v11,capacity,clean|clip_text_fast_v11|clean|rep4|seed20240909,3.2773
mild,,nan,clip_text_fast_v11,ab8b2d8a49eee624572968a7f955101a0d3cc97dfa85d42cb3675bb683ce7505,07b257405f757223,"frame 7 needs 4 rasters, the profile allows 3; lower the quality/resolution or raise the capacity",8d2060319441895b,P,16,7,8da29d3843,0,synthetic:text-v11,capacity,mild|clip_text_fast_v11|mild|rep0|seed20240909,3.3464
mild,,nan,clip_text_fast_v11,ab8b2d8a49eee624572968a7f955101a0d3cc97dfa85d42cb3675bb683ce7505,07b257405f757223,"frame 7 needs 4 rasters, the profile allows 3; lower the quality/resolution or raise the capacity",af9d78eb010cad96,P,16,7,8da29d3843,1,synthetic:text-v11,capacity,mild|clip_text_fast_v11|mild|rep1|seed20240909,3.464
mild,,nan,clip_text_fast_v11,ab8b2d8a49eee624572968a7f955101a0d3cc97dfa85d42cb3675bb683ce7505,07b257405f757223,"frame 7 needs 4 rasters, the profile allows 3; lower the quality/resolution or raise the capacity",62f503c26b9bd948,P,16,7,8da29d3843,2,synthetic:text-v11,capacity,mild|clip_text_fast_v11|mild|rep2|seed20240909,3.4489
mild,,nan,clip_text_fast_v11,ab8b2d8a49eee624572968a7f955101a0d3cc97dfa85d42cb3675bb683ce7505,07b257405f757223,"frame 7 needs 4 rasters, the profile allows 3; lower the quality/resolution or raise the capacity",04011cf13702af5b,P,16,7,8da29d3843,3,synthetic:text-v11,capacity,mild|clip_text_fast_v11|mild|rep3|seed20240909,3.4537
bursty,,nan,clip_text_fast_v11,ab8b2d8a49eee624572968a7f955101a0d3cc97dfa85d42cb3675bb683ce7505,07b257405f757223,,c40a733a9a347106,B4,16,16,fb2e41a2d7,3,synthetic:text-v11,ok,bursty|clip_text_fast_v11|bursty|rep3|seed20240909,11.1782
mild,,nan,clip_text_fast_v11,ab8b2d8a49eee624572968a7f955101a0d3cc97dfa85d42cb3675bb683ce7505,07b257405f757223,"frame 7 needs 4 rasters, the profile allows 3; lower the quality/resolution or raise the capacity",d2e2373a12913120,P,16,7,8da29d3843,4,synthetic:text-v11,capacity,mild|clip_text_fast_v11|mild|rep4|seed20240909,3.4576
harsh,,nan,clip_text_fast_v11,ab8b2d8a49eee624572968a7f955101a0d3cc97dfa85d42cb3675bb683ce7505,07b257405f757223,"frame 7 needs 4 rasters, the profile allows 3; lower the quality/resolution or raise the capacity",3e0a4eecf8094a4f,P,16,7,8da29d3843,0,synthetic:text-v11,capacity,harsh|clip_text_fast_v11|harsh|rep0|seed20240909,1.8059
clean,,nan,clip_illumination_slow_v0,e8ed1c5bf4895f613f4f225732c2476e3d25c78ea3e858b7fb64ec2f1ebe50ac,07b257405f757223,,a9e21333aec4bf80,B0a,16,16,fb2e41a2d7,0,synthetic:illumination-v0,ok,clean|clip_illumination_slow_v0|clean|rep0|seed20240909,0.3451
harsh,,nan,clip_text_fast_v11,ab8b2d8a49eee624572968a7f955101a0d3cc97dfa85d42cb3675bb683ce7505,07b257405f757223,"frame 7 needs 4 rasters, the profile allows 3; lower the quality/resolution or raise the capacity",9589c0cb4ef18ee8,P,16,7,8da29d3843,1,synthetic:text-v11,capacity,harsh|clip_text_fast_v11|harsh|rep1|seed20240909,1.9353
bursty,,nan,clip_text_fast_v11,ab8b2d8a49eee624572968a7f955101a0d3cc97dfa85d42cb3675bb683ce7505,07b257405f757223,,75cd8effe251019c,B4,16,16,fb2e41a2d7,4,synthetic:text-v11,ok,bursty|clip_text_fast_v11|bursty|rep4|seed20240909,11.4023
clean,,nan,clip_illumination_slow_v0,e8ed1c5bf4895f613f4f225732c2476e3d25c78ea3e858b7fb64ec2f1ebe50ac,07b257405f757223,,db3fa3d6c1d8a9e0,B0a,16,16,fb2e41a2d7,1,synthetic:illumination-v0,ok,clean|clip_illumination_slow_v0|clean|rep1|seed20240909,0.3921
clean,,nan,clip_illumination_slow_v0,e8ed1c5bf4895f613f4f225732c2476e3d25c78ea3e858b7fb64ec2f1ebe50ac,07b257405f757223,,2a096377724fdf78,B0a,16,16,fb2e41a2d7,2,synthetic:illumination-v0,ok,clean|clip_illumination_slow_v0|clean|rep2|seed20240909,0.3933
clean,,nan,clip_illumination_slow_v0,e8ed1c5bf4895f613f4f225732c2476e3d25c78ea3e858b7fb64ec2f1ebe50ac,07b257405f757223,,502f9eeea41997b7,B0a,16,16,fb2e41a2d7,3,synthetic:illumination-v0,ok,clean|clip_illumination_slow_v0|clean|rep3|seed20240909,0.4049
clean,,nan,clip_illumination_slow_v0,e8ed1c5bf4895f613f4f225732c2476e3d25c78ea3e858b7fb64ec2f1ebe50ac,07b257405f757223,,fce027d6eb641592,B0a,16,16,fb2e41a2d7,4,synthetic:illumination-v0,ok,clean|clip_illumination_slow_v0|clean|rep4|seed20240909,0.4182
harsh,,nan,clip_text_fast_v11,ab8b2d8a49eee624572968a7f955101a0d3cc97dfa85d42cb3675bb683ce7505,07b257405f757223,"frame 7 needs 4 rasters, the profile allows 3; lower the quality/resolution or raise the capacity",978523e4120529ac,P,16,7,8da29d3843,2,synthetic:text-v11,capacity,harsh|clip_text_fast_v11|harsh|rep2|seed20240909,1.8722
mild,,nan,clip_illumination_slow_v0,e8ed1c5bf4895f613f4f225732c2476e3d25c78ea3e858b7fb64ec2f1ebe50ac,07b257405f757223,,4ffe1303ec70c81e,B0a,16,16,fb2e41a2d7,0,synthetic:illumination-v0,ok,mild|clip_illumination_slow_v0|mild|rep0|seed20240909,0.5359
mild,,nan,clip_illumination_slow_v0,e8ed1c5bf4895f613f4f225732c2476e3d25c78ea3e858b7fb64ec2f1ebe50ac,07b257405f757223,,c4bf6b9fab9483e9,B0a,16,16,fb2e41a2d7,1,synthetic:illumination-v0,ok,mild|clip_illumination_slow_v0|mild|rep1|seed20240909,0.5969
harsh,,nan,clip_text_fast_v11,ab8b2d8a49eee624572968a7f955101a0d3cc97dfa85d42cb3675bb683ce7505,07b257405f757223,"frame 7 needs 4 rasters, the profile allows 3; lower the quality/resolution or raise the capacity",39896b9dcc0a611c,P,16,7,8da29d3843,3,synthetic:text-v11,capacity,harsh|clip_text_fast_v11|harsh|rep3|seed20240909,1.956
mild,,nan,clip_illumination_slow_v0,e8ed1c5bf4895f613f4f225732c2476e3d25c78ea3e858b7fb64ec2f1ebe50ac,07b257405f757223,,049b4952ce57199c,B0a,16,16,fb2e41a2d7,2,synthetic:illumination-v0,ok,mild|clip_illumination_slow_v0|mild|rep2|seed20240909,0.5258
harsh,,nan,clip_text_fast_v11,ab8b2d8a49eee624572968a7f955101a0d3cc97dfa85d42cb3675bb683ce7505,07b257405f757223,"frame 7 needs 4 rasters, the profile allows 3; lower the quality/resolution or raise the capacity",cc4d1bab20d503a3,P,16,7,8da29d3843,4,synthetic:text-v11,capacity,harsh|clip_text_fast_v11|harsh|rep4|seed20240909,1.9529
mild,,nan,clip_illumination_slow_v0,e8ed1c5bf4895f613f4f225732c2476e3d25c78ea3e858b7fb64ec2f1ebe50ac,07b257405f757223,,42a101b1ded0ef20,B0a,16,16,fb2e41a2d7,3,synthetic:illumination-v0,ok,mild|clip_illumination_slow_v0|mild|rep3|seed20240909,0.6036
mild,,nan,clip_illumination_slow_v0,e8ed1c5bf4895f613f4f225732c2476e3d25c78ea3e858b7fb64ec2f1ebe50ac,07b257405f757223,,4264ab6c15ad5748,B0a,16,16,fb2e41a2d7,4,synthetic:illumination-v0,ok,mild|clip_illumination_slow_v0|mild|rep4|seed20240909,0.5181
moderate,,nan,clip_illumination_slow_v0,e8ed1c5bf4895f613f4f225732c2476e3d25c78ea3e858b7fb64ec2f1ebe50ac,07b257405f757223,,a05afb685814fe32,B0a,16,16,fb2e41a2d7,0,synthetic:illumination-v0,ok,moderate|clip_illumination_slow_v0|moderate|rep0|seed20240909,0.5365
moderate,,nan,clip_illumination_slow_v0,e8ed1c5bf4895f613f4f225732c2476e3d25c78ea3e858b7fb64ec2f1ebe50ac,07b257405f757223,,b6910668423f257d,B0a,16,16,fb2e41a2d7,1,synthetic:illumination-v0,ok,moderate|clip_illumination_slow_v0|moderate|rep1|seed20240909,0.5548
moderate,,nan,clip_illumination_slow_v0,e8ed1c5bf4895f613f4f225732c2476e3d25c78ea3e858b7fb64ec2f1ebe50ac,07b257405f757223,,eb698886e24420eb,B0a,16,16,fb2e41a2d7,2,synthetic:illumination-v0,ok,moderate|clip_illumination_slow_v0|moderate|rep2|seed20240909,0.6046
moderate,,nan,clip_illumination_slow_v0,e8ed1c5bf4895f613f4f225732c2476e3d25c78ea3e858b7fb64ec2f1ebe50ac,07b257405f757223,,228e1d414874c5f5,B0a,16,16,fb2e41a2d7,3,synthetic:illumination-v0,ok,moderate|clip_illumination_slow_v0|moderate|rep3|seed20240909,0.5765
moderate,,nan,clip_illumination_slow_v0,e8ed1c5bf4895f613f4f225732c2476e3d25c78ea3e858b7fb64ec2f1ebe50ac,07b257405f757223,,704773764e634377,B0a,16,16,fb2e41a2d7,4,synthetic:illumination-v0,ok,moderate|clip_illumination_slow_v0|moderate|rep4|seed20240909,0.5517
bursty,,nan,clip_illumination_slow_v0,e8ed1c5bf4895f613f4f225732c2476e3d25c78ea3e858b7fb64ec2f1ebe50ac,07b257405f757223,,839243160c43a022,B0a,16,16,fb2e41a2d7,0,synthetic:illumination-v0,ok,bursty|clip_illumination_slow_v0|bursty|rep0|seed20240909,0.5439
bursty,,nan,clip_illumination_slow_v0,e8ed1c5bf4895f613f4f225732c2476e3d25c78ea3e858b7fb64ec2f1ebe50ac,07b257405f757223,,36dfe5d39d30951a,B0a,16,16,fb2e41a2d7,1,synthetic:illumination-v0,ok,bursty|clip_illumination_slow_v0|bursty|rep1|seed20240909,0.5735
bursty,,nan,clip_illumination_slow_v0,e8ed1c5bf4895f613f4f225732c2476e3d25c78ea3e858b7fb64ec2f1ebe50ac,07b257405f757223,,29c6843efe74b1ca,B0a,16,16,fb2e41a2d7,2,synthetic:illumination-v0,ok,bursty|clip_illumination_slow_v0|bursty|rep2|seed20240909,0.5543
bursty,,nan,clip_illumination_slow_v0,e8ed1c5bf4895f613f4f225732c2476e3d25c78ea3e858b7fb64ec2f1ebe50ac,07b257405f757223,,5b3af564f70212a4,B0a,16,16,fb2e41a2d7,3,synthetic:illumination-v0,ok,bursty|clip_illumination_slow_v0|bursty|rep3|seed20240909,0.5037
moderate,,nan,clip_text_fast_v11,ab8b2d8a49eee624572968a7f955101a0d3cc97dfa85d42cb3675bb683ce7505,07b257405f757223,"frame 7 needs 4 rasters, the profile allows 3; lower the quality/resolution or raise the capacity",a8bb62eb98b4aac6,P,16,7,8da29d3843,2,synthetic:text-v11,capacity,moderate|clip_text_fast_v11|moderate|rep2|seed20240909,5.9542
bursty,,nan,clip_illumination_slow_v0,e8ed1c5bf4895f613f4f225732c2476e3d25c78ea3e858b7fb64ec2f1ebe50ac,07b257405f757223,,4c7b19a64f166151,B0a,16,16,fb2e41a2d7,4,synthetic:illumination-v0,ok,bursty|clip_illumination_slow_v0|bursty|rep4|seed20240909,0.5467
moderate,,nan,clip_text_fast_v11,ab8b2d8a49eee624572968a7f955101a0d3cc97dfa85d42cb3675bb683ce7505,07b257405f757223,"frame 7 needs 4 rasters, the profile allows 3; lower the quality/resolution or raise the capacity",7f17c21e23b721a8,P,16,7,8da29d3843,0,synthetic:text-v11,capacity,moderate|clip_text_fast_v11|moderate|rep0|seed20240909,6.1923
moderate,,nan,clip_text_fast_v11,ab8b2d8a49eee624572968a7f955101a0d3cc97dfa85d42cb3675bb683ce7505,07b257405f757223,"frame 7 needs 4 rasters, the profile allows 3; lower the quality/resolution or raise the capacity",16ec554bc7f068cb,P,16,7,8da29d3843,1,synthetic:text-v11,capacity,moderate|clip_text_fast_v11|moderate|rep1|seed20240909,6.1864
moderate,,nan,clip_text_fast_v11,ab8b2d8a49eee624572968a7f955101a0d3cc97dfa85d42cb3675bb683ce7505,07b257405f757223,"frame 7 needs 4 rasters, the profile allows 3; lower the quality/resolution or raise the capacity",5fae3c83744a4683,P,16,7,8da29d3843,3,synthetic:text-v11,capacity,moderate|clip_text_fast_v11|moderate|rep3|seed20240909,5.8921
harsh,,nan,clip_illumination_slow_v0,e8ed1c5bf4895f613f4f225732c2476e3d25c78ea3e858b7fb64ec2f1ebe50ac,07b257405f757223,,f2b7f596dba888fb,B0a,16,16,fb2e41a2d7,1,synthetic:illumination-v0,ok,harsh|clip_illumination_slow_v0|harsh|rep1|seed20240909,0.5859
harsh,,nan,clip_illumination_slow_v0,e8ed1c5bf4895f613f4f225732c2476e3d25c78ea3e858b7fb64ec2f1ebe50ac,07b257405f757223,,9f831be65f18bce7,B0a,16,16,fb2e41a2d7,0,synthetic:illumination-v0,ok,harsh|clip_illumination_slow_v0|harsh|rep0|seed20240909,0.6217
bursty,,nan,clip_text_fast_v11,ab8b2d8a49eee624572968a7f955101a0d3cc97dfa85d42cb3675bb683ce7505,07b257405f757223,"frame 7 needs 4 rasters, the profile allows 3; lower the quality/resolution or raise the capacity",952898adda9260dc,P,16,7,8da29d3843,2,synthetic:text-v11,capacity,bursty|clip_text_fast_v11|bursty|rep2|seed20240909,5.6466
moderate,,nan,clip_text_fast_v11,ab8b2d8a49eee624572968a7f955101a0d3cc97dfa85d42cb3675bb683ce7505,07b257405f757223,"frame 7 needs 4 rasters, the profile allows 3; lower the quality/resolution or raise the capacity",87206794fd1341e9,P,16,7,8da29d3843,4,synthetic:text-v11,capacity,moderate|clip_text_fast_v11|moderate|rep4|seed20240909,6.0656
harsh,,nan,clip_illumination_slow_v0,e8ed1c5bf4895f613f4f225732c2476e3d25c78ea3e858b7fb64ec2f1ebe50ac,07b257405f757223,,a0deba431f4f1436,B0a,16,16,fb2e41a2d7,2,synthetic:illumination-v0,ok,harsh|clip_illumination_slow_v0|harsh|rep2|seed20240909,0.6259
harsh,,nan,clip_illumination_slow_v0,e8ed1c5bf4895f613f4f225732c2476e3d25c78ea3e858b7fb64ec2f1ebe50ac,07b257405f757223,,8b3e868fc5cd5011,B0a,16,16,fb2e41a2d7,4,synthetic:illumination-v0,ok,harsh|clip_illumination_slow_v0|harsh|rep4|seed20240909,0.6161
harsh,,nan,clip_illumination_slow_v0,e8ed1c5bf4895f613f4f225732c2476e3d25c78ea3e858b7fb64ec2f1ebe50ac,07b257405f757223,,d8f2fa228e3cebd0,B0a,16,16,fb2e41a2d7,3,synthetic:illumination-v0,ok,harsh|clip_illumination_slow_v0|harsh|rep3|seed20240909,0.6825
bursty,,nan,clip_text_fast_v11,ab8b2d8a49eee624572968a7f955101a0d3cc97dfa85d42cb3675bb683ce7505,07b257405f757223,"frame 7 needs 4 rasters, the profile allows 3; lower the quality/resolution or raise the capacity",09222a993c346b50,P,16,7,8da29d3843,1,synthetic:text-v11,capacity,bursty|clip_text_fast_v11|bursty|rep1|seed20240909,5.9483
bursty,,nan,clip_text_fast_v11,ab8b2d8a49eee624572968a7f955101a0d3cc97dfa85d42cb3675bb683ce7505,07b257405f757223,"frame 7 needs 4 rasters, the profile allows 3; lower the quality/resolution or raise the capacity",436d63b86a7efb42,P,16,7,8da29d3843,0,synthetic:text-v11,capacity,bursty|clip_text_fast_v11|bursty|rep0|seed20240909,6.1691
bursty,,nan,clip_text_fast_v11,ab8b2d8a49eee624572968a7f955101a0d3cc97dfa85d42cb3675bb683ce7505,07b257405f757223,"frame 7 needs 4 rasters, the profile allows 3; lower the quality/resolution or raise the capacity",1619d0021e40dfc2,P,16,7,8da29d3843,3,synthetic:text-v11,capacity,bursty|clip_text_fast_v11|bursty|rep3|seed20240909,5.9615
clean,,nan,clip_illumination_slow_v0,e8ed1c5bf4895f613f4f225732c2476e3d25c78ea3e858b7fb64ec2f1ebe50ac,07b257405f757223,,c940a094651258fa,B0a-R,16,16,fb2e41a2d7,0,synthetic:illumination-v0,ok,clean|clip_illumination_slow_v0|clean|rep0|seed20240909,1.2191
clean,,nan,clip_illumination_slow_v0,e8ed1c5bf4895f613f4f225732c2476e3d25c78ea3e858b7fb64ec2f1ebe50ac,07b257405f757223,,b06e7d86779f30d4,B0a-R,16,16,fb2e41a2d7,1,synthetic:illumination-v0,ok,clean|clip_illumination_slow_v0|clean|rep1|seed20240909,1.2021
clean,,nan,clip_illumination_slow_v0,e8ed1c5bf4895f613f4f225732c2476e3d25c78ea3e858b7fb64ec2f1ebe50ac,07b257405f757223,,3ae60a76917a5caf,B0a-R,16,16,fb2e41a2d7,2,synthetic:illumination-v0,ok,clean|clip_illumination_slow_v0|clean|rep2|seed20240909,1.26
bursty,,nan,clip_text_fast_v11,ab8b2d8a49eee624572968a7f955101a0d3cc97dfa85d42cb3675bb683ce7505,07b257405f757223,"frame 7 needs 4 rasters, the profile allows 3; lower the quality/resolution or raise the capacity",df5f7531eb4586a5,P,16,7,8da29d3843,4,synthetic:text-v11,capacity,bursty|clip_text_fast_v11|bursty|rep4|seed20240909,6.0718
clean,,nan,clip_illumination_slow_v0,e8ed1c5bf4895f613f4f225732c2476e3d25c78ea3e858b7fb64ec2f1ebe50ac,07b257405f757223,,034e207deebcea6e,B0a-R,16,16,fb2e41a2d7,3,synthetic:illumination-v0,ok,clean|clip_illumination_slow_v0|clean|rep3|seed20240909,1.2036
clean,,nan,clip_illumination_slow_v0,e8ed1c5bf4895f613f4f225732c2476e3d25c78ea3e858b7fb64ec2f1ebe50ac,07b257405f757223,,2cbcc7681c465b33,B0a-R,16,16,fb2e41a2d7,4,synthetic:illumination-v0,ok,clean|clip_illumination_slow_v0|clean|rep4|seed20240909,1.2313
mild,,nan,clip_illumination_slow_v0,e8ed1c5bf4895f613f4f225732c2476e3d25c78ea3e858b7fb64ec2f1ebe50ac,07b257405f757223,,59905c36d4c19b14,B0a-R,16,16,fb2e41a2d7,0,synthetic:illumination-v0,ok,mild|clip_illumination_slow_v0|mild|rep0|seed20240909,1.7512
mild,,nan,clip_illumination_slow_v0,e8ed1c5bf4895f613f4f225732c2476e3d25c78ea3e858b7fb64ec2f1ebe50ac,07b257405f757223,,6f2a7f3347cc8639,B0a-R,16,16,fb2e41a2d7,1,synthetic:illumination-v0,ok,mild|clip_illumination_slow_v0|mild|rep1|seed20240909,1.7859
mild,,nan,clip_illumination_slow_v0,e8ed1c5bf4895f613f4f225732c2476e3d25c78ea3e858b7fb64ec2f1ebe50ac,07b257405f757223,,ffedc7555c0b4736,B0a-R,16,16,fb2e41a2d7,3,synthetic:illumination-v0,ok,mild|clip_illumination_slow_v0|mild|rep3|seed20240909,1.6869
mild,,nan,clip_illumination_slow_v0,e8ed1c5bf4895f613f4f225732c2476e3d25c78ea3e858b7fb64ec2f1ebe50ac,07b257405f757223,,550b2214d8f188d9,B0a-R,16,16,fb2e41a2d7,2,synthetic:illumination-v0,ok,mild|clip_illumination_slow_v0|mild|rep2|seed20240909,1.835
mild,,nan,clip_illumination_slow_v0,e8ed1c5bf4895f613f4f225732c2476e3d25c78ea3e858b7fb64ec2f1ebe50ac,07b257405f757223,,8fdf6628790e2dd6,B0a-R,16,16,fb2e41a2d7,4,synthetic:illumination-v0,ok,mild|clip_illumination_slow_v0|mild|rep4|seed20240909,1.7519
moderate,,nan,clip_illumination_slow_v0,e8ed1c5bf4895f613f4f225732c2476e3d25c78ea3e858b7fb64ec2f1ebe50ac,07b257405f757223,,fa49acb76c4a194a,B0a-R,16,16,fb2e41a2d7,0,synthetic:illumination-v0,ok,moderate|clip_illumination_slow_v0|moderate|rep0|seed20240909,1.885
moderate,,nan,clip_illumination_slow_v0,e8ed1c5bf4895f613f4f225732c2476e3d25c78ea3e858b7fb64ec2f1ebe50ac,07b257405f757223,,7f2adf4865e31baa,B0a-R,16,16,fb2e41a2d7,3,synthetic:illumination-v0,ok,moderate|clip_illumination_slow_v0|moderate|rep3|seed20240909,1.9096
moderate,,nan,clip_illumination_slow_v0,e8ed1c5bf4895f613f4f225732c2476e3d25c78ea3e858b7fb64ec2f1ebe50ac,07b257405f757223,,b6feb45f6298e1e8,B0a-R,16,16,fb2e41a2d7,1,synthetic:illumination-v0,ok,moderate|clip_illumination_slow_v0|moderate|rep1|seed20240909,1.9639
moderate,,nan,clip_illumination_slow_v0,e8ed1c5bf4895f613f4f225732c2476e3d25c78ea3e858b7fb64ec2f1ebe50ac,07b257405f757223,,29bc9ff825ff2087,B0a-R,16,16,fb2e41a2d7,2,synthetic:illumination-v0,ok,moderate|clip_illumination_slow_v0|moderate|rep2|seed20240909,2.033
moderate,,nan,clip_illumination_slow_v0,e8ed1c5bf4895f613f4f225732c2476e3d25c78ea3e858b7fb64ec2f1ebe50ac,07b257405f757223,,eae8af731ada9b69,B0a-R,16,16,fb2e41a2d7,4,synthetic:illumination-v0,ok,moderate|clip_illumination_slow_v0|moderate|rep4|seed20240909,1.8608
bursty,,nan,clip_illumination_slow_v0,e8ed1c5bf4895f613f4f225732c2476e3d25c78ea3e858b7fb64ec2f1ebe50ac,07b257405f757223,,15157669c4381403,B0a-R,16,16,fb2e41a2d7,1,synthetic:illumination-v0,ok,bursty|clip_illumination_slow_v0|bursty|rep1|seed20240909,1.7002
bursty,,nan,clip_illumination_slow_v0,e8ed1c5bf4895f613f4f225732c2476e3d25c78ea3e858b7fb64ec2f1ebe50ac,07b257405f757223,,0066d90695e410be,B0a-R,16,16,fb2e41a2d7,0,synthetic:illumination-v0,ok,bursty|clip_illumination_slow_v0|bursty|rep0|seed20240909,1.845
bursty,,nan,clip_illumination_slow_v0,e8ed1c5bf4895f613f4f225732c2476e3d25c78ea3e858b7fb64ec2f1ebe50ac,07b257405f757223,,df8c9b625c7a4ddc,B0a-R,16,16,fb2e41a2d7,4,synthetic:illumination-v0,ok,bursty|clip_illumination_slow_v0|bursty|rep4|seed20240909,1.7537
bursty,,nan,clip_illumination_slow_v0,e8ed1c5bf4895f613f4f225732c2476e3d25c78ea3e858b7fb64ec2f1ebe50ac,07b257405f757223,,64f31c9debaa9f00,B0a-R,16,16,fb2e41a2d7,2,synthetic:illumination-v0,ok,bursty|clip_illumination_slow_v0|bursty|rep2|seed20240909,1.7935
bursty,,nan,clip_illumination_slow_v0,e8ed1c5bf4895f613f4f225732c2476e3d25c78ea3e858b7fb64ec2f1ebe50ac,07b257405f757223,,18847f2fdb26c31d,B0a-R,16,16,fb2e41a2d7,3,synthetic:illumination-v0,ok,bursty|clip_illumination_slow_v0|bursty|rep3|seed20240909,1.8638
harsh,,nan,clip_illumination_slow_v0,e8ed1c5bf4895f613f4f225732c2476e3d25c78ea3e858b7fb64ec2f1ebe50ac,07b257405f757223,,40bf027e8739a548,B0a-R,16,16,fb2e41a2d7,0,synthetic:illumination-v0,ok,harsh|clip_illumination_slow_v0|harsh|rep0|seed20240909,1.8931
harsh,,nan,clip_illumination_slow_v0,e8ed1c5bf4895f613f4f225732c2476e3d25c78ea3e858b7fb64ec2f1ebe50ac,07b257405f757223,,d4c257d30295ad0a,B0a-R,16,16,fb2e41a2d7,2,synthetic:illumination-v0,ok,harsh|clip_illumination_slow_v0|harsh|rep2|seed20240909,1.7525
harsh,,nan,clip_illumination_slow_v0,e8ed1c5bf4895f613f4f225732c2476e3d25c78ea3e858b7fb64ec2f1ebe50ac,07b257405f757223,,c5f8ff8c164edddc,B0a-R,16,16,fb2e41a2d7,1,synthetic:illumination-v0,ok,harsh|clip_illumination_slow_v0|harsh|rep1|seed20240909,1.8164
harsh,,nan,clip_illumination_slow_v0,e8ed1c5bf4895f613f4f225732c2476e3d25c78ea3e858b7fb64ec2f1ebe50ac,07b257405f757223,,e7eb3d07ea84d5ce,B0a-R,16,16,fb2e41a2d7,3,synthetic:illumination-v0,ok,harsh|clip_illumination_slow_v0|harsh|rep3|seed20240909,1.7086
harsh,,nan,clip_illumination_slow_v0,e8ed1c5bf4895f613f4f225732c2476e3d25c78ea3e858b7fb64ec2f1ebe50ac,07b257405f757223,,be443ebe69ceeb2c,B0a-R,16,16,fb2e41a2d7,4,synthetic:illumination-v0,ok,harsh|clip_illumination_slow_v0|harsh|rep4|seed20240909,1.6766
clean,,nan,clip_illumination_slow_v0,e8ed1c5bf4895f613f4f225732c2476e3d25c78ea3e858b7fb64ec2f1ebe50ac,07b257405f757223,,1a9e98be64992f69,B0d,16,16,fb2e41a2d7,0,synthetic:illumination-v0,ok,clean|clip_illumination_slow_v0|clean|rep0|seed20240909,3.5142
clean,,nan,clip_illumination_slow_v0,e8ed1c5bf4895f613f4f225732c2476e3d25c78ea3e858b7fb64ec2f1ebe50ac,07b257405f757223,,da977912f79f55ca,B0d,16,16,fb2e41a2d7,1,synthetic:illumination-v0,ok,clean|clip_illumination_slow_v0|clean|rep1|seed20240909,3.457
clean,,nan,clip_illumination_slow_v0,e8ed1c5bf4895f613f4f225732c2476e3d25c78ea3e858b7fb64ec2f1ebe50ac,07b257405f757223,,cadccecfa2d1902f,B0d,16,16,fb2e41a2d7,3,synthetic:illumination-v0,ok,clean|clip_illumination_slow_v0|clean|rep3|seed20240909,3.435
clean,,nan,clip_illumination_slow_v0,e8ed1c5bf4895f613f4f225732c2476e3d25c78ea3e858b7fb64ec2f1ebe50ac,07b257405f757223,,4a09763451120f47,B0d,16,16,fb2e41a2d7,2,synthetic:illumination-v0,ok,clean|clip_illumination_slow_v0|clean|rep2|seed20240909,3.5384
clean,,nan,clip_illumination_slow_v0,e8ed1c5bf4895f613f4f225732c2476e3d25c78ea3e858b7fb64ec2f1ebe50ac,07b257405f757223,,bb1635ba299f5f34,B0d,16,16,fb2e41a2d7,4,synthetic:illumination-v0,ok,clean|clip_illumination_slow_v0|clean|rep4|seed20240909,3.6127
mild,,nan,clip_illumination_slow_v0,e8ed1c5bf4895f613f4f225732c2476e3d25c78ea3e858b7fb64ec2f1ebe50ac,07b257405f757223,,448052d105c0fb8f,B0d,16,16,fb2e41a2d7,1,synthetic:illumination-v0,ok,mild|clip_illumination_slow_v0|mild|rep1|seed20240909,3.704
mild,,nan,clip_illumination_slow_v0,e8ed1c5bf4895f613f4f225732c2476e3d25c78ea3e858b7fb64ec2f1ebe50ac,07b257405f757223,,9e190daf75dca5f3,B0d,16,16,fb2e41a2d7,0,synthetic:illumination-v0,ok,mild|clip_illumination_slow_v0|mild|rep0|seed20240909,4.0049
mild,,nan,clip_illumination_slow_v0,e8ed1c5bf4895f613f4f225732c2476e3d25c78ea3e858b7fb64ec2f1ebe50ac,07b257405f757223,,d21109586d828da4,B0d,16,16,fb2e41a2d7,3,synthetic:illumination-v0,ok,mild|clip_illumination_slow_v0|mild|rep3|seed20240909,3.7386
mild,,nan,clip_illumination_slow_v0,e8ed1c5bf4895f613f4f225732c2476e3d25c78ea3e858b7fb64ec2f1ebe50ac,07b257405f757223,,3f9373cdefaf21da,B0d,16,16,fb2e41a2d7,4,synthetic:illumination-v0,ok,mild|clip_illumination_slow_v0|mild|rep4|seed20240909,3.7988
mild,,nan,clip_illumination_slow_v0,e8ed1c5bf4895f613f4f225732c2476e3d25c78ea3e858b7fb64ec2f1ebe50ac,07b257405f757223,,1d8a6b8496491919,B0d,16,16,fb2e41a2d7,2,synthetic:illumination-v0,ok,mild|clip_illumination_slow_v0|mild|rep2|seed20240909,3.8499
clean,,nan,clip_illumination_slow_v0,e8ed1c5bf4895f613f4f225732c2476e3d25c78ea3e858b7fb64ec2f1ebe50ac,07b257405f757223,,ef4aae8bf01848e0,B1,16,16,fb2e41a2d7,0,synthetic:illumination-v0,ok,clean|clip_illumination_slow_v0|clean|rep0|seed20240909,0.4049
clean,,nan,clip_illumination_slow_v0,e8ed1c5bf4895f613f4f225732c2476e3d25c78ea3e858b7fb64ec2f1ebe50ac,07b257405f757223,,e17f9fc62c0a0722,B1,16,16,fb2e41a2d7,1,synthetic:illumination-v0,ok,clean|clip_illumination_slow_v0|clean|rep1|seed20240909,0.418
clean,,nan,clip_illumination_slow_v0,e8ed1c5bf4895f613f4f225732c2476e3d25c78ea3e858b7fb64ec2f1ebe50ac,07b257405f757223,,420863ca7caaf55c,B1,16,16,fb2e41a2d7,2,synthetic:illumination-v0,ok,clean|clip_illumination_slow_v0|clean|rep2|seed20240909,0.4154
clean,,nan,clip_illumination_slow_v0,e8ed1c5bf4895f613f4f225732c2476e3d25c78ea3e858b7fb64ec2f1ebe50ac,07b257405f757223,,f1e5e49d213c5c72,B1,16,16,fb2e41a2d7,3,synthetic:illumination-v0,ok,clean|clip_illumination_slow_v0|clean|rep3|seed20240909,0.4189
moderate,,nan,clip_illumination_slow_v0,e8ed1c5bf4895f613f4f225732c2476e3d25c78ea3e858b7fb64ec2f1ebe50ac,07b257405f757223,,9cf7fee22e6490f4,B0d,16,16,fb2e41a2d7,0,synthetic:illumination-v0,ok,moderate|clip_illumination_slow_v0|moderate|rep0|seed20240909,5.4692
harsh,,nan,clip_illumination_slow_v0,e8ed1c5bf4895f613f4f225732c2476e3d25c78ea3e858b7fb64ec2f1ebe50ac,07b257405f757223,,2402b0ba37506f29,B0d,16,16,fb2e41a2d7,0,synthetic:illumination-v0,ok,harsh|clip_illumination_slow_v0|harsh|rep0|seed20240909,2.3648
clean,,nan,clip_illumination_slow_v0,e8ed1c5bf4895f613f4f225732c2476e3d25c78ea3e858b7fb64ec2f1ebe50ac,07b257405f757223,,0b4926f72d1e0c99,B1,16,16,fb2e41a2d7,4,synthetic:illumination-v0,ok,clean|clip_illumination_slow_v0|clean|rep4|seed20240909,0.4601
harsh,,nan,clip_illumination_slow_v0,e8ed1c5bf4895f613f4f225732c2476e3d25c78ea3e858b7fb64ec2f1ebe50ac,07b257405f757223,,30e0470971941504,B0d,16,16,fb2e41a2d7,1,synthetic:illumination-v0,ok,harsh|clip_illumination_slow_v0|harsh|rep1|seed20240909,2.5055
mild,,nan,clip_illumination_slow_v0,e8ed1c5bf4895f613f4f225732c2476e3d25c78ea3e858b7fb64ec2f1ebe50ac,07b257405f757223,,04d6b580cc071941,B1,16,16,fb2e41a2d7,1,synthetic:illumination-v0,ok,mild|clip_illumination_slow_v0|mild|rep1|seed20240909,0.5333
moderate,,nan,clip_illumination_slow_v0,e8ed1c5bf4895f613f4f225732c2476e3d25c78ea3e858b7fb64ec2f1ebe50ac,07b257405f757223,,8ce71c1193f20624,B0d,16,16,fb2e41a2d7,1,synthetic:illumination-v0,ok,moderate|clip_illumination_slow_v0|moderate|rep1|seed20240909,5.9205
mild,,nan,clip_illumination_slow_v0,e8ed1c5bf4895f613f4f225732c2476e3d25c78ea3e858b7fb64ec2f1ebe50ac,07b257405f757223,,96145fba8197ff39,B1,16,16,fb2e41a2d7,0,synthetic:illumination-v0,ok,mild|clip_illumination_slow_v0|mild|rep0|seed20240909,0.571
harsh,,nan,clip_illumination_slow_v0,e8ed1c5bf4895f613f4f225732c2476e3d25c78ea3e858b7fb64ec2f1ebe50ac,07b257405f757223,,a163e231c12481b3,B0d,16,16,fb2e41a2d7,4,synthetic:illumination-v0,ok,harsh|clip_illumination_slow_v0|harsh|rep4|seed20240909,2.3291
harsh,,nan,clip_illumination_slow_v0,e8ed1c5bf4895f613f4f225732c2476e3d25c78ea3e858b7fb64ec2f1ebe50ac,07b257405f757223,,30d7b8398e050f6d,B0d,16,16,fb2e41a2d7,2,synthetic:illumination-v0,ok,harsh|clip_illumination_slow_v0|harsh|rep2|seed20240909,2.4969
harsh,,nan,clip_illumination_slow_v0,e8ed1c5bf4895f613f4f225732c2476e3d25c78ea3e858b7fb64ec2f1ebe50ac,07b257405f757223,,51fbe24bed4f56aa,B0d,16,16,fb2e41a2d7,3,synthetic:illumination-v0,ok,harsh|clip_illumination_slow_v0|harsh|rep3|seed20240909,2.433
moderate,,nan,clip_illumination_slow_v0,e8ed1c5bf4895f613f4f225732c2476e3d25c78ea3e858b7fb64ec2f1ebe50ac,07b257405f757223,,82d948745b9025a7,B0d,16,16,fb2e41a2d7,3,synthetic:illumination-v0,ok,moderate|clip_illumination_slow_v0|moderate|rep3|seed20240909,5.7874
mild,,nan,clip_illumination_slow_v0,e8ed1c5bf4895f613f4f225732c2476e3d25c78ea3e858b7fb64ec2f1ebe50ac,07b257405f757223,,fc0524526aba3bf0,B1,16,16,fb2e41a2d7,2,synthetic:illumination-v0,ok,mild|clip_illumination_slow_v0|mild|rep2|seed20240909,0.5419
moderate,,nan,clip_illumination_slow_v0,e8ed1c5bf4895f613f4f225732c2476e3d25c78ea3e858b7fb64ec2f1ebe50ac,07b257405f757223,,42f0dafdc5b00a01,B0d,16,16,fb2e41a2d7,2,synthetic:illumination-v0,ok,moderate|clip_illumination_slow_v0|moderate|rep2|seed20240909,5.8871
mild,,nan,clip_illumination_slow_v0,e8ed1c5bf4895f613f4f225732c2476e3d25c78ea3e858b7fb64ec2f1ebe50ac,07b257405f757223,,7e24bcc3bdf01012,B1,16,16,fb2e41a2d7,3,synthetic:illumination-v0,ok,mild|clip_illumination_slow_v0|mild|rep3|seed20240909,0.5826
mild,,nan,clip_illumination_slow_v0,e8ed1c5bf4895f613f4f225732c2476e3d25c78ea3e858b7fb64ec2f1ebe50ac,07b257405f757223,,9f7a8c7244e60905,B1,16,16,fb2e41a2d7,4,synthetic:illumination-v0,ok,mild|clip_illumination_slow_v0|mild|rep4|seed20240909,0.5715
moderate,,nan,clip_illumination_slow_v0,e8ed1c5bf4895f613f4f225732c2476e3d25c78ea3e858b7fb64ec2f1ebe50ac,07b257405f757223,,0fb5858f455afeef,B1,16,16,fb2e41a2d7,0,synthetic:illumination-v0,ok,moderate|clip_illumination_slow_v0|moderate|rep0|seed20240909,0.6066
moderate,,nan,clip_illumination_slow_v0,e8ed1c5bf4895f613f4f225732c2476e3d25c78ea3e858b7fb64ec2f1ebe50ac,07b257405f757223,,5e32901fec6f52a4,B1,16,16,fb2e41a2d7,1,synthetic:illumination-v0,ok,moderate|clip_illumination_slow_v0|moderate|rep1|seed20240909,0.6117
moderate,,nan,clip_illumination_slow_v0,e8ed1c5bf4895f613f4f225732c2476e3d25c78ea3e858b7fb64ec2f1ebe50ac,07b257405f757223,,aa76937a38369b31,B1,16,16,fb2e41a2d7,3,synthetic:illumination-v0,ok,moderate|clip_illumination_slow_v0|moderate|rep3|seed20240909,0.5895
moderate,,nan,clip_illumination_slow_v0,e8ed1c5bf4895f613f4f225732c2476e3d25c78ea3e858b7fb64ec2f1ebe50ac,07b257405f757223,,976e9597d901ddc8,B1,16,16,fb2e41a2d7,2,synthetic:illumination-v0,ok,moderate|clip_illumination_slow_v0|moderate|rep2|seed20240909,0.6226
moderate,,nan,clip_illumination_slow_v0,e8ed1c5bf4895f613f4f225732c2476e3d25c78ea3e858b7fb64ec2f1ebe50ac,07b257405f757223,,95569461d1f01a6b,B1,16,16,fb2e41a2d7,4,synthetic:illumination-v0,ok,moderate|clip_illumination_slow_v0|moderate|rep4|seed20240909,0.5849
bursty,,nan,clip_illumination_slow_v0,e8ed1c5bf4895f613f4f225732c2476e3d25c78ea3e858b7fb64ec2f1ebe50ac,07b257405f757223,,7eca52cbf1437791,B1,16,16,fb2e41a2d7,1,synthetic:illumination-v0,ok,bursty|clip_illumination_slow_v0|bursty|rep1|seed20240909,0.5709
bursty,,nan,clip_illumination_slow_v0,e8ed1c5bf4895f613f4f225732c2476e3d25c78ea3e858b7fb64ec2f1ebe50ac,07b257405f757223,,303f8081af391897,B1,16,16,fb2e41a2d7,0,synthetic:illumination-v0,ok,bursty|clip_illumination_slow_v0|bursty|rep0|seed20240909,0.6151
bursty,,nan,clip_illumination_slow_v0,e8ed1c5bf4895f613f4f225732c2476e3d25c78ea3e858b7fb64ec2f1ebe50ac,07b257405f757223,,f14ae47f80144498,B0d,16,16,fb2e41a2d7,0,synthetic:illumination-v0,ok,bursty|clip_illumination_slow_v0|bursty|rep0|seed20240909,6.2834
bursty,,nan,clip_illumination_slow_v0,e8ed1c5bf4895f613f4f225732c2476e3d25c78ea3e858b7fb64ec2f1ebe50ac,07b257405f757223,,cc512e0d4a7f12c3,B1,16,16,fb2e41a2d7,2,synthetic:illumination-v0,ok,bursty|clip_illumination_slow_v0|bursty|rep2|seed20240909,0.6464
moderate,,nan,clip_illumination_slow_v0,e8ed1c5bf4895f613f4f225732c2476e3d25c78ea3e858b7fb64ec2f1ebe50ac,07b257405f757223,,dd214acada4b2ddc,B0d,16,16,fb2e41a2d7,4,synthetic:illumination-v0,ok,moderate|clip_illumination_slow_v0|moderate|rep4|seed20240909,6.4857
bursty,,nan,clip_illumination_slow_v0,e8ed1c5bf4895f613f4f225732c2476e3d25c78ea3e858b7fb64ec2f1ebe50ac,07b257405f757223,,f338230c11e3c350,B1,16,16,fb2e41a2d7,3,synthetic:illumination-v0,ok,bursty|clip_illumination_slow_v0|bursty|rep3|seed20240909,0.6285
bursty,,nan,clip_illumination_slow_v0,e8ed1c5bf4895f613f4f225732c2476e3d25c78ea3e858b7fb64ec2f1ebe50ac,07b257405f757223,,5d0022dc3574e1c6,B1,16,16,fb2e41a2d7,4,synthetic:illumination-v0,ok,bursty|clip_illumination_slow_v0|bursty|rep4|seed20240909,0.6175
harsh,,nan,clip_illumination_slow_v0,e8ed1c5bf4895f613f4f225732c2476e3d25c78ea3e858b7fb64ec2f1ebe50ac,07b257405f757223,,45956f4958728428,B1,16,16,fb2e41a2d7,2,synthetic:illumination-v0,ok,harsh|clip_illumination_slow_v0|harsh|rep2|seed20240909,0.5968
harsh,,nan,clip_illumination_slow_v0,e8ed1c5bf4895f613f4f225732c2476e3d25c78ea3e858b7fb64ec2f1ebe50ac,07b257405f757223,,7524fc4705360586,B1,16,16,fb2e41a2d7,3,synthetic:illumination-v0,ok,harsh|clip_illumination_slow_v0|harsh|rep3|seed20240909,0.5993
harsh,,nan,clip_illumination_slow_v0,e8ed1c5bf4895f613f4f225732c2476e3d25c78ea3e858b7fb64ec2f1ebe50ac,07b257405f757223,,12a8cb90b9f0833f,B1,16,16,fb2e41a2d7,0,synthetic:illumination-v0,ok,harsh|clip_illumination_slow_v0|harsh|rep0|seed20240909,0.6582
harsh,,nan,clip_illumination_slow_v0,e8ed1c5bf4895f613f4f225732c2476e3d25c78ea3e858b7fb64ec2f1ebe50ac,07b257405f757223,,d65ed18e6c754214,B1,16,16,fb2e41a2d7,4,synthetic:illumination-v0,ok,harsh|clip_illumination_slow_v0|harsh|rep4|seed20240909,0.6549
harsh,,nan,clip_illumination_slow_v0,e8ed1c5bf4895f613f4f225732c2476e3d25c78ea3e858b7fb64ec2f1ebe50ac,07b257405f757223,,878e095a3fcb6969,B1,16,16,fb2e41a2d7,1,synthetic:illumination-v0,ok,harsh|clip_illumination_slow_v0|harsh|rep1|seed20240909,0.7124
clean,,nan,clip_illumination_slow_v0,e8ed1c5bf4895f613f4f225732c2476e3d25c78ea3e858b7fb64ec2f1ebe50ac,07b257405f757223,,2e618d7965cdbc06,B2,16,16,fb2e41a2d7,2,synthetic:illumination-v0,ok,clean|clip_illumination_slow_v0|clean|rep2|seed20240909,0.4066
clean,,nan,clip_illumination_slow_v0,e8ed1c5bf4895f613f4f225732c2476e3d25c78ea3e858b7fb64ec2f1ebe50ac,07b257405f757223,,10ba707d1c2332b9,B2,16,16,fb2e41a2d7,0,synthetic:illumination-v0,ok,clean|clip_illumination_slow_v0|clean|rep0|seed20240909,0.4493
clean,,nan,clip_illumination_slow_v0,e8ed1c5bf4895f613f4f225732c2476e3d25c78ea3e858b7fb64ec2f1ebe50ac,07b257405f757223,,3b6e9010f9f88e66,B2,16,16,fb2e41a2d7,1,synthetic:illumination-v0,ok,clean|clip_illumination_slow_v0|clean|rep1|seed20240909,0.481
clean,,nan,clip_illumination_slow_v0,e8ed1c5bf4895f613f4f225732c2476e3d25c78ea3e858b7fb64ec2f1ebe50ac,07b257405f757223,,5131e3400dc3e5ea,B2,16,16,fb2e41a2d7,3,synthetic:illumination-v0,ok,clean|clip_illumination_slow_v0|clean|rep3|seed20240909,0.4531
clean,,nan,clip_illumination_slow_v0,e8ed1c5bf4895f613f4f225732c2476e3d25c78ea3e858b7fb64ec2f1ebe50ac,07b257405f757223,,b18f95808a6c504b,B2,16,16,fb2e41a2d7,4,synthetic:illumination-v0,ok,clean|clip_illumination_slow_v0|clean|rep4|seed20240909,0.4293
mild,,nan,clip_illumination_slow_v0,e8ed1c5bf4895f613f4f225732c2476e3d25c78ea3e858b7fb64ec2f1ebe50ac,07b257405f757223,,2eb37313bf2e4328,B2,16,16,fb2e41a2d7,0,synthetic:illumination-v0,ok,mild|clip_illumination_slow_v0|mild|rep0|seed20240909,0.6123
mild,,nan,clip_illumination_slow_v0,e8ed1c5bf4895f613f4f225732c2476e3d25c78ea3e858b7fb64ec2f1ebe50ac,07b257405f757223,,772f9bbc5c6e4f14,B2,16,16,fb2e41a2d7,1,synthetic:illumination-v0,ok,mild|clip_illumination_slow_v0|mild|rep1|seed20240909,0.6002
mild,,nan,clip_illumination_slow_v0,e8ed1c5bf4895f613f4f225732c2476e3d25c78ea3e858b7fb64ec2f1ebe50ac,07b257405f757223,,f964c3ee6592f320,B2,16,16,fb2e41a2d7,2,synthetic:illumination-v0,ok,mild|clip_illumination_slow_v0|mild|rep2|seed20240909,0.6129
mild,,nan,clip_illumination_slow_v0,e8ed1c5bf4895f613f4f225732c2476e3d25c78ea3e858b7fb64ec2f1ebe50ac,07b257405f757223,,a423bf08dfed9822,B2,16,16,fb2e41a2d7,3,synthetic:illumination-v0,ok,mild|clip_illumination_slow_v0|mild|rep3|seed20240909,0.6649
mild,,nan,clip_illumination_slow_v0,e8ed1c5bf4895f613f4f225732c2476e3d25c78ea3e858b7fb64ec2f1ebe50ac,07b257405f757223,,8e757cb7e17d58da,B2,16,16,fb2e41a2d7,4,synthetic:illumination-v0,ok,mild|clip_illumination_slow_v0|mild|rep4|seed20240909,0.6357
moderate,,nan,clip_illumination_slow_v0,e8ed1c5bf4895f613f4f225732c2476e3d25c78ea3e858b7fb64ec2f1ebe50ac,07b257405f757223,,e6cf8768543cbd3d,B2,16,16,fb2e41a2d7,1,synthetic:illumination-v0,ok,moderate|clip_illumination_slow_v0|moderate|rep1|seed20240909,0.6739
moderate,,nan,clip_illumination_slow_v0,e8ed1c5bf4895f613f4f225732c2476e3d25c78ea3e858b7fb64ec2f1ebe50ac,07b257405f757223,,39fa0ddb3c19c7fc,B2,16,16,fb2e41a2d7,0,synthetic:illumination-v0,ok,moderate|clip_illumination_slow_v0|moderate|rep0|seed20240909,0.7194
moderate,,nan,clip_illumination_slow_v0,e8ed1c5bf4895f613f4f225732c2476e3d25c78ea3e858b7fb64ec2f1ebe50ac,07b257405f757223,,89dd13083b4694e6,B2,16,16,fb2e41a2d7,4,synthetic:illumination-v0,ok,moderate|clip_illumination_slow_v0|moderate|rep4|seed20240909,0.6287
moderate,,nan,clip_illumination_slow_v0,e8ed1c5bf4895f613f4f225732c2476e3d25c78ea3e858b7fb64ec2f1ebe50ac,07b257405f757223,,dcf57b32b59b9fc9,B2,16,16,fb2e41a2d7,2,synthetic:illumination-v0,ok,moderate|clip_illumination_slow_v0|moderate|rep2|seed20240909,0.7274
moderate,,nan,clip_illumination_slow_v0,e8ed1c5bf4895f613f4f225732c2476e3d25c78ea3e858b7fb64ec2f1ebe50ac,07b257405f757223,,87809cb328c4a03f,B2,16,16,fb2e41a2d7,3,synthetic:illumination-v0,ok,moderate|clip_illumination_slow_v0|moderate|rep3|seed20240909,0.7172
bursty,,nan,clip_illumination_slow_v0,e8ed1c5bf4895f613f4f225732c2476e3d25c78ea3e858b7fb64ec2f1ebe50ac,07b257405f757223,,ef55f158dd4fbafd,B2,16,16,fb2e41a2d7,1,synthetic:illumination-v0,ok,bursty|clip_illumination_slow_v0|bursty|rep1|seed20240909,0.6016
bursty,,nan,clip_illumination_slow_v0,e8ed1c5bf4895f613f4f225732c2476e3d25c78ea3e858b7fb64ec2f1ebe50ac,07b257405f757223,,76e83447b066aa30,B2,16,16,fb2e41a2d7,0,synthetic:illumination-v0,ok,bursty|clip_illumination_slow_v0|bursty|rep0|seed20240909,0.6483
bursty,,nan,clip_illumination_slow_v0,e8ed1c5bf4895f613f4f225732c2476e3d25c78ea3e858b7fb64ec2f1ebe50ac,07b257405f757223,,c4fa0918517d806f,B2,16,16,fb2e41a2d7,2,synthetic:illumination-v0,ok,bursty|clip_illumination_slow_v0|bursty|rep2|seed20240909,0.612
bursty,,nan,clip_illumination_slow_v0,e8ed1c5bf4895f613f4f225732c2476e3d25c78ea3e858b7fb64ec2f1ebe50ac,07b257405f757223,,85152af95e13540f,B2,16,16,fb2e41a2d7,3,synthetic:illumination-v0,ok,bursty|clip_illumination_slow_v0|bursty|rep3|seed20240909,0.6132
bursty,,nan,clip_illumination_slow_v0,e8ed1c5bf4895f613f4f225732c2476e3d25c78ea3e858b7fb64ec2f1ebe50ac,07b257405f757223,,4f30ebaa2341f3c0,B2,16,16,fb2e41a2d7,4,synthetic:illumination-v0,ok,bursty|clip_illumination_slow_v0|bursty|rep4|seed20240909,0.6022
bursty,,nan,clip_illumination_slow_v0,e8ed1c5bf4895f613f4f225732c2476e3d25c78ea3e858b7fb64ec2f1ebe50ac,07b257405f757223,,bc2dca3bfc13f020,B0d,16,16,fb2e41a2d7,1,synthetic:illumination-v0,ok,bursty|clip_illumination_slow_v0|bursty|rep1|seed20240909,5.942
harsh,,nan,clip_illumination_slow_v0,e8ed1c5bf4895f613f4f225732c2476e3d25c78ea3e858b7fb64ec2f1ebe50ac,07b257405f757223,,4dadd915201e25c7,B2,16,16,fb2e41a2d7,1,synthetic:illumination-v0,ok,harsh|clip_illumination_slow_v0|harsh|rep1|seed20240909,0.6235
harsh,,nan,clip_illumination_slow_v0,e8ed1c5bf4895f613f4f225732c2476e3d25c78ea3e858b7fb64ec2f1ebe50ac,07b257405f757223,,ce38eeab65c57c38,B2,16,16,fb2e41a2d7,0,synthetic:illumination-v0,ok,harsh|clip_illumination_slow_v0|harsh|rep0|seed20240909,0.6783
harsh,,nan,clip_illumination_slow_v0,e8ed1c5bf4895f613f4f225732c2476e3d25c78ea3e858b7fb64ec2f1ebe50ac,07b257405f757223,,25de172839e796bf,B2,16,16,fb2e41a2d7,4,synthetic:illumination-v0,ok,harsh|clip_illumination_slow_v0|harsh|rep4|seed20240909,0.5874
harsh,,nan,clip_illumination_slow_v0,e8ed1c5bf4895f613f4f225732c2476e3d25c78ea3e858b7fb64ec2f1ebe50ac,07b257405f757223,,2aaa08b23d672723,B2,16,16,fb2e41a2d7,3,synthetic:illumination-v0,ok,harsh|clip_illumination_slow_v0|harsh|rep3|seed20240909,0.6444
harsh,,nan,clip_illumination_slow_v0,e8ed1c5bf4895f613f4f225732c2476e3d25c78ea3e858b7fb64ec2f1ebe50ac,07b257405f757223,,05acb15ef47a0e6a,B2,16,16,fb2e41a2d7,2,synthetic:illumination-v0,ok,harsh|clip_illumination_slow_v0|harsh|rep2|seed20240909,0.6513
bursty,,nan,clip_illumination_slow_v0,e8ed1c5bf4895f613f4f225732c2476e3d25c78ea3e858b7fb64ec2f1ebe50ac,07b257405f757223,,54e519ba74b264c0,B0d,16,16,fb2e41a2d7,2,synthetic:illumination-v0,ok,bursty|clip_illumination_slow_v0|bursty|rep2|seed20240909,6.7208
bursty,,nan,clip_illumination_slow_v0,e8ed1c5bf4895f613f4f225732c2476e3d25c78ea3e858b7fb64ec2f1ebe50ac,07b257405f757223,,3a14b2d608295279,B0d,16,16,fb2e41a2d7,3,synthetic:illumination-v0,ok,bursty|clip_illumination_slow_v0|bursty|rep3|seed20240909,6.6945
bursty,,nan,clip_illumination_slow_v0,e8ed1c5bf4895f613f4f225732c2476e3d25c78ea3e858b7fb64ec2f1ebe50ac,07b257405f757223,,0ce671f990ea8a70,B0d,16,16,fb2e41a2d7,4,synthetic:illumination-v0,ok,bursty|clip_illumination_slow_v0|bursty|rep4|seed20240909,6.8123
clean,,nan,clip_illumination_slow_v0,e8ed1c5bf4895f613f4f225732c2476e3d25c78ea3e858b7fb64ec2f1ebe50ac,07b257405f757223,,ea9d67ea1479b3e5,B3,16,16,fb2e41a2d7,0,synthetic:illumination-v0,ok,clean|clip_illumination_slow_v0|clean|rep0|seed20240909,1.9849
clean,,nan,clip_illumination_slow_v0,e8ed1c5bf4895f613f4f225732c2476e3d25c78ea3e858b7fb64ec2f1ebe50ac,07b257405f757223,,6f097733e42dff9b,B3,16,16,fb2e41a2d7,2,synthetic:illumination-v0,ok,clean|clip_illumination_slow_v0|clean|rep2|seed20240909,2.0425
clean,,nan,clip_illumination_slow_v0,e8ed1c5bf4895f613f4f225732c2476e3d25c78ea3e858b7fb64ec2f1ebe50ac,07b257405f757223,,3c9a484bbd1cf253,B3,16,16,fb2e41a2d7,1,synthetic:illumination-v0,ok,clean|clip_illumination_slow_v0|clean|rep1|seed20240909,2.0848
clean,,nan,clip_illumination_slow_v0,e8ed1c5bf4895f613f4f225732c2476e3d25c78ea3e858b7fb64ec2f1ebe50ac,07b257405f757223,,16f5595d88a96a29,B3,16,16,fb2e41a2d7,3,synthetic:illumination-v0,ok,clean|clip_illumination_slow_v0|clean|rep3|seed20240909,2.1419
clean,,nan,clip_illumination_slow_v0,e8ed1c5bf4895f613f4f225732c2476e3d25c78ea3e858b7fb64ec2f1ebe50ac,07b257405f757223,,79be4dfb9f0e0c5c,B3,16,16,fb2e41a2d7,4,synthetic:illumination-v0,ok,clean|clip_illumination_slow_v0|clean|rep4|seed20240909,1.9734
mild,,nan,clip_illumination_slow_v0,e8ed1c5bf4895f613f4f225732c2476e3d25c78ea3e858b7fb64ec2f1ebe50ac,07b257405f757223,,2a283a0c4fa2f3a5,B3,16,16,fb2e41a2d7,0,synthetic:illumination-v0,ok,mild|clip_illumination_slow_v0|mild|rep0|seed20240909,2.2071
mild,,nan,clip_illumination_slow_v0,e8ed1c5bf4895f613f4f225732c2476e3d25c78ea3e858b7fb64ec2f1ebe50ac,07b257405f757223,,3851692c7cbfab45,B3,16,16,fb2e41a2d7,1,synthetic:illumination-v0,ok,mild|clip_illumination_slow_v0|mild|rep1|seed20240909,2.1805
mild,,nan,clip_illumination_slow_v0,e8ed1c5bf4895f613f4f225732c2476e3d25c78ea3e858b7fb64ec2f1ebe50ac,07b257405f757223,,20d56eea303c1970,B3,16,16,fb2e41a2d7,2,synthetic:illumination-v0,ok,mild|clip_illumination_slow_v0|mild|rep2|seed20240909,2.161
mild,,nan,clip_illumination_slow_v0,e8ed1c5bf4895f613f4f225732c2476e3d25c78ea3e858b7fb64ec2f1ebe50ac,07b257405f757223,,693839de33b423cc,B3,16,16,fb2e41a2d7,4,synthetic:illumination-v0,ok,mild|clip_illumination_slow_v0|mild|rep4|seed20240909,2.1253
mild,,nan,clip_illumination_slow_v0,e8ed1c5bf4895f613f4f225732c2476e3d25c78ea3e858b7fb64ec2f1ebe50ac,07b257405f757223,,997fbbb236bcacb1,B3,16,16,fb2e41a2d7,3,synthetic:illumination-v0,ok,mild|clip_illumination_slow_v0|mild|rep3|seed20240909,2.3214
moderate,,nan,clip_illumination_slow_v0,e8ed1c5bf4895f613f4f225732c2476e3d25c78ea3e858b7fb64ec2f1ebe50ac,07b257405f757223,,2f1c2923678570e4,B3,16,16,fb2e41a2d7,0,synthetic:illumination-v0,ok,moderate|clip_illumination_slow_v0|moderate|rep0|seed20240909,2.4482
moderate,,nan,clip_illumination_slow_v0,e8ed1c5bf4895f613f4f225732c2476e3d25c78ea3e858b7fb64ec2f1ebe50ac,07b257405f757223,,25fde9a3eb683e38,B3,16,16,fb2e41a2d7,1,synthetic:illumination-v0,ok,moderate|clip_illumination_slow_v0|moderate|rep1|seed20240909,2.7973
moderate,,nan,clip_illumination_slow_v0,e8ed1c5bf4895f613f4f225732c2476e3d25c78ea3e858b7fb64ec2f1ebe50ac,07b257405f757223,,9d6839c183c75de8,B3,16,16,fb2e41a2d7,2,synthetic:illumination-v0,ok,moderate|clip_illumination_slow_v0|moderate|rep2|seed20240909,2.8346
harsh,,nan,clip_illumination_slow_v0,e8ed1c5bf4895f613f4f225732c2476e3d25c78ea3e858b7fb64ec2f1ebe50ac,07b257405f757223,,49f3af1c7207174c,B3,16,16,fb2e41a2d7,0,synthetic:illumination-v0,ok,harsh|clip_illumination_slow_v0|harsh|rep0|seed20240909,1.7138
moderate,,nan,clip_illumination_slow_v0,e8ed1c5bf4895f613f4f225732c2476e3d25c78ea3e858b7fb64ec2f1ebe50ac,07b257405f757223,,55675bc1b885c94a,B3,16,16,fb2e41a2d7,3,synthetic:illumination-v0,ok,moderate|clip_illumination_slow_v0|moderate|rep3|seed20240909,2.6805
harsh,,nan,clip_illumination_slow_v0,e8ed1c5bf4895f613f4f225732c2476e3d25c78ea3e858b7fb64ec2f1ebe50ac,07b257405f757223,,089f86cf84e0b9c5,B3,16,16,fb2e41a2d7,3,synthetic:illumination-v0,ok,harsh|clip_illumination_slow_v0|harsh|rep3|seed20240909,1.5755
moderate,,nan,clip_illumination_slow_v0,e8ed1c5bf4895f613f4f225732c2476e3d25c78ea3e858b7fb64ec2f1ebe50ac,07b257405f757223,,a8413e127a1e97b7,B3,16,16,fb2e41a2d7,4,synthetic:illumination-v0,ok,moderate|clip_illumination_slow_v0|moderate|rep4|seed20240909,2.7748
harsh,,nan,clip_illumination_slow_v0,e8ed1c5bf4895f613f4f225732c2476e3d25c78ea3e858b7fb64ec2f1ebe50ac,07b257405f757223,,4c6b29558b78ace4,B3,16,16,fb2e41a2d7,1,synthetic:illumination-v0,ok,harsh|clip_illumination_slow_v0|harsh|rep1|seed20240909,1.6914
harsh,,nan,clip_illumination_slow_v0,e8ed1c5bf4895f613f4f225732c2476e3d25c78ea3e858b7fb64ec2f1ebe50ac,07b257405f757223,,a1f39f887a86e8e6,B3,16,16,fb2e41a2d7,4,synthetic:illumination-v0,ok,harsh|clip_illumination_slow_v0|harsh|rep4|seed20240909,1.5902
harsh,,nan,clip_illumination_slow_v0,e8ed1c5bf4895f613f4f225732c2476e3d25c78ea3e858b7fb64ec2f1ebe50ac,07b257405f757223,,c3f2d5229e2c08fa,B3,16,16,fb2e41a2d7,2,synthetic:illumination-v0,ok,harsh|clip_illumination_slow_v0|harsh|rep2|seed20240909,1.742
bursty,,nan,clip_illumination_slow_v0,e8ed1c5bf4895f613f4f225732c2476e3d25c78ea3e858b7fb64ec2f1ebe50ac,07b257405f757223,,b50c46d016ff4bbc,B3,16,16,fb2e41a2d7,0,synthetic:illumination-v0,ok,bursty|clip_illumination_slow_v0|bursty|rep0|seed20240909,2.7753
bursty,,nan,clip_illumination_slow_v0,e8ed1c5bf4895f613f4f225732c2476e3d25c78ea3e858b7fb64ec2f1ebe50ac,07b257405f757223,,1745b6443a37979e,B3,16,16,fb2e41a2d7,1,synthetic:illumination-v0,ok,bursty|clip_illumination_slow_v0|bursty|rep1|seed20240909,2.5638
bursty,,nan,clip_illumination_slow_v0,e8ed1c5bf4895f613f4f225732c2476e3d25c78ea3e858b7fb64ec2f1ebe50ac,07b257405f757223,,e26b085825e3f7bd,B3,16,16,fb2e41a2d7,3,synthetic:illumination-v0,ok,bursty|clip_illumination_slow_v0|bursty|rep3|seed20240909,2.746
bursty,,nan,clip_illumination_slow_v0,e8ed1c5bf4895f613f4f225732c2476e3d25c78ea3e858b7fb64ec2f1ebe50ac,07b257405f757223,,30ace462e0c24585,B3,16,16,fb2e41a2d7,2,synthetic:illumination-v0,ok,bursty|clip_illumination_slow_v0|bursty|rep2|seed20240909,2.8363
bursty,,nan,clip_illumination_slow_v0,e8ed1c5bf4895f613f4f225732c2476e3d25c78ea3e858b7fb64ec2f1ebe50ac,07b257405f757223,,cc92ea1a11093c17,B3,16,16,fb2e41a2d7,4,synthetic:illumination-v0,ok,bursty|clip_illumination_slow_v0|bursty|rep4|seed20240909,3.0534
clean,,nan,clip_illumination_slow_v0,e8ed1c5bf4895f613f4f225732c2476e3d25c78ea3e858b7fb64ec2f1ebe50ac,07b257405f757223,,f960a7e72cd33783,B4,16,16,fb2e41a2d7,0,synthetic:illumination-v0,ok,clean|clip_illumination_slow_v0|clean|rep0|seed20240909,4.3346
clean,,nan,clip_illumination_slow_v0,e8ed1c5bf4895f613f4f225732c2476e3d25c78ea3e858b7fb64ec2f1ebe50ac,07b257405f757223,,d7b5d72e5f9bd180,B4,16,16,fb2e41a2d7,1,synthetic:illumination-v0,ok,clean|clip_illumination_slow_v0|clean|rep1|seed20240909,4.4654
clean,,nan,clip_illumination_slow_v0,e8ed1c5bf4895f613f4f225732c2476e3d25c78ea3e858b7fb64ec2f1ebe50ac,07b257405f757223,,4a5a08b316d8b3fa,B4,16,16,fb2e41a2d7,2,synthetic:illumination-v0,ok,clean|clip_illumination_slow_v0|clean|rep2|seed20240909,4.365
clean,,nan,clip_illumination_slow_v0,e8ed1c5bf4895f613f4f225732c2476e3d25c78ea3e858b7fb64ec2f1ebe50ac,07b257405f757223,,95d41d034ae3bdc8,B4,16,16,fb2e41a2d7,3,synthetic:illumination-v0,ok,clean|clip_illumination_slow_v0|clean|rep3|seed20240909,4.3407
clean,,nan,clip_illumination_slow_v0,e8ed1c5bf4895f613f4f225732c2476e3d25c78ea3e858b7fb64ec2f1ebe50ac,07b257405f757223,,8faa67985910b396,B4,16,16,fb2e41a2d7,4,synthetic:illumination-v0,ok,clean|clip_illumination_slow_v0|clean|rep4|seed20240909,4.441
mild,,nan,clip_illumination_slow_v0,e8ed1c5bf4895f613f4f225732c2476e3d25c78ea3e858b7fb64ec2f1ebe50ac,07b257405f757223,,61b36d5a62257cd7,B4,16,16,fb2e41a2d7,2,synthetic:illumination-v0,ok,mild|clip_illumination_slow_v0|mild|rep2|seed20240909,4.6276
mild,,nan,clip_illumination_slow_v0,e8ed1c5bf4895f613f4f225732c2476e3d25c78ea3e858b7fb64ec2f1ebe50ac,07b257405f757223,,4680ccb887f27b4f,B4,16,16,fb2e41a2d7,0,synthetic:illumination-v0,ok,mild|clip_illumination_slow_v0|mild|rep0|seed20240909,4.8036
mild,,nan,clip_illumination_slow_v0,e8ed1c5bf4895f613f4f225732c2476e3d25c78ea3e858b7fb64ec2f1ebe50ac,07b257405f757223,,3c51c04d73281ffd,B4,16,16,fb2e41a2d7,1,synthetic:illumination-v0,ok,mild|clip_illumination_slow_v0|mild|rep1|seed20240909,4.6883
mild,,nan,clip_illumination_slow_v0,e8ed1c5bf4895f613f4f225732c2476e3d25c78ea3e858b7fb64ec2f1ebe50ac,07b257405f757223,,ec7ec6de8f166657,B4,16,16,fb2e41a2d7,3,synthetic:illumination-v0,ok,mild|clip_illumination_slow_v0|mild|rep3|seed20240909,4.7101
mild,,nan,clip_illumination_slow_v0,e8ed1c5bf4895f613f4f225732c2476e3d25c78ea3e858b7fb64ec2f1ebe50ac,07b257405f757223,,bbcdd75da2579185,B4,16,16,fb2e41a2d7,4,synthetic:illumination-v0,ok,mild|clip_illumination_slow_v0|mild|rep4|seed20240909,4.8016
moderate,,nan,clip_illumination_slow_v0,e8ed1c5bf4895f613f4f225732c2476e3d25c78ea3e858b7fb64ec2f1ebe50ac,07b257405f757223,,c50c49fbd647d2bb,B4,16,16,fb2e41a2d7,0,synthetic:illumination-v0,ok,moderate|clip_illumination_slow_v0|moderate|rep0|seed20240909,7.0805
harsh,,nan,clip_illumination_slow_v0,e8ed1c5bf4895f613f4f225732c2476e3d25c78ea3e858b7fb64ec2f1ebe50ac,07b257405f757223,,33951d6dd8b742ac,B4,16,16,fb2e41a2d7,0,synthetic:illumination-v0,ok,harsh|clip_illumination_slow_v0|harsh|rep0|seed20240909,2.9601
moderate,,nan,clip_illumination_slow_v0,e8ed1c5bf4895f613f4f225732c2476e3d25c78ea3e858b7fb64ec2f1ebe50ac,07b257405f757223,,07e2dfb3fe04ab44,B4,16,16,fb2e41a2d7,1,synthetic:illumination-v0,ok,moderate|clip_illumination_slow_v0|moderate|rep1|seed20240909,7.2695
harsh,,nan,clip_illumination_slow_v0,e8ed1c5bf4895f613f4f225732c2476e3d25c78ea3e858b7fb64ec2f1ebe50ac,07b257405f757223,,824651935f512cae,B4,16,16,fb2e41a2d7,3,synthetic:illumination-v0,ok,harsh|clip_illumination_slow_v0|harsh|rep3|seed20240909,2.8025
harsh,,nan,clip_illumination_slow_v0,e8ed1c5bf4895f613f4f225732c2476e3d25c78ea3e858b7fb64ec2f1ebe50ac,07b257405f757223,,719b4b38e9eac8df,B4,16,16,fb2e41a2d7,1,synthetic:illumination-v0,ok,harsh|clip_illumination_slow_v0|harsh|rep1|seed20240909,2.8752
harsh,,nan,clip_illumination_slow_v0,e8ed1c5bf4895f613f4f225732c2476e3d25c78ea3e858b7fb64ec2f1ebe50ac,07b257405f757223,,899068e6f4545023,B4,16,16,fb2e41a2d7,4,synthetic:illumination-v0,ok,harsh|clip_illumination_slow_v0|harsh|rep4|seed20240909,2.8007
harsh,,nan,clip_illumination_slow_v0,e8ed1c5bf4895f613f4f225732c2476e3d25c78ea3e858b7fb64ec2f1ebe50ac,07b257405f757223,,9a500a5714611e1d,B4,16,16,fb2e41a2d7,2,synthetic:illumination-v0,ok,harsh|clip_illumination_slow_v0|harsh|rep2|seed20240909,2.912
moderate,,nan,clip_illumination_slow_v0,e8ed1c5bf4895f613f4f225732c2476e3d25c78ea3e858b7fb64ec2f1ebe50ac,07b257405f757223,,9dd5e86583e69ff5,B4,16,16,fb2e41a2d7,2,synthetic:illumination-v0,ok,moderate|clip_illumination_slow_v0|moderate|rep2|seed20240909,7.6465
moderate,,nan,clip_illumination_slow_v0,e8ed1c5bf4895f613f4f225732c2476e3d25c78ea3e858b7fb64ec2f1ebe50ac,07b257405f757223,,58e535e32b416228,B4,16,16,fb2e41a2d7,3,synthetic:illumination-v0,ok,moderate|clip_illumination_slow_v0|moderate|rep3|seed20240909,7.4449
bursty,,nan,clip_illumination_slow_v0,e8ed1c5bf4895f613f4f225732c2476e3d25c78ea3e858b7fb64ec2f1ebe50ac,07b257405f757223,,3533190d2575681e,B4,16,16,fb2e41a2d7,0,synthetic:illumination-v0,ok,bursty|clip_illumination_slow_v0|bursty|rep0|seed20240909,7.3008
moderate,,nan,clip_illumination_slow_v0,e8ed1c5bf4895f613f4f225732c2476e3d25c78ea3e858b7fb64ec2f1ebe50ac,07b257405f757223,,619088c3f0b9f545,B4,16,16,fb2e41a2d7,4,synthetic:illumination-v0,ok,moderate|clip_illumination_slow_v0|moderate|rep4|seed20240909,7.8985
bursty,,nan,clip_illumination_slow_v0,e8ed1c5bf4895f613f4f225732c2476e3d25c78ea3e858b7fb64ec2f1ebe50ac,07b257405f757223,,4245f04e932125ce,B4,16,16,fb2e41a2d7,1,synthetic:illumination-v0,ok,bursty|clip_illumination_slow_v0|bursty|rep1|seed20240909,6.9325
bursty,,nan,clip_illumination_slow_v0,e8ed1c5bf4895f613f4f225732c2476e3d25c78ea3e858b7fb64ec2f1ebe50ac,07b257405f757223,,a8aa820ab1cdd87e,B4,16,16,fb2e41a2d7,2,synthetic:illumination-v0,ok,bursty|clip_illumination_slow_v0|bursty|rep2|seed20240909,7.6988
bursty,,nan,clip_illumination_slow_v0,e8ed1c5bf4895f613f4f225732c2476e3d25c78ea3e858b7fb64ec2f1ebe50ac,07b257405f757223,,ad4bc65ebca2d11d,B4,16,16,fb2e41a2d7,3,synthetic:illumination-v0,ok,bursty|clip_illumination_slow_v0|bursty|rep3|seed20240909,7.6359
bursty,,nan,clip_illumination_slow_v0,e8ed1c5bf4895f613f4f225732c2476e3d25c78ea3e858b7fb64ec2f1ebe50ac,07b257405f757223,,b82e0fd8e90bc402,B4,16,16,fb2e41a2d7,4,synthetic:illumination-v0,ok,bursty|clip_illumination_slow_v0|bursty|rep4|seed20240909,7.7298
clean,,nan,clip_illumination_slow_v0,e8ed1c5bf4895f613f4f225732c2476e3d25c78ea3e858b7fb64ec2f1ebe50ac,07b257405f757223,,b6a0434edb140c09,P,16,16,8da29d3843,0,synthetic:illumination-v0,ok,clean|clip_illumination_slow_v0|clean|rep0|seed20240909,7.4331
clean,,nan,clip_illumination_slow_v0,e8ed1c5bf4895f613f4f225732c2476e3d25c78ea3e858b7fb64ec2f1ebe50ac,07b257405f757223,,251440b51a628611,P,16,16,8da29d3843,1,synthetic:illumination-v0,ok,clean|clip_illumination_slow_v0|clean|rep1|seed20240909,7.341
clean,,nan,clip_illumination_slow_v0,e8ed1c5bf4895f613f4f225732c2476e3d25c78ea3e858b7fb64ec2f1ebe50ac,07b257405f757223,,5f07a42209417a6a,P,16,16,8da29d3843,2,synthetic:illumination-v0,ok,clean|clip_illumination_slow_v0|clean|rep2|seed20240909,7.5042
clean,,nan,clip_illumination_slow_v0,e8ed1c5bf4895f613f4f225732c2476e3d25c78ea3e858b7fb64ec2f1ebe50ac,07b257405f757223,,7d2363682f6a7f53,P,16,16,8da29d3843,4,synthetic:illumination-v0,ok,clean|clip_illumination_slow_v0|clean|rep4|seed20240909,7.4181
clean,,nan,clip_illumination_slow_v0,e8ed1c5bf4895f613f4f225732c2476e3d25c78ea3e858b7fb64ec2f1ebe50ac,07b257405f757223,,ae45d43a228225db,P,16,16,8da29d3843,3,synthetic:illumination-v0,ok,clean|clip_illumination_slow_v0|clean|rep3|seed20240909,7.4327
mild,,nan,clip_illumination_slow_v0,e8ed1c5bf4895f613f4f225732c2476e3d25c78ea3e858b7fb64ec2f1ebe50ac,07b257405f757223,,d5761ee05c4a710d,P,16,16,8da29d3843,0,synthetic:illumination-v0,ok,mild|clip_illumination_slow_v0|mild|rep0|seed20240909,7.7469
mild,,nan,clip_illumination_slow_v0,e8ed1c5bf4895f613f4f225732c2476e3d25c78ea3e858b7fb64ec2f1ebe50ac,07b257405f757223,,46340c118084204d,P,16,16,8da29d3843,1,synthetic:illumination-v0,ok,mild|clip_illumination_slow_v0|mild|rep1|seed20240909,7.8233
mild,,nan,clip_illumination_slow_v0,e8ed1c5bf4895f613f4f225732c2476e3d25c78ea3e858b7fb64ec2f1ebe50ac,07b257405f757223,,45da13bccab72fa8,P,16,16,8da29d3843,2,synthetic:illumination-v0,ok,mild|clip_illumination_slow_v0|mild|rep2|seed20240909,7.8518
mild,,nan,clip_illumination_slow_v0,e8ed1c5bf4895f613f4f225732c2476e3d25c78ea3e858b7fb64ec2f1ebe50ac,07b257405f757223,,1fad46727432b833,P,16,16,8da29d3843,3,synthetic:illumination-v0,ok,mild|clip_illumination_slow_v0|mild|rep3|seed20240909,7.7506
mild,,nan,clip_illumination_slow_v0,e8ed1c5bf4895f613f4f225732c2476e3d25c78ea3e858b7fb64ec2f1ebe50ac,07b257405f757223,,3f3d8c2cb2702f00,P,16,16,8da29d3843,4,synthetic:illumination-v0,ok,mild|clip_illumination_slow_v0|mild|rep4|seed20240909,7.8623
clean,,nan,clip_smooth_slow_v0,1139aa3d6f02b7aef953d4c9345e1ea3d12f723cd825baf4b2bc744ff40463a4,07b257405f757223,,b31371027688aae3,B0a,16,16,fb2e41a2d7,0,synthetic:smooth-v0,ok,clean|clip_smooth_slow_v0|clean|rep0|seed20240909,0.4021
clean,,nan,clip_smooth_slow_v0,1139aa3d6f02b7aef953d4c9345e1ea3d12f723cd825baf4b2bc744ff40463a4,07b257405f757223,,d778c968e911a721,B0a,16,16,fb2e41a2d7,1,synthetic:smooth-v0,ok,clean|clip_smooth_slow_v0|clean|rep1|seed20240909,0.3861
clean,,nan,clip_smooth_slow_v0,1139aa3d6f02b7aef953d4c9345e1ea3d12f723cd825baf4b2bc744ff40463a4,07b257405f757223,,70400576e61e52e1,B0a,16,16,fb2e41a2d7,2,synthetic:smooth-v0,ok,clean|clip_smooth_slow_v0|clean|rep2|seed20240909,0.4384
clean,,nan,clip_smooth_slow_v0,1139aa3d6f02b7aef953d4c9345e1ea3d12f723cd825baf4b2bc744ff40463a4,07b257405f757223,,88ec52babbc746bd,B0a,16,16,fb2e41a2d7,3,synthetic:smooth-v0,ok,clean|clip_smooth_slow_v0|clean|rep3|seed20240909,0.3643
clean,,nan,clip_smooth_slow_v0,1139aa3d6f02b7aef953d4c9345e1ea3d12f723cd825baf4b2bc744ff40463a4,07b257405f757223,,a2936401c1876f7a,B0a,16,16,fb2e41a2d7,4,synthetic:smooth-v0,ok,clean|clip_smooth_slow_v0|clean|rep4|seed20240909,0.4031
mild,,nan,clip_smooth_slow_v0,1139aa3d6f02b7aef953d4c9345e1ea3d12f723cd825baf4b2bc744ff40463a4,07b257405f757223,,47a2f9fd70b6a453,B0a,16,16,fb2e41a2d7,0,synthetic:smooth-v0,ok,mild|clip_smooth_slow_v0|mild|rep0|seed20240909,0.5016
mild,,nan,clip_smooth_slow_v0,1139aa3d6f02b7aef953d4c9345e1ea3d12f723cd825baf4b2bc744ff40463a4,07b257405f757223,,e9f866a7b781734f,B0a,16,16,fb2e41a2d7,1,synthetic:smooth-v0,ok,mild|clip_smooth_slow_v0|mild|rep1|seed20240909,0.5265
harsh,,nan,clip_illumination_slow_v0,e8ed1c5bf4895f613f4f225732c2476e3d25c78ea3e858b7fb64ec2f1ebe50ac,07b257405f757223,,dd2f4f75695529a6,P,16,16,8da29d3843,0,synthetic:illumination-v0,ok,harsh|clip_illumination_slow_v0|harsh|rep0|seed20240909,4.4294
mild,,nan,clip_smooth_slow_v0,1139aa3d6f02b7aef953d4c9345e1ea3d12f723cd825baf4b2bc744ff40463a4,07b257405f757223,,192c7ecb17c2351d,B0a,16,16,fb2e41a2d7,2,synthetic:smooth-v0,ok,mild|clip_smooth_slow_v0|mild|rep2|seed20240909,0.51
harsh,,nan,clip_illumination_slow_v0,e8ed1c5bf4895f613f4f225732c2476e3d25c78ea3e858b7fb64ec2f1ebe50ac,07b257405f757223,,a91fc7eee5aee9c3,P,16,16,8da29d3843,2,synthetic:illumination-v0,ok,harsh|clip_illumination_slow_v0|harsh|rep2|seed20240909,4.3082
harsh,,nan,clip_illumination_slow_v0,e8ed1c5bf4895f613f4f225732c2476e3d25c78ea3e858b7fb64ec2f1ebe50ac,07b257405f757223,,91f242c2770d3c85,P,16,16,8da29d3843,1,synthetic:illumination-v0,ok,harsh|clip_illumination_slow_v0|harsh|rep1|seed20240909,4.4843
harsh,,nan,clip_illumination_slow_v0,e8ed1c5bf4895f613f4f225732c2476e3d25c78ea3e858b7fb64ec2f1ebe50ac,07b257405f757223,,b6805cafbcff608b,P,16,16,8da29d3843,3,synthetic:illumination-v0,ok,harsh|clip_illumination_slow_v0|harsh|rep3|seed20240909,4.4058
mild,,nan,clip_smooth_slow_v0,1139aa3d6f02b7aef953d4c9345e1ea3d12f723cd825baf4b2bc744ff40463a4,07b257405f757223,,2124e60b29908b2c,B0a,16,16,fb2e41a2d7,3,synthetic:smooth-v0,ok,mild|clip_smooth_slow_v0|mild|rep3|seed20240909,0.5137
mild,,nan,clip_smooth_slow_v0,1139aa3d6f02b7aef953d4c9345e1ea3d12f723cd825baf4b2bc744ff40463a4,07b257405f757223,,26489113f3fc412d,B0a,16,16,fb2e41a2d7,4,synthetic:smooth-v0,ok,mild|clip_smooth_slow_v0|mild|rep4|seed20240909,0.5113
harsh,,nan,clip_illumination_slow_v0,e8ed1c5bf4895f613f4f225732c2476e3d25c78ea3e858b7fb64ec2f1ebe50ac,07b257405f757223,,1065eaffb14fae49,P,16,16,8da29d3843,4,synthetic:illumination-v0,ok,harsh|clip_illumination_slow_v0|harsh|rep4|seed20240909,4.2921
moderate,,nan,clip_smooth_slow_v0,1139aa3d6f02b7aef953d4c9345e1ea3d12f723cd825baf4b2bc744ff40463a4,07b257405f757223,,50121e97a0c214c7,B0a,16,16,fb2e41a2d7,0,synthetic:smooth-v0,ok,moderate|clip_smooth_slow_v0|moderate|rep0|seed20240909,0.5353
moderate,,nan,clip_smooth_slow_v0,1139aa3d6f02b7aef953d4c9345e1ea3d12f723cd825baf4b2bc744ff40463a4,07b257405f757223,,cb7a8af5ebfc69dc,B0a,16,16,fb2e41a2d7,1,synthetic:smooth-v0,ok,moderate|clip_smooth_slow_v0|moderate|rep1|seed20240909,0.5529
moderate,,nan,clip_smooth_slow_v0,1139aa3d6f02b7aef953d4c9345e1ea3d12f723cd825baf4b2bc744ff40463a4,07b257405f757223,,148d81ae1395f22d,B0a,16,16,fb2e41a2d7,3,synthetic:smooth-v0,ok,moderate|clip_smooth_slow_v0|moderate|rep3|seed20240909,0.541
moderate,,nan,clip_smooth_slow_v0,1139aa3d6f02b7aef953d4c9345e1ea3d12f723cd825baf4b2bc744ff40463a4,07b257405f757223,,77e79145c253387d,B0a,16,16,fb2e41a2d7,2,synthetic:smooth-v0,ok,moderate|clip_smooth_slow_v0|moderate|rep2|seed20240909,0.6088
moderate,,nan,clip_smooth_slow_v0,1139aa3d6f02b7aef953d4c9345e1ea3d12f723cd825baf4b2bc744ff40463a4,07b257405f757223,,482222977a4a13b4,B0a,16,16,fb2e41a2d7,4,synthetic:smooth-v0,ok,moderate|clip_smooth_slow_v0|moderate|rep4|seed20240909,0.5675
bursty,,nan,clip_smooth_slow_v0,1139aa3d6f02b7aef953d4c9345e1ea3d12f723cd825baf4b2bc744ff40463a4,07b257405f757223,,5e02f96ee0c22854,B0a,16,16,fb2e41a2d7,0,synthetic:smooth-v0,ok,bursty|clip_smooth_slow_v0|bursty|rep0|seed20240909,0.5339
bursty,,nan,clip_smooth_slow_v0,1139aa3d6f02b7aef953d4c9345e1ea3d12f723cd825baf4b2bc744ff40463a4,07b257405f757223,,91e9466936baceef,B0a,16,16,fb2e41a2d7,1,synthetic:smooth-v0,ok,bursty|clip_smooth_slow_v0|bursty|rep1|seed20240909,0.553
bursty,,nan,clip_smooth_slow_v0,1139aa3d6f02b7aef953d4c9345e1ea3d12f723cd825baf4b2bc744ff40463a4,07b257405f757223,,4555df62e0d3f5b2,B0a,16,16,fb2e41a2d7,2,synthetic:smooth-v0,ok,bursty|clip_smooth_slow_v0|bursty|rep2|seed20240909,0.5339
bursty,,nan,clip_smooth_slow_v0,1139aa3d6f02b7aef953d4c9345e1ea3d12f723cd825baf4b2bc744ff40463a4,07b257405f757223,,e92d303e6f0541b1,B0a,16,16,fb2e41a2d7,3,synthetic:smooth-v0,ok,bursty|clip_smooth_slow_v0|bursty|rep3|seed20240909,0.5626
bursty,,nan,clip_smooth_slow_v0,1139aa3d6f02b7aef953d4c9345e1ea3d12f723cd825baf4b2bc744ff40463a4,07b257405f757223,,bd820315b6c8e5ce,B0a,16,16,fb2e41a2d7,4,synthetic:smooth-v0,ok,bursty|clip_smooth_slow_v0|bursty|rep4|seed20240909,0.5702
harsh,,nan,clip_smooth_slow_v0,1139aa3d6f02b7aef953d4c9345e1ea3d12f723cd825baf4b2bc744ff40463a4,07b257405f757223,,2a996eb61202c082,B0a,16,16,fb2e41a2d7,0,synthetic:smooth-v0,ok,harsh|clip_smooth_slow_v0|harsh|rep0|seed20240909,0.6092
harsh,,nan,clip_smooth_slow_v0,1139aa3d6f02b7aef953d4c9345e1ea3d12f723cd825baf4b2bc744ff40463a4,07b257405f757223,,c3f7363a246ef322,B0a,16,16,fb2e41a2d7,1,synthetic:smooth-v0,ok,harsh|clip_smooth_slow_v0|harsh|rep1|seed20240909,0.6367
harsh,,nan,clip_smooth_slow_v0,1139aa3d6f02b7aef953d4c9345e1ea3d12f723cd825baf4b2bc744ff40463a4,07b257405f757223,,d9cae260278d250c,B0a,16,16,fb2e41a2d7,2,synthetic:smooth-v0,ok,harsh|clip_smooth_slow_v0|harsh|rep2|seed20240909,0.5705
harsh,,nan,clip_smooth_slow_v0,1139aa3d6f02b7aef953d4c9345e1ea3d12f723cd825baf4b2bc744ff40463a4,07b257405f757223,,bef29e7cc38b8b66,B0a,16,16,fb2e41a2d7,3,synthetic:smooth-v0,ok,harsh|clip_smooth_slow_v0|harsh|rep3|seed20240909,0.5706
harsh,,nan,clip_smooth_slow_v0,1139aa3d6f02b7aef953d4c9345e1ea3d12f723cd825baf4b2bc744ff40463a4,07b257405f757223,,2f81a95447845485,B0a,16,16,fb2e41a2d7,4,synthetic:smooth-v0,ok,harsh|clip_smooth_slow_v0|harsh|rep4|seed20240909,0.5685
clean,,nan,clip_smooth_slow_v0,1139aa3d6f02b7aef953d4c9345e1ea3d12f723cd825baf4b2bc744ff40463a4,07b257405f757223,,d9ef88284debce94,B0a-R,16,16,fb2e41a2d7,0,synthetic:smooth-v0,ok,clean|clip_smooth_slow_v0|clean|rep0|seed20240909,1.017
clean,,nan,clip_smooth_slow_v0,1139aa3d6f02b7aef953d4c9345e1ea3d12f723cd825baf4b2bc744ff40463a4,07b257405f757223,,5ce0d9b1c98d8453,B0a-R,16,16,fb2e41a2d7,2,synthetic:smooth-v0,ok,clean|clip_smooth_slow_v0|clean|rep2|seed20240909,1.0087
clean,,nan,clip_smooth_slow_v0,1139aa3d6f02b7aef953d4c9345e1ea3d12f723cd825baf4b2bc744ff40463a4,07b257405f757223,,f960c3c5f17d1292,B0a-R,16,16,fb2e41a2d7,1,synthetic:smooth-v0,ok,clean|clip_smooth_slow_v0|clean|rep1|seed20240909,1.0971
clean,,nan,clip_smooth_slow_v0,1139aa3d6f02b7aef953d4c9345e1ea3d12f723cd825baf4b2bc744ff40463a4,07b257405f757223,,dd700ec669b52e1f,B0a-R,16,16,fb2e41a2d7,3,synthetic:smooth-v0,ok,clean|clip_smooth_slow_v0|clean|rep3|seed20240909,1.0647
clean,,nan,clip_smooth_slow_v0,1139aa3d6f02b7aef953d4c9345e1ea3d12f723cd825baf4b2bc744ff40463a4,07b257405f757223,,f062f1ba3ad31079,B0a-R,16,16,fb2e41a2d7,4,synthetic:smooth-v0,ok,clean|clip_smooth_slow_v0|clean|rep4|seed20240909,1.0639
moderate,,nan,clip_illumination_slow_v0,e8ed1c5bf4895f613f4f225732c2476e3d25c78ea3e858b7fb64ec2f1ebe50ac,07b257405f757223,,574a26a031b9453b,P,16,16,8da29d3843,1,synthetic:illumination-v0,ok,moderate|clip_illumination_slow_v0|moderate|rep1|seed20240909,13.8992
moderate,,nan,clip_illumination_slow_v0,e8ed1c5bf4895f613f4f225732c2476e3d25c78ea3e858b7fb64ec2f1ebe50ac,07b257405f757223,,a87f213ff9f43960,P,16,16,8da29d3843,0,synthetic:illumination-v0,ok,moderate|clip_illumination_slow_v0|moderate|rep0|seed20240909,14.4327
mild,,nan,clip_smooth_slow_v0,1139aa3d6f02b7aef953d4c9345e1ea3d12f723cd825baf4b2bc744ff40463a4,07b257405f757223,,e2095252281e8f43,B0a-R,16,16,fb2e41a2d7,0,synthetic:smooth-v0,ok,mild|clip_smooth_slow_v0|mild|rep0|seed20240909,1.4721
moderate,,nan,clip_illumination_slow_v0,e8ed1c5bf4895f613f4f225732c2476e3d25c78ea3e858b7fb64ec2f1ebe50ac,07b257405f757223,,4cd4805b371cc193,P,16,16,8da29d3843,2,synthetic:illumination-v0,ok,moderate|clip_illumination_slow_v0|moderate|rep2|seed20240909,13.2479
mild,,nan,clip_smooth_slow_v0,1139aa3d6f02b7aef953d4c9345e1ea3d12f723cd825baf4b2bc744ff40463a4,07b257405f757223,,cff63f29f286e7ad,B0a-R,16,16,fb2e41a2d7,1,synthetic:smooth-v0,ok,mild|clip_smooth_slow_v0|mild|rep1|seed20240909,1.5207
mild,,nan,clip_smooth_slow_v0,1139aa3d6f02b7aef953d4c9345e1ea3d12f723cd825baf4b2bc744ff40463a4,07b257405f757223,,ccec9dee62f99d90,B0a-R,16,16,fb2e41a2d7,2,synthetic:smooth-v0,ok,mild|clip_smooth_slow_v0|mild|rep2|seed20240909,1.5617
mild,,nan,clip_smooth_slow_v0,1139aa3d6f02b7aef953d4c9345e1ea3d12f723cd825baf4b2bc744ff40463a4,07b257405f757223,,e11fd2a920326289,B0a-R,16,16,fb2e41a2d7,3,synthetic:smooth-v0,ok,mild|clip_smooth_slow_v0|mild|rep3|seed20240909,1.5437
mild,,nan,clip_smooth_slow_v0,1139aa3d6f02b7aef953d4c9345e1ea3d12f723cd825baf4b2bc744ff40463a4,07b257405f757223,,847d720dbe09d8b4,B0a-R,16,16,fb2e41a2d7,4,synthetic:smooth-v0,ok,mild|clip_smooth_slow_v0|mild|rep4|seed20240909,1.5483
moderate,,nan,clip_smooth_slow_v0,1139aa3d6f02b7aef953d4c9345e1ea3d12f723cd825baf4b2bc744ff40463a4,07b257405f757223,,88b140bfd393c417,B0a-R,16,16,fb2e41a2d7,1,synthetic:smooth-v0,ok,moderate|clip_smooth_slow_v0|moderate|rep1|seed20240909,1.6447
moderate,,nan,clip_smooth_slow_v0,1139aa3d6f02b7aef953d4c9345e1ea3d12f723cd825baf4b2bc744ff40463a4,07b257405f757223,,0a6640e5461f2e1f,B0a-R,16,16,fb2e41a2d7,0,synthetic:smooth-v0,ok,moderate|clip_smooth_slow_v0|moderate|rep0|seed20240909,1.7787
moderate,,nan,clip_illumination_slow_v0,e8ed1c5bf4895f613f4f225732c2476e3d25c78ea3e858b7fb64ec2f1ebe50ac,07b257405f757223,,cf74bc2c5d25367c,P,16,16,8da29d3843,3,synthetic:illumination-v0,ok,moderate|clip_illumination_slow_v0|moderate|rep3|seed20240909,13.4009
moderate,,nan,clip_smooth_slow_v0,1139aa3d6f02b7aef953d4c9345e1ea3d12f723cd825baf4b2bc744ff40463a4,07b257405f757223,,f25571a44e6f37f3,B0a-R,16,16,fb2e41a2d7,2,synthetic:smooth-v0,ok,moderate|clip_smooth_slow_v0|moderate|rep2|seed20240909,1.6396
bursty,,nan,clip_illumination_slow_v0,e8ed1c5bf4895f613f4f225732c2476e3d25c78ea3e858b7fb64ec2f1ebe50ac,07b257405f757223,,5835248cab813a85,P,16,16,8da29d3843,0,synthetic:illumination-v0,ok,bursty|clip_illumination_slow_v0|bursty|rep0|seed20240909,13.3137
moderate,,nan,clip_smooth_slow_v0,1139aa3d6f02b7aef953d4c9345e1ea3d12f723cd825baf4b2bc744ff40463a4,07b257405f757223,,46344f52f024a392,B0a-R,16,16,fb2e41a2d7,3,synthetic:smooth-v0,ok,moderate|clip_smooth_slow_v0|moderate|rep3|seed20240909,1.6881
moderate,,nan,clip_smooth_slow_v0,1139aa3d6f02b7aef953d4c9345e1ea3d12f723cd825baf4b2bc744ff40463a4,07b257405f757223,,7f6b4a8005ecbda0,B0a-R,16,16,fb2e41a2d7,4,synthetic:smooth-v0,ok,moderate|clip_smooth_slow_v0|moderate|rep4|seed20240909,1.6606
bursty,,nan,clip_smooth_slow_v0,1139aa3d6f02b7aef953d4c9345e1ea3d12f723cd825baf4b2bc744ff40463a4,07b257405f757223,,f66b7027939bbff2,B0a-R,16,16,fb2e41a2d7,0,synthetic:smooth-v0,ok,bursty|clip_smooth_slow_v0|bursty|rep0|seed20240909,1.6196
bursty,,nan,clip_smooth_slow_v0,1139aa3d6f02b7aef953d4c9345e1ea3d12f723cd825baf4b2bc744ff40463a4,07b257405f757223,,5964d92bcb3ec58e,B0a-R,16,16,fb2e41a2d7,1,synthetic:smooth-v0,ok,bursty|clip_smooth_slow_v0|bursty|rep1|seed20240909,1.6249
bursty,,nan,clip_smooth_slow_v0,1139aa3d6f02b7aef953d4c9345e1ea3d12f723cd825baf4b2bc744ff40463a4,07b257405f757223,,c8300e026a6986aa,B0a-R,16,16,fb2e41a2d7,2,synthetic:smooth-v0,ok,bursty|clip_smooth_slow_v0|bursty|rep2|seed20240909,1.6059
moderate,,nan,clip_illumination_slow_v0,e8ed1c5bf4895f613f4f225732c2476e3d25c78ea3e858b7fb64ec2f1ebe50ac,07b257405f757223,,0684e7d85c1fde64,P,16,16,8da29d3843,4,synthetic:illumination-v0,ok,moderate|clip_illumination_slow_v0|moderate|rep4|seed20240909,14.3441
bursty,,nan,clip_smooth_slow_v0,1139aa3d6f02b7aef953d4c9345e1ea3d12f723cd825baf4b2bc744ff40463a4,07b257405f757223,,67b0ae8893e30b79,B0a-R,16,16,fb2e41a2d7,3,synthetic:smooth-v0,ok,bursty|clip_smooth_slow_v0|bursty|rep3|seed20240909,1.6648
bursty,,nan,clip_smooth_slow_v0,1139aa3d6f02b7aef953d4c9345e1ea3d12f723cd825baf4b2bc744ff40463a4,07b257405f757223,,66c78bd9684c974c,B0a-R,16,16,fb2e41a2d7,4,synthetic:smooth-v0,ok,bursty|clip_smooth_slow_v0|bursty|rep4|seed20240909,1.6578
bursty,,nan,clip_illumination_slow_v0,e8ed1c5bf4895f613f4f225732c2476e3d25c78ea3e858b7fb64ec2f1ebe50ac,07b257405f757223,,32297e3ebcbf70ef,P,16,16,8da29d3843,1,synthetic:illumination-v0,ok,bursty|clip_illumination_slow_v0|bursty|rep1|seed20240909,13.6153
harsh,,nan,clip_smooth_slow_v0,1139aa3d6f02b7aef953d4c9345e1ea3d12f723cd825baf4b2bc744ff40463a4,07b257405f757223,,3072045a429d06b8,B0a-R,16,16,fb2e41a2d7,0,synthetic:smooth-v0,ok,harsh|clip_smooth_slow_v0|harsh|rep0|seed20240909,1.7795
harsh,,nan,clip_smooth_slow_v0,1139aa3d6f02b7aef953d4c9345e1ea3d12f723cd825baf4b2bc744ff40463a4,07b257405f757223,,b37dd4d4e0bdd542,B0a-R,16,16,fb2e41a2d7,1,synthetic:smooth-v0,ok,harsh|clip_smooth_slow_v0|harsh|rep1|seed20240909,1.7068
harsh,,nan,clip_smooth_slow_v0,1139aa3d6f02b7aef953d4c9345e1ea3d12f723cd825baf4b2bc744ff40463a4,07b257405f757223,,77cec24b70a3b61a,B0a-R,16,16,fb2e41a2d7,2,synthetic:smooth-v0,ok,harsh|clip_smooth_slow_v0|harsh|rep2|seed20240909,1.6376
harsh,,nan,clip_smooth_slow_v0,1139aa3d6f02b7aef953d4c9345e1ea3d12f723cd825baf4b2bc744ff40463a4,07b257405f757223,,1583bcb1bbbce741,B0a-R,16,16,fb2e41a2d7,3,synthetic:smooth-v0,ok,harsh|clip_smooth_slow_v0|harsh|rep3|seed20240909,1.6276
harsh,,nan,clip_smooth_slow_v0,1139aa3d6f02b7aef953d4c9345e1ea3d12f723cd825baf4b2bc744ff40463a4,07b257405f757223,,fd6caaac477c348b,B0a-R,16,16,fb2e41a2d7,4,synthetic:smooth-v0,ok,harsh|clip_smooth_slow_v0|harsh|rep4|seed20240909,1.7077
bursty,,nan,clip_illumination_slow_v0,e8ed1c5bf4895f613f4f225732c2476e3d25c78ea3e858b7fb64ec2f1ebe50ac,07b257405f757223,,4a1072561be56dc6,P,16,16,8da29d3843,3,synthetic:illumination-v0,ok,bursty|clip_illumination_slow_v0|bursty|rep3|seed20240909,13.0803
clean,,nan,clip_smooth_slow_v0,1139aa3d6f02b7aef953d4c9345e1ea3d12f723cd825baf4b2bc744ff40463a4,07b257405f757223,,4650e1f3bbca2a7c,B0d,16,16,fb2e41a2d7,0,synthetic:smooth-v0,ok,clean|clip_smooth_slow_v0|clean|rep0|seed20240909,3.218
bursty,,nan,clip_illumination_slow_v0,e8ed1c5bf4895f613f4f225732c2476e3d25c78ea3e858b7fb64ec2f1ebe50ac,07b257405f757223,,85667867b20af4a6,P,16,16,8da29d3843,2,synthetic:illumination-v0,ok,bursty|clip_illumination_slow_v0|bursty|rep2|seed20240909,13.7924
clean,,nan,clip_smooth_slow_v0,1139aa3d6f02b7aef953d4c9345e1ea3d12f723cd825baf4b2bc744ff40463a4,07b257405f757223,,a5c7feb609929f34,B0d,16,16,fb2e41a2d7,1,synthetic:smooth-v0,ok,clean|clip_smooth_slow_v0|clean|rep1|seed20240909,3.1943
bursty,,nan,clip_illumination_slow_v0,e8ed1c5bf4895f613f4f225732c2476e3d25c78ea3e858b7fb64ec2f1ebe50ac,07b257405f757223,,9b97106b3af09b45,P,16,16,8da29d3843,4,synthetic:illumination-v0,ok,bursty|clip_illumination_slow_v0|bursty|rep4|seed20240909,13.765
clean,,nan,clip_smooth_slow_v0,1139aa3d6f02b7aef953d4c9345e1ea3d12f723cd825baf4b2bc744ff40463a4,07b257405f757223,,978a7ec63ad9c02e,B0d,16,16,fb2e41a2d7,2,synthetic:smooth-v0,ok,clean|clip_smooth_slow_v0|clean|rep2|seed20240909,3.2947
clean,,nan,clip_smooth_slow_v0,1139aa3d6f02b7aef953d4c9345e1ea3d12f723cd825baf4b2bc744ff40463a4,07b257405f757223,,63026794c1bdccd5,B0d,16,16,fb2e41a2d7,3,synthetic:smooth-v0,ok,clean|clip_smooth_slow_v0|clean|rep3|seed20240909,3.2858
clean,,nan,clip_smooth_slow_v0,1139aa3d6f02b7aef953d4c9345e1ea3d12f723cd825baf4b2bc744ff40463a4,07b257405f757223,,bf9f8a2eb72cb72e,B0d,16,16,fb2e41a2d7,4,synthetic:smooth-v0,ok,clean|clip_smooth_slow_v0|clean|rep4|seed20240909,3.2459
mild,,nan,clip_smooth_slow_v0,1139aa3d6f02b7aef953d4c9345e1ea3d12f723cd825baf4b2bc744ff40463a4,07b257405f757223,,4261cb06b274cd8e,B0d,16,16,fb2e41a2d7,0,synthetic:smooth-v0,ok,mild|clip_smooth_slow_v0|mild|rep0|seed20240909,3.5866
mild,,nan,clip_smooth_slow_v0,1139aa3d6f02b7aef953d4c9345e1ea3d12f723cd825baf4b2bc744ff40463a4,07b257405f757223,,ed29119dfe384b75,B0d,16,16,fb2e41a2d7,1,synthetic:smooth-v0,ok,mild|clip_smooth_slow_v0|mild|rep1|seed20240909,3.5248
mild,,nan,clip_smooth_slow_v0,1139aa3d6f02b7aef953d4c9345e1ea3d12f723cd825baf4b2bc744ff40463a4,07b257405f757223,,8bf87b4995646747,B0d,16,16,fb2e41a2d7,2,synthetic:smooth-v0,ok,mild|clip_smooth_slow_v0|mild|rep2|seed20240909,3.6298
mild,,nan,clip_smooth_slow_v0,1139aa3d6f02b7aef953d4c9345e1ea3d12f723cd825baf4b2bc744ff40463a4,07b257405f757223,,5b3c2505628a637d,B0d,16,16,fb2e41a2d7,3,synthetic:smooth-v0,ok,mild|clip_smooth_slow_v0|mild|rep3|seed20240909,3.5507
mild,,nan,clip_smooth_slow_v0,1139aa3d6f02b7aef953d4c9345e1ea3d12f723cd825baf4b2bc744ff40463a4,07b257405f757223,,2a0149c1c5e9c201,B0d,16,16,fb2e41a2d7,4,synthetic:smooth-v0,ok,mild|clip_smooth_slow_v0|mild|rep4|seed20240909,3.5618
clean,,nan,clip_smooth_slow_v0,1139aa3d6f02b7aef953d4c9345e1ea3d12f723cd825baf4b2bc744ff40463a4,07b257405f757223,,6b2f2b25ca7a4847,B1,16,16,fb2e41a2d7,0,synthetic:smooth-v0,ok,clean|clip_smooth_slow_v0|clean|rep0|seed20240909,0.431
clean,,nan,clip_smooth_slow_v0,1139aa3d6f02b7aef953d4c9345e1ea3d12f723cd825baf4b2bc744ff40463a4,07b257405f757223,,a45e08f66f504d32,B1,16,16,fb2e41a2d7,1,synthetic:smooth-v0,ok,clean|clip_smooth_slow_v0|clean|rep1|seed20240909,0.395
clean,,nan,clip_smooth_slow_v0,1139aa3d6f02b7aef953d4c9345e1ea3d12f723cd825baf4b2bc744ff40463a4,07b257405f757223,,6f5bb35489f10f38,B1,16,16,fb2e41a2d7,2,synthetic:smooth-v0,ok,clean|clip_smooth_slow_v0|clean|rep2|seed20240909,0.4127
harsh,,nan,clip_smooth_slow_v0,1139aa3d6f02b7aef953d4c9345e1ea3d12f723cd825baf4b2bc744ff40463a4,07b257405f757223,,764fbe1bf2f8cb9d,B0d,16,16,fb2e41a2d7,0,synthetic:smooth-v0,ok,harsh|clip_smooth_slow_v0|harsh|rep0|seed20240909,2.4604
clean,,nan,clip_smooth_slow_v0,1139aa3d6f02b7aef953d4c9345e1ea3d12f723cd825baf4b2bc744ff40463a4,07b257405f757223,,3043daa0032cd447,B1,16,16,fb2e41a2d7,3,synthetic:smooth-v0,ok,clean|clip_smooth_slow_v0|clean|rep3|seed20240909,0.3836
harsh,,nan,clip_smooth_slow_v0,1139aa3d6f02b7aef953d4c9345e1ea3d12f723cd825baf4b2bc744ff40463a4,07b257405f757223,,6b78883d058c1e5f,B0d,16,16,fb2e41a2d7,1,synthetic:smooth-v0,ok,harsh|clip_smooth_slow_v0|harsh|rep1|seed20240909,2.3967
clean,,nan,clip_smooth_slow_v0,1139aa3d6f02b7aef953d4c9345e1ea3d12f723cd825baf4b2bc744ff40463a4,07b257405f757223,,ddedb7fa88c2b56f,B1,16,16,fb2e41a2d7,4,synthetic:smooth-v0,ok,clean|clip_smooth_slow_v0|clean|rep4|seed20240909,0.4131
moderate,,nan,clip_smooth_slow_v0,1139aa3d6f02b7aef953d4c9345e1ea3d12f723cd825baf4b2bc744ff40463a4,07b257405f757223,,1f1401964a2c796b,B0d,16,16,fb2e41a2d7,2,synthetic:smooth-v0,ok,moderate|clip_smooth_slow_v0|moderate|rep2|seed20240909,5.2655
harsh,,nan,clip_smooth_slow_v0,1139aa3d6f02b7aef953d4c9345e1ea3d12f723cd825baf4b2bc744ff40463a4,07b257405f757223,,5d330d2fa39ff329,B0d,16,16,fb2e41a2d7,2,synthetic:smooth-v0,ok,harsh|clip_smooth_slow_v0|harsh|rep2|seed20240909,2.3861
mild,,nan,clip_smooth_slow_v0,1139aa3d6f02b7aef953d4c9345e1ea3d12f723cd825baf4b2bc744ff40463a4,07b257405f757223,,7311a1fc6c811684,B1,16,16,fb2e41a2d7,0,synthetic:smooth-v0,ok,mild|clip_smooth_slow_v0|mild|rep0|seed20240909,0.4903
moderate,,nan,clip_smooth_slow_v0,1139aa3d6f02b7aef953d4c9345e1ea3d12f723cd825baf4b2bc744ff40463a4,07b257405f757223,,1a8986d88b393de4,B0d,16,16,fb2e41a2d7,1,synthetic:smooth-v0,ok,moderate|clip_smooth_slow_v0|moderate|rep1|seed20240909,5.6925
harsh,,nan,clip_smooth_slow_v0,1139aa3d6f02b7aef953d4c9345e1ea3d12f723cd825baf4b2bc744ff40463a4,07b257405f757223,,4f5084f58eeca939,B0d,16,16,fb2e41a2d7,3,synthetic:smooth-v0,ok,harsh|clip_smooth_slow_v0|harsh|rep3|seed20240909,2.4872
moderate,,nan,clip_smooth_slow_v0,1139aa3d6f02b7aef953d4c9345e1ea3d12f723cd825baf4b2bc744ff40463a4,07b257405f757223,,8e8f21b454b73f55,B0d,16,16,fb2e41a2d7,0,synthetic:smooth-v0,ok,moderate|clip_smooth_slow_v0|moderate|rep0|seed20240909,5.914
harsh,,nan,clip_smooth_slow_v0,1139aa3d6f02b7aef953d4c9345e1ea3d12f723cd825baf4b2bc744ff40463a4,07b257405f757223,,c06c4dae637613af,B0d,16,16,fb2e41a2d7,4,synthetic:smooth-v0,ok,harsh|clip_smooth_slow_v0|harsh|rep4|seed20240909,2.4633
mild,,nan,clip_smooth_slow_v0,1139aa3d6f02b7aef953d4c9345e1ea3d12f723cd825baf4b2bc744ff40463a4,07b257405f757223,,a6d39f147079474b,B1,16,16,fb2e41a2d7,1,synthetic:smooth-v0,ok,mild|clip_smooth_slow_v0|mild|rep1|seed20240909,0.6279
mild,,nan,clip_smooth_slow_v0,1139aa3d6f02b7aef953d4c9345e1ea3d12f723cd825baf4b2bc744ff40463a4,07b257405f757223,,2375a0ea365a575e,B1,16,16,fb2e41a2d7,3,synthetic:smooth-v0,ok,mild|clip_smooth_slow_v0|mild|rep3|seed20240909,0.5628
mild,,nan,clip_smooth_slow_v0,1139aa3d6f02b7aef953d4c9345e1ea3d12f723cd825baf4b2bc744ff40463a4,07b257405f757223,,8c73af9dc555a4a5,B1,16,16,fb2e41a2d7,2,synthetic:smooth-v0,ok,mild|clip_smooth_slow_v0|mild|rep2|seed20240909,0.5878
mild,,nan,clip_smooth_slow_v0,1139aa3d6f02b7aef953d4c9345e1ea3d12f723cd825baf4b2bc744ff40463a4,07b257405f757223,,4b9bd6f6fcf7f017,B1,16,16,fb2e41a2d7,4,synthetic:smooth-v0,ok,mild|clip_smooth_slow_v0|mild|rep4|seed20240909,0.5916
moderate,,nan,clip_smooth_slow_v0,1139aa3d6f02b7aef953d4c9345e1ea3d12f723cd825baf4b2bc744ff40463a4,07b257405f757223,,73dfc5d33d989c6f,B1,16,16,fb2e41a2d7,0,synthetic:smooth-v0,ok,moderate|clip_smooth_slow_v0|moderate|rep0|seed20240909,0.6136
moderate,,nan,clip_smooth_slow_v0,1139aa3d6f02b7aef953d4c9345e1ea3d12f723cd825baf4b2bc744ff40463a4,07b257405f757223,,2d8be46761f2bae2,B1,16,16,fb2e41a2d7,1,synthetic:smooth-v0,ok,moderate|clip_smooth_slow_v0|moderate|rep1|seed20240909,0.6238
moderate,,nan,clip_smooth_slow_v0,1139aa3d6f02b7aef953d4c9345e1ea3d12f723cd825baf4b2bc744ff40463a4,07b257405f757223,,5368b48f0f3e2233,B1,16,16,fb2e41a2d7,3,synthetic:smooth-v0,ok,moderate|clip_smooth_slow_v0|moderate|rep3|seed20240909,0.6289
moderate,,nan,clip_smooth_slow_v0,1139aa3d6f02b7aef953d4c9345e1ea3d12f723cd825baf4b2bc744ff40463a4,07b257405f757223,,fd5607a2739237bb,B1,16,16,fb2e41a2d7,2,synthetic:smooth-v0,ok,moderate|clip_smooth_slow_v0|moderate|rep2|seed20240909,0.6773
moderate,,nan,clip_smooth_slow_v0,1139aa3d6f02b7aef953d4c9345e1ea3d12f723cd825baf4b2bc744ff40463a4,07b257405f757223,,ef7d9a55703254c0,B1,16,16,fb2e41a2d7,4,synthetic:smooth-v0,ok,moderate|clip_smooth_slow_v0|moderate|rep4|seed20240909,0.6484
bursty,,nan,clip_smooth_slow_v0,1139aa3d6f02b7aef953d4c9345e1ea3d12f723cd825baf4b2bc744ff40463a4,07b257405f757223,,274ddaadc437e1cc,B1,16,16,fb2e41a2d7,0,synthetic:smooth-v0,ok,bursty|clip_smooth_slow_v0|bursty|rep0|seed20240909,0.5891
bursty,,nan,clip_smooth_slow_v0,1139aa3d6f02b7aef953d4c9345e1ea3d12f723cd825baf4b2bc744ff40463a4,07b257405f757223,,fc092ef7965fb889,B1,16,16,fb2e41a2d7,1,synthetic:smooth-v0,ok,bursty|clip_smooth_slow_v0|bursty|rep1|seed20240909,0.5837
bursty,,nan,clip_smooth_slow_v0,1139aa3d6f02b7aef953d4c9345e1ea3d12f723cd825baf4b2bc744ff40463a4,07b257405f757223,,c38798ca5e3db3de,B1,16,16,fb2e41a2d7,2,synthetic:smooth-v0,ok,bursty|clip_smooth_slow_v0|bursty|rep2|seed20240909,0.5986
bursty,,nan,clip_smooth_slow_v0,1139aa3d6f02b7aef953d4c9345e1ea3d12f723cd825baf4b2bc744ff40463a4,07b257405f757223,,ebc933b2d61a26dc,B1,16,16,fb2e41a2d7,3,synthetic:smooth-v0,ok,bursty|clip_smooth_slow_v0|bursty|rep3|seed20240909,0.5845
bursty,,nan,clip_smooth_slow_v0,1139aa3d6f02b7aef953d4c9345e1ea3d12f723cd825baf4b2bc744ff40463a4,07b257405f757223,,d3dd45d4b9715c81,B1,16,16,fb2e41a2d7,4,synthetic:smooth-v0,ok,bursty|clip_smooth_slow_v0|bursty|rep4|seed20240909,0.6253
harsh,,nan,clip_smooth_slow_v0,1139aa3d6f02b7aef953d4c9345e1ea3d12f723cd825baf4b2bc744ff40463a4,07b257405f757223,,5484d688eb624f1d,B1,16,16,fb2e41a2d7,0,synthetic:smooth-v0,ok,harsh|clip_smooth_slow_v0|harsh|rep0|seed20240909,0.6247
harsh,,nan,clip_smooth_slow_v0,1139aa3d6f02b7aef953d4c9345e1ea3d12f723cd825baf4b2bc744ff40463a4,07b257405f757223,,6f67b745b89b54f1,B1,16,16,fb2e41a2d7,1,synthetic:smooth-v0,ok,harsh|clip_smooth_slow_v0|harsh|rep1|seed20240909,0.6125
clean,,nan,clip_smooth_slow_v0,1139aa3d6f02b7aef953d4c9345e1ea3d12f723cd825baf4b2bc744ff40463a4,07b257405f757223,,9145de29d276251c,B2,16,16,fb2e41a2d7,0,synthetic:smooth-v0,ok,clean|clip_smooth_slow_v0|clean|rep0|seed20240909,0.4484
clean,,nan,clip_smooth_slow_v0,1139aa3d6f02b7aef953d4c9345e1ea3d12f723cd825baf4b2bc744ff40463a4,07b257405f757223,,67ef4d902a7d564e,B2,16,16,fb2e41a2d7,1,synthetic:smooth-v0,ok,clean|clip_smooth_slow_v0|clean|rep1|seed20240909,0.4347
harsh,,nan,clip_smooth_slow_v0,1139aa3d6f02b7aef953d4c9345e1ea3d12f723cd825baf4b2bc744ff40463a4,07b257405f757223,,44d67e01dc0d1a3f,B1,16,16,fb2e41a2d7,2,synthetic:smooth-v0,ok,harsh|clip_smooth_slow_v0|harsh|rep2|seed20240909,0.6582
harsh,,nan,clip_smooth_slow_v0,1139aa3d6f02b7aef953d4c9345e1ea3d12f723cd825baf4b2bc744ff40463a4,07b257405f757223,,e0dcb0c04456673b,B1,16,16,fb2e41a2d7,3,synthetic:smooth-v0,ok,harsh|clip_smooth_slow_v0|harsh|rep3|seed20240909,0.6545
clean,,nan,clip_smooth_slow_v0,1139aa3d6f02b7aef953d4c9345e1ea3d12f723cd825baf4b2bc744ff40463a4,07b257405f757223,,fda8f5cd7e9b472d,B2,16,16,fb2e41a2d7,2,synthetic:smooth-v0,ok,clean|clip_smooth_slow_v0|clean|rep2|seed20240909,0.4347
harsh,,nan,clip_smooth_slow_v0,1139aa3d6f02b7aef953d4c9345e1ea3d12f723cd825baf4b2bc744ff40463a4,07b257405f757223,,d11dae6459173a83,B1,16,16,fb2e41a2d7,4,synthetic:smooth-v0,ok,harsh|clip_smooth_slow_v0|harsh|rep4|seed20240909,0.6101
clean,,nan,clip_smooth_slow_v0,1139aa3d6f02b7aef953d4c9345e1ea3d12f723cd825baf4b2bc744ff40463a4,07b257405f757223,,0fbc723b18d5d013,B2,16,16,fb2e41a2d7,3,synthetic:smooth-v0,ok,clean|clip_smooth_slow_v0|clean|rep3|seed20240909,0.4895
clean,,nan,clip_smooth_slow_v0,1139aa3d6f02b7aef953d4c9345e1ea3d12f723cd825baf4b2bc744ff40463a4,07b257405f757223,,92ee0a5f8a1ce4f8,B2,16,16,fb2e41a2d7,4,synthetic:smooth-v0,ok,clean|clip_smooth_slow_v0|clean|rep4|seed20240909,0.4939
mild,,nan,clip_smooth_slow_v0,1139aa3d6f02b7aef953d4c9345e1ea3d12f723cd825baf4b2bc744ff40463a4,07b257405f757223,,d4485d8331ca0ebd,B2,16,16,fb2e41a2d7,1,synthetic:smooth-v0,ok,mild|clip_smooth_slow_v0|mild|rep1|seed20240909,0.6025
moderate,,nan,clip_smooth_slow_v0,1139aa3d6f02b7aef953d4c9345e1ea3d12f723cd825baf4b2bc744ff40463a4,07b257405f757223,,cfc999971c6d8929,B0d,16,16,fb2e41a2d7,4,synthetic:smooth-v0,ok,moderate|clip_smooth_slow_v0|moderate|rep4|seed20240909,5.896
mild,,nan,clip_smooth_slow_v0,1139aa3d6f02b7aef953d4c9345e1ea3d12f723cd825baf4b2bc744ff40463a4,07b257405f757223,,4e47cb10c84b186d,B2,16,16,fb2e41a2d7,0,synthetic:smooth-v0,ok,mild|clip_smooth_slow_v0|mild|rep0|seed20240909,0.6107
mild,,nan,clip_smooth_slow_v0,1139aa3d6f02b7aef953d4c9345e1ea3d12f723cd825baf4b2bc744ff40463a4,07b257405f757223,,b9df12861e4e25fe,B2,16,16,fb2e41a2d7,2,synthetic:smooth-v0,ok,mild|clip_smooth_slow_v0|mild|rep2|seed20240909,0.6324
mild,,nan,clip_smooth_slow_v0,1139aa3d6f02b7aef953d4c9345e1ea3d12f723cd825baf4b2bc744ff40463a4,07b257405f757223,,7cda143051d949a7,B2,16,16,fb2e41a2d7,4,synthetic:smooth-v0,ok,mild|clip_smooth_slow_v0|mild|rep4|seed20240909,0.596
moderate,,nan,clip_smooth_slow_v0,1139aa3d6f02b7aef953d4c9345e1ea3d12f723cd825baf4b2bc744ff40463a4,07b257405f757223,,8ed786851ebe9429,B0d,16,16,fb2e41a2d7,3,synthetic:smooth-v0,ok,moderate|clip_smooth_slow_v0|moderate|rep3|seed20240909,6.1673
mild,,nan,clip_smooth_slow_v0,1139aa3d6f02b7aef953d4c9345e1ea3d12f723cd825baf4b2bc744ff40463a4,07b257405f757223,,9f313a4c914a8549,B2,16,16,fb2e41a2d7,3,synthetic:smooth-v0,ok,mild|clip_smooth_slow_v0|mild|rep3|seed20240909,0.6514
bursty,,nan,clip_smooth_slow_v0,1139aa3d6f02b7aef953d4c9345e1ea3d12f723cd825baf4b2bc744ff40463a4,07b257405f757223,,4e57f2a920552d20,B0d,16,16,fb2e41a2d7,0,synthetic:smooth-v0,ok,bursty|clip_smooth_slow_v0|bursty|rep0|seed20240909,5.6758
moderate,,nan,clip_smooth_slow_v0,1139aa3d6f02b7aef953d4c9345e1ea3d12f723cd825baf4b2bc744ff40463a4,07b257405f757223,,8df7384184147d43,B2,16,16,fb2e41a2d7,0,synthetic:smooth-v0,ok,moderate|clip_smooth_slow_v0|moderate|rep0|seed20240909,0.6155
moderate,,nan,clip_smooth_slow_v0,1139aa3d6f02b7aef953d4c9345e1ea3d12f723cd825baf4b2bc744ff40463a4,07b257405f757223,,9e58ab61e84792d2,B2,16,16,fb2e41a2d7,1,synthetic:smooth-v0,ok,moderate|clip_smooth_slow_v0|moderate|rep1|seed20240909,0.6573
moderate,,nan,clip_smooth_slow_v0,1139aa3d6f02b7aef953d4c9345e1ea3d12f723cd825baf4b2bc744ff40463a4,07b257405f757223,,26f9edfb49e560ea,B2,16,16,fb2e41a2d7,2,synthetic:smooth-v0,ok,moderate|clip_smooth_slow_v0|moderate|rep2|seed20240909,0.6287
bursty,,nan,clip_smooth_slow_v0,1139aa3d6f02b7aef953d4c9345e1ea3d12f723cd825baf4b2bc744ff40463a4,07b257405f757223,,636aad4b1f35c319,B0d,16,16,fb2e41a2d7,4,synthetic:smooth-v0,ok,bursty|clip_smooth_slow_v0|bursty|rep4|seed20240909,5.6058
moderate,,nan,clip_smooth_slow_v0,1139aa3d6f02b7aef953d4c9345e1ea3d12f723cd825baf4b2bc744ff40463a4,07b257405f757223,,5c4bf5a0bfaf4749,B2,16,16,fb2e41a2d7,3,synthetic:smooth-v0,ok,moderate|clip_smooth_slow_v0|moderate|rep3|seed20240909,0.6795
bursty,,nan,clip_smooth_slow_v0,1139aa3d6f02b7aef953d4c9345e1ea3d12f723cd825baf4b2bc744ff40463a4,07b257405f757223,,d78daccdef58ba1d,B2,16,16,fb2e41a2d7,0,synthetic:smooth-v0,ok,bursty|clip_smooth_slow_v0|bursty|rep0|seed20240909,0.6447
bursty,,nan,clip_smooth_slow_v0,1139aa3d6f02b7aef953d4c9345e1ea3d12f723cd825baf4b2bc744ff40463a4,07b257405f757223,,998e6f771dfde3fe,B2,16,16,fb2e41a2d7,2,synthetic:smooth-v0,ok,bursty|clip_smooth_slow_v0|bursty|rep2|seed20240909,0.6242
bursty,,nan,clip_smooth_slow_v0,1139aa3d6f02b7aef953d4c9345e1ea3d12f723cd825baf4b2bc744ff40463a4,07b257405f757223,,6f2444e1a71d4c94,B2,16,16,fb2e41a2d7,1,synthetic:smooth-v0,ok,bursty|clip_smooth_slow_v0|bursty|rep1|seed20240909,0.6542
moderate,,nan,clip_smooth_slow_v0,1139aa3d6f02b7aef953d4c9345e1ea3d12f723cd825baf4b2bc744ff40463a4,07b257405f757223,,892ec3c08bc50fe0,B2,16,16,fb2e41a2d7,4,synthetic:smooth-v0,ok,moderate|clip_smooth_slow_v0|moderate|rep4|seed20240909,0.6674
bursty,,nan,clip_smooth_slow_v0,1139aa3d6f02b7aef953d4c9345e1ea3d12f723cd825baf4b2bc744ff40463a4,07b257405f757223,,609604a21ab0b371,B0d,16,16,fb2e41a2d7,2,synthetic:smooth-v0,ok,bursty|clip_smooth_slow_v0|bursty|rep2|seed20240909,5.8631
bursty,,nan,clip_smooth_slow_v0,1139aa3d6f02b7aef953d4c9345e1ea3d12f723cd825baf4b2bc744ff40463a4,07b257405f757223,,618730d742366b1c,B2,16,16,fb2e41a2d7,3,synthetic:smooth-v0,ok,bursty|clip_smooth_slow_v0|bursty|rep3|seed20240909,0.5875
bursty,,nan,clip_smooth_slow_v0,1139aa3d6f02b7aef953d4c9345e1ea3d12f723cd825baf4b2bc744ff40463a4,07b257405f757223,,2e21540369c88329,B0d,16,16,fb2e41a2d7,1,synthetic:smooth-v0,ok,bursty|clip_smooth_slow_v0|bursty|rep1|seed20240909,6.1824
bursty,,nan,clip_smooth_slow_v0,1139aa3d6f02b7aef953d4c9345e1ea3d12f723cd825baf4b2bc744ff40463a4,07b257405f757223,,7423f8565006095a,B2,16,16,fb2e41a2d7,4,synthetic:smooth-v0,ok,bursty|clip_smooth_slow_v0|bursty|rep4|seed20240909,0.6358
harsh,,nan,clip_smooth_slow_v0,1139aa3d6f02b7aef953d4c9345e1ea3d12f723cd825baf4b2bc744ff40463a4,07b257405f757223,,821dd61617206e2f,B2,16,16,fb2e41a2d7,2,synthetic:smooth-v0,ok,harsh|clip_smooth_slow_v0|harsh|rep2|seed20240909,0.6107
harsh,,nan,clip_smooth_slow_v0,1139aa3d6f02b7aef953d4c9345e1ea3d12f723cd825baf4b2bc744ff40463a4,07b257405f757223,,85293bcc55143313,B2,16,16,fb2e41a2d7,1,synthetic:smooth-v0,ok,harsh|clip_smooth_slow_v0|harsh|rep1|seed20240909,0.6684
harsh,,nan,clip_smooth_slow_v0,1139aa3d6f02b7aef953d4c9345e1ea3d12f723cd825baf4b2bc744ff40463a4,07b257405f757223,,fa7f1bf6b73b424d,B2,16,16,fb2e41a2d7,0,synthetic:smooth-v0,ok,harsh|clip_smooth_slow_v0|harsh|rep0|seed20240909,0.6872
harsh,,nan,clip_smooth_slow_v0,1139aa3d6f02b7aef953d4c9345e1ea3d12f723cd825baf4b2bc744ff40463a4,07b257405f757223,,e7024e9e55e742a8,B2,16,16,fb2e41a2d7,3,synthetic:smooth-v0,ok,harsh|clip_smooth_slow_v0|harsh|rep3|seed20240909,0.6657
harsh,,nan,clip_smooth_slow_v0,1139aa3d6f02b7aef953d4c9345e1ea3d12f723cd825baf4b2bc744ff40463a4,07b257405f757223,,8a7cadecd2746ea9,B2,16,16,fb2e41a2d7,4,synthetic:smooth-v0,ok,harsh|clip_smooth_slow_v0|harsh|rep4|seed20240909,0.6566
bursty,,nan,clip_smooth_slow_v0,1139aa3d6f02b7aef953d4c9345e1ea3d12f723cd825baf4b2bc744ff40463a4,07b257405f757223,,43363571d8624f62,B0d,16,16,fb2e41a2d7,3,synthetic:smooth-v0,ok,bursty|clip_smooth_slow_v0|bursty|rep3|seed20240909,6.8079
clean,,nan,clip_smooth_slow_v0,1139aa3d6f02b7aef953d4c9345e1ea3d12f723cd825baf4b2bc744ff40463a4,07b257405f757223,,f0284f69253d0227,B3,16,16,fb2e41a2d7,0,synthetic:smooth-v0,ok,clean|clip_smooth_slow_v0|clean|rep0|seed20240909,1.8077
clean,,nan,clip_smooth_slow_v0,1139aa3d6f02b7aef953d4c9345e1ea3d12f723cd825baf4b2bc744ff40463a4,07b257405f757223,,4efb23dba386c69c,B3,16,16,fb2e41a2d7,1,synthetic:smooth-v0,ok,clean|clip_smooth_slow_v0|clean|rep1|seed20240909,1.8769
clean,,nan,clip_smooth_slow_v0,1139aa3d6f02b7aef953d4c9345e1ea3d12f723cd825baf4b2bc744ff40463a4,07b257405f757223,,0adb5137247eebad,B3,16,16,fb2e41a2d7,2,synthetic:smooth-v0,ok,clean|clip_smooth_slow_v0|clean|rep2|seed20240909,1.8002
clean,,nan,clip_smooth_slow_v0,1139aa3d6f02b7aef953d4c9345e1ea3d12f723cd825baf4b2bc744ff40463a4,07b257405f757223,,ba32a6e72ba1f65a,B3,16,16,fb2e41a2d7,4,synthetic:smooth-v0,ok,clean|clip_smooth_slow_v0|clean|rep4|seed20240909,1.8393
clean,,nan,clip_smooth_slow_v0,1139aa3d6f02b7aef953d4c9345e1ea3d12f723cd825baf4b2bc744ff40463a4,07b257405f757223,,3fda21348e022a7d,B3,16,16,fb2e41a2d7,3,synthetic:smooth-v0,ok,clean|clip_smooth_slow_v0|clean|rep3|seed20240909,1.8624
mild,,nan,clip_smooth_slow_v0,1139aa3d6f02b7aef953d4c9345e1ea3d12f723cd825baf4b2bc744ff40463a4,07b257405f757223,,a5022b9bada8129d,B3,16,16,fb2e41a2d7,0,synthetic:smooth-v0,ok,mild|clip_smooth_slow_v0|mild|rep0|seed20240909,1.8738
mild,,nan,clip_smooth_slow_v0,1139aa3d6f02b7aef953d4c9345e1ea3d12f723cd825baf4b2bc744ff40463a4,07b257405f757223,,aa0304cc138b558c,B3,16,16,fb2e41a2d7,3,synthetic:smooth-v0,ok,mild|clip_smooth_slow_v0|mild|rep3|seed20240909,1.9822
mild,,nan,clip_smooth_slow_v0,1139aa3d6f02b7aef953d4c9345e1ea3d12f723cd825baf4b2bc744ff40463a4,07b257405f757223,,63b74b1b015364d3,B3,16,16,fb2e41a2d7,2,synthetic:smooth-v0,ok,mild|clip_smooth_slow_v0|mild|rep2|seed20240909,2.022
mild,,nan,clip_smooth_slow_v0,1139aa3d6f02b7aef953d4c9345e1ea3d12f723cd825baf4b2bc744ff40463a4,07b257405f757223,,1d226f0192878d96,B3,16,16,fb2e41a2d7,1,synthetic:smooth-v0,ok,mild|clip_smooth_slow_v0|mild|rep1|seed20240909,2.0611
mild,,nan,clip_smooth_slow_v0,1139aa3d6f02b7aef953d4c9345e1ea3d12f723cd825baf4b2bc744ff40463a4,07b257405f757223,,808426a3aa46882b,B3,16,16,fb2e41a2d7,4,synthetic:smooth-v0,ok,mild|clip_smooth_slow_v0|mild|rep4|seed20240909,1.9948
moderate,,nan,clip_smooth_slow_v0,1139aa3d6f02b7aef953d4c9345e1ea3d12f723cd825baf4b2bc744ff40463a4,07b257405f757223,,d7e0791847f560e7,B3,16,16,fb2e41a2d7,0,synthetic:smooth-v0,ok,moderate|clip_smooth_slow_v0|moderate|rep0|seed20240909,2.2084
moderate,,nan,clip_smooth_slow_v0,1139aa3d6f02b7aef953d4c9345e1ea3d12f723cd825baf4b2bc744ff40463a4,07b257405f757223,,6e643a3a96c7d5a4,B3,16,16,fb2e41a2d7,1,synthetic:smooth-v0,ok,moderate|clip_smooth_slow_v0|moderate|rep1|seed20240909,2.3889
moderate,,nan,clip_smooth_slow_v0,1139aa3d6f02b7aef953d4c9345e1ea3d12f723cd825baf4b2bc744ff40463a4,07b257405f757223,,9f3655afa35f4b5b,B3,16,16,fb2e41a2d7,2,synthetic:smooth-v0,ok,moderate|clip_smooth_slow_v0|moderate|rep2|seed20240909,2.3807
moderate,,nan,clip_smooth_slow_v0,1139aa3d6f02b7aef953d4c9345e1ea3d12f723cd825baf4b2bc744ff40463a4,07b257405f757223,,f1a7ad720a39a0c5,B3,16,16,fb2e41a2d7,4,synthetic:smooth-v0,ok,moderate|clip_smooth_slow_v0|moderate|rep4|seed20240909,2.2726
moderate,,nan,clip_smooth_slow_v0,1139aa3d6f02b7aef953d4c9345e1ea3d12f723cd825baf4b2bc744ff40463a4,07b257405f757223,,3a9914bc6f1ec59f,B3,16,16,fb2e41a2d7,3,synthetic:smooth-v0,ok,moderate|clip_smooth_slow_v0|moderate|rep3|seed20240909,2.3714
harsh,,nan,clip_smooth_slow_v0,1139aa3d6f02b7aef953d4c9345e1ea3d12f723cd825baf4b2bc744ff40463a4,07b257405f757223,,65c49b3fa7df7667,B3,16,16,fb2e41a2d7,2,synthetic:smooth-v0,ok,harsh|clip_smooth_slow_v0|harsh|rep2|seed20240909,1.4298
bursty,,nan,clip_smooth_slow_v0,1139aa3d6f02b7aef953d4c9345e1ea3d12f723cd825baf4b2bc744ff40463a4,07b257405f757223,,191c569f0d0ec7f3,B3,16,16,fb2e41a2d7,0,synthetic:smooth-v0,ok,bursty|clip_smooth_slow_v0|bursty|rep0|seed20240909,2.5292
harsh,,nan,clip_smooth_slow_v0,1139aa3d6f02b7aef953d4c9345e1ea3d12f723cd825baf4b2bc744ff40463a4,07b257405f757223,,de2633d6e1606177,B3,16,16,fb2e41a2d7,0,synthetic:smooth-v0,ok,harsh|clip_smooth_slow_v0|harsh|rep0|seed20240909,1.7242
harsh,,nan,clip_smooth_slow_v0,1139aa3d6f02b7aef953d4c9345e1ea3d12f723cd825baf4b2bc744ff40463a4,07b257405f757223,,0fce3846bd93a9aa,B3,16,16,fb2e41a2d7,1,synthetic:smooth-v0,ok,harsh|clip_smooth_slow_v0|harsh|rep1|seed20240909,1.766
harsh,,nan,clip_smooth_slow_v0,1139aa3d6f02b7aef953d4c9345e1ea3d12f723cd825baf4b2bc744ff40463a4,07b257405f757223,,2dbbe7eaa53cadf2,B3,16,16,fb2e41a2d7,4,synthetic:smooth-v0,ok,harsh|clip_smooth_slow_v0|harsh|rep4|seed20240909,1.6766
harsh,,nan,clip_smooth_slow_v0,1139aa3d6f02b7aef953d4c9345e1ea3d12f723cd825baf4b2bc744ff40463a4,07b257405f757223,,f618ff264ddb03c6,B3,16,16,fb2e41a2d7,3,synthetic:smooth-v0,ok,harsh|clip_smooth_slow_v0|harsh|rep3|seed20240909,1.7475
bursty,,nan,clip_smooth_slow_v0,1139aa3d6f02b7aef953d4c9345e1ea3d12f723cd825baf4b2bc744ff40463a4,07b257405f757223,,29858798156f2cf2,B3,16,16,fb2e41a2d7,1,synthetic:smooth-v0,ok,bursty|clip_smooth_slow_v0|bursty|rep1|seed20240909,2.2562
bursty,,nan,clip_smooth_slow_v0,1139aa3d6f02b7aef953d4c9345e1ea3d12f723cd825baf4b2bc744ff40463a4,07b257405f757223,,92f39c8a2887375d,B3,16,16,fb2e41a2d7,4,synthetic:smooth-v0,ok,bursty|clip_smooth_slow_v0|bursty|rep4|seed20240909,2.1058
bursty,,nan,clip_smooth_slow_v0,1139aa3d6f02b7aef953d4c9345e1ea3d12f723cd825baf4b2bc744ff40463a4,07b257405f757223,,6823aeb2612e4804,B3,16,16,fb2e41a2d7,2,synthetic:smooth-v0,ok,bursty|clip_smooth_slow_v0|bursty|rep2|seed20240909,2.3372
bursty,,nan,clip_smooth_slow_v0,1139aa3d6f02b7aef953d4c9345e1ea3d12f723cd825baf4b2bc744ff40463a4,07b257405f757223,,47a0fa0e65fbe1eb,B3,16,16,fb2e41a2d7,3,synthetic:smooth-v0,ok,bursty|clip_smooth_slow_v0|bursty|rep3|seed20240909,2.4114
clean,,nan,clip_smooth_slow_v0,1139aa3d6f02b7aef953d4c9345e1ea3d12f723cd825baf4b2bc744ff40463a4,07b257405f757223,,3f0a759f5e019c50,B4,16,16,fb2e41a2d7,0,synthetic:smooth-v0,ok,clean|clip_smooth_slow_v0|clean|rep0|seed20240909,4.3183
clean,,nan,clip_smooth_slow_v0,1139aa3d6f02b7aef953d4c9345e1ea3d12f723cd825baf4b2bc744ff40463a4,07b257405f757223,,050ecde01f228dc1,B4,16,16,fb2e41a2d7,1,synthetic:smooth-v0,ok,clean|clip_smooth_slow_v0|clean|rep1|seed20240909,4.3659
clean,,nan,clip_smooth_slow_v0,1139aa3d6f02b7aef953d4c9345e1ea3d12f723cd825baf4b2bc744ff40463a4,07b257405f757223,,35437b5f6887e458,B4,16,16,fb2e41a2d7,3,synthetic:smooth-v0,ok,clean|clip_smooth_slow_v0|clean|rep3|seed20240909,4.3552
clean,,nan,clip_smooth_slow_v0,1139aa3d6f02b7aef953d4c9345e1ea3d12f723cd825baf4b2bc744ff40463a4,07b257405f757223,,a980b876eaac4cbc,B4,16,16,fb2e41a2d7,4,synthetic:smooth-v0,ok,clean|clip_smooth_slow_v0|clean|rep4|seed20240909,4.4741
clean,,nan,clip_smooth_slow_v0,1139aa3d6f02b7aef953d4c9345e1ea3d12f723cd825baf4b2bc744ff40463a4,07b257405f757223,,fe27fa509e7961c1,B4,16,16,fb2e41a2d7,2,synthetic:smooth-v0,ok,clean|clip_smooth_slow_v0|clean|rep2|seed20240909,4.5414
mild,,nan,clip_smooth_slow_v0,1139aa3d6f02b7aef953d4c9345e1ea3d12f723cd825baf4b2bc744ff40463a4,07b257405f757223,,c08c5eb496a39af7,B4,16,16,fb2e41a2d7,0,synthetic:smooth-v0,ok,mild|clip_smooth_slow_v0|mild|rep0|seed20240909,4.6975
mild,,nan,clip_smooth_slow_v0,1139aa3d6f02b7aef953d4c9345e1ea3d12f723cd825baf4b2bc744ff40463a4,07b257405f757223,,ee9e6cb8b8727494,B4,16,16,fb2e41a2d7,1,synthetic:smooth-v0,ok,mild|clip_smooth_slow_v0|mild|rep1|seed20240909,4.7211
mild,,nan,clip_smooth_slow_v0,1139aa3d6f02b7aef953d4c9345e1ea3d12f723cd825baf4b2bc744ff40463a4,07b257405f757223,,e2b82abd91779c14,B4,16,16,fb2e41a2d7,2,synthetic:smooth-v0,ok,mild|clip_smooth_slow_v0|mild|rep2|seed20240909,4.6573
mild,,nan,clip_smooth_slow_v0,1139aa3d6f02b7aef953d4c9345e1ea3d12f723cd825baf4b2bc744ff40463a4,07b257405f757223,,1b6bf5b98dfce422,B4,16,16,fb2e41a2d7,4,synthetic:smooth-v0,ok,mild|clip_smooth_slow_v0|mild|rep4|seed20240909,4.6827
mild,,nan,clip_smooth_slow_v0,1139aa3d6f02b7aef953d4c9345e1ea3d12f723cd825baf4b2bc744ff40463a4,07b257405f757223,,e5976e959f86d02b,B4,16,16,fb2e41a2d7,3,synthetic:smooth-v0,ok,mild|clip_smooth_slow_v0|mild|rep3|seed20240909,4.758
harsh,,nan,clip_smooth_slow_v0,1139aa3d6f02b7aef953d4c9345e1ea3d12f723cd825baf4b2bc744ff40463a4,07b257405f757223,,853fb90b5316d3c1,B4,16,16,fb2e41a2d7,0,synthetic:smooth-v0,ok,harsh|clip_smooth_slow_v0|harsh|rep0|seed20240909,2.9182
harsh,,nan,clip_smooth_slow_v0,1139aa3d6f02b7aef953d4c9345e1ea3d12f723cd825baf4b2bc744ff40463a4,07b257405f757223,,0cdc470572b90b8d,B4,16,16,fb2e41a2d7,1,synthetic:smooth-v0,ok,harsh|clip_smooth_slow_v0|harsh|rep1|seed20240909,2.7886
bursty,,nan,clip_smooth_slow_v0,1139aa3d6f02b7aef953d4c9345e1ea3d12f723cd825baf4b2bc744ff40463a4,07b257405f757223,,c93954b64f1df71e,B4,16,16,fb2e41a2d7,0,synthetic:smooth-v0,ok,bursty|clip_smooth_slow_v0|bursty|rep0|seed20240909,6.6469
harsh,,nan,clip_smooth_slow_v0,1139aa3d6f02b7aef953d4c9345e1ea3d12f723cd825baf4b2bc744ff40463a4,07b257405f757223,,5273e457ca2dbb1f,B4,16,16,fb2e41a2d7,2,synthetic:smooth-v0,ok,harsh|clip_smooth_slow_v0|harsh|rep2|seed20240909,2.699
harsh,,nan,clip_smooth_slow_v0,1139aa3d6f02b7aef953d4c9345e1ea3d12f723cd825baf4b2bc744ff40463a4,07b257405f757223,,db1e821e21caaf9b,B4,16,16,fb2e41a2d7,3,synthetic:smooth-v0,ok,harsh|clip_smooth_slow_v0|harsh|rep3|seed20240909,2.7721
moderate,,nan,clip_smooth_slow_v0,1139aa3d6f02b7aef953d4c9345e1ea3d12f723cd825baf4b2bc744ff40463a4,07b257405f757223,,d3020d4ce6d490cf,B4,16,16,fb2e41a2d7,2,synthetic:smooth-v0,ok,moderate|clip_smooth_slow_v0|moderate|rep2|seed20240909,7.2543
harsh,,nan,clip_smooth_slow_v0,1139aa3d6f02b7aef953d4c9345e1ea3d12f723cd825baf4b2bc744ff40463a4,07b257405f757223,,0858f210f15d9aa6,B4,16,16,fb2e41a2d7,4,synthetic:smooth-v0,ok,harsh|clip_smooth_slow_v0|harsh|rep4|seed20240909,2.9331
moderate,,nan,clip_smooth_slow_v0,1139aa3d6f02b7aef953d4c9345e1ea3d12f723cd825baf4b2bc744ff40463a4,07b257405f757223,,27fa67d9922fad3e,B4,16,16,fb2e41a2d7,0,synthetic:smooth-v0,ok,moderate|clip_smooth_slow_v0|moderate|rep0|seed20240909,7.556
moderate,,nan,clip_smooth_slow_v0,1139aa3d6f02b7aef953d4c9345e1ea3d12f723cd825baf4b2bc744ff40463a4,07b257405f757223,,d7849fb675668250,B4,16,16,fb2e41a2d7,1,synthetic:smooth-v0,ok,moderate|clip_smooth_slow_v0|moderate|rep1|seed20240909,7.6148
moderate,,nan,clip_smooth_slow_v0,1139aa3d6f02b7aef953d4c9345e1ea3d12f723cd825baf4b2bc744ff40463a4,07b257405f757223,,88272e621f653599,B4,16,16,fb2e41a2d7,4,synthetic:smooth-v0,ok,moderate|clip_smooth_slow_v0|moderate|rep4|seed20240909,7.7238
moderate,,nan,clip_smooth_slow_v0,1139aa3d6f02b7aef953d4c9345e1ea3d12f723cd825baf4b2bc744ff40463a4,07b257405f757223,,e76c729f157c34c9,B4,16,16,fb2e41a2d7,3,synthetic:smooth-v0,ok,moderate|clip_smooth_slow_v0|moderate|rep3|seed20240909,7.9372
bursty,,nan,clip_smooth_slow_v0,1139aa3d6f02b7aef953d4c9345e1ea3d12f723cd825baf4b2bc744ff40463a4,07b257405f757223,,37c02b3cb934f7bd,B4,16,16,fb2e41a2d7,1,synthetic:smooth-v0,ok,bursty|clip_smooth_slow_v0|bursty|rep1|seed20240909,6.9389
bursty,,nan,clip_smooth_slow_v0,1139aa3d6f02b7aef953d4c9345e1ea3d12f723cd825baf4b2bc744ff40463a4,07b257405f757223,,f92734baa0ec7e74,B4,16,16,fb2e41a2d7,4,synthetic:smooth-v0,ok,bursty|clip_smooth_slow_v0|bursty|rep4|seed20240909,6.348
bursty,,nan,clip_smooth_slow_v0,1139aa3d6f02b7aef953d4c9345e1ea3d12f723cd825baf4b2bc744ff40463a4,07b257405f757223,,84faa9b12ef662a9,B4,16,16,fb2e41a2d7,2,synthetic:smooth-v0,ok,bursty|clip_smooth_slow_v0|bursty|rep2|seed20240909,6.9379
bursty,,nan,clip_smooth_slow_v0,1139aa3d6f02b7aef953d4c9345e1ea3d12f723cd825baf4b2bc744ff40463a4,07b257405f757223,,4b48cd1c8fba3dc3,B4,16,16,fb2e41a2d7,3,synthetic:smooth-v0,ok,bursty|clip_smooth_slow_v0|bursty|rep3|seed20240909,7.6743
clean,,nan,clip_smooth_slow_v0,1139aa3d6f02b7aef953d4c9345e1ea3d12f723cd825baf4b2bc744ff40463a4,07b257405f757223,,5f4df7dfe2ab16b8,P,16,16,8da29d3843,0,synthetic:smooth-v0,ok,clean|clip_smooth_slow_v0|clean|rep0|seed20240909,7.3559
clean,,nan,clip_smooth_slow_v0,1139aa3d6f02b7aef953d4c9345e1ea3d12f723cd825baf4b2bc744ff40463a4,07b257405f757223,,17d840844bc78687,P,16,16,8da29d3843,1,synthetic:smooth-v0,ok,clean|clip_smooth_slow_v0|clean|rep1|seed20240909,7.3439
clean,,nan,clip_smooth_slow_v0,1139aa3d6f02b7aef953d4c9345e1ea3d12f723cd825baf4b2bc744ff40463a4,07b257405f757223,,dacb99b28811644d,P,16,16,8da29d3843,2,synthetic:smooth-v0,ok,clean|clip_smooth_slow_v0|clean|rep2|seed20240909,7.4195
clean,,nan,clip_smooth_slow_v0,1139aa3d6f02b7aef953d4c9345e1ea3d12f723cd825baf4b2bc744ff40463a4,07b257405f757223,,fc51aeffddc64f14,P,16,16,8da29d3843,3,synthetic:smooth-v0,ok,clean|clip_smooth_slow_v0|clean|rep3|seed20240909,7.3874
clean,,nan,clip_smooth_slow_v0,1139aa3d6f02b7aef953d4c9345e1ea3d12f723cd825baf4b2bc744ff40463a4,07b257405f757223,,d5f0e2568d936520,P,16,16,8da29d3843,4,synthetic:smooth-v0,ok,clean|clip_smooth_slow_v0|clean|rep4|seed20240909,7.5568
mild,,nan,clip_smooth_slow_v0,1139aa3d6f02b7aef953d4c9345e1ea3d12f723cd825baf4b2bc744ff40463a4,07b257405f757223,,d89d1ea5ef82882f,P,16,16,8da29d3843,0,synthetic:smooth-v0,ok,mild|clip_smooth_slow_v0|mild|rep0|seed20240909,7.6293
mild,,nan,clip_smooth_slow_v0,1139aa3d6f02b7aef953d4c9345e1ea3d12f723cd825baf4b2bc744ff40463a4,07b257405f757223,,abb28b3de9c58eb1,P,16,16,8da29d3843,1,synthetic:smooth-v0,ok,mild|clip_smooth_slow_v0|mild|rep1|seed20240909,7.8389
mild,,nan,clip_smooth_slow_v0,1139aa3d6f02b7aef953d4c9345e1ea3d12f723cd825baf4b2bc744ff40463a4,07b257405f757223,,9980db99c9821f81,P,16,16,8da29d3843,2,synthetic:smooth-v0,ok,mild|clip_smooth_slow_v0|mild|rep2|seed20240909,7.7517
mild,,nan,clip_smooth_slow_v0,1139aa3d6f02b7aef953d4c9345e1ea3d12f723cd825baf4b2bc744ff40463a4,07b257405f757223,,105cd5ba1ed29ab0,P,16,16,8da29d3843,3,synthetic:smooth-v0,ok,mild|clip_smooth_slow_v0|mild|rep3|seed20240909,7.8608
mild,,nan,clip_smooth_slow_v0,1139aa3d6f02b7aef953d4c9345e1ea3d12f723cd825baf4b2bc744ff40463a4,07b257405f757223,,c72874d99bb73abf,P,16,16,8da29d3843,4,synthetic:smooth-v0,ok,mild|clip_smooth_slow_v0|mild|rep4|seed20240909,7.8836
harsh,,nan,clip_smooth_slow_v0,1139aa3d6f02b7aef953d4c9345e1ea3d12f723cd825baf4b2bc744ff40463a4,07b257405f757223,,6c43ab3e32257e8c,P,16,16,8da29d3843,0,synthetic:smooth-v0,ok,harsh|clip_smooth_slow_v0|harsh|rep0|seed20240909,4.3806
harsh,,nan,clip_smooth_slow_v0,1139aa3d6f02b7aef953d4c9345e1ea3d12f723cd825baf4b2bc744ff40463a4,07b257405f757223,,0dcc978817e63be3,P,16,16,8da29d3843,1,synthetic:smooth-v0,ok,harsh|clip_smooth_slow_v0|harsh|rep1|seed20240909,4.2475
harsh,,nan,clip_smooth_slow_v0,1139aa3d6f02b7aef953d4c9345e1ea3d12f723cd825baf4b2bc744ff40463a4,07b257405f757223,,20bc6f3579d7852a,P,16,16,8da29d3843,2,synthetic:smooth-v0,ok,harsh|clip_smooth_slow_v0|harsh|rep2|seed20240909,4.0673
harsh,,nan,clip_smooth_slow_v0,1139aa3d6f02b7aef953d4c9345e1ea3d12f723cd825baf4b2bc744ff40463a4,07b257405f757223,,773d6182918d3789,P,16,16,8da29d3843,4,synthetic:smooth-v0,ok,harsh|clip_smooth_slow_v0|harsh|rep4|seed20240909,4.1163
harsh,,nan,clip_smooth_slow_v0,1139aa3d6f02b7aef953d4c9345e1ea3d12f723cd825baf4b2bc744ff40463a4,07b257405f757223,,d859d3f7bd212e70,P,16,16,8da29d3843,3,synthetic:smooth-v0,ok,harsh|clip_smooth_slow_v0|harsh|rep3|seed20240909,4.3858
moderate,,nan,clip_smooth_slow_v0,1139aa3d6f02b7aef953d4c9345e1ea3d12f723cd825baf4b2bc744ff40463a4,07b257405f757223,,42f12c7eb38ebef2,P,16,16,8da29d3843,1,synthetic:smooth-v0,ok,moderate|clip_smooth_slow_v0|moderate|rep1|seed20240909,13.0085
moderate,,nan,clip_smooth_slow_v0,1139aa3d6f02b7aef953d4c9345e1ea3d12f723cd825baf4b2bc744ff40463a4,07b257405f757223,,6331d454bdb582b8,P,16,16,8da29d3843,0,synthetic:smooth-v0,ok,moderate|clip_smooth_slow_v0|moderate|rep0|seed20240909,13.747
moderate,,nan,clip_smooth_slow_v0,1139aa3d6f02b7aef953d4c9345e1ea3d12f723cd825baf4b2bc744ff40463a4,07b257405f757223,,aaa3d40b0b638101,P,16,16,8da29d3843,2,synthetic:smooth-v0,ok,moderate|clip_smooth_slow_v0|moderate|rep2|seed20240909,12.8759
moderate,,nan,clip_smooth_slow_v0,1139aa3d6f02b7aef953d4c9345e1ea3d12f723cd825baf4b2bc744ff40463a4,07b257405f757223,,6a4e0f2087489af1,P,16,16,8da29d3843,3,synthetic:smooth-v0,ok,moderate|clip_smooth_slow_v0|moderate|rep3|seed20240909,12.8598
bursty,,nan,clip_smooth_slow_v0,1139aa3d6f02b7aef953d4c9345e1ea3d12f723cd825baf4b2bc744ff40463a4,07b257405f757223,,89b4f0620d19030d,P,16,16,8da29d3843,0,synthetic:smooth-v0,ok,bursty|clip_smooth_slow_v0|bursty|rep0|seed20240909,11.6896
moderate,,nan,clip_smooth_slow_v0,1139aa3d6f02b7aef953d4c9345e1ea3d12f723cd825baf4b2bc744ff40463a4,07b257405f757223,,b163cd05537a52e3,P,16,16,8da29d3843,4,synthetic:smooth-v0,ok,moderate|clip_smooth_slow_v0|moderate|rep4|seed20240909,12.7162
bursty,,nan,clip_smooth_slow_v0,1139aa3d6f02b7aef953d4c9345e1ea3d12f723cd825baf4b2bc744ff40463a4,07b257405f757223,,0abbb20bd18e14bb,P,16,16,8da29d3843,1,synthetic:smooth-v0,ok,bursty|clip_smooth_slow_v0|bursty|rep1|seed20240909,11.5828
bursty,,nan,clip_smooth_slow_v0,1139aa3d6f02b7aef953d4c9345e1ea3d12f723cd825baf4b2bc744ff40463a4,07b257405f757223,,3c99b82e5334db78,P,16,16,8da29d3843,2,synthetic:smooth-v0,ok,bursty|clip_smooth_slow_v0|bursty|rep2|seed20240909,10.9741
bursty,,nan,clip_smooth_slow_v0,1139aa3d6f02b7aef953d4c9345e1ea3d12f723cd825baf4b2bc744ff40463a4,07b257405f757223,,2b43b2ec6c1acfba,P,16,16,8da29d3843,4,synthetic:smooth-v0,ok,bursty|clip_smooth_slow_v0|bursty|rep4|seed20240909,10.6495
bursty,,nan,clip_smooth_slow_v0,1139aa3d6f02b7aef953d4c9345e1ea3d12f723cd825baf4b2bc744ff40463a4,07b257405f757223,,15577fb78d82f718,P,16,16,8da29d3843,3,synthetic:smooth-v0,ok,bursty|clip_smooth_slow_v0|bursty|rep3|seed20240909,11.6394
