authenticated,channel_trace,corrected_symbols,coverage,estimated_fraction,frame_id,max_age_frames,method,payload_bytes,provenance,psnr_full,psnr_verified,rasters,realisation,resynchronised,source,ssim_full,ssim_verified,stale_fraction,status_auth_failed,status_filler,status_fragment_recovered,status_frame_verified,status_header_invalid,status_header_unrecoverable,status_no_sync,status_payload_unrecoverable,status_verified,symbol_error_denominator,symbol_errors_pre_fec,sync_found,units_rejected,units_sent,units_verified,wire_bytes,x_authenticated,x_channel_trace,x_coverage_meaning,x_est_dx,x_est_dy,x_filler_units,x_fragments,x_fragments_recovered,x_frame_verified,x_rasters_delivered,x_segments,x_sync_score,x_units_from_other_frames,x_units_per_raster
False,bursty|still_smooth|rep0|seed20240909,0,1.0,0.0,0,0.0,B0a,0,synthetic,18.175240614562153,18.175240614562153,1,0,False,still_smooth,0.6158963756218148,0.6158963756218148,0.0,,,,,,,,,,0,nan,True,0,0,0,0,False,,"picture displayed, not verified",0.0,0.0,,,,,,,0.9590485694335795,,
False,bursty|still_smooth|rep1|seed20240909,0,1.0,0.0,0,0.0,B0a,0,synthetic,17.533435905394647,17.533435905394647,1,1,False,still_smooth,0.5892205152481402,0.5892205152481402,0.0,,,,,,,,,,0,nan,True,0,0,0,0,False,,"picture displayed, not verified",0.0,0.0,,,,,,,0.9683576843089235,,
False,bursty|still_smooth|rep2|seed20240909,0,1.0,0.0,0,0.0,B0a,0,synthetic,14.893015417527604,14.893015417527604,1,2,False,still_smooth,0.42037238383389286,0.42037238383389286,0.0,,,,,,,,,,0,nan,True,0,0,0,0,False,,"picture displayed, not verified",0.0,0.0,,,,,,,0.9722572841630346,,
False,bursty|still_smooth|rep3|seed20240909,0,1.0,0.0,0,0.0,B0a,0,synthetic,7.8806728746223005,7.8806728746223005,1,3,False,still_smooth,0.2645872974871371,0.2645872974871371,0.0,,,,,,,,,,0,nan,False,0,0,0,0,False,,"picture displayed, not verified",-3.0,-8.0,,,,,,,0.05095512964227872,,
False,bursty|still_smooth|rep4|seed20240909,0,1.0,0.0,0,0.0,B0a,0,synthetic,8.05296578269488,8.05296578269488,1,4,False,still_smooth,0.28613978970596526,0.28613978970596526,0.0,,,,,,,,,,0,nan,False,0,0,0,0,False,,"picture displayed, not verified",-1.0,-7.0,,,,,,,0.2658654778085686,,
False,bursty|still_text|rep0|seed20240909,0,1.0,0.0,0,0.0,B0a,0,synthetic,16.500087605008623,16.500087605008623,1,0,False,still_text,0.7493859176744216,0.7493859176744216,0.0,,,,,,,,,,0,nan,True,0,0,0,0,False,,"picture displayed, not verified",0.0,0.0,,,,,,,0.9681836115847937,,
False,bursty|still_text|rep1|seed20240909,0,1.0,0.0,0,0.0,B0a,0,synthetic,11.330764213783517,11.330764213783517,1,1,False,still_text,0.4481040053374856,0.4481040053374856,0.0,,,,,,,,,,0,nan,True,0,0,0,0,False,,"picture displayed, not verified",0.0,0.0,,,,,,,0.9727376249249934,,
False,bursty|still_text|rep2|seed20240909,0,1.0,0.0,0,0.0,B0a,0,synthetic,13.805860862578161,13.805860862578161,1,2,False,still_text,0.6295440802977165,0.6295440802977165,0.0,,,,,,,,,,0,nan,True,0,0,0,0,False,,"picture displayed, not verified",0.0,0.0,,,,,,,0.9714804552216098,,
False,bursty|still_text|rep3|seed20240909,0,1.0,0.0,0,0.0,B0a,0,synthetic,11.45422311343749,11.45422311343749,1,3,False,still_text,0.5484060134839419,0.5484060134839419,0.0,,,,,,,,,,0,nan,False,0,0,0,0,False,,"picture displayed, not verified",0.0,4.0,,,,,,,0.13918049747117175,,
False,bursty|still_text|rep4|seed20240909,0,1.0,0.0,0,0.0,B0a,0,synthetic,14.021501227939364,14.021501227939364,1,4,False,still_text,0.6301677568306573,0.6301677568306573,0.0,,,,,,,,,,0,nan,True,0,0,0,0,False,,"picture displayed, not verified",0.0,0.0,,,,,,,0.9876068048305044,,
False,bursty|still_texture|rep0|seed20240909,0,1.0,0.0,0,0.0,B0a,0,synthetic,19.102311483587084,19.102311483587084,1,0,False,still_texture,0.7441278873584419,0.7441278873584419,0.0,,,,,,,,,,0,nan,True,0,0,0,0,False,,"picture displayed, not verified",0.0,0.0,,,,,,,0.9653393370624485,,
False,bursty|still_texture|rep1|seed20240909,0,1.0,0.0,0,0.0,B0a,0,synthetic,18.745973748024525,18.745973748024525,1,1,False,still_texture,0.7271599284142315,0.7271599284142315,0.0,,,,,,,,,,0,nan,True,0,0,0,0,False,,"picture displayed, not verified",0.0,0.0,,,,,,,0.9610088984991048,,
False,bursty|still_texture|rep2|seed20240909,0,1.0,0.0,0,0.0,B0a,0,synthetic,7.000988941944196,7.000988941944196,1,2,False,still_texture,-0.00017040375630137175,-0.00017040375630137175,0.0,,,,,,,,,,0,nan,False,0,0,0,0,False,,"picture displayed, not verified",-8.0,4.0,,,,,,,0.07849319119810404,,
False,bursty|still_texture|rep3|seed20240909,0,1.0,0.0,0,0.0,B0a,0,synthetic,18.67284535746389,18.67284535746389,1,3,False,still_texture,0.7327063333960719,0.7327063333960719,0.0,,,,,,,,,,0,nan,True,0,0,0,0,False,,"picture displayed, not verified",0.0,0.0,,,,,,,0.9719765252447352,,
False,bursty|still_texture|rep4|seed20240909,0,1.0,0.0,0,0.0,B0a,0,synthetic,11.839695188657897,11.839695188657897,1,4,False,still_texture,0.3095047119203442,0.3095047119203442,0.0,,,,,,,,,,0,nan,False,0,0,0,0,False,,"picture displayed, not verified",0.0,-3.0,,,,,,,0.25556212677005474,,
False,bursty|still_edges|rep0|seed20240909,0,1.0,0.0,0,0.0,B0a,0,synthetic,15.649259795599841,15.649259795599841,1,0,False,still_edges,0.6734465509929938,0.6734465509929938,0.0,,,,,,,,,,0,nan,True,0,0,0,0,False,,"picture displayed, not verified",0.0,0.0,,,,,,,0.973916454879799,,
False,bursty|still_edges|rep1|seed20240909,0,1.0,0.0,0,0.0,B0a,0,synthetic,13.16668463840601,13.16668463840601,1,1,False,still_edges,0.5194666447061465,0.5194666447061465,0.0,,,,,,,,,,0,nan,True,0,0,0,0,False,,"picture displayed, not verified",0.0,0.0,,,,,,,0.9784162699083107,,
False,bursty|still_edges|rep2|seed20240909,0,1.0,0.0,0,0.0,B0a,0,synthetic,13.5568290527781,13.5568290527781,1,2,False,still_edges,0.5206229142529163,0.5206229142529163,0.0,,,,,,,,,,0,nan,True,0,0,0,0,False,,"picture displayed, not verified",0.0,0.0,,,,,,,0.9653624297292001,,
False,bursty|still_edges|rep3|seed20240909,0,1.0,0.0,0,0.0,B0a,0,synthetic,9.563343658540335,9.563343658540335,1,3,False,still_edges,0.24722176691949327,0.24722176691949327,0.0,,,,,,,,,,0,nan,False,0,0,0,0,False,,"picture displayed, not verified",10.0,7.0,,,,,,,0.10743968620209758,,
False,bursty|still_edges|rep4|seed20240909,0,1.0,0.0,0,0.0,B0a,0,synthetic,13.963183231992296,13.963183231992296,1,4,False,still_edges,0.5949590753215058,0.5949590753215058,0.0,,,,,,,,,,0,nan,True,0,0,0,0,False,,"picture displayed, not verified",0.0,0.0,,,,,,,0.9792690077242908,,
False,bursty|seq_illumination_slow|rep0|seed20240909,0,1.0,0.0,0,0.0,B0a,0,synthetic,12.6365655887272,12.6365655887272,1,0,False,seq_illumination_slow,0.45250308155666624,0.45250308155666624,0.0,,,,,,,,,,0,nan,True,0,0,0,0,False,,"picture displayed, not verified",0.0,0.0,,,,,,,0.9761012327305987,,
False,bursty|seq_illumination_slow|rep0|seed20240909,0,1.0,0.0,1,0.0,B0a,0,synthetic,17.696454279250343,17.696454279250343,1,0,False,seq_illumination_slow,0.6845268171307977,0.6845268171307977,0.0,,,,,,,,,,0,nan,True,0,0,0,0,False,,"picture displayed, not verified",0.0,0.0,,,,,,,0.9749304625180829,,
False,bursty|seq_illumination_slow|rep0|seed20240909,0,1.0,0.0,2,0.0,B0a,0,synthetic,10.048429048800479,10.048429048800479,1,0,False,seq_illumination_slow,0.25434053745443336,0.25434053745443336,0.0,,,,,,,,,,0,nan,False,0,0,0,0,False,,"picture displayed, not verified",9.0,0.0,,,,,,,0.055054685609906805,,
False,bursty|seq_illumination_slow|rep0|seed20240909,0,1.0,0.0,3,0.0,B0a,0,synthetic,13.190970073017327,13.190970073017327,1,0,False,seq_illumination_slow,0.5132657070352321,0.5132657070352321,0.0,,,,,,,,,,0,nan,True,0,0,0,0,False,,"picture displayed, not verified",0.0,0.0,,,,,,,0.9598819702175605,,
False,bursty|seq_illumination_slow|rep1|seed20240909,0,1.0,0.0,0,0.0,B0a,0,synthetic,15.1605056366623,15.1605056366623,1,1,False,seq_illumination_slow,0.5820728896366415,0.5820728896366415,0.0,,,,,,,,,,0,nan,True,0,0,0,0,False,,"picture displayed, not verified",0.0,0.0,,,,,,,0.9801889912552814,,
False,bursty|seq_illumination_slow|rep1|seed20240909,0,1.0,0.0,1,0.0,B0a,0,synthetic,12.696388033388665,12.696388033388665,1,1,False,seq_illumination_slow,0.3640501087093522,0.3640501087093522,0.0,,,,,,,,,,0,nan,True,0,0,0,0,False,,"picture displayed, not verified",0.0,0.0,,,,,,,0.9520768847735186,,
False,bursty|seq_illumination_slow|rep1|seed20240909,0,1.0,0.0,2,0.0,B0a,0,synthetic,13.418990419799856,13.418990419799856,1,1,False,seq_illumination_slow,0.4977988098318679,0.4977988098318679,0.0,,,,,,,,,,0,nan,True,0,0,0,0,False,,"picture displayed, not verified",0.0,0.0,,,,,,,0.9671986325259283,,
False,bursty|seq_illumination_slow|rep1|seed20240909,0,1.0,0.0,3,0.0,B0a,0,synthetic,15.35986065003296,15.35986065003296,1,1,False,seq_illumination_slow,0.6619424307768604,0.6619424307768604,0.0,,,,,,,,,,0,nan,True,0,0,0,0,False,,"picture displayed, not verified",0.0,0.0,,,,,,,0.9834609345094453,,
False,bursty|seq_illumination_slow|rep2|seed20240909,0,1.0,0.0,0,0.0,B0a,0,synthetic,13.183395683716624,13.183395683716624,1,2,False,seq_illumination_slow,0.48281287084260455,0.48281287084260455,0.0,,,,,,,,,,0,nan,True,0,0,0,0,False,,"picture displayed, not verified",0.0,0.0,,,,,,,0.97117198817406,,
False,bursty|seq_illumination_slow|rep2|seed20240909,0,1.0,0.0,1,0.0,B0a,0,synthetic,13.871958270378926,13.871958270378926,1,2,False,seq_illumination_slow,0.5158723705707959,0.5158723705707959,0.0,,,,,,,,,,0,nan,True,0,0,0,0,False,,"picture displayed, not verified",0.0,0.0,,,,,,,0.9829629070113941,,
False,bursty|seq_illumination_slow|rep2|seed20240909,0,1.0,0.0,2,0.0,B0a,0,synthetic,15.548575963033993,15.548575963033993,1,2,False,seq_illumination_slow,0.5875131361044966,0.5875131361044966,0.0,,,,,,,,,,0,nan,True,0,0,0,0,False,,"picture displayed, not verified",0.0,0.0,,,,,,,0.9572019575448633,,
False,bursty|seq_illumination_slow|rep2|seed20240909,0,1.0,0.0,3,0.0,B0a,0,synthetic,14.011083783516957,14.011083783516957,1,2,False,seq_illumination_slow,0.5562793655293157,0.5562793655293157,0.0,,,,,,,,,,0,nan,True,0,0,0,0,False,,"picture displayed, not verified",0.0,0.0,,,,,,,0.9844114984200101,,
False,bursty|seq_illumination_slow|rep3|seed20240909,0,1.0,0.0,0,0.0,B0a,0,synthetic,14.107988718750363,14.107988718750363,1,3,False,seq_illumination_slow,0.5871349275499017,0.5871349275499017,0.0,,,,,,,,,,0,nan,True,0,0,0,0,False,,"picture displayed, not verified",0.0,0.0,,,,,,,0.9725499491075987,,
False,bursty|seq_illumination_slow|rep3|seed20240909,0,1.0,0.0,1,0.0,B0a,0,synthetic,9.722426845131578,9.722426845131578,1,3,False,seq_illumination_slow,0.16608762610453745,0.16608762610453745,0.0,,,,,,,,,,0,nan,False,0,0,0,0,False,,"picture displayed, not verified",11.0,7.0,,,,,,,0.10094447410255478,,
False,bursty|seq_illumination_slow|rep3|seed20240909,0,1.0,0.0,2,0.0,B0a,0,synthetic,10.614495690859783,10.614495690859783,1,3,False,seq_illumination_slow,0.28780656034668367,0.28780656034668367,0.0,,,,,,,,,,0,nan,True,0,0,0,0,False,,"picture displayed, not verified",0.0,-4.0,,,,,,,0.31040593956063695,,
False,bursty|seq_illumination_slow|rep3|seed20240909,0,1.0,0.0,3,0.0,B0a,0,synthetic,13.107591938199656,13.107591938199656,1,3,False,seq_illumination_slow,0.5364883578591523,0.5364883578591523,0.0,,,,,,,,,,0,nan,True,0,0,0,0,False,,"picture displayed, not verified",0.0,0.0,,,,,,,0.9616056262869093,,
False,bursty|seq_illumination_slow|rep4|seed20240909,0,1.0,0.0,0,0.0,B0a,0,synthetic,13.468702977481051,13.468702977481051,1,4,False,seq_illumination_slow,0.42666446336184766,0.42666446336184766,0.0,,,,,,,,,,0,nan,True,0,0,0,0,False,,"picture displayed, not verified",0.0,0.0,,,,,,,0.9900151134097896,,
False,bursty|seq_illumination_slow|rep4|seed20240909,0,1.0,0.0,1,0.0,B0a,0,synthetic,12.469556059300517,12.469556059300517,1,4,False,seq_illumination_slow,0.34316429666826603,0.34316429666826603,0.0,,,,,,,,,,0,nan,False,0,0,0,0,False,,"picture displayed, not verified",1.0,0.0,,,,,,,0.13056382466321348,,
False,bursty|seq_illumination_slow|rep4|seed20240909,0,1.0,0.0,2,0.0,B0a,0,synthetic,11.640551250409407,11.640551250409407,1,4,False,seq_illumination_slow,0.45138507772974185,0.45138507772974185,0.0,,,,,,,,,,0,nan,True,0,0,0,0,False,,"picture displayed, not verified",0.0,-3.0,,,,,,,0.7495105697701455,,
False,bursty|seq_illumination_slow|rep4|seed20240909,0,1.0,0.0,3,0.0,B0a,0,synthetic,9.234483488461967,9.234483488461967,1,4,False,seq_illumination_slow,0.2649513503084729,0.2649513503084729,0.0,,,,,,,,,,0,nan,False,0,0,0,0,False,,"picture displayed, not verified",11.0,4.0,,,,,,,0.1090044879471589,,
False,bursty|seq_edges_slow|rep0|seed20240909,0,1.0,0.0,0,0.0,B0a,0,synthetic,15.75374306494653,15.75374306494653,1,0,False,seq_edges_slow,0.6845543598417106,0.6845543598417106,0.0,,,,,,,,,,0,nan,True,0,0,0,0,False,,"picture displayed, not verified",0.0,0.0,,,,,,,0.9590614762660461,,
False,bursty|seq_edges_slow|rep0|seed20240909,0,1.0,0.0,1,0.0,B0a,0,synthetic,13.827705847930382,13.827705847930382,1,0,False,seq_edges_slow,0.5744252451320662,0.5744252451320662,0.0,,,,,,,,,,0,nan,True,0,0,0,0,False,,"picture displayed, not verified",0.0,0.0,,,,,,,0.9640350162528285,,
False,bursty|seq_edges_slow|rep0|seed20240909,0,1.0,0.0,2,0.0,B0a,0,synthetic,17.027917318521123,17.027917318521123,1,0,False,seq_edges_slow,0.6789392245439965,0.6789392245439965,0.0,,,,,,,,,,0,nan,True,0,0,0,0,False,,"picture displayed, not verified",0.0,0.0,,,,,,,0.9694298771758468,,
False,bursty|seq_edges_slow|rep0|seed20240909,0,1.0,0.0,3,0.0,B0a,0,synthetic,11.320591174339478,11.320591174339478,1,0,False,seq_edges_slow,0.27493690442609475,0.27493690442609475,0.0,,,,,,,,,,0,nan,True,0,0,0,0,False,,"picture displayed, not verified",0.0,0.0,,,,,,,0.34389396376273135,,
False,bursty|seq_edges_slow|rep1|seed20240909,0,1.0,0.0,0,0.0,B0a,0,synthetic,14.210130367275733,14.210130367275733,1,1,False,seq_edges_slow,0.6246943521520772,0.6246943521520772,0.0,,,,,,,,,,0,nan,True,0,0,0,0,False,,"picture displayed, not verified",0.0,0.0,,,,,,,0.9826522972578354,,
False,bursty|seq_edges_slow|rep1|seed20240909,0,1.0,0.0,1,0.0,B0a,0,synthetic,13.14336418379278,13.14336418379278,1,1,False,seq_edges_slow,0.5504926998445417,0.5504926998445417,0.0,,,,,,,,,,0,nan,True,0,0,0,0,False,,"picture displayed, not verified",0.0,0.0,,,,,,,0.9546174252284423,,
False,bursty|seq_edges_slow|rep1|seed20240909,0,1.0,0.0,2,0.0,B0a,0,synthetic,16.112739066732864,16.112739066732864,1,1,False,seq_edges_slow,0.6789380350854572,0.6789380350854572,0.0,,,,,,,,,,0,nan,True,0,0,0,0,False,,"picture displayed, not verified",0.0,0.0,,,,,,,0.9836092265336489,,
False,bursty|seq_edges_slow|rep1|seed20240909,0,1.0,0.0,3,0.0,B0a,0,synthetic,12.53331683390259,12.53331683390259,1,1,False,seq_edges_slow,0.47500744995723476,0.47500744995723476,0.0,,,,,,,,,,0,nan,True,0,0,0,0,False,,"picture displayed, not verified",0.0,0.0,,,,,,,0.973207417987277,,
False,bursty|seq_edges_slow|rep2|seed20240909,0,1.0,0.0,0,0.0,B0a,0,synthetic,19.411419171395845,19.411419171395845,1,2,False,seq_edges_slow,0.7506660794415603,0.7506660794415603,0.0,,,,,,,,,,0,nan,True,0,0,0,0,False,,"picture displayed, not verified",0.0,0.0,,,,,,,0.9657539557051811,,
False,bursty|seq_edges_slow|rep2|seed20240909,0,1.0,0.0,1,0.0,B0a,0,synthetic,13.177990722079443,13.177990722079443,1,2,False,seq_edges_slow,0.5434523370114839,0.5434523370114839,0.0,,,,,,,,,,0,nan,True,0,0,0,0,False,,"picture displayed, not verified",0.0,-2.0,,,,,,,0.874639125808493,,
False,bursty|seq_edges_slow|rep2|seed20240909,0,1.0,0.0,2,0.0,B0a,0,synthetic,14.8573308982008,14.8573308982008,1,2,False,seq_edges_slow,0.615469572439541,0.615469572439541,0.0,,,,,,,,,,0,nan,True,0,0,0,0,False,,"picture displayed, not verified",0.0,0.0,,,,,,,0.9629034573044678,,
False,bursty|seq_edges_slow|rep2|seed20240909,0,1.0,0.0,3,0.0,B0a,0,synthetic,13.532437206787122,13.532437206787122,1,2,False,seq_edges_slow,0.557618076750885,0.557618076750885,0.0,,,,,,,,,,0,nan,True,0,0,0,0,False,,"picture displayed, not verified",0.0,-2.0,,,,,,,0.7452573885291417,,
False,bursty|seq_edges_slow|rep3|seed20240909,0,1.0,0.0,0,0.0,B0a,0,synthetic,17.37485169387099,17.37485169387099,1,3,False,seq_edges_slow,0.7183252727410753,0.7183252727410753,0.0,,,,,,,,,,0,nan,True,0,0,0,0,False,,"picture displayed, not verified",0.0,0.0,,,,,,,0.9660409646128815,,
False,bursty|seq_edges_slow|rep3|seed20240909,0,1.0,0.0,1,0.0,B0a,0,synthetic,14.180098708518843,14.180098708518843,1,3,False,seq_edges_slow,0.5397647261485581,0.5397647261485581,0.0,,,,,,,,,,0,nan,True,0,0,0,0,False,,"picture displayed, not verified",0.0,0.0,,,,,,,0.9597541567034137,,
False,bursty|seq_edges_slow|rep3|seed20240909,0,1.0,0.0,2,0.0,B0a,0,synthetic,12.008867966290174,12.008867966290174,1,3,False,seq_edges_slow,0.4260215378514878,0.4260215378514878,0.0,,,,,,,,,,0,nan,True,0,0,0,0,False,,"picture displayed, not verified",0.0,0.0,,,,,,,0.9483837191778414,,
False,bursty|seq_edges_slow|rep3|seed20240909,0,1.0,0.0,3,0.0,B0a,0,synthetic,12.298595073288572,12.298595073288572,1,3,False,seq_edges_slow,0.4223331582710252,0.4223331582710252,0.0,,,,,,,,,,0,nan,True,0,0,0,0,False,,"picture displayed, not verified",0.0,0.0,,,,,,,0.9457331010862468,,
False,bursty|seq_edges_slow|rep4|seed20240909,0,1.0,0.0,0,0.0,B0a,0,synthetic,11.800229865284244,11.800229865284244,1,4,False,seq_edges_slow,0.46823554786398075,0.46823554786398075,0.0,,,,,,,,,,0,nan,True,0,0,0,0,False,,"picture displayed, not verified",0.0,0.0,,,,,,,0.9541520845949077,,
False,bursty|seq_edges_slow|rep4|seed20240909,0,1.0,0.0,1,0.0,B0a,0,synthetic,16.320971215304905,16.320971215304905,1,4,False,seq_edges_slow,0.6591664948125016,0.6591664948125016,0.0,,,,,,,,,,0,nan,True,0,0,0,0,False,,"picture displayed, not verified",0.0,0.0,,,,,,,0.9656083807148389,,
False,bursty|seq_edges_slow|rep4|seed20240909,0,1.0,0.0,2,0.0,B0a,0,synthetic,15.179250451449022,15.179250451449022,1,4,False,seq_edges_slow,0.6121440044586691,0.6121440044586691,0.0,,,,,,,,,,0,nan,True,0,0,0,0,False,,"picture displayed, not verified",0.0,0.0,,,,,,,0.9607277859679697,,
False,bursty|seq_edges_slow|rep4|seed20240909,0,1.0,0.0,3,0.0,B0a,0,synthetic,16.760682862213734,16.760682862213734,1,4,False,seq_edges_slow,0.6741385377189619,0.6741385377189619,0.0,,,,,,,,,,0,nan,True,0,0,0,0,False,,"picture displayed, not verified",0.0,0.0,,,,,,,0.9655982041767297,,
False,bursty|seq_texture_fast|rep0|seed20240909,0,1.0,0.0,0,0.0,B0a,0,synthetic,16.850457327687273,16.850457327687273,1,0,False,seq_texture_fast,0.5867878432956416,0.5867878432956416,0.0,,,,,,,,,,0,nan,True,0,0,0,0,False,,"picture displayed, not verified",0.0,0.0,,,,,,,0.9747643394884791,,
False,bursty|seq_texture_fast|rep0|seed20240909,0,1.0,0.0,1,0.0,B0a,0,synthetic,23.476579621885843,23.476579621885843,1,0,False,seq_texture_fast,0.9012786545978558,0.9012786545978558,0.0,,,,,,,,,,0,nan,True,0,0,0,0,False,,"picture displayed, not verified",0.0,0.0,,,,,,,0.9523645507590941,,
False,bursty|seq_texture_fast|rep0|seed20240909,0,1.0,0.0,2,0.0,B0a,0,synthetic,8.52819325626761,8.52819325626761,1,0,False,seq_texture_fast,0.1592646448783593,0.1592646448783593,0.0,,,,,,,,,,0,nan,True,0,0,0,0,False,,"picture displayed, not verified",-1.0,5.0,,,,,,,0.3121151317136251,,
False,bursty|seq_texture_fast|rep0|seed20240909,0,1.0,0.0,3,0.0,B0a,0,synthetic,16.218662419141737,16.218662419141737,1,0,False,seq_texture_fast,0.5388939067378599,0.5388939067378599,0.0,,,,,,,,,,0,nan,True,0,0,0,0,False,,"picture displayed, not verified",0.0,0.0,,,,,,,0.9928332180246883,,
False,bursty|seq_texture_fast|rep1|seed20240909,0,1.0,0.0,0,0.0,B0a,0,synthetic,18.605063150897344,18.605063150897344,1,1,False,seq_texture_fast,0.7162003683801398,0.7162003683801398,0.0,,,,,,,,,,0,nan,True,0,0,0,0,False,,"picture displayed, not verified",0.0,0.0,,,,,,,0.9786583868905241,,
False,bursty|seq_texture_fast|rep1|seed20240909,0,1.0,0.0,1,0.0,B0a,0,synthetic,16.949933213907816,16.949933213907816,1,1,False,seq_texture_fast,0.6121557631359309,0.6121557631359309,0.0,,,,,,,,,,0,nan,True,0,0,0,0,False,,"picture displayed, not verified",0.0,0.0,,,,,,,0.9951486452041134,,
False,bursty|seq_texture_fast|rep1|seed20240909,0,1.0,0.0,2,0.0,B0a,0,synthetic,19.933009496641986,19.933009496641986,1,1,False,seq_texture_fast,0.7948651235433793,0.7948651235433793,0.0,,,,,,,,,,0,nan,True,0,0,0,0,False,,"picture displayed, not verified",0.0,0.0,,,,,,,0.9368720363032896,,
False,bursty|seq_texture_fast|rep1|seed20240909,0,1.0,0.0,3,0.0,B0a,0,synthetic,19.335275625270288,19.335275625270288,1,1,False,seq_texture_fast,0.7589511529048002,0.7589511529048002,0.0,,,,,,,,,,0,nan,True,0,0,0,0,False,,"picture displayed, not verified",0.0,0.0,,,,,,,0.9656219310025381,,
False,bursty|seq_texture_fast|rep2|seed20240909,0,1.0,0.0,0,0.0,B0a,0,synthetic,15.819753148619718,15.819753148619718,1,2,False,seq_texture_fast,0.47949328545529396,0.47949328545529396,0.0,,,,,,,,,,0,nan,True,0,0,0,0,False,,"picture displayed, not verified",0.0,0.0,,,,,,,0.9661240883878547,,
False,bursty|seq_texture_fast|rep2|seed20240909,0,1.0,0.0,1,0.0,B0a,0,synthetic,18.117887129657134,18.117887129657134,1,2,False,seq_texture_fast,0.677799776132725,0.677799776132725,0.0,,,,,,,,,,0,nan,True,0,0,0,0,False,,"picture displayed, not verified",0.0,0.0,,,,,,,0.9874573469803725,,
False,bursty|seq_texture_fast|rep2|seed20240909,0,1.0,0.0,2,0.0,B0a,0,synthetic,13.938815542014375,13.938815542014375,1,2,False,seq_texture_fast,0.46486845645089897,0.46486845645089897,0.0,,,,,,,,,,0,nan,True,0,0,0,0,False,,"picture displayed, not verified",0.0,-1.0,,,,,,,0.3782353203769003,,
False,bursty|seq_texture_fast|rep2|seed20240909,0,1.0,0.0,3,0.0,B0a,0,synthetic,17.330225958461092,17.330225958461092,1,2,False,seq_texture_fast,0.6246631256082441,0.6246631256082441,0.0,,,,,,,,,,0,nan,True,0,0,0,0,False,,"picture displayed, not verified",0.0,0.0,,,,,,,0.9492221796997277,,
False,bursty|seq_texture_fast|rep3|seed20240909,0,1.0,0.0,0,0.0,B0a,0,synthetic,18.752746475533538,18.752746475533538,1,3,False,seq_texture_fast,0.7369392557316785,0.7369392557316785,0.0,,,,,,,,,,0,nan,True,0,0,0,0,False,,"picture displayed, not verified",0.0,0.0,,,,,,,0.9819028597409001,,
False,bursty|seq_texture_fast|rep3|seed20240909,0,1.0,0.0,1,0.0,B0a,0,synthetic,7.999596442238371,7.999596442238371,1,3,False,seq_texture_fast,0.016607975697011102,0.016607975697011102,0.0,,,,,,,,,,0,nan,False,0,0,0,0,False,,"picture displayed, not verified",-9.0,3.0,,,,,,,0.04827072681768752,,
False,bursty|seq_texture_fast|rep3|seed20240909,0,1.0,0.0,2,0.0,B0a,0,synthetic,9.62343753778287,9.62343753778287,1,3,False,seq_texture_fast,0.10565235997933886,0.10565235997933886,0.0,,,,,,,,,,0,nan,True,0,0,0,0,False,,"picture displayed, not verified",0.0,-6.0,,,,,,,0.6342340602813407,,
False,bursty|seq_texture_fast|rep3|seed20240909,0,1.0,0.0,3,0.0,B0a,0,synthetic,18.582501617645125,18.582501617645125,1,3,False,seq_texture_fast,0.709037637097892,0.709037637097892,0.0,,,,,,,,,,0,nan,True,0,0,0,0,False,,"picture displayed, not verified",0.0,0.0,,,,,,,0.9827205522071627,,
False,bursty|seq_texture_fast|rep4|seed20240909,0,1.0,0.0,0,0.0,B0a,0,synthetic,11.683852819976057,11.683852819976057,1,4,False,seq_texture_fast,0.21160128797633973,0.21160128797633973,0.0,,,,,,,,,,0,nan,True,0,0,0,0,False,,"picture displayed, not verified",0.0,-5.0,,,,,,,0.6794282183385016,,
False,bursty|seq_texture_fast|rep4|seed20240909,0,1.0,0.0,1,0.0,B0a,0,synthetic,17.34055719796688,17.34055719796688,1,4,False,seq_texture_fast,0.6391947058683553,0.6391947058683553,0.0,,,,,,,,,,0,nan,True,0,0,0,0,False,,"picture displayed, not verified",0.0,0.0,,,,,,,0.9684711566712416,,
False,bursty|seq_texture_fast|rep4|seed20240909,0,1.0,0.0,2,0.0,B0a,0,synthetic,19.949498312448156,19.949498312448156,1,4,False,seq_texture_fast,0.7916907589739371,0.7916907589739371,0.0,,,,,,,,,,0,nan,True,0,0,0,0,False,,"picture displayed, not verified",0.0,0.0,,,,,,,0.9722072053463344,,
False,bursty|seq_texture_fast|rep4|seed20240909,0,1.0,0.0,3,0.0,B0a,0,synthetic,20.11329166891197,20.11329166891197,1,4,False,seq_texture_fast,0.785666102784142,0.785666102784142,0.0,,,,,,,,,,0,nan,True,0,0,0,0,False,,"picture displayed, not verified",0.0,0.0,,,,,,,0.9683964565497245,,
False,bursty|still_smooth|rep0|seed20240909,1455,1.0,0.0,0,0.0,B0d,919,synthetic,36.483156884500104,36.483156884500104,2,0,True,still_smooth,0.8870704724556445,0.8870704724556445,0.0,,,,,,,,,8,41216,0.07484957298136646,True,0,8,8,10304,False,bursty|still_smooth|rep0|seed20240909,,,,0,,,,2,8,,0,4
False,bursty|still_smooth|rep1|seed20240909,2768,1.0,0.0,0,0.0,B0d,919,synthetic,36.483156884500104,36.483156884500104,2,1,True,still_smooth,0.8870704724556445,0.8870704724556445,0.0,,,,,,,,,8,41216,0.13633055124223603,True,0,8,8,10304,False,bursty|still_smooth|rep1|seed20240909,,,,0,,,,2,8,,0,4
False,bursty|still_smooth|rep2|seed20240909,492,0.0,1.0,0,0.0,B0d,919,synthetic,14.334671509798067,nan,2,2,True,still_smooth,0.7758121835948003,nan,0.0,,,,,,,,8,,41216,0.23010481366459629,True,8,8,0,10304,False,bursty|still_smooth|rep2|seed20240909,,,,0,,,,2,8,,0,4
False,bursty|still_smooth|rep3|seed20240909,1533,0.5,0.5,0,0.0,B0d,919,synthetic,16.94728820327907,36.46747734228895,2,3,True,still_smooth,0.8318783536226148,0.8887476985140473,0.0,,,,,,,4,,4,41216,0.402634899068323,False,4,8,4,10304,False,bursty|still_smooth|rep3|seed20240909,,,,0,,,,2,8,,0,4
False,bursty|still_smooth|rep4|seed20240909,2835,1.0,0.0,0,0.0,B0d,919,synthetic,36.483156884500104,36.483156884500104,2,4,True,still_smooth,0.8870704724556445,0.8870704724556445,0.0,,,,,,,,,8,41216,0.1538480201863354,True,0,8,8,10304,False,bursty|still_smooth|rep4|seed20240909,,,,0,,,,2,8,,0,4
False,bursty|still_text|rep0|seed20240909,1246,1.0,0.0,0,0.0,B0d,3054,synthetic,25.153143747579776,25.153143747579776,2,0,True,still_text,0.8983801607008477,0.8983801607008477,0.0,,,,,,,,,8,41216,0.07174398291925466,True,0,8,8,10304,False,bursty|still_text|rep0|seed20240909,,,,0,,,,2,8,,0,4
False,bursty|still_text|rep1|seed20240909,1543,0.5,0.5,0,0.0,B0d,3054,synthetic,17.496906996545,25.94599070116526,2,1,True,still_text,0.7677429899531075,0.9147957633265112,0.0,,,,,,,,4,4,41216,0.18461277173913043,True,4,8,4,10304,False,bursty|still_text|rep1|seed20240909,,,,0,,,,2,8,,0,4
False,bursty|still_text|rep2|seed20240909,116,0.0,1.0,0,0.0,B0d,3054,synthetic,7.825236389058457,nan,2,2,True,still_text,0.572437778737342,nan,0.0,1,,,,,1,4,2,,41216,0.4477144798136646,False,8,8,0,10304,False,bursty|still_text|rep2|seed20240909,,,,0,,,,2,8,,0,4
False,bursty|still_text|rep3|seed20240909,1318,0.5,0.5,0,0.0,B0d,3054,synthetic,17.496906996545,25.94599070116526,2,3,True,still_text,0.7677429899531075,0.9147957633265112,0.0,,,,,,,4,,4,41216,0.42556288819875776,False,4,8,4,10304,False,bursty|still_text|rep3|seed20240909,,,,0,,,,2,8,,0,4
False,bursty|still_text|rep4|seed20240909,1354,1.0,0.0,0,0.0,B0d,3054,synthetic,25.153143747579776,25.153143747579776,2,4,True,still_text,0.8983801607008477,0.8983801607008477,0.0,,,,,,,,,8,41216,0.07203513198757763,True,0,8,8,10304,False,bursty|still_text|rep4|seed20240909,,,,0,,,,2,8,,0,4
False,bursty|still_texture|rep0|seed20240909,1147,0.5,0.5,0,0.0,B0d,4625,synthetic,16.841386704776923,27.177663970016802,2,0,True,still_texture,0.475322665867899,0.8886701438774973,0.0,,,,,,,,4,4,41216,0.16969138198757763,True,4,8,4,10304,False,bursty|still_texture|rep0|seed20240909,,,,0,,,,2,8,,0,4
False,bursty|still_texture|rep1|seed20240909,2738,1.0,0.0,0,0.0,B0d,4625,synthetic,27.15144070427842,27.15144070427842,2,1,True,still_texture,0.8932951912644751,0.8932951912644751,0.0,,,,,,,,,8,41216,0.1682113742236025,True,0,8,8,10304,False,bursty|still_texture|rep1|seed20240909,,,,0,,,,2,8,,0,4
False,bursty|still_texture|rep2|seed20240909,1686,0.5,0.5,0,0.0,B0d,4625,synthetic,16.702103256649764,27.125374828165928,2,2,True,still_texture,0.47596571532274323,0.8906311086089461,0.0,,,,,,,4,,4,41216,0.2266110248447205,False,4,8,4,10304,False,bursty|still_texture|rep2|seed20240909,,,,0,,,,2,8,,0,4
False,bursty|still_texture|rep3|seed20240909,2573,1.0,0.0,0,0.0,B0d,4625,synthetic,27.15144070427842,27.15144070427842,2,3,True,still_texture,0.8932951912644751,0.8932951912644751,0.0,,,,,,,,,8,41216,0.15273194875776397,True,0,8,8,10304,False,bursty|still_texture|rep3|seed20240909,,,,0,,,,2,8,,0,4
False,bursty|still_texture|rep4|seed20240909,2888,1.0,0.0,0,0.0,B0d,4625,synthetic,27.15144070427842,27.15144070427842,2,4,True,still_texture,0.8932951912644751,0.8932951912644751,0.0,,,,,,,,,8,41216,0.18022127329192547,True,0,8,8,10304,False,bursty|still_texture|rep4|seed20240909,,,,0,,,,2,8,,0,4
False,bursty|still_edges|rep0|seed20240909,2621,1.0,0.0,0,0.0,B0d,1076,synthetic,30.215026070732705,30.215026070732705,2,0,True,still_edges,0.8892269156875389,0.8892269156875389,0.0,,,,,,,,,8,41216,0.13189052795031056,True,0,8,8,10304,False,bursty|still_edges|rep0|seed20240909,,,,0,,,,2,8,,0,4
False,bursty|still_edges|rep1|seed20240909,1353,0.5,0.5,0,0.0,B0d,1076,synthetic,6.902680261995814,30.401785095539402,2,1,True,still_edges,0.6851723331192382,0.892045309352295,0.0,,,,,,,,4,4,41216,0.167871700310559,True,4,8,4,10304,False,bursty|still_edges|rep1|seed20240909,,,,0,,,,2,8,,0,4
False,bursty|still_edges|rep2|seed20240909,2924,1.0,0.0,0,0.0,B0d,1076,synthetic,30.215026070732705,30.215026070732705,2,2,True,still_edges,0.8892269156875389,0.8892269156875389,0.0,,,,,,,,,8,41216,0.15751164596273293,True,0,8,8,10304,False,bursty|still_edges|rep2|seed20240909,,,,0,,,,2,8,,0,4
False,bursty|still_edges|rep3|seed20240909,0,0.0,1.0,0,0.0,B0d,1076,synthetic,8.889302662835975,nan,2,3,False,still_edges,0.5457880827450708,nan,0.0,,,,,,,8,,,41216,0.6180366847826086,False,8,8,0,10304,False,bursty|still_edges|rep3|seed20240909,,,,0,,,,2,8,,0,4
False,bursty|still_edges|rep4|seed20240909,2524,1.0,0.0,0,0.0,B0d,1076,synthetic,30.215026070732705,30.215026070732705,2,4,True,still_edges,0.8892269156875389,0.8892269156875389,0.0,,,,,,,,,8,41216,0.13603940217391305,True,0,8,8,10304,False,bursty|still_edges|rep4|seed20240909,,,,0,,,,2,8,,0,4
False,bursty|seq_illumination_slow|rep0|seed20240909,1837,0.5,0.5,0,0.0,B0d,1145,synthetic,7.868072726273596,30.424227791063437,2,0,True,seq_illumination_slow,0.6696191565699382,0.8799416563730137,0.0,,,,,,,,4,4,41216,0.183690799689441,True,4,8,4,10304,False,bursty|seq_illumination_slow|rep0|seed20240909,,,,0,,,,2,8,,0,4
False,bursty|seq_illumination_slow|rep0|seed20240909,493,0.5,0.5,1,0.0,B0d,1170,synthetic,7.607341824450876,30.263662467988283,2,0,False,seq_illumination_slow,0.6721112528401286,0.8821185411626056,0.0,,,,,,,4,,4,41216,0.3595205745341615,False,4,8,4,10304,False,bursty|seq_illumination_slow|rep0|seed20240909,,,,0,,,,2,8,,0,4
False,bursty|seq_illumination_slow|rep0|seed20240909,770,0.5,0.5,2,0.0,B0d,1195,synthetic,7.561486194750655,30.319355927472916,2,0,True,seq_illumination_slow,0.680451939915044,0.8868362005497256,0.0,,,,,,,4,,4,41216,0.36029697204968947,False,4,8,4,10304,False,bursty|seq_illumination_slow|rep0|seed20240909,,,,0,,,,2,8,,0,4
False,bursty|seq_illumination_slow|rep0|seed20240909,1332,0.5,0.5,3,0.0,B0d,1215,synthetic,7.370914407433848,30.20772191430717,2,0,False,seq_illumination_slow,0.6739923941235788,0.8764411236886339,0.0,1,,,,,,,3,4,41216,0.167871700310559,True,4,8,4,10304,False,bursty|seq_illumination_slow|rep0|seed20240909,,,,0,,,,2,8,,0,4
False,bursty|seq_illumination_slow|rep1|seed20240909,2685,1.0,0.0,0,0.0,B0d,1145,synthetic,30.569354014602986,30.569354014602986,2,1,True,seq_illumination_slow,0.8852708281201247,0.8852708281201247,0.0,,,,,,,,,8,41216,0.14152270962732919,True,0,8,8,10304,False,bursty|seq_illumination_slow|rep1|seed20240909,,,,0,,,,2,8,,0,4
False,bursty|seq_illumination_slow|rep1|seed20240909,1245,0.5,0.5,1,0.0,B0d,1170,synthetic,7.690573067207884,30.47518151167356,2,1,False,seq_illumination_slow,0.6805700222783132,0.8911829981581274,0.0,,,,,,1,,3,4,41216,0.16115100931677018,True,4,8,4,10304,False,bursty|seq_illumination_slow|rep1|seed20240909,,,,0,,,,2,8,,0,4
False,bursty|seq_illumination_slow|rep1|seed20240909,1550,0.5,0.5,2,0.0,B0d,1195,synthetic,7.561486194750655,30.319355927472916,2,1,False,seq_illumination_slow,0.680451939915044,0.8868362005497256,0.0,,,,,,,,4,4,41216,0.18165275621118013,True,4,8,4,10304,False,bursty|seq_illumination_slow|rep1|seed20240909,,,,0,,,,2,8,,0,4
False,bursty|seq_illumination_slow|rep1|seed20240909,1240,1.0,0.0,3,0.0,B0d,1215,synthetic,30.328642539634917,30.328642539634917,2,1,False,seq_illumination_slow,0.8792426832672545,0.8792426832672545,0.0,,,,,,,,,8,41216,0.061990489130434784,True,0,8,8,10304,False,bursty|seq_illumination_slow|rep1|seed20240909,,,,0,,,,2,8,,0,4
False,bursty|seq_illumination_slow|rep2|seed20240909,3188,1.0,0.0,0,0.0,B0d,1145,synthetic,30.569354014602986,30.569354014602986,2,2,True,seq_illumination_slow,0.8852708281201247,0.8852708281201247,0.0,,,,,,,,,8,41216,0.1712684394409938,True,0,8,8,10304,False,bursty|seq_illumination_slow|rep2|seed20240909,,,,0,,,,2,8,,0,4
False,bursty|seq_illumination_slow|rep2|seed20240909,2668,1.0,0.0,1,0.0,B0d,1170,synthetic,30.3681343875699,30.3681343875699,2,2,False,seq_illumination_slow,0.8865606138684682,0.8865606138684682,0.0,,,,,,,,,8,41216,0.14035811335403728,True,0,8,8,10304,False,bursty|seq_illumination_slow|rep2|seed20240909,,,,0,,,,2,8,,0,4
False,bursty|seq_illumination_slow|rep2|seed20240909,2267,1.0,0.0,2,0.0,B0d,1195,synthetic,30.200871174988855,30.200871174988855,2,2,False,seq_illumination_slow,0.8828579695957618,0.8828579695957618,0.0,,,,,,,,,8,41216,0.11342682453416149,True,0,8,8,10304,False,bursty|seq_illumination_slow|rep2|seed20240909,,,,0,,,,2,8,,0,4
False,bursty|seq_illumination_slow|rep2|seed20240909,1635,0.5,0.5,3,0.0,B0d,1215,synthetic,7.370914407433848,30.20772191430717,2,2,False,seq_illumination_slow,0.6739923941235788,0.8764411236886339,0.0,,,,,,,,4,4,41216,0.19196428571428573,True,4,8,4,10304,False,bursty|seq_illumination_slow|rep2|seed20240909,,,,0,,,,2,8,,0,4
False,bursty|seq_illumination_slow|rep3|seed20240909,2875,1.0,0.0,0,0.0,B0d,1145,synthetic,30.569354014602986,30.569354014602986,2,3,True,seq_illumination_slow,0.8852708281201247,0.8852708281201247,0.0,,,,,,,,,8,41216,0.14402173913043478,True,0,8,8,10304,False,bursty|seq_illumination_slow|rep3|seed20240909,,,,0,,,,2,8,,0,4
False,bursty|seq_illumination_slow|rep3|seed20240909,1385,0.5,0.5,1,0.0,B0d,1170,synthetic,7.690573067207884,30.47518151167356,2,3,True,seq_illumination_slow,0.6805700222783132,0.8911829981581274,0.0,,,,,,,4,,4,41216,0.23551533385093168,False,4,8,4,10304,False,bursty|seq_illumination_slow|rep3|seed20240909,,,,0,,,,2,8,,0,4
False,bursty|seq_illumination_slow|rep3|seed20240909,385,0.0,1.0,2,0.0,B0d,1195,synthetic,9.530680619849752,nan,2,3,False,seq_illumination_slow,0.548826713149286,nan,0.0,,,,,,2,,6,,41216,0.22692643633540371,True,8,8,0,10304,False,bursty|seq_illumination_slow|rep3|seed20240909,,,,0,,,,2,8,,0,4
False,bursty|seq_illumination_slow|rep3|seed20240909,2777,1.0,0.0,3,0.0,B0d,1215,synthetic,30.328642539634917,30.328642539634917,2,3,False,seq_illumination_slow,0.8792426832672545,0.8792426832672545,0.0,,,,,,,,,8,41216,0.14647224378881987,True,0,8,8,10304,False,bursty|seq_illumination_slow|rep3|seed20240909,,,,0,,,,2,8,,0,4
False,bursty|seq_illumination_slow|rep4|seed20240909,1512,0.375,0.625,0,0.0,B0d,1145,synthetic,7.747011331270654,31.300159203508233,2,4,True,seq_illumination_slow,0.6379698518290556,0.8933031495561278,0.0,,,,,,,,5,3,41216,0.18412752329192547,True,5,8,3,10304,False,bursty|seq_illumination_slow|rep4|seed20240909,,,,0,,,,2,8,,0,4
False,bursty|seq_illumination_slow|rep4|seed20240909,2049,1.0,0.0,1,0.0,B0d,1170,synthetic,30.3681343875699,30.3681343875699,2,4,False,seq_illumination_slow,0.8865606138684682,0.8865606138684682,0.0,,,,,,,,,8,41216,0.10755531832298136,True,0,8,8,10304,False,bursty|seq_illumination_slow|rep4|seed20240909,,,,0,,,,2,8,,0,4
False,bursty|seq_illumination_slow|rep4|seed20240909,1758,0.5,0.5,2,0.0,B0d,1195,synthetic,7.561486194750655,30.319355927472916,2,4,False,seq_illumination_slow,0.680451939915044,0.8868362005497256,0.0,,,,,,,,4,4,41216,0.1857045807453416,True,4,8,4,10304,False,bursty|seq_illumination_slow|rep4|seed20240909,,,,0,,,,2,8,,0,4
False,bursty|seq_illumination_slow|rep4|seed20240909,209,0.0,1.0,3,0.0,B0d,1215,synthetic,9.364132671503935,nan,2,4,True,seq_illumination_slow,0.5523790083189216,nan,0.0,,,,,,,4,4,,41216,0.40001455745341613,False,8,8,0,10304,False,bursty|seq_illumination_slow|rep4|seed20240909,,,,0,,,,2,8,,0,4
False,bursty|seq_edges_slow|rep0|seed20240909,1833,0.5,0.5,0,0.0,B0d,1076,synthetic,6.8171378740152555,30.035968183941822,2,0,True,seq_edges_slow,0.6783594315543255,0.8864085220227826,0.0,,,,,,,,4,4,41216,0.179784549689441,True,4,8,4,10304,False,bursty|seq_edges_slow|rep0|seed20240909,,,,0,,,,2,8,,0,4
False,bursty|seq_edges_slow|rep0|seed20240909,1307,0.5,0.5,1,0.0,B0d,1087,synthetic,6.817189731209981,30.05778593006149,2,0,False,seq_edges_slow,0.6791068799906635,0.8879034188954588,0.0,,,,,,4,,,4,41216,0.22013295807453417,True,4,8,4,10304,False,bursty|seq_edges_slow|rep0|seed20240909,,,,0,,,,2,8,,0,4
False,bursty|seq_edges_slow|rep0|seed20240909,892,0.5,0.5,2,0.0,B0d,1079,synthetic,6.817331940109241,30.11818436732995,2,0,False,seq_edges_slow,0.6767630106341157,0.8822194467898431,0.0,,,,,,,4,,4,41216,0.23454483695652173,False,4,8,4,10304,False,bursty|seq_edges_slow|rep0|seed20240909,,,,0,,,,2,8,,0,4
False,bursty|seq_edges_slow|rep0|seed20240909,1700,0.5,0.5,3,0.0,B0d,1047,synthetic,6.901398096673324,29.862631992579654,2,0,True,seq_edges_slow,0.6861328746221108,0.8939663923580387,0.0,,,,,,4,,,4,41216,0.2271690605590062,True,4,8,4,10304,False,bursty|seq_edges_slow|rep0|seed20240909,,,,0,,,,2,8,,0,4
False,bursty|seq_edges_slow|rep1|seed20240909,2631,1.0,0.0,0,0.0,B0d,1076,synthetic,30.215026070732705,30.215026070732705,2,1,True,seq_edges_slow,0.8892269156875389,0.8892269156875389,0.0,,,,,,,,,8,41216,0.1404794254658385,True,0,8,8,10304,False,bursty|seq_edges_slow|rep1|seed20240909,,,,0,,,,2,8,,0,4
False,bursty|seq_edges_slow|rep1|seed20240909,2554,1.0,0.0,1,0.0,B0d,1087,synthetic,30.228992333521006,30.228992333521006,2,1,False,seq_edges_slow,0.8905079329330521,0.8905079329330521,0.0,,,,,,,,,8,41216,0.14424010093167702,True,0,8,8,10304,False,bursty|seq_edges_slow|rep1|seed20240909,,,,0,,,,2,8,,0,4
False,bursty|seq_edges_slow|rep1|seed20240909,2520,1.0,0.0,2,0.0,B0d,1079,synthetic,30.288367966990243,30.288367966990243,2,1,False,seq_edges_slow,0.8853680199910964,0.8853680199910964,0.0,,,,,,,,,8,41216,0.12742624223602483,True,0,8,8,10304,False,bursty|seq_edges_slow|rep1|seed20240909,,,,0,,,,2,8,,0,4
False,bursty|seq_edges_slow|rep1|seed20240909,1151,0.5,0.5,3,0.0,B0d,1047,synthetic,6.901398096673324,29.862631992579654,2,1,False,seq_edges_slow,0.6861328746221108,0.8939663923580387,0.0,,,,,,,,4,4,41216,0.15971952639751552,True,4,8,4,10304,False,bursty|seq_edges_slow|rep1|seed20240909,,,,0,,,,2,8,,0,4
False,bursty|seq_edges_slow|rep2|seed20240909,835,0.5,0.5,0,0.0,B0d,1076,synthetic,6.8171378740152555,30.035968183941822,2,2,True,seq_edges_slow,0.6783594315543255,0.8864085220227826,0.0,,,,,,,,4,4,41216,0.1406735248447205,True,4,8,4,10304,False,bursty|seq_edges_slow|rep2|seed20240909,,,,0,,,,2,8,,0,4
False,bursty|seq_edges_slow|rep2|seed20240909,1486,0.5,0.5,1,0.0,B0d,1087,synthetic,6.817189731209981,30.05778593006149,2,2,False,seq_edges_slow,0.6791068799906635,0.8879034188954588,0.0,,,,,,,,4,4,41216,0.16384413819875776,True,4,8,4,10304,False,bursty|seq_edges_slow|rep2|seed20240909,,,,0,,,,2,8,,0,4
False,bursty|seq_edges_slow|rep2|seed20240909,2111,1.0,0.0,2,0.0,B0d,1079,synthetic,30.288367966990243,30.288367966990243,2,2,False,seq_edges_slow,0.8853680199910964,0.8853680199910964,0.0,,,,,,,,,8,41216,0.11206812888198758,True,0,8,8,10304,False,bursty|seq_edges_slow|rep2|seed20240909,,,,0,,,,2,8,,0,4
False,bursty|seq_edges_slow|rep2|seed20240909,2767,1.0,0.0,3,0.0,B0d,1047,synthetic,29.693371844179346,29.693371844179346,2,2,False,seq_edges_slow,0.8916643523521959,0.8916643523521959,0.0,,,,,,,,,8,41216,0.14572010869565216,True,0,8,8,10304,False,bursty|seq_edges_slow|rep2|seed20240909,,,,0,,,,2,8,,0,4
False,bursty|seq_edges_slow|rep3|seed20240909,625,0.5,0.5,0,0.0,B0d,1076,synthetic,6.8171378740152555,30.035968183941822,2,3,True,seq_edges_slow,0.6783594315543255,0.8864085220227826,0.0,,,,,,,4,,4,41216,0.3533093944099379,False,4,8,4,10304,False,bursty|seq_edges_slow|rep3|seed20240909,,,,0,,,,2,8,,0,4
False,bursty|seq_edges_slow|rep3|seed20240909,2884,0.875,0.125,1,0.0,B0d,1087,synthetic,18.740601675431517,30.45665821554579,2,3,True,seq_edges_slow,0.848946283199807,0.8920317128353645,0.0,,,,,,,,1,7,41216,0.1743255046583851,True,1,8,7,10304,False,bursty|seq_edges_slow|rep3|seed20240909,,,,0,,,,2,8,,0,4
False,bursty|seq_edges_slow|rep3|seed20240909,142,0.0,1.0,2,0.0,B0d,1079,synthetic,8.889302662835975,nan,2,3,False,seq_edges_slow,0.5476949249796237,nan,0.0,,,,,1,1,4,2,,41216,0.46578998447204967,False,8,8,0,10304,False,bursty|seq_edges_slow|rep3|seed20240909,,,,0,,,,2,8,,0,4
False,bursty|seq_edges_slow|rep3|seed20240909,1257,0.5,0.5,3,0.0,B0d,1047,synthetic,6.901398096673324,29.862631992579654,2,3,True,seq_edges_slow,0.6861328746221108,0.8939663923580387,0.0,,,,,,2,,2,4,41216,0.1827445652173913,True,4,8,4,10304,False,bursty|seq_edges_slow|rep3|seed20240909,,,,0,,,,2,8,,0,4
False,bursty|seq_edges_slow|rep4|seed20240909,1786,0.5,0.5,0,0.0,B0d,1076,synthetic,6.8171378740152555,30.035968183941822,2,4,True,seq_edges_slow,0.6783594315543255,0.8864085220227826,0.0,,,,,,,4,,4,41216,0.42420419254658387,False,4,8,4,10304,False,bursty|seq_edges_slow|rep4|seed20240909,,,,0,,,,2,8,,0,4
False,bursty|seq_edges_slow|rep4|seed20240909,2856,1.0,0.0,1,0.0,B0d,1087,synthetic,30.228992333521006,30.228992333521006,2,4,True,seq_edges_slow,0.8905079329330521,0.8905079329330521,0.0,,,,,,,,,8,41216,0.13909646739130435,True,0,8,8,10304,False,bursty|seq_edges_slow|rep4|seed20240909,,,,0,,,,2,8,,0,4
False,bursty|seq_edges_slow|rep4|seed20240909,1069,0.5,0.5,2,0.0,B0d,1079,synthetic,6.817331940109241,30.11818436732995,2,4,False,seq_edges_slow,0.6767630106341157,0.8822194467898431,0.0,,,,,,,4,,4,41216,0.22573757763975155,False,4,8,4,10304,False,bursty|seq_edges_slow|rep4|seed20240909,,,,0,,,,2,8,,0,4
False,bursty|seq_edges_slow|rep4|seed20240909,2177,1.0,0.0,3,0.0,B0d,1047,synthetic,29.693371844179346,29.693371844179346,2,4,True,seq_edges_slow,0.8916643523521959,0.8916643523521959,0.0,,,,,,,,,8,41216,0.11388781055900621,True,0,8,8,10304,False,bursty|seq_edges_slow|rep4|seed20240909,,,,0,,,,2,8,,0,4
False,bursty|seq_texture_fast|rep0|seed20240909,505,0.0,1.0,0,0.0,B0d,4625,synthetic,17.37989689699217,nan,2,0,True,seq_texture_fast,0.09864743173082263,nan,0.0,,,,,,,,8,,41216,0.24335209627329193,True,8,8,0,10304,False,bursty|seq_texture_fast|rep0|seed20240909,,,,0,,,,2,8,,0,4
False,bursty|seq_texture_fast|rep0|seed20240909,2568,1.0,0.0,1,0.0,B0d,4589,synthetic,27.115811499238905,27.115811499238905,2,0,False,seq_texture_fast,0.8934084290331108,0.8934084290331108,0.0,,,,,,,,,8,41216,0.1554493400621118,True,0,8,8,10304,False,bursty|seq_texture_fast|rep0|seed20240909,,,,0,,,,2,8,,0,4
False,bursty|seq_texture_fast|rep0|seed20240909,234,0.0,1.0,2,0.0,B0d,4615,synthetic,17.333511291480885,nan,2,0,True,seq_texture_fast,0.09789306058757484,nan,0.0,,,,,,,4,4,,41216,0.48073563664596275,False,8,8,0,10304,False,bursty|seq_texture_fast|rep0|seed20240909,,,,0,,,,2,8,,0,4
False,bursty|seq_texture_fast|rep0|seed20240909,517,0.5,0.5,3,0.0,B0d,4600,synthetic,17.21005991190906,27.11101047255925,2,0,False,seq_texture_fast,0.48359187777506557,0.8909452844759862,0.0,,,,,,,,4,4,41216,0.13463218167701863,True,4,8,4,10304,False,bursty|seq_texture_fast|rep0|seed20240909,,,,0,,,,2,8,,0,4
False,bursty|seq_texture_fast|rep1|seed20240909,960,0.5,0.5,0,0.0,B0d,4625,synthetic,16.702103256649764,27.125374828165928,2,1,True,seq_texture_fast,0.47596571532274323,0.8906311086089461,0.0,,,,,,,,4,4,41216,0.1530958850931677,True,4,8,4,10304,False,bursty|seq_texture_fast|rep1|seed20240909,,,,0,,,,2,8,,0,4
False,bursty|seq_texture_fast|rep1|seed20240909,1347,0.5,0.5,1,0.0,B0d,4589,synthetic,17.123070715938052,27.125453337661565,2,1,False,seq_texture_fast,0.4810718424472082,0.8903638315037558,0.0,2,,,,,,,2,4,41216,0.18492818322981366,True,4,8,4,10304,False,bursty|seq_texture_fast|rep1|seed20240909,,,,0,,,,2,8,,0,4
False,bursty|seq_texture_fast|rep1|seed20240909,2495,1.0,0.0,2,0.0,B0d,4615,synthetic,27.115497466775768,27.115497466775768,2,1,False,seq_texture_fast,0.8937133492759207,0.8937133492759207,0.0,,,,,,,,,8,41216,0.15006308229813664,True,0,8,8,10304,False,bursty|seq_texture_fast|rep1|seed20240909,,,,0,,,,2,8,,0,4
False,bursty|seq_texture_fast|rep1|seed20240909,1692,0.5,0.5,3,0.0,B0d,4600,synthetic,16.973271939817103,27.13247024495181,2,1,False,seq_texture_fast,0.47064606618885513,0.8849833271331337,0.0,,,,,,,,4,4,41216,0.19815120341614906,True,4,8,4,10304,False,bursty|seq_texture_fast|rep1|seed20240909,,,,0,,,,2,8,,0,4
False,bursty|seq_texture_fast|rep2|seed20240909,1839,0.5,0.5,0,0.0,B0d,4625,synthetic,16.702103256649764,27.125374828165928,2,2,True,seq_texture_fast,0.47596571532274323,0.8906311086089461,0.0,,,,,,1,,3,4,41216,0.2306143245341615,True,4,8,4,10304,False,bursty|seq_texture_fast|rep2|seed20240909,,,,0,,,,2,8,,0,4
False,bursty|seq_texture_fast|rep2|seed20240909,1847,0.75,0.25,1,0.0,B0d,4589,synthetic,21.511061787237683,27.13317990965627,2,2,False,seq_texture_fast,0.7137595731112937,0.8854166420476914,0.0,,,,,,,,2,6,41216,0.15261063664596272,True,2,8,6,10304,False,bursty|seq_texture_fast|rep2|seed20240909,,,,0,,,,2,8,,0,4
False,bursty|seq_texture_fast|rep2|seed20240909,2456,0.75,0.25,2,0.0,B0d,4615,synthetic,20.719726222334277,27.13354883131427,2,2,False,seq_texture_fast,0.6925359933628198,0.8858871616053392,0.0,,,,,,,,2,6,41216,0.18233210403726707,True,2,8,6,10304,False,bursty|seq_texture_fast|rep2|seed20240909,,,,0,,,,2,8,,0,4
False,bursty|seq_texture_fast|rep2|seed20240909,1169,0.25,0.75,3,0.0,B0d,4600,synthetic,15.574663609347024,27.221474974042668,2,2,False,seq_texture_fast,0.26385826431025966,0.87441677913103,0.0,,,,,,1,,5,2,41216,0.23711665372670807,True,6,8,2,10304,False,bursty|seq_texture_fast|rep2|seed20240909,,,,0,,,,2,8,,0,4
False,bursty|seq_texture_fast|rep3|seed20240909,2666,1.0,0.0,0,0.0,B0d,4625,synthetic,27.15144070427842,27.15144070427842,2,3,True,seq_texture_fast,0.8932951912644751,0.8932951912644751,0.0,,,,,,,,,8,41216,0.15855493012422361,True,0,8,8,10304,False,bursty|seq_texture_fast|rep3|seed20240909,,,,0,,,,2,8,,0,4
False,bursty|seq_texture_fast|rep3|seed20240909,1745,0.5,0.5,1,0.0,B0d,4589,synthetic,17.123070715938052,27.125453337661565,2,3,True,seq_texture_fast,0.4810718424472082,0.8903638315037558,0.0,,,,,,,4,,4,41216,0.47282608695652173,False,4,8,4,10304,False,bursty|seq_texture_fast|rep3|seed20240909,,,,0,,,,2,8,,0,4
False,bursty|seq_texture_fast|rep3|seed20240909,2779,1.0,0.0,2,0.0,B0d,4615,synthetic,27.115497466775768,27.115497466775768,2,3,False,seq_texture_fast,0.8937133492759207,0.8937133492759207,0.0,,,,,,,,,8,41216,0.16018051242236025,True,0,8,8,10304,False,bursty|seq_texture_fast|rep3|seed20240909,,,,0,,,,2,8,,0,4
False,bursty|seq_texture_fast|rep3|seed20240909,3018,1.0,0.0,3,0.0,B0d,4600,synthetic,27.121727103885224,27.121727103885224,2,3,False,seq_texture_fast,0.8925792942863282,0.8925792942863282,0.0,,,,,,,,,8,41216,0.1698612189440994,True,0,8,8,10304,False,bursty|seq_texture_fast|rep3|seed20240909,,,,0,,,,2,8,,0,4
False,bursty|seq_texture_fast|rep4|seed20240909,1734,0.625,0.375,0,0.0,B0d,4625,synthetic,19.116615415886308,27.186217431942268,2,4,True,seq_texture_fast,0.5983010166343722,0.8840633848081301,0.0,,,,,,,,3,5,41216,0.16733792701863354,True,3,8,5,10304,False,bursty|seq_texture_fast|rep4|seed20240909,,,,0,,,,2,8,,0,4
False,bursty|seq_texture_fast|rep4|seed20240909,3047,1.0,0.0,1,0.0,B0d,4589,synthetic,27.115811499238905,27.115811499238905,2,4,False,seq_texture_fast,0.8934084290331108,0.8934084290331108,0.0,,,,,,,,,8,41216,0.17692158385093168,True,0,8,8,10304,False,bursty|seq_texture_fast|rep4|seed20240909,,,,0,,,,2,8,,0,4
False,bursty|seq_texture_fast|rep4|seed20240909,1794,1.0,0.0,2,0.0,B0d,4615,synthetic,27.115497466775768,27.115497466775768,2,4,False,seq_texture_fast,0.8937133492759207,0.8937133492759207,0.0,,,,,,,,,8,41216,0.10755531832298136,True,0,8,8,10304,False,bursty|seq_texture_fast|rep4|seed20240909,,,,0,,,,2,8,,0,4
False,bursty|seq_texture_fast|rep4|seed20240909,2112,0.875,0.125,3,0.0,B0d,4600,synthetic,22.502939919710126,27.11831537892827,2,4,False,seq_texture_fast,0.7901224314303398,0.8893737543977304,0.0,,,,,,,,1,7,41216,0.14125582298136646,True,1,8,7,10304,False,bursty|seq_texture_fast|rep4|seed20240909,,,,0,,,,2,8,,0,4
False,bursty|still_smooth|rep0|seed20240909,0,1.0,0.0,0,0.0,B1,0,synthetic,18.06411996750831,18.06411996750831,1,0,False,still_smooth,0.49381722324628824,0.49381722324628824,0.0,,,,,,,,,,0,nan,True,0,0,0,0,False,,"picture displayed, not verified",0.0,0.0,,,,,,,0.9590485694335795,,
False,bursty|still_smooth|rep1|seed20240909,0,1.0,0.0,0,0.0,B1,0,synthetic,17.939607728830186,17.939607728830186,1,1,False,still_smooth,0.46884843852643704,0.46884843852643704,0.0,,,,,,,,,,0,nan,True,0,0,0,0,False,,"picture displayed, not verified",0.0,0.0,,,,,,,0.9683576843089235,,
False,bursty|still_smooth|rep2|seed20240909,0,1.0,0.0,0,0.0,B1,0,synthetic,14.726311584443497,14.726311584443497,1,2,False,still_smooth,0.29817001982521757,0.29817001982521757,0.0,,,,,,,,,,0,nan,True,0,0,0,0,False,,"picture displayed, not verified",0.0,0.0,,,,,,,0.9722572841630346,,
False,bursty|still_smooth|rep3|seed20240909,0,1.0,0.0,0,0.0,B1,0,synthetic,7.248377946723736,7.248377946723736,1,3,False,still_smooth,0.1508769132360435,0.1508769132360435,0.0,,,,,,,,,,0,nan,False,0,0,0,0,False,,"picture displayed, not verified",-3.0,-8.0,,,,,,,0.05095512964227872,,
False,bursty|still_smooth|rep4|seed20240909,0,1.0,0.0,0,0.0,B1,0,synthetic,7.666460745499547,7.666460745499547,1,4,False,still_smooth,0.15127282340330586,0.15127282340330586,0.0,,,,,,,,,,0,nan,False,0,0,0,0,False,,"picture displayed, not verified",-1.0,-7.0,,,,,,,0.2658654778085686,,
False,bursty|still_text|rep0|seed20240909,0,1.0,0.0,0,0.0,B1,0,synthetic,16.59618673010106,16.59618673010106,1,0,False,still_text,0.6949960046918818,0.6949960046918818,0.0,,,,,,,,,,0,nan,True,0,0,0,0,False,,"picture displayed, not verified",0.0,0.0,,,,,,,0.9681836115847937,,
False,bursty|still_text|rep1|seed20240909,0,1.0,0.0,0,0.0,B1,0,synthetic,11.321683392027166,11.321683392027166,1,1,False,still_text,0.370159995490099,0.370159995490099,0.0,,,,,,,,,,0,nan,True,0,0,0,0,False,,"picture displayed, not verified",0.0,0.0,,,,,,,0.9727376249249934,,
False,bursty|still_text|rep2|seed20240909,0,1.0,0.0,0,0.0,B1,0,synthetic,13.909653494323479,13.909653494323479,1,2,False,still_text,0.5711940443604542,0.5711940443604542,0.0,,,,,,,,,,0,nan,True,0,0,0,0,False,,"picture displayed, not verified",0.0,0.0,,,,,,,0.9714804552216098,,
False,bursty|still_text|rep3|seed20240909,0,1.0,0.0,0,0.0,B1,0,synthetic,11.544058791206165,11.544058791206165,1,3,False,still_text,0.44759877879535254,0.44759877879535254,0.0,,,,,,,,,,0,nan,False,0,0,0,0,False,,"picture displayed, not verified",0.0,4.0,,,,,,,0.13024302800038728,,
False,bursty|still_text|rep4|seed20240909,0,1.0,0.0,0,0.0,B1,0,synthetic,14.019929201175094,14.019929201175094,1,4,False,still_text,0.5513314273263201,0.5513314273263201,0.0,,,,,,,,,,0,nan,True,0,0,0,0,False,,"picture displayed, not verified",0.0,0.0,,,,,,,0.9876068048305044,,
False,bursty|still_texture|rep0|seed20240909,0,1.0,0.0,0,0.0,B1,0,synthetic,19.04156176748411,19.04156176748411,1,0,False,still_texture,0.7148839873374677,0.7148839873374677,0.0,,,,,,,,,,0,nan,True,0,0,0,0,False,,"picture displayed, not verified",0.0,0.0,,,,,,,0.9653393370624485,,
False,bursty|still_texture|rep1|seed20240909,0,1.0,0.0,0,0.0,B1,0,synthetic,18.681145118812,18.681145118812,1,1,False,still_texture,0.6861487576648863,0.6861487576648863,0.0,,,,,,,,,,0,nan,True,0,0,0,0,False,,"picture displayed, not verified",0.0,0.0,,,,,,,0.9610088984991048,,
False,bursty|still_texture|rep2|seed20240909,0,1.0,0.0,0,0.0,B1,0,synthetic,7.201508175059419,7.201508175059419,1,2,False,still_texture,0.0026089360961725886,0.0026089360961725886,0.0,,,,,,,,,,0,nan,False,0,0,0,0,False,,"picture displayed, not verified",-8.0,4.0,,,,,,,0.12163359610943204,,
False,bursty|still_texture|rep3|seed20240909,0,1.0,0.0,0,0.0,B1,0,synthetic,18.809186017396662,18.809186017396662,1,3,False,still_texture,0.692118039672371,0.692118039672371,0.0,,,,,,,,,,0,nan,True,0,0,0,0,False,,"picture displayed, not verified",0.0,0.0,,,,,,,0.9719765252447352,,
False,bursty|still_texture|rep4|seed20240909,0,1.0,0.0,0,0.0,B1,0,synthetic,11.688083741538016,11.688083741538016,1,4,False,still_texture,0.274802755895819,0.274802755895819,0.0,,,,,,,,,,0,nan,False,0,0,0,0,False,,"picture displayed, not verified",0.0,-3.0,,,,,,,0.25556212677005474,,
False,bursty|still_edges|rep0|seed20240909,0,1.0,0.0,0,0.0,B1,0,synthetic,15.965789695832179,15.965789695832179,1,0,False,still_edges,0.5070971394869805,0.5070971394869805,0.0,,,,,,,,,,0,nan,True,0,0,0,0,False,,"picture displayed, not verified",0.0,0.0,,,,,,,0.973916454879799,,
False,bursty|still_edges|rep1|seed20240909,0,1.0,0.0,0,0.0,B1,0,synthetic,12.632313488045979,12.632313488045979,1,1,False,still_edges,0.364876656849253,0.364876656849253,0.0,,,,,,,,,,0,nan,True,0,0,0,0,False,,"picture displayed, not verified",0.0,0.0,,,,,,,0.9784162699083107,,
False,bursty|still_edges|rep2|seed20240909,0,1.0,0.0,0,0.0,B1,0,synthetic,13.151146417385926,13.151146417385926,1,2,False,still_edges,0.3796804318436366,0.3796804318436366,0.0,,,,,,,,,,0,nan,True,0,0,0,0,False,,"picture displayed, not verified",0.0,0.0,,,,,,,0.9653624297292001,,
False,bursty|still_edges|rep3|seed20240909,0,1.0,0.0,0,0.0,B1,0,synthetic,8.9208135486152,8.9208135486152,1,3,False,still_edges,0.1739999868659248,0.1739999868659248,0.0,,,,,,,,,,0,nan,False,0,0,0,0,False,,"picture displayed, not verified",1.0,6.0,,,,,,,0.06192765309971311,,
False,bursty|still_edges|rep4|seed20240909,0,1.0,0.0,0,0.0,B1,0,synthetic,13.421324216414636,13.421324216414636,1,4,False,still_edges,0.41357505474024286,0.41357505474024286,0.0,,,,,,,,,,0,nan,True,0,0,0,0,False,,"picture displayed, not verified",0.0,0.0,,,,,,,0.9792690077242908,,
False,bursty|seq_illumination_slow|rep0|seed20240909,0,1.0,0.0,0,0.0,B1,0,synthetic,13.09161387357224,13.09161387357224,1,0,False,seq_illumination_slow,0.32553876298931406,0.32553876298931406,0.0,,,,,,,,,,0,nan,True,0,0,0,0,False,,"picture displayed, not verified",0.0,0.0,,,,,,,0.9761012327305987,,
False,bursty|seq_illumination_slow|rep0|seed20240909,0,1.0,0.0,1,0.0,B1,0,synthetic,17.58193546885702,17.58193546885702,1,0,False,seq_illumination_slow,0.5463086756078795,0.5463086756078795,0.0,,,,,,,,,,0,nan,True,0,0,0,0,False,,"picture displayed, not verified",0.0,0.0,,,,,,,0.9749304625180829,,
False,bursty|seq_illumination_slow|rep0|seed20240909,0,1.0,0.0,2,0.0,B1,0,synthetic,8.10336135446173,8.10336135446173,1,0,False,seq_illumination_slow,0.11001973619662796,0.11001973619662796,0.0,,,,,,,,,,0,nan,False,0,0,0,0,False,,"picture displayed, not verified",9.0,0.0,,,,,,,0.055054685609906805,,
False,bursty|seq_illumination_slow|rep0|seed20240909,0,1.0,0.0,3,0.0,B1,0,synthetic,13.179671561932642,13.179671561932642,1,0,False,seq_illumination_slow,0.4104678570371698,0.4104678570371698,0.0,,,,,,,,,,0,nan,True,0,0,0,0,False,,"picture displayed, not verified",0.0,0.0,,,,,,,0.9598819702175605,,
False,bursty|seq_illumination_slow|rep1|seed20240909,0,1.0,0.0,0,0.0,B1,0,synthetic,14.683647633687368,14.683647633687368,1,1,False,seq_illumination_slow,0.43987833820598077,0.43987833820598077,0.0,,,,,,,,,,0,nan,True,0,0,0,0,False,,"picture displayed, not verified",0.0,0.0,,,,,,,0.9801889912552814,,
False,bursty|seq_illumination_slow|rep1|seed20240909,0,1.0,0.0,1,0.0,B1,0,synthetic,12.447533043385997,12.447533043385997,1,1,False,seq_illumination_slow,0.2710507162149393,0.2710507162149393,0.0,,,,,,,,,,0,nan,True,0,0,0,0,False,,"picture displayed, not verified",0.0,0.0,,,,,,,0.9520768847735186,,
False,bursty|seq_illumination_slow|rep1|seed20240909,0,1.0,0.0,2,0.0,B1,0,synthetic,13.087934092762891,13.087934092762891,1,1,False,seq_illumination_slow,0.3528185859913737,0.3528185859913737,0.0,,,,,,,,,,0,nan,True,0,0,0,0,False,,"picture displayed, not verified",0.0,0.0,,,,,,,0.9671986325259283,,
False,bursty|seq_illumination_slow|rep1|seed20240909,0,1.0,0.0,3,0.0,B1,0,synthetic,15.421796076469857,15.421796076469857,1,1,False,seq_illumination_slow,0.5046486421375147,0.5046486421375147,0.0,,,,,,,,,,0,nan,True,0,0,0,0,False,,"picture displayed, not verified",0.0,0.0,,,,,,,0.9834609345094453,,
False,bursty|seq_illumination_slow|rep2|seed20240909,0,1.0,0.0,0,0.0,B1,0,synthetic,13.40198860643026,13.40198860643026,1,2,False,seq_illumination_slow,0.36982503288143725,0.36982503288143725,0.0,,,,,,,,,,0,nan,True,0,0,0,0,False,,"picture displayed, not verified",0.0,0.0,,,,,,,0.97117198817406,,
False,bursty|seq_illumination_slow|rep2|seed20240909,0,1.0,0.0,1,0.0,B1,0,synthetic,14.01527753521062,14.01527753521062,1,2,False,seq_illumination_slow,0.38487955240417665,0.38487955240417665,0.0,,,,,,,,,,0,nan,True,0,0,0,0,False,,"picture displayed, not verified",0.0,0.0,,,,,,,0.9829629070113941,,
False,bursty|seq_illumination_slow|rep2|seed20240909,0,1.0,0.0,2,0.0,B1,0,synthetic,15.191996034147898,15.191996034147898,1,2,False,seq_illumination_slow,0.43757012976199916,0.43757012976199916,0.0,,,,,,,,,,0,nan,True,0,0,0,0,False,,"picture displayed, not verified",0.0,0.0,,,,,,,0.9572019575448633,,
False,bursty|seq_illumination_slow|rep2|seed20240909,0,1.0,0.0,3,0.0,B1,0,synthetic,13.607543873092139,13.607543873092139,1,2,False,seq_illumination_slow,0.3942451199179661,0.3942451199179661,0.0,,,,,,,,,,0,nan,True,0,0,0,0,False,,"picture displayed, not verified",0.0,0.0,,,,,,,0.9844114984200101,,
False,bursty|seq_illumination_slow|rep3|seed20240909,0,1.0,0.0,0,0.0,B1,0,synthetic,15.144729209890508,15.144729209890508,1,3,False,seq_illumination_slow,0.4469709390454486,0.4469709390454486,0.0,,,,,,,,,,0,nan,True,0,0,0,0,False,,"picture displayed, not verified",0.0,0.0,,,,,,,0.9725499491075987,,
False,bursty|seq_illumination_slow|rep3|seed20240909,0,1.0,0.0,1,0.0,B1,0,synthetic,9.011470327874658,9.011470327874658,1,3,False,seq_illumination_slow,0.10850441643153369,0.10850441643153369,0.0,,,,,,,,,,0,nan,False,0,0,0,0,False,,"picture displayed, not verified",-1.0,7.0,,,,,,,0.06037687576344874,,
False,bursty|seq_illumination_slow|rep3|seed20240909,0,1.0,0.0,2,0.0,B1,0,synthetic,10.14454305895619,10.14454305895619,1,3,False,seq_illumination_slow,0.1451756219769119,0.1451756219769119,0.0,,,,,,,,,,0,nan,True,0,0,0,0,False,,"picture displayed, not verified",0.0,-4.0,,,,,,,0.31040593956063695,,
False,bursty|seq_illumination_slow|rep3|seed20240909,0,1.0,0.0,3,0.0,B1,0,synthetic,13.064614558847161,13.064614558847161,1,3,False,seq_illumination_slow,0.36976095334454023,0.36976095334454023,0.0,,,,,,,,,,0,nan,True,0,0,0,0,False,,"picture displayed, not verified",0.0,0.0,,,,,,,0.9616056262869093,,
False,bursty|seq_illumination_slow|rep4|seed20240909,0,1.0,0.0,0,0.0,B1,0,synthetic,12.743440910419475,12.743440910419475,1,4,False,seq_illumination_slow,0.3166150923104868,0.3166150923104868,0.0,,,,,,,,,,0,nan,True,0,0,0,0,False,,"picture displayed, not verified",0.0,0.0,,,,,,,0.9900151134097896,,
False,bursty|seq_illumination_slow|rep4|seed20240909,0,1.0,0.0,1,0.0,B1,0,synthetic,12.29620865391273,12.29620865391273,1,4,False,seq_illumination_slow,0.23303934590668876,0.23303934590668876,0.0,,,,,,,,,,0,nan,False,0,0,0,0,False,,"picture displayed, not verified",1.0,0.0,,,,,,,0.13056382466321348,,
False,bursty|seq_illumination_slow|rep4|seed20240909,0,1.0,0.0,2,0.0,B1,0,synthetic,11.494027041992966,11.494027041992966,1,4,False,seq_illumination_slow,0.23009697751124633,0.23009697751124633,0.0,,,,,,,,,,0,nan,True,0,0,0,0,False,,"picture displayed, not verified",0.0,-3.0,,,,,,,0.7495105697701455,,
False,bursty|seq_illumination_slow|rep4|seed20240909,0,1.0,0.0,3,0.0,B1,0,synthetic,6.2708174176972165,6.2708174176972165,1,4,False,seq_illumination_slow,0.07494689519914743,0.07494689519914743,0.0,,,,,,,,,,0,nan,False,0,0,0,0,False,,"picture displayed, not verified",12.0,-7.0,,,,,,,0.050775807812663123,,
False,bursty|seq_edges_slow|rep0|seed20240909,0,1.0,0.0,0,0.0,B1,0,synthetic,16.001998337461604,16.001998337461604,1,0,False,seq_edges_slow,0.5174825687836208,0.5174825687836208,0.0,,,,,,,,,,0,nan,True,0,0,0,0,False,,"picture displayed, not verified",0.0,0.0,,,,,,,0.9590614762660461,,
False,bursty|seq_edges_slow|rep0|seed20240909,0,1.0,0.0,1,0.0,B1,0,synthetic,14.412883836128804,14.412883836128804,1,0,False,seq_edges_slow,0.435034428770454,0.435034428770454,0.0,,,,,,,,,,0,nan,True,0,0,0,0,False,,"picture displayed, not verified",0.0,0.0,,,,,,,0.9640350162528285,,
False,bursty|seq_edges_slow|rep0|seed20240909,0,1.0,0.0,2,0.0,B1,0,synthetic,16.202213918172937,16.202213918172937,1,0,False,seq_edges_slow,0.5337980090757598,0.5337980090757598,0.0,,,,,,,,,,0,nan,True,0,0,0,0,False,,"picture displayed, not verified",0.0,0.0,,,,,,,0.9694298771758468,,
False,bursty|seq_edges_slow|rep0|seed20240909,0,1.0,0.0,3,0.0,B1,0,synthetic,11.570032013084862,11.570032013084862,1,0,False,seq_edges_slow,0.2242589394244768,0.2242589394244768,0.0,,,,,,,,,,0,nan,True,0,0,0,0,False,,"picture displayed, not verified",0.0,0.0,,,,,,,0.34389396376273135,,
False,bursty|seq_edges_slow|rep1|seed20240909,0,1.0,0.0,0,0.0,B1,0,synthetic,14.767562341031766,14.767562341031766,1,1,False,seq_edges_slow,0.4724459278137423,0.4724459278137423,0.0,,,,,,,,,,0,nan,True,0,0,0,0,False,,"picture displayed, not verified",0.0,0.0,,,,,,,0.9826522972578354,,
False,bursty|seq_edges_slow|rep1|seed20240909,0,1.0,0.0,1,0.0,B1,0,synthetic,13.869275450708681,13.869275450708681,1,1,False,seq_edges_slow,0.4181921552454335,0.4181921552454335,0.0,,,,,,,,,,0,nan,True,0,0,0,0,False,,"picture displayed, not verified",0.0,0.0,,,,,,,0.9546174252284423,,
False,bursty|seq_edges_slow|rep1|seed20240909,0,1.0,0.0,2,0.0,B1,0,synthetic,15.98076012101308,15.98076012101308,1,1,False,seq_edges_slow,0.521178669004761,0.521178669004761,0.0,,,,,,,,,,0,nan,True,0,0,0,0,False,,"picture displayed, not verified",0.0,0.0,,,,,,,0.9836092265336489,,
False,bursty|seq_edges_slow|rep1|seed20240909,0,1.0,0.0,3,0.0,B1,0,synthetic,12.315329879795268,12.315329879795268,1,1,False,seq_edges_slow,0.32323747864416325,0.32323747864416325,0.0,,,,,,,,,,0,nan,True,0,0,0,0,False,,"picture displayed, not verified",0.0,0.0,,,,,,,0.973207417987277,,
False,bursty|seq_edges_slow|rep2|seed20240909,0,1.0,0.0,0,0.0,B1,0,synthetic,18.465005962087748,18.465005962087748,1,2,False,seq_edges_slow,0.5811925812263365,0.5811925812263365,0.0,,,,,,,,,,0,nan,True,0,0,0,0,False,,"picture displayed, not verified",0.0,0.0,,,,,,,0.9657539557051811,,
False,bursty|seq_edges_slow|rep2|seed20240909,0,1.0,0.0,1,0.0,B1,0,synthetic,12.55207933762847,12.55207933762847,1,2,False,seq_edges_slow,0.33594689666458494,0.33594689666458494,0.0,,,,,,,,,,0,nan,True,0,0,0,0,False,,"picture displayed, not verified",0.0,-2.0,,,,,,,0.874639125808493,,
False,bursty|seq_edges_slow|rep2|seed20240909,0,1.0,0.0,2,0.0,B1,0,synthetic,14.531444404680444,14.531444404680444,1,2,False,seq_edges_slow,0.47178894734952265,0.47178894734952265,0.0,,,,,,,,,,0,nan,True,0,0,0,0,False,,"picture displayed, not verified",0.0,0.0,,,,,,,0.9629034573044678,,
False,bursty|seq_edges_slow|rep2|seed20240909,0,1.0,0.0,3,0.0,B1,0,synthetic,12.621562192587174,12.621562192587174,1,2,False,seq_edges_slow,0.3269447463389911,0.3269447463389911,0.0,,,,,,,,,,0,nan,True,0,0,0,0,False,,"picture displayed, not verified",0.0,-2.0,,,,,,,0.7452573885291417,,
False,bursty|seq_edges_slow|rep3|seed20240909,0,1.0,0.0,0,0.0,B1,0,synthetic,17.081832132107305,17.081832132107305,1,3,False,seq_edges_slow,0.5616297444253195,0.5616297444253195,0.0,,,,,,,,,,0,nan,True,0,0,0,0,False,,"picture displayed, not verified",0.0,0.0,,,,,,,0.9660409646128815,,
False,bursty|seq_edges_slow|rep3|seed20240909,0,1.0,0.0,1,0.0,B1,0,synthetic,13.369531803012283,13.369531803012283,1,3,False,seq_edges_slow,0.40734789760825807,0.40734789760825807,0.0,,,,,,,,,,0,nan,True,0,0,0,0,False,,"picture displayed, not verified",0.0,0.0,,,,,,,0.9597541567034137,,
False,bursty|seq_edges_slow|rep3|seed20240909,0,1.0,0.0,2,0.0,B1,0,synthetic,11.906004929169296,11.906004929169296,1,3,False,seq_edges_slow,0.30186353715943426,0.30186353715943426,0.0,,,,,,,,,,0,nan,True,0,0,0,0,False,,"picture displayed, not verified",0.0,0.0,,,,,,,0.9483837191778414,,
False,bursty|seq_edges_slow|rep3|seed20240909,0,1.0,0.0,3,0.0,B1,0,synthetic,11.94374988552839,11.94374988552839,1,3,False,seq_edges_slow,0.2957776306484477,0.2957776306484477,0.0,,,,,,,,,,0,nan,True,0,0,0,0,False,,"picture displayed, not verified",0.0,0.0,,,,,,,0.9457331010862468,,
False,bursty|seq_edges_slow|rep4|seed20240909,0,1.0,0.0,0,0.0,B1,0,synthetic,11.925205982397786,11.925205982397786,1,4,False,seq_edges_slow,0.3244050533736985,0.3244050533736985,0.0,,,,,,,,,,0,nan,True,0,0,0,0,False,,"picture displayed, not verified",0.0,0.0,,,,,,,0.9541520845949077,,
False,bursty|seq_edges_slow|rep4|seed20240909,0,1.0,0.0,1,0.0,B1,0,synthetic,16.045987916277262,16.045987916277262,1,4,False,seq_edges_slow,0.508836651672074,0.508836651672074,0.0,,,,,,,,,,0,nan,True,0,0,0,0,False,,"picture displayed, not verified",0.0,0.0,,,,,,,0.9656083807148389,,
False,bursty|seq_edges_slow|rep4|seed20240909,0,1.0,0.0,2,0.0,B1,0,synthetic,14.80265862482339,14.80265862482339,1,4,False,seq_edges_slow,0.4535457531576705,0.4535457531576705,0.0,,,,,,,,,,0,nan,True,0,0,0,0,False,,"picture displayed, not verified",0.0,0.0,,,,,,,0.9607277859679697,,
False,bursty|seq_edges_slow|rep4|seed20240909,0,1.0,0.0,3,0.0,B1,0,synthetic,15.940772511000016,15.940772511000016,1,4,False,seq_edges_slow,0.5128901735863879,0.5128901735863879,0.0,,,,,,,,,,0,nan,True,0,0,0,0,False,,"picture displayed, not verified",0.0,0.0,,,,,,,0.9655982041767297,,
False,bursty|seq_texture_fast|rep0|seed20240909,0,1.0,0.0,0,0.0,B1,0,synthetic,16.963874292094683,16.963874292094683,1,0,False,seq_texture_fast,0.5496103075544462,0.5496103075544462,0.0,,,,,,,,,,0,nan,True,0,0,0,0,False,,"picture displayed, not verified",0.0,0.0,,,,,,,0.9747643394884791,,
False,bursty|seq_texture_fast|rep0|seed20240909,0,1.0,0.0,1,0.0,B1,0,synthetic,23.478307922526515,23.478307922526515,1,0,False,seq_texture_fast,0.8786554353903083,0.8786554353903083,0.0,,,,,,,,,,0,nan,True,0,0,0,0,False,,"picture displayed, not verified",0.0,0.0,,,,,,,0.9523645507590941,,
False,bursty|seq_texture_fast|rep0|seed20240909,0,1.0,0.0,2,0.0,B1,0,synthetic,8.678645896485827,8.678645896485827,1,0,False,seq_texture_fast,0.13150491208565568,0.13150491208565568,0.0,,,,,,,,,,0,nan,True,0,0,0,0,False,,"picture displayed, not verified",0.0,5.0,,,,,,,0.31010198992583066,,
False,bursty|seq_texture_fast|rep0|seed20240909,0,1.0,0.0,3,0.0,B1,0,synthetic,16.171189977049753,16.171189977049753,1,0,False,seq_texture_fast,0.4871564228497471,0.4871564228497471,0.0,,,,,,,,,,0,nan,True,0,0,0,0,False,,"picture displayed, not verified",0.0,0.0,,,,,,,0.9928332180246883,,
False,bursty|seq_texture_fast|rep1|seed20240909,0,1.0,0.0,0,0.0,B1,0,synthetic,18.526915999421924,18.526915999421924,1,1,False,seq_texture_fast,0.6791527577039315,0.6791527577039315,0.0,,,,,,,,,,0,nan,True,0,0,0,0,False,,"picture displayed, not verified",0.0,0.0,,,,,,,0.9786583868905241,,
False,bursty|seq_texture_fast|rep1|seed20240909,0,1.0,0.0,1,0.0,B1,0,synthetic,16.91439513220078,16.91439513220078,1,1,False,seq_texture_fast,0.5627138716093761,0.5627138716093761,0.0,,,,,,,,,,0,nan,True,0,0,0,0,False,,"picture displayed, not verified",0.0,0.0,,,,,,,0.9951486452041134,,
False,bursty|seq_texture_fast|rep1|seed20240909,0,1.0,0.0,2,0.0,B1,0,synthetic,19.915426581143187,19.915426581143187,1,1,False,seq_texture_fast,0.7612433347958986,0.7612433347958986,0.0,,,,,,,,,,0,nan,True,0,0,0,0,False,,"picture displayed, not verified",0.0,0.0,,,,,,,0.9368720363032896,,
False,bursty|seq_texture_fast|rep1|seed20240909,0,1.0,0.0,3,0.0,B1,0,synthetic,19.20064171749906,19.20064171749906,1,1,False,seq_texture_fast,0.7200207946612162,0.7200207946612162,0.0,,,,,,,,,,0,nan,True,0,0,0,0,False,,"picture displayed, not verified",0.0,0.0,,,,,,,0.9656219310025381,,
False,bursty|seq_texture_fast|rep2|seed20240909,0,1.0,0.0,0,0.0,B1,0,synthetic,15.773095021028773,15.773095021028773,1,2,False,seq_texture_fast,0.4293503364768805,0.4293503364768805,0.0,,,,,,,,,,0,nan,True,0,0,0,0,False,,"picture displayed, not verified",0.0,0.0,,,,,,,0.9661240883878547,,
False,bursty|seq_texture_fast|rep2|seed20240909,0,1.0,0.0,1,0.0,B1,0,synthetic,17.998822216477215,17.998822216477215,1,2,False,seq_texture_fast,0.6418725630491249,0.6418725630491249,0.0,,,,,,,,,,0,nan,True,0,0,0,0,False,,"picture displayed, not verified",0.0,0.0,,,,,,,0.9874573469803725,,
False,bursty|seq_texture_fast|rep2|seed20240909,0,1.0,0.0,2,0.0,B1,0,synthetic,14.055163898447613,14.055163898447613,1,2,False,seq_texture_fast,0.4484749329809797,0.4484749329809797,0.0,,,,,,,,,,0,nan,True,0,0,0,0,False,,"picture displayed, not verified",0.0,-1.0,,,,,,,0.3782353203769003,,
False,bursty|seq_texture_fast|rep2|seed20240909,0,1.0,0.0,3,0.0,B1,0,synthetic,17.14088857241338,17.14088857241338,1,2,False,seq_texture_fast,0.5813735454076895,0.5813735454076895,0.0,,,,,,,,,,0,nan,True,0,0,0,0,False,,"picture displayed, not verified",0.0,0.0,,,,,,,0.9492221796997277,,
False,bursty|seq_texture_fast|rep3|seed20240909,0,1.0,0.0,0,0.0,B1,0,synthetic,18.872593371109712,18.872593371109712,1,3,False,seq_texture_fast,0.7043476074046433,0.7043476074046433,0.0,,,,,,,,,,0,nan,True,0,0,0,0,False,,"picture displayed, not verified",0.0,0.0,,,,,,,0.9819028597409001,,
False,bursty|seq_texture_fast|rep3|seed20240909,0,1.0,0.0,1,0.0,B1,0,synthetic,7.944525939112218,7.944525939112218,1,3,False,seq_texture_fast,0.011719076921823049,0.011719076921823049,0.0,,,,,,,,,,0,nan,False,0,0,0,0,False,,"picture displayed, not verified",-9.0,3.0,,,,,,,0.04827072681768752,,
False,bursty|seq_texture_fast|rep3|seed20240909,0,1.0,0.0,2,0.0,B1,0,synthetic,9.472301036703714,9.472301036703714,1,3,False,seq_texture_fast,0.08715487275182814,0.08715487275182814,0.0,,,,,,,,,,0,nan,True,0,0,0,0,False,,"picture displayed, not verified",0.0,-6.0,,,,,,,0.6342340602813407,,
False,bursty|seq_texture_fast|rep3|seed20240909,0,1.0,0.0,3,0.0,B1,0,synthetic,18.4323066145164,18.4323066145164,1,3,False,seq_texture_fast,0.6737859357626621,0.6737859357626621,0.0,,,,,,,,,,0,nan,True,0,0,0,0,False,,"picture displayed, not verified",0.0,0.0,,,,,,,0.9827205522071627,,
False,bursty|seq_texture_fast|rep4|seed20240909,0,1.0,0.0,0,0.0,B1,0,synthetic,11.488901477452352,11.488901477452352,1,4,False,seq_texture_fast,0.1801057327726199,0.1801057327726199,0.0,,,,,,,,,,0,nan,True,0,0,0,0,False,,"picture displayed, not verified",0.0,-5.0,,,,,,,0.6794282183385016,,
False,bursty|seq_texture_fast|rep4|seed20240909,0,1.0,0.0,1,0.0,B1,0,synthetic,17.34119880440201,17.34119880440201,1,4,False,seq_texture_fast,0.5922629194083454,0.5922629194083454,0.0,,,,,,,,,,0,nan,True,0,0,0,0,False,,"picture displayed, not verified",0.0,0.0,,,,,,,0.9684711566712416,,
False,bursty|seq_texture_fast|rep4|seed20240909,0,1.0,0.0,2,0.0,B1,0,synthetic,19.821829033359325,19.821829033359325,1,4,False,seq_texture_fast,0.7516520143035631,0.7516520143035631,0.0,,,,,,,,,,0,nan,True,0,0,0,0,False,,"picture displayed, not verified",0.0,0.0,,,,,,,0.9722072053463344,,
False,bursty|seq_texture_fast|rep4|seed20240909,0,1.0,0.0,3,0.0,B1,0,synthetic,19.903718809761102,19.903718809761102,1,4,False,seq_texture_fast,0.7459622576160015,0.7459622576160015,0.0,,,,,,,,,,0,nan,True,0,0,0,0,False,,"picture displayed, not verified",0.0,0.0,,,,,,,0.9683964565497245,,
False,bursty|still_smooth|rep0|seed20240909,0,1.0,0.0,0,0.0,B2,0,synthetic,17.488990490048494,17.488990490048494,1,0,False,still_smooth,0.5010198609764444,0.5010198609764444,0.0,,,,,,,,,,0,nan,True,0,0,0,0,False,,"picture displayed, not verified",0.0,0.0,,,,,,,0.9590485694335795,,
False,bursty|still_smooth|rep1|seed20240909,0,1.0,0.0,0,0.0,B2,0,synthetic,17.939588366481203,17.939588366481203,1,1,False,still_smooth,0.46634754187422506,0.46634754187422506,0.0,,,,,,,,,,0,nan,True,0,0,0,0,False,,"picture displayed, not verified",0.0,0.0,,,,,,,0.9683576843089235,,
False,bursty|still_smooth|rep2|seed20240909,0,1.0,0.0,0,0.0,B2,0,synthetic,15.016154902846658,15.016154902846658,1,2,False,still_smooth,0.293879856424661,0.293879856424661,0.0,,,,,,,,,,0,nan,True,0,0,0,0,False,,"picture displayed, not verified",0.0,0.0,,,,,,,0.9722572841630346,,
False,bursty|still_smooth|rep3|seed20240909,0,1.0,0.0,0,0.0,B2,0,synthetic,7.097025464741672,7.097025464741672,1,3,False,still_smooth,0.1657979164991575,0.1657979164991575,0.0,,,,,,,,,,0,nan,False,0,0,0,0,False,,"picture displayed, not verified",-3.0,-8.0,,,,,,,0.05095512964227872,,
False,bursty|still_smooth|rep4|seed20240909,0,1.0,0.0,0,0.0,B2,0,synthetic,7.739934601347933,7.739934601347933,1,4,False,still_smooth,0.15182900072082392,0.15182900072082392,0.0,,,,,,,,,,0,nan,False,0,0,0,0,False,,"picture displayed, not verified",-1.0,-7.0,,,,,,,0.2658654778085686,,
False,bursty|still_text|rep0|seed20240909,0,1.0,0.0,0,0.0,B2,0,synthetic,16.631544628206573,16.631544628206573,1,0,False,still_text,0.6951387115454661,0.6951387115454661,0.0,,,,,,,,,,0,nan,True,0,0,0,0,False,,"picture displayed, not verified",0.0,0.0,,,,,,,0.9681836115847937,,
False,bursty|still_text|rep1|seed20240909,0,1.0,0.0,0,0.0,B2,0,synthetic,11.340564418832564,11.340564418832564,1,1,False,still_text,0.36742026356431196,0.36742026356431196,0.0,,,,,,,,,,0,nan,True,0,0,0,0,False,,"picture displayed, not verified",0.0,0.0,,,,,,,0.9727376249249934,,
False,bursty|still_text|rep2|seed20240909,0,1.0,0.0,0,0.0,B2,0,synthetic,13.849145505294745,13.849145505294745,1,2,False,still_text,0.55856319273558,0.55856319273558,0.0,,,,,,,,,,0,nan,True,0,0,0,0,False,,"picture displayed, not verified",0.0,0.0,,,,,,,0.9714804552216098,,
False,bursty|still_text|rep3|seed20240909,0,1.0,0.0,0,0.0,B2,0,synthetic,11.504352898361017,11.504352898361017,1,3,False,still_text,0.4465295519398405,0.4465295519398405,0.0,,,,,,,,,,0,nan,False,0,0,0,0,False,,"picture displayed, not verified",0.0,4.0,,,,,,,0.12139498809207584,,
False,bursty|still_text|rep4|seed20240909,0,1.0,0.0,0,0.0,B2,0,synthetic,13.988738947044899,13.988738947044899,1,4,False,still_text,0.5566863403885242,0.5566863403885242,0.0,,,,,,,,,,0,nan,True,0,0,0,0,False,,"picture displayed, not verified",0.0,0.0,,,,,,,0.9876068048305044,,
False,bursty|still_texture|rep0|seed20240909,0,1.0,0.0,0,0.0,B2,0,synthetic,19.05768862040348,19.05768862040348,1,0,False,still_texture,0.715756743457848,0.715756743457848,0.0,,,,,,,,,,0,nan,True,0,0,0,0,False,,"picture displayed, not verified",0.0,0.0,,,,,,,0.9653393370624485,,
False,bursty|still_texture|rep1|seed20240909,0,1.0,0.0,0,0.0,B2,0,synthetic,18.583731338591495,18.583731338591495,1,1,False,still_texture,0.689545077032248,0.689545077032248,0.0,,,,,,,,,,0,nan,True,0,0,0,0,False,,"picture displayed, not verified",0.0,0.0,,,,,,,0.9610088984991048,,
False,bursty|still_texture|rep2|seed20240909,0,1.0,0.0,0,0.0,B2,0,synthetic,8.088628676137834,8.088628676137834,1,2,False,still_texture,-0.006250323975711437,-0.006250323975711437,0.0,,,,,,,,,,0,nan,False,0,0,0,0,False,,"picture displayed, not verified",7.0,5.0,,,,,,,0.08683285487772674,,
False,bursty|still_texture|rep3|seed20240909,0,1.0,0.0,0,0.0,B2,0,synthetic,18.736287628172786,18.736287628172786,1,3,False,still_texture,0.6917035467825176,0.6917035467825176,0.0,,,,,,,,,,0,nan,True,0,0,0,0,False,,"picture displayed, not verified",0.0,0.0,,,,,,,0.9719765252447352,,
False,bursty|still_texture|rep4|seed20240909,0,1.0,0.0,0,0.0,B2,0,synthetic,11.682937665309547,11.682937665309547,1,4,False,still_texture,0.270514014328077,0.270514014328077,0.0,,,,,,,,,,0,nan,False,0,0,0,0,False,,"picture displayed, not verified",0.0,-3.0,,,,,,,0.25556212677005474,,
False,bursty|still_edges|rep0|seed20240909,0,1.0,0.0,0,0.0,B2,0,synthetic,16.39847562007415,16.39847562007415,1,0,False,still_edges,0.5019230738646984,0.5019230738646984,0.0,,,,,,,,,,0,nan,True,0,0,0,0,False,,"picture displayed, not verified",0.0,0.0,,,,,,,0.973916454879799,,
False,bursty|still_edges|rep1|seed20240909,0,1.0,0.0,0,0.0,B2,0,synthetic,12.647315715605782,12.647315715605782,1,1,False,still_edges,0.36261764816203385,0.36261764816203385,0.0,,,,,,,,,,0,nan,True,0,0,0,0,False,,"picture displayed, not verified",0.0,0.0,,,,,,,0.9784162699083107,,
False,bursty|still_edges|rep2|seed20240909,0,1.0,0.0,0,0.0,B2,0,synthetic,13.15726688784129,13.15726688784129,1,2,False,still_edges,0.38500115662772555,0.38500115662772555,0.0,,,,,,,,,,0,nan,True,0,0,0,0,False,,"picture displayed, not verified",0.0,0.0,,,,,,,0.9653624297292001,,
False,bursty|still_edges|rep3|seed20240909,0,1.0,0.0,0,0.0,B2,0,synthetic,6.466131842567729,6.466131842567729,1,3,False,still_edges,0.06664808285694852,0.06664808285694852,0.0,,,,,,,,,,0,nan,False,0,0,0,0,False,,"picture displayed, not verified",10.0,7.0,,,,,,,0.10243541934668272,,
False,bursty|still_edges|rep4|seed20240909,0,1.0,0.0,0,0.0,B2,0,synthetic,13.553811068805413,13.553811068805413,1,4,False,still_edges,0.4199642702371927,0.4199642702371927,0.0,,,,,,,,,,0,nan,True,0,0,0,0,False,,"picture displayed, not verified",0.0,0.0,,,,,,,0.9792690077242908,,
False,bursty|seq_illumination_slow|rep0|seed20240909,0,1.0,0.0,0,0.0,B2,0,synthetic,13.266301151890652,13.266301151890652,1,0,False,seq_illumination_slow,0.320405497905221,0.320405497905221,0.0,,,,,,,,,,0,nan,True,0,0,0,0,False,,"picture displayed, not verified",0.0,0.0,,,,,,,0.9761012327305987,,
False,bursty|seq_illumination_slow|rep0|seed20240909,0,1.0,0.0,1,0.0,B2,0,synthetic,17.692772471170557,17.692772471170557,1,0,False,seq_illumination_slow,0.5415917841831197,0.5415917841831197,0.0,,,,,,,,,,0,nan,True,0,0,0,0,False,,"picture displayed, not verified",0.0,0.0,,,,,,,0.9749304625180829,,
False,bursty|seq_illumination_slow|rep0|seed20240909,0,1.0,0.0,2,0.0,B2,0,synthetic,7.985627642346611,7.985627642346611,1,0,False,seq_illumination_slow,0.10525081268145808,0.10525081268145808,0.0,,,,,,,,,,0,nan,False,0,0,0,0,False,,"picture displayed, not verified",9.0,0.0,,,,,,,0.055054685609906805,,
False,bursty|seq_illumination_slow|rep0|seed20240909,0,1.0,0.0,3,0.0,B2,0,synthetic,13.383742562084855,13.383742562084855,1,0,False,seq_illumination_slow,0.39327702947451426,0.39327702947451426,0.0,,,,,,,,,,0,nan,True,0,0,0,0,False,,"picture displayed, not verified",0.0,0.0,,,,,,,0.9598819702175605,,
False,bursty|seq_illumination_slow|rep1|seed20240909,0,1.0,0.0,0,0.0,B2,0,synthetic,14.81424902588621,14.81424902588621,1,1,False,seq_illumination_slow,0.43093539489864713,0.43093539489864713,0.0,,,,,,,,,,0,nan,True,0,0,0,0,False,,"picture displayed, not verified",0.0,0.0,,,,,,,0.9801889912552814,,
False,bursty|seq_illumination_slow|rep1|seed20240909,0,1.0,0.0,1,0.0,B2,0,synthetic,12.417519476640908,12.417519476640908,1,1,False,seq_illumination_slow,0.26339860852837027,0.26339860852837027,0.0,,,,,,,,,,0,nan,True,0,0,0,0,False,,"picture displayed, not verified",0.0,0.0,,,,,,,0.9520768847735186,,
False,bursty|seq_illumination_slow|rep1|seed20240909,0,1.0,0.0,2,0.0,B2,0,synthetic,13.256195774182311,13.256195774182311,1,1,False,seq_illumination_slow,0.3491517507329802,0.3491517507329802,0.0,,,,,,,,,,0,nan,True,0,0,0,0,False,,"picture displayed, not verified",0.0,0.0,,,,,,,0.9671986325259283,,
False,bursty|seq_illumination_slow|rep1|seed20240909,0,1.0,0.0,3,0.0,B2,0,synthetic,15.66843605369575,15.66843605369575,1,1,False,seq_illumination_slow,0.499418782874848,0.499418782874848,0.0,,,,,,,,,,0,nan,True,0,0,0,0,False,,"picture displayed, not verified",0.0,0.0,,,,,,,0.9834609345094453,,
False,bursty|seq_illumination_slow|rep2|seed20240909,0,1.0,0.0,0,0.0,B2,0,synthetic,13.385344648429001,13.385344648429001,1,2,False,seq_illumination_slow,0.3681710300714704,0.3681710300714704,0.0,,,,,,,,,,0,nan,True,0,0,0,0,False,,"picture displayed, not verified",0.0,0.0,,,,,,,0.97117198817406,,
False,bursty|seq_illumination_slow|rep2|seed20240909,0,1.0,0.0,1,0.0,B2,0,synthetic,13.780245166085496,13.780245166085496,1,2,False,seq_illumination_slow,0.37223417818661303,0.37223417818661303,0.0,,,,,,,,,,0,nan,True,0,0,0,0,False,,"picture displayed, not verified",0.0,0.0,,,,,,,0.9829629070113941,,
False,bursty|seq_illumination_slow|rep2|seed20240909,0,1.0,0.0,2,0.0,B2,0,synthetic,15.2614345868135,15.2614345868135,1,2,False,seq_illumination_slow,0.43701449447310603,0.43701449447310603,0.0,,,,,,,,,,0,nan,True,0,0,0,0,False,,"picture displayed, not verified",0.0,0.0,,,,,,,0.9572019575448633,,
False,bursty|seq_illumination_slow|rep2|seed20240909,0,1.0,0.0,3,0.0,B2,0,synthetic,13.741425986698811,13.741425986698811,1,2,False,seq_illumination_slow,0.3921320695057415,0.3921320695057415,0.0,,,,,,,,,,0,nan,True,0,0,0,0,False,,"picture displayed, not verified",0.0,0.0,,,,,,,0.9844114984200101,,
False,bursty|seq_illumination_slow|rep3|seed20240909,0,1.0,0.0,0,0.0,B2,0,synthetic,15.140919099949047,15.140919099949047,1,3,False,seq_illumination_slow,0.44860641561655407,0.44860641561655407,0.0,,,,,,,,,,0,nan,True,0,0,0,0,False,,"picture displayed, not verified",0.0,0.0,,,,,,,0.9725499491075987,,
False,bursty|seq_illumination_slow|rep3|seed20240909,0,1.0,0.0,1,0.0,B2,0,synthetic,7.282561296725434,7.282561296725434,1,3,False,seq_illumination_slow,0.04194678151765028,0.04194678151765028,0.0,,,,,,,,,,0,nan,False,0,0,0,0,False,,"picture displayed, not verified",11.0,5.0,,,,,,,0.05190048296113072,,
False,bursty|seq_illumination_slow|rep3|seed20240909,0,1.0,0.0,2,0.0,B2,0,synthetic,10.073847977174633,10.073847977174633,1,3,False,seq_illumination_slow,0.16770299160446,0.16770299160446,0.0,,,,,,,,,,0,nan,True,0,0,0,0,False,,"picture displayed, not verified",0.0,-4.0,,,,,,,0.31040593956063695,,
False,bursty|seq_illumination_slow|rep3|seed20240909,0,1.0,0.0,3,0.0,B2,0,synthetic,13.08811639197354,13.08811639197354,1,3,False,seq_illumination_slow,0.36589634647272556,0.36589634647272556,0.0,,,,,,,,,,0,nan,True,0,0,0,0,False,,"picture displayed, not verified",0.0,0.0,,,,,,,0.9616056262869093,,
False,bursty|seq_illumination_slow|rep4|seed20240909,0,1.0,0.0,0,0.0,B2,0,synthetic,12.715467732033618,12.715467732033618,1,4,False,seq_illumination_slow,0.320987018798226,0.320987018798226,0.0,,,,,,,,,,0,nan,True,0,0,0,0,False,,"picture displayed, not verified",0.0,0.0,,,,,,,0.9900151134097896,,
False,bursty|seq_illumination_slow|rep4|seed20240909,0,1.0,0.0,1,0.0,B2,0,synthetic,12.257416680290827,12.257416680290827,1,4,False,seq_illumination_slow,0.2571177713846829,0.2571177713846829,0.0,,,,,,,,,,0,nan,False,0,0,0,0,False,,"picture displayed, not verified",1.0,0.0,,,,,,,0.13056382466321348,,
False,bursty|seq_illumination_slow|rep4|seed20240909,0,1.0,0.0,2,0.0,B2,0,synthetic,11.34830493604108,11.34830493604108,1,4,False,seq_illumination_slow,0.22105931870902637,0.22105931870902637,0.0,,,,,,,,,,0,nan,True,0,0,0,0,False,,"picture displayed, not verified",0.0,-3.0,,,,,,,0.7495105697701455,,
False,bursty|seq_illumination_slow|rep4|seed20240909,0,1.0,0.0,3,0.0,B2,0,synthetic,7.2309026866280295,7.2309026866280295,1,4,False,seq_illumination_slow,0.09617833381700452,0.09617833381700452,0.0,,,,,,,,,,0,nan,False,0,0,0,0,False,,"picture displayed, not verified",8.0,4.0,,,,,,,0.09128185484789297,,
False,bursty|seq_edges_slow|rep0|seed20240909,0,1.0,0.0,0,0.0,B2,0,synthetic,16.50258311458816,16.50258311458816,1,0,False,seq_edges_slow,0.509813582157899,0.509813582157899,0.0,,,,,,,,,,0,nan,True,0,0,0,0,False,,"picture displayed, not verified",0.0,0.0,,,,,,,0.9590614762660461,,
False,bursty|seq_edges_slow|rep0|seed20240909,0,1.0,0.0,1,0.0,B2,0,synthetic,14.385088291019299,14.385088291019299,1,0,False,seq_edges_slow,0.4301908899384001,0.4301908899384001,0.0,,,,,,,,,,0,nan,True,0,0,0,0,False,,"picture displayed, not verified",0.0,0.0,,,,,,,0.9640350162528285,,
False,bursty|seq_edges_slow|rep0|seed20240909,0,1.0,0.0,2,0.0,B2,0,synthetic,16.196167382450568,16.196167382450568,1,0,False,seq_edges_slow,0.5215629180146412,0.5215629180146412,0.0,,,,,,,,,,0,nan,True,0,0,0,0,False,,"picture displayed, not verified",0.0,0.0,,,,,,,0.9694298771758468,,
False,bursty|seq_edges_slow|rep0|seed20240909,0,1.0,0.0,3,0.0,B2,0,synthetic,11.27196544885348,11.27196544885348,1,0,False,seq_edges_slow,0.20640367652799427,0.20640367652799427,0.0,,,,,,,,,,0,nan,True,0,0,0,0,False,,"picture displayed, not verified",0.0,0.0,,,,,,,0.34389396376273135,,
False,bursty|seq_edges_slow|rep1|seed20240909,0,1.0,0.0,0,0.0,B2,0,synthetic,14.652744927789447,14.652744927789447,1,1,False,seq_edges_slow,0.46424391956168026,0.46424391956168026,0.0,,,,,,,,,,0,nan,True,0,0,0,0,False,,"picture displayed, not verified",0.0,0.0,,,,,,,0.9826522972578354,,
False,bursty|seq_edges_slow|rep1|seed20240909,0,1.0,0.0,1,0.0,B2,0,synthetic,14.072144134057812,14.072144134057812,1,1,False,seq_edges_slow,0.41908434291137714,0.41908434291137714,0.0,,,,,,,,,,0,nan,True,0,0,0,0,False,,"picture displayed, not verified",0.0,0.0,,,,,,,0.9546174252284423,,
False,bursty|seq_edges_slow|rep1|seed20240909,0,1.0,0.0,2,0.0,B2,0,synthetic,15.946123897037076,15.946123897037076,1,1,False,seq_edges_slow,0.519392053967591,0.519392053967591,0.0,,,,,,,,,,0,nan,True,0,0,0,0,False,,"picture displayed, not verified",0.0,0.0,,,,,,,0.9836092265336489,,
False,bursty|seq_edges_slow|rep1|seed20240909,0,1.0,0.0,3,0.0,B2,0,synthetic,12.43500593874974,12.43500593874974,1,1,False,seq_edges_slow,0.3272110278948991,0.3272110278948991,0.0,,,,,,,,,,0,nan,True,0,0,0,0,False,,"picture displayed, not verified",0.0,0.0,,,,,,,0.973207417987277,,
False,bursty|seq_edges_slow|rep2|seed20240909,0,1.0,0.0,0,0.0,B2,0,synthetic,18.32222013291098,18.32222013291098,1,2,False,seq_edges_slow,0.5842372342948271,0.5842372342948271,0.0,,,,,,,,,,0,nan,True,0,0,0,0,False,,"picture displayed, not verified",0.0,0.0,,,,,,,0.9657539557051811,,
False,bursty|seq_edges_slow|rep2|seed20240909,0,1.0,0.0,1,0.0,B2,0,synthetic,12.533137915652667,12.533137915652667,1,2,False,seq_edges_slow,0.32842733076595637,0.32842733076595637,0.0,,,,,,,,,,0,nan,True,0,0,0,0,False,,"picture displayed, not verified",0.0,-2.0,,,,,,,0.874639125808493,,
False,bursty|seq_edges_slow|rep2|seed20240909,0,1.0,0.0,2,0.0,B2,0,synthetic,14.43496529829904,14.43496529829904,1,2,False,seq_edges_slow,0.4733670466725877,0.4733670466725877,0.0,,,,,,,,,,0,nan,True,0,0,0,0,False,,"picture displayed, not verified",0.0,0.0,,,,,,,0.9629034573044678,,
False,bursty|seq_edges_slow|rep2|seed20240909,0,1.0,0.0,3,0.0,B2,0,synthetic,12.344415985155884,12.344415985155884,1,2,False,seq_edges_slow,0.3087928734806438,0.3087928734806438,0.0,,,,,,,,,,0,nan,True,0,0,0,0,False,,"picture displayed, not verified",0.0,-2.0,,,,,,,0.7452573885291417,,
False,bursty|seq_edges_slow|rep3|seed20240909,0,1.0,0.0,0,0.0,B2,0,synthetic,16.796278629740836,16.796278629740836,1,3,False,seq_edges_slow,0.5580938218127622,0.5580938218127622,0.0,,,,,,,,,,0,nan,True,0,0,0,0,False,,"picture displayed, not verified",0.0,0.0,,,,,,,0.9660409646128815,,
False,bursty|seq_edges_slow|rep3|seed20240909,0,1.0,0.0,1,0.0,B2,0,synthetic,13.270246590348966,13.270246590348966,1,3,False,seq_edges_slow,0.3929155137916071,0.3929155137916071,0.0,,,,,,,,,,0,nan,True,0,0,0,0,False,,"picture displayed, not verified",0.0,0.0,,,,,,,0.9597541567034137,,
False,bursty|seq_edges_slow|rep3|seed20240909,0,1.0,0.0,2,0.0,B2,0,synthetic,11.87238797512515,11.87238797512515,1,3,False,seq_edges_slow,0.30883902384494816,0.30883902384494816,0.0,,,,,,,,,,0,nan,True,0,0,0,0,False,,"picture displayed, not verified",0.0,0.0,,,,,,,0.9483837191778414,,
False,bursty|seq_edges_slow|rep3|seed20240909,0,1.0,0.0,3,0.0,B2,0,synthetic,11.90001086626106,11.90001086626106,1,3,False,seq_edges_slow,0.2984992704939206,0.2984992704939206,0.0,,,,,,,,,,0,nan,True,0,0,0,0,False,,"picture displayed, not verified",0.0,0.0,,,,,,,0.9457331010862468,,
False,bursty|seq_edges_slow|rep4|seed20240909,0,1.0,0.0,0,0.0,B2,0,synthetic,12.077688271906258,12.077688271906258,1,4,False,seq_edges_slow,0.32086558668682014,0.32086558668682014,0.0,,,,,,,,,,0,nan,True,0,0,0,0,False,,"picture displayed, not verified",0.0,0.0,,,,,,,0.9541520845949077,,
False,bursty|seq_edges_slow|rep4|seed20240909,0,1.0,0.0,1,0.0,B2,0,synthetic,15.909830657597993,15.909830657597993,1,4,False,seq_edges_slow,0.5013962227364799,0.5013962227364799,0.0,,,,,,,,,,0,nan,True,0,0,0,0,False,,"picture displayed, not verified",0.0,0.0,,,,,,,0.9656083807148389,,
False,bursty|seq_edges_slow|rep4|seed20240909,0,1.0,0.0,2,0.0,B2,0,synthetic,14.62195897921896,14.62195897921896,1,4,False,seq_edges_slow,0.45915399217330805,0.45915399217330805,0.0,,,,,,,,,,0,nan,True,0,0,0,0,False,,"picture displayed, not verified",0.0,0.0,,,,,,,0.9607277859679697,,
False,bursty|seq_edges_slow|rep4|seed20240909,0,1.0,0.0,3,0.0,B2,0,synthetic,15.763934197940596,15.763934197940596,1,4,False,seq_edges_slow,0.5131521829480558,0.5131521829480558,0.0,,,,,,,,,,0,nan,True,0,0,0,0,False,,"picture displayed, not verified",0.0,0.0,,,,,,,0.9655982041767297,,
False,bursty|seq_texture_fast|rep0|seed20240909,0,1.0,0.0,0,0.0,B2,0,synthetic,16.96900361270912,16.96900361270912,1,0,False,seq_texture_fast,0.5483331723952509,0.5483331723952509,0.0,,,,,,,,,,0,nan,True,0,0,0,0,False,,"picture displayed, not verified",0.0,0.0,,,,,,,0.9747643394884791,,
False,bursty|seq_texture_fast|rep0|seed20240909,0,1.0,0.0,1,0.0,B2,0,synthetic,23.68213411699218,23.68213411699218,1,0,False,seq_texture_fast,0.8839186510845286,0.8839186510845286,0.0,,,,,,,,,,0,nan,True,0,0,0,0,False,,"picture displayed, not verified",0.0,0.0,,,,,,,0.9523645507590941,,
False,bursty|seq_texture_fast|rep0|seed20240909,0,1.0,0.0,2,0.0,B2,0,synthetic,8.598121250199375,8.598121250199375,1,0,False,seq_texture_fast,0.1277652421713206,0.1277652421713206,0.0,,,,,,,,,,0,nan,True,0,0,0,0,False,,"picture displayed, not verified",0.0,5.0,,,,,,,0.30721978565559394,,
False,bursty|seq_texture_fast|rep0|seed20240909,0,1.0,0.0,3,0.0,B2,0,synthetic,16.2131774522559,16.2131774522559,1,0,False,seq_texture_fast,0.48959314235314144,0.48959314235314144,0.0,,,,,,,,,,0,nan,True,0,0,0,0,False,,"picture displayed, not verified",0.0,0.0,,,,,,,0.9928332180246883,,
False,bursty|seq_texture_fast|rep1|seed20240909,0,1.0,0.0,0,0.0,B2,0,synthetic,18.610606341177917,18.610606341177917,1,1,False,seq_texture_fast,0.6778250539432098,0.6778250539432098,0.0,,,,,,,,,,0,nan,True,0,0,0,0,False,,"picture displayed, not verified",0.0,0.0,,,,,,,0.9786583868905241,,
False,bursty|seq_texture_fast|rep1|seed20240909,0,1.0,0.0,1,0.0,B2,0,synthetic,16.83507735082211,16.83507735082211,1,1,False,seq_texture_fast,0.5635174468358383,0.5635174468358383,0.0,,,,,,,,,,0,nan,True,0,0,0,0,False,,"picture displayed, not verified",0.0,0.0,,,,,,,0.9951486452041134,,
False,bursty|seq_texture_fast|rep1|seed20240909,0,1.0,0.0,2,0.0,B2,0,synthetic,20.03041137003905,20.03041137003905,1,1,False,seq_texture_fast,0.7646735316105202,0.7646735316105202,0.0,,,,,,,,,,0,nan,True,0,0,0,0,False,,"picture displayed, not verified",0.0,0.0,,,,,,,0.9368720363032896,,
False,bursty|seq_texture_fast|rep1|seed20240909,0,1.0,0.0,3,0.0,B2,0,synthetic,19.32666153403989,19.32666153403989,1,1,False,seq_texture_fast,0.7234499618156399,0.7234499618156399,0.0,,,,,,,,,,0,nan,True,0,0,0,0,False,,"picture displayed, not verified",0.0,0.0,,,,,,,0.9656219310025381,,
False,bursty|seq_texture_fast|rep2|seed20240909,0,1.0,0.0,0,0.0,B2,0,synthetic,15.81204847840099,15.81204847840099,1,2,False,seq_texture_fast,0.4402927005166628,0.4402927005166628,0.0,,,,,,,,,,0,nan,True,0,0,0,0,False,,"picture displayed, not verified",0.0,0.0,,,,,,,0.9661240883878547,,
False,bursty|seq_texture_fast|rep2|seed20240909,0,1.0,0.0,1,0.0,B2,0,synthetic,17.98645333867445,17.98645333867445,1,2,False,seq_texture_fast,0.6385214882042143,0.6385214882042143,0.0,,,,,,,,,,0,nan,True,0,0,0,0,False,,"picture displayed, not verified",0.0,0.0,,,,,,,0.9874573469803725,,
False,bursty|seq_texture_fast|rep2|seed20240909,0,1.0,0.0,2,0.0,B2,0,synthetic,14.05976206088313,14.05976206088313,1,2,False,seq_texture_fast,0.44718473255347485,0.44718473255347485,0.0,,,,,,,,,,0,nan,True,0,0,0,0,False,,"picture displayed, not verified",0.0,-1.0,,,,,,,0.3782353203769003,,
False,bursty|seq_texture_fast|rep2|seed20240909,0,1.0,0.0,3,0.0,B2,0,synthetic,17.222818910455594,17.222818910455594,1,2,False,seq_texture_fast,0.5881531379674688,0.5881531379674688,0.0,,,,,,,,,,0,nan,True,0,0,0,0,False,,"picture displayed, not verified",0.0,0.0,,,,,,,0.9492221796997277,,
False,bursty|seq_texture_fast|rep3|seed20240909,0,1.0,0.0,0,0.0,B2,0,synthetic,18.89879141821809,18.89879141821809,1,3,False,seq_texture_fast,0.7072351608339867,0.7072351608339867,0.0,,,,,,,,,,0,nan,True,0,0,0,0,False,,"picture displayed, not verified",0.0,0.0,,,,,,,0.9819028597409001,,
False,bursty|seq_texture_fast|rep3|seed20240909,0,1.0,0.0,1,0.0,B2,0,synthetic,7.955899190083614,7.955899190083614,1,3,False,seq_texture_fast,0.014657902383101927,0.014657902383101927,0.0,,,,,,,,,,0,nan,False,0,0,0,0,False,,"picture displayed, not verified",-9.0,3.0,,,,,,,0.04827072681768752,,
False,bursty|seq_texture_fast|rep3|seed20240909,0,1.0,0.0,2,0.0,B2,0,synthetic,9.471844364378622,9.471844364378622,1,3,False,seq_texture_fast,0.0841384783953318,0.0841384783953318,0.0,,,,,,,,,,0,nan,True,0,0,0,0,False,,"picture displayed, not verified",0.0,-6.0,,,,,,,0.6342340602813407,,
False,bursty|seq_texture_fast|rep3|seed20240909,0,1.0,0.0,3,0.0,B2,0,synthetic,18.504163466638136,18.504163466638136,1,3,False,seq_texture_fast,0.6706079327574095,0.6706079327574095,0.0,,,,,,,,,,0,nan,True,0,0,0,0,False,,"picture displayed, not verified",0.0,0.0,,,,,,,0.9827205522071627,,
False,bursty|seq_texture_fast|rep4|seed20240909,0,1.0,0.0,0,0.0,B2,0,synthetic,11.470394696592203,11.470394696592203,1,4,False,seq_texture_fast,0.1689168237945399,0.1689168237945399,0.0,,,,,,,,,,0,nan,True,0,0,0,0,False,,"picture displayed, not verified",0.0,-5.0,,,,,,,0.6794282183385016,,
False,bursty|seq_texture_fast|rep4|seed20240909,0,1.0,0.0,1,0.0,B2,0,synthetic,17.416749214412818,17.416749214412818,1,4,False,seq_texture_fast,0.6000877648881003,0.6000877648881003,0.0,,,,,,,,,,0,nan,True,0,0,0,0,False,,"picture displayed, not verified",0.0,0.0,,,,,,,0.9684711566712416,,
False,bursty|seq_texture_fast|rep4|seed20240909,0,1.0,0.0,2,0.0,B2,0,synthetic,19.915926607901095,19.915926607901095,1,4,False,seq_texture_fast,0.7571630956369653,0.7571630956369653,0.0,,,,,,,,,,0,nan,True,0,0,0,0,False,,"picture displayed, not verified",0.0,0.0,,,,,,,0.9722072053463344,,
False,bursty|seq_texture_fast|rep4|seed20240909,0,1.0,0.0,3,0.0,B2,0,synthetic,19.903732897497186,19.903732897497186,1,4,False,seq_texture_fast,0.7443372722779654,0.7443372722779654,0.0,,,,,,,,,,0,nan,True,0,0,0,0,False,,"picture displayed, not verified",0.0,0.0,,,,,,,0.9683964565497245,,
True,bursty|still_smooth|rep0|seed20240909,0,1.0,0.0,0,0.0,B3,538,synthetic,36.483156884500104,36.483156884500104,1,0,False,still_smooth,0.8870704724556445,0.8870704724556445,0.0,,,1,1,3,,,,,5152,0.1341226708074534,True,0,1,1,1288,True,bursty|still_smooth|rep0|seed20240909,,,,,1,1,True,,,,,
True,bursty|still_smooth|rep1|seed20240909,0,1.0,0.0,0,0.0,B3,538,synthetic,36.483156884500104,36.483156884500104,1,1,False,still_smooth,0.8870704724556445,0.8870704724556445,0.0,,,1,1,3,,,,,5152,0.1513975155279503,True,0,1,1,1288,True,bursty|still_smooth|rep1|seed20240909,,,,,1,1,True,,,,,
True,bursty|still_smooth|rep2|seed20240909,0,0.0,1.0,0,0.0,B3,538,synthetic,14.334671509798067,nan,1,2,False,still_smooth,0.7758121835948003,nan,0.0,,,,,3,,,1,,5152,0.24281832298136646,True,1,1,0,1288,True,bursty|still_smooth|rep2|seed20240909,,,,,1,0,False,,,,,
True,bursty|still_smooth|rep3|seed20240909,0,0.0,1.0,0,0.0,B3,538,synthetic,14.334671509798067,nan,1,3,False,still_smooth,0.7758121835948003,nan,0.0,,,,,,,1,,,5152,0.7109860248447205,False,1,1,0,1288,True,bursty|still_smooth|rep3|seed20240909,,,,,1,0,False,,,,,
True,bursty|still_smooth|rep4|seed20240909,0,1.0,0.0,0,0.0,B3,538,synthetic,36.483156884500104,36.483156884500104,1,4,False,still_smooth,0.8870704724556445,0.8870704724556445,0.0,,,1,1,3,,,,,5152,0.20438664596273293,True,0,1,1,1288,True,bursty|still_smooth|rep4|seed20240909,,,,,1,1,True,,,,,
True,bursty|still_text|rep0|seed20240909,0,1.0,0.0,0,0.0,B3,2579,synthetic,25.153143747579776,25.153143747579776,2,0,False,still_text,0.8983801607008477,0.8983801607008477,0.0,,,5,1,3,,,,,25760,0.07247670807453416,True,0,5,5,6440,True,bursty|still_text|rep0|seed20240909,,,,,5,5,True,,,,,
True,bursty|still_text|rep1|seed20240909,0,0.0,1.0,0,0.0,B3,2579,synthetic,7.825236389058457,nan,2,1,False,still_text,0.572437778737342,nan,0.0,,,1,,3,,,4,,25760,0.21304347826086956,True,4,5,1,6440,True,bursty|still_text|rep1|seed20240909,,,,,5,1,False,,,,,
True,bursty|still_text|rep2|seed20240909,0,0.0,1.0,0,0.0,B3,2579,synthetic,7.825236389058457,nan,2,2,False,still_text,0.572437778737342,nan,0.0,,,1,,,1,1,2,,25760,0.3024844720496894,False,4,5,1,6440,True,bursty|still_text|rep2|seed20240909,,,,,5,1,False,,,,,
True,bursty|still_text|rep3|seed20240909,0,0.0,1.0,0,0.0,B3,2579,synthetic,7.825236389058457,nan,2,3,False,still_text,0.572437778737342,nan,0.0,,,1,,3,,1,,,25760,0.6175465838509316,False,4,5,1,6440,True,bursty|still_text|rep3|seed20240909,,,,,5,1,False,,,,,
True,bursty|still_text|rep4|seed20240909,0,1.0,0.0,0,0.0,B3,2579,synthetic,25.153143747579776,25.153143747579776,2,4,False,still_text,0.8983801607008477,0.8983801607008477,0.0,,,5,1,3,,,,,25760,0.08951863354037268,True,0,5,5,6440,True,bursty|still_text|rep4|seed20240909,,,,,5,5,True,,,,,
True,bursty|still_texture|rep0|seed20240909,0,0.0,1.0,0,0.0,B3,4222,synthetic,17.37989689699217,nan,2,0,False,still_texture,0.09864743173082263,nan,0.0,,,4,,1,,,3,,36064,0.15902284826974267,True,3,7,4,9016,True,bursty|still_texture|rep0|seed20240909,,,,,7,4,False,,,,,
True,bursty|still_texture|rep1|seed20240909,0,1.0,0.0,0,0.0,B3,4222,synthetic,27.15144070427842,27.15144070427842,2,1,False,still_texture,0.8932951912644751,0.8932951912644751,0.0,,,7,1,1,,,,,36064,0.16637089618456077,True,0,7,7,9016,True,bursty|still_texture|rep1|seed20240909,,,,,7,7,True,,,,,
True,bursty|still_texture|rep2|seed20240909,0,0.0,1.0,0,0.0,B3,4222,synthetic,17.37989689699217,nan,2,2,False,still_texture,0.09864743173082263,nan,0.0,,,3,,1,,1,,,36064,0.23222604259094942,False,4,7,3,9016,True,bursty|still_texture|rep2|seed20240909,,,,,7,3,False,,,,,
True,bursty|still_texture|rep3|seed20240909,0,1.0,0.0,0,0.0,B3,4222,synthetic,27.15144070427842,27.15144070427842,2,3,False,still_texture,0.8932951912644751,0.8932951912644751,0.0,,,7,1,1,,,,,36064,0.15796916592724047,True,0,7,7,9016,True,bursty|still_texture|rep3|seed20240909,,,,,7,7,True,,,,,
True,bursty|still_texture|rep4|seed20240909,0,1.0,0.0,0,0.0,B3,4222,synthetic,27.15144070427842,27.15144070427842,2,4,False,still_texture,0.8932951912644751,0.8932951912644751,0.0,,,7,1,1,,,,,36064,0.1747726264418811,True,0,7,7,9016,True,bursty|still_texture|rep4|seed20240909,,,,,7,7,True,,,,,
True,bursty|still_edges|rep0|seed20240909,0,1.0,0.0,0,0.0,B3,573,synthetic,30.215026070732705,30.215026070732705,1,0,False,still_edges,0.8892269156875389,0.8892269156875389,0.0,,,1,1,3,,,,,5152,0.1391692546583851,True,0,1,1,1288,True,bursty|still_edges|rep0|seed20240909,,,,,1,1,True,,,,,
True,bursty|still_edges|rep1|seed20240909,0,0.0,1.0,0,0.0,B3,573,synthetic,8.889302662835975,nan,1,1,False,still_edges,0.5457880827450708,nan,0.0,,,,,3,,,1,,5152,0.24320652173913043,True,1,1,0,1288,True,bursty|still_edges|rep1|seed20240909,,,,,1,0,False,,,,,
True,bursty|still_edges|rep2|seed20240909,0,1.0,0.0,0,0.0,B3,573,synthetic,30.215026070732705,30.215026070732705,1,2,False,still_edges,0.8892269156875389,0.8892269156875389,0.0,,,1,1,3,,,,,5152,0.1797360248447205,True,0,1,1,1288,True,bursty|still_edges|rep2|seed20240909,,,,,1,1,True,,,,,
True,bursty|still_edges|rep3|seed20240909,0,0.0,1.0,0,0.0,B3,573,synthetic,8.889302662835975,nan,1,3,False,still_edges,0.5457880827450708,nan,0.0,,,,,,,1,,,5152,0.7166149068322981,False,1,1,0,1288,True,bursty|still_edges|rep3|seed20240909,,,,,1,0,False,,,,,
True,bursty|still_edges|rep4|seed20240909,0,1.0,0.0,0,0.0,B3,573,synthetic,30.215026070732705,30.215026070732705,1,4,False,still_edges,0.8892269156875389,0.8892269156875389,0.0,,,1,1,3,,,,,5152,0.12752329192546583,True,0,1,1,1288,True,bursty|still_edges|rep4|seed20240909,,,,,1,1,True,,,,,
True,bursty|seq_illumination_slow|rep0|seed20240909,0,1.0,0.0,0,0.0,B3,633,synthetic,30.569354014602986,30.569354014602986,1,0,False,seq_illumination_slow,0.8852708281201247,0.8852708281201247,0.0,,,2,1,2,,,,,10304,0.18487965838509315,True,0,2,2,2576,True,bursty|seq_illumination_slow|rep0|seed20240909,,,,,2,2,True,,,,,
True,bursty|seq_illumination_slow|rep0|seed20240909,0,1.0,0.0,1,0.0,B3,642,synthetic,30.3681343875699,30.3681343875699,1,0,False,seq_illumination_slow,0.8865606138684682,0.8865606138684682,0.0,,,2,1,2,,,,,10304,0.04949534161490683,True,0,2,2,2576,True,bursty|seq_illumination_slow|rep0|seed20240909,,,,,2,2,True,,,,,
True,bursty|seq_illumination_slow|rep0|seed20240909,0,0.0,1.0,2,0.0,B3,649,synthetic,9.530680619849752,nan,1,0,False,seq_illumination_slow,0.548826713149286,nan,0.0,,,,,,,1,,,10304,0.6759510869565217,False,2,2,0,2576,True,bursty|seq_illumination_slow|rep0|seed20240909,,,,,2,0,False,,,,,
True,bursty|seq_illumination_slow|rep0|seed20240909,0,1.0,0.0,3,0.0,B3,658,synthetic,30.328642539634917,30.328642539634917,1,0,False,seq_illumination_slow,0.8792426832672545,0.8792426832672545,0.0,,,2,1,2,,,,,10304,0.14013975155279504,True,0,2,2,2576,True,bursty|seq_illumination_slow|rep0|seed20240909,,,,,2,2,True,,,,,
True,bursty|seq_illumination_slow|rep1|seed20240909,0,1.0,0.0,0,0.0,B3,633,synthetic,30.569354014602986,30.569354014602986,1,1,False,seq_illumination_slow,0.8852708281201247,0.8852708281201247,0.0,,,2,1,2,,,,,10304,0.17401009316770186,True,0,2,2,2576,True,bursty|seq_illumination_slow|rep1|seed20240909,,,,,2,2,True,,,,,
True,bursty|seq_illumination_slow|rep1|seed20240909,0,0.0,1.0,1,0.0,B3,642,synthetic,9.695612330250269,nan,1,1,False,seq_illumination_slow,0.5455214897714823,nan,0.0,,,,,1,1,,2,,10304,0.2154503105590062,True,2,2,0,2576,True,bursty|seq_illumination_slow|rep1|seed20240909,,,,,2,0,False,,,,,
True,bursty|seq_illumination_slow|rep1|seed20240909,0,0.0,1.0,2,0.0,B3,649,synthetic,9.530680619849752,nan,1,1,False,seq_illumination_slow,0.548826713149286,nan,0.0,,,,,2,,,2,,10304,0.24281832298136646,True,2,2,0,2576,True,bursty|seq_illumination_slow|rep1|seed20240909,,,,,2,0,False,,,,,
True,bursty|seq_illumination_slow|rep1|seed20240909,0,1.0,0.0,3,0.0,B3,658,synthetic,30.328642539634917,30.328642539634917,1,1,False,seq_illumination_slow,0.8792426832672545,0.8792426832672545,0.0,,,2,1,2,,,,,10304,0.10714285714285714,True,0,2,2,2576,True,bursty|seq_illumination_slow|rep1|seed20240909,,,,,2,2,True,,,,,
True,bursty|seq_illumination_slow|rep2|seed20240909,0,1.0,0.0,0,0.0,B3,633,synthetic,30.569354014602986,30.569354014602986,1,2,False,seq_illumination_slow,0.8852708281201247,0.8852708281201247,0.0,,,2,1,2,,,,,10304,0.18022127329192547,True,0,2,2,2576,True,bursty|seq_illumination_slow|rep2|seed20240909,,,,,2,2,True,,,,,
True,bursty|seq_illumination_slow|rep2|seed20240909,0,1.0,0.0,1,0.0,B3,642,synthetic,30.3681343875699,30.3681343875699,1,2,False,seq_illumination_slow,0.8865606138684682,0.8865606138684682,0.0,,,2,1,2,,,,,10304,0.12587344720496896,True,0,2,2,2576,True,bursty|seq_illumination_slow|rep2|seed20240909,,,,,2,2,True,,,,,
True,bursty|seq_illumination_slow|rep2|seed20240909,0,1.0,0.0,2,0.0,B3,649,synthetic,30.200871174988855,30.200871174988855,1,2,False,seq_illumination_slow,0.8828579695957618,0.8828579695957618,0.0,,,2,1,2,,,,,10304,0.12402950310559006,True,0,2,2,2576,True,bursty|seq_illumination_slow|rep2|seed20240909,,,,,2,2,True,,,,,
True,bursty|seq_illumination_slow|rep2|seed20240909,0,1.0,0.0,3,0.0,B3,658,synthetic,30.328642539634917,30.328642539634917,1,2,False,seq_illumination_slow,0.8792426832672545,0.8792426832672545,0.0,,,2,1,2,,,,,10304,0.14916537267080746,True,0,2,2,2576,True,bursty|seq_illumination_slow|rep2|seed20240909,,,,,2,2,True,,,,,
True,bursty|seq_illumination_slow|rep3|seed20240909,0,1.0,0.0,0,0.0,B3,633,synthetic,30.569354014602986,30.569354014602986,1,3,False,seq_illumination_slow,0.8852708281201247,0.8852708281201247,0.0,,,2,1,2,,,,,10304,0.140625,True,0,2,2,2576,True,bursty|seq_illumination_slow|rep3|seed20240909,,,,,2,2,True,,,,,
True,bursty|seq_illumination_slow|rep3|seed20240909,0,0.0,1.0,1,0.0,B3,642,synthetic,9.695612330250269,nan,1,3,False,seq_illumination_slow,0.5455214897714823,nan,0.0,,,,,,,1,,,10304,0.41294642857142855,False,2,2,0,2576,True,bursty|seq_illumination_slow|rep3|seed20240909,,,,,2,0,False,,,,,
True,bursty|seq_illumination_slow|rep3|seed20240909,0,0.0,1.0,2,0.0,B3,649,synthetic,9.530680619849752,nan,1,3,False,seq_illumination_slow,0.548826713149286,nan,0.0,,,,,2,1,,1,,10304,0.25038819875776397,True,2,2,0,2576,True,bursty|seq_illumination_slow|rep3|seed20240909,,,,,2,0,False,,,,,
True,bursty|seq_illumination_slow|rep3|seed20240909,0,1.0,0.0,3,0.0,B3,658,synthetic,30.328642539634917,30.328642539634917,1,3,False,seq_illumination_slow,0.8792426832672545,0.8792426832672545,0.0,,,2,1,2,,,,,10304,0.15324145962732919,True,0,2,2,2576,True,bursty|seq_illumination_slow|rep3|seed20240909,,,,,2,2,True,,,,,
True,bursty|seq_illumination_slow|rep4|seed20240909,0,0.0,1.0,0,0.0,B3,633,synthetic,9.863398983205634,nan,1,4,False,seq_illumination_slow,0.5427831750317428,nan,0.0,,,,,2,,,2,,10304,0.21302406832298137,True,2,2,0,2576,True,bursty|seq_illumination_slow|rep4|seed20240909,,,,,2,0,False,,,,,
True,bursty|seq_illumination_slow|rep4|seed20240909,0,1.0,0.0,1,0.0,B3,642,synthetic,30.3681343875699,30.3681343875699,1,4,False,seq_illumination_slow,0.8865606138684682,0.8865606138684682,0.0,,,2,1,2,,,,,10304,0.1298524844720497,True,0,2,2,2576,True,bursty|seq_illumination_slow|rep4|seed20240909,,,,,2,2,True,,,,,
True,bursty|seq_illumination_slow|rep4|seed20240909,0,0.0,1.0,2,0.0,B3,649,synthetic,9.530680619849752,nan,1,4,False,seq_illumination_slow,0.548826713149286,nan,0.0,,,,,2,,,2,,10304,0.21341226708074534,True,2,2,0,2576,True,bursty|seq_illumination_slow|rep4|seed20240909,,,,,2,0,False,,,,,
True,bursty|seq_illumination_slow|rep4|seed20240909,0,0.0,1.0,3,0.0,B3,658,synthetic,9.364132671503935,nan,1,4,False,seq_illumination_slow,0.5523790083189216,nan,0.0,,,,,,,1,,,10304,0.6482919254658385,False,2,2,0,2576,True,bursty|seq_illumination_slow|rep4|seed20240909,,,,,2,0,False,,,,,
True,bursty|seq_edges_slow|rep0|seed20240909,0,1.0,0.0,0,0.0,B3,573,synthetic,30.215026070732705,30.215026070732705,1,0,False,seq_edges_slow,0.8892269156875389,0.8892269156875389,0.0,,,1,1,3,,,,,5152,0.18711180124223603,True,0,1,1,1288,True,bursty|seq_edges_slow|rep0|seed20240909,,,,,1,1,True,,,,,
True,bursty|seq_edges_slow|rep0|seed20240909,0,1.0,0.0,1,0.0,B3,583,synthetic,30.228992333521006,30.228992333521006,1,0,False,seq_edges_slow,0.8905079329330521,0.8905079329330521,0.0,,,1,1,3,,,,,5152,0.14013975155279504,True,0,1,1,1288,True,bursty|seq_edges_slow|rep0|seed20240909,,,,,1,1,True,,,,,
True,bursty|seq_edges_slow|rep0|seed20240909,0,1.0,0.0,2,0.0,B3,572,synthetic,30.288367966990243,30.288367966990243,1,0,False,seq_edges_slow,0.8853680199910964,0.8853680199910964,0.0,,,1,1,3,,,,,5152,0.09491459627329192,True,0,1,1,1288,True,bursty|seq_edges_slow|rep0|seed20240909,,,,,1,1,True,,,,,
True,bursty|seq_edges_slow|rep0|seed20240909,0,0.0,1.0,3,0.0,B3,562,synthetic,8.889302662835975,nan,1,0,False,seq_edges_slow,0.5457880827450708,nan,0.0,,,,,1,3,,,,5152,0.31482919254658387,True,1,1,0,1288,True,bursty|seq_edges_slow|rep0|seed20240909,,,,,1,0,False,,,,,
True,bursty|seq_edges_slow|rep1|seed20240909,0,1.0,0.0,0,0.0,B3,573,synthetic,30.215026070732705,30.215026070732705,1,1,False,seq_edges_slow,0.8892269156875389,0.8892269156875389,0.0,,,1,1,3,,,,,5152,0.14033385093167702,True,0,1,1,1288,True,bursty|seq_edges_slow|rep1|seed20240909,,,,,1,1,True,,,,,
True,bursty|seq_edges_slow|rep1|seed20240909,0,1.0,0.0,1,0.0,B3,583,synthetic,30.228992333521006,30.228992333521006,1,1,False,seq_edges_slow,0.8905079329330521,0.8905079329330521,0.0,,,1,1,3,,,,,5152,0.13062888198757763,True,0,1,1,1288,True,bursty|seq_edges_slow|rep1|seed20240909,,,,,1,1,True,,,,,
True,bursty|seq_edges_slow|rep1|seed20240909,0,1.0,0.0,2,0.0,B3,572,synthetic,30.288367966990243,30.288367966990243,1,1,False,seq_edges_slow,0.8853680199910964,0.8853680199910964,0.0,,,1,1,3,,,,,5152,0.13237577639751552,True,0,1,1,1288,True,bursty|seq_edges_slow|rep1|seed20240909,,,,,1,1,True,,,,,
True,bursty|seq_edges_slow|rep1|seed20240909,0,0.0,1.0,3,0.0,B3,562,synthetic,8.889302662835975,nan,1,1,False,seq_edges_slow,0.5457880827450708,nan,0.0,,,,,3,,,1,,5152,0.24864130434782608,True,1,1,0,1288,True,bursty|seq_edges_slow|rep1|seed20240909,,,,,1,0,False,,,,,
True,bursty|seq_edges_slow|rep2|seed20240909,0,1.0,0.0,0,0.0,B3,573,synthetic,30.215026070732705,30.215026070732705,1,2,False,seq_edges_slow,0.8892269156875389,0.8892269156875389,0.0,,,1,1,3,,,,,5152,0.07084627329192547,True,0,1,1,1288,True,bursty|seq_edges_slow|rep2|seed20240909,,,,,1,1,True,,,,,
True,bursty|seq_edges_slow|rep2|seed20240909,0,1.0,0.0,1,0.0,B3,583,synthetic,30.228992333521006,30.228992333521006,1,2,False,seq_edges_slow,0.8905079329330521,0.8905079329330521,0.0,,,1,1,3,,,,,5152,0.14499223602484473,True,0,1,1,1288,True,bursty|seq_edges_slow|rep2|seed20240909,,,,,1,1,True,,,,,
True,bursty|seq_edges_slow|rep2|seed20240909,0,1.0,0.0,2,0.0,B3,572,synthetic,30.288367966990243,30.288367966990243,1,2,False,seq_edges_slow,0.8853680199910964,0.8853680199910964,0.0,,,1,1,3,,,,,5152,0.17119565217391305,True,0,1,1,1288,True,bursty|seq_edges_slow|rep2|seed20240909,,,,,1,1,True,,,,,
True,bursty|seq_edges_slow|rep2|seed20240909,0,1.0,0.0,3,0.0,B3,562,synthetic,29.693371844179346,29.693371844179346,1,2,False,seq_edges_slow,0.8916643523521959,0.8916643523521959,0.0,,,1,1,3,,,,,5152,0.19972826086956522,True,0,1,1,1288,True,bursty|seq_edges_slow|rep2|seed20240909,,,,,1,1,True,,,,,
True,bursty|seq_edges_slow|rep3|seed20240909,0,1.0,0.0,0,0.0,B3,573,synthetic,30.215026070732705,30.215026070732705,1,3,False,seq_edges_slow,0.8892269156875389,0.8892269156875389,0.0,,,1,1,3,,,,,5152,0.07201086956521739,True,0,1,1,1288,True,bursty|seq_edges_slow|rep3|seed20240909,,,,,1,1,True,,,,,
True,bursty|seq_edges_slow|rep3|seed20240909,0,1.0,0.0,1,0.0,B3,583,synthetic,30.228992333521006,30.228992333521006,1,3,False,seq_edges_slow,0.8905079329330521,0.8905079329330521,0.0,,,1,1,3,,,,,5152,0.17313664596273293,True,0,1,1,1288,True,bursty|seq_edges_slow|rep3|seed20240909,,,,,1,1,True,,,,,
True,bursty|seq_edges_slow|rep3|seed20240909,0,0.0,1.0,2,0.0,B3,572,synthetic,8.889302662835975,nan,1,3,False,seq_edges_slow,0.5476949249796237,nan,0.0,,,,,1,3,,,,5152,0.2985248447204969,True,1,1,0,1288,True,bursty|seq_edges_slow|rep3|seed20240909,,,,,1,0,False,,,,,
True,bursty|seq_edges_slow|rep3|seed20240909,0,0.0,1.0,3,0.0,B3,562,synthetic,8.889302662835975,nan,1,3,False,seq_edges_slow,0.5457880827450708,nan,0.0,,,,,2,1,,1,,5152,0.26649844720496896,True,1,1,0,1288,True,bursty|seq_edges_slow|rep3|seed20240909,,,,,1,0,False,,,,,
True,bursty|seq_edges_slow|rep4|seed20240909,0,1.0,0.0,0,0.0,B3,573,synthetic,30.215026070732705,30.215026070732705,1,4,False,seq_edges_slow,0.8892269156875389,0.8892269156875389,0.0,,,1,1,3,,,,,5152,0.22243788819875776,True,0,1,1,1288,True,bursty|seq_edges_slow|rep4|seed20240909,,,,,1,1,True,,,,,
True,bursty|seq_edges_slow|rep4|seed20240909,0,1.0,0.0,1,0.0,B3,583,synthetic,30.228992333521006,30.228992333521006,1,4,False,seq_edges_slow,0.8905079329330521,0.8905079329330521,0.0,,,1,1,3,,,,,5152,0.15857919254658384,True,0,1,1,1288,True,bursty|seq_edges_slow|rep4|seed20240909,,,,,1,1,True,,,,,
True,bursty|seq_edges_slow|rep4|seed20240909,0,1.0,0.0,2,0.0,B3,572,synthetic,30.288367966990243,30.288367966990243,1,4,False,seq_edges_slow,0.8853680199910964,0.8853680199910964,0.0,,,1,1,3,,,,,5152,0.11917701863354037,True,0,1,1,1288,True,bursty|seq_edges_slow|rep4|seed20240909,,,,,1,1,True,,,,,
True,bursty|seq_edges_slow|rep4|seed20240909,0,1.0,0.0,3,0.0,B3,562,synthetic,29.693371844179346,29.693371844179346,1,4,False,seq_edges_slow,0.8916643523521959,0.8916643523521959,0.0,,,1,1,3,,,,,5152,0.09704968944099379,True,0,1,1,1288,True,bursty|seq_edges_slow|rep4|seed20240909,,,,,1,1,True,,,,,
True,bursty|seq_texture_fast|rep0|seed20240909,0,0.0,1.0,0,0.0,B3,4222,synthetic,17.37989689699217,nan,2,0,False,seq_texture_fast,0.09864743173082263,nan,0.0,,,,,1,,,7,,36064,0.24395519077196096,True,7,7,0,9016,True,bursty|seq_texture_fast|rep0|seed20240909,,,,,7,0,False,,,,,
True,bursty|seq_texture_fast|rep0|seed20240909,0,1.0,0.0,1,0.0,B3,4203,synthetic,27.115811499238905,27.115811499238905,2,0,False,seq_texture_fast,0.8934084290331108,0.8934084290331108,0.0,,,7,1,1,,,,,36064,0.14671140195208518,True,0,7,7,9016,True,bursty|seq_texture_fast|rep0|seed20240909,,,,,7,7,True,,,,,
True,bursty|seq_texture_fast|rep0|seed20240909,0,0.0,1.0,2,0.0,B3,4220,synthetic,17.333511291480885,nan,2,0,False,seq_texture_fast,0.09789306058757484,nan,0.0,,,,,1,,1,3,,36064,0.5191881100266194,False,7,7,0,9016,True,bursty|seq_texture_fast|rep0|seed20240909,,,,,7,0,False,,,,,
True,bursty|seq_texture_fast|rep0|seed20240909,0,0.0,1.0,3,0.0,B3,4226,synthetic,17.335430110264372,nan,2,0,False,seq_texture_fast,0.09887115032276723,nan,0.0,,,4,,1,,,3,,36064,0.1515916149068323,True,3,7,4,9016,True,bursty|seq_texture_fast|rep0|seed20240909,,,,,7,4,False,,,,,
True,bursty|seq_texture_fast|rep1|seed20240909,0,0.0,1.0,0,0.0,B3,4222,synthetic,17.37989689699217,nan,2,1,False,seq_texture_fast,0.09864743173082263,nan,0.0,,,3,,1,,,4,,36064,0.16456854480922803,True,4,7,3,9016,True,bursty|seq_texture_fast|rep1|seed20240909,,,,,7,3,False,,,,,
True,bursty|seq_texture_fast|rep1|seed20240909,0,0.0,1.0,1,0.0,B3,4203,synthetic,17.343707651349735,nan,2,1,False,seq_texture_fast,0.09816226242599392,nan,0.0,,,4,,1,,,3,,36064,0.19038376220053238,True,3,7,4,9016,True,bursty|seq_texture_fast|rep1|seed20240909,,,,,7,4,False,,,,,
True,bursty|seq_texture_fast|rep1|seed20240909,0,1.0,0.0,2,0.0,B3,4220,synthetic,27.115497466775768,27.115497466775768,2,1,False,seq_texture_fast,0.8937133492759207,0.8937133492759207,0.0,,,7,1,1,,,,,36064,0.1432176131322094,True,0,7,7,9016,True,bursty|seq_texture_fast|rep1|seed20240909,,,,,7,7,True,,,,,
True,bursty|seq_texture_fast|rep1|seed20240909,0,0.0,1.0,3,0.0,B3,4226,synthetic,17.335430110264372,nan,2,1,False,seq_texture_fast,0.09887115032276723,nan,0.0,,,4,,1,,,3,,36064,0.19365572315882876,True,3,7,4,9016,True,bursty|seq_texture_fast|rep1|seed20240909,,,,,7,4,False,,,,,
True,bursty|seq_texture_fast|rep2|seed20240909,0,0.0,1.0,0,0.0,B3,4222,synthetic,17.37989689699217,nan,2,2,False,seq_texture_fast,0.09864743173082263,nan,0.0,,,3,,1,2,,2,,36064,0.23915816326530612,True,4,7,3,9016,True,bursty|seq_texture_fast|rep2|seed20240909,,,,,7,3,False,,,,,
True,bursty|seq_texture_fast|rep2|seed20240909,0,0.0,1.0,1,0.0,B3,4203,synthetic,17.343707651349735,nan,2,2,False,seq_texture_fast,0.09816226242599392,nan,0.0,,,5,,1,,,2,,36064,0.1595774179236912,True,2,7,5,9016,True,bursty|seq_texture_fast|rep2|seed20240909,,,,,7,5,False,,,,,
True,bursty|seq_texture_fast|rep2|seed20240909,0,0.0,1.0,2,0.0,B3,4220,synthetic,17.333511291480885,nan,2,2,False,seq_texture_fast,0.09789306058757484,nan,0.0,,,6,,1,,,1,,36064,0.17762866015971607,True,1,7,6,9016,True,bursty|seq_texture_fast|rep2|seed20240909,,,,,7,6,False,,,,,
True,bursty|seq_texture_fast|rep2|seed20240909,0,0.0,1.0,3,0.0,B3,4226,synthetic,17.335430110264372,nan,2,2,False,seq_texture_fast,0.09887115032276723,nan,0.0,,,3,,2,1,,2,,36064,0.23136645962732919,True,4,7,3,9016,True,bursty|seq_texture_fast|rep2|seed20240909,,,,,7,3,False,,,,,
True,bursty|seq_texture_fast|rep3|seed20240909,0,1.0,0.0,0,0.0,B3,4222,synthetic,27.15144070427842,27.15144070427842,2,3,False,seq_texture_fast,0.8932951912644751,0.8932951912644751,0.0,,,7,1,1,,,,,36064,0.16190661047027508,True,0,7,7,9016,True,bursty|seq_texture_fast|rep3|seed20240909,,,,,7,7,True,,,,,
True,bursty|seq_texture_fast|rep3|seed20240909,0,0.0,1.0,1,0.0,B3,4203,synthetic,17.343707651349735,nan,2,3,False,seq_texture_fast,0.09816226242599392,nan,0.0,,,2,,1,,1,1,,36064,0.5090949423247559,False,5,7,2,9016,True,bursty|seq_texture_fast|rep3|seed20240909,,,,,7,2,False,,,,,
True,bursty|seq_texture_fast|rep3|seed20240909,0,1.0,0.0,2,0.0,B3,4220,synthetic,27.115497466775768,27.115497466775768,2,3,False,seq_texture_fast,0.8937133492759207,0.8937133492759207,0.0,,,7,1,1,,,,,36064,0.16124112688553682,True,0,7,7,9016,True,bursty|seq_texture_fast|rep3|seed20240909,,,,,7,7,True,,,,,
True,bursty|seq_texture_fast|rep3|seed20240909,0,1.0,0.0,3,0.0,B3,4226,synthetic,27.121727103885224,27.121727103885224,2,3,False,seq_texture_fast,0.8925792942863282,0.8925792942863282,0.0,,,7,1,1,,,,,36064,0.1726929902395741,True,0,7,7,9016,True,bursty|seq_texture_fast|rep3|seed20240909,,,,,7,7,True,,,,,
True,bursty|seq_texture_fast|rep4|seed20240909,0,0.0,1.0,0,0.0,B3,4222,synthetic,17.37989689699217,nan,2,4,False,seq_texture_fast,0.09864743173082263,nan,0.0,,,6,,1,,,1,,36064,0.1632930346051464,True,1,7,6,9016,True,bursty|seq_texture_fast|rep4|seed20240909,,,,,7,6,False,,,,,
True,bursty|seq_texture_fast|rep4|seed20240909,0,1.0,0.0,1,0.0,B3,4203,synthetic,27.115811499238905,27.115811499238905,2,4,False,seq_texture_fast,0.8934084290331108,0.8934084290331108,0.0,,,7,1,1,,,,,36064,0.1760204081632653,True,0,7,7,9016,True,bursty|seq_texture_fast|rep4|seed20240909,,,,,7,7,True,,,,,
True,bursty|seq_texture_fast|rep4|seed20240909,0,1.0,0.0,2,0.0,B3,4220,synthetic,27.115497466775768,27.115497466775768,2,4,False,seq_texture_fast,0.8937133492759207,0.8937133492759207,0.0,,,7,1,1,,,,,36064,0.10503549245785271,True,0,7,7,9016,True,bursty|seq_texture_fast|rep4|seed20240909,,,,,7,7,True,,,,,
True,bursty|seq_texture_fast|rep4|seed20240909,0,1.0,0.0,3,0.0,B3,4226,synthetic,27.121727103885224,27.121727103885224,2,4,False,seq_texture_fast,0.8925792942863282,0.8925792942863282,0.0,,,7,1,1,,,,,36064,0.1297692990239574,True,0,7,7,9016,True,bursty|seq_texture_fast|rep4|seed20240909,,,,,7,7,True,,,,,
True,bursty|still_smooth|rep0|seed20240909,1454,1.0,0.0,0,0.0,B4,919,synthetic,36.483156884500104,36.483156884500104,2,0,True,still_smooth,0.8870704724556445,0.8870704724556445,0.0,,,,,,,,,8,41216,0.08581618788819875,True,0,8,8,10304,True,bursty|still_smooth|rep0|seed20240909,,,,0,,,,2,8,,0,4
True,bursty|still_smooth|rep1|seed20240909,2764,1.0,0.0,0,0.0,B4,919,synthetic,36.483156884500104,36.483156884500104,2,1,True,still_smooth,0.8870704724556445,0.8870704724556445,0.0,,,,,,,,,8,41216,0.15891886645962733,True,0,8,8,10304,True,bursty|still_smooth|rep1|seed20240909,,,,0,,,,2,8,,0,4
True,bursty|still_smooth|rep2|seed20240909,491,0.0,1.0,0,0.0,B4,919,synthetic,14.334671509798067,nan,2,2,True,still_smooth,0.7758121835948003,nan,0.0,,,,,,,,8,,41216,0.26358695652173914,True,8,8,0,10304,True,bursty|still_smooth|rep2|seed20240909,,,,0,,,,2,8,,0,4
True,bursty|still_smooth|rep3|seed20240909,1536,0.5,0.5,0,0.0,B4,919,synthetic,16.94728820327907,36.46747734228895,2,3,True,still_smooth,0.8318783536226148,0.8887476985140473,0.0,,,,,,,4,,4,41216,0.4662994953416149,False,4,8,4,10304,True,bursty|still_smooth|rep3|seed20240909,,,,0,,,,2,8,,0,4
True,bursty|still_smooth|rep4|seed20240909,2832,1.0,0.0,0,0.0,B4,919,synthetic,36.483156884500104,36.483156884500104,2,4,True,still_smooth,0.8870704724556445,0.8870704724556445,0.0,,,,,,,,,8,41216,0.17243303571428573,True,0,8,8,10304,True,bursty|still_smooth|rep4|seed20240909,,,,0,,,,2,8,,0,4
True,bursty|still_text|rep0|seed20240909,1248,1.0,0.0,0,0.0,B4,3054,synthetic,25.153143747579776,25.153143747579776,2,0,True,still_text,0.8983801607008477,0.8983801607008477,0.0,,,,,,,,,8,41216,0.07598990683229814,True,0,8,8,10304,True,bursty|still_text|rep0|seed20240909,,,,0,,,,2,8,,0,4
True,bursty|still_text|rep1|seed20240909,1546,0.5,0.5,0,0.0,B4,3054,synthetic,17.496906996545,25.94599070116526,2,1,True,still_text,0.7677429899531075,0.9147957633265112,0.0,,,,,,,,4,4,41216,0.19363839285714285,True,4,8,4,10304,True,bursty|still_text|rep1|seed20240909,,,,0,,,,2,8,,0,4
True,bursty|still_text|rep2|seed20240909,169,0.0,1.0,0,0.0,B4,3054,synthetic,7.825236389058457,nan,2,2,True,still_text,0.572437778737342,nan,0.0,,,,,,1,4,3,,41216,0.48825698757763975,False,8,8,0,10304,True,bursty|still_text|rep2|seed20240909,,,,0,,,,2,8,,0,4
True,bursty|still_text|rep3|seed20240909,1319,0.5,0.5,0,0.0,B4,3054,synthetic,17.496906996545,25.94599070116526,2,3,True,still_text,0.7677429899531075,0.9147957633265112,0.0,,,,,,,4,,4,41216,0.45210597826086957,False,4,8,4,10304,True,bursty|still_text|rep3|seed20240909,,,,0,,,,2,8,,0,4
True,bursty|still_text|rep4|seed20240909,1345,1.0,0.0,0,0.0,B4,3054,synthetic,25.153143747579776,25.153143747579776,2,4,True,still_text,0.8983801607008477,0.8983801607008477,0.0,,,,,,,,,8,41216,0.0735151397515528,True,0,8,8,10304,True,bursty|still_text|rep4|seed20240909,,,,0,,,,2,8,,0,4
True,bursty|still_texture|rep0|seed20240909,1146,0.5,0.5,0,0.0,B4,4625,synthetic,16.841386704776923,27.177663970016802,2,0,True,still_texture,0.475322665867899,0.8886701438774973,0.0,,,,,,,,4,4,41216,0.17015236801242237,True,4,8,4,10304,True,bursty|still_texture|rep0|seed20240909,,,,0,,,,2,8,,0,4
True,bursty|still_texture|rep1|seed20240909,2740,1.0,0.0,0,0.0,B4,4625,synthetic,27.15144070427842,27.15144070427842,2,1,True,still_texture,0.8932951912644751,0.8932951912644751,0.0,,,,,,,,,8,41216,0.16990974378881987,True,0,8,8,10304,True,bursty|still_texture|rep1|seed20240909,,,,0,,,,2,8,,0,4
True,bursty|still_texture|rep2|seed20240909,1686,0.5,0.5,0,0.0,B4,4625,synthetic,16.702103256649764,27.125374828165928,2,2,True,still_texture,0.47596571532274323,0.8906311086089461,0.0,,,,,,,4,,4,41216,0.22923136645962733,False,4,8,4,10304,True,bursty|still_texture|rep2|seed20240909,,,,0,,,,2,8,,0,4
True,bursty|still_texture|rep3|seed20240909,2578,1.0,0.0,0,0.0,B4,4625,synthetic,27.15144070427842,27.15144070427842,2,3,True,still_texture,0.8932951912644751,0.8932951912644751,0.0,,,,,,,,,8,41216,0.15341129658385094,True,0,8,8,10304,True,bursty|still_texture|rep3|seed20240909,,,,0,,,,2,8,,0,4
True,bursty|still_texture|rep4|seed20240909,2897,1.0,0.0,0,0.0,B4,4625,synthetic,27.15144070427842,27.15144070427842,2,4,True,still_texture,0.8932951912644751,0.8932951912644751,0.0,,,,,,,,,8,41216,0.18150718167701863,True,0,8,8,10304,True,bursty|still_texture|rep4|seed20240909,,,,0,,,,2,8,,0,4
True,bursty|still_edges|rep0|seed20240909,2631,1.0,0.0,0,0.0,B4,1076,synthetic,30.215026070732705,30.215026070732705,2,0,True,still_edges,0.8892269156875389,0.8892269156875389,0.0,,,,,,,,,8,41216,0.14753979037267081,True,0,8,8,10304,True,bursty|still_edges|rep0|seed20240909,,,,0,,,,2,8,,0,4
True,bursty|still_edges|rep1|seed20240909,1363,0.5,0.5,0,0.0,B4,1076,synthetic,6.902680261995814,30.401785095539402,2,1,True,still_edges,0.6851723331192382,0.892045309352295,0.0,,,,,,,,4,4,41216,0.19087247670807453,True,4,8,4,10304,True,bursty|still_edges|rep1|seed20240909,,,,0,,,,2,8,,0,4
True,bursty|still_edges|rep2|seed20240909,2919,1.0,0.0,0,0.0,B4,1076,synthetic,30.215026070732705,30.215026070732705,2,2,True,still_edges,0.8892269156875389,0.8892269156875389,0.0,,,,,,,,,8,41216,0.17556288819875776,True,0,8,8,10304,True,bursty|still_edges|rep2|seed20240909,,,,0,,,,2,8,,0,4
True,bursty|still_edges|rep3|seed20240909,0,0.0,1.0,0,0.0,B4,1076,synthetic,8.889302662835975,nan,2,3,False,still_edges,0.5457880827450708,nan,0.0,,,,,,,8,,,41216,0.7445894798136646,False,8,8,0,10304,True,bursty|still_edges|rep3|seed20240909,,,,0,,,,2,8,,0,4
True,bursty|still_edges|rep4|seed20240909,2529,1.0,0.0,0,0.0,B4,1076,synthetic,30.215026070732705,30.215026070732705,2,4,True,still_edges,0.8892269156875389,0.8892269156875389,0.0,,,,,,,,,8,41216,0.15013586956521738,True,0,8,8,10304,True,bursty|still_edges|rep4|seed20240909,,,,0,,,,2,8,,0,4
True,bursty|seq_illumination_slow|rep0|seed20240909,1844,0.5,0.5,0,0.0,B4,1145,synthetic,7.868072726273596,30.424227791063437,2,0,True,seq_illumination_slow,0.6696191565699382,0.8799416563730137,0.0,,,,,,,,4,4,41216,0.21280570652173914,True,4,8,4,10304,True,bursty|seq_illumination_slow|rep0|seed20240909,,,,0,,,,2,8,,0,4
True,bursty|seq_illumination_slow|rep0|seed20240909,488,0.5,0.5,1,0.0,B4,1170,synthetic,7.607341824450876,30.263662467988283,2,0,False,seq_illumination_slow,0.6721112528401286,0.8821185411626056,0.0,,,,,,,4,,4,41216,0.4006453804347826,False,4,8,4,10304,True,bursty|seq_illumination_slow|rep0|seed20240909,,,,0,,,,2,8,,0,4
True,bursty|seq_illumination_slow|rep0|seed20240909,769,0.5,0.5,2,0.0,B4,1195,synthetic,7.561486194750655,30.319355927472916,2,0,True,seq_illumination_slow,0.680451939915044,0.8868362005497256,0.0,,,,,,,4,,4,41216,0.41677989130434784,False,4,8,4,10304,True,bursty|seq_illumination_slow|rep0|seed20240909,,,,0,,,,2,8,,0,4
True,bursty|seq_illumination_slow|rep0|seed20240909,1333,0.5,0.5,3,0.0,B4,1215,synthetic,7.370914407433848,30.20772191430717,2,0,False,seq_illumination_slow,0.6739923941235788,0.8764411236886339,0.0,1,,,,,,,3,4,41216,0.19473020186335405,True,4,8,4,10304,True,bursty|seq_illumination_slow|rep0|seed20240909,,,,0,,,,2,8,,0,4
True,bursty|seq_illumination_slow|rep1|seed20240909,2686,1.0,0.0,0,0.0,B4,1145,synthetic,30.569354014602986,30.569354014602986,2,1,True,seq_illumination_slow,0.8852708281201247,0.8852708281201247,0.0,,,,,,,,,8,41216,0.1640139751552795,True,0,8,8,10304,True,bursty|seq_illumination_slow|rep1|seed20240909,,,,0,,,,2,8,,0,4
True,bursty|seq_illumination_slow|rep1|seed20240909,1248,0.5,0.5,1,0.0,B4,1170,synthetic,7.690573067207884,30.47518151167356,2,1,False,seq_illumination_slow,0.6805700222783132,0.8911829981581274,0.0,,,,,,1,,3,4,41216,0.1844429347826087,True,4,8,4,10304,True,bursty|seq_illumination_slow|rep1|seed20240909,,,,0,,,,2,8,,0,4
True,bursty|seq_illumination_slow|rep1|seed20240909,1552,0.5,0.5,2,0.0,B4,1195,synthetic,7.561486194750655,30.319355927472916,2,1,False,seq_illumination_slow,0.680451939915044,0.8868362005497256,0.0,,,,,,,,4,4,41216,0.20610927795031056,True,4,8,4,10304,True,bursty|seq_illumination_slow|rep1|seed20240909,,,,0,,,,2,8,,0,4
True,bursty|seq_illumination_slow|rep1|seed20240909,1239,1.0,0.0,3,0.0,B4,1215,synthetic,30.328642539634917,30.328642539634917,2,1,False,seq_illumination_slow,0.8792426832672545,0.8792426832672545,0.0,,,,,,,,,8,41216,0.07269021739130435,True,0,8,8,10304,True,bursty|seq_illumination_slow|rep1|seed20240909,,,,0,,,,2,8,,0,4
True,bursty|seq_illumination_slow|rep2|seed20240909,3183,1.0,0.0,0,0.0,B4,1145,synthetic,30.569354014602986,30.569354014602986,2,2,True,seq_illumination_slow,0.8852708281201247,0.8852708281201247,0.0,,,,,,,,,8,41216,0.19162461180124224,True,0,8,8,10304,True,bursty|seq_illumination_slow|rep2|seed20240909,,,,0,,,,2,8,,0,4
True,bursty|seq_illumination_slow|rep2|seed20240909,2674,1.0,0.0,1,0.0,B4,1170,synthetic,30.3681343875699,30.3681343875699,2,2,False,seq_illumination_slow,0.8865606138684682,0.8865606138684682,0.0,,,,,,,,,8,41216,0.15768148291925466,True,0,8,8,10304,True,bursty|seq_illumination_slow|rep2|seed20240909,,,,0,,,,2,8,,0,4
True,bursty|seq_illumination_slow|rep2|seed20240909,2271,1.0,0.0,2,0.0,B4,1195,synthetic,30.200871174988855,30.200871174988855,2,2,False,seq_illumination_slow,0.8828579695957618,0.8828579695957618,0.0,,,,,,,,,8,41216,0.12997379658385094,True,0,8,8,10304,True,bursty|seq_illumination_slow|rep2|seed20240909,,,,0,,,,2,8,,0,4
True,bursty|seq_illumination_slow|rep2|seed20240909,1642,0.5,0.5,3,0.0,B4,1215,synthetic,7.370914407433848,30.20772191430717,2,2,False,seq_illumination_slow,0.6739923941235788,0.8764411236886339,0.0,,,,,,,,4,4,41216,0.22151591614906832,True,4,8,4,10304,True,bursty|seq_illumination_slow|rep2|seed20240909,,,,0,,,,2,8,,0,4
True,bursty|seq_illumination_slow|rep3|seed20240909,2880,1.0,0.0,0,0.0,B4,1145,synthetic,30.569354014602986,30.569354014602986,2,3,True,seq_illumination_slow,0.8852708281201247,0.8852708281201247,0.0,,,,,,,,,8,41216,0.16612480590062112,True,0,8,8,10304,True,bursty|seq_illumination_slow|rep3|seed20240909,,,,0,,,,2,8,,0,4
True,bursty|seq_illumination_slow|rep3|seed20240909,1388,0.5,0.5,1,0.0,B4,1170,synthetic,7.690573067207884,30.47518151167356,2,3,True,seq_illumination_slow,0.6805700222783132,0.8911829981581274,0.0,,,,,,,4,,4,41216,0.38179347826086957,False,4,8,4,10304,True,bursty|seq_illumination_slow|rep3|seed20240909,,,,0,,,,2,8,,0,4
True,bursty|seq_illumination_slow|rep3|seed20240909,518,0.0,1.0,2,0.0,B4,1195,synthetic,9.530680619849752,nan,2,3,False,seq_illumination_slow,0.548826713149286,nan,0.0,,,,,,,,8,,41216,0.2565265916149068,True,8,8,0,10304,True,bursty|seq_illumination_slow|rep3|seed20240909,,,,0,,,,2,8,,0,4
True,bursty|seq_illumination_slow|rep3|seed20240909,2772,1.0,0.0,3,0.0,B4,1215,synthetic,30.328642539634917,30.328642539634917,2,3,False,seq_illumination_slow,0.8792426832672545,0.8792426832672545,0.0,,,,,,,,,8,41216,0.16677989130434784,True,0,8,8,10304,True,bursty|seq_illumination_slow|rep3|seed20240909,,,,0,,,,2,8,,0,4
True,bursty|seq_illumination_slow|rep4|seed20240909,1149,0.25,0.75,0,0.0,B4,1145,synthetic,7.249175609122512,29.717296498555285,2,4,True,seq_illumination_slow,0.5860110865836622,0.8600758520229291,0.0,,,,,,,,6,2,41216,0.21028241459627328,True,6,8,2,10304,True,bursty|seq_illumination_slow|rep4|seed20240909,,,,0,,,,2,8,,0,4
True,bursty|seq_illumination_slow|rep4|seed20240909,2049,1.0,0.0,1,0.0,B4,1170,synthetic,30.3681343875699,30.3681343875699,2,4,False,seq_illumination_slow,0.8865606138684682,0.8865606138684682,0.0,,,,,,,,,8,41216,0.12143342391304347,True,0,8,8,10304,True,bursty|seq_illumination_slow|rep4|seed20240909,,,,0,,,,2,8,,0,4
True,bursty|seq_illumination_slow|rep4|seed20240909,1709,0.5,0.5,2,0.0,B4,1195,synthetic,7.561486194750655,30.319355927472916,2,4,False,seq_illumination_slow,0.680451939915044,0.8868362005497256,0.0,1,,,,,,,3,4,41216,0.20722534937888198,True,4,8,4,10304,True,bursty|seq_illumination_slow|rep4|seed20240909,,,,0,,,,2,8,,0,4
True,bursty|seq_illumination_slow|rep4|seed20240909,212,0.0,1.0,3,0.0,B4,1215,synthetic,9.364132671503935,nan,2,4,True,seq_illumination_slow,0.5523790083189216,nan,0.0,,,,,,,4,4,,41216,0.4773146350931677,False,8,8,0,10304,True,bursty|seq_illumination_slow|rep4|seed20240909,,,,0,,,,2,8,,0,4
True,bursty|seq_edges_slow|rep0|seed20240909,1835,0.5,0.5,0,0.0,B4,1076,synthetic,6.8171378740152555,30.035968183941822,2,0,True,seq_edges_slow,0.6783594315543255,0.8864085220227826,0.0,,,,,,,,4,4,41216,0.20792895962732919,True,4,8,4,10304,True,bursty|seq_edges_slow|rep0|seed20240909,,,,0,,,,2,8,,0,4
True,bursty|seq_edges_slow|rep0|seed20240909,1303,0.5,0.5,1,0.0,B4,1087,synthetic,6.817189731209981,30.05778593006149,2,0,False,seq_edges_slow,0.6791068799906635,0.8879034188954588,0.0,,,,,,4,,,4,41216,0.2522078804347826,True,4,8,4,10304,True,bursty|seq_edges_slow|rep0|seed20240909,,,,0,,,,2,8,,0,4
True,bursty|seq_edges_slow|rep0|seed20240909,889,0.5,0.5,2,0.0,B4,1079,synthetic,6.817331940109241,30.11818436732995,2,0,False,seq_edges_slow,0.6767630106341157,0.8822194467898431,0.0,,,,,,,4,,4,41216,0.35842876552795033,False,4,8,4,10304,True,bursty|seq_edges_slow|rep0|seed20240909,,,,0,,,,2,8,,0,4
True,bursty|seq_edges_slow|rep0|seed20240909,1703,0.5,0.5,3,0.0,B4,1047,synthetic,6.901398096673324,29.862631992579654,2,0,True,seq_edges_slow,0.6861328746221108,0.8939663923580387,0.0,,,,,,4,,,4,41216,0.26210694875776397,True,4,8,4,10304,True,bursty|seq_edges_slow|rep0|seed20240909,,,,0,,,,2,8,,0,4
True,bursty|seq_edges_slow|rep1|seed20240909,2627,1.0,0.0,0,0.0,B4,1076,synthetic,30.215026070732705,30.215026070732705,2,1,True,seq_edges_slow,0.8892269156875389,0.8892269156875389,0.0,,,,,,,,,8,41216,0.15957395186335405,True,0,8,8,10304,True,bursty|seq_edges_slow|rep1|seed20240909,,,,0,,,,2,8,,0,4
True,bursty|seq_edges_slow|rep1|seed20240909,2555,1.0,0.0,1,0.0,B4,1087,synthetic,30.228992333521006,30.228992333521006,2,1,False,seq_edges_slow,0.8905079329330521,0.8905079329330521,0.0,,,,,,,,,8,41216,0.15913722826086957,True,0,8,8,10304,True,bursty|seq_edges_slow|rep1|seed20240909,,,,0,,,,2,8,,0,4
True,bursty|seq_edges_slow|rep1|seed20240909,2513,1.0,0.0,2,0.0,B4,1079,synthetic,30.288367966990243,30.288367966990243,2,1,False,seq_edges_slow,0.8853680199910964,0.8853680199910964,0.0,,,,,,,,,8,41216,0.1491896350931677,True,0,8,8,10304,True,bursty|seq_edges_slow|rep1|seed20240909,,,,0,,,,2,8,,0,4
True,bursty|seq_edges_slow|rep1|seed20240909,1141,0.5,0.5,3,0.0,B4,1047,synthetic,6.901398096673324,29.862631992579654,2,1,False,seq_edges_slow,0.6861328746221108,0.8939663923580387,0.0,,,,,,,,4,4,41216,0.17847437888198758,True,4,8,4,10304,True,bursty|seq_edges_slow|rep1|seed20240909,,,,0,,,,2,8,,0,4
True,bursty|seq_edges_slow|rep2|seed20240909,834,0.5,0.5,0,0.0,B4,1076,synthetic,6.8171378740152555,30.035968183941822,2,2,True,seq_edges_slow,0.6783594315543255,0.8864085220227826,0.0,,,,,,,,4,4,41216,0.16209724378881987,True,4,8,4,10304,True,bursty|seq_edges_slow|rep2|seed20240909,,,,0,,,,2,8,,0,4
True,bursty|seq_edges_slow|rep2|seed20240909,1476,0.5,0.5,1,0.0,B4,1087,synthetic,6.817189731209981,30.05778593006149,2,2,False,seq_edges_slow,0.6791068799906635,0.8879034188954588,0.0,,,,,,,,4,4,41216,0.18281735248447206,True,4,8,4,10304,True,bursty|seq_edges_slow|rep2|seed20240909,,,,0,,,,2,8,,0,4
True,bursty|seq_edges_slow|rep2|seed20240909,2117,1.0,0.0,2,0.0,B4,1079,synthetic,30.288367966990243,30.288367966990243,2,2,False,seq_edges_slow,0.8853680199910964,0.8853680199910964,0.0,,,,,,,,,8,41216,0.12730493012422361,True,0,8,8,10304,True,bursty|seq_edges_slow|rep2|seed20240909,,,,0,,,,2,8,,0,4
True,bursty|seq_edges_slow|rep2|seed20240909,2757,1.0,0.0,3,0.0,B4,1047,synthetic,29.693371844179346,29.693371844179346,2,2,False,seq_edges_slow,0.8916643523521959,0.8916643523521959,0.0,,,,,,,,,8,41216,0.16833268633540371,True,0,8,8,10304,True,bursty|seq_edges_slow|rep2|seed20240909,,,,0,,,,2,8,,0,4
True,bursty|seq_edges_slow|rep3|seed20240909,631,0.5,0.5,0,0.0,B4,1076,synthetic,6.8171378740152555,30.035968183941822,2,3,True,seq_edges_slow,0.6783594315543255,0.8864085220227826,0.0,,,,,,,4,,4,41216,0.4110539596273292,False,4,8,4,10304,True,bursty|seq_edges_slow|rep3|seed20240909,,,,0,,,,2,8,,0,4
True,bursty|seq_edges_slow|rep3|seed20240909,2491,0.75,0.25,1,0.0,B4,1087,synthetic,15.07265576533266,30.431856606619437,2,3,True,seq_edges_slow,0.817378013814242,0.8925944570086324,0.0,,,,,,,,2,6,41216,0.19824825310559005,True,2,8,6,10304,True,bursty|seq_edges_slow|rep3|seed20240909,,,,0,,,,2,8,,0,4
True,bursty|seq_edges_slow|rep3|seed20240909,142,0.0,1.0,2,0.0,B4,1079,synthetic,8.889302662835975,nan,2,3,False,seq_edges_slow,0.5476949249796237,nan,0.0,,,,,1,1,4,2,,41216,0.5212053571428571,False,8,8,0,10304,True,bursty|seq_edges_slow|rep3|seed20240909,,,,0,,,,2,8,,0,4
True,bursty|seq_edges_slow|rep3|seed20240909,1324,0.5,0.5,3,0.0,B4,1047,synthetic,6.901398096673324,29.862631992579654,2,3,True,seq_edges_slow,0.6861328746221108,0.8939663923580387,0.0,,,,,,1,,3,4,41216,0.20375582298136646,True,4,8,4,10304,True,bursty|seq_edges_slow|rep3|seed20240909,,,,0,,,,2,8,,0,4
True,bursty|seq_edges_slow|rep4|seed20240909,1795,0.5,0.5,0,0.0,B4,1076,synthetic,6.8171378740152555,30.035968183941822,2,4,True,seq_edges_slow,0.6783594315543255,0.8864085220227826,0.0,,,,,,,4,,4,41216,0.48435073757763975,False,4,8,4,10304,True,bursty|seq_edges_slow|rep4|seed20240909,,,,0,,,,2,8,,0,4
True,bursty|seq_edges_slow|rep4|seed20240909,2850,1.0,0.0,1,0.0,B4,1087,synthetic,30.228992333521006,30.228992333521006,2,4,True,seq_edges_slow,0.8905079329330521,0.8905079329330521,0.0,,,,,,,,,8,41216,0.1642080745341615,True,0,8,8,10304,True,bursty|seq_edges_slow|rep4|seed20240909,,,,0,,,,2,8,,0,4
True,bursty|seq_edges_slow|rep4|seed20240909,1064,0.5,0.5,2,0.0,B4,1079,synthetic,6.817331940109241,30.11818436732995,2,4,False,seq_edges_slow,0.6767630106341157,0.8822194467898431,0.0,,,,,,,4,,4,41216,0.35983598602484473,False,4,8,4,10304,True,bursty|seq_edges_slow|rep4|seed20240909,,,,0,,,,2,8,,0,4
True,bursty|seq_edges_slow|rep4|seed20240909,2180,1.0,0.0,3,0.0,B4,1047,synthetic,29.693371844179346,29.693371844179346,2,4,True,seq_edges_slow,0.8916643523521959,0.8916643523521959,0.0,,,,,,,,,8,41216,0.12703804347826086,True,0,8,8,10304,True,bursty|seq_edges_slow|rep4|seed20240909,,,,0,,,,2,8,,0,4
True,bursty|seq_texture_fast|rep0|seed20240909,505,0.0,1.0,0,0.0,B4,4625,synthetic,17.37989689699217,nan,2,0,True,seq_texture_fast,0.09864743173082263,nan,0.0,,,,,,,,8,,41216,0.24711277173913043,True,8,8,0,10304,True,bursty|seq_texture_fast|rep0|seed20240909,,,,0,,,,2,8,,0,4
True,bursty|seq_texture_fast|rep0|seed20240909,2574,1.0,0.0,1,0.0,B4,4589,synthetic,27.115811499238905,27.115811499238905,2,0,False,seq_texture_fast,0.8934084290331108,0.8934084290331108,0.0,,,,,,,,,8,41216,0.1585064052795031,True,0,8,8,10304,True,bursty|seq_texture_fast|rep0|seed20240909,,,,0,,,,2,8,,0,4
True,bursty|seq_texture_fast|rep0|seed20240909,235,0.0,1.0,2,0.0,B4,4615,synthetic,17.333511291480885,nan,2,0,True,seq_texture_fast,0.09789306058757484,nan,0.0,,,,,,,4,4,,41216,0.48629173136645965,False,8,8,0,10304,True,bursty|seq_texture_fast|rep0|seed20240909,,,,0,,,,2,8,,0,4
True,bursty|seq_texture_fast|rep0|seed20240909,518,0.5,0.5,3,0.0,B4,4600,synthetic,17.21005991190906,27.11101047255925,2,0,False,seq_texture_fast,0.48359187777506557,0.8909452844759862,0.0,,,,,,,,4,4,41216,0.1352144798136646,True,4,8,4,10304,True,bursty|seq_texture_fast|rep0|seed20240909,,,,0,,,,2,8,,0,4
True,bursty|seq_texture_fast|rep1|seed20240909,902,0.5,0.5,0,0.0,B4,4625,synthetic,16.702103256649764,27.125374828165928,2,1,True,seq_texture_fast,0.47596571532274323,0.8906311086089461,0.0,1,,,,,,,3,4,41216,0.15692934782608695,True,4,8,4,10304,True,bursty|seq_texture_fast|rep1|seed20240909,,,,0,,,,2,8,,0,4
True,bursty|seq_texture_fast|rep1|seed20240909,1350,0.5,0.5,1,0.0,B4,4589,synthetic,17.123070715938052,27.125453337661565,2,1,False,seq_texture_fast,0.4810718424472082,0.8903638315037558,0.0,2,,,,,,,2,4,41216,0.18502523291925466,True,4,8,4,10304,True,bursty|seq_texture_fast|rep1|seed20240909,,,,0,,,,2,8,,0,4
True,bursty|seq_texture_fast|rep1|seed20240909,2503,1.0,0.0,2,0.0,B4,4615,synthetic,27.115497466775768,27.115497466775768,2,1,False,seq_texture_fast,0.8937133492759207,0.8937133492759207,0.0,,,,,,,,,8,41216,0.1493837344720497,True,0,8,8,10304,True,bursty|seq_texture_fast|rep1|seed20240909,,,,0,,,,2,8,,0,4
True,bursty|seq_texture_fast|rep1|seed20240909,1693,0.5,0.5,3,0.0,B4,4600,synthetic,16.973271939817103,27.13247024495181,2,1,False,seq_texture_fast,0.47064606618885513,0.8849833271331337,0.0,,,,,,,,4,4,41216,0.19798136645962733,True,4,8,4,10304,True,bursty|seq_texture_fast|rep1|seed20240909,,,,0,,,,2,8,,0,4
True,bursty|seq_texture_fast|rep2|seed20240909,1839,0.5,0.5,0,0.0,B4,4625,synthetic,16.702103256649764,27.125374828165928,2,2,True,seq_texture_fast,0.47596571532274323,0.8906311086089461,0.0,,,,,,1,,3,4,41216,0.23386548913043478,True,4,8,4,10304,True,bursty|seq_texture_fast|rep2|seed20240909,,,,0,,,,2,8,,0,4
True,bursty|seq_texture_fast|rep2|seed20240909,1835,0.75,0.25,1,0.0,B4,4589,synthetic,21.511061787237683,27.13317990965627,2,2,False,seq_texture_fast,0.7137595731112937,0.8854166420476914,0.0,,,,,,,,2,6,41216,0.1538965450310559,True,2,8,6,10304,True,bursty|seq_texture_fast|rep2|seed20240909,,,,0,,,,2,8,,0,4
True,bursty|seq_texture_fast|rep2|seed20240909,2083,0.625,0.375,2,0.0,B4,4615,synthetic,19.118796828017384,27.13098313393492,2,2,False,seq_texture_fast,0.6033775029111627,0.8859118331231338,0.0,,,,,,,,3,5,41216,0.18310850155279504,True,3,8,5,10304,True,bursty|seq_texture_fast|rep2|seed20240909,,,,0,,,,2,8,,0,4
True,bursty|seq_texture_fast|rep2|seed20240909,1560,0.375,0.625,3,0.0,B4,4600,synthetic,16.383854182960516,27.11202038173237,2,2,False,seq_texture_fast,0.3802925083035312,0.871996936512352,0.0,,,,,,1,,4,3,41216,0.2391304347826087,True,5,8,3,10304,True,bursty|seq_texture_fast|rep2|seed20240909,,,,0,,,,2,8,,0,4
True,bursty|seq_texture_fast|rep3|seed20240909,2654,1.0,0.0,0,0.0,B4,4625,synthetic,27.15144070427842,27.15144070427842,2,3,True,seq_texture_fast,0.8932951912644751,0.8932951912644751,0.0,,,,,,,,,8,41216,0.1593555900621118,True,0,8,8,10304,True,bursty|seq_texture_fast|rep3|seed20240909,,,,0,,,,2,8,,0,4
True,bursty|seq_texture_fast|rep3|seed20240909,1739,0.5,0.5,1,0.0,B4,4589,synthetic,17.123070715938052,27.125453337661565,2,3,True,seq_texture_fast,0.4810718424472082,0.8903638315037558,0.0,,,,,,,4,,4,41216,0.47828513198757766,False,4,8,4,10304,True,bursty|seq_texture_fast|rep3|seed20240909,,,,0,,,,2,8,,0,4
True,bursty|seq_texture_fast|rep3|seed20240909,2783,1.0,0.0,2,0.0,B4,4615,synthetic,27.115497466775768,27.115497466775768,2,3,False,seq_texture_fast,0.8937133492759207,0.8937133492759207,0.0,,,,,,,,,8,41216,0.15947690217391305,True,0,8,8,10304,True,bursty|seq_texture_fast|rep3|seed20240909,,,,0,,,,2,8,,0,4
True,bursty|seq_texture_fast|rep3|seed20240909,3020,1.0,0.0,3,0.0,B4,4600,synthetic,27.121727103885224,27.121727103885224,2,3,False,seq_texture_fast,0.8925792942863282,0.8925792942863282,0.0,,,,,,,,,8,41216,0.1709287655279503,True,0,8,8,10304,True,bursty|seq_texture_fast|rep3|seed20240909,,,,0,,,,2,8,,0,4
True,bursty|seq_texture_fast|rep4|seed20240909,2529,0.875,0.125,0,0.0,B4,4625,synthetic,22.483187029442426,27.164968376848112,2,4,True,seq_texture_fast,0.7889038308308055,0.8915733437917109,0.0,,,,,,,,1,7,41216,0.17350058229813664,True,1,8,7,10304,True,bursty|seq_texture_fast|rep4|seed20240909,,,,0,,,,2,8,,0,4
True,bursty|seq_texture_fast|rep4|seed20240909,3035,1.0,0.0,1,0.0,B4,4589,synthetic,27.115811499238905,27.115811499238905,2,4,False,seq_texture_fast,0.8934084290331108,0.8934084290331108,0.0,,,,,,,,,8,41216,0.18150718167701863,True,0,8,8,10304,True,bursty|seq_texture_fast|rep4|seed20240909,,,,0,,,,2,8,,0,4
True,bursty|seq_texture_fast|rep4|seed20240909,1794,1.0,0.0,2,0.0,B4,4615,synthetic,27.115497466775768,27.115497466775768,2,4,False,seq_texture_fast,0.8937133492759207,0.8937133492759207,0.0,,,,,,,,,8,41216,0.10597826086956522,True,0,8,8,10304,True,bursty|seq_texture_fast|rep4|seed20240909,,,,0,,,,2,8,,0,4
True,bursty|seq_texture_fast|rep4|seed20240909,2109,0.875,0.125,3,0.0,B4,4600,synthetic,22.502939919710126,27.11831537892827,2,4,False,seq_texture_fast,0.7901224314303398,0.8893737543977304,0.0,,,,,,,,1,7,41216,0.14290566770186336,True,1,8,7,10304,True,bursty|seq_texture_fast|rep4|seed20240909,,,,0,,,,2,8,,0,4
True,bursty|still_smooth|rep0|seed20240909,2080,1.0,0.0,0,0.0,P,1157,synthetic,34.604582416238905,34.604582416238905,3,0,True,still_smooth,0.8685643084401807,0.8685643084401807,0.0,,2,,,,,,,16,62784,0.09077153414882773,True,0,16,16,15696,True,bursty|still_smooth|rep0|seed20240909,,,,2,,,,3,16,,0,6
True,bursty|still_smooth|rep1|seed20240909,3866,1.0,0.0,0,0.0,P,1157,synthetic,34.604582416238905,34.604582416238905,3,1,True,still_smooth,0.8685643084401807,0.8685643084401807,0.0,,2,,,,,,,16,62784,0.16803644240570845,True,0,16,16,15696,True,bursty|still_smooth|rep1|seed20240909,,,,2,,,,3,16,,0,6
True,bursty|still_smooth|rep2|seed20240909,3955,0.6875,0.3125,0,0.0,P,1157,synthetic,23.237835218647792,34.72419635439179,3,2,True,still_smooth,0.8721397200799368,0.872828595567408,0.0,,,,,,1,6,,11,62784,0.4222891182466871,False,7,16,11,15696,True,bursty|still_smooth|rep2|seed20240909,,,,2,,,,3,16,,0,6
True,bursty|still_smooth|rep3|seed20240909,1052,0.4375,0.5625,0,0.0,P,1157,synthetic,19.266984552018478,34.51335841530196,3,3,True,still_smooth,0.8673600069513214,0.8804412157123126,0.0,,2,,,,3,6,,7,62784,0.36765736493374107,False,9,16,7,15696,True,bursty|still_smooth|rep3|seed20240909,,,,2,,,,3,16,,0,6
True,bursty|still_smooth|rep4|seed20240909,2497,0.8125,0.1875,0,0.0,P,1157,synthetic,34.81473256084474,34.64728100099818,3,4,True,still_smooth,0.8829062956018436,0.8802930277070612,0.0,,2,,,,3,,,13,62784,0.17789564220183487,True,3,16,13,15696,True,bursty|still_smooth|rep4|seed20240909,,,,2,,,,3,16,,0,6
True,bursty|still_text|rep0|seed20240909,2450,1.0,0.0,0,0.0,P,2981,synthetic,22.04524556642174,22.04524556642174,3,0,True,still_text,0.828803687266499,0.828803687266499,0.0,,2,,,,,,,16,62784,0.10738404689092762,True,0,16,16,15696,True,bursty|still_text|rep0|seed20240909,,,,2,,,,3,16,,0,6
True,bursty|still_text|rep1|seed20240909,2770,0.8125,0.1875,0,0.0,P,2981,synthetic,21.30711344193582,22.07057903484008,3,1,True,still_text,0.8203427306744357,0.8302436287343001,0.0,,2,,,,3,,,13,62784,0.1810493119266055,True,3,16,13,15696,True,bursty|still_text|rep1|seed20240909,,,,2,,,,3,16,,0,6
True,bursty|still_text|rep2|seed20240909,1312,0.4375,0.5625,0,0.0,P,2981,synthetic,16.801929142933037,23.118405827827495,3,2,True,still_text,0.7206473170448402,0.8634937760468142,0.0,,2,,,,3,6,,7,62784,0.3729612640163099,False,9,16,7,15696,True,bursty|still_text|rep2|seed20240909,,,,2,,,,3,16,,0,6
True,bursty|still_text|rep3|seed20240909,2369,0.625,0.375,0,0.0,P,2981,synthetic,18.277728612486815,22.078554094697722,3,3,True,still_text,0.7298507205460883,0.8483919599048356,0.0,,2,,,,,6,,10,62784,0.3508059378185525,False,6,16,10,15696,True,bursty|still_text|rep3|seed20240909,,,,2,,,,3,16,,0,6
True,bursty|still_text|rep4|seed20240909,2595,1.0,0.0,0,0.0,P,2981,synthetic,22.04524556642174,22.04524556642174,3,4,True,still_text,0.828803687266499,0.828803687266499,0.0,,2,,,,,,,16,62784,0.11952089704383283,True,0,16,16,15696,True,bursty|still_text|rep4|seed20240909,,,,2,,,,3,16,,0,6
True,bursty|still_texture|rep0|seed20240909,3372,0.875,0.125,0,0.0,P,3672,synthetic,22.83593110544169,22.776248501299726,3,0,True,still_texture,0.6984276417200702,0.6993144059551131,0.0,,1,,,,3,,,14,62784,0.2038098878695209,True,3,16,14,15696,True,bursty|still_texture|rep0|seed20240909,,,,2,,,,3,16,,0,6
True,bursty|still_texture|rep1|seed20240909,3003,0.875,0.125,0,0.0,P,3672,synthetic,22.830757705170587,22.776803278553786,3,1,True,still_texture,0.6976943784111783,0.6989185953989748,0.0,,1,,,,3,,,14,62784,0.17670107033639143,True,3,16,14,15696,True,bursty|still_texture|rep1|seed20240909,,,,2,,,,3,16,,0,6
True,bursty|still_texture|rep2|seed20240909,1416,0.4375,0.5625,0,0.0,P,3672,synthetic,17.681766294794087,22.781799170834205,3,2,True,still_texture,0.45954279372556356,0.6933457861252738,0.0,,2,,,,3,6,,7,62784,0.2075050968399592,False,9,16,7,15696,True,bursty|still_texture|rep2|seed20240909,,,,2,,,,3,16,,0,6
True,bursty|still_texture|rep3|seed20240909,3163,1.0,0.0,0,0.0,P,3672,synthetic,22.777395143612196,22.777395143612196,3,3,True,still_texture,0.6986199650837447,0.6986199650837447,0.0,,2,,,,,,,16,62784,0.13535295616717635,True,0,16,16,15696,True,bursty|still_texture|rep3|seed20240909,,,,2,,,,3,16,,0,6
True,bursty|still_texture|rep4|seed20240909,2684,0.8125,0.1875,0,0.0,P,3672,synthetic,22.862197720353713,22.77689742000114,3,4,True,still_texture,0.6979817951233045,0.696169868542807,0.0,,2,,,,3,,,13,62784,0.1731651376146789,True,3,16,13,15696,True,bursty|still_texture|rep4|seed20240909,,,,2,,,,3,16,,0,6
True,bursty|still_edges|rep0|seed20240909,3339,1.0,0.0,0,0.0,P,1656,synthetic,26.382299976291378,26.382299976291378,3,0,True,still_edges,0.7955791368359746,0.7955791368359746,0.0,,2,,,,,,,16,62784,0.1380447247706422,True,0,16,16,15696,True,bursty|still_edges|rep0|seed20240909,,,,2,,,,3,16,,0,6
True,bursty|still_edges|rep1|seed20240909,3795,0.875,0.125,0,0.0,P,1656,synthetic,25.830075892258787,26.207386738458123,3,1,True,still_edges,0.7949803062453616,0.7871691418420003,0.0,,1,,,,3,,,14,62784,0.23767201834862386,True,3,16,14,15696,True,bursty|still_edges|rep1|seed20240909,,,,2,,,,3,16,,0,6
True,bursty|still_edges|rep2|seed20240909,3969,1.0,0.0,0,0.0,P,1656,synthetic,26.382299976291378,26.382299976291378,3,2,True,still_edges,0.7955791368359746,0.7955791368359746,0.0,,2,,,,,,,16,62784,0.16805237003058104,True,0,16,16,15696,True,bursty|still_edges|rep2|seed20240909,,,,2,,,,3,16,,0,6
True,bursty|still_edges|rep3|seed20240909,557,0.25,0.75,0,0.0,P,1656,synthetic,11.556757529698196,28.014949819370575,3,3,True,still_edges,0.6574584065884083,0.8503085195994489,0.0,,2,,,,,12,,4,62784,0.525308995922528,False,12,16,4,15696,True,bursty|still_edges|rep3|seed20240909,,,,2,,,,3,16,,0,6
True,bursty|still_edges|rep4|seed20240909,2856,1.0,0.0,0,0.0,P,1656,synthetic,26.382299976291378,26.382299976291378,3,4,True,still_edges,0.7955791368359746,0.7955791368359746,0.0,,2,,,,,,,16,62784,0.11684505606523955,True,0,16,16,15696,True,bursty|still_edges|rep4|seed20240909,,,,2,,,,3,16,,0,6
True,bursty|seq_illumination_slow|rep0|seed20240909,2508,0.6875,0.3125,0,0.0,P,1636,synthetic,25.345807920761235,26.702211068034366,3,0,True,seq_illumination_slow,0.7912226813788407,0.7924185349930714,0.0,,1,,,1,5,,,11,62784,0.21239487767584098,True,6,16,11,15696,True,bursty|seq_illumination_slow|rep0|seed20240909,,,,2,,,,3,16,,0,6
True,bursty|seq_illumination_slow|rep0|seed20240909,1231,0.625,0.375,1,0.0,P,1665,synthetic,15.543596726397837,27.27791641269946,3,0,True,seq_illumination_slow,0.7468686566064181,0.811117669469857,0.0,,2,,,,,6,,10,62784,0.30632008154943935,False,6,16,10,15696,True,bursty|seq_illumination_slow|rep0|seed20240909,,,,2,,,,3,16,,0,6
True,bursty|seq_illumination_slow|rep0|seed20240909,1673,0.625,0.375,2,0.0,P,1675,synthetic,14.584514409132218,25.99429293769855,3,0,True,seq_illumination_slow,0.7035120088344146,0.7888361817344397,0.0,,2,,,,,6,,10,62784,0.33339704383282365,False,6,16,10,15696,True,bursty|seq_illumination_slow|rep0|seed20240909,,,,2,,,,3,16,,0,6
True,bursty|seq_illumination_slow|rep0|seed20240909,2888,0.8125,0.1875,3,0.0,P,1722,synthetic,24.9369194620466,26.48938944035773,3,0,False,seq_illumination_slow,0.7880783975002349,0.7968290841997032,0.0,,2,,,,2,,1,13,62784,0.1820368246687054,True,3,16,13,15696,True,bursty|seq_illumination_slow|rep0|seed20240909,,,,2,,,,3,16,,0,6
True,bursty|seq_illumination_slow|rep1|seed20240909,2406,0.8125,0.1875,0,0.0,P,1636,synthetic,25.868477268930548,26.427398106065155,3,1,True,seq_illumination_slow,0.7890144103079044,0.7862369538785418,0.0,,2,,,1,2,,,13,62784,0.1660295616717635,True,3,16,13,15696,True,bursty|seq_illumination_slow|rep1|seed20240909,,,,2,,,,3,16,,0,6
True,bursty|seq_illumination_slow|rep1|seed20240909,2958,0.8125,0.1875,1,0.0,P,1665,synthetic,25.732654552814516,26.269212587441537,3,1,False,seq_illumination_slow,0.7904581581093829,0.7873260217737919,0.0,,2,,,,3,,,13,62784,0.1897776503567788,True,3,16,13,15696,True,bursty|seq_illumination_slow|rep1|seed20240909,,,,2,,,,3,16,,0,6
True,bursty|seq_illumination_slow|rep1|seed20240909,3947,0.875,0.125,2,0.0,P,1675,synthetic,25.43192344569597,26.413260961245193,3,1,False,seq_illumination_slow,0.7889806130588339,0.797320849758062,0.0,,2,,,,1,,1,14,62784,0.20412844036697247,True,2,16,14,15696,True,bursty|seq_illumination_slow|rep1|seed20240909,,,,2,,,,3,16,,0,6
True,bursty|seq_illumination_slow|rep1|seed20240909,1483,0.875,0.125,3,0.0,P,1722,synthetic,25.768565533681755,26.01166355750295,3,1,False,seq_illumination_slow,0.7861850571341478,0.7778444495227808,0.0,,1,,,,3,,,14,62784,0.11031472986748216,True,3,16,14,15696,True,bursty|seq_illumination_slow|rep1|seed20240909,,,,2,,,,3,16,,0,6
True,bursty|seq_illumination_slow|rep2|seed20240909,2834,0.8125,0.1875,0,0.0,P,1636,synthetic,25.82112052525908,26.41034226354099,3,2,True,seq_illumination_slow,0.7907588056275099,0.7869747371649083,0.0,,2,,,,3,,,13,62784,0.18079446992864423,True,3,16,13,15696,True,bursty|seq_illumination_slow|rep2|seed20240909,,,,2,,,,3,16,,0,6
True,bursty|seq_illumination_slow|rep2|seed20240909,3368,1.0,0.0,1,0.0,P,1665,synthetic,26.386450100251444,26.386450100251444,3,2,False,seq_illumination_slow,0.7853057194373866,0.7853057194373866,0.0,,2,,,,,,,16,62784,0.1425203873598369,True,0,16,16,15696,True,bursty|seq_illumination_slow|rep2|seed20240909,,,,2,,,,3,16,,0,6
True,bursty|seq_illumination_slow|rep2|seed20240909,2597,0.875,0.125,2,0.0,P,1675,synthetic,25.940636864444116,26.119873624575124,3,2,False,seq_illumination_slow,0.7911943732652654,0.7824178211168947,0.0,,1,,,2,1,,,14,62784,0.14952854230377166,True,3,16,14,15696,True,bursty|seq_illumination_slow|rep2|seed20240909,,,,2,,,,3,16,,0,6
True,bursty|seq_illumination_slow|rep2|seed20240909,2543,0.8125,0.1875,3,0.0,P,1722,synthetic,25.273173147516772,26.47995119344159,3,2,False,seq_illumination_slow,0.7922797099365771,0.7992607424433285,0.0,,2,,,,3,,,13,62784,0.1638952599388379,True,3,16,13,15696,True,bursty|seq_illumination_slow|rep2|seed20240909,,,,2,,,,3,16,,0,6
True,bursty|seq_illumination_slow|rep3|seed20240909,2256,0.8125,0.1875,0,0.0,P,1636,synthetic,25.73432735142019,26.858214766139575,3,3,True,seq_illumination_slow,0.7937673535883203,0.8010205236851237,0.0,,2,,,1,2,,,13,62784,0.14741016819571864,True,3,16,13,15696,True,bursty|seq_illumination_slow|rep3|seed20240909,,,,2,,,,3,16,,0,6
True,bursty|seq_illumination_slow|rep3|seed20240909,2524,0.5625,0.4375,1,0.0,P,1665,synthetic,14.965480843203867,25.66369204348853,3,3,True,seq_illumination_slow,0.7018951722440283,0.7620785231270922,0.0,,2,,,,1,6,,9,62784,0.3443233944954128,False,7,16,9,15696,True,bursty|seq_illumination_slow|rep3|seed20240909,,,,2,,,,3,16,,0,6
True,bursty|seq_illumination_slow|rep3|seed20240909,4700,0.9375,0.0625,2,0.0,P,1675,synthetic,26.016559024830485,26.401788904828575,3,3,False,seq_illumination_slow,0.7905361357379875,0.7922433582988785,0.0,,2,,,,1,,,15,62784,0.20371432212028542,True,1,16,15,15696,True,bursty|seq_illumination_slow|rep3|seed20240909,,,,2,,,,3,16,,0,6
True,bursty|seq_illumination_slow|rep3|seed20240909,3726,1.0,0.0,3,0.0,P,1722,synthetic,26.184724774461596,26.184724774461596,3,3,False,seq_illumination_slow,0.7862962459251145,0.7862962459251145,0.0,,2,,,,,,,16,62784,0.16453236493374107,True,0,16,16,15696,True,bursty|seq_illumination_slow|rep3|seed20240909,,,,2,,,,3,16,,0,6
True,bursty|seq_illumination_slow|rep4|seed20240909,4492,1.0,0.0,0,0.0,P,1636,synthetic,26.539506348339167,26.539506348339167,3,4,True,seq_illumination_slow,0.7863008842565294,0.7863008842565294,0.0,,2,,,,,,,16,62784,0.1890927624872579,True,0,16,16,15696,True,bursty|seq_illumination_slow|rep4|seed20240909,,,,2,,,,3,16,,0,6
True,bursty|seq_illumination_slow|rep4|seed20240909,3162,1.0,0.0,1,0.0,P,1665,synthetic,26.386450100251444,26.386450100251444,3,4,False,seq_illumination_slow,0.7853057194373866,0.7853057194373866,0.0,,2,,,,,,,16,62784,0.14336455147808358,True,0,16,16,15696,True,bursty|seq_illumination_slow|rep4|seed20240909,,,,2,,,,3,16,,0,6
True,bursty|seq_illumination_slow|rep4|seed20240909,3040,0.8125,0.1875,2,0.0,P,1675,synthetic,25.189464319484145,26.61065579907042,3,4,False,seq_illumination_slow,0.7891420952502339,0.7991897673323712,0.0,,2,,,,3,,,13,62784,0.20422400611620795,True,3,16,13,15696,True,bursty|seq_illumination_slow|rep4|seed20240909,,,,2,,,,3,16,,0,6
True,bursty|seq_illumination_slow|rep4|seed20240909,2688,0.625,0.375,3,0.0,P,1722,synthetic,14.328319333113974,25.920524566162975,3,4,True,seq_illumination_slow,0.7075428654994638,0.7860262476616952,0.0,,2,,,,,6,,10,62784,0.3655230632008155,False,6,16,10,15696,True,bursty|seq_illumination_slow|rep4|seed20240909,,,,2,,,,3,16,,0,6
True,bursty|seq_edges_slow|rep0|seed20240909,2742,0.6875,0.3125,0,0.0,P,1656,synthetic,25.002949781979407,26.04492551420558,3,0,True,seq_edges_slow,0.7968344127353219,0.7860687039042255,0.0,,1,,,,5,,1,11,62784,0.21690239551478083,True,6,16,11,15696,True,bursty|seq_edges_slow|rep0|seed20240909,,,,2,,,,3,16,,0,6
True,bursty|seq_edges_slow|rep0|seed20240909,2290,0.625,0.375,1,0.0,P,1557,synthetic,14.903571321679493,27.943598214366318,3,0,False,seq_edges_slow,0.7457345589824826,0.8242559735059032,0.0,,2,,,,6,,,10,62784,0.22083651885830785,True,6,16,10,15696,True,bursty|seq_edges_slow|rep0|seed20240909,,,,2,,,,3,16,,0,6
True,bursty|seq_edges_slow|rep0|seed20240909,1782,0.625,0.375,2,0.0,P,1481,synthetic,14.9254310213892,28.552926166385404,3,0,True,seq_edges_slow,0.7591319397827667,0.8331183562175456,0.0,,2,,,,,6,,10,62784,0.29388060652395515,False,6,16,10,15696,True,bursty|seq_edges_slow|rep0|seed20240909,,,,2,,,,3,16,,0,6
True,bursty|seq_edges_slow|rep0|seed20240909,2028,0.5625,0.4375,3,0.0,P,1670,synthetic,13.996333923171312,26.11463182874831,3,0,False,seq_edges_slow,0.7076219640004636,0.8046344525112836,0.0,,2,,,1,6,,,9,62784,0.21413098878695208,True,7,16,9,15696,True,bursty|seq_edges_slow|rep0|seed20240909,,,,2,,,,3,16,,0,6
True,bursty|seq_edges_slow|rep1|seed20240909,1887,0.8125,0.1875,0,0.0,P,1656,synthetic,25.231645272062075,26.669153525738388,3,1,True,seq_edges_slow,0.7942186855900387,0.8026363513653119,0.0,,2,,,,3,,,13,62784,0.15099388379204892,True,3,16,13,15696,True,bursty|seq_edges_slow|rep1|seed20240909,,,,2,,,,3,16,,0,6
True,bursty|seq_edges_slow|rep1|seed20240909,3267,0.875,0.125,1,0.0,P,1557,synthetic,26.347770907573448,26.803789822279008,3,1,False,seq_edges_slow,0.7938721486921526,0.7865698867801517,0.0,,2,,,,2,,,14,62784,0.19278797145769622,True,2,16,14,15696,True,bursty|seq_edges_slow|rep1|seed20240909,,,,2,,,,3,16,,0,6
True,bursty|seq_edges_slow|rep1|seed20240909,3166,1.0,0.0,2,0.0,P,1481,synthetic,27.60513284004451,27.60513284004451,3,1,False,seq_edges_slow,0.80626551007076,0.80626551007076,0.0,,2,,,,,,,16,62784,0.13740761977573904,True,0,16,16,15696,True,bursty|seq_edges_slow|rep1|seed20240909,,,,2,,,,3,16,,0,6
True,bursty|seq_edges_slow|rep1|seed20240909,2651,0.75,0.25,3,0.0,P,1670,synthetic,25.305990988495886,25.952357111394054,3,1,False,seq_edges_slow,0.7968319533496045,0.7840187637925441,0.0,,1,,,,5,,,12,62784,0.18850344036697247,True,5,16,12,15696,True,bursty|seq_edges_slow|rep1|seed20240909,,,,2,,,,3,16,,0,6
True,bursty|seq_edges_slow|rep2|seed20240909,1948,0.8125,0.1875,0,0.0,P,1656,synthetic,25.231645272062075,26.669153525738388,3,2,True,seq_edges_slow,0.7942186855900387,0.8026363513653119,0.0,,2,,,,3,,,13,62784,0.14115061162079512,True,3,16,13,15696,True,bursty|seq_edges_slow|rep2|seed20240909,,,,2,,,,3,16,,0,6
True,bursty|seq_edges_slow|rep2|seed20240909,3305,0.8125,0.1875,1,0.0,P,1557,synthetic,25.73507187257656,27.5730480376528,3,2,False,seq_edges_slow,0.8112018846363515,0.8150545860405156,0.0,,2,,,1,2,,,13,62784,0.2023764016309888,True,3,16,13,15696,True,bursty|seq_edges_slow|rep2|seed20240909,,,,2,,,,3,16,,0,6
True,bursty|seq_edges_slow|rep2|seed20240909,2690,0.875,0.125,2,0.0,P,1481,synthetic,26.644158728076178,27.408083012476464,3,2,False,seq_edges_slow,0.8051046831618729,0.7966248341853435,0.0,,2,,,1,1,,,14,62784,0.16271661569826706,True,2,16,14,15696,True,bursty|seq_edges_slow|rep2|seed20240909,,,,2,,,,3,16,,0,6
True,bursty|seq_edges_slow|rep2|seed20240909,3667,1.0,0.0,3,0.0,P,1670,synthetic,26.33927378042784,26.33927378042784,3,2,False,seq_edges_slow,0.7991132747909847,0.7991132747909847,0.0,,2,,,,,,,16,62784,0.15601108562691132,True,0,16,16,15696,True,bursty|seq_edges_slow|rep2|seed20240909,,,,2,,,,3,16,,0,6
True,bursty|seq_edges_slow|rep3|seed20240909,1438,0.625,0.375,0,0.0,P,1656,synthetic,14.876486493607441,27.290225231837056,3,3,True,seq_edges_slow,0.7459270519389621,0.8174515485382332,0.0,,2,,,,,6,,10,62784,0.3171190112130479,False,6,16,10,15696,True,bursty|seq_edges_slow|rep3|seed20240909,,,,2,,,,3,16,,0,6
True,bursty|seq_edges_slow|rep3|seed20240909,4012,0.875,0.125,1,0.0,P,1557,synthetic,26.439761167555716,26.908827736845172,3,3,False,seq_edges_slow,0.799397185558722,0.7891252689386467,0.0,,1,,,,3,,,14,62784,0.2284658511722732,True,3,16,14,15696,True,bursty|seq_edges_slow|rep3|seed20240909,,,,2,,,,3,16,,0,6
True,bursty|seq_edges_slow|rep3|seed20240909,1651,0.3125,0.6875,2,0.0,P,1481,synthetic,14.802386153141459,28.477007178070277,3,3,True,seq_edges_slow,0.7704708944553603,0.8440318386560243,0.0,,1,,,1,5,6,,5,62784,0.4249331039755352,False,12,16,5,15696,True,bursty|seq_edges_slow|rep3|seed20240909,,,,2,,,,3,16,,0,6
True,bursty|seq_edges_slow|rep3|seed20240909,2619,0.8125,0.1875,3,0.0,P,1670,synthetic,25.34661344922708,26.260469472936915,3,3,False,seq_edges_slow,0.7994450284613283,0.7989190817813515,0.0,,2,,,,3,,,13,62784,0.1581453873598369,True,3,16,13,15696,True,bursty|seq_edges_slow|rep3|seed20240909,,,,2,,,,3,16,,0,6
True,bursty|seq_edges_slow|rep4|seed20240909,2867,0.625,0.375,0,0.0,P,1656,synthetic,14.876486493607441,27.290225231837056,3,4,True,seq_edges_slow,0.7459270519389621,0.8174515485382332,0.0,,2,,,,,6,,10,62784,0.3820718654434251,False,6,16,10,15696,True,bursty|seq_edges_slow|rep4|seed20240909,,,,2,,,,3,16,,0,6
True,bursty|seq_edges_slow|rep4|seed20240909,3876,1.0,0.0,1,0.0,P,1557,synthetic,27.03920969109591,27.03920969109591,3,4,False,seq_edges_slow,0.7969115562403718,0.7969115562403718,0.0,,2,,,,,,,16,62784,0.16176095820591233,True,0,16,16,15696,True,bursty|seq_edges_slow|rep4|seed20240909,,,,2,,,,3,16,,0,6
True,bursty|seq_edges_slow|rep4|seed20240909,1820,0.625,0.375,2,0.0,P,1481,synthetic,14.9254310213892,28.552926166385404,3,4,True,seq_edges_slow,0.7591319397827667,0.8331183562175456,0.0,,2,,,,,6,,10,62784,0.2815844801223242,False,6,16,10,15696,True,bursty|seq_edges_slow|rep4|seed20240909,,,,2,,,,3,16,,0,6
True,bursty|seq_edges_slow|rep4|seed20240909,2477,0.875,0.125,3,0.0,P,1670,synthetic,25.778990096839696,26.1601778174218,3,4,False,seq_edges_slow,0.7973456811309497,0.790581437204842,0.0,,1,,,1,2,,,14,62784,0.15280963302752293,True,3,16,14,15696,True,bursty|seq_edges_slow|rep4|seed20240909,,,,2,,,,3,16,,0,6
True,bursty|seq_texture_fast|rep0|seed20240909,3853,0.8125,0.1875,0,0.0,P,3672,synthetic,22.855610650814032,22.791500713951336,3,0,True,seq_texture_fast,0.6972017862874718,0.696730527625024,0.0,,2,,,2,1,,,13,62784,0.21003758919469928,True,3,16,13,15696,True,bursty|seq_texture_fast|rep0|seed20240909,,,,2,,,,3,16,,0,6
True,bursty|seq_texture_fast|rep0|seed20240909,3487,1.0,0.0,1,0.0,P,3623,synthetic,22.842072925348866,22.842072925348866,3,0,False,seq_texture_fast,0.6983942628787506,0.6983942628787506,0.0,,2,,,,,,,16,62784,0.15524655963302753,True,0,16,16,15696,True,bursty|seq_texture_fast|rep0|seed20240909,,,,2,,,,3,16,,0,6
True,bursty|seq_texture_fast|rep0|seed20240909,2379,0.625,0.375,2,0.0,P,3600,synthetic,17.77333897386554,22.768920676275933,3,0,True,seq_texture_fast,0.46010166230920363,0.6911727743515603,0.0,,2,,,,,6,,10,62784,0.34749299184505605,False,6,16,10,15696,True,bursty|seq_texture_fast|rep0|seed20240909,,,,2,,,,3,16,,0,6
True,bursty|seq_texture_fast|rep0|seed20240909,1911,0.8125,0.1875,3,0.0,P,3703,synthetic,22.91485906016945,22.807414305859393,3,0,False,seq_texture_fast,0.6999154221303489,0.7008931575881016,0.0,,2,,,,3,,,13,62784,0.1481269113149847,True,3,16,13,15696,True,bursty|seq_texture_fast|rep0|seed20240909,,,,2,,,,3,16,,0,6
True,bursty|seq_texture_fast|rep1|seed20240909,3583,1.0,0.0,0,0.0,P,3672,synthetic,22.777395143612196,22.777395143612196,3,1,True,seq_texture_fast,0.6986199650837447,0.6986199650837447,0.0,,2,,,,,,,16,62784,0.15581995412844038,True,0,16,16,15696,True,bursty|seq_texture_fast|rep1|seed20240909,,,,2,,,,3,16,,0,6
True,bursty|seq_texture_fast|rep1|seed20240909,4251,1.0,0.0,1,0.0,P,3623,synthetic,22.842072925348866,22.842072925348866,3,1,False,seq_texture_fast,0.6983942628787506,0.6983942628787506,0.0,,2,,,,,,,16,62784,0.189013124362895,True,0,16,16,15696,True,bursty|seq_texture_fast|rep1|seed20240909,,,,2,,,,3,16,,0,6
True,bursty|seq_texture_fast|rep1|seed20240909,3222,0.875,0.125,2,0.0,P,3600,synthetic,22.864367777017204,22.833611937238253,3,1,False,seq_texture_fast,0.6974915544623738,0.6992692457250953,0.0,,1,,,,3,,,14,62784,0.19958906727828746,True,3,16,14,15696,True,bursty|seq_texture_fast|rep1|seed20240909,,,,2,,,,3,16,,0,6
True,bursty|seq_texture_fast|rep1|seed20240909,4367,1.0,0.0,3,0.0,P,3703,synthetic,22.80810455946176,22.80810455946176,3,1,False,seq_texture_fast,0.7000975710191808,0.7000975710191808,0.0,,2,,,,,,,16,62784,0.18039627930682978,True,0,16,16,15696,True,bursty|seq_texture_fast|rep1|seed20240909,,,,2,,,,3,16,,0,6
True,bursty|seq_texture_fast|rep2|seed20240909,3422,0.75,0.25,0,0.0,P,3672,synthetic,22.88747295421009,22.755237368055234,3,2,True,seq_texture_fast,0.6975422750692873,0.6977369759479722,0.0,,2,,,,4,,,12,62784,0.22722349643221204,True,4,16,12,15696,True,bursty|seq_texture_fast|rep2|seed20240909,,,,2,,,,3,16,,0,6
True,bursty|seq_texture_fast|rep2|seed20240909,2681,0.75,0.25,1,0.0,P,3623,synthetic,19.583242383733243,22.888115414391432,3,2,False,seq_texture_fast,0.5490928029817149,0.6977987289312624,0.0,,,,,,6,,,12,62784,0.22688901630988786,True,6,16,12,15696,True,bursty|seq_texture_fast|rep2|seed20240909,,,,2,,,,3,16,,0,6
True,bursty|seq_texture_fast|rep2|seed20240909,3423,0.8125,0.1875,2,0.0,P,3600,synthetic,22.90951330181337,22.827305270867146,3,2,False,seq_texture_fast,0.6972123998526237,0.6971486227558106,0.0,,1,,,,4,,,13,62784,0.21650420489296637,True,4,16,13,15696,True,bursty|seq_texture_fast|rep2|seed20240909,,,,2,,,,3,16,,0,6
True,bursty|seq_texture_fast|rep2|seed20240909,3929,0.75,0.25,3,0.0,P,3703,synthetic,22.922149134836594,22.817430120483895,3,2,False,seq_texture_fast,0.6968714535029464,0.6955150616032785,0.0,,2,,,,4,,,12,62784,0.24426605504587157,True,4,16,12,15696,True,bursty|seq_texture_fast|rep2|seed20240909,,,,2,,,,3,16,,0,6
True,bursty|seq_texture_fast|rep3|seed20240909,3335,1.0,0.0,0,0.0,P,3672,synthetic,22.777395143612196,22.777395143612196,3,3,True,seq_texture_fast,0.6986199650837447,0.6986199650837447,0.0,,2,,,,,,,16,62784,0.13936671763506625,True,0,16,16,15696,True,bursty|seq_texture_fast|rep3|seed20240909,,,,2,,,,3,16,,0,6
True,bursty|seq_texture_fast|rep3|seed20240909,2223,0.5,0.5,1,0.0,P,3623,synthetic,17.479295319703326,22.86032225693416,3,3,True,seq_texture_fast,0.4557241621224299,0.6912424660053325,0.0,,1,,,,3,6,,8,62784,0.40204510703363916,False,9,16,8,15696,True,bursty|seq_texture_fast|rep3|seed20240909,,,,2,,,,3,16,,0,6
True,bursty|seq_texture_fast|rep3|seed20240909,3295,0.9375,0.0625,2,0.0,P,3600,synthetic,22.86317148454905,22.8191781629233,3,3,False,seq_texture_fast,0.699994434354582,0.6993556767824927,0.0,,2,,,,1,,,15,62784,0.15674375637104995,True,1,16,15,15696,True,bursty|seq_texture_fast|rep3|seed20240909,,,,2,,,,3,16,,0,6
True,bursty|seq_texture_fast|rep3|seed20240909,3750,0.875,0.125,3,0.0,P,3703,synthetic,22.862829446998912,22.810167776608296,3,3,False,seq_texture_fast,0.6992532310586773,0.6981145540708609,0.0,,1,,,,3,,,14,62784,0.2115507135575943,True,3,16,14,15696,True,bursty|seq_texture_fast|rep3|seed20240909,,,,2,,,,3,16,,0,6
True,bursty|seq_texture_fast|rep4|seed20240909,1704,0.6875,0.3125,0,0.0,P,3672,synthetic,22.90688189729604,22.77890268231144,3,4,True,seq_texture_fast,0.6959850797858298,0.6952523144743369,0.0,,1,,,2,4,,,11,62784,0.17856460244648317,True,6,16,11,15696,True,bursty|seq_texture_fast|rep4|seed20240909,,,,2,,,,3,16,,0,6
True,bursty|seq_texture_fast|rep4|seed20240909,3632,1.0,0.0,1,0.0,P,3623,synthetic,22.842072925348866,22.842072925348866,3,4,False,seq_texture_fast,0.6983942628787506,0.6983942628787506,0.0,,2,,,,,,,16,62784,0.15266628440366972,True,0,16,16,15696,True,bursty|seq_texture_fast|rep4|seed20240909,,,,2,,,,3,16,,0,6
True,bursty|seq_texture_fast|rep4|seed20240909,2838,1.0,0.0,2,0.0,P,3600,synthetic,22.824033517964295,22.824033517964295,3,4,False,seq_texture_fast,0.6986542442398848,0.6986542442398848,0.0,,2,,,,,,,16,62784,0.129236748216106,True,0,16,16,15696,True,bursty|seq_texture_fast|rep4|seed20240909,,,,2,,,,3,16,,0,6
True,bursty|seq_texture_fast|rep4|seed20240909,3052,1.0,0.0,3,0.0,P,3703,synthetic,22.80810455946176,22.80810455946176,3,4,False,seq_texture_fast,0.7000975710191808,0.7000975710191808,0.0,,2,,,,,,,16,62784,0.12361429663608563,True,0,16,16,15696,True,bursty|seq_texture_fast|rep4|seed20240909,,,,2,,,,3,16,,0,6
