channel,channel_axis,channel_value,clip,clip_hash,config_id,detail,job_id,method,n_frames,n_frames_done,profile_id,repetition,scene,status,trace_id,wall_s
clean,,nan,uav_sea_open,807b17cc60bcb0e0f9d8504838bbbffdc7d692eb2e7a9b27e349c084b6fc0358,a56957124aebce41,,2943d27a8646b2b8,B0a,16,16,7fe30b1136,0,uav:sea_open,ok,clean|uav_sea_open|clean|rep0|seed20240909,0.6524
clean,,nan,uav_sea_open,807b17cc60bcb0e0f9d8504838bbbffdc7d692eb2e7a9b27e349c084b6fc0358,a56957124aebce41,,e42ee7a12c297f06,B0a,16,16,7fe30b1136,1,uav:sea_open,ok,clean|uav_sea_open|clean|rep1|seed20240909,0.7536
clean,,nan,uav_sea_open,807b17cc60bcb0e0f9d8504838bbbffdc7d692eb2e7a9b27e349c084b6fc0358,a56957124aebce41,,366d25b3fd6a92f8,B0a,16,16,7fe30b1136,2,uav:sea_open,ok,clean|uav_sea_open|clean|rep2|seed20240909,0.773
clean,,nan,uav_sea_open,807b17cc60bcb0e0f9d8504838bbbffdc7d692eb2e7a9b27e349c084b6fc0358,a56957124aebce41,,8f353ae8f2a4902d,B0a,16,16,7fe30b1136,3,uav:sea_open,ok,clean|uav_sea_open|clean|rep3|seed20240909,0.8077
clean,,nan,uav_sea_open,807b17cc60bcb0e0f9d8504838bbbffdc7d692eb2e7a9b27e349c084b6fc0358,a56957124aebce41,,509138df99dae555,B0a,16,16,7fe30b1136,4,uav:sea_open,ok,clean|uav_sea_open|clean|rep4|seed20240909,0.8328
mild,,nan,uav_sea_open,807b17cc60bcb0e0f9d8504838bbbffdc7d692eb2e7a9b27e349c084b6fc0358,a56957124aebce41,,86b305e95f7623fd,B0a,16,16,7fe30b1136,3,uav:sea_open,ok,mild|uav_sea_open|mild|rep3|seed20240909,0.7617
mild,,nan,uav_sea_open,807b17cc60bcb0e0f9d8504838bbbffdc7d692eb2e7a9b27e349c084b6fc0358,a56957124aebce41,,32febc63db7a93a5,B0a,16,16,7fe30b1136,0,uav:sea_open,ok,mild|uav_sea_open|mild|rep0|seed20240909,1.054
moderate,,nan,uav_sea_open,807b17cc60bcb0e0f9d8504838bbbffdc7d692eb2e7a9b27e349c084b6fc0358,a56957124aebce41,,f8e36e98b6641801,B0a,16,16,7fe30b1136,0,uav:sea_open,ok,moderate|uav_sea_open|moderate|rep0|seed20240909,0.8339
mild,,nan,uav_sea_open,807b17cc60bcb0e0f9d8504838bbbffdc7d692eb2e7a9b27e349c084b6fc0358,a56957124aebce41,,2ad5898b3f0ffcfb,B0a,16,16,7fe30b1136,2,uav:sea_open,ok,mild|uav_sea_open|mild|rep2|seed20240909,1.0567
mild,,nan,uav_sea_open,807b17cc60bcb0e0f9d8504838bbbffdc7d692eb2e7a9b27e349c084b6fc0358,a56957124aebce41,,6d79a0ce28c12c4d,B0a,16,16,7fe30b1136,1,uav:sea_open,ok,mild|uav_sea_open|mild|rep1|seed20240909,1.1319
moderate,,nan,uav_sea_open,807b17cc60bcb0e0f9d8504838bbbffdc7d692eb2e7a9b27e349c084b6fc0358,a56957124aebce41,,441b0cd894506533,B0a,16,16,7fe30b1136,2,uav:sea_open,ok,moderate|uav_sea_open|moderate|rep2|seed20240909,0.8716
moderate,,nan,uav_sea_open,807b17cc60bcb0e0f9d8504838bbbffdc7d692eb2e7a9b27e349c084b6fc0358,a56957124aebce41,,e4c3a8664506b82b,B0a,16,16,7fe30b1136,3,uav:sea_open,ok,moderate|uav_sea_open|moderate|rep3|seed20240909,0.8832
mild,,nan,uav_sea_open,807b17cc60bcb0e0f9d8504838bbbffdc7d692eb2e7a9b27e349c084b6fc0358,a56957124aebce41,,50bac96fdcffcf8e,B0a,16,16,7fe30b1136,4,uav:sea_open,ok,mild|uav_sea_open|mild|rep4|seed20240909,1.1311
bursty,,nan,uav_sea_open,807b17cc60bcb0e0f9d8504838bbbffdc7d692eb2e7a9b27e349c084b6fc0358,a56957124aebce41,,5c6a019650adb1fc,B0a,16,16,7fe30b1136,0,uav:sea_open,ok,bursty|uav_sea_open|bursty|rep0|seed20240909,0.7933
moderate,,nan,uav_sea_open,807b17cc60bcb0e0f9d8504838bbbffdc7d692eb2e7a9b27e349c084b6fc0358,a56957124aebce41,,1443f3798b617baf,B0a,16,16,7fe30b1136,1,uav:sea_open,ok,moderate|uav_sea_open|moderate|rep1|seed20240909,1.2191
bursty,,nan,uav_sea_open,807b17cc60bcb0e0f9d8504838bbbffdc7d692eb2e7a9b27e349c084b6fc0358,a56957124aebce41,,2900aa041e49a7a2,B0a,16,16,7fe30b1136,3,uav:sea_open,ok,bursty|uav_sea_open|bursty|rep3|seed20240909,0.7798
bursty,,nan,uav_sea_open,807b17cc60bcb0e0f9d8504838bbbffdc7d692eb2e7a9b27e349c084b6fc0358,a56957124aebce41,,36d46578b9569d2e,B0a,16,16,7fe30b1136,4,uav:sea_open,ok,bursty|uav_sea_open|bursty|rep4|seed20240909,0.7984
moderate,,nan,uav_sea_open,807b17cc60bcb0e0f9d8504838bbbffdc7d692eb2e7a9b27e349c084b6fc0358,a56957124aebce41,,739c644d01d064d2,B0a,16,16,7fe30b1136,4,uav:sea_open,ok,moderate|uav_sea_open|moderate|rep4|seed20240909,1.1878
bursty,,nan,uav_sea_open,807b17cc60bcb0e0f9d8504838bbbffdc7d692eb2e7a9b27e349c084b6fc0358,a56957124aebce41,,2c49e3c5b45ae788,B0a,16,16,7fe30b1136,1,uav:sea_open,ok,bursty|uav_sea_open|bursty|rep1|seed20240909,1.1416
bursty,,nan,uav_sea_open,807b17cc60bcb0e0f9d8504838bbbffdc7d692eb2e7a9b27e349c084b6fc0358,a56957124aebce41,,213904e000f1ff7a,B0a,16,16,7fe30b1136,2,uav:sea_open,ok,bursty|uav_sea_open|bursty|rep2|seed20240909,1.1139
harsh,,nan,uav_sea_open,807b17cc60bcb0e0f9d8504838bbbffdc7d692eb2e7a9b27e349c084b6fc0358,a56957124aebce41,,ab498d8c05dc2136,B0a,16,16,7fe30b1136,3,uav:sea_open,ok,harsh|uav_sea_open|harsh|rep3|seed20240909,0.8613
harsh,,nan,uav_sea_open,807b17cc60bcb0e0f9d8504838bbbffdc7d692eb2e7a9b27e349c084b6fc0358,a56957124aebce41,,c11e20bdf9ee0905,B0a,16,16,7fe30b1136,4,uav:sea_open,ok,harsh|uav_sea_open|harsh|rep4|seed20240909,0.8794
harsh,,nan,uav_sea_open,807b17cc60bcb0e0f9d8504838bbbffdc7d692eb2e7a9b27e349c084b6fc0358,a56957124aebce41,,259c5172d86b4655,B0a,16,16,7fe30b1136,1,uav:sea_open,ok,harsh|uav_sea_open|harsh|rep1|seed20240909,0.9197
harsh,,nan,uav_sea_open,807b17cc60bcb0e0f9d8504838bbbffdc7d692eb2e7a9b27e349c084b6fc0358,a56957124aebce41,,9e48d3c662f139e4,B0a,16,16,7fe30b1136,0,uav:sea_open,ok,harsh|uav_sea_open|harsh|rep0|seed20240909,1.1226
harsh,,nan,uav_sea_open,807b17cc60bcb0e0f9d8504838bbbffdc7d692eb2e7a9b27e349c084b6fc0358,a56957124aebce41,,8d06d906b1b410e7,B0a,16,16,7fe30b1136,2,uav:sea_open,ok,harsh|uav_sea_open|harsh|rep2|seed20240909,1.1372
clean,,nan,uav_sea_open,807b17cc60bcb0e0f9d8504838bbbffdc7d692eb2e7a9b27e349c084b6fc0358,a56957124aebce41,,e8b91d4020e9d227,B0a-R,16,16,7fe30b1136,3,uav:sea_open,ok,clean|uav_sea_open|clean|rep3|seed20240909,1.6162
clean,,nan,uav_sea_open,807b17cc60bcb0e0f9d8504838bbbffdc7d692eb2e7a9b27e349c084b6fc0358,a56957124aebce41,,8df04adf08fa72b3,B0a-R,16,16,7fe30b1136,1,uav:sea_open,ok,clean|uav_sea_open|clean|rep1|seed20240909,1.8258
clean,,nan,uav_sea_open,807b17cc60bcb0e0f9d8504838bbbffdc7d692eb2e7a9b27e349c084b6fc0358,a56957124aebce41,,1ec298b6ff619742,B0a-R,16,16,7fe30b1136,4,uav:sea_open,ok,clean|uav_sea_open|clean|rep4|seed20240909,1.74
clean,,nan,uav_sea_open,807b17cc60bcb0e0f9d8504838bbbffdc7d692eb2e7a9b27e349c084b6fc0358,a56957124aebce41,,7e74ce376e3742ab,B0a-R,16,16,7fe30b1136,2,uav:sea_open,ok,clean|uav_sea_open|clean|rep2|seed20240909,1.7789
clean,,nan,uav_sea_open,807b17cc60bcb0e0f9d8504838bbbffdc7d692eb2e7a9b27e349c084b6fc0358,a56957124aebce41,,7eeaefa8bb4e597b,B0a-R,16,16,7fe30b1136,0,uav:sea_open,ok,clean|uav_sea_open|clean|rep0|seed20240909,1.9842
mild,,nan,uav_sea_open,807b17cc60bcb0e0f9d8504838bbbffdc7d692eb2e7a9b27e349c084b6fc0358,a56957124aebce41,,f85be7bbc12e94fc,B0a-R,16,16,7fe30b1136,0,uav:sea_open,ok,mild|uav_sea_open|mild|rep0|seed20240909,2.1654
mild,,nan,uav_sea_open,807b17cc60bcb0e0f9d8504838bbbffdc7d692eb2e7a9b27e349c084b6fc0358,a56957124aebce41,,485c1602d0637778,B0a-R,16,16,7fe30b1136,3,uav:sea_open,ok,mild|uav_sea_open|mild|rep3|seed20240909,2.148
mild,,nan,uav_sea_open,807b17cc60bcb0e0f9d8504838bbbffdc7d692eb2e7a9b27e349c084b6fc0358,a56957124aebce41,,6072a580aa49ea80,B0a-R,16,16,7fe30b1136,2,uav:sea_open,ok,mild|uav_sea_open|mild|rep2|seed20240909,2.4548
mild,,nan,uav_sea_open,807b17cc60bcb0e0f9d8504838bbbffdc7d692eb2e7a9b27e349c084b6fc0358,a56957124aebce41,,d78bc3a0ca32acdf,B0a-R,16,16,7fe30b1136,1,uav:sea_open,ok,mild|uav_sea_open|mild|rep1|seed20240909,2.5777
mild,,nan,uav_sea_open,807b17cc60bcb0e0f9d8504838bbbffdc7d692eb2e7a9b27e349c084b6fc0358,a56957124aebce41,,ce87edcb4da6ba17,B0a-R,16,16,7fe30b1136,4,uav:sea_open,ok,mild|uav_sea_open|mild|rep4|seed20240909,2.4294
bursty,,nan,uav_sea_open,807b17cc60bcb0e0f9d8504838bbbffdc7d692eb2e7a9b27e349c084b6fc0358,a56957124aebce41,,1b69505090ae9d21,B0a-R,16,16,7fe30b1136,0,uav:sea_open,ok,bursty|uav_sea_open|bursty|rep0|seed20240909,2.2805
moderate,,nan,uav_sea_open,807b17cc60bcb0e0f9d8504838bbbffdc7d692eb2e7a9b27e349c084b6fc0358,a56957124aebce41,,f29cc050542ae40e,B0a-R,16,16,7fe30b1136,0,uav:sea_open,ok,moderate|uav_sea_open|moderate|rep0|seed20240909,2.6408
moderate,,nan,uav_sea_open,807b17cc60bcb0e0f9d8504838bbbffdc7d692eb2e7a9b27e349c084b6fc0358,a56957124aebce41,,937d9c995a8bf6f0,B0a-R,16,16,7fe30b1136,1,uav:sea_open,ok,moderate|uav_sea_open|moderate|rep1|seed20240909,2.6496
moderate,,nan,uav_sea_open,807b17cc60bcb0e0f9d8504838bbbffdc7d692eb2e7a9b27e349c084b6fc0358,a56957124aebce41,,3c0b262525e498b6,B0a-R,16,16,7fe30b1136,2,uav:sea_open,ok,moderate|uav_sea_open|moderate|rep2|seed20240909,2.7223
moderate,,nan,uav_sea_open,807b17cc60bcb0e0f9d8504838bbbffdc7d692eb2e7a9b27e349c084b6fc0358,a56957124aebce41,,1021e7f3fb42459c,B0a-R,16,16,7fe30b1136,4,uav:sea_open,ok,moderate|uav_sea_open|moderate|rep4|seed20240909,2.6615
moderate,,nan,uav_sea_open,807b17cc60bcb0e0f9d8504838bbbffdc7d692eb2e7a9b27e349c084b6fc0358,a56957124aebce41,,c2768e9ab03bcd5b,B0a-R,16,16,7fe30b1136,3,uav:sea_open,ok,moderate|uav_sea_open|moderate|rep3|seed20240909,2.7934
bursty,,nan,uav_sea_open,807b17cc60bcb0e0f9d8504838bbbffdc7d692eb2e7a9b27e349c084b6fc0358,a56957124aebce41,,aee1dfb98ca474dc,B0a-R,16,16,7fe30b1136,1,uav:sea_open,ok,bursty|uav_sea_open|bursty|rep1|seed20240909,2.3901
bursty,,nan,uav_sea_open,807b17cc60bcb0e0f9d8504838bbbffdc7d692eb2e7a9b27e349c084b6fc0358,a56957124aebce41,,a8137d20ac60cc71,B0a-R,16,16,7fe30b1136,2,uav:sea_open,ok,bursty|uav_sea_open|bursty|rep2|seed20240909,2.401
bursty,,nan,uav_sea_open,807b17cc60bcb0e0f9d8504838bbbffdc7d692eb2e7a9b27e349c084b6fc0358,a56957124aebce41,,16b0b16af194d943,B0a-R,16,16,7fe30b1136,3,uav:sea_open,ok,bursty|uav_sea_open|bursty|rep3|seed20240909,2.3591
bursty,,nan,uav_sea_open,807b17cc60bcb0e0f9d8504838bbbffdc7d692eb2e7a9b27e349c084b6fc0358,a56957124aebce41,,9fe790c3ead34374,B0a-R,16,16,7fe30b1136,4,uav:sea_open,ok,bursty|uav_sea_open|bursty|rep4|seed20240909,2.3831
harsh,,nan,uav_sea_open,807b17cc60bcb0e0f9d8504838bbbffdc7d692eb2e7a9b27e349c084b6fc0358,a56957124aebce41,,3a4b8e7e13c45aa2,B0a-R,16,16,7fe30b1136,0,uav:sea_open,ok,harsh|uav_sea_open|harsh|rep0|seed20240909,2.538
harsh,,nan,uav_sea_open,807b17cc60bcb0e0f9d8504838bbbffdc7d692eb2e7a9b27e349c084b6fc0358,a56957124aebce41,,db37a9af6af01eb5,B0a-R,16,16,7fe30b1136,1,uav:sea_open,ok,harsh|uav_sea_open|harsh|rep1|seed20240909,2.3772
harsh,,nan,uav_sea_open,807b17cc60bcb0e0f9d8504838bbbffdc7d692eb2e7a9b27e349c084b6fc0358,a56957124aebce41,,e1fbf73263e32ceb,B0a-R,16,16,7fe30b1136,2,uav:sea_open,ok,harsh|uav_sea_open|harsh|rep2|seed20240909,2.4589
harsh,,nan,uav_sea_open,807b17cc60bcb0e0f9d8504838bbbffdc7d692eb2e7a9b27e349c084b6fc0358,a56957124aebce41,,3f4cacd09b5f8574,B0a-R,16,16,7fe30b1136,4,uav:sea_open,ok,harsh|uav_sea_open|harsh|rep4|seed20240909,2.2914
harsh,,nan,uav_sea_open,807b17cc60bcb0e0f9d8504838bbbffdc7d692eb2e7a9b27e349c084b6fc0358,a56957124aebce41,,492a0fb864580db4,B0a-R,16,16,7fe30b1136,3,uav:sea_open,ok,harsh|uav_sea_open|harsh|rep3|seed20240909,2.3409
clean,,nan,uav_sea_open,807b17cc60bcb0e0f9d8504838bbbffdc7d692eb2e7a9b27e349c084b6fc0358,a56957124aebce41,,81f417a9a0c270eb,B0d,16,16,7fe30b1136,0,uav:sea_open,ok,clean|uav_sea_open|clean|rep0|seed20240909,5.0597
clean,,nan,uav_sea_open,807b17cc60bcb0e0f9d8504838bbbffdc7d692eb2e7a9b27e349c084b6fc0358,a56957124aebce41,,8e1c25dc84ef0245,B0d,16,16,7fe30b1136,1,uav:sea_open,ok,clean|uav_sea_open|clean|rep1|seed20240909,4.8864
clean,,nan,uav_sea_open,807b17cc60bcb0e0f9d8504838bbbffdc7d692eb2e7a9b27e349c084b6fc0358,a56957124aebce41,,d614212347ebab73,B0d,16,16,7fe30b1136,2,uav:sea_open,ok,clean|uav_sea_open|clean|rep2|seed20240909,4.9739
clean,,nan,uav_sea_open,807b17cc60bcb0e0f9d8504838bbbffdc7d692eb2e7a9b27e349c084b6fc0358,a56957124aebce41,,1fa598ccb6bfd47a,B0d,16,16,7fe30b1136,3,uav:sea_open,ok,clean|uav_sea_open|clean|rep3|seed20240909,4.9622
clean,,nan,uav_sea_open,807b17cc60bcb0e0f9d8504838bbbffdc7d692eb2e7a9b27e349c084b6fc0358,a56957124aebce41,,28aa9aad46e3b0cd,B0d,16,16,7fe30b1136,4,uav:sea_open,ok,clean|uav_sea_open|clean|rep4|seed20240909,4.9974
mild,,nan,uav_sea_open,807b17cc60bcb0e0f9d8504838bbbffdc7d692eb2e7a9b27e349c084b6fc0358,a56957124aebce41,,51ebe13d9a6d7257,B0d,16,16,7fe30b1136,0,uav:sea_open,ok,mild|uav_sea_open|mild|rep0|seed20240909,5.1709
mild,,nan,uav_sea_open,807b17cc60bcb0e0f9d8504838bbbffdc7d692eb2e7a9b27e349c084b6fc0358,a56957124aebce41,,08e50d316a72171f,B0d,16,16,7fe30b1136,1,uav:sea_open,ok,mild|uav_sea_open|mild|rep1|seed20240909,5.3293
mild,,nan,uav_sea_open,807b17cc60bcb0e0f9d8504838bbbffdc7d692eb2e7a9b27e349c084b6fc0358,a56957124aebce41,,bdf783eb7a258087,B0d,16,16,7fe30b1136,2,uav:sea_open,ok,mild|uav_sea_open|mild|rep2|seed20240909,5.2795
mild,,nan,uav_sea_open,807b17cc60bcb0e0f9d8504838bbbffdc7d692eb2e7a9b27e349c084b6fc0358,a56957124aebce41,,63aef9483b1ab691,B0d,16,16,7fe30b1136,3,uav:sea_open,ok,mild|uav_sea_open|mild|rep3|seed20240909,5.2757
mild,,nan,uav_sea_open,807b17cc60bcb0e0f9d8504838bbbffdc7d692eb2e7a9b27e349c084b6fc0358,a56957124aebce41,,40bb91dfc7fbdb99,B0d,16,16,7fe30b1136,4,uav:sea_open,ok,mild|uav_sea_open|mild|rep4|seed20240909,5.3525
clean,,nan,uav_sea_open,807b17cc60bcb0e0f9d8504838bbbffdc7d692eb2e7a9b27e349c084b6fc0358,a56957124aebce41,,5a0fc46d7cbf5243,B1,16,16,7fe30b1136,0,uav:sea_open,ok,clean|uav_sea_open|clean|rep0|seed20240909,0.5306
clean,,nan,uav_sea_open,807b17cc60bcb0e0f9d8504838bbbffdc7d692eb2e7a9b27e349c084b6fc0358,a56957124aebce41,,b1d910c7a20de622,B1,16,16,7fe30b1136,1,uav:sea_open,ok,clean|uav_sea_open|clean|rep1|seed20240909,0.5467
clean,,nan,uav_sea_open,807b17cc60bcb0e0f9d8504838bbbffdc7d692eb2e7a9b27e349c084b6fc0358,a56957124aebce41,,e334fc6a46357c8b,B1,16,16,7fe30b1136,2,uav:sea_open,ok,clean|uav_sea_open|clean|rep2|seed20240909,0.5373
clean,,nan,uav_sea_open,807b17cc60bcb0e0f9d8504838bbbffdc7d692eb2e7a9b27e349c084b6fc0358,a56957124aebce41,,3ff908b513e5301c,B1,16,16,7fe30b1136,3,uav:sea_open,ok,clean|uav_sea_open|clean|rep3|seed20240909,0.5013
harsh,,nan,uav_sea_open,807b17cc60bcb0e0f9d8504838bbbffdc7d692eb2e7a9b27e349c084b6fc0358,a56957124aebce41,,9e19b2b168175e10,B0d,16,16,7fe30b1136,0,uav:sea_open,ok,harsh|uav_sea_open|harsh|rep0|seed20240909,3.5645
harsh,,nan,uav_sea_open,807b17cc60bcb0e0f9d8504838bbbffdc7d692eb2e7a9b27e349c084b6fc0358,a56957124aebce41,,5bc7bbf9b06e1196,B0d,16,16,7fe30b1136,1,uav:sea_open,ok,harsh|uav_sea_open|harsh|rep1|seed20240909,3.4236
clean,,nan,uav_sea_open,807b17cc60bcb0e0f9d8504838bbbffdc7d692eb2e7a9b27e349c084b6fc0358,a56957124aebce41,,5c625bc526d66476,B1,16,16,7fe30b1136,4,uav:sea_open,ok,clean|uav_sea_open|clean|rep4|seed20240909,0.5088
moderate,,nan,uav_sea_open,807b17cc60bcb0e0f9d8504838bbbffdc7d692eb2e7a9b27e349c084b6fc0358,a56957124aebce41,,cddcadb7057ef00a,B0d,16,16,7fe30b1136,0,uav:sea_open,ok,moderate|uav_sea_open|moderate|rep0|seed20240909,8.027
harsh,,nan,uav_sea_open,807b17cc60bcb0e0f9d8504838bbbffdc7d692eb2e7a9b27e349c084b6fc0358,a56957124aebce41,,86f889693888f20e,B0d,16,16,7fe30b1136,2,uav:sea_open,ok,harsh|uav_sea_open|harsh|rep2|seed20240909,3.4546
mild,,nan,uav_sea_open,807b17cc60bcb0e0f9d8504838bbbffdc7d692eb2e7a9b27e349c084b6fc0358,a56957124aebce41,,6382528218d0a8d2,B1,16,16,7fe30b1136,0,uav:sea_open,ok,mild|uav_sea_open|mild|rep0|seed20240909,0.7336
mild,,nan,uav_sea_open,807b17cc60bcb0e0f9d8504838bbbffdc7d692eb2e7a9b27e349c084b6fc0358,a56957124aebce41,,82bfd46f12810c82,B1,16,16,7fe30b1136,1,uav:sea_open,ok,mild|uav_sea_open|mild|rep1|seed20240909,0.7006
harsh,,nan,uav_sea_open,807b17cc60bcb0e0f9d8504838bbbffdc7d692eb2e7a9b27e349c084b6fc0358,a56957124aebce41,,ad7b044f6e74254f,B0d,16,16,7fe30b1136,3,uav:sea_open,ok,harsh|uav_sea_open|harsh|rep3|seed20240909,3.3928
moderate,,nan,uav_sea_open,807b17cc60bcb0e0f9d8504838bbbffdc7d692eb2e7a9b27e349c084b6fc0358,a56957124aebce41,,11279adfaec201f2,B0d,16,16,7fe30b1136,1,uav:sea_open,ok,moderate|uav_sea_open|moderate|rep1|seed20240909,8.4236
mild,,nan,uav_sea_open,807b17cc60bcb0e0f9d8504838bbbffdc7d692eb2e7a9b27e349c084b6fc0358,a56957124aebce41,,27d54c0c4f0e0c87,B1,16,16,7fe30b1136,2,uav:sea_open,ok,mild|uav_sea_open|mild|rep2|seed20240909,0.7272
harsh,,nan,uav_sea_open,807b17cc60bcb0e0f9d8504838bbbffdc7d692eb2e7a9b27e349c084b6fc0358,a56957124aebce41,,8fa092488ddd4cfd,B0d,16,16,7fe30b1136,4,uav:sea_open,ok,harsh|uav_sea_open|harsh|rep4|seed20240909,3.4655
mild,,nan,uav_sea_open,807b17cc60bcb0e0f9d8504838bbbffdc7d692eb2e7a9b27e349c084b6fc0358,a56957124aebce41,,81fb13b733f887ed,B1,16,16,7fe30b1136,3,uav:sea_open,ok,mild|uav_sea_open|mild|rep3|seed20240909,0.7673
mild,,nan,uav_sea_open,807b17cc60bcb0e0f9d8504838bbbffdc7d692eb2e7a9b27e349c084b6fc0358,a56957124aebce41,,4492e8dcaaae8a60,B1,16,16,7fe30b1136,4,uav:sea_open,ok,mild|uav_sea_open|mild|rep4|seed20240909,0.775
moderate,,nan,uav_sea_open,807b17cc60bcb0e0f9d8504838bbbffdc7d692eb2e7a9b27e349c084b6fc0358,a56957124aebce41,,29a036bcc307f72b,B0d,16,16,7fe30b1136,3,uav:sea_open,ok,moderate|uav_sea_open|moderate|rep3|seed20240909,8.0583
moderate,,nan,uav_sea_open,807b17cc60bcb0e0f9d8504838bbbffdc7d692eb2e7a9b27e349c084b6fc0358,a56957124aebce41,,4fe8a65cde5d22a0,B0d,16,16,7fe30b1136,2,uav:sea_open,ok,moderate|uav_sea_open|moderate|rep2|seed20240909,8.5091
moderate,,nan,uav_sea_open,807b17cc60bcb0e0f9d8504838bbbffdc7d692eb2e7a9b27e349c084b6fc0358,a56957124aebce41,,7ce694d3bc1ee64b,B0d,16,16,7fe30b1136,4,uav:sea_open,ok,moderate|uav_sea_open|moderate|rep4|seed20240909,8.1902
moderate,,nan,uav_sea_open,807b17cc60bcb0e0f9d8504838bbbffdc7d692eb2e7a9b27e349c084b6fc0358,a56957124aebce41,,178ecdb94c4151c3,B1,16,16,7fe30b1136,0,uav:sea_open,ok,moderate|uav_sea_open|moderate|rep0|seed20240909,0.8553
moderate,,nan,uav_sea_open,807b17cc60bcb0e0f9d8504838bbbffdc7d692eb2e7a9b27e349c084b6fc0358,a56957124aebce41,,3e061a1e4cca041c,B1,16,16,7fe30b1136,1,uav:sea_open,ok,moderate|uav_sea_open|moderate|rep1|seed20240909,0.8643
moderate,,nan,uav_sea_open,807b17cc60bcb0e0f9d8504838bbbffdc7d692eb2e7a9b27e349c084b6fc0358,a56957124aebce41,,c55f6d12ee22214d,B1,16,16,7fe30b1136,2,uav:sea_open,ok,moderate|uav_sea_open|moderate|rep2|seed20240909,0.8618
moderate,,nan,uav_sea_open,807b17cc60bcb0e0f9d8504838bbbffdc7d692eb2e7a9b27e349c084b6fc0358,a56957124aebce41,,3673b42957cb2095,B1,16,16,7fe30b1136,4,uav:sea_open,ok,moderate|uav_sea_open|moderate|rep4|seed20240909,0.8381
moderate,,nan,uav_sea_open,807b17cc60bcb0e0f9d8504838bbbffdc7d692eb2e7a9b27e349c084b6fc0358,a56957124aebce41,,993edfd10ffa7695,B1,16,16,7fe30b1136,3,uav:sea_open,ok,moderate|uav_sea_open|moderate|rep3|seed20240909,0.8615
bursty,,nan,uav_sea_open,807b17cc60bcb0e0f9d8504838bbbffdc7d692eb2e7a9b27e349c084b6fc0358,a56957124aebce41,,3ebf9500b2db7186,B1,16,16,7fe30b1136,0,uav:sea_open,ok,bursty|uav_sea_open|bursty|rep0|seed20240909,0.8286
bursty,,nan,uav_sea_open,807b17cc60bcb0e0f9d8504838bbbffdc7d692eb2e7a9b27e349c084b6fc0358,a56957124aebce41,,4525cb0a32368e56,B1,16,16,7fe30b1136,1,uav:sea_open,ok,bursty|uav_sea_open|bursty|rep1|seed20240909,0.7758
bursty,,nan,uav_sea_open,807b17cc60bcb0e0f9d8504838bbbffdc7d692eb2e7a9b27e349c084b6fc0358,a56957124aebce41,,ec6dad4f5fb0d1e4,B1,16,16,7fe30b1136,3,uav:sea_open,ok,bursty|uav_sea_open|bursty|rep3|seed20240909,0.7393
bursty,,nan,uav_sea_open,807b17cc60bcb0e0f9d8504838bbbffdc7d692eb2e7a9b27e349c084b6fc0358,a56957124aebce41,,6ef74a97278e0837,B1,16,16,7fe30b1136,2,uav:sea_open,ok,bursty|uav_sea_open|bursty|rep2|seed20240909,0.8356
bursty,,nan,uav_sea_open,807b17cc60bcb0e0f9d8504838bbbffdc7d692eb2e7a9b27e349c084b6fc0358,a56957124aebce41,,4b46af39b5f6f356,B1,16,16,7fe30b1136,4,uav:sea_open,ok,bursty|uav_sea_open|bursty|rep4|seed20240909,0.7341
bursty,,nan,uav_sea_open,807b17cc60bcb0e0f9d8504838bbbffdc7d692eb2e7a9b27e349c084b6fc0358,a56957124aebce41,,e335bcc6dd291998,B0d,16,16,7fe30b1136,0,uav:sea_open,ok,bursty|uav_sea_open|bursty|rep0|seed20240909,9.0215
harsh,,nan,uav_sea_open,807b17cc60bcb0e0f9d8504838bbbffdc7d692eb2e7a9b27e349c084b6fc0358,a56957124aebce41,,caa46c239ebbc596,B1,16,16,7fe30b1136,0,uav:sea_open,ok,harsh|uav_sea_open|harsh|rep0|seed20240909,0.8897
clean,,nan,uav_sea_open,807b17cc60bcb0e0f9d8504838bbbffdc7d692eb2e7a9b27e349c084b6fc0358,a56957124aebce41,,952e7c1513f0d793,B2,16,16,7fe30b1136,0,uav:sea_open,ok,clean|uav_sea_open|clean|rep0|seed20240909,0.6036
clean,,nan,uav_sea_open,807b17cc60bcb0e0f9d8504838bbbffdc7d692eb2e7a9b27e349c084b6fc0358,a56957124aebce41,,d31eae8c82a59c1a,B2,16,16,7fe30b1136,2,uav:sea_open,ok,clean|uav_sea_open|clean|rep2|seed20240909,0.5779
harsh,,nan,uav_sea_open,807b17cc60bcb0e0f9d8504838bbbffdc7d692eb2e7a9b27e349c084b6fc0358,a56957124aebce41,,bf73a9ce91617b75,B1,16,16,7fe30b1136,1,uav:sea_open,ok,harsh|uav_sea_open|harsh|rep1|seed20240909,0.8245
clean,,nan,uav_sea_open,807b17cc60bcb0e0f9d8504838bbbffdc7d692eb2e7a9b27e349c084b6fc0358,a56957124aebce41,,c33cfc1d71c0c6b0,B2,16,16,7fe30b1136,1,uav:sea_open,ok,clean|uav_sea_open|clean|rep1|seed20240909,0.6426
clean,,nan,uav_sea_open,807b17cc60bcb0e0f9d8504838bbbffdc7d692eb2e7a9b27e349c084b6fc0358,a56957124aebce41,,6e875812044c1309,B2,16,16,7fe30b1136,3,uav:sea_open,ok,clean|uav_sea_open|clean|rep3|seed20240909,0.5851
harsh,,nan,uav_sea_open,807b17cc60bcb0e0f9d8504838bbbffdc7d692eb2e7a9b27e349c084b6fc0358,a56957124aebce41,,d72b2f6aa86cb93c,B1,16,16,7fe30b1136,2,uav:sea_open,ok,harsh|uav_sea_open|harsh|rep2|seed20240909,0.8207
harsh,,nan,uav_sea_open,807b17cc60bcb0e0f9d8504838bbbffdc7d692eb2e7a9b27e349c084b6fc0358,a56957124aebce41,,00c300b5f56d96fa,B1,16,16,7fe30b1136,3,uav:sea_open,ok,harsh|uav_sea_open|harsh|rep3|seed20240909,0.8953
clean,,nan,uav_sea_open,807b17cc60bcb0e0f9d8504838bbbffdc7d692eb2e7a9b27e349c084b6fc0358,a56957124aebce41,,b589693bc975a2dc,B2,16,16,7fe30b1136,4,uav:sea_open,ok,clean|uav_sea_open|clean|rep4|seed20240909,0.6282
harsh,,nan,uav_sea_open,807b17cc60bcb0e0f9d8504838bbbffdc7d692eb2e7a9b27e349c084b6fc0358,a56957124aebce41,,5793e2e7da39ff90,B1,16,16,7fe30b1136,4,uav:sea_open,ok,harsh|uav_sea_open|harsh|rep4|seed20240909,0.8402
mild,,nan,uav_sea_open,807b17cc60bcb0e0f9d8504838bbbffdc7d692eb2e7a9b27e349c084b6fc0358,a56957124aebce41,,bb613f560cf290d3,B2,16,16,7fe30b1136,0,uav:sea_open,ok,mild|uav_sea_open|mild|rep0|seed20240909,0.6784
mild,,nan,uav_sea_open,807b17cc60bcb0e0f9d8504838bbbffdc7d692eb2e7a9b27e349c084b6fc0358,a56957124aebce41,,427c3f473bc88b06,B2,16,16,7fe30b1136,2,uav:sea_open,ok,mild|uav_sea_open|mild|rep2|seed20240909,0.8057
mild,,nan,uav_sea_open,807b17cc60bcb0e0f9d8504838bbbffdc7d692eb2e7a9b27e349c084b6fc0358,a56957124aebce41,,0a441215a1d712c8,B2,16,16,7fe30b1136,1,uav:sea_open,ok,mild|uav_sea_open|mild|rep1|seed20240909,0.8555
mild,,nan,uav_sea_open,807b17cc60bcb0e0f9d8504838bbbffdc7d692eb2e7a9b27e349c084b6fc0358,a56957124aebce41,,654905875a27ba0d,B2,16,16,7fe30b1136,3,uav:sea_open,ok,mild|uav_sea_open|mild|rep3|seed20240909,0.8023
moderate,,nan,uav_sea_open,807b17cc60bcb0e0f9d8504838bbbffdc7d692eb2e7a9b27e349c084b6fc0358,a56957124aebce41,,31dc2e1bedffcbd8,B2,16,16,7fe30b1136,0,uav:sea_open,ok,moderate|uav_sea_open|moderate|rep0|seed20240909,0.8062
mild,,nan,uav_sea_open,807b17cc60bcb0e0f9d8504838bbbffdc7d692eb2e7a9b27e349c084b6fc0358,a56957124aebce41,,0f85814cdca13855,B2,16,16,7fe30b1136,4,uav:sea_open,ok,mild|uav_sea_open|mild|rep4|seed20240909,0.827
moderate,,nan,uav_sea_open,807b17cc60bcb0e0f9d8504838bbbffdc7d692eb2e7a9b27e349c084b6fc0358,a56957124aebce41,,d7df1dc2f45df50a,B2,16,16,7fe30b1136,1,uav:sea_open,ok,moderate|uav_sea_open|moderate|rep1|seed20240909,0.844
moderate,,nan,uav_sea_open,807b17cc60bcb0e0f9d8504838bbbffdc7d692eb2e7a9b27e349c084b6fc0358,a56957124aebce41,,97718ccb1b616f46,B2,16,16,7fe30b1136,2,uav:sea_open,ok,moderate|uav_sea_open|moderate|rep2|seed20240909,0.865
moderate,,nan,uav_sea_open,807b17cc60bcb0e0f9d8504838bbbffdc7d692eb2e7a9b27e349c084b6fc0358,a56957124aebce41,,70d9b79436e72456,B2,16,16,7fe30b1136,3,uav:sea_open,ok,moderate|uav_sea_open|moderate|rep3|seed20240909,0.8687
moderate,,nan,uav_sea_open,807b17cc60bcb0e0f9d8504838bbbffdc7d692eb2e7a9b27e349c084b6fc0358,a56957124aebce41,,d0466a170b37dffe,B2,16,16,7fe30b1136,4,uav:sea_open,ok,moderate|uav_sea_open|moderate|rep4|seed20240909,0.8101
bursty,,nan,uav_sea_open,807b17cc60bcb0e0f9d8504838bbbffdc7d692eb2e7a9b27e349c084b6fc0358,a56957124aebce41,,b36340efd6b2caa3,B2,16,16,7fe30b1136,0,uav:sea_open,ok,bursty|uav_sea_open|bursty|rep0|seed20240909,0.8268
bursty,,nan,uav_sea_open,807b17cc60bcb0e0f9d8504838bbbffdc7d692eb2e7a9b27e349c084b6fc0358,a56957124aebce41,,bd79177029012012,B2,16,16,7fe30b1136,2,uav:sea_open,ok,bursty|uav_sea_open|bursty|rep2|seed20240909,0.6692
bursty,,nan,uav_sea_open,807b17cc60bcb0e0f9d8504838bbbffdc7d692eb2e7a9b27e349c084b6fc0358,a56957124aebce41,,6cdebf7fc18f8bee,B2,16,16,7fe30b1136,1,uav:sea_open,ok,bursty|uav_sea_open|bursty|rep1|seed20240909,0.8139
bursty,,nan,uav_sea_open,807b17cc60bcb0e0f9d8504838bbbffdc7d692eb2e7a9b27e349c084b6fc0358,a56957124aebce41,,da190a901349d3e8,B2,16,16,7fe30b1136,3,uav:sea_open,ok,bursty|uav_sea_open|bursty|rep3|seed20240909,0.7293
bursty,,nan,uav_sea_open,807b17cc60bcb0e0f9d8504838bbbffdc7d692eb2e7a9b27e349c084b6fc0358,a56957124aebce41,,32a319937db82a05,B2,16,16,7fe30b1136,4,uav:sea_open,ok,bursty|uav_sea_open|bursty|rep4|seed20240909,0.7741
harsh,,nan,uav_sea_open,807b17cc60bcb0e0f9d8504838bbbffdc7d692eb2e7a9b27e349c084b6fc0358,a56957124aebce41,,784b151bc4930262,B2,16,16,7fe30b1136,1,uav:sea_open,ok,harsh|uav_sea_open|harsh|rep1|seed20240909,0.7668
harsh,,nan,uav_sea_open,807b17cc60bcb0e0f9d8504838bbbffdc7d692eb2e7a9b27e349c084b6fc0358,a56957124aebce41,,a26a93a4fd1bb2fe,B2,16,16,7fe30b1136,0,uav:sea_open,ok,harsh|uav_sea_open|harsh|rep0|seed20240909,0.8213
harsh,,nan,uav_sea_open,807b17cc60bcb0e0f9d8504838bbbffdc7d692eb2e7a9b27e349c084b6fc0358,a56957124aebce41,,6b67a08ea07592e1,B2,16,16,7fe30b1136,2,uav:sea_open,ok,harsh|uav_sea_open|harsh|rep2|seed20240909,0.8071
harsh,,nan,uav_sea_open,807b17cc60bcb0e0f9d8504838bbbffdc7d692eb2e7a9b27e349c084b6fc0358,a56957124aebce41,,22b2a1beef5c70a9,B2,16,16,7fe30b1136,3,uav:sea_open,ok,harsh|uav_sea_open|harsh|rep3|seed20240909,0.8236
harsh,,nan,uav_sea_open,807b17cc60bcb0e0f9d8504838bbbffdc7d692eb2e7a9b27e349c084b6fc0358,a56957124aebce41,,3da32edab85ce32f,B2,16,16,7fe30b1136,4,uav:sea_open,ok,harsh|uav_sea_open|harsh|rep4|seed20240909,0.7995
bursty,,nan,uav_sea_open,807b17cc60bcb0e0f9d8504838bbbffdc7d692eb2e7a9b27e349c084b6fc0358,a56957124aebce41,,ae4c85078f0557e1,B0d,16,16,7fe30b1136,3,uav:sea_open,ok,bursty|uav_sea_open|bursty|rep3|seed20240909,8.5307
bursty,,nan,uav_sea_open,807b17cc60bcb0e0f9d8504838bbbffdc7d692eb2e7a9b27e349c084b6fc0358,a56957124aebce41,,cb1b41749f473e3b,B0d,16,16,7fe30b1136,1,uav:sea_open,ok,bursty|uav_sea_open|bursty|rep1|seed20240909,8.7955
bursty,,nan,uav_sea_open,807b17cc60bcb0e0f9d8504838bbbffdc7d692eb2e7a9b27e349c084b6fc0358,a56957124aebce41,,99529cceb8377d8b,B0d,16,16,7fe30b1136,4,uav:sea_open,ok,bursty|uav_sea_open|bursty|rep4|seed20240909,8.6841
bursty,,nan,uav_sea_open,807b17cc60bcb0e0f9d8504838bbbffdc7d692eb2e7a9b27e349c084b6fc0358,a56957124aebce41,,063cb68ce1e2974a,B0d,16,16,7fe30b1136,2,uav:sea_open,ok,bursty|uav_sea_open|bursty|rep2|seed20240909,8.9091
clean,,nan,uav_sea_open,807b17cc60bcb0e0f9d8504838bbbffdc7d692eb2e7a9b27e349c084b6fc0358,a56957124aebce41,,b803f895ba0653b2,B3,16,16,7fe30b1136,0,uav:sea_open,ok,clean|uav_sea_open|clean|rep0|seed20240909,3.5149
clean,,nan,uav_sea_open,807b17cc60bcb0e0f9d8504838bbbffdc7d692eb2e7a9b27e349c084b6fc0358,a56957124aebce41,,2ac7c70a576e1334,B3,16,16,7fe30b1136,3,uav:sea_open,ok,clean|uav_sea_open|clean|rep3|seed20240909,3.4894
clean,,nan,uav_sea_open,807b17cc60bcb0e0f9d8504838bbbffdc7d692eb2e7a9b27e349c084b6fc0358,a56957124aebce41,,452f4a1474dd60b5,B3,16,16,7fe30b1136,2,uav:sea_open,ok,clean|uav_sea_open|clean|rep2|seed20240909,3.5122
clean,,nan,uav_sea_open,807b17cc60bcb0e0f9d8504838bbbffdc7d692eb2e7a9b27e349c084b6fc0358,a56957124aebce41,,7f0d7577602db10c,B3,16,16,7fe30b1136,1,uav:sea_open,ok,clean|uav_sea_open|clean|rep1|seed20240909,3.5881
clean,,nan,uav_sea_open,807b17cc60bcb0e0f9d8504838bbbffdc7d692eb2e7a9b27e349c084b6fc0358,a56957124aebce41,,ef7fa83d909354d9,B3,16,16,7fe30b1136,4,uav:sea_open,ok,clean|uav_sea_open|clean|rep4|seed20240909,3.593
mild,,nan,uav_sea_open,807b17cc60bcb0e0f9d8504838bbbffdc7d692eb2e7a9b27e349c084b6fc0358,a56957124aebce41,,cdb48753ef255cb7,B3,16,16,7fe30b1136,0,uav:sea_open,ok,mild|uav_sea_open|mild|rep0|seed20240909,3.688
mild,,nan,uav_sea_open,807b17cc60bcb0e0f9d8504838bbbffdc7d692eb2e7a9b27e349c084b6fc0358,a56957124aebce41,,9ed46d091582e431,B3,16,16,7fe30b1136,1,uav:sea_open,ok,mild|uav_sea_open|mild|rep1|seed20240909,3.6719
mild,,nan,uav_sea_open,807b17cc60bcb0e0f9d8504838bbbffdc7d692eb2e7a9b27e349c084b6fc0358,a56957124aebce41,,ef6278fe96d53959,B3,16,16,7fe30b1136,3,uav:sea_open,ok,mild|uav_sea_open|mild|rep3|seed20240909,3.6864
mild,,nan,uav_sea_open,807b17cc60bcb0e0f9d8504838bbbffdc7d692eb2e7a9b27e349c084b6fc0358,a56957124aebce41,,f20ff8b4b34e176d,B3,16,16,7fe30b1136,4,uav:sea_open,ok,mild|uav_sea_open|mild|rep4|seed20240909,3.7341
mild,,nan,uav_sea_open,807b17cc60bcb0e0f9d8504838bbbffdc7d692eb2e7a9b27e349c084b6fc0358,a56957124aebce41,,12eb02288003635e,B3,16,16,7fe30b1136,2,uav:sea_open,ok,mild|uav_sea_open|mild|rep2|seed20240909,3.8043
moderate,,nan,uav_sea_open,807b17cc60bcb0e0f9d8504838bbbffdc7d692eb2e7a9b27e349c084b6fc0358,a56957124aebce41,,7b25e77ad054a0bc,B3,16,16,7fe30b1136,0,uav:sea_open,ok,moderate|uav_sea_open|moderate|rep0|seed20240909,5.1221
moderate,,nan,uav_sea_open,807b17cc60bcb0e0f9d8504838bbbffdc7d692eb2e7a9b27e349c084b6fc0358,a56957124aebce41,,5ae2d5872e85544a,B3,16,16,7fe30b1136,1,uav:sea_open,ok,moderate|uav_sea_open|moderate|rep1|seed20240909,5.315
moderate,,nan,uav_sea_open,807b17cc60bcb0e0f9d8504838bbbffdc7d692eb2e7a9b27e349c084b6fc0358,a56957124aebce41,,d3109b2b6bd60016,B3,16,16,7fe30b1136,3,uav:sea_open,ok,moderate|uav_sea_open|moderate|rep3|seed20240909,4.6971
harsh,,nan,uav_sea_open,807b17cc60bcb0e0f9d8504838bbbffdc7d692eb2e7a9b27e349c084b6fc0358,a56957124aebce41,,6a848924dafc6648,B3,16,16,7fe30b1136,0,uav:sea_open,ok,harsh|uav_sea_open|harsh|rep0|seed20240909,2.562
moderate,,nan,uav_sea_open,807b17cc60bcb0e0f9d8504838bbbffdc7d692eb2e7a9b27e349c084b6fc0358,a56957124aebce41,,b031369aa78486af,B3,16,16,7fe30b1136,2,uav:sea_open,ok,moderate|uav_sea_open|moderate|rep2|seed20240909,5.1944
harsh,,nan,uav_sea_open,807b17cc60bcb0e0f9d8504838bbbffdc7d692eb2e7a9b27e349c084b6fc0358,a56957124aebce41,,e2d394910194c1e1,B3,16,16,7fe30b1136,2,uav:sea_open,ok,harsh|uav_sea_open|harsh|rep2|seed20240909,2.4488
harsh,,nan,uav_sea_open,807b17cc60bcb0e0f9d8504838bbbffdc7d692eb2e7a9b27e349c084b6fc0358,a56957124aebce41,,497f07a72982d684,B3,16,16,7fe30b1136,1,uav:sea_open,ok,harsh|uav_sea_open|harsh|rep1|seed20240909,2.5305
bursty,,nan,uav_sea_open,807b17cc60bcb0e0f9d8504838bbbffdc7d692eb2e7a9b27e349c084b6fc0358,a56957124aebce41,,5b8c7501270ad847,B3,16,16,7fe30b1136,0,uav:sea_open,ok,bursty|uav_sea_open|bursty|rep0|seed20240909,5.1729
harsh,,nan,uav_sea_open,807b17cc60bcb0e0f9d8504838bbbffdc7d692eb2e7a9b27e349c084b6fc0358,a56957124aebce41,,5cab74e47d269800,B3,16,16,7fe30b1136,4,uav:sea_open,ok,harsh|uav_sea_open|harsh|rep4|seed20240909,2.5445
harsh,,nan,uav_sea_open,807b17cc60bcb0e0f9d8504838bbbffdc7d692eb2e7a9b27e349c084b6fc0358,a56957124aebce41,,5a2b136b245dd280,B3,16,16,7fe30b1136,3,uav:sea_open,ok,harsh|uav_sea_open|harsh|rep3|seed20240909,2.6578
moderate,,nan,uav_sea_open,807b17cc60bcb0e0f9d8504838bbbffdc7d692eb2e7a9b27e349c084b6fc0358,a56957124aebce41,,a93dd8b34c255a1f,B3,16,16,7fe30b1136,4,uav:sea_open,ok,moderate|uav_sea_open|moderate|rep4|seed20240909,5.4277
bursty,,nan,uav_sea_open,807b17cc60bcb0e0f9d8504838bbbffdc7d692eb2e7a9b27e349c084b6fc0358,a56957124aebce41,,a42e8315c080bc3d,B3,16,16,7fe30b1136,3,uav:sea_open,ok,bursty|uav_sea_open|bursty|rep3|seed20240909,5.0169
bursty,,nan,uav_sea_open,807b17cc60bcb0e0f9d8504838bbbffdc7d692eb2e7a9b27e349c084b6fc0358,a56957124aebce41,,a7d0894267687e40,B3,16,16,7fe30b1136,1,uav:sea_open,ok,bursty|uav_sea_open|bursty|rep1|seed20240909,5.1552
bursty,,nan,uav_sea_open,807b17cc60bcb0e0f9d8504838bbbffdc7d692eb2e7a9b27e349c084b6fc0358,a56957124aebce41,,ea14f224aa2d9338,B3,16,16,7fe30b1136,4,uav:sea_open,ok,bursty|uav_sea_open|bursty|rep4|seed20240909,5.5353
bursty,,nan,uav_sea_open,807b17cc60bcb0e0f9d8504838bbbffdc7d692eb2e7a9b27e349c084b6fc0358,a56957124aebce41,,01d848ef6c7fa9d7,B3,16,16,7fe30b1136,2,uav:sea_open,ok,bursty|uav_sea_open|bursty|rep2|seed20240909,5.7877
clean,,nan,uav_sea_open,807b17cc60bcb0e0f9d8504838bbbffdc7d692eb2e7a9b27e349c084b6fc0358,a56957124aebce41,,eed8ddf2cea1c7b0,B4,16,16,7fe30b1136,0,uav:sea_open,ok,clean|uav_sea_open|clean|rep0|seed20240909,5.4592
clean,,nan,uav_sea_open,807b17cc60bcb0e0f9d8504838bbbffdc7d692eb2e7a9b27e349c084b6fc0358,a56957124aebce41,,175db8e3f5df8a75,B4,16,16,7fe30b1136,1,uav:sea_open,ok,clean|uav_sea_open|clean|rep1|seed20240909,5.4797
clean,,nan,uav_sea_open,807b17cc60bcb0e0f9d8504838bbbffdc7d692eb2e7a9b27e349c084b6fc0358,a56957124aebce41,,48ec3221b64c7be7,B4,16,16,7fe30b1136,2,uav:sea_open,ok,clean|uav_sea_open|clean|rep2|seed20240909,5.4989
clean,,nan,uav_sea_open,807b17cc60bcb0e0f9d8504838bbbffdc7d692eb2e7a9b27e349c084b6fc0358,a56957124aebce41,,5a15998a29402569,B4,16,16,7fe30b1136,3,uav:sea_open,ok,clean|uav_sea_open|clean|rep3|seed20240909,5.4957
clean,,nan,uav_sea_open,807b17cc60bcb0e0f9d8504838bbbffdc7d692eb2e7a9b27e349c084b6fc0358,a56957124aebce41,,acefee67abbc2a06,B4,16,16,7fe30b1136,4,uav:sea_open,ok,clean|uav_sea_open|clean|rep4|seed20240909,5.5667
mild,,nan,uav_sea_open,807b17cc60bcb0e0f9d8504838bbbffdc7d692eb2e7a9b27e349c084b6fc0358,a56957124aebce41,,63cf77c948b76699,B4,16,16,7fe30b1136,1,uav:sea_open,ok,mild|uav_sea_open|mild|rep1|seed20240909,5.8489
mild,,nan,uav_sea_open,807b17cc60bcb0e0f9d8504838bbbffdc7d692eb2e7a9b27e349c084b6fc0358,a56957124aebce41,,b8ea9a85d374848c,B4,16,16,7fe30b1136,2,uav:sea_open,ok,mild|uav_sea_open|mild|rep2|seed20240909,5.828
mild,,nan,uav_sea_open,807b17cc60bcb0e0f9d8504838bbbffdc7d692eb2e7a9b27e349c084b6fc0358,a56957124aebce41,,44edc8735ecc8255,B4,16,16,7fe30b1136,0,uav:sea_open,ok,mild|uav_sea_open|mild|rep0|seed20240909,5.9424
mild,,nan,uav_sea_open,807b17cc60bcb0e0f9d8504838bbbffdc7d692eb2e7a9b27e349c084b6fc0358,a56957124aebce41,,a847a983a76a155d,B4,16,16,7fe30b1136,3,uav:sea_open,ok,mild|uav_sea_open|mild|rep3|seed20240909,5.7317
mild,,nan,uav_sea_open,807b17cc60bcb0e0f9d8504838bbbffdc7d692eb2e7a9b27e349c084b6fc0358,a56957124aebce41,,f3e69684706e8a4c,B4,16,16,7fe30b1136,4,uav:sea_open,ok,mild|uav_sea_open|mild|rep4|seed20240909,5.9158
harsh,,nan,uav_sea_open,807b17cc60bcb0e0f9d8504838bbbffdc7d692eb2e7a9b27e349c084b6fc0358,a56957124aebce41,,1db8b5df740c1d1f,B4,16,16,7fe30b1136,0,uav:sea_open,ok,harsh|uav_sea_open|harsh|rep0|seed20240909,3.7682
harsh,,nan,uav_sea_open,807b17cc60bcb0e0f9d8504838bbbffdc7d692eb2e7a9b27e349c084b6fc0358,a56957124aebce41,,a29a87fc7b7e75ec,B4,16,16,7fe30b1136,1,uav:sea_open,ok,harsh|uav_sea_open|harsh|rep1|seed20240909,3.6533
harsh,,nan,uav_sea_open,807b17cc60bcb0e0f9d8504838bbbffdc7d692eb2e7a9b27e349c084b6fc0358,a56957124aebce41,,bdab24a0f3ef1372,B4,16,16,7fe30b1136,3,uav:sea_open,ok,harsh|uav_sea_open|harsh|rep3|seed20240909,3.5853
moderate,,nan,uav_sea_open,807b17cc60bcb0e0f9d8504838bbbffdc7d692eb2e7a9b27e349c084b6fc0358,a56957124aebce41,,9ede9364f37e7a1d,B4,16,16,7fe30b1136,0,uav:sea_open,ok,moderate|uav_sea_open|moderate|rep0|seed20240909,9.2419
harsh,,nan,uav_sea_open,807b17cc60bcb0e0f9d8504838bbbffdc7d692eb2e7a9b27e349c084b6fc0358,a56957124aebce41,,1127df8387d57742,B4,16,16,7fe30b1136,2,uav:sea_open,ok,harsh|uav_sea_open|harsh|rep2|seed20240909,3.8061
harsh,,nan,uav_sea_open,807b17cc60bcb0e0f9d8504838bbbffdc7d692eb2e7a9b27e349c084b6fc0358,a56957124aebce41,,610750206091e232,B4,16,16,7fe30b1136,4,uav:sea_open,ok,harsh|uav_sea_open|harsh|rep4|seed20240909,3.7226
moderate,,nan,uav_sea_open,807b17cc60bcb0e0f9d8504838bbbffdc7d692eb2e7a9b27e349c084b6fc0358,a56957124aebce41,,4fd50902bc9fcdbf,B4,16,16,7fe30b1136,1,uav:sea_open,ok,moderate|uav_sea_open|moderate|rep1|seed20240909,9.7659
moderate,,nan,uav_sea_open,807b17cc60bcb0e0f9d8504838bbbffdc7d692eb2e7a9b27e349c084b6fc0358,a56957124aebce41,,24cfd47675aba531,B4,16,16,7fe30b1136,3,uav:sea_open,ok,moderate|uav_sea_open|moderate|rep3|seed20240909,8.9798
moderate,,nan,uav_sea_open,807b17cc60bcb0e0f9d8504838bbbffdc7d692eb2e7a9b27e349c084b6fc0358,a56957124aebce41,,26ee79e559792472,B4,16,16,7fe30b1136,2,uav:sea_open,ok,moderate|uav_sea_open|moderate|rep2|seed20240909,9.4013
moderate,,nan,uav_sea_open,807b17cc60bcb0e0f9d8504838bbbffdc7d692eb2e7a9b27e349c084b6fc0358,a56957124aebce41,,38b17f810a36fb0b,B4,16,16,7fe30b1136,4,uav:sea_open,ok,moderate|uav_sea_open|moderate|rep4|seed20240909,9.4095
bursty,,nan,uav_sea_open,807b17cc60bcb0e0f9d8504838bbbffdc7d692eb2e7a9b27e349c084b6fc0358,a56957124aebce41,,9ccb1c8b5250c827,B4,16,16,7fe30b1136,0,uav:sea_open,ok,bursty|uav_sea_open|bursty|rep0|seed20240909,9.4951
bursty,,nan,uav_sea_open,807b17cc60bcb0e0f9d8504838bbbffdc7d692eb2e7a9b27e349c084b6fc0358,a56957124aebce41,,215dc66b06284d76,B4,16,16,7fe30b1136,1,uav:sea_open,ok,bursty|uav_sea_open|bursty|rep1|seed20240909,9.4685
bursty,,nan,uav_sea_open,807b17cc60bcb0e0f9d8504838bbbffdc7d692eb2e7a9b27e349c084b6fc0358,a56957124aebce41,,538054d2b1218f71,B4,16,16,7fe30b1136,3,uav:sea_open,ok,bursty|uav_sea_open|bursty|rep3|seed20240909,9.0591
bursty,,nan,uav_sea_open,807b17cc60bcb0e0f9d8504838bbbffdc7d692eb2e7a9b27e349c084b6fc0358,a56957124aebce41,,8c4ce0882a5dcebc,B4,16,16,7fe30b1136,4,uav:sea_open,ok,bursty|uav_sea_open|bursty|rep4|seed20240909,9.369
bursty,,nan,uav_sea_open,807b17cc60bcb0e0f9d8504838bbbffdc7d692eb2e7a9b27e349c084b6fc0358,a56957124aebce41,,81ee01618f7152a8,B4,16,16,7fe30b1136,2,uav:sea_open,ok,bursty|uav_sea_open|bursty|rep2|seed20240909,9.9834
clean,,nan,uav_sea_open,807b17cc60bcb0e0f9d8504838bbbffdc7d692eb2e7a9b27e349c084b6fc0358,a56957124aebce41,,b2aa09fcfa27058d,P,16,16,f6706417e8,0,uav:sea_open,ok,clean|uav_sea_open|clean|rep0|seed20240909,9.3044
clean,,nan,uav_sea_open,807b17cc60bcb0e0f9d8504838bbbffdc7d692eb2e7a9b27e349c084b6fc0358,a56957124aebce41,,f77ee67974a6930b,P,16,16,f6706417e8,1,uav:sea_open,ok,clean|uav_sea_open|clean|rep1|seed20240909,9.2901
clean,,nan,uav_sea_open,807b17cc60bcb0e0f9d8504838bbbffdc7d692eb2e7a9b27e349c084b6fc0358,a56957124aebce41,,a9932eac825efb83,P,16,16,f6706417e8,2,uav:sea_open,ok,clean|uav_sea_open|clean|rep2|seed20240909,9.1804
clean,,nan,uav_sea_open,807b17cc60bcb0e0f9d8504838bbbffdc7d692eb2e7a9b27e349c084b6fc0358,a56957124aebce41,,d5b3a4d4f584c98f,P,16,16,f6706417e8,3,uav:sea_open,ok,clean|uav_sea_open|clean|rep3|seed20240909,9.3298
clean,,nan,uav_sea_open,807b17cc60bcb0e0f9d8504838bbbffdc7d692eb2e7a9b27e349c084b6fc0358,a56957124aebce41,,e5b2bd7fc5b4bdb6,P,16,16,f6706417e8,4,uav:sea_open,ok,clean|uav_sea_open|clean|rep4|seed20240909,9.2426
mild,,nan,uav_sea_open,807b17cc60bcb0e0f9d8504838bbbffdc7d692eb2e7a9b27e349c084b6fc0358,a56957124aebce41,,8dd4d495ac2003ab,P,16,16,f6706417e8,1,uav:sea_open,ok,mild|uav_sea_open|mild|rep1|seed20240909,9.5621
mild,,nan,uav_sea_open,807b17cc60bcb0e0f9d8504838bbbffdc7d692eb2e7a9b27e349c084b6fc0358,a56957124aebce41,,6adc5eb7ec0f07ba,P,16,16,f6706417e8,0,uav:sea_open,ok,mild|uav_sea_open|mild|rep0|seed20240909,9.7429
mild,,nan,uav_sea_open,807b17cc60bcb0e0f9d8504838bbbffdc7d692eb2e7a9b27e349c084b6fc0358,a56957124aebce41,,407eeb7b7d7e1737,P,16,16,f6706417e8,2,uav:sea_open,ok,mild|uav_sea_open|mild|rep2|seed20240909,9.7031
mild,,nan,uav_sea_open,807b17cc60bcb0e0f9d8504838bbbffdc7d692eb2e7a9b27e349c084b6fc0358,a56957124aebce41,,bcb1bb85c4246a32,P,16,16,f6706417e8,3,uav:sea_open,ok,mild|uav_sea_open|mild|rep3|seed20240909,9.6189
mild,,nan,uav_sea_open,807b17cc60bcb0e0f9d8504838bbbffdc7d692eb2e7a9b27e349c084b6fc0358,a56957124aebce41,,42677bc3bc227f3f,P,16,16,f6706417e8,4,uav:sea_open,ok,mild|uav_sea_open|mild|rep4|seed20240909,9.729
clean,,nan,uav_sky_horizon,91b97bf45cc25e51a9ac44c549aae3d44870d3b816780240504e4832e28c17c3,a56957124aebce41,,4bcd002865ccc716,B0a,16,16,7fe30b1136,0,uav:sky_horizon,ok,clean|uav_sky_horizon|clean|rep0|seed20240909,0.5516
clean,,nan,uav_sky_horizon,91b97bf45cc25e51a9ac44c549aae3d44870d3b816780240504e4832e28c17c3,a56957124aebce41,,9cad8f6e3a4811c9,B0a,16,16,7fe30b1136,1,uav:sky_horizon,ok,clean|uav_sky_horizon|clean|rep1|seed20240909,0.5318
clean,,nan,uav_sky_horizon,91b97bf45cc25e51a9ac44c549aae3d44870d3b816780240504e4832e28c17c3,a56957124aebce41,,673e4657b28aa0f0,B0a,16,16,7fe30b1136,2,uav:sky_horizon,ok,clean|uav_sky_horizon|clean|rep2|seed20240909,0.5322
clean,,nan,uav_sky_horizon,91b97bf45cc25e51a9ac44c549aae3d44870d3b816780240504e4832e28c17c3,a56957124aebce41,,88aa58c12d0f647e,B0a,16,16,7fe30b1136,3,uav:sky_horizon,ok,clean|uav_sky_horizon|clean|rep3|seed20240909,0.5597
clean,,nan,uav_sky_horizon,91b97bf45cc25e51a9ac44c549aae3d44870d3b816780240504e4832e28c17c3,a56957124aebce41,,93d6cdc6fdb3b428,B0a,16,16,7fe30b1136,4,uav:sky_horizon,ok,clean|uav_sky_horizon|clean|rep4|seed20240909,0.5309
mild,,nan,uav_sky_horizon,91b97bf45cc25e51a9ac44c549aae3d44870d3b816780240504e4832e28c17c3,a56957124aebce41,,3cf9b1002e870ea5,B0a,16,16,7fe30b1136,0,uav:sky_horizon,ok,mild|uav_sky_horizon|mild|rep0|seed20240909,0.7134
harsh,,nan,uav_sea_open,807b17cc60bcb0e0f9d8504838bbbffdc7d692eb2e7a9b27e349c084b6fc0358,a56957124aebce41,,b372377d4a8b206c,P,16,16,f6706417e8,0,uav:sea_open,ok,harsh|uav_sea_open|harsh|rep0|seed20240909,5.7624
harsh,,nan,uav_sea_open,807b17cc60bcb0e0f9d8504838bbbffdc7d692eb2e7a9b27e349c084b6fc0358,a56957124aebce41,,cd0abccf7dcee322,P,16,16,f6706417e8,1,uav:sea_open,ok,harsh|uav_sea_open|harsh|rep1|seed20240909,5.6004
harsh,,nan,uav_sea_open,807b17cc60bcb0e0f9d8504838bbbffdc7d692eb2e7a9b27e349c084b6fc0358,a56957124aebce41,,b73877bbd5637190,P,16,16,f6706417e8,2,uav:sea_open,ok,harsh|uav_sea_open|harsh|rep2|seed20240909,5.6766
mild,,nan,uav_sky_horizon,91b97bf45cc25e51a9ac44c549aae3d44870d3b816780240504e4832e28c17c3,a56957124aebce41,,632bdce4879aa49a,B0a,16,16,7fe30b1136,1,uav:sky_horizon,ok,mild|uav_sky_horizon|mild|rep1|seed20240909,0.7152
mild,,nan,uav_sky_horizon,91b97bf45cc25e51a9ac44c549aae3d44870d3b816780240504e4832e28c17c3,a56957124aebce41,,e51f9ec3447232fe,B0a,16,16,7fe30b1136,2,uav:sky_horizon,ok,mild|uav_sky_horizon|mild|rep2|seed20240909,0.7635
harsh,,nan,uav_sea_open,807b17cc60bcb0e0f9d8504838bbbffdc7d692eb2e7a9b27e349c084b6fc0358,a56957124aebce41,,350be373a26fbb50,P,16,16,f6706417e8,3,uav:sea_open,ok,harsh|uav_sea_open|harsh|rep3|seed20240909,5.6115
mild,,nan,uav_sky_horizon,91b97bf45cc25e51a9ac44c549aae3d44870d3b816780240504e4832e28c17c3,a56957124aebce41,,2e2727103584a1ff,B0a,16,16,7fe30b1136,3,uav:sky_horizon,ok,mild|uav_sky_horizon|mild|rep3|seed20240909,0.6779
mild,,nan,uav_sky_horizon,91b97bf45cc25e51a9ac44c549aae3d44870d3b816780240504e4832e28c17c3,a56957124aebce41,,4e220daabcce062f,B0a,16,16,7fe30b1136,4,uav:sky_horizon,ok,mild|uav_sky_horizon|mild|rep4|seed20240909,0.6721
moderate,,nan,uav_sky_horizon,91b97bf45cc25e51a9ac44c549aae3d44870d3b816780240504e4832e28c17c3,a56957124aebce41,,5ac42c8c7da8d14f,B0a,16,16,7fe30b1136,0,uav:sky_horizon,ok,moderate|uav_sky_horizon|moderate|rep0|seed20240909,0.6828
moderate,,nan,uav_sky_horizon,91b97bf45cc25e51a9ac44c549aae3d44870d3b816780240504e4832e28c17c3,a56957124aebce41,,99a1883b42b7ced0,B0a,16,16,7fe30b1136,1,uav:sky_horizon,ok,moderate|uav_sky_horizon|moderate|rep1|seed20240909,0.6892
moderate,,nan,uav_sky_horizon,91b97bf45cc25e51a9ac44c549aae3d44870d3b816780240504e4832e28c17c3,a56957124aebce41,,6eed904b1d7247e5,B0a,16,16,7fe30b1136,2,uav:sky_horizon,ok,moderate|uav_sky_horizon|moderate|rep2|seed20240909,0.6817
moderate,,nan,uav_sky_horizon,91b97bf45cc25e51a9ac44c549aae3d44870d3b816780240504e4832e28c17c3,a56957124aebce41,,0fdff24e9faa820a,B0a,16,16,7fe30b1136,3,uav:sky_horizon,ok,moderate|uav_sky_horizon|moderate|rep3|seed20240909,0.6847
harsh,,nan,uav_sea_open,807b17cc60bcb0e0f9d8504838bbbffdc7d692eb2e7a9b27e349c084b6fc0358,a56957124aebce41,,2f7b5f19e70196fd,P,16,16,f6706417e8,4,uav:sea_open,ok,harsh|uav_sea_open|harsh|rep4|seed20240909,5.7224
moderate,,nan,uav_sky_horizon,91b97bf45cc25e51a9ac44c549aae3d44870d3b816780240504e4832e28c17c3,a56957124aebce41,,fe65b9a9c67ff3ea,B0a,16,16,7fe30b1136,4,uav:sky_horizon,ok,moderate|uav_sky_horizon|moderate|rep4|seed20240909,0.7078
bursty,,nan,uav_sky_horizon,91b97bf45cc25e51a9ac44c549aae3d44870d3b816780240504e4832e28c17c3,a56957124aebce41,,f5601c99c3b7447d,B0a,16,16,7fe30b1136,0,uav:sky_horizon,ok,bursty|uav_sky_horizon|bursty|rep0|seed20240909,0.6951
bursty,,nan,uav_sky_horizon,91b97bf45cc25e51a9ac44c549aae3d44870d3b816780240504e4832e28c17c3,a56957124aebce41,,84f5b9fb18dcafad,B0a,16,16,7fe30b1136,1,uav:sky_horizon,ok,bursty|uav_sky_horizon|bursty|rep1|seed20240909,0.6934
bursty,,nan,uav_sky_horizon,91b97bf45cc25e51a9ac44c549aae3d44870d3b816780240504e4832e28c17c3,a56957124aebce41,,805acdac1035f0d5,B0a,16,16,7fe30b1136,3,uav:sky_horizon,ok,bursty|uav_sky_horizon|bursty|rep3|seed20240909,0.5958
bursty,,nan,uav_sky_horizon,91b97bf45cc25e51a9ac44c549aae3d44870d3b816780240504e4832e28c17c3,a56957124aebce41,,15f53adcb382d52b,B0a,16,16,7fe30b1136,2,uav:sky_horizon,ok,bursty|uav_sky_horizon|bursty|rep2|seed20240909,0.7203
bursty,,nan,uav_sky_horizon,91b97bf45cc25e51a9ac44c549aae3d44870d3b816780240504e4832e28c17c3,a56957124aebce41,,0a2bc61d6a9b7a46,B0a,16,16,7fe30b1136,4,uav:sky_horizon,ok,bursty|uav_sky_horizon|bursty|rep4|seed20240909,0.5973
harsh,,nan,uav_sky_horizon,91b97bf45cc25e51a9ac44c549aae3d44870d3b816780240504e4832e28c17c3,a56957124aebce41,,f6da6de307771a8d,B0a,16,16,7fe30b1136,0,uav:sky_horizon,ok,harsh|uav_sky_horizon|harsh|rep0|seed20240909,0.7222
harsh,,nan,uav_sky_horizon,91b97bf45cc25e51a9ac44c549aae3d44870d3b816780240504e4832e28c17c3,a56957124aebce41,,3110fedc33e5ccfe,B0a,16,16,7fe30b1136,1,uav:sky_horizon,ok,harsh|uav_sky_horizon|harsh|rep1|seed20240909,0.6894
harsh,,nan,uav_sky_horizon,91b97bf45cc25e51a9ac44c549aae3d44870d3b816780240504e4832e28c17c3,a56957124aebce41,,5a0e411ab070e7bf,B0a,16,16,7fe30b1136,2,uav:sky_horizon,ok,harsh|uav_sky_horizon|harsh|rep2|seed20240909,0.7474
harsh,,nan,uav_sky_horizon,91b97bf45cc25e51a9ac44c549aae3d44870d3b816780240504e4832e28c17c3,a56957124aebce41,,9ed93b6cde006072,B0a,16,16,7fe30b1136,3,uav:sky_horizon,ok,harsh|uav_sky_horizon|harsh|rep3|seed20240909,0.7368
harsh,,nan,uav_sky_horizon,91b97bf45cc25e51a9ac44c549aae3d44870d3b816780240504e4832e28c17c3,a56957124aebce41,,f216a4ba530dee9c,B0a,16,16,7fe30b1136,4,uav:sky_horizon,ok,harsh|uav_sky_horizon|harsh|rep4|seed20240909,0.7023
clean,,nan,uav_sky_horizon,91b97bf45cc25e51a9ac44c549aae3d44870d3b816780240504e4832e28c17c3,a56957124aebce41,,5a765066dfa29c19,B0a-R,16,16,7fe30b1136,0,uav:sky_horizon,ok,clean|uav_sky_horizon|clean|rep0|seed20240909,1.2508
moderate,,nan,uav_sea_open,807b17cc60bcb0e0f9d8504838bbbffdc7d692eb2e7a9b27e349c084b6fc0358,a56957124aebce41,,1f8c2e0d7654853a,P,16,16,f6706417e8,1,uav:sea_open,ok,moderate|uav_sea_open|moderate|rep1|seed20240909,16.169
clean,,nan,uav_sky_horizon,91b97bf45cc25e51a9ac44c549aae3d44870d3b816780240504e4832e28c17c3,a56957124aebce41,,142c59f24cf65835,B0a-R,16,16,7fe30b1136,1,uav:sky_horizon,ok,clean|uav_sky_horizon|clean|rep1|seed20240909,1.2998
moderate,,nan,uav_sea_open,807b17cc60bcb0e0f9d8504838bbbffdc7d692eb2e7a9b27e349c084b6fc0358,a56957124aebce41,,bfaf7c79640457fa,P,16,16,f6706417e8,0,uav:sea_open,ok,moderate|uav_sea_open|moderate|rep0|seed20240909,16.6167
clean,,nan,uav_sky_horizon,91b97bf45cc25e51a9ac44c549aae3d44870d3b816780240504e4832e28c17c3,a56957124aebce41,,06829ec19a6ae9d5,B0a-R,16,16,7fe30b1136,2,uav:sky_horizon,ok,clean|uav_sky_horizon|clean|rep2|seed20240909,1.3081
clean,,nan,uav_sky_horizon,91b97bf45cc25e51a9ac44c549aae3d44870d3b816780240504e4832e28c17c3,a56957124aebce41,,32d2573fa0ca4708,B0a-R,16,16,7fe30b1136,3,uav:sky_horizon,ok,clean|uav_sky_horizon|clean|rep3|seed20240909,1.2848
clean,,nan,uav_sky_horizon,91b97bf45cc25e51a9ac44c549aae3d44870d3b816780240504e4832e28c17c3,a56957124aebce41,,8a60870f8e424540,B0a-R,16,16,7fe30b1136,4,uav:sky_horizon,ok,clean|uav_sky_horizon|clean|rep4|seed20240909,1.299
moderate,,nan,uav_sea_open,807b17cc60bcb0e0f9d8504838bbbffdc7d692eb2e7a9b27e349c084b6fc0358,a56957124aebce41,,fd712918ac61e6af,P,16,16,f6706417e8,2,uav:sea_open,ok,moderate|uav_sea_open|moderate|rep2|seed20240909,16.2556
mild,,nan,uav_sky_horizon,91b97bf45cc25e51a9ac44c549aae3d44870d3b816780240504e4832e28c17c3,a56957124aebce41,,690872d34296df35,B0a-R,16,16,7fe30b1136,0,uav:sky_horizon,ok,mild|uav_sky_horizon|mild|rep0|seed20240909,1.84
mild,,nan,uav_sky_horizon,91b97bf45cc25e51a9ac44c549aae3d44870d3b816780240504e4832e28c17c3,a56957124aebce41,,a2cd27c64eb94180,B0a-R,16,16,7fe30b1136,1,uav:sky_horizon,ok,mild|uav_sky_horizon|mild|rep1|seed20240909,1.6148
moderate,,nan,uav_sea_open,807b17cc60bcb0e0f9d8504838bbbffdc7d692eb2e7a9b27e349c084b6fc0358,a56957124aebce41,,a35bb671254873d1,P,16,16,f6706417e8,3,uav:sea_open,ok,moderate|uav_sea_open|moderate|rep3|seed20240909,15.9211
mild,,nan,uav_sky_horizon,91b97bf45cc25e51a9ac44c549aae3d44870d3b816780240504e4832e28c17c3,a56957124aebce41,,d5234854d2d2f2b5,B0a-R,16,16,7fe30b1136,2,uav:sky_horizon,ok,mild|uav_sky_horizon|mild|rep2|seed20240909,1.5984
moderate,,nan,uav_sea_open,807b17cc60bcb0e0f9d8504838bbbffdc7d692eb2e7a9b27e349c084b6fc0358,a56957124aebce41,,d44e71833694adec,P,16,16,f6706417e8,4,uav:sea_open,ok,moderate|uav_sea_open|moderate|rep4|seed20240909,15.9007
mild,,nan,uav_sky_horizon,91b97bf45cc25e51a9ac44c549aae3d44870d3b816780240504e4832e28c17c3,a56957124aebce41,,9e80c8afa03621d5,B0a-R,16,16,7fe30b1136,4,uav:sky_horizon,ok,mild|uav_sky_horizon|mild|rep4|seed20240909,1.8065
mild,,nan,uav_sky_horizon,91b97bf45cc25e51a9ac44c549aae3d44870d3b816780240504e4832e28c17c3,a56957124aebce41,,d17c1d5acc94ff18,B0a-R,16,16,7fe30b1136,3,uav:sky_horizon,ok,mild|uav_sky_horizon|mild|rep3|seed20240909,1.8637
moderate,,nan,uav_sky_horizon,91b97bf45cc25e51a9ac44c549aae3d44870d3b816780240504e4832e28c17c3,a56957124aebce41,,1b4680411eeba98c,B0a-R,16,16,7fe30b1136,0,uav:sky_horizon,ok,moderate|uav_sky_horizon|moderate|rep0|seed20240909,1.9801
bursty,,nan,uav_sea_open,807b17cc60bcb0e0f9d8504838bbbffdc7d692eb2e7a9b27e349c084b6fc0358,a56957124aebce41,,728c4f5abd2637d7,P,16,16,f6706417e8,0,uav:sea_open,ok,bursty|uav_sea_open|bursty|rep0|seed20240909,15.9299
moderate,,nan,uav_sky_horizon,91b97bf45cc25e51a9ac44c549aae3d44870d3b816780240504e4832e28c17c3,a56957124aebce41,,1b56ca9ae50f004e,B0a-R,16,16,7fe30b1136,1,uav:sky_horizon,ok,moderate|uav_sky_horizon|moderate|rep1|seed20240909,2.0755
moderate,,nan,uav_sky_horizon,91b97bf45cc25e51a9ac44c549aae3d44870d3b816780240504e4832e28c17c3,a56957124aebce41,,6d617c14926648c5,B0a-R,16,16,7fe30b1136,2,uav:sky_horizon,ok,moderate|uav_sky_horizon|moderate|rep2|seed20240909,2.0607
moderate,,nan,uav_sky_horizon,91b97bf45cc25e51a9ac44c549aae3d44870d3b816780240504e4832e28c17c3,a56957124aebce41,,021cd510689f0242,B0a-R,16,16,7fe30b1136,3,uav:sky_horizon,ok,moderate|uav_sky_horizon|moderate|rep3|seed20240909,2.0756
bursty,,nan,uav_sky_horizon,91b97bf45cc25e51a9ac44c549aae3d44870d3b816780240504e4832e28c17c3,a56957124aebce41,,8aa84a859976ed66,B0a-R,16,16,7fe30b1136,0,uav:sky_horizon,ok,bursty|uav_sky_horizon|bursty|rep0|seed20240909,1.5942
moderate,,nan,uav_sky_horizon,91b97bf45cc25e51a9ac44c549aae3d44870d3b816780240504e4832e28c17c3,a56957124aebce41,,7c8713b6f5c971b7,B0a-R,16,16,7fe30b1136,4,uav:sky_horizon,ok,moderate|uav_sky_horizon|moderate|rep4|seed20240909,2.0853
bursty,,nan,uav_sky_horizon,91b97bf45cc25e51a9ac44c549aae3d44870d3b816780240504e4832e28c17c3,a56957124aebce41,,01ffb71f5ea3e78d,B0a-R,16,16,7fe30b1136,1,uav:sky_horizon,ok,bursty|uav_sky_horizon|bursty|rep1|seed20240909,1.6865
bursty,,nan,uav_sky_horizon,91b97bf45cc25e51a9ac44c549aae3d44870d3b816780240504e4832e28c17c3,a56957124aebce41,,2de71dc68d90a684,B0a-R,16,16,7fe30b1136,2,uav:sky_horizon,ok,bursty|uav_sky_horizon|bursty|rep2|seed20240909,1.7246
bursty,,nan,uav_sea_open,807b17cc60bcb0e0f9d8504838bbbffdc7d692eb2e7a9b27e349c084b6fc0358,a56957124aebce41,,760b215053c3014e,P,16,16,f6706417e8,1,uav:sea_open,ok,bursty|uav_sea_open|bursty|rep1|seed20240909,16.4188
bursty,,nan,uav_sky_horizon,91b97bf45cc25e51a9ac44c549aae3d44870d3b816780240504e4832e28c17c3,a56957124aebce41,,69ce8f73c99950be,B0a-R,16,16,7fe30b1136,3,uav:sky_horizon,ok,bursty|uav_sky_horizon|bursty|rep3|seed20240909,1.9209
bursty,,nan,uav_sky_horizon,91b97bf45cc25e51a9ac44c549aae3d44870d3b816780240504e4832e28c17c3,a56957124aebce41,,6ae7015c31d8bafb,B0a-R,16,16,7fe30b1136,4,uav:sky_horizon,ok,bursty|uav_sky_horizon|bursty|rep4|seed20240909,1.9792
harsh,,nan,uav_sky_horizon,91b97bf45cc25e51a9ac44c549aae3d44870d3b816780240504e4832e28c17c3,a56957124aebce41,,0a815352fcab9517,B0a-R,16,16,7fe30b1136,0,uav:sky_horizon,ok,harsh|uav_sky_horizon|harsh|rep0|seed20240909,2.0898
harsh,,nan,uav_sky_horizon,91b97bf45cc25e51a9ac44c549aae3d44870d3b816780240504e4832e28c17c3,a56957124aebce41,,4f2d0d4d4751788c,B0a-R,16,16,7fe30b1136,1,uav:sky_horizon,ok,harsh|uav_sky_horizon|harsh|rep1|seed20240909,2.0295
harsh,,nan,uav_sky_horizon,91b97bf45cc25e51a9ac44c549aae3d44870d3b816780240504e4832e28c17c3,a56957124aebce41,,e2db287a18066df1,B0a-R,16,16,7fe30b1136,2,uav:sky_horizon,ok,harsh|uav_sky_horizon|harsh|rep2|seed20240909,2.0797
harsh,,nan,uav_sky_horizon,91b97bf45cc25e51a9ac44c549aae3d44870d3b816780240504e4832e28c17c3,a56957124aebce41,,8891a6f8d4cbb465,B0a-R,16,16,7fe30b1136,3,uav:sky_horizon,ok,harsh|uav_sky_horizon|harsh|rep3|seed20240909,1.9995
harsh,,nan,uav_sky_horizon,91b97bf45cc25e51a9ac44c549aae3d44870d3b816780240504e4832e28c17c3,a56957124aebce41,,f571ee83c9989127,B0a-R,16,16,7fe30b1136,4,uav:sky_horizon,ok,harsh|uav_sky_horizon|harsh|rep4|seed20240909,2.085
bursty,,nan,uav_sea_open,807b17cc60bcb0e0f9d8504838bbbffdc7d692eb2e7a9b27e349c084b6fc0358,a56957124aebce41,,f56616dae1a0ee12,P,16,16,f6706417e8,3,uav:sea_open,ok,bursty|uav_sea_open|bursty|rep3|seed20240909,15.2423
bursty,,nan,uav_sea_open,807b17cc60bcb0e0f9d8504838bbbffdc7d692eb2e7a9b27e349c084b6fc0358,a56957124aebce41,,5567110790cf913c,P,16,16,f6706417e8,4,uav:sea_open,ok,bursty|uav_sea_open|bursty|rep4|seed20240909,15.854
bursty,,nan,uav_sea_open,807b17cc60bcb0e0f9d8504838bbbffdc7d692eb2e7a9b27e349c084b6fc0358,a56957124aebce41,,c3f45da7dfd9c17e,P,16,16,f6706417e8,2,uav:sea_open,ok,bursty|uav_sea_open|bursty|rep2|seed20240909,16.5644
clean,,nan,uav_sky_horizon,91b97bf45cc25e51a9ac44c549aae3d44870d3b816780240504e4832e28c17c3,a56957124aebce41,,065249a4fe24069c,B0d,16,16,7fe30b1136,0,uav:sky_horizon,ok,clean|uav_sky_horizon|clean|rep0|seed20240909,3.8822
clean,,nan,uav_sky_horizon,91b97bf45cc25e51a9ac44c549aae3d44870d3b816780240504e4832e28c17c3,a56957124aebce41,,3e17655669a3a44d,B0d,16,16,7fe30b1136,1,uav:sky_horizon,ok,clean|uav_sky_horizon|clean|rep1|seed20240909,3.8292
clean,,nan,uav_sky_horizon,91b97bf45cc25e51a9ac44c549aae3d44870d3b816780240504e4832e28c17c3,a56957124aebce41,,1f9473e774dab78c,B0d,16,16,7fe30b1136,3,uav:sky_horizon,ok,clean|uav_sky_horizon|clean|rep3|seed20240909,3.8499
clean,,nan,uav_sky_horizon,91b97bf45cc25e51a9ac44c549aae3d44870d3b816780240504e4832e28c17c3,a56957124aebce41,,90d1dd6fcadfb93b,B0d,16,16,7fe30b1136,2,uav:sky_horizon,ok,clean|uav_sky_horizon|clean|rep2|seed20240909,3.9692
clean,,nan,uav_sky_horizon,91b97bf45cc25e51a9ac44c549aae3d44870d3b816780240504e4832e28c17c3,a56957124aebce41,,da41f2822a8ee979,B0d,16,16,7fe30b1136,4,uav:sky_horizon,ok,clean|uav_sky_horizon|clean|rep4|seed20240909,3.8533
mild,,nan,uav_sky_horizon,91b97bf45cc25e51a9ac44c549aae3d44870d3b816780240504e4832e28c17c3,a56957124aebce41,,faed30ad5fd418fa,B0d,16,16,7fe30b1136,0,uav:sky_horizon,ok,mild|uav_sky_horizon|mild|rep0|seed20240909,4.2774
mild,,nan,uav_sky_horizon,91b97bf45cc25e51a9ac44c549aae3d44870d3b816780240504e4832e28c17c3,a56957124aebce41,,355423437e64581c,B0d,16,16,7fe30b1136,1,uav:sky_horizon,ok,mild|uav_sky_horizon|mild|rep1|seed20240909,4.1908
mild,,nan,uav_sky_horizon,91b97bf45cc25e51a9ac44c549aae3d44870d3b816780240504e4832e28c17c3,a56957124aebce41,,e4162062bf49b466,B0d,16,16,7fe30b1136,2,uav:sky_horizon,ok,mild|uav_sky_horizon|mild|rep2|seed20240909,4.1564
mild,,nan,uav_sky_horizon,91b97bf45cc25e51a9ac44c549aae3d44870d3b816780240504e4832e28c17c3,a56957124aebce41,,6fefe1c40b190480,B0d,16,16,7fe30b1136,3,uav:sky_horizon,ok,mild|uav_sky_horizon|mild|rep3|seed20240909,4.134
mild,,nan,uav_sky_horizon,91b97bf45cc25e51a9ac44c549aae3d44870d3b816780240504e4832e28c17c3,a56957124aebce41,,a0375fcc350e5682,B0d,16,16,7fe30b1136,4,uav:sky_horizon,ok,mild|uav_sky_horizon|mild|rep4|seed20240909,4.3336
clean,,nan,uav_sky_horizon,91b97bf45cc25e51a9ac44c549aae3d44870d3b816780240504e4832e28c17c3,a56957124aebce41,,7723da11a494214b,B1,16,16,7fe30b1136,0,uav:sky_horizon,ok,clean|uav_sky_horizon|clean|rep0|seed20240909,0.4096
clean,,nan,uav_sky_horizon,91b97bf45cc25e51a9ac44c549aae3d44870d3b816780240504e4832e28c17c3,a56957124aebce41,,421323b5b872fcd6,B1,16,16,7fe30b1136,1,uav:sky_horizon,ok,clean|uav_sky_horizon|clean|rep1|seed20240909,0.5041
clean,,nan,uav_sky_horizon,91b97bf45cc25e51a9ac44c549aae3d44870d3b816780240504e4832e28c17c3,a56957124aebce41,,141a1b9e47e25667,B1,16,16,7fe30b1136,2,uav:sky_horizon,ok,clean|uav_sky_horizon|clean|rep2|seed20240909,0.4905
harsh,,nan,uav_sky_horizon,91b97bf45cc25e51a9ac44c549aae3d44870d3b816780240504e4832e28c17c3,a56957124aebce41,,0a8c87c6b060becd,B0d,16,16,7fe30b1136,0,uav:sky_horizon,ok,harsh|uav_sky_horizon|harsh|rep0|seed20240909,2.8987
clean,,nan,uav_sky_horizon,91b97bf45cc25e51a9ac44c549aae3d44870d3b816780240504e4832e28c17c3,a56957124aebce41,,59b2c4412151721e,B1,16,16,7fe30b1136,3,uav:sky_horizon,ok,clean|uav_sky_horizon|clean|rep3|seed20240909,0.5106
clean,,nan,uav_sky_horizon,91b97bf45cc25e51a9ac44c549aae3d44870d3b816780240504e4832e28c17c3,a56957124aebce41,,e62a70196d326518,B1,16,16,7fe30b1136,4,uav:sky_horizon,ok,clean|uav_sky_horizon|clean|rep4|seed20240909,0.4342
harsh,,nan,uav_sky_horizon,91b97bf45cc25e51a9ac44c549aae3d44870d3b816780240504e4832e28c17c3,a56957124aebce41,,178fb44f7b3b4b30,B0d,16,16,7fe30b1136,1,uav:sky_horizon,ok,harsh|uav_sky_horizon|harsh|rep1|seed20240909,2.9129
moderate,,nan,uav_sky_horizon,91b97bf45cc25e51a9ac44c549aae3d44870d3b816780240504e4832e28c17c3,a56957124aebce41,,6b93d49b51968531,B0d,16,16,7fe30b1136,1,uav:sky_horizon,ok,moderate|uav_sky_horizon|moderate|rep1|seed20240909,6.4794
harsh,,nan,uav_sky_horizon,91b97bf45cc25e51a9ac44c549aae3d44870d3b816780240504e4832e28c17c3,a56957124aebce41,,4c083b63b2b51a43,B0d,16,16,7fe30b1136,2,uav:sky_horizon,ok,harsh|uav_sky_horizon|harsh|rep2|seed20240909,2.9575
harsh,,nan,uav_sky_horizon,91b97bf45cc25e51a9ac44c549aae3d44870d3b816780240504e4832e28c17c3,a56957124aebce41,,31a359355aabe10e,B0d,16,16,7fe30b1136,4,uav:sky_horizon,ok,harsh|uav_sky_horizon|harsh|rep4|seed20240909,2.8167
mild,,nan,uav_sky_horizon,91b97bf45cc25e51a9ac44c549aae3d44870d3b816780240504e4832e28c17c3,a56957124aebce41,,1c9570118bef141d,B1,16,16,7fe30b1136,1,uav:sky_horizon,ok,mild|uav_sky_horizon|mild|rep1|seed20240909,0.5678
harsh,,nan,uav_sky_horizon,91b97bf45cc25e51a9ac44c549aae3d44870d3b816780240504e4832e28c17c3,a56957124aebce41,,71d90a6e8519c013,B0d,16,16,7fe30b1136,3,uav:sky_horizon,ok,harsh|uav_sky_horizon|harsh|rep3|seed20240909,2.9887
mild,,nan,uav_sky_horizon,91b97bf45cc25e51a9ac44c549aae3d44870d3b816780240504e4832e28c17c3,a56957124aebce41,,1e700a2bf76f90fb,B1,16,16,7fe30b1136,0,uav:sky_horizon,ok,mild|uav_sky_horizon|mild|rep0|seed20240909,0.64
moderate,,nan,uav_sky_horizon,91b97bf45cc25e51a9ac44c549aae3d44870d3b816780240504e4832e28c17c3,a56957124aebce41,,a8e74e1fddd96e78,B0d,16,16,7fe30b1136,0,uav:sky_horizon,ok,moderate|uav_sky_horizon|moderate|rep0|seed20240909,7.027
mild,,nan,uav_sky_horizon,91b97bf45cc25e51a9ac44c549aae3d44870d3b816780240504e4832e28c17c3,a56957124aebce41,,1b37060452b52496,B1,16,16,7fe30b1136,2,uav:sky_horizon,ok,mild|uav_sky_horizon|mild|rep2|seed20240909,0.6626
moderate,,nan,uav_sky_horizon,91b97bf45cc25e51a9ac44c549aae3d44870d3b816780240504e4832e28c17c3,a56957124aebce41,,61c1dc3376aa0d49,B0d,16,16,7fe30b1136,2,uav:sky_horizon,ok,moderate|uav_sky_horizon|moderate|rep2|seed20240909,6.8582
mild,,nan,uav_sky_horizon,91b97bf45cc25e51a9ac44c549aae3d44870d3b816780240504e4832e28c17c3,a56957124aebce41,,29fce647bb91c5c7,B1,16,16,7fe30b1136,4,uav:sky_horizon,ok,mild|uav_sky_horizon|mild|rep4|seed20240909,0.6661
mild,,nan,uav_sky_horizon,91b97bf45cc25e51a9ac44c549aae3d44870d3b816780240504e4832e28c17c3,a56957124aebce41,,5489667236e8b6ce,B1,16,16,7fe30b1136,3,uav:sky_horizon,ok,mild|uav_sky_horizon|mild|rep3|seed20240909,0.7481
moderate,,nan,uav_sky_horizon,91b97bf45cc25e51a9ac44c549aae3d44870d3b816780240504e4832e28c17c3,a56957124aebce41,,92e813c5f9d80ed2,B1,16,16,7fe30b1136,1,uav:sky_horizon,ok,moderate|uav_sky_horizon|moderate|rep1|seed20240909,0.7329
moderate,,nan,uav_sky_horizon,91b97bf45cc25e51a9ac44c549aae3d44870d3b816780240504e4832e28c17c3,a56957124aebce41,,07437e8d1fc6b17e,B1,16,16,7fe30b1136,3,uav:sky_horizon,ok,moderate|uav_sky_horizon|moderate|rep3|seed20240909,0.7196
moderate,,nan,uav_sky_horizon,91b97bf45cc25e51a9ac44c549aae3d44870d3b816780240504e4832e28c17c3,a56957124aebce41,,4eefbda90092084f,B1,16,16,7fe30b1136,0,uav:sky_horizon,ok,moderate|uav_sky_horizon|moderate|rep0|seed20240909,0.8006
moderate,,nan,uav_sky_horizon,91b97bf45cc25e51a9ac44c549aae3d44870d3b816780240504e4832e28c17c3,a56957124aebce41,,cdc6bd2d3466e179,B1,16,16,7fe30b1136,2,uav:sky_horizon,ok,moderate|uav_sky_horizon|moderate|rep2|seed20240909,0.7768
bursty,,nan,uav_sky_horizon,91b97bf45cc25e51a9ac44c549aae3d44870d3b816780240504e4832e28c17c3,a56957124aebce41,,0cf12fb9f94a4912,B1,16,16,7fe30b1136,1,uav:sky_horizon,ok,bursty|uav_sky_horizon|bursty|rep1|seed20240909,0.5798
moderate,,nan,uav_sky_horizon,91b97bf45cc25e51a9ac44c549aae3d44870d3b816780240504e4832e28c17c3,a56957124aebce41,,e11a32da990aaef2,B1,16,16,7fe30b1136,4,uav:sky_horizon,ok,moderate|uav_sky_horizon|moderate|rep4|seed20240909,0.7619
bursty,,nan,uav_sky_horizon,91b97bf45cc25e51a9ac44c549aae3d44870d3b816780240504e4832e28c17c3,a56957124aebce41,,caa8fa3faf77ebb9,B1,16,16,7fe30b1136,0,uav:sky_horizon,ok,bursty|uav_sky_horizon|bursty|rep0|seed20240909,0.7525
moderate,,nan,uav_sky_horizon,91b97bf45cc25e51a9ac44c549aae3d44870d3b816780240504e4832e28c17c3,a56957124aebce41,,626d2ed2d953d121,B0d,16,16,7fe30b1136,3,uav:sky_horizon,ok,moderate|uav_sky_horizon|moderate|rep3|seed20240909,6.6564
bursty,,nan,uav_sky_horizon,91b97bf45cc25e51a9ac44c549aae3d44870d3b816780240504e4832e28c17c3,a56957124aebce41,,707d59c924ad1915,B1,16,16,7fe30b1136,2,uav:sky_horizon,ok,bursty|uav_sky_horizon|bursty|rep2|seed20240909,0.6936
bursty,,nan,uav_sky_horizon,91b97bf45cc25e51a9ac44c549aae3d44870d3b816780240504e4832e28c17c3,a56957124aebce41,,8f1dc04820b942cc,B1,16,16,7fe30b1136,3,uav:sky_horizon,ok,bursty|uav_sky_horizon|bursty|rep3|seed20240909,0.7073
bursty,,nan,uav_sky_horizon,91b97bf45cc25e51a9ac44c549aae3d44870d3b816780240504e4832e28c17c3,a56957124aebce41,,92e22c9ef7d34891,B1,16,16,7fe30b1136,4,uav:sky_horizon,ok,bursty|uav_sky_horizon|bursty|rep4|seed20240909,0.6802
harsh,,nan,uav_sky_horizon,91b97bf45cc25e51a9ac44c549aae3d44870d3b816780240504e4832e28c17c3,a56957124aebce41,,2e893dd47d47e971,B1,16,16,7fe30b1136,2,uav:sky_horizon,ok,harsh|uav_sky_horizon|harsh|rep2|seed20240909,0.6962
harsh,,nan,uav_sky_horizon,91b97bf45cc25e51a9ac44c549aae3d44870d3b816780240504e4832e28c17c3,a56957124aebce41,,54be527cc7c2eb09,B1,16,16,7fe30b1136,0,uav:sky_horizon,ok,harsh|uav_sky_horizon|harsh|rep0|seed20240909,0.7464
harsh,,nan,uav_sky_horizon,91b97bf45cc25e51a9ac44c549aae3d44870d3b816780240504e4832e28c17c3,a56957124aebce41,,8d449595c4a771d5,B1,16,16,7fe30b1136,1,uav:sky_horizon,ok,harsh|uav_sky_horizon|harsh|rep1|seed20240909,0.7444
clean,,nan,uav_sky_horizon,91b97bf45cc25e51a9ac44c549aae3d44870d3b816780240504e4832e28c17c3,a56957124aebce41,,de28dfb144e256a3,B2,16,16,7fe30b1136,0,uav:sky_horizon,ok,clean|uav_sky_horizon|clean|rep0|seed20240909,0.5137
clean,,nan,uav_sky_horizon,91b97bf45cc25e51a9ac44c549aae3d44870d3b816780240504e4832e28c17c3,a56957124aebce41,,b135513f4fca17db,B2,16,16,7fe30b1136,1,uav:sky_horizon,ok,clean|uav_sky_horizon|clean|rep1|seed20240909,0.5461
harsh,,nan,uav_sky_horizon,91b97bf45cc25e51a9ac44c549aae3d44870d3b816780240504e4832e28c17c3,a56957124aebce41,,166c29f971511e85,B1,16,16,7fe30b1136,3,uav:sky_horizon,ok,harsh|uav_sky_horizon|harsh|rep3|seed20240909,0.756
harsh,,nan,uav_sky_horizon,91b97bf45cc25e51a9ac44c549aae3d44870d3b816780240504e4832e28c17c3,a56957124aebce41,,0b5b6bb6daff2e19,B1,16,16,7fe30b1136,4,uav:sky_horizon,ok,harsh|uav_sky_horizon|harsh|rep4|seed20240909,0.7661
clean,,nan,uav_sky_horizon,91b97bf45cc25e51a9ac44c549aae3d44870d3b816780240504e4832e28c17c3,a56957124aebce41,,59c77ef509918a54,B2,16,16,7fe30b1136,2,uav:sky_horizon,ok,clean|uav_sky_horizon|clean|rep2|seed20240909,0.5297
clean,,nan,uav_sky_horizon,91b97bf45cc25e51a9ac44c549aae3d44870d3b816780240504e4832e28c17c3,a56957124aebce41,,b5c478fb03aebaa6,B2,16,16,7fe30b1136,4,uav:sky_horizon,ok,clean|uav_sky_horizon|clean|rep4|seed20240909,0.4776
clean,,nan,uav_sky_horizon,91b97bf45cc25e51a9ac44c549aae3d44870d3b816780240504e4832e28c17c3,a56957124aebce41,,e2aaaa709e3642e4,B2,16,16,7fe30b1136,3,uav:sky_horizon,ok,clean|uav_sky_horizon|clean|rep3|seed20240909,0.5529
mild,,nan,uav_sky_horizon,91b97bf45cc25e51a9ac44c549aae3d44870d3b816780240504e4832e28c17c3,a56957124aebce41,,8effb95386416e8f,B2,16,16,7fe30b1136,0,uav:sky_horizon,ok,mild|uav_sky_horizon|mild|rep0|seed20240909,0.6931
mild,,nan,uav_sky_horizon,91b97bf45cc25e51a9ac44c549aae3d44870d3b816780240504e4832e28c17c3,a56957124aebce41,,9b256d71285e5231,B2,16,16,7fe30b1136,1,uav:sky_horizon,ok,mild|uav_sky_horizon|mild|rep1|seed20240909,0.7311
mild,,nan,uav_sky_horizon,91b97bf45cc25e51a9ac44c549aae3d44870d3b816780240504e4832e28c17c3,a56957124aebce41,,1578d7dda2920185,B2,16,16,7fe30b1136,2,uav:sky_horizon,ok,mild|uav_sky_horizon|mild|rep2|seed20240909,0.7769
mild,,nan,uav_sky_horizon,91b97bf45cc25e51a9ac44c549aae3d44870d3b816780240504e4832e28c17c3,a56957124aebce41,,4281a8824bb2964e,B2,16,16,7fe30b1136,3,uav:sky_horizon,ok,mild|uav_sky_horizon|mild|rep3|seed20240909,0.7052
bursty,,nan,uav_sky_horizon,91b97bf45cc25e51a9ac44c549aae3d44870d3b816780240504e4832e28c17c3,a56957124aebce41,,55081895ec5cb412,B0d,16,16,7fe30b1136,1,uav:sky_horizon,ok,bursty|uav_sky_horizon|bursty|rep1|seed20240909,6.8775
mild,,nan,uav_sky_horizon,91b97bf45cc25e51a9ac44c549aae3d44870d3b816780240504e4832e28c17c3,a56957124aebce41,,147d4f70ec68e506,B2,16,16,7fe30b1136,4,uav:sky_horizon,ok,mild|uav_sky_horizon|mild|rep4|seed20240909,0.7005
moderate,,nan,uav_sky_horizon,91b97bf45cc25e51a9ac44c549aae3d44870d3b816780240504e4832e28c17c3,a56957124aebce41,,5c1bbe386e91f96e,B0d,16,16,7fe30b1136,4,uav:sky_horizon,ok,moderate|uav_sky_horizon|moderate|rep4|seed20240909,7.1955
moderate,,nan,uav_sky_horizon,91b97bf45cc25e51a9ac44c549aae3d44870d3b816780240504e4832e28c17c3,a56957124aebce41,,8205547bca08ebbe,B2,16,16,7fe30b1136,0,uav:sky_horizon,ok,moderate|uav_sky_horizon|moderate|rep0|seed20240909,0.7353
moderate,,nan,uav_sky_horizon,91b97bf45cc25e51a9ac44c549aae3d44870d3b816780240504e4832e28c17c3,a56957124aebce41,,4df67f532f216a3d,B2,16,16,7fe30b1136,1,uav:sky_horizon,ok,moderate|uav_sky_horizon|moderate|rep1|seed20240909,0.7881
moderate,,nan,uav_sky_horizon,91b97bf45cc25e51a9ac44c549aae3d44870d3b816780240504e4832e28c17c3,a56957124aebce41,,30fa2083337cb9f9,B2,16,16,7fe30b1136,2,uav:sky_horizon,ok,moderate|uav_sky_horizon|moderate|rep2|seed20240909,0.7888
moderate,,nan,uav_sky_horizon,91b97bf45cc25e51a9ac44c549aae3d44870d3b816780240504e4832e28c17c3,a56957124aebce41,,c39c2108ef54648d,B2,16,16,7fe30b1136,3,uav:sky_horizon,ok,moderate|uav_sky_horizon|moderate|rep3|seed20240909,0.7482
bursty,,nan,uav_sky_horizon,91b97bf45cc25e51a9ac44c549aae3d44870d3b816780240504e4832e28c17c3,a56957124aebce41,,2a072cfa7e40588b,B0d,16,16,7fe30b1136,0,uav:sky_horizon,ok,bursty|uav_sky_horizon|bursty|rep0|seed20240909,7.305
moderate,,nan,uav_sky_horizon,91b97bf45cc25e51a9ac44c549aae3d44870d3b816780240504e4832e28c17c3,a56957124aebce41,,3c1ad2894b108279,B2,16,16,7fe30b1136,4,uav:sky_horizon,ok,moderate|uav_sky_horizon|moderate|rep4|seed20240909,0.7981
bursty,,nan,uav_sky_horizon,91b97bf45cc25e51a9ac44c549aae3d44870d3b816780240504e4832e28c17c3,a56957124aebce41,,61c6ff67c17297f6,B2,16,16,7fe30b1136,0,uav:sky_horizon,ok,bursty|uav_sky_horizon|bursty|rep0|seed20240909,0.73
bursty,,nan,uav_sky_horizon,91b97bf45cc25e51a9ac44c549aae3d44870d3b816780240504e4832e28c17c3,a56957124aebce41,,2a05acf461170136,B0d,16,16,7fe30b1136,2,uav:sky_horizon,ok,bursty|uav_sky_horizon|bursty|rep2|seed20240909,7.1626
bursty,,nan,uav_sky_horizon,91b97bf45cc25e51a9ac44c549aae3d44870d3b816780240504e4832e28c17c3,a56957124aebce41,,a0ac95c222d834a2,B2,16,16,7fe30b1136,1,uav:sky_horizon,ok,bursty|uav_sky_horizon|bursty|rep1|seed20240909,0.7508
bursty,,nan,uav_sky_horizon,91b97bf45cc25e51a9ac44c549aae3d44870d3b816780240504e4832e28c17c3,a56957124aebce41,,db2d43499d11bdfa,B2,16,16,7fe30b1136,2,uav:sky_horizon,ok,bursty|uav_sky_horizon|bursty|rep2|seed20240909,0.7175
bursty,,nan,uav_sky_horizon,91b97bf45cc25e51a9ac44c549aae3d44870d3b816780240504e4832e28c17c3,a56957124aebce41,,78872a6e85a7e23c,B2,16,16,7fe30b1136,3,uav:sky_horizon,ok,bursty|uav_sky_horizon|bursty|rep3|seed20240909,0.6903
bursty,,nan,uav_sky_horizon,91b97bf45cc25e51a9ac44c549aae3d44870d3b816780240504e4832e28c17c3,a56957124aebce41,,741af3d299253820,B2,16,16,7fe30b1136,4,uav:sky_horizon,ok,bursty|uav_sky_horizon|bursty|rep4|seed20240909,0.7288
bursty,,nan,uav_sky_horizon,91b97bf45cc25e51a9ac44c549aae3d44870d3b816780240504e4832e28c17c3,a56957124aebce41,,46640a7cbfa38412,B0d,16,16,7fe30b1136,3,uav:sky_horizon,ok,bursty|uav_sky_horizon|bursty|rep3|seed20240909,7.1166
harsh,,nan,uav_sky_horizon,91b97bf45cc25e51a9ac44c549aae3d44870d3b816780240504e4832e28c17c3,a56957124aebce41,,85feec9d7b15a5c2,B2,16,16,7fe30b1136,0,uav:sky_horizon,ok,harsh|uav_sky_horizon|harsh|rep0|seed20240909,0.7573
bursty,,nan,uav_sky_horizon,91b97bf45cc25e51a9ac44c549aae3d44870d3b816780240504e4832e28c17c3,a56957124aebce41,,f3d4b05dedf20290,B0d,16,16,7fe30b1136,4,uav:sky_horizon,ok,bursty|uav_sky_horizon|bursty|rep4|seed20240909,7.1043
harsh,,nan,uav_sky_horizon,91b97bf45cc25e51a9ac44c549aae3d44870d3b816780240504e4832e28c17c3,a56957124aebce41,,341812929c68f187,B2,16,16,7fe30b1136,2,uav:sky_horizon,ok,harsh|uav_sky_horizon|harsh|rep2|seed20240909,0.7257
harsh,,nan,uav_sky_horizon,91b97bf45cc25e51a9ac44c549aae3d44870d3b816780240504e4832e28c17c3,a56957124aebce41,,d6fc05586eba4ece,B2,16,16,7fe30b1136,1,uav:sky_horizon,ok,harsh|uav_sky_horizon|harsh|rep1|seed20240909,0.7808
harsh,,nan,uav_sky_horizon,91b97bf45cc25e51a9ac44c549aae3d44870d3b816780240504e4832e28c17c3,a56957124aebce41,,23edba063a78b174,B2,16,16,7fe30b1136,3,uav:sky_horizon,ok,harsh|uav_sky_horizon|harsh|rep3|seed20240909,0.7207
harsh,,nan,uav_sky_horizon,91b97bf45cc25e51a9ac44c549aae3d44870d3b816780240504e4832e28c17c3,a56957124aebce41,,4a3a6d109e9d970d,B2,16,16,7fe30b1136,4,uav:sky_horizon,ok,harsh|uav_sky_horizon|harsh|rep4|seed20240909,0.7372
clean,,nan,uav_sky_horizon,91b97bf45cc25e51a9ac44c549aae3d44870d3b816780240504e4832e28c17c3,a56957124aebce41,,700a567427e662b6,B3,16,16,7fe30b1136,1,uav:sky_horizon,ok,clean|uav_sky_horizon|clean|rep1|seed20240909,2.6639
clean,,nan,uav_sky_horizon,91b97bf45cc25e51a9ac44c549aae3d44870d3b816780240504e4832e28c17c3,a56957124aebce41,,fe74d440a3d43a7e,B3,16,16,7fe30b1136,2,uav:sky_horizon,ok,clean|uav_sky_horizon|clean|rep2|seed20240909,2.6087
clean,,nan,uav_sky_horizon,91b97bf45cc25e51a9ac44c549aae3d44870d3b816780240504e4832e28c17c3,a56957124aebce41,,5033084e28b5f630,B3,16,16,7fe30b1136,0,uav:sky_horizon,ok,clean|uav_sky_horizon|clean|rep0|seed20240909,2.7978
clean,,nan,uav_sky_horizon,91b97bf45cc25e51a9ac44c549aae3d44870d3b816780240504e4832e28c17c3,a56957124aebce41,,6071b4b1d1b3acb6,B3,16,16,7fe30b1136,4,uav:sky_horizon,ok,clean|uav_sky_horizon|clean|rep4|seed20240909,2.5842
clean,,nan,uav_sky_horizon,91b97bf45cc25e51a9ac44c549aae3d44870d3b816780240504e4832e28c17c3,a56957124aebce41,,7b928ef08109f1aa,B3,16,16,7fe30b1136,3,uav:sky_horizon,ok,clean|uav_sky_horizon|clean|rep3|seed20240909,2.7478
mild,,nan,uav_sky_horizon,91b97bf45cc25e51a9ac44c549aae3d44870d3b816780240504e4832e28c17c3,a56957124aebce41,,feb5fa007bbecf7f,B3,16,16,7fe30b1136,1,uav:sky_horizon,ok,mild|uav_sky_horizon|mild|rep1|seed20240909,2.7686
mild,,nan,uav_sky_horizon,91b97bf45cc25e51a9ac44c549aae3d44870d3b816780240504e4832e28c17c3,a56957124aebce41,,62fe8c055800ef2e,B3,16,16,7fe30b1136,2,uav:sky_horizon,ok,mild|uav_sky_horizon|mild|rep2|seed20240909,2.7447
mild,,nan,uav_sky_horizon,91b97bf45cc25e51a9ac44c549aae3d44870d3b816780240504e4832e28c17c3,a56957124aebce41,,8f43db9f8193689d,B3,16,16,7fe30b1136,4,uav:sky_horizon,ok,mild|uav_sky_horizon|mild|rep4|seed20240909,2.6876
mild,,nan,uav_sky_horizon,91b97bf45cc25e51a9ac44c549aae3d44870d3b816780240504e4832e28c17c3,a56957124aebce41,,3dbe4d764a191082,B3,16,16,7fe30b1136,0,uav:sky_horizon,ok,mild|uav_sky_horizon|mild|rep0|seed20240909,2.9059
mild,,nan,uav_sky_horizon,91b97bf45cc25e51a9ac44c549aae3d44870d3b816780240504e4832e28c17c3,a56957124aebce41,,454645ef0bf6dc1b,B3,16,16,7fe30b1136,3,uav:sky_horizon,ok,mild|uav_sky_horizon|mild|rep3|seed20240909,2.8031
moderate,,nan,uav_sky_horizon,91b97bf45cc25e51a9ac44c549aae3d44870d3b816780240504e4832e28c17c3,a56957124aebce41,,1ef365ffb5fc7a29,B3,16,16,7fe30b1136,0,uav:sky_horizon,ok,moderate|uav_sky_horizon|moderate|rep0|seed20240909,3.6063
moderate,,nan,uav_sky_horizon,91b97bf45cc25e51a9ac44c549aae3d44870d3b816780240504e4832e28c17c3,a56957124aebce41,,f111508f6a53a356,B3,16,16,7fe30b1136,2,uav:sky_horizon,ok,moderate|uav_sky_horizon|moderate|rep2|seed20240909,3.6897
moderate,,nan,uav_sky_horizon,91b97bf45cc25e51a9ac44c549aae3d44870d3b816780240504e4832e28c17c3,a56957124aebce41,,936ddb8ebe2265fc,B3,16,16,7fe30b1136,1,uav:sky_horizon,ok,moderate|uav_sky_horizon|moderate|rep1|seed20240909,3.814
moderate,,nan,uav_sky_horizon,91b97bf45cc25e51a9ac44c549aae3d44870d3b816780240504e4832e28c17c3,a56957124aebce41,,69476405f42a0cd8,B3,16,16,7fe30b1136,4,uav:sky_horizon,ok,moderate|uav_sky_horizon|moderate|rep4|seed20240909,3.7182
bursty,,nan,uav_sky_horizon,91b97bf45cc25e51a9ac44c549aae3d44870d3b816780240504e4832e28c17c3,a56957124aebce41,,79e802a8098bcf82,B3,16,16,7fe30b1136,0,uav:sky_horizon,ok,bursty|uav_sky_horizon|bursty|rep0|seed20240909,3.7984
moderate,,nan,uav_sky_horizon,91b97bf45cc25e51a9ac44c549aae3d44870d3b816780240504e4832e28c17c3,a56957124aebce41,,442c26ff2ef62331,B3,16,16,7fe30b1136,3,uav:sky_horizon,ok,moderate|uav_sky_horizon|moderate|rep3|seed20240909,3.9405
harsh,,nan,uav_sky_horizon,91b97bf45cc25e51a9ac44c549aae3d44870d3b816780240504e4832e28c17c3,a56957124aebce41,,32cf210e754a3377,B3,16,16,7fe30b1136,1,uav:sky_horizon,ok,harsh|uav_sky_horizon|harsh|rep1|seed20240909,2.0115
harsh,,nan,uav_sky_horizon,91b97bf45cc25e51a9ac44c549aae3d44870d3b816780240504e4832e28c17c3,a56957124aebce41,,2bf7b258a3d17539,B3,16,16,7fe30b1136,0,uav:sky_horizon,ok,harsh|uav_sky_horizon|harsh|rep0|seed20240909,2.1731
harsh,,nan,uav_sky_horizon,91b97bf45cc25e51a9ac44c549aae3d44870d3b816780240504e4832e28c17c3,a56957124aebce41,,6aa112d071523ddb,B3,16,16,7fe30b1136,3,uav:sky_horizon,ok,harsh|uav_sky_horizon|harsh|rep3|seed20240909,2.0677
harsh,,nan,uav_sky_horizon,91b97bf45cc25e51a9ac44c549aae3d44870d3b816780240504e4832e28c17c3,a56957124aebce41,,3667b8d529a50fd2,B3,16,16,7fe30b1136,2,uav:sky_horizon,ok,harsh|uav_sky_horizon|harsh|rep2|seed20240909,2.1603
harsh,,nan,uav_sky_horizon,91b97bf45cc25e51a9ac44c549aae3d44870d3b816780240504e4832e28c17c3,a56957124aebce41,,5a0d06dd0a09ce50,B3,16,16,7fe30b1136,4,uav:sky_horizon,ok,harsh|uav_sky_horizon|harsh|rep4|seed20240909,2.1403
bursty,,nan,uav_sky_horizon,91b97bf45cc25e51a9ac44c549aae3d44870d3b816780240504e4832e28c17c3,a56957124aebce41,,b882029260bf0d2d,B3,16,16,7fe30b1136,1,uav:sky_horizon,ok,bursty|uav_sky_horizon|bursty|rep1|seed20240909,3.3098
bursty,,nan,uav_sky_horizon,91b97bf45cc25e51a9ac44c549aae3d44870d3b816780240504e4832e28c17c3,a56957124aebce41,,f37c0b9a986e9dc7,B3,16,16,7fe30b1136,3,uav:sky_horizon,ok,bursty|uav_sky_horizon|bursty|rep3|seed20240909,3.7953
bursty,,nan,uav_sky_horizon,91b97bf45cc25e51a9ac44c549aae3d44870d3b816780240504e4832e28c17c3,a56957124aebce41,,d7e9599c18b73124,B3,16,16,7fe30b1136,4,uav:sky_horizon,ok,bursty|uav_sky_horizon|bursty|rep4|seed20240909,3.8787
bursty,,nan,uav_sky_horizon,91b97bf45cc25e51a9ac44c549aae3d44870d3b816780240504e4832e28c17c3,a56957124aebce41,,02a4342e09b50ee8,B3,16,16,7fe30b1136,2,uav:sky_horizon,ok,bursty|uav_sky_horizon|bursty|rep2|seed20240909,4.1909
clean,,nan,uav_sky_horizon,91b97bf45cc25e51a9ac44c549aae3d44870d3b816780240504e4832e28c17c3,a56957124aebce41,,4c90f75240e0ec5c,B4,16,16,7fe30b1136,0,uav:sky_horizon,ok,clean|uav_sky_horizon|clean|rep0|seed20240909,5.054
clean,,nan,uav_sky_horizon,91b97bf45cc25e51a9ac44c549aae3d44870d3b816780240504e4832e28c17c3,a56957124aebce41,,929980b206519792,B4,16,16,7fe30b1136,1,uav:sky_horizon,ok,clean|uav_sky_horizon|clean|rep1|seed20240909,5.0691
clean,,nan,uav_sky_horizon,91b97bf45cc25e51a9ac44c549aae3d44870d3b816780240504e4832e28c17c3,a56957124aebce41,,89b09ba6d088ec6b,B4,16,16,7fe30b1136,2,uav:sky_horizon,ok,clean|uav_sky_horizon|clean|rep2|seed20240909,5.0016
clean,,nan,uav_sky_horizon,91b97bf45cc25e51a9ac44c549aae3d44870d3b816780240504e4832e28c17c3,a56957124aebce41,,26124fbe81f6ec08,B4,16,16,7fe30b1136,3,uav:sky_horizon,ok,clean|uav_sky_horizon|clean|rep3|seed20240909,5.0861
clean,,nan,uav_sky_horizon,91b97bf45cc25e51a9ac44c549aae3d44870d3b816780240504e4832e28c17c3,a56957124aebce41,,05e817d193b262c2,B4,16,16,7fe30b1136,4,uav:sky_horizon,ok,clean|uav_sky_horizon|clean|rep4|seed20240909,5.0688
mild,,nan,uav_sky_horizon,91b97bf45cc25e51a9ac44c549aae3d44870d3b816780240504e4832e28c17c3,a56957124aebce41,,ef94e3faef61d8b6,B4,16,16,7fe30b1136,1,uav:sky_horizon,ok,mild|uav_sky_horizon|mild|rep1|seed20240909,5.2343
mild,,nan,uav_sky_horizon,91b97bf45cc25e51a9ac44c549aae3d44870d3b816780240504e4832e28c17c3,a56957124aebce41,,20ca73fee8fcb7fa,B4,16,16,7fe30b1136,0,uav:sky_horizon,ok,mild|uav_sky_horizon|mild|rep0|seed20240909,5.3881
mild,,nan,uav_sky_horizon,91b97bf45cc25e51a9ac44c549aae3d44870d3b816780240504e4832e28c17c3,a56957124aebce41,,6e82ede86a4f6832,B4,16,16,7fe30b1136,4,uav:sky_horizon,ok,mild|uav_sky_horizon|mild|rep4|seed20240909,5.2549
mild,,nan,uav_sky_horizon,91b97bf45cc25e51a9ac44c549aae3d44870d3b816780240504e4832e28c17c3,a56957124aebce41,,b50553dfd0c3b080,B4,16,16,7fe30b1136,2,uav:sky_horizon,ok,mild|uav_sky_horizon|mild|rep2|seed20240909,5.4062
mild,,nan,uav_sky_horizon,91b97bf45cc25e51a9ac44c549aae3d44870d3b816780240504e4832e28c17c3,a56957124aebce41,,d6ad489981de9bb0,B4,16,16,7fe30b1136,3,uav:sky_horizon,ok,mild|uav_sky_horizon|mild|rep3|seed20240909,5.4069
harsh,,nan,uav_sky_horizon,91b97bf45cc25e51a9ac44c549aae3d44870d3b816780240504e4832e28c17c3,a56957124aebce41,,dc5063fb6940ec34,B4,16,16,7fe30b1136,0,uav:sky_horizon,ok,harsh|uav_sky_horizon|harsh|rep0|seed20240909,3.396
harsh,,nan,uav_sky_horizon,91b97bf45cc25e51a9ac44c549aae3d44870d3b816780240504e4832e28c17c3,a56957124aebce41,,2498428e6f319ea7,B4,16,16,7fe30b1136,1,uav:sky_horizon,ok,harsh|uav_sky_horizon|harsh|rep1|seed20240909,3.1841
harsh,,nan,uav_sky_horizon,91b97bf45cc25e51a9ac44c549aae3d44870d3b816780240504e4832e28c17c3,a56957124aebce41,,a57af6efce8a37e0,B4,16,16,7fe30b1136,2,uav:sky_horizon,ok,harsh|uav_sky_horizon|harsh|rep2|seed20240909,3.3878
moderate,,nan,uav_sky_horizon,91b97bf45cc25e51a9ac44c549aae3d44870d3b816780240504e4832e28c17c3,a56957124aebce41,,9caee4654c6bef83,B4,16,16,7fe30b1136,0,uav:sky_horizon,ok,moderate|uav_sky_horizon|moderate|rep0|seed20240909,8.1174
harsh,,nan,uav_sky_horizon,91b97bf45cc25e51a9ac44c549aae3d44870d3b816780240504e4832e28c17c3,a56957124aebce41,,02ca69addf092bd3,B4,16,16,7fe30b1136,3,uav:sky_horizon,ok,harsh|uav_sky_horizon|harsh|rep3|seed20240909,3.2828
moderate,,nan,uav_sky_horizon,91b97bf45cc25e51a9ac44c549aae3d44870d3b816780240504e4832e28c17c3,a56957124aebce41,,f22675361bf9ee81,B4,16,16,7fe30b1136,1,uav:sky_horizon,ok,moderate|uav_sky_horizon|moderate|rep1|seed20240909,8.411
harsh,,nan,uav_sky_horizon,91b97bf45cc25e51a9ac44c549aae3d44870d3b816780240504e4832e28c17c3,a56957124aebce41,,845d3b686d8244ee,B4,16,16,7fe30b1136,4,uav:sky_horizon,ok,harsh|uav_sky_horizon|harsh|rep4|seed20240909,3.3226
moderate,,nan,uav_sky_horizon,91b97bf45cc25e51a9ac44c549aae3d44870d3b816780240504e4832e28c17c3,a56957124aebce41,,ea2730ec5615a33b,B4,16,16,7fe30b1136,3,uav:sky_horizon,ok,moderate|uav_sky_horizon|moderate|rep3|seed20240909,8.1299
moderate,,nan,uav_sky_horizon,91b97bf45cc25e51a9ac44c549aae3d44870d3b816780240504e4832e28c17c3,a56957124aebce41,,4fa276f56902b0f1,B4,16,16,7fe30b1136,2,uav:sky_horizon,ok,moderate|uav_sky_horizon|moderate|rep2|seed20240909,8.8241
moderate,,nan,uav_sky_horizon,91b97bf45cc25e51a9ac44c549aae3d44870d3b816780240504e4832e28c17c3,a56957124aebce41,,b4755f8dd571406d,B4,16,16,7fe30b1136,4,uav:sky_horizon,ok,moderate|uav_sky_horizon|moderate|rep4|seed20240909,8.6624
bursty,,nan,uav_sky_horizon,91b97bf45cc25e51a9ac44c549aae3d44870d3b816780240504e4832e28c17c3,a56957124aebce41,,40e266bda20e6c77,B4,16,16,7fe30b1136,0,uav:sky_horizon,ok,bursty|uav_sky_horizon|bursty|rep0|seed20240909,8.5468
bursty,,nan,uav_sky_horizon,91b97bf45cc25e51a9ac44c549aae3d44870d3b816780240504e4832e28c17c3,a56957124aebce41,,6a59384b3b6967c7,B4,16,16,7fe30b1136,1,uav:sky_horizon,ok,bursty|uav_sky_horizon|bursty|rep1|seed20240909,7.8091
bursty,,nan,uav_sky_horizon,91b97bf45cc25e51a9ac44c549aae3d44870d3b816780240504e4832e28c17c3,a56957124aebce41,,4fcbd3b9ff279a7b,B4,16,16,7fe30b1136,3,uav:sky_horizon,ok,bursty|uav_sky_horizon|bursty|rep3|seed20240909,8.0532
bursty,,nan,uav_sky_horizon,91b97bf45cc25e51a9ac44c549aae3d44870d3b816780240504e4832e28c17c3,a56957124aebce41,,8f4b9d8f6bfc0213,B4,16,16,7fe30b1136,2,uav:sky_horizon,ok,bursty|uav_sky_horizon|bursty|rep2|seed20240909,8.2812
bursty,,nan,uav_sky_horizon,91b97bf45cc25e51a9ac44c549aae3d44870d3b816780240504e4832e28c17c3,a56957124aebce41,,ee129f4b311c3fd3,B4,16,16,7fe30b1136,4,uav:sky_horizon,ok,bursty|uav_sky_horizon|bursty|rep4|seed20240909,8.064
clean,,nan,uav_sky_horizon,91b97bf45cc25e51a9ac44c549aae3d44870d3b816780240504e4832e28c17c3,a56957124aebce41,,40218d3f826bebf5,P,16,16,f6706417e8,0,uav:sky_horizon,ok,clean|uav_sky_horizon|clean|rep0|seed20240909,8.3268
clean,,nan,uav_sky_horizon,91b97bf45cc25e51a9ac44c549aae3d44870d3b816780240504e4832e28c17c3,a56957124aebce41,,00dbe19dbf924fe8,P,16,16,f6706417e8,1,uav:sky_horizon,ok,clean|uav_sky_horizon|clean|rep1|seed20240909,8.0583
clean,,nan,uav_sky_horizon,91b97bf45cc25e51a9ac44c549aae3d44870d3b816780240504e4832e28c17c3,a56957124aebce41,,7a194286d5c923cf,P,16,16,f6706417e8,2,uav:sky_horizon,ok,clean|uav_sky_horizon|clean|rep2|seed20240909,8.2234
clean,,nan,uav_sky_horizon,91b97bf45cc25e51a9ac44c549aae3d44870d3b816780240504e4832e28c17c3,a56957124aebce41,,c234a9bd1dfd194f,P,16,16,f6706417e8,3,uav:sky_horizon,ok,clean|uav_sky_horizon|clean|rep3|seed20240909,8.1798
clean,,nan,uav_sky_horizon,91b97bf45cc25e51a9ac44c549aae3d44870d3b816780240504e4832e28c17c3,a56957124aebce41,,b78c5cc6ab2ae2d5,P,16,16,f6706417e8,4,uav:sky_horizon,ok,clean|uav_sky_horizon|clean|rep4|seed20240909,8.1878
mild,,nan,uav_sky_horizon,91b97bf45cc25e51a9ac44c549aae3d44870d3b816780240504e4832e28c17c3,a56957124aebce41,,ffb9250b6420f2e3,P,16,16,f6706417e8,0,uav:sky_horizon,ok,mild|uav_sky_horizon|mild|rep0|seed20240909,8.6968
mild,,nan,uav_sky_horizon,91b97bf45cc25e51a9ac44c549aae3d44870d3b816780240504e4832e28c17c3,a56957124aebce41,,ff3c9b74a75375cc,P,16,16,f6706417e8,2,uav:sky_horizon,ok,mild|uav_sky_horizon|mild|rep2|seed20240909,8.7471
mild,,nan,uav_sky_horizon,91b97bf45cc25e51a9ac44c549aae3d44870d3b816780240504e4832e28c17c3,a56957124aebce41,,fd213ec2efaf2a1c,P,16,16,f6706417e8,1,uav:sky_horizon,ok,mild|uav_sky_horizon|mild|rep1|seed20240909,8.8531
mild,,nan,uav_sky_horizon,91b97bf45cc25e51a9ac44c549aae3d44870d3b816780240504e4832e28c17c3,a56957124aebce41,,52f73ba3d02aec7d,P,16,16,f6706417e8,3,uav:sky_horizon,ok,mild|uav_sky_horizon|mild|rep3|seed20240909,8.8917
mild,,nan,uav_sky_horizon,91b97bf45cc25e51a9ac44c549aae3d44870d3b816780240504e4832e28c17c3,a56957124aebce41,,a34e876a90434da2,P,16,16,f6706417e8,4,uav:sky_horizon,ok,mild|uav_sky_horizon|mild|rep4|seed20240909,8.9693
clean,,nan,uav_forest_canopy,761310394e67760b676621988426895569f151f5b1d3fa99c2a3edbb38aac898,a56957124aebce41,,4fb5ff8bcc628ca0,B0a,16,16,7fe30b1136,0,uav:forest_canopy,ok,clean|uav_forest_canopy|clean|rep0|seed20240909,0.6112
clean,,nan,uav_forest_canopy,761310394e67760b676621988426895569f151f5b1d3fa99c2a3edbb38aac898,a56957124aebce41,,7c76022331cb9625,B0a,16,16,7fe30b1136,1,uav:forest_canopy,ok,clean|uav_forest_canopy|clean|rep1|seed20240909,0.5641
clean,,nan,uav_forest_canopy,761310394e67760b676621988426895569f151f5b1d3fa99c2a3edbb38aac898,a56957124aebce41,,bc0c0740c6f3700c,B0a,16,16,7fe30b1136,2,uav:forest_canopy,ok,clean|uav_forest_canopy|clean|rep2|seed20240909,0.554
clean,,nan,uav_forest_canopy,761310394e67760b676621988426895569f151f5b1d3fa99c2a3edbb38aac898,a56957124aebce41,,b402f445f8c2a23f,B0a,16,16,7fe30b1136,3,uav:forest_canopy,ok,clean|uav_forest_canopy|clean|rep3|seed20240909,0.5576
clean,,nan,uav_forest_canopy,761310394e67760b676621988426895569f151f5b1d3fa99c2a3edbb38aac898,a56957124aebce41,,839ceee246e00c3c,B0a,16,16,7fe30b1136,4,uav:forest_canopy,ok,clean|uav_forest_canopy|clean|rep4|seed20240909,0.5249
mild,,nan,uav_forest_canopy,761310394e67760b676621988426895569f151f5b1d3fa99c2a3edbb38aac898,a56957124aebce41,,1af141caa2f3be30,B0a,16,16,7fe30b1136,0,uav:forest_canopy,ok,mild|uav_forest_canopy|mild|rep0|seed20240909,0.6902
harsh,,nan,uav_sky_horizon,91b97bf45cc25e51a9ac44c549aae3d44870d3b816780240504e4832e28c17c3,a56957124aebce41,,0650ed5ab698880d,P,16,16,f6706417e8,0,uav:sky_horizon,ok,harsh|uav_sky_horizon|harsh|rep0|seed20240909,5.8711
mild,,nan,uav_forest_canopy,761310394e67760b676621988426895569f151f5b1d3fa99c2a3edbb38aac898,a56957124aebce41,,f7dd2b33f1e55310,B0a,16,16,7fe30b1136,1,uav:forest_canopy,ok,mild|uav_forest_canopy|mild|rep1|seed20240909,0.7469
mild,,nan,uav_forest_canopy,761310394e67760b676621988426895569f151f5b1d3fa99c2a3edbb38aac898,a56957124aebce41,,4627b58590bb3d9d,B0a,16,16,7fe30b1136,2,uav:forest_canopy,ok,mild|uav_forest_canopy|mild|rep2|seed20240909,0.7734
harsh,,nan,uav_sky_horizon,91b97bf45cc25e51a9ac44c549aae3d44870d3b816780240504e4832e28c17c3,a56957124aebce41,,1de1f3de5e29f6c6,P,16,16,f6706417e8,1,uav:sky_horizon,ok,harsh|uav_sky_horizon|harsh|rep1|seed20240909,5.8554
harsh,,nan,uav_sky_horizon,91b97bf45cc25e51a9ac44c549aae3d44870d3b816780240504e4832e28c17c3,a56957124aebce41,,bf5138067ef330e5,P,16,16,f6706417e8,3,uav:sky_horizon,ok,harsh|uav_sky_horizon|harsh|rep3|seed20240909,5.9934
mild,,nan,uav_forest_canopy,761310394e67760b676621988426895569f151f5b1d3fa99c2a3edbb38aac898,a56957124aebce41,,16dd67b5508f4b3f,B0a,16,16,7fe30b1136,3,uav:forest_canopy,ok,mild|uav_forest_canopy|mild|rep3|seed20240909,0.7826
harsh,,nan,uav_sky_horizon,91b97bf45cc25e51a9ac44c549aae3d44870d3b816780240504e4832e28c17c3,a56957124aebce41,,2612318874c67264,P,16,16,f6706417e8,2,uav:sky_horizon,ok,harsh|uav_sky_horizon|harsh|rep2|seed20240909,6.1803
mild,,nan,uav_forest_canopy,761310394e67760b676621988426895569f151f5b1d3fa99c2a3edbb38aac898,a56957124aebce41,,13a6a911ce1ea0eb,B0a,16,16,7fe30b1136,4,uav:forest_canopy,ok,mild|uav_forest_canopy|mild|rep4|seed20240909,0.7361
moderate,,nan,uav_forest_canopy,761310394e67760b676621988426895569f151f5b1d3fa99c2a3edbb38aac898,a56957124aebce41,,dab4d77243ad3696,B0a,16,16,7fe30b1136,0,uav:forest_canopy,ok,moderate|uav_forest_canopy|moderate|rep0|seed20240909,0.828
moderate,,nan,uav_forest_canopy,761310394e67760b676621988426895569f151f5b1d3fa99c2a3edbb38aac898,a56957124aebce41,,b512f7278066a02a,B0a,16,16,7fe30b1136,1,uav:forest_canopy,ok,moderate|uav_forest_canopy|moderate|rep1|seed20240909,0.7893
moderate,,nan,uav_forest_canopy,761310394e67760b676621988426895569f151f5b1d3fa99c2a3edbb38aac898,a56957124aebce41,,b07f2e79b5b895e3,B0a,16,16,7fe30b1136,2,uav:forest_canopy,ok,moderate|uav_forest_canopy|moderate|rep2|seed20240909,0.7564
moderate,,nan,uav_forest_canopy,761310394e67760b676621988426895569f151f5b1d3fa99c2a3edbb38aac898,a56957124aebce41,,048fb41057e0c118,B0a,16,16,7fe30b1136,3,uav:forest_canopy,ok,moderate|uav_forest_canopy|moderate|rep3|seed20240909,0.8234
harsh,,nan,uav_sky_horizon,91b97bf45cc25e51a9ac44c549aae3d44870d3b816780240504e4832e28c17c3,a56957124aebce41,,02b5dd5c5d7566da,P,16,16,f6706417e8,4,uav:sky_horizon,ok,harsh|uav_sky_horizon|harsh|rep4|seed20240909,6.0609
moderate,,nan,uav_forest_canopy,761310394e67760b676621988426895569f151f5b1d3fa99c2a3edbb38aac898,a56957124aebce41,,4e3cfc71b6f58986,B0a,16,16,7fe30b1136,4,uav:forest_canopy,ok,moderate|uav_forest_canopy|moderate|rep4|seed20240909,0.7793
bursty,,nan,uav_forest_canopy,761310394e67760b676621988426895569f151f5b1d3fa99c2a3edbb38aac898,a56957124aebce41,,9cb7dc5cdfa30bd0,B0a,16,16,7fe30b1136,0,uav:forest_canopy,ok,bursty|uav_forest_canopy|bursty|rep0|seed20240909,0.6837
bursty,,nan,uav_forest_canopy,761310394e67760b676621988426895569f151f5b1d3fa99c2a3edbb38aac898,a56957124aebce41,,0b5a70856e0d9a80,B0a,16,16,7fe30b1136,1,uav:forest_canopy,ok,bursty|uav_forest_canopy|bursty|rep1|seed20240909,0.791
bursty,,nan,uav_forest_canopy,761310394e67760b676621988426895569f151f5b1d3fa99c2a3edbb38aac898,a56957124aebce41,,6d69f1942e5ceab8,B0a,16,16,7fe30b1136,2,uav:forest_canopy,ok,bursty|uav_forest_canopy|bursty|rep2|seed20240909,0.7673
bursty,,nan,uav_forest_canopy,761310394e67760b676621988426895569f151f5b1d3fa99c2a3edbb38aac898,a56957124aebce41,,d1cdda9660e746de,B0a,16,16,7fe30b1136,4,uav:forest_canopy,ok,bursty|uav_forest_canopy|bursty|rep4|seed20240909,0.7056
bursty,,nan,uav_forest_canopy,761310394e67760b676621988426895569f151f5b1d3fa99c2a3edbb38aac898,a56957124aebce41,,062fb07530fb0af6,B0a,16,16,7fe30b1136,3,uav:forest_canopy,ok,bursty|uav_forest_canopy|bursty|rep3|seed20240909,0.7556
harsh,,nan,uav_forest_canopy,761310394e67760b676621988426895569f151f5b1d3fa99c2a3edbb38aac898,a56957124aebce41,,b785735184dbb907,B0a,16,16,7fe30b1136,0,uav:forest_canopy,ok,harsh|uav_forest_canopy|harsh|rep0|seed20240909,0.7805
harsh,,nan,uav_forest_canopy,761310394e67760b676621988426895569f151f5b1d3fa99c2a3edbb38aac898,a56957124aebce41,,83677c8f982303d7,B0a,16,16,7fe30b1136,1,uav:forest_canopy,ok,harsh|uav_forest_canopy|harsh|rep1|seed20240909,0.7751
harsh,,nan,uav_forest_canopy,761310394e67760b676621988426895569f151f5b1d3fa99c2a3edbb38aac898,a56957124aebce41,,3c31efeb7cfd640c,B0a,16,16,7fe30b1136,2,uav:forest_canopy,ok,harsh|uav_forest_canopy|harsh|rep2|seed20240909,0.778
moderate,,nan,uav_sky_horizon,91b97bf45cc25e51a9ac44c549aae3d44870d3b816780240504e4832e28c17c3,a56957124aebce41,,b99acc6a1508f2ff,P,16,16,f6706417e8,1,uav:sky_horizon,ok,moderate|uav_sky_horizon|moderate|rep1|seed20240909,15.6666
harsh,,nan,uav_forest_canopy,761310394e67760b676621988426895569f151f5b1d3fa99c2a3edbb38aac898,a56957124aebce41,,a702550af830522f,B0a,16,16,7fe30b1136,3,uav:forest_canopy,ok,harsh|uav_forest_canopy|harsh|rep3|seed20240909,0.7929
harsh,,nan,uav_forest_canopy,761310394e67760b676621988426895569f151f5b1d3fa99c2a3edbb38aac898,a56957124aebce41,,679bb934cb0cd0df,B0a,16,16,7fe30b1136,4,uav:forest_canopy,ok,harsh|uav_forest_canopy|harsh|rep4|seed20240909,0.7866
clean,,nan,uav_forest_canopy,761310394e67760b676621988426895569f151f5b1d3fa99c2a3edbb38aac898,a56957124aebce41,,d69eb0640fdc657f,B0a-R,16,16,7fe30b1136,0,uav:forest_canopy,ok,clean|uav_forest_canopy|clean|rep0|seed20240909,1.4731
moderate,,nan,uav_sky_horizon,91b97bf45cc25e51a9ac44c549aae3d44870d3b816780240504e4832e28c17c3,a56957124aebce41,,844988c3f8dd9960,P,16,16,f6706417e8,0,uav:sky_horizon,ok,moderate|uav_sky_horizon|moderate|rep0|seed20240909,16.4906
clean,,nan,uav_forest_canopy,761310394e67760b676621988426895569f151f5b1d3fa99c2a3edbb38aac898,a56957124aebce41,,3d9dd61670ebfe8a,B0a-R,16,16,7fe30b1136,2,uav:forest_canopy,ok,clean|uav_forest_canopy|clean|rep2|seed20240909,1.5035
clean,,nan,uav_forest_canopy,761310394e67760b676621988426895569f151f5b1d3fa99c2a3edbb38aac898,a56957124aebce41,,d966055c86fe53cb,B0a-R,16,16,7fe30b1136,1,uav:forest_canopy,ok,clean|uav_forest_canopy|clean|rep1|seed20240909,1.5591
moderate,,nan,uav_sky_horizon,91b97bf45cc25e51a9ac44c549aae3d44870d3b816780240504e4832e28c17c3,a56957124aebce41,,0dab9f5300fe8b46,P,16,16,f6706417e8,2,uav:sky_horizon,ok,moderate|uav_sky_horizon|moderate|rep2|seed20240909,16.4241
clean,,nan,uav_forest_canopy,761310394e67760b676621988426895569f151f5b1d3fa99c2a3edbb38aac898,a56957124aebce41,,54b7341cdf490dd4,B0a-R,16,16,7fe30b1136,3,uav:forest_canopy,ok,clean|uav_forest_canopy|clean|rep3|seed20240909,1.5769
clean,,nan,uav_forest_canopy,761310394e67760b676621988426895569f151f5b1d3fa99c2a3edbb38aac898,a56957124aebce41,,d24955ef77f8b5ac,B0a-R,16,16,7fe30b1136,4,uav:forest_canopy,ok,clean|uav_forest_canopy|clean|rep4|seed20240909,1.5229
bursty,,nan,uav_sky_horizon,91b97bf45cc25e51a9ac44c549aae3d44870d3b816780240504e4832e28c17c3,a56957124aebce41,,b6cf96ab84f9d219,P,16,16,f6706417e8,0,uav:sky_horizon,ok,bursty|uav_sky_horizon|bursty|rep0|seed20240909,15.2894
mild,,nan,uav_forest_canopy,761310394e67760b676621988426895569f151f5b1d3fa99c2a3edbb38aac898,a56957124aebce41,,d9d76751228d5c80,B0a-R,16,16,7fe30b1136,1,uav:forest_canopy,ok,mild|uav_forest_canopy|mild|rep1|seed20240909,1.9149
mild,,nan,uav_forest_canopy,761310394e67760b676621988426895569f151f5b1d3fa99c2a3edbb38aac898,a56957124aebce41,,b7c284943a415286,B0a-R,16,16,7fe30b1136,0,uav:forest_canopy,ok,mild|uav_forest_canopy|mild|rep0|seed20240909,2.0281
mild,,nan,uav_forest_canopy,761310394e67760b676621988426895569f151f5b1d3fa99c2a3edbb38aac898,a56957124aebce41,,6979fbbc4aa28766,B0a-R,16,16,7fe30b1136,3,uav:forest_canopy,ok,mild|uav_forest_canopy|mild|rep3|seed20240909,1.9225
mild,,nan,uav_forest_canopy,761310394e67760b676621988426895569f151f5b1d3fa99c2a3edbb38aac898,a56957124aebce41,,5481ab352ee3e4b4,B0a-R,16,16,7fe30b1136,2,uav:forest_canopy,ok,mild|uav_forest_canopy|mild|rep2|seed20240909,2.1016
mild,,nan,uav_forest_canopy,761310394e67760b676621988426895569f151f5b1d3fa99c2a3edbb38aac898,a56957124aebce41,,0b08cb490ddb6137,B0a-R,16,16,7fe30b1136,4,uav:forest_canopy,ok,mild|uav_forest_canopy|mild|rep4|seed20240909,1.883
moderate,,nan,uav_sky_horizon,91b97bf45cc25e51a9ac44c549aae3d44870d3b816780240504e4832e28c17c3,a56957124aebce41,,fe31e35b6f065de3,P,16,16,f6706417e8,3,uav:sky_horizon,ok,moderate|uav_sky_horizon|moderate|rep3|seed20240909,17.0002
moderate,,nan,uav_forest_canopy,761310394e67760b676621988426895569f151f5b1d3fa99c2a3edbb38aac898,a56957124aebce41,,9a8460e65c7ec838,B0a-R,16,16,7fe30b1136,0,uav:forest_canopy,ok,moderate|uav_forest_canopy|moderate|rep0|seed20240909,2.303
moderate,,nan,uav_sky_horizon,91b97bf45cc25e51a9ac44c549aae3d44870d3b816780240504e4832e28c17c3,a56957124aebce41,,c4052cc51869f756,P,16,16,f6706417e8,4,uav:sky_horizon,ok,moderate|uav_sky_horizon|moderate|rep4|seed20240909,17.0604
moderate,,nan,uav_forest_canopy,761310394e67760b676621988426895569f151f5b1d3fa99c2a3edbb38aac898,a56957124aebce41,,d776bc3b6a813921,B0a-R,16,16,7fe30b1136,1,uav:forest_canopy,ok,moderate|uav_forest_canopy|moderate|rep1|seed20240909,2.328
moderate,,nan,uav_forest_canopy,761310394e67760b676621988426895569f151f5b1d3fa99c2a3edbb38aac898,a56957124aebce41,,7f9014d35e643f01,B0a-R,16,16,7fe30b1136,2,uav:forest_canopy,ok,moderate|uav_forest_canopy|moderate|rep2|seed20240909,2.3833
moderate,,nan,uav_forest_canopy,761310394e67760b676621988426895569f151f5b1d3fa99c2a3edbb38aac898,a56957124aebce41,,636137c50c1e8fbf,B0a-R,16,16,7fe30b1136,3,uav:forest_canopy,ok,moderate|uav_forest_canopy|moderate|rep3|seed20240909,2.3808
bursty,,nan,uav_forest_canopy,761310394e67760b676621988426895569f151f5b1d3fa99c2a3edbb38aac898,a56957124aebce41,,d27bf6079672e464,B0a-R,16,16,7fe30b1136,0,uav:forest_canopy,ok,bursty|uav_forest_canopy|bursty|rep0|seed20240909,1.9783
moderate,,nan,uav_forest_canopy,761310394e67760b676621988426895569f151f5b1d3fa99c2a3edbb38aac898,a56957124aebce41,,bb702aae16f1cdb4,B0a-R,16,16,7fe30b1136,4,uav:forest_canopy,ok,moderate|uav_forest_canopy|moderate|rep4|seed20240909,2.3524
bursty,,nan,uav_forest_canopy,761310394e67760b676621988426895569f151f5b1d3fa99c2a3edbb38aac898,a56957124aebce41,,6e99b86270781a54,B0a-R,16,16,7fe30b1136,1,uav:forest_canopy,ok,bursty|uav_forest_canopy|bursty|rep1|seed20240909,2.1811
bursty,,nan,uav_forest_canopy,761310394e67760b676621988426895569f151f5b1d3fa99c2a3edbb38aac898,a56957124aebce41,,c8e6cd18dcb6de6a,B0a-R,16,16,7fe30b1136,2,uav:forest_canopy,ok,bursty|uav_forest_canopy|bursty|rep2|seed20240909,1.96
bursty,,nan,uav_forest_canopy,761310394e67760b676621988426895569f151f5b1d3fa99c2a3edbb38aac898,a56957124aebce41,,f178a9145931b55b,B0a-R,16,16,7fe30b1136,4,uav:forest_canopy,ok,bursty|uav_forest_canopy|bursty|rep4|seed20240909,1.93
bursty,,nan,uav_sky_horizon,91b97bf45cc25e51a9ac44c549aae3d44870d3b816780240504e4832e28c17c3,a56957124aebce41,,2f03f091f5319790,P,16,16,f6706417e8,1,uav:sky_horizon,ok,bursty|uav_sky_horizon|bursty|rep1|seed20240909,17.1888
bursty,,nan,uav_forest_canopy,761310394e67760b676621988426895569f151f5b1d3fa99c2a3edbb38aac898,a56957124aebce41,,8e2636ac7b179709,B0a-R,16,16,7fe30b1136,3,uav:forest_canopy,ok,bursty|uav_forest_canopy|bursty|rep3|seed20240909,2.1616
harsh,,nan,uav_forest_canopy,761310394e67760b676621988426895569f151f5b1d3fa99c2a3edbb38aac898,a56957124aebce41,,d886eb4519b1c502,B0a-R,16,16,7fe30b1136,0,uav:forest_canopy,ok,harsh|uav_forest_canopy|harsh|rep0|seed20240909,2.3302
harsh,,nan,uav_forest_canopy,761310394e67760b676621988426895569f151f5b1d3fa99c2a3edbb38aac898,a56957124aebce41,,9b12b8f93b4485d3,B0a-R,16,16,7fe30b1136,1,uav:forest_canopy,ok,harsh|uav_forest_canopy|harsh|rep1|seed20240909,2.2964
harsh,,nan,uav_forest_canopy,761310394e67760b676621988426895569f151f5b1d3fa99c2a3edbb38aac898,a56957124aebce41,,fb8f0a1fd0772138,B0a-R,16,16,7fe30b1136,2,uav:forest_canopy,ok,harsh|uav_forest_canopy|harsh|rep2|seed20240909,2.3159
harsh,,nan,uav_forest_canopy,761310394e67760b676621988426895569f151f5b1d3fa99c2a3edbb38aac898,a56957124aebce41,,6197f13d5d179014,B0a-R,16,16,7fe30b1136,3,uav:forest_canopy,ok,harsh|uav_forest_canopy|harsh|rep3|seed20240909,2.2498
harsh,,nan,uav_forest_canopy,761310394e67760b676621988426895569f151f5b1d3fa99c2a3edbb38aac898,a56957124aebce41,,290c551ff79e80f0,B0a-R,16,16,7fe30b1136,4,uav:forest_canopy,ok,harsh|uav_forest_canopy|harsh|rep4|seed20240909,2.2644
bursty,,nan,uav_sky_horizon,91b97bf45cc25e51a9ac44c549aae3d44870d3b816780240504e4832e28c17c3,a56957124aebce41,,e0e92c16608c1ffd,P,16,16,f6706417e8,2,uav:sky_horizon,ok,bursty|uav_sky_horizon|bursty|rep2|seed20240909,16.9787
bursty,,nan,uav_sky_horizon,91b97bf45cc25e51a9ac44c549aae3d44870d3b816780240504e4832e28c17c3,a56957124aebce41,,df9b540c8baa5a01,P,16,16,f6706417e8,3,uav:sky_horizon,ok,bursty|uav_sky_horizon|bursty|rep3|seed20240909,17.3094
bursty,,nan,uav_sky_horizon,91b97bf45cc25e51a9ac44c549aae3d44870d3b816780240504e4832e28c17c3,a56957124aebce41,,b1a48d852f47dd59,P,16,16,f6706417e8,4,uav:sky_horizon,ok,bursty|uav_sky_horizon|bursty|rep4|seed20240909,17.1866
clean,,nan,uav_forest_canopy,761310394e67760b676621988426895569f151f5b1d3fa99c2a3edbb38aac898,a56957124aebce41,,0762a49155696451,B0d,16,16,7fe30b1136,1,uav:forest_canopy,ok,clean|uav_forest_canopy|clean|rep1|seed20240909,5.5771
clean,,nan,uav_forest_canopy,761310394e67760b676621988426895569f151f5b1d3fa99c2a3edbb38aac898,a56957124aebce41,,edf7dcb07268247b,B0d,16,16,7fe30b1136,0,uav:forest_canopy,ok,clean|uav_forest_canopy|clean|rep0|seed20240909,5.685
clean,,nan,uav_forest_canopy,761310394e67760b676621988426895569f151f5b1d3fa99c2a3edbb38aac898,a56957124aebce41,,a70edd818c905729,B0d,16,16,7fe30b1136,2,uav:forest_canopy,ok,clean|uav_forest_canopy|clean|rep2|seed20240909,5.6281
clean,,nan,uav_forest_canopy,761310394e67760b676621988426895569f151f5b1d3fa99c2a3edbb38aac898,a56957124aebce41,,c8723d3bccce3ada,B0d,16,16,7fe30b1136,3,uav:forest_canopy,ok,clean|uav_forest_canopy|clean|rep3|seed20240909,5.682
clean,,nan,uav_forest_canopy,761310394e67760b676621988426895569f151f5b1d3fa99c2a3edbb38aac898,a56957124aebce41,,ada072596d11d5a5,B0d,16,16,7fe30b1136,4,uav:forest_canopy,ok,clean|uav_forest_canopy|clean|rep4|seed20240909,5.5146
mild,,nan,uav_forest_canopy,761310394e67760b676621988426895569f151f5b1d3fa99c2a3edbb38aac898,a56957124aebce41,,69806cf8d4ca8ab6,B0d,16,16,7fe30b1136,0,uav:forest_canopy,ok,mild|uav_forest_canopy|mild|rep0|seed20240909,5.8961
mild,,nan,uav_forest_canopy,761310394e67760b676621988426895569f151f5b1d3fa99c2a3edbb38aac898,a56957124aebce41,,3843fe0eca8e9b33,B0d,16,16,7fe30b1136,1,uav:forest_canopy,ok,mild|uav_forest_canopy|mild|rep1|seed20240909,5.9526
mild,,nan,uav_forest_canopy,761310394e67760b676621988426895569f151f5b1d3fa99c2a3edbb38aac898,a56957124aebce41,,20365bfe5f59cfc5,B0d,16,16,7fe30b1136,2,uav:forest_canopy,ok,mild|uav_forest_canopy|mild|rep2|seed20240909,6.0437
mild,,nan,uav_forest_canopy,761310394e67760b676621988426895569f151f5b1d3fa99c2a3edbb38aac898,a56957124aebce41,,b2e23b57568e571d,B0d,16,16,7fe30b1136,3,uav:forest_canopy,ok,mild|uav_forest_canopy|mild|rep3|seed20240909,5.8261
mild,,nan,uav_forest_canopy,761310394e67760b676621988426895569f151f5b1d3fa99c2a3edbb38aac898,a56957124aebce41,,af967ceaf7b56eda,B0d,16,16,7fe30b1136,4,uav:forest_canopy,ok,mild|uav_forest_canopy|mild|rep4|seed20240909,5.967
clean,,nan,uav_forest_canopy,761310394e67760b676621988426895569f151f5b1d3fa99c2a3edbb38aac898,a56957124aebce41,,76be65864003ed3e,B1,16,16,7fe30b1136,0,uav:forest_canopy,ok,clean|uav_forest_canopy|clean|rep0|seed20240909,0.4764
clean,,nan,uav_forest_canopy,761310394e67760b676621988426895569f151f5b1d3fa99c2a3edbb38aac898,a56957124aebce41,,8248a27413f4857a,B1,16,16,7fe30b1136,1,uav:forest_canopy,ok,clean|uav_forest_canopy|clean|rep1|seed20240909,0.4784
clean,,nan,uav_forest_canopy,761310394e67760b676621988426895569f151f5b1d3fa99c2a3edbb38aac898,a56957124aebce41,,025a18baef001d67,B1,16,16,7fe30b1136,2,uav:forest_canopy,ok,clean|uav_forest_canopy|clean|rep2|seed20240909,0.4963
clean,,nan,uav_forest_canopy,761310394e67760b676621988426895569f151f5b1d3fa99c2a3edbb38aac898,a56957124aebce41,,eba59f919127754a,B1,16,16,7fe30b1136,3,uav:forest_canopy,ok,clean|uav_forest_canopy|clean|rep3|seed20240909,0.4706
harsh,,nan,uav_forest_canopy,761310394e67760b676621988426895569f151f5b1d3fa99c2a3edbb38aac898,a56957124aebce41,,53fd988072186c11,B0d,16,16,7fe30b1136,0,uav:forest_canopy,ok,harsh|uav_forest_canopy|harsh|rep0|seed20240909,3.4211
clean,,nan,uav_forest_canopy,761310394e67760b676621988426895569f151f5b1d3fa99c2a3edbb38aac898,a56957124aebce41,,f5211dcafe21f773,B1,16,16,7fe30b1136,4,uav:forest_canopy,ok,clean|uav_forest_canopy|clean|rep4|seed20240909,0.501
harsh,,nan,uav_forest_canopy,761310394e67760b676621988426895569f151f5b1d3fa99c2a3edbb38aac898,a56957124aebce41,,bcd8f2dfb419c989,B0d,16,16,7fe30b1136,1,uav:forest_canopy,ok,harsh|uav_forest_canopy|harsh|rep1|seed20240909,3.4671
mild,,nan,uav_forest_canopy,761310394e67760b676621988426895569f151f5b1d3fa99c2a3edbb38aac898,a56957124aebce41,,b23b1baa78ed0659,B1,16,16,7fe30b1136,0,uav:forest_canopy,ok,mild|uav_forest_canopy|mild|rep0|seed20240909,0.6542
harsh,,nan,uav_forest_canopy,761310394e67760b676621988426895569f151f5b1d3fa99c2a3edbb38aac898,a56957124aebce41,,4d62e9607ebdcb9f,B0d,16,16,7fe30b1136,3,uav:forest_canopy,ok,harsh|uav_forest_canopy|harsh|rep3|seed20240909,3.4499
harsh,,nan,uav_forest_canopy,761310394e67760b676621988426895569f151f5b1d3fa99c2a3edbb38aac898,a56957124aebce41,,10078695368cd429,B0d,16,16,7fe30b1136,2,uav:forest_canopy,ok,harsh|uav_forest_canopy|harsh|rep2|seed20240909,3.5716
mild,,nan,uav_forest_canopy,761310394e67760b676621988426895569f151f5b1d3fa99c2a3edbb38aac898,a56957124aebce41,,069f6123aad140bd,B1,16,16,7fe30b1136,1,uav:forest_canopy,ok,mild|uav_forest_canopy|mild|rep1|seed20240909,0.6634
harsh,,nan,uav_forest_canopy,761310394e67760b676621988426895569f151f5b1d3fa99c2a3edbb38aac898,a56957124aebce41,,1fc4d2ddb996e075,B0d,16,16,7fe30b1136,4,uav:forest_canopy,ok,harsh|uav_forest_canopy|harsh|rep4|seed20240909,3.3954
mild,,nan,uav_forest_canopy,761310394e67760b676621988426895569f151f5b1d3fa99c2a3edbb38aac898,a56957124aebce41,,119906a83cb74ea4,B1,16,16,7fe30b1136,2,uav:forest_canopy,ok,mild|uav_forest_canopy|mild|rep2|seed20240909,0.6022
mild,,nan,uav_forest_canopy,761310394e67760b676621988426895569f151f5b1d3fa99c2a3edbb38aac898,a56957124aebce41,,6155bbe8ebd2dbc1,B1,16,16,7fe30b1136,3,uav:forest_canopy,ok,mild|uav_forest_canopy|mild|rep3|seed20240909,0.5609
moderate,,nan,uav_forest_canopy,761310394e67760b676621988426895569f151f5b1d3fa99c2a3edbb38aac898,a56957124aebce41,,a7f6aa7182a39615,B0d,16,16,7fe30b1136,2,uav:forest_canopy,ok,moderate|uav_forest_canopy|moderate|rep2|seed20240909,8.7208
moderate,,nan,uav_forest_canopy,761310394e67760b676621988426895569f151f5b1d3fa99c2a3edbb38aac898,a56957124aebce41,,b9e2e8a38da25342,B0d,16,16,7fe30b1136,0,uav:forest_canopy,ok,moderate|uav_forest_canopy|moderate|rep0|seed20240909,9.2543
moderate,,nan,uav_forest_canopy,761310394e67760b676621988426895569f151f5b1d3fa99c2a3edbb38aac898,a56957124aebce41,,376f201387172dbd,B0d,16,16,7fe30b1136,1,uav:forest_canopy,ok,moderate|uav_forest_canopy|moderate|rep1|seed20240909,9.2009
mild,,nan,uav_forest_canopy,761310394e67760b676621988426895569f151f5b1d3fa99c2a3edbb38aac898,a56957124aebce41,,e5e2ba3fe32b57e2,B1,16,16,7fe30b1136,4,uav:forest_canopy,ok,mild|uav_forest_canopy|mild|rep4|seed20240909,0.7277
moderate,,nan,uav_forest_canopy,761310394e67760b676621988426895569f151f5b1d3fa99c2a3edbb38aac898,a56957124aebce41,,d03559dad2cdc6de,B1,16,16,7fe30b1136,0,uav:forest_canopy,ok,moderate|uav_forest_canopy|moderate|rep0|seed20240909,0.7557
moderate,,nan,uav_forest_canopy,761310394e67760b676621988426895569f151f5b1d3fa99c2a3edbb38aac898,a56957124aebce41,,f0719fc9bf2f19d3,B1,16,16,7fe30b1136,1,uav:forest_canopy,ok,moderate|uav_forest_canopy|moderate|rep1|seed20240909,0.8166
moderate,,nan,uav_forest_canopy,761310394e67760b676621988426895569f151f5b1d3fa99c2a3edbb38aac898,a56957124aebce41,,df6f9fa3fdb6a283,B1,16,16,7fe30b1136,2,uav:forest_canopy,ok,moderate|uav_forest_canopy|moderate|rep2|seed20240909,0.9131
moderate,,nan,uav_forest_canopy,761310394e67760b676621988426895569f151f5b1d3fa99c2a3edbb38aac898,a56957124aebce41,,098573044c600cea,B1,16,16,7fe30b1136,4,uav:forest_canopy,ok,moderate|uav_forest_canopy|moderate|rep4|seed20240909,0.8454
moderate,,nan,uav_forest_canopy,761310394e67760b676621988426895569f151f5b1d3fa99c2a3edbb38aac898,a56957124aebce41,,24b8395b4e95bf12,B1,16,16,7fe30b1136,3,uav:forest_canopy,ok,moderate|uav_forest_canopy|moderate|rep3|seed20240909,0.8931
bursty,,nan,uav_forest_canopy,761310394e67760b676621988426895569f151f5b1d3fa99c2a3edbb38aac898,a56957124aebce41,,e9d34e18e523b904,B1,16,16,7fe30b1136,0,uav:forest_canopy,ok,bursty|uav_forest_canopy|bursty|rep0|seed20240909,0.9086
bursty,,nan,uav_forest_canopy,761310394e67760b676621988426895569f151f5b1d3fa99c2a3edbb38aac898,a56957124aebce41,,cf1be795343523a4,B1,16,16,7fe30b1136,1,uav:forest_canopy,ok,bursty|uav_forest_canopy|bursty|rep1|seed20240909,0.901
bursty,,nan,uav_forest_canopy,761310394e67760b676621988426895569f151f5b1d3fa99c2a3edbb38aac898,a56957124aebce41,,f3edc75ee5e11748,B0d,16,16,7fe30b1136,0,uav:forest_canopy,ok,bursty|uav_forest_canopy|bursty|rep0|seed20240909,8.5058
moderate,,nan,uav_forest_canopy,761310394e67760b676621988426895569f151f5b1d3fa99c2a3edbb38aac898,a56957124aebce41,,f46a9faa297fa14e,B0d,16,16,7fe30b1136,3,uav:forest_canopy,ok,moderate|uav_forest_canopy|moderate|rep3|seed20240909,9.3482
bursty,,nan,uav_forest_canopy,761310394e67760b676621988426895569f151f5b1d3fa99c2a3edbb38aac898,a56957124aebce41,,249956be7eda5544,B1,16,16,7fe30b1136,4,uav:forest_canopy,ok,bursty|uav_forest_canopy|bursty|rep4|seed20240909,0.8563
bursty,,nan,uav_forest_canopy,761310394e67760b676621988426895569f151f5b1d3fa99c2a3edbb38aac898,a56957124aebce41,,b781560a18dd2551,B1,16,16,7fe30b1136,2,uav:forest_canopy,ok,bursty|uav_forest_canopy|bursty|rep2|seed20240909,0.9538
bursty,,nan,uav_forest_canopy,761310394e67760b676621988426895569f151f5b1d3fa99c2a3edbb38aac898,a56957124aebce41,,412266c23c7ef7a6,B1,16,16,7fe30b1136,3,uav:forest_canopy,ok,bursty|uav_forest_canopy|bursty|rep3|seed20240909,0.935
moderate,,nan,uav_forest_canopy,761310394e67760b676621988426895569f151f5b1d3fa99c2a3edbb38aac898,a56957124aebce41,,b90da32cbe2f4d68,B0d,16,16,7fe30b1136,4,uav:forest_canopy,ok,moderate|uav_forest_canopy|moderate|rep4|seed20240909,9.1043
harsh,,nan,uav_forest_canopy,761310394e67760b676621988426895569f151f5b1d3fa99c2a3edbb38aac898,a56957124aebce41,,27476f78c46b818c,B1,16,16,7fe30b1136,0,uav:forest_canopy,ok,harsh|uav_forest_canopy|harsh|rep0|seed20240909,0.9908
clean,,nan,uav_forest_canopy,761310394e67760b676621988426895569f151f5b1d3fa99c2a3edbb38aac898,a56957124aebce41,,f3d0b8cfa6861d5c,B2,16,16,7fe30b1136,0,uav:forest_canopy,ok,clean|uav_forest_canopy|clean|rep0|seed20240909,0.6892
harsh,,nan,uav_forest_canopy,761310394e67760b676621988426895569f151f5b1d3fa99c2a3edbb38aac898,a56957124aebce41,,cabb9edf33d80b00,B1,16,16,7fe30b1136,3,uav:forest_canopy,ok,harsh|uav_forest_canopy|harsh|rep3|seed20240909,0.8765
harsh,,nan,uav_forest_canopy,761310394e67760b676621988426895569f151f5b1d3fa99c2a3edbb38aac898,a56957124aebce41,,1133c70150bbc789,B1,16,16,7fe30b1136,1,uav:forest_canopy,ok,harsh|uav_forest_canopy|harsh|rep1|seed20240909,0.9192
harsh,,nan,uav_forest_canopy,761310394e67760b676621988426895569f151f5b1d3fa99c2a3edbb38aac898,a56957124aebce41,,efbbd0e5cd624125,B1,16,16,7fe30b1136,2,uav:forest_canopy,ok,harsh|uav_forest_canopy|harsh|rep2|seed20240909,0.9216
harsh,,nan,uav_forest_canopy,761310394e67760b676621988426895569f151f5b1d3fa99c2a3edbb38aac898,a56957124aebce41,,fb1a167168f7ebe5,B1,16,16,7fe30b1136,4,uav:forest_canopy,ok,harsh|uav_forest_canopy|harsh|rep4|seed20240909,0.9066
clean,,nan,uav_forest_canopy,761310394e67760b676621988426895569f151f5b1d3fa99c2a3edbb38aac898,a56957124aebce41,,d26a93598997f6bd,B2,16,16,7fe30b1136,1,uav:forest_canopy,ok,clean|uav_forest_canopy|clean|rep1|seed20240909,0.6361
clean,,nan,uav_forest_canopy,761310394e67760b676621988426895569f151f5b1d3fa99c2a3edbb38aac898,a56957124aebce41,,175c0286ccf7dd62,B2,16,16,7fe30b1136,3,uav:forest_canopy,ok,clean|uav_forest_canopy|clean|rep3|seed20240909,0.6108
clean,,nan,uav_forest_canopy,761310394e67760b676621988426895569f151f5b1d3fa99c2a3edbb38aac898,a56957124aebce41,,5e54e3d8f3a89366,B2,16,16,7fe30b1136,2,uav:forest_canopy,ok,clean|uav_forest_canopy|clean|rep2|seed20240909,0.6487
clean,,nan,uav_forest_canopy,761310394e67760b676621988426895569f151f5b1d3fa99c2a3edbb38aac898,a56957124aebce41,,7e647fc3f4478aac,B2,16,16,7fe30b1136,4,uav:forest_canopy,ok,clean|uav_forest_canopy|clean|rep4|seed20240909,0.6221
mild,,nan,uav_forest_canopy,761310394e67760b676621988426895569f151f5b1d3fa99c2a3edbb38aac898,a56957124aebce41,,ec0363ed9d63d1b2,B2,16,16,7fe30b1136,0,uav:forest_canopy,ok,mild|uav_forest_canopy|mild|rep0|seed20240909,0.8292
mild,,nan,uav_forest_canopy,761310394e67760b676621988426895569f151f5b1d3fa99c2a3edbb38aac898,a56957124aebce41,,ab55648a936c17ee,B2,16,16,7fe30b1136,4,uav:forest_canopy,ok,mild|uav_forest_canopy|mild|rep4|seed20240909,0.6672
mild,,nan,uav_forest_canopy,761310394e67760b676621988426895569f151f5b1d3fa99c2a3edbb38aac898,a56957124aebce41,,d383d3d2514cf225,B2,16,16,7fe30b1136,1,uav:forest_canopy,ok,mild|uav_forest_canopy|mild|rep1|seed20240909,0.7667
mild,,nan,uav_forest_canopy,761310394e67760b676621988426895569f151f5b1d3fa99c2a3edbb38aac898,a56957124aebce41,,1344468be4bf99c8,B2,16,16,7fe30b1136,2,uav:forest_canopy,ok,mild|uav_forest_canopy|mild|rep2|seed20240909,0.7873
mild,,nan,uav_forest_canopy,761310394e67760b676621988426895569f151f5b1d3fa99c2a3edbb38aac898,a56957124aebce41,,1fa559544fcfa68a,B2,16,16,7fe30b1136,3,uav:forest_canopy,ok,mild|uav_forest_canopy|mild|rep3|seed20240909,0.7521
moderate,,nan,uav_forest_canopy,761310394e67760b676621988426895569f151f5b1d3fa99c2a3edbb38aac898,a56957124aebce41,,32b79e61937e34c2,B2,16,16,7fe30b1136,0,uav:forest_canopy,ok,moderate|uav_forest_canopy|moderate|rep0|seed20240909,0.8003
moderate,,nan,uav_forest_canopy,761310394e67760b676621988426895569f151f5b1d3fa99c2a3edbb38aac898,a56957124aebce41,,eba7a4e0d3f0c56b,B2,16,16,7fe30b1136,1,uav:forest_canopy,ok,moderate|uav_forest_canopy|moderate|rep1|seed20240909,0.8109
moderate,,nan,uav_forest_canopy,761310394e67760b676621988426895569f151f5b1d3fa99c2a3edbb38aac898,a56957124aebce41,,fcf843383d079d4a,B2,16,16,7fe30b1136,2,uav:forest_canopy,ok,moderate|uav_forest_canopy|moderate|rep2|seed20240909,0.7823
moderate,,nan,uav_forest_canopy,761310394e67760b676621988426895569f151f5b1d3fa99c2a3edbb38aac898,a56957124aebce41,,dd9b069fe3bbebdf,B2,16,16,7fe30b1136,3,uav:forest_canopy,ok,moderate|uav_forest_canopy|moderate|rep3|seed20240909,0.783
bursty,,nan,uav_forest_canopy,761310394e67760b676621988426895569f151f5b1d3fa99c2a3edbb38aac898,a56957124aebce41,,a80ce55838059cc8,B2,16,16,7fe30b1136,1,uav:forest_canopy,ok,bursty|uav_forest_canopy|bursty|rep1|seed20240909,0.7187
bursty,,nan,uav_forest_canopy,761310394e67760b676621988426895569f151f5b1d3fa99c2a3edbb38aac898,a56957124aebce41,,c33833c74a996c69,B2,16,16,7fe30b1136,0,uav:forest_canopy,ok,bursty|uav_forest_canopy|bursty|rep0|seed20240909,0.7584
moderate,,nan,uav_forest_canopy,761310394e67760b676621988426895569f151f5b1d3fa99c2a3edbb38aac898,a56957124aebce41,,cb4c7f4670710777,B2,16,16,7fe30b1136,4,uav:forest_canopy,ok,moderate|uav_forest_canopy|moderate|rep4|seed20240909,0.8363
bursty,,nan,uav_forest_canopy,761310394e67760b676621988426895569f151f5b1d3fa99c2a3edbb38aac898,a56957124aebce41,,cc102b9b85702e79,B2,16,16,7fe30b1136,2,uav:forest_canopy,ok,bursty|uav_forest_canopy|bursty|rep2|seed20240909,0.7561
bursty,,nan,uav_forest_canopy,761310394e67760b676621988426895569f151f5b1d3fa99c2a3edbb38aac898,a56957124aebce41,,3612c2912c2acef0,B2,16,16,7fe30b1136,3,uav:forest_canopy,ok,bursty|uav_forest_canopy|bursty|rep3|seed20240909,0.6622
bursty,,nan,uav_forest_canopy,761310394e67760b676621988426895569f151f5b1d3fa99c2a3edbb38aac898,a56957124aebce41,,a247d9312e0cdbdb,B2,16,16,7fe30b1136,4,uav:forest_canopy,ok,bursty|uav_forest_canopy|bursty|rep4|seed20240909,0.7286
harsh,,nan,uav_forest_canopy,761310394e67760b676621988426895569f151f5b1d3fa99c2a3edbb38aac898,a56957124aebce41,,06592dc6c9ec2952,B2,16,16,7fe30b1136,0,uav:forest_canopy,ok,harsh|uav_forest_canopy|harsh|rep0|seed20240909,0.8057
harsh,,nan,uav_forest_canopy,761310394e67760b676621988426895569f151f5b1d3fa99c2a3edbb38aac898,a56957124aebce41,,0d53affcd364c150,B2,16,16,7fe30b1136,1,uav:forest_canopy,ok,harsh|uav_forest_canopy|harsh|rep1|seed20240909,0.7523
harsh,,nan,uav_forest_canopy,761310394e67760b676621988426895569f151f5b1d3fa99c2a3edbb38aac898,a56957124aebce41,,ca2cd25218eb98a1,B2,16,16,7fe30b1136,2,uav:forest_canopy,ok,harsh|uav_forest_canopy|harsh|rep2|seed20240909,0.7192
bursty,,nan,uav_forest_canopy,761310394e67760b676621988426895569f151f5b1d3fa99c2a3edbb38aac898,a56957124aebce41,,ff01fee003f952f1,B0d,16,16,7fe30b1136,1,uav:forest_canopy,ok,bursty|uav_forest_canopy|bursty|rep1|seed20240909,8.5834
harsh,,nan,uav_forest_canopy,761310394e67760b676621988426895569f151f5b1d3fa99c2a3edbb38aac898,a56957124aebce41,,a93c22db09ffcca3,B2,16,16,7fe30b1136,3,uav:forest_canopy,ok,harsh|uav_forest_canopy|harsh|rep3|seed20240909,0.7524
harsh,,nan,uav_forest_canopy,761310394e67760b676621988426895569f151f5b1d3fa99c2a3edbb38aac898,a56957124aebce41,,34f3de354baab752,B2,16,16,7fe30b1136,4,uav:forest_canopy,ok,harsh|uav_forest_canopy|harsh|rep4|seed20240909,0.7618
bursty,,nan,uav_forest_canopy,761310394e67760b676621988426895569f151f5b1d3fa99c2a3edbb38aac898,a56957124aebce41,,d241eba96125b5e9,B0d,16,16,7fe30b1136,3,uav:forest_canopy,ok,bursty|uav_forest_canopy|bursty|rep3|seed20240909,8.6627
bursty,,nan,uav_forest_canopy,761310394e67760b676621988426895569f151f5b1d3fa99c2a3edbb38aac898,a56957124aebce41,,a54572363fc48d9c,B0d,16,16,7fe30b1136,2,uav:forest_canopy,ok,bursty|uav_forest_canopy|bursty|rep2|seed20240909,8.7654
bursty,,nan,uav_forest_canopy,761310394e67760b676621988426895569f151f5b1d3fa99c2a3edbb38aac898,a56957124aebce41,,c5f35fea34b80ce5,B0d,16,16,7fe30b1136,4,uav:forest_canopy,ok,bursty|uav_forest_canopy|bursty|rep4|seed20240909,8.5021
clean,,nan,uav_forest_canopy,761310394e67760b676621988426895569f151f5b1d3fa99c2a3edbb38aac898,a56957124aebce41,,13ae0b3e49e4f365,B3,16,16,7fe30b1136,0,uav:forest_canopy,ok,clean|uav_forest_canopy|clean|rep0|seed20240909,6.0498
clean,,nan,uav_forest_canopy,761310394e67760b676621988426895569f151f5b1d3fa99c2a3edbb38aac898,a56957124aebce41,,7f43f2c9e736791b,B3,16,16,7fe30b1136,2,uav:forest_canopy,ok,clean|uav_forest_canopy|clean|rep2|seed20240909,6.0714
clean,,nan,uav_forest_canopy,761310394e67760b676621988426895569f151f5b1d3fa99c2a3edbb38aac898,a56957124aebce41,,c505e1bce99a78c8,B3,16,16,7fe30b1136,1,uav:forest_canopy,ok,clean|uav_forest_canopy|clean|rep1|seed20240909,6.125
clean,,nan,uav_forest_canopy,761310394e67760b676621988426895569f151f5b1d3fa99c2a3edbb38aac898,a56957124aebce41,,96e9812950a90134,B3,16,16,7fe30b1136,3,uav:forest_canopy,ok,clean|uav_forest_canopy|clean|rep3|seed20240909,6.0875
clean,,nan,uav_forest_canopy,761310394e67760b676621988426895569f151f5b1d3fa99c2a3edbb38aac898,a56957124aebce41,,9201be996403ff9b,B3,16,16,7fe30b1136,4,uav:forest_canopy,ok,clean|uav_forest_canopy|clean|rep4|seed20240909,6.2104
mild,,nan,uav_forest_canopy,761310394e67760b676621988426895569f151f5b1d3fa99c2a3edbb38aac898,a56957124aebce41,,8e060c506ceede2f,B3,16,16,7fe30b1136,0,uav:forest_canopy,ok,mild|uav_forest_canopy|mild|rep0|seed20240909,6.4271
mild,,nan,uav_forest_canopy,761310394e67760b676621988426895569f151f5b1d3fa99c2a3edbb38aac898,a56957124aebce41,,17add41e26126717,B3,16,16,7fe30b1136,1,uav:forest_canopy,ok,mild|uav_forest_canopy|mild|rep1|seed20240909,6.4118
mild,,nan,uav_forest_canopy,761310394e67760b676621988426895569f151f5b1d3fa99c2a3edbb38aac898,a56957124aebce41,,664a7a09815bfcb6,B3,16,16,7fe30b1136,4,uav:forest_canopy,ok,mild|uav_forest_canopy|mild|rep4|seed20240909,6.5395
mild,,nan,uav_forest_canopy,761310394e67760b676621988426895569f151f5b1d3fa99c2a3edbb38aac898,a56957124aebce41,,b528cabfe98e363f,B3,16,16,7fe30b1136,2,uav:forest_canopy,ok,mild|uav_forest_canopy|mild|rep2|seed20240909,6.6038
mild,,nan,uav_forest_canopy,761310394e67760b676621988426895569f151f5b1d3fa99c2a3edbb38aac898,a56957124aebce41,,0b626a2b0e7ae4ef,B3,16,16,7fe30b1136,3,uav:forest_canopy,ok,mild|uav_forest_canopy|mild|rep3|seed20240909,6.638
bursty,,nan,uav_forest_canopy,761310394e67760b676621988426895569f151f5b1d3fa99c2a3edbb38aac898,a56957124aebce41,,960bec90fb002f0c,B3,16,16,7fe30b1136,0,uav:forest_canopy,ok,bursty|uav_forest_canopy|bursty|rep0|seed20240909,8.4987
moderate,,nan,uav_forest_canopy,761310394e67760b676621988426895569f151f5b1d3fa99c2a3edbb38aac898,a56957124aebce41,,4fc6647851a6a1b3,B3,16,16,7fe30b1136,2,uav:forest_canopy,ok,moderate|uav_forest_canopy|moderate|rep2|seed20240909,8.8029
moderate,,nan,uav_forest_canopy,761310394e67760b676621988426895569f151f5b1d3fa99c2a3edbb38aac898,a56957124aebce41,,7020de49f387fd5d,B3,16,16,7fe30b1136,1,uav:forest_canopy,ok,moderate|uav_forest_canopy|moderate|rep1|seed20240909,8.9334
moderate,,nan,uav_forest_canopy,761310394e67760b676621988426895569f151f5b1d3fa99c2a3edbb38aac898,a56957124aebce41,,530bb4c6d8db5f67,B3,16,16,7fe30b1136,4,uav:forest_canopy,ok,moderate|uav_forest_canopy|moderate|rep4|seed20240909,8.8285
moderate,,nan,uav_forest_canopy,761310394e67760b676621988426895569f151f5b1d3fa99c2a3edbb38aac898,a56957124aebce41,,7434e746c3f7f94e,B3,16,16,7fe30b1136,0,uav:forest_canopy,ok,moderate|uav_forest_canopy|moderate|rep0|seed20240909,9.0475
moderate,,nan,uav_forest_canopy,761310394e67760b676621988426895569f151f5b1d3fa99c2a3edbb38aac898,a56957124aebce41,,3516110d8f35139a,B3,16,16,7fe30b1136,3,uav:forest_canopy,ok,moderate|uav_forest_canopy|moderate|rep3|seed20240909,8.9486
harsh,,nan,uav_forest_canopy,761310394e67760b676621988426895569f151f5b1d3fa99c2a3edbb38aac898,a56957124aebce41,,73daacd6b7b2da66,B3,16,16,7fe30b1136,0,uav:forest_canopy,ok,harsh|uav_forest_canopy|harsh|rep0|seed20240909,4.3517
harsh,,nan,uav_forest_canopy,761310394e67760b676621988426895569f151f5b1d3fa99c2a3edbb38aac898,a56957124aebce41,,1b15cd5926b1ee99,B3,16,16,7fe30b1136,1,uav:forest_canopy,ok,harsh|uav_forest_canopy|harsh|rep1|seed20240909,4.3572
harsh,,nan,uav_forest_canopy,761310394e67760b676621988426895569f151f5b1d3fa99c2a3edbb38aac898,a56957124aebce41,,727acf552f8f2ddc,B3,16,16,7fe30b1136,4,uav:forest_canopy,ok,harsh|uav_forest_canopy|harsh|rep4|seed20240909,4.0476
harsh,,nan,uav_forest_canopy,761310394e67760b676621988426895569f151f5b1d3fa99c2a3edbb38aac898,a56957124aebce41,,0e7fec6da7b1d9d3,B3,16,16,7fe30b1136,2,uav:forest_canopy,ok,harsh|uav_forest_canopy|harsh|rep2|seed20240909,4.3673
harsh,,nan,uav_forest_canopy,761310394e67760b676621988426895569f151f5b1d3fa99c2a3edbb38aac898,a56957124aebce41,,665d88b7ca9d9b98,B3,16,16,7fe30b1136,3,uav:forest_canopy,ok,harsh|uav_forest_canopy|harsh|rep3|seed20240909,4.2658
clean,,nan,uav_forest_canopy,761310394e67760b676621988426895569f151f5b1d3fa99c2a3edbb38aac898,a56957124aebce41,,d2e9052e2bf54934,B4,16,16,7fe30b1136,0,uav:forest_canopy,ok,clean|uav_forest_canopy|clean|rep0|seed20240909,4.8727
bursty,,nan,uav_forest_canopy,761310394e67760b676621988426895569f151f5b1d3fa99c2a3edbb38aac898,a56957124aebce41,,abcdca12720c143a,B3,16,16,7fe30b1136,4,uav:forest_canopy,ok,bursty|uav_forest_canopy|bursty|rep4|seed20240909,7.9378
bursty,,nan,uav_forest_canopy,761310394e67760b676621988426895569f151f5b1d3fa99c2a3edbb38aac898,a56957124aebce41,,e58e58e33a9adfa7,B3,16,16,7fe30b1136,3,uav:forest_canopy,ok,bursty|uav_forest_canopy|bursty|rep3|seed20240909,8.1197
clean,,nan,uav_forest_canopy,761310394e67760b676621988426895569f151f5b1d3fa99c2a3edbb38aac898,a56957124aebce41,,920be07a3e1439c8,B4,16,16,7fe30b1136,1,uav:forest_canopy,ok,clean|uav_forest_canopy|clean|rep1|seed20240909,4.9606
clean,,nan,uav_forest_canopy,761310394e67760b676621988426895569f151f5b1d3fa99c2a3edbb38aac898,a56957124aebce41,,685cfe9f4c8d5e59,B4,16,16,7fe30b1136,2,uav:forest_canopy,ok,clean|uav_forest_canopy|clean|rep2|seed20240909,4.9022
bursty,,nan,uav_forest_canopy,761310394e67760b676621988426895569f151f5b1d3fa99c2a3edbb38aac898,a56957124aebce41,,9f3bb4b79e9dfc58,B3,16,16,7fe30b1136,2,uav:forest_canopy,ok,bursty|uav_forest_canopy|bursty|rep2|seed20240909,8.3047
clean,,nan,uav_forest_canopy,761310394e67760b676621988426895569f151f5b1d3fa99c2a3edbb38aac898,a56957124aebce41,,008e498814f23176,B4,16,16,7fe30b1136,3,uav:forest_canopy,ok,clean|uav_forest_canopy|clean|rep3|seed20240909,4.9033
clean,,nan,uav_forest_canopy,761310394e67760b676621988426895569f151f5b1d3fa99c2a3edbb38aac898,a56957124aebce41,,d04672f4bec2ceea,B4,16,16,7fe30b1136,4,uav:forest_canopy,ok,clean|uav_forest_canopy|clean|rep4|seed20240909,5.0568
bursty,,nan,uav_forest_canopy,761310394e67760b676621988426895569f151f5b1d3fa99c2a3edbb38aac898,a56957124aebce41,,0fa96772937bb0b0,B3,16,16,7fe30b1136,1,uav:forest_canopy,ok,bursty|uav_forest_canopy|bursty|rep1|seed20240909,8.7009
mild,,nan,uav_forest_canopy,761310394e67760b676621988426895569f151f5b1d3fa99c2a3edbb38aac898,a56957124aebce41,,c39ed9de50d4edc9,B4,16,16,7fe30b1136,0,uav:forest_canopy,ok,mild|uav_forest_canopy|mild|rep0|seed20240909,5.3568
mild,,nan,uav_forest_canopy,761310394e67760b676621988426895569f151f5b1d3fa99c2a3edbb38aac898,a56957124aebce41,,f6665ca881c964de,B4,16,16,7fe30b1136,1,uav:forest_canopy,ok,mild|uav_forest_canopy|mild|rep1|seed20240909,5.4893
mild,,nan,uav_forest_canopy,761310394e67760b676621988426895569f151f5b1d3fa99c2a3edbb38aac898,a56957124aebce41,,835445830afe6fc6,B4,16,16,7fe30b1136,2,uav:forest_canopy,ok,mild|uav_forest_canopy|mild|rep2|seed20240909,5.5103
mild,,nan,uav_forest_canopy,761310394e67760b676621988426895569f151f5b1d3fa99c2a3edbb38aac898,a56957124aebce41,,9056ecd6f4cf135f,B4,16,16,7fe30b1136,3,uav:forest_canopy,ok,mild|uav_forest_canopy|mild|rep3|seed20240909,5.5284
mild,,nan,uav_forest_canopy,761310394e67760b676621988426895569f151f5b1d3fa99c2a3edbb38aac898,a56957124aebce41,,e25aaf559269efc7,B4,16,16,7fe30b1136,4,uav:forest_canopy,ok,mild|uav_forest_canopy|mild|rep4|seed20240909,5.5697
harsh,,nan,uav_forest_canopy,761310394e67760b676621988426895569f151f5b1d3fa99c2a3edbb38aac898,a56957124aebce41,,36f63f74c87455bd,B4,16,16,7fe30b1136,0,uav:forest_canopy,ok,harsh|uav_forest_canopy|harsh|rep0|seed20240909,4.1663
harsh,,nan,uav_forest_canopy,761310394e67760b676621988426895569f151f5b1d3fa99c2a3edbb38aac898,a56957124aebce41,,9af11c7b2a187e7b,B4,16,16,7fe30b1136,1,uav:forest_canopy,ok,harsh|uav_forest_canopy|harsh|rep1|seed20240909,4.0824
harsh,,nan,uav_forest_canopy,761310394e67760b676621988426895569f151f5b1d3fa99c2a3edbb38aac898,a56957124aebce41,,2bf487e5cfc0366e,B4,16,16,7fe30b1136,2,uav:forest_canopy,ok,harsh|uav_forest_canopy|harsh|rep2|seed20240909,4.3345
harsh,,nan,uav_forest_canopy,761310394e67760b676621988426895569f151f5b1d3fa99c2a3edbb38aac898,a56957124aebce41,,c75eae491c66291c,B4,16,16,7fe30b1136,3,uav:forest_canopy,ok,harsh|uav_forest_canopy|harsh|rep3|seed20240909,4.1376
moderate,,nan,uav_forest_canopy,761310394e67760b676621988426895569f151f5b1d3fa99c2a3edbb38aac898,a56957124aebce41,,5e839485973595d2,B4,16,16,7fe30b1136,0,uav:forest_canopy,ok,moderate|uav_forest_canopy|moderate|rep0|seed20240909,9.6751
harsh,,nan,uav_forest_canopy,761310394e67760b676621988426895569f151f5b1d3fa99c2a3edbb38aac898,a56957124aebce41,,9a2b5201bf35a43c,B4,16,16,7fe30b1136,4,uav:forest_canopy,ok,harsh|uav_forest_canopy|harsh|rep4|seed20240909,4.26
moderate,,nan,uav_forest_canopy,761310394e67760b676621988426895569f151f5b1d3fa99c2a3edbb38aac898,a56957124aebce41,,436a34191fd19cee,B4,16,16,7fe30b1136,1,uav:forest_canopy,ok,moderate|uav_forest_canopy|moderate|rep1|seed20240909,9.7603
moderate,,nan,uav_forest_canopy,761310394e67760b676621988426895569f151f5b1d3fa99c2a3edbb38aac898,a56957124aebce41,,27e3473791d1e7f0,B4,16,16,7fe30b1136,2,uav:forest_canopy,ok,moderate|uav_forest_canopy|moderate|rep2|seed20240909,9.2573
bursty,,nan,uav_forest_canopy,761310394e67760b676621988426895569f151f5b1d3fa99c2a3edbb38aac898,a56957124aebce41,,830ddb3cb4fa44c4,B4,16,16,7fe30b1136,3,uav:forest_canopy,ok,bursty|uav_forest_canopy|bursty|rep3|seed20240909,8.9723
bursty,,nan,uav_forest_canopy,761310394e67760b676621988426895569f151f5b1d3fa99c2a3edbb38aac898,a56957124aebce41,,09dae1887fb726df,B4,16,16,7fe30b1136,0,uav:forest_canopy,ok,bursty|uav_forest_canopy|bursty|rep0|seed20240909,9.1339
bursty,,nan,uav_forest_canopy,761310394e67760b676621988426895569f151f5b1d3fa99c2a3edbb38aac898,a56957124aebce41,,65d570bdf60a4587,B4,16,16,7fe30b1136,1,uav:forest_canopy,ok,bursty|uav_forest_canopy|bursty|rep1|seed20240909,9.1765
bursty,,nan,uav_forest_canopy,761310394e67760b676621988426895569f151f5b1d3fa99c2a3edbb38aac898,a56957124aebce41,,efc8640c09707ce9,B4,16,16,7fe30b1136,2,uav:forest_canopy,ok,bursty|uav_forest_canopy|bursty|rep2|seed20240909,9.2133
bursty,,nan,uav_forest_canopy,761310394e67760b676621988426895569f151f5b1d3fa99c2a3edbb38aac898,a56957124aebce41,,9cbfd0b79cbb7133,B4,16,16,7fe30b1136,4,uav:forest_canopy,ok,bursty|uav_forest_canopy|bursty|rep4|seed20240909,9.0117
moderate,,nan,uav_forest_canopy,761310394e67760b676621988426895569f151f5b1d3fa99c2a3edbb38aac898,a56957124aebce41,,4864f26da11da0c6,B4,16,16,7fe30b1136,4,uav:forest_canopy,ok,moderate|uav_forest_canopy|moderate|rep4|seed20240909,9.5567
moderate,,nan,uav_forest_canopy,761310394e67760b676621988426895569f151f5b1d3fa99c2a3edbb38aac898,a56957124aebce41,,aa9c0aaec0922c71,B4,16,16,7fe30b1136,3,uav:forest_canopy,ok,moderate|uav_forest_canopy|moderate|rep3|seed20240909,9.7229
clean,,nan,uav_forest_canopy,761310394e67760b676621988426895569f151f5b1d3fa99c2a3edbb38aac898,a56957124aebce41,,62f314dc88e71c4d,P,16,16,f6706417e8,0,uav:forest_canopy,ok,clean|uav_forest_canopy|clean|rep0|seed20240909,9.5447
clean,,nan,uav_forest_canopy,761310394e67760b676621988426895569f151f5b1d3fa99c2a3edbb38aac898,a56957124aebce41,,c28df88caaaede24,P,16,16,f6706417e8,1,uav:forest_canopy,ok,clean|uav_forest_canopy|clean|rep1|seed20240909,9.3524
clean,,nan,uav_forest_canopy,761310394e67760b676621988426895569f151f5b1d3fa99c2a3edbb38aac898,a56957124aebce41,,3c48d7365496c1c5,P,16,16,f6706417e8,2,uav:forest_canopy,ok,clean|uav_forest_canopy|clean|rep2|seed20240909,9.2134
clean,,nan,uav_forest_canopy,761310394e67760b676621988426895569f151f5b1d3fa99c2a3edbb38aac898,a56957124aebce41,,eb569f5dd5ab807b,P,16,16,f6706417e8,3,uav:forest_canopy,ok,clean|uav_forest_canopy|clean|rep3|seed20240909,9.2173
clean,,nan,uav_forest_canopy,761310394e67760b676621988426895569f151f5b1d3fa99c2a3edbb38aac898,a56957124aebce41,,97870fcae79d0c51,P,16,16,f6706417e8,4,uav:forest_canopy,ok,clean|uav_forest_canopy|clean|rep4|seed20240909,9.2375
mild,,nan,uav_forest_canopy,761310394e67760b676621988426895569f151f5b1d3fa99c2a3edbb38aac898,a56957124aebce41,,f1a0e6985e7a5f28,P,16,16,f6706417e8,1,uav:forest_canopy,ok,mild|uav_forest_canopy|mild|rep1|seed20240909,9.4875
mild,,nan,uav_forest_canopy,761310394e67760b676621988426895569f151f5b1d3fa99c2a3edbb38aac898,a56957124aebce41,,9a3c48840a93af76,P,16,16,f6706417e8,0,uav:forest_canopy,ok,mild|uav_forest_canopy|mild|rep0|seed20240909,9.7072
mild,,nan,uav_forest_canopy,761310394e67760b676621988426895569f151f5b1d3fa99c2a3edbb38aac898,a56957124aebce41,,c73834dcb2595a58,P,16,16,f6706417e8,2,uav:forest_canopy,ok,mild|uav_forest_canopy|mild|rep2|seed20240909,9.5413
mild,,nan,uav_forest_canopy,761310394e67760b676621988426895569f151f5b1d3fa99c2a3edbb38aac898,a56957124aebce41,,8c3243a883b1cb46,P,16,16,f6706417e8,3,uav:forest_canopy,ok,mild|uav_forest_canopy|mild|rep3|seed20240909,9.7375
mild,,nan,uav_forest_canopy,761310394e67760b676621988426895569f151f5b1d3fa99c2a3edbb38aac898,a56957124aebce41,,8aeedeaa6a91164b,P,16,16,f6706417e8,4,uav:forest_canopy,ok,mild|uav_forest_canopy|mild|rep4|seed20240909,9.5647
clean,,nan,uav_forest_fast,8d77d63cd8d08e2b7dd373a18e7c34087b4cb54413abf2c96b8d7a3642af3357,a56957124aebce41,,2e64dce890ad8a17,B0a,16,16,7fe30b1136,0,uav:forest_fast,ok,clean|uav_forest_fast|clean|rep0|seed20240909,0.529
clean,,nan,uav_forest_fast,8d77d63cd8d08e2b7dd373a18e7c34087b4cb54413abf2c96b8d7a3642af3357,a56957124aebce41,,764e4659c5c40a76,B0a,16,16,7fe30b1136,1,uav:forest_fast,ok,clean|uav_forest_fast|clean|rep1|seed20240909,0.6119
clean,,nan,uav_forest_fast,8d77d63cd8d08e2b7dd373a18e7c34087b4cb54413abf2c96b8d7a3642af3357,a56957124aebce41,,aadee2cf4762496d,B0a,16,16,7fe30b1136,2,uav:forest_fast,ok,clean|uav_forest_fast|clean|rep2|seed20240909,0.8887
clean,,nan,uav_forest_fast,8d77d63cd8d08e2b7dd373a18e7c34087b4cb54413abf2c96b8d7a3642af3357,a56957124aebce41,,973507ae724e525f,B0a,16,16,7fe30b1136,3,uav:forest_fast,ok,clean|uav_forest_fast|clean|rep3|seed20240909,0.4859
clean,,nan,uav_forest_fast,8d77d63cd8d08e2b7dd373a18e7c34087b4cb54413abf2c96b8d7a3642af3357,a56957124aebce41,,0af5d18523ac4d37,B0a,16,16,7fe30b1136,4,uav:forest_fast,ok,clean|uav_forest_fast|clean|rep4|seed20240909,0.8655
harsh,,nan,uav_forest_canopy,761310394e67760b676621988426895569f151f5b1d3fa99c2a3edbb38aac898,a56957124aebce41,,c67ff682366f16f5,P,16,16,f6706417e8,0,uav:forest_canopy,ok,harsh|uav_forest_canopy|harsh|rep0|seed20240909,6.7011
harsh,,nan,uav_forest_canopy,761310394e67760b676621988426895569f151f5b1d3fa99c2a3edbb38aac898,a56957124aebce41,,747ff8d47b5a8948,P,16,16,f6706417e8,1,uav:forest_canopy,ok,harsh|uav_forest_canopy|harsh|rep1|seed20240909,6.8221
mild,,nan,uav_forest_fast,8d77d63cd8d08e2b7dd373a18e7c34087b4cb54413abf2c96b8d7a3642af3357,a56957124aebce41,,cc2cc61dcbb025cd,B0a,16,16,7fe30b1136,0,uav:forest_fast,ok,mild|uav_forest_fast|mild|rep0|seed20240909,1.1846
harsh,,nan,uav_forest_canopy,761310394e67760b676621988426895569f151f5b1d3fa99c2a3edbb38aac898,a56957124aebce41,,029a9f156fc3e941,P,16,16,f6706417e8,2,uav:forest_canopy,ok,harsh|uav_forest_canopy|harsh|rep2|seed20240909,6.9807
harsh,,nan,uav_forest_canopy,761310394e67760b676621988426895569f151f5b1d3fa99c2a3edbb38aac898,a56957124aebce41,,d7cd545caa152fdf,P,16,16,f6706417e8,3,uav:forest_canopy,ok,harsh|uav_forest_canopy|harsh|rep3|seed20240909,6.9881
mild,,nan,uav_forest_fast,8d77d63cd8d08e2b7dd373a18e7c34087b4cb54413abf2c96b8d7a3642af3357,a56957124aebce41,,b3a75e09512d72a6,B0a,16,16,7fe30b1136,1,uav:forest_fast,ok,mild|uav_forest_fast|mild|rep1|seed20240909,1.2838
mild,,nan,uav_forest_fast,8d77d63cd8d08e2b7dd373a18e7c34087b4cb54413abf2c96b8d7a3642af3357,a56957124aebce41,,0e238e5f9f940f18,B0a,16,16,7fe30b1136,2,uav:forest_fast,ok,mild|uav_forest_fast|mild|rep2|seed20240909,0.8469
mild,,nan,uav_forest_fast,8d77d63cd8d08e2b7dd373a18e7c34087b4cb54413abf2c96b8d7a3642af3357,a56957124aebce41,,a10e3e8cfe611575,B0a,16,16,7fe30b1136,3,uav:forest_fast,ok,mild|uav_forest_fast|mild|rep3|seed20240909,0.7074
mild,,nan,uav_forest_fast,8d77d63cd8d08e2b7dd373a18e7c34087b4cb54413abf2c96b8d7a3642af3357,a56957124aebce41,,cfe48b732d857568,B0a,16,16,7fe30b1136,4,uav:forest_fast,ok,mild|uav_forest_fast|mild|rep4|seed20240909,0.803
harsh,,nan,uav_forest_canopy,761310394e67760b676621988426895569f151f5b1d3fa99c2a3edbb38aac898,a56957124aebce41,,99c73f83341e149c,P,16,16,f6706417e8,4,uav:forest_canopy,ok,harsh|uav_forest_canopy|harsh|rep4|seed20240909,7.425
moderate,,nan,uav_forest_fast,8d77d63cd8d08e2b7dd373a18e7c34087b4cb54413abf2c96b8d7a3642af3357,a56957124aebce41,,0c315ca2bb15344b,B0a,16,16,7fe30b1136,0,uav:forest_fast,ok,moderate|uav_forest_fast|moderate|rep0|seed20240909,0.8196
moderate,,nan,uav_forest_fast,8d77d63cd8d08e2b7dd373a18e7c34087b4cb54413abf2c96b8d7a3642af3357,a56957124aebce41,,b540f084641e02e3,B0a,16,16,7fe30b1136,1,uav:forest_fast,ok,moderate|uav_forest_fast|moderate|rep1|seed20240909,0.8189
moderate,,nan,uav_forest_fast,8d77d63cd8d08e2b7dd373a18e7c34087b4cb54413abf2c96b8d7a3642af3357,a56957124aebce41,,5a72be6428733368,B0a,16,16,7fe30b1136,2,uav:forest_fast,ok,moderate|uav_forest_fast|moderate|rep2|seed20240909,0.7806
moderate,,nan,uav_forest_fast,8d77d63cd8d08e2b7dd373a18e7c34087b4cb54413abf2c96b8d7a3642af3357,a56957124aebce41,,5a11d455faed3022,B0a,16,16,7fe30b1136,3,uav:forest_fast,ok,moderate|uav_forest_fast|moderate|rep3|seed20240909,0.812
moderate,,nan,uav_forest_fast,8d77d63cd8d08e2b7dd373a18e7c34087b4cb54413abf2c96b8d7a3642af3357,a56957124aebce41,,ba88dac7823681f6,B0a,16,16,7fe30b1136,4,uav:forest_fast,ok,moderate|uav_forest_fast|moderate|rep4|seed20240909,0.8274
bursty,,nan,uav_forest_fast,8d77d63cd8d08e2b7dd373a18e7c34087b4cb54413abf2c96b8d7a3642af3357,a56957124aebce41,,8c73ce949bac1db1,B0a,16,16,7fe30b1136,1,uav:forest_fast,ok,bursty|uav_forest_fast|bursty|rep1|seed20240909,0.738
bursty,,nan,uav_forest_fast,8d77d63cd8d08e2b7dd373a18e7c34087b4cb54413abf2c96b8d7a3642af3357,a56957124aebce41,,47c5b75624370728,B0a,16,16,7fe30b1136,0,uav:forest_fast,ok,bursty|uav_forest_fast|bursty|rep0|seed20240909,0.8169
bursty,,nan,uav_forest_fast,8d77d63cd8d08e2b7dd373a18e7c34087b4cb54413abf2c96b8d7a3642af3357,a56957124aebce41,,a20b5f6d3c7b78d1,B0a,16,16,7fe30b1136,2,uav:forest_fast,ok,bursty|uav_forest_fast|bursty|rep2|seed20240909,0.7976
bursty,,nan,uav_forest_fast,8d77d63cd8d08e2b7dd373a18e7c34087b4cb54413abf2c96b8d7a3642af3357,a56957124aebce41,,6d4b8cfe906a93c1,B0a,16,16,7fe30b1136,3,uav:forest_fast,ok,bursty|uav_forest_fast|bursty|rep3|seed20240909,0.7181
bursty,,nan,uav_forest_fast,8d77d63cd8d08e2b7dd373a18e7c34087b4cb54413abf2c96b8d7a3642af3357,a56957124aebce41,,8019f5c3b1de54d5,B0a,16,16,7fe30b1136,4,uav:forest_fast,ok,bursty|uav_forest_fast|bursty|rep4|seed20240909,0.7659
harsh,,nan,uav_forest_fast,8d77d63cd8d08e2b7dd373a18e7c34087b4cb54413abf2c96b8d7a3642af3357,a56957124aebce41,,0dc5db9203eb07f5,B0a,16,16,7fe30b1136,1,uav:forest_fast,ok,harsh|uav_forest_fast|harsh|rep1|seed20240909,0.7525
harsh,,nan,uav_forest_fast,8d77d63cd8d08e2b7dd373a18e7c34087b4cb54413abf2c96b8d7a3642af3357,a56957124aebce41,,1fbe5359761aaad6,B0a,16,16,7fe30b1136,0,uav:forest_fast,ok,harsh|uav_forest_fast|harsh|rep0|seed20240909,0.7738
harsh,,nan,uav_forest_fast,8d77d63cd8d08e2b7dd373a18e7c34087b4cb54413abf2c96b8d7a3642af3357,a56957124aebce41,,8581a007918ddd30,B0a,16,16,7fe30b1136,2,uav:forest_fast,ok,harsh|uav_forest_fast|harsh|rep2|seed20240909,0.7806
harsh,,nan,uav_forest_fast,8d77d63cd8d08e2b7dd373a18e7c34087b4cb54413abf2c96b8d7a3642af3357,a56957124aebce41,,0802ba4972b20b81,B0a,16,16,7fe30b1136,3,uav:forest_fast,ok,harsh|uav_forest_fast|harsh|rep3|seed20240909,0.7896
harsh,,nan,uav_forest_fast,8d77d63cd8d08e2b7dd373a18e7c34087b4cb54413abf2c96b8d7a3642af3357,a56957124aebce41,,47d382168035718a,B0a,16,16,7fe30b1136,4,uav:forest_fast,ok,harsh|uav_forest_fast|harsh|rep4|seed20240909,0.7814
moderate,,nan,uav_forest_canopy,761310394e67760b676621988426895569f151f5b1d3fa99c2a3edbb38aac898,a56957124aebce41,,ba1e90882c5bc560,P,16,16,f6706417e8,2,uav:forest_canopy,ok,moderate|uav_forest_canopy|moderate|rep2|seed20240909,17.4992
clean,,nan,uav_forest_fast,8d77d63cd8d08e2b7dd373a18e7c34087b4cb54413abf2c96b8d7a3642af3357,a56957124aebce41,,3a0734779e60b205,B0a-R,16,16,7fe30b1136,0,uav:forest_fast,ok,clean|uav_forest_fast|clean|rep0|seed20240909,1.3878
moderate,,nan,uav_forest_canopy,761310394e67760b676621988426895569f151f5b1d3fa99c2a3edbb38aac898,a56957124aebce41,,39f47e997f1050f2,P,16,16,f6706417e8,0,uav:forest_canopy,ok,moderate|uav_forest_canopy|moderate|rep0|seed20240909,17.8423
clean,,nan,uav_forest_fast,8d77d63cd8d08e2b7dd373a18e7c34087b4cb54413abf2c96b8d7a3642af3357,a56957124aebce41,,6f3af7d6a63b963f,B0a-R,16,16,7fe30b1136,2,uav:forest_fast,ok,clean|uav_forest_fast|clean|rep2|seed20240909,1.4807
clean,,nan,uav_forest_fast,8d77d63cd8d08e2b7dd373a18e7c34087b4cb54413abf2c96b8d7a3642af3357,a56957124aebce41,,ef986d83feeed858,B0a-R,16,16,7fe30b1136,1,uav:forest_fast,ok,clean|uav_forest_fast|clean|rep1|seed20240909,1.5015
moderate,,nan,uav_forest_canopy,761310394e67760b676621988426895569f151f5b1d3fa99c2a3edbb38aac898,a56957124aebce41,,a6cfab5a156c95c3,P,16,16,f6706417e8,1,uav:forest_canopy,ok,moderate|uav_forest_canopy|moderate|rep1|seed20240909,17.9786
clean,,nan,uav_forest_fast,8d77d63cd8d08e2b7dd373a18e7c34087b4cb54413abf2c96b8d7a3642af3357,a56957124aebce41,,b1a8ee9bb96d99d2,B0a-R,16,16,7fe30b1136,3,uav:forest_fast,ok,clean|uav_forest_fast|clean|rep3|seed20240909,1.5219
clean,,nan,uav_forest_fast,8d77d63cd8d08e2b7dd373a18e7c34087b4cb54413abf2c96b8d7a3642af3357,a56957124aebce41,,977ff4211ca22711,B0a-R,16,16,7fe30b1136,4,uav:forest_fast,ok,clean|uav_forest_fast|clean|rep4|seed20240909,1.5071
bursty,,nan,uav_forest_canopy,761310394e67760b676621988426895569f151f5b1d3fa99c2a3edbb38aac898,a56957124aebce41,,3c9d7b2f7b7629a2,P,16,16,f6706417e8,0,uav:forest_canopy,ok,bursty|uav_forest_canopy|bursty|rep0|seed20240909,18.1862
moderate,,nan,uav_forest_canopy,761310394e67760b676621988426895569f151f5b1d3fa99c2a3edbb38aac898,a56957124aebce41,,fe4166deb00942f1,P,16,16,f6706417e8,4,uav:forest_canopy,ok,moderate|uav_forest_canopy|moderate|rep4|seed20240909,18.3737
moderate,,nan,uav_forest_canopy,761310394e67760b676621988426895569f151f5b1d3fa99c2a3edbb38aac898,a56957124aebce41,,dc0833397338c77e,P,16,16,f6706417e8,3,uav:forest_canopy,ok,moderate|uav_forest_canopy|moderate|rep3|seed20240909,18.7179
mild,,nan,uav_forest_fast,8d77d63cd8d08e2b7dd373a18e7c34087b4cb54413abf2c96b8d7a3642af3357,a56957124aebce41,,bfe503412abbd9e1,B0a-R,16,16,7fe30b1136,0,uav:forest_fast,ok,mild|uav_forest_fast|mild|rep0|seed20240909,2.4046
bursty,,nan,uav_forest_canopy,761310394e67760b676621988426895569f151f5b1d3fa99c2a3edbb38aac898,a56957124aebce41,,ec76589935159395,P,16,16,f6706417e8,1,uav:forest_canopy,ok,bursty|uav_forest_canopy|bursty|rep1|seed20240909,18.279
mild,,nan,uav_forest_fast,8d77d63cd8d08e2b7dd373a18e7c34087b4cb54413abf2c96b8d7a3642af3357,a56957124aebce41,,98232db54a5711a0,B0a-R,16,16,7fe30b1136,1,uav:forest_fast,ok,mild|uav_forest_fast|mild|rep1|seed20240909,3.5632
mild,,nan,uav_forest_fast,8d77d63cd8d08e2b7dd373a18e7c34087b4cb54413abf2c96b8d7a3642af3357,a56957124aebce41,,abfc98cf776ff015,B0a-R,16,16,7fe30b1136,2,uav:forest_fast,ok,mild|uav_forest_fast|mild|rep2|seed20240909,3.4434
mild,,nan,uav_forest_fast,8d77d63cd8d08e2b7dd373a18e7c34087b4cb54413abf2c96b8d7a3642af3357,a56957124aebce41,,bcad51023c78b05a,B0a-R,16,16,7fe30b1136,3,uav:forest_fast,ok,mild|uav_forest_fast|mild|rep3|seed20240909,4.0483
mild,,nan,uav_forest_fast,8d77d63cd8d08e2b7dd373a18e7c34087b4cb54413abf2c96b8d7a3642af3357,a56957124aebce41,,11797ba86c7478de,B0a-R,16,16,7fe30b1136,4,uav:forest_fast,ok,mild|uav_forest_fast|mild|rep4|seed20240909,3.9227
moderate,,nan,uav_forest_fast,8d77d63cd8d08e2b7dd373a18e7c34087b4cb54413abf2c96b8d7a3642af3357,a56957124aebce41,,5b59b681af2516ea,B0a-R,16,16,7fe30b1136,2,uav:forest_fast,ok,moderate|uav_forest_fast|moderate|rep2|seed20240909,4.2851
moderate,,nan,uav_forest_fast,8d77d63cd8d08e2b7dd373a18e7c34087b4cb54413abf2c96b8d7a3642af3357,a56957124aebce41,,82f2bed0a650f2a5,B0a-R,16,16,7fe30b1136,0,uav:forest_fast,ok,moderate|uav_forest_fast|moderate|rep0|seed20240909,4.6044
bursty,,nan,uav_forest_fast,8d77d63cd8d08e2b7dd373a18e7c34087b4cb54413abf2c96b8d7a3642af3357,a56957124aebce41,,3672ac5843954ca6,B0a-R,16,16,7fe30b1136,0,uav:forest_fast,ok,bursty|uav_forest_fast|bursty|rep0|seed20240909,3.9541
moderate,,nan,uav_forest_fast,8d77d63cd8d08e2b7dd373a18e7c34087b4cb54413abf2c96b8d7a3642af3357,a56957124aebce41,,5ccda2fddd5a3d56,B0a-R,16,16,7fe30b1136,3,uav:forest_fast,ok,moderate|uav_forest_fast|moderate|rep3|seed20240909,4.7227
moderate,,nan,uav_forest_fast,8d77d63cd8d08e2b7dd373a18e7c34087b4cb54413abf2c96b8d7a3642af3357,a56957124aebce41,,a9d6703993595a81,B0a-R,16,16,7fe30b1136,1,uav:forest_fast,ok,moderate|uav_forest_fast|moderate|rep1|seed20240909,4.9787
bursty,,nan,uav_forest_fast,8d77d63cd8d08e2b7dd373a18e7c34087b4cb54413abf2c96b8d7a3642af3357,a56957124aebce41,,3a4a0e66dc23c152,B0a-R,16,16,7fe30b1136,2,uav:forest_fast,ok,bursty|uav_forest_fast|bursty|rep2|seed20240909,3.715
moderate,,nan,uav_forest_fast,8d77d63cd8d08e2b7dd373a18e7c34087b4cb54413abf2c96b8d7a3642af3357,a56957124aebce41,,c17a80f53851deb9,B0a-R,16,16,7fe30b1136,4,uav:forest_fast,ok,moderate|uav_forest_fast|moderate|rep4|seed20240909,4.6518
bursty,,nan,uav_forest_canopy,761310394e67760b676621988426895569f151f5b1d3fa99c2a3edbb38aac898,a56957124aebce41,,0de7c6c2cbb4255b,P,16,16,f6706417e8,3,uav:forest_canopy,ok,bursty|uav_forest_canopy|bursty|rep3|seed20240909,18.3664
bursty,,nan,uav_forest_fast,8d77d63cd8d08e2b7dd373a18e7c34087b4cb54413abf2c96b8d7a3642af3357,a56957124aebce41,,c7b22eb2a9f16785,B0a-R,16,16,7fe30b1136,1,uav:forest_fast,ok,bursty|uav_forest_fast|bursty|rep1|seed20240909,4.4899
bursty,,nan,uav_forest_fast,8d77d63cd8d08e2b7dd373a18e7c34087b4cb54413abf2c96b8d7a3642af3357,a56957124aebce41,,492b870ac12c687b,B0a-R,16,16,7fe30b1136,4,uav:forest_fast,ok,bursty|uav_forest_fast|bursty|rep4|seed20240909,3.1884
bursty,,nan,uav_forest_fast,8d77d63cd8d08e2b7dd373a18e7c34087b4cb54413abf2c96b8d7a3642af3357,a56957124aebce41,,9b1942cf9f467c64,B0a-R,16,16,7fe30b1136,3,uav:forest_fast,ok,bursty|uav_forest_fast|bursty|rep3|seed20240909,3.2232
harsh,,nan,uav_forest_fast,8d77d63cd8d08e2b7dd373a18e7c34087b4cb54413abf2c96b8d7a3642af3357,a56957124aebce41,,1cdd813624f263e9,B0a-R,16,16,7fe30b1136,0,uav:forest_fast,ok,harsh|uav_forest_fast|harsh|rep0|seed20240909,3.372
bursty,,nan,uav_forest_canopy,761310394e67760b676621988426895569f151f5b1d3fa99c2a3edbb38aac898,a56957124aebce41,,fa8beba90815bda6,P,16,16,f6706417e8,4,uav:forest_canopy,ok,bursty|uav_forest_canopy|bursty|rep4|seed20240909,19.4138
harsh,,nan,uav_forest_fast,8d77d63cd8d08e2b7dd373a18e7c34087b4cb54413abf2c96b8d7a3642af3357,a56957124aebce41,,2d7608909603dbec,B0a-R,16,16,7fe30b1136,2,uav:forest_fast,ok,harsh|uav_forest_fast|harsh|rep2|seed20240909,2.9069
bursty,,nan,uav_forest_canopy,761310394e67760b676621988426895569f151f5b1d3fa99c2a3edbb38aac898,a56957124aebce41,,5b8fe5e63bf0367d,P,16,16,f6706417e8,2,uav:forest_canopy,ok,bursty|uav_forest_canopy|bursty|rep2|seed20240909,20.08
harsh,,nan,uav_forest_fast,8d77d63cd8d08e2b7dd373a18e7c34087b4cb54413abf2c96b8d7a3642af3357,a56957124aebce41,,e1c6777929c5af21,B0a-R,16,16,7fe30b1136,1,uav:forest_fast,ok,harsh|uav_forest_fast|harsh|rep1|seed20240909,3.0078
harsh,,nan,uav_forest_fast,8d77d63cd8d08e2b7dd373a18e7c34087b4cb54413abf2c96b8d7a3642af3357,a56957124aebce41,,e2a5c15f09e216e8,B0a-R,16,16,7fe30b1136,3,uav:forest_fast,ok,harsh|uav_forest_fast|harsh|rep3|seed20240909,2.6333
harsh,,nan,uav_forest_fast,8d77d63cd8d08e2b7dd373a18e7c34087b4cb54413abf2c96b8d7a3642af3357,a56957124aebce41,,99d0c828369af5ee,B0a-R,16,16,7fe30b1136,4,uav:forest_fast,ok,harsh|uav_forest_fast|harsh|rep4|seed20240909,2.6413
clean,,nan,uav_forest_fast,8d77d63cd8d08e2b7dd373a18e7c34087b4cb54413abf2c96b8d7a3642af3357,a56957124aebce41,,baf58b9857a86248,B0d,16,16,7fe30b1136,3,uav:forest_fast,ok,clean|uav_forest_fast|clean|rep3|seed20240909,5.891
clean,,nan,uav_forest_fast,8d77d63cd8d08e2b7dd373a18e7c34087b4cb54413abf2c96b8d7a3642af3357,a56957124aebce41,,752a8ee4c4b46a5b,B0d,16,16,7fe30b1136,0,uav:forest_fast,ok,clean|uav_forest_fast|clean|rep0|seed20240909,6.4314
clean,,nan,uav_forest_fast,8d77d63cd8d08e2b7dd373a18e7c34087b4cb54413abf2c96b8d7a3642af3357,a56957124aebce41,,84c5c2f8fcc4c730,B0d,16,16,7fe30b1136,1,uav:forest_fast,ok,clean|uav_forest_fast|clean|rep1|seed20240909,6.2156
clean,,nan,uav_forest_fast,8d77d63cd8d08e2b7dd373a18e7c34087b4cb54413abf2c96b8d7a3642af3357,a56957124aebce41,,0ba88095933197d1,B0d,16,16,7fe30b1136,2,uav:forest_fast,ok,clean|uav_forest_fast|clean|rep2|seed20240909,6.2185
clean,,nan,uav_forest_fast,8d77d63cd8d08e2b7dd373a18e7c34087b4cb54413abf2c96b8d7a3642af3357,a56957124aebce41,,61d2f716461c12f4,B0d,16,16,7fe30b1136,4,uav:forest_fast,ok,clean|uav_forest_fast|clean|rep4|seed20240909,6.0996
mild,,nan,uav_forest_fast,8d77d63cd8d08e2b7dd373a18e7c34087b4cb54413abf2c96b8d7a3642af3357,a56957124aebce41,,8cdbf9899540be27,B0d,16,16,7fe30b1136,0,uav:forest_fast,ok,mild|uav_forest_fast|mild|rep0|seed20240909,6.6453
mild,,nan,uav_forest_fast,8d77d63cd8d08e2b7dd373a18e7c34087b4cb54413abf2c96b8d7a3642af3357,a56957124aebce41,,6c04cc11c242304b,B0d,16,16,7fe30b1136,1,uav:forest_fast,ok,mild|uav_forest_fast|mild|rep1|seed20240909,6.6699
mild,,nan,uav_forest_fast,8d77d63cd8d08e2b7dd373a18e7c34087b4cb54413abf2c96b8d7a3642af3357,a56957124aebce41,,72ff57e3a7233812,B0d,16,16,7fe30b1136,2,uav:forest_fast,ok,mild|uav_forest_fast|mild|rep2|seed20240909,6.8255
mild,,nan,uav_forest_fast,8d77d63cd8d08e2b7dd373a18e7c34087b4cb54413abf2c96b8d7a3642af3357,a56957124aebce41,,9380ae8b00d784ef,B0d,16,16,7fe30b1136,4,uav:forest_fast,ok,mild|uav_forest_fast|mild|rep4|seed20240909,6.8052
mild,,nan,uav_forest_fast,8d77d63cd8d08e2b7dd373a18e7c34087b4cb54413abf2c96b8d7a3642af3357,a56957124aebce41,,3393112fa65a6ad1,B0d,16,16,7fe30b1136,3,uav:forest_fast,ok,mild|uav_forest_fast|mild|rep3|seed20240909,7.07
clean,,nan,uav_forest_fast,8d77d63cd8d08e2b7dd373a18e7c34087b4cb54413abf2c96b8d7a3642af3357,a56957124aebce41,,eb16247c2ccde678,B1,16,16,7fe30b1136,0,uav:forest_fast,ok,clean|uav_forest_fast|clean|rep0|seed20240909,0.5486
clean,,nan,uav_forest_fast,8d77d63cd8d08e2b7dd373a18e7c34087b4cb54413abf2c96b8d7a3642af3357,a56957124aebce41,,568ee8b572e0512f,B1,16,16,7fe30b1136,1,uav:forest_fast,ok,clean|uav_forest_fast|clean|rep1|seed20240909,0.4949
clean,,nan,uav_forest_fast,8d77d63cd8d08e2b7dd373a18e7c34087b4cb54413abf2c96b8d7a3642af3357,a56957124aebce41,,25c93181c9432dff,B1,16,16,7fe30b1136,2,uav:forest_fast,ok,clean|uav_forest_fast|clean|rep2|seed20240909,0.4983
harsh,,nan,uav_forest_fast,8d77d63cd8d08e2b7dd373a18e7c34087b4cb54413abf2c96b8d7a3642af3357,a56957124aebce41,,4061cec54d0d6850,B0d,16,16,7fe30b1136,0,uav:forest_fast,ok,harsh|uav_forest_fast|harsh|rep0|seed20240909,4.163
clean,,nan,uav_forest_fast,8d77d63cd8d08e2b7dd373a18e7c34087b4cb54413abf2c96b8d7a3642af3357,a56957124aebce41,,2d17457d662c7b28,B1,16,16,7fe30b1136,3,uav:forest_fast,ok,clean|uav_forest_fast|clean|rep3|seed20240909,0.5092
harsh,,nan,uav_forest_fast,8d77d63cd8d08e2b7dd373a18e7c34087b4cb54413abf2c96b8d7a3642af3357,a56957124aebce41,,1bec6e9c756fc30b,B0d,16,16,7fe30b1136,1,uav:forest_fast,ok,harsh|uav_forest_fast|harsh|rep1|seed20240909,3.7972
harsh,,nan,uav_forest_fast,8d77d63cd8d08e2b7dd373a18e7c34087b4cb54413abf2c96b8d7a3642af3357,a56957124aebce41,,a3f6c389bcb4c4a3,B0d,16,16,7fe30b1136,2,uav:forest_fast,ok,harsh|uav_forest_fast|harsh|rep2|seed20240909,3.8067
clean,,nan,uav_forest_fast,8d77d63cd8d08e2b7dd373a18e7c34087b4cb54413abf2c96b8d7a3642af3357,a56957124aebce41,,7810a5aa809ddd61,B1,16,16,7fe30b1136,4,uav:forest_fast,ok,clean|uav_forest_fast|clean|rep4|seed20240909,0.5326
mild,,nan,uav_forest_fast,8d77d63cd8d08e2b7dd373a18e7c34087b4cb54413abf2c96b8d7a3642af3357,a56957124aebce41,,8b3fc1c81ac9ff03,B1,16,16,7fe30b1136,0,uav:forest_fast,ok,mild|uav_forest_fast|mild|rep0|seed20240909,0.6629
mild,,nan,uav_forest_fast,8d77d63cd8d08e2b7dd373a18e7c34087b4cb54413abf2c96b8d7a3642af3357,a56957124aebce41,,9ec4b8221f22d6e8,B1,16,16,7fe30b1136,1,uav:forest_fast,ok,mild|uav_forest_fast|mild|rep1|seed20240909,0.6431
moderate,,nan,uav_forest_fast,8d77d63cd8d08e2b7dd373a18e7c34087b4cb54413abf2c96b8d7a3642af3357,a56957124aebce41,,d1e9bd884577edf4,B0d,16,16,7fe30b1136,3,uav:forest_fast,ok,moderate|uav_forest_fast|moderate|rep3|seed20240909,9.7405
mild,,nan,uav_forest_fast,8d77d63cd8d08e2b7dd373a18e7c34087b4cb54413abf2c96b8d7a3642af3357,a56957124aebce41,,ab936f15ce2bf70d,B1,16,16,7fe30b1136,2,uav:forest_fast,ok,mild|uav_forest_fast|mild|rep2|seed20240909,0.7232
moderate,,nan,uav_forest_fast,8d77d63cd8d08e2b7dd373a18e7c34087b4cb54413abf2c96b8d7a3642af3357,a56957124aebce41,,c597312ce003005e,B0d,16,16,7fe30b1136,2,uav:forest_fast,ok,moderate|uav_forest_fast|moderate|rep2|seed20240909,9.8495
mild,,nan,uav_forest_fast,8d77d63cd8d08e2b7dd373a18e7c34087b4cb54413abf2c96b8d7a3642af3357,a56957124aebce41,,6928dde2062633d5,B1,16,16,7fe30b1136,3,uav:forest_fast,ok,mild|uav_forest_fast|mild|rep3|seed20240909,0.7142
harsh,,nan,uav_forest_fast,8d77d63cd8d08e2b7dd373a18e7c34087b4cb54413abf2c96b8d7a3642af3357,a56957124aebce41,,1e5af782c75dc2d1,B0d,16,16,7fe30b1136,3,uav:forest_fast,ok,harsh|uav_forest_fast|harsh|rep3|seed20240909,3.5228
mild,,nan,uav_forest_fast,8d77d63cd8d08e2b7dd373a18e7c34087b4cb54413abf2c96b8d7a3642af3357,a56957124aebce41,,e9ec14119f96068a,B1,16,16,7fe30b1136,4,uav:forest_fast,ok,mild|uav_forest_fast|mild|rep4|seed20240909,0.8531
moderate,,nan,uav_forest_fast,8d77d63cd8d08e2b7dd373a18e7c34087b4cb54413abf2c96b8d7a3642af3357,a56957124aebce41,,e0c0a74175cb4c06,B0d,16,16,7fe30b1136,0,uav:forest_fast,ok,moderate|uav_forest_fast|moderate|rep0|seed20240909,10.3469
harsh,,nan,uav_forest_fast,8d77d63cd8d08e2b7dd373a18e7c34087b4cb54413abf2c96b8d7a3642af3357,a56957124aebce41,,d326ff98527c3ef9,B0d,16,16,7fe30b1136,4,uav:forest_fast,ok,harsh|uav_forest_fast|harsh|rep4|seed20240909,3.7355
moderate,,nan,uav_forest_fast,8d77d63cd8d08e2b7dd373a18e7c34087b4cb54413abf2c96b8d7a3642af3357,a56957124aebce41,,d82bd5af44f210aa,B0d,16,16,7fe30b1136,1,uav:forest_fast,ok,moderate|uav_forest_fast|moderate|rep1|seed20240909,10.3238
moderate,,nan,uav_forest_fast,8d77d63cd8d08e2b7dd373a18e7c34087b4cb54413abf2c96b8d7a3642af3357,a56957124aebce41,,ec19157663e6492b,B1,16,16,7fe30b1136,0,uav:forest_fast,ok,moderate|uav_forest_fast|moderate|rep0|seed20240909,1.0542
moderate,,nan,uav_forest_fast,8d77d63cd8d08e2b7dd373a18e7c34087b4cb54413abf2c96b8d7a3642af3357,a56957124aebce41,,dfc232e8cb6ef901,B0d,16,16,7fe30b1136,4,uav:forest_fast,ok,moderate|uav_forest_fast|moderate|rep4|seed20240909,10.6467
moderate,,nan,uav_forest_fast,8d77d63cd8d08e2b7dd373a18e7c34087b4cb54413abf2c96b8d7a3642af3357,a56957124aebce41,,877626b1809676a4,B1,16,16,7fe30b1136,1,uav:forest_fast,ok,moderate|uav_forest_fast|moderate|rep1|seed20240909,1.5718
bursty,,nan,uav_forest_fast,8d77d63cd8d08e2b7dd373a18e7c34087b4cb54413abf2c96b8d7a3642af3357,a56957124aebce41,,2eed27980a2fc239,B0d,16,16,7fe30b1136,0,uav:forest_fast,ok,bursty|uav_forest_fast|bursty|rep0|seed20240909,11.0546
bursty,,nan,uav_forest_fast,8d77d63cd8d08e2b7dd373a18e7c34087b4cb54413abf2c96b8d7a3642af3357,a56957124aebce41,,cb3494e2f6ed2196,B1,16,16,7fe30b1136,0,uav:forest_fast,ok,bursty|uav_forest_fast|bursty|rep0|seed20240909,1.6558
moderate,,nan,uav_forest_fast,8d77d63cd8d08e2b7dd373a18e7c34087b4cb54413abf2c96b8d7a3642af3357,a56957124aebce41,,544a2430286defe9,B1,16,16,7fe30b1136,4,uav:forest_fast,ok,moderate|uav_forest_fast|moderate|rep4|seed20240909,1.7094
moderate,,nan,uav_forest_fast,8d77d63cd8d08e2b7dd373a18e7c34087b4cb54413abf2c96b8d7a3642af3357,a56957124aebce41,,809adbb9df965746,B1,16,16,7fe30b1136,3,uav:forest_fast,ok,moderate|uav_forest_fast|moderate|rep3|seed20240909,1.7254
moderate,,nan,uav_forest_fast,8d77d63cd8d08e2b7dd373a18e7c34087b4cb54413abf2c96b8d7a3642af3357,a56957124aebce41,,f33645f483afdb0a,B1,16,16,7fe30b1136,2,uav:forest_fast,ok,moderate|uav_forest_fast|moderate|rep2|seed20240909,1.8556
bursty,,nan,uav_forest_fast,8d77d63cd8d08e2b7dd373a18e7c34087b4cb54413abf2c96b8d7a3642af3357,a56957124aebce41,,6978bb54f88b1e97,B1,16,16,7fe30b1136,3,uav:forest_fast,ok,bursty|uav_forest_fast|bursty|rep3|seed20240909,1.3843
bursty,,nan,uav_forest_fast,8d77d63cd8d08e2b7dd373a18e7c34087b4cb54413abf2c96b8d7a3642af3357,a56957124aebce41,,ecd58a9ebe3be510,B1,16,16,7fe30b1136,1,uav:forest_fast,ok,bursty|uav_forest_fast|bursty|rep1|seed20240909,1.5639
harsh,,nan,uav_forest_fast,8d77d63cd8d08e2b7dd373a18e7c34087b4cb54413abf2c96b8d7a3642af3357,a56957124aebce41,,6cbf1a929487198d,B1,16,16,7fe30b1136,0,uav:forest_fast,ok,harsh|uav_forest_fast|harsh|rep0|seed20240909,1.4724
bursty,,nan,uav_forest_fast,8d77d63cd8d08e2b7dd373a18e7c34087b4cb54413abf2c96b8d7a3642af3357,a56957124aebce41,,ed5f590ca5710f18,B1,16,16,7fe30b1136,2,uav:forest_fast,ok,bursty|uav_forest_fast|bursty|rep2|seed20240909,1.8897
harsh,,nan,uav_forest_fast,8d77d63cd8d08e2b7dd373a18e7c34087b4cb54413abf2c96b8d7a3642af3357,a56957124aebce41,,e70c2ae7be89265c,B1,16,16,7fe30b1136,1,uav:forest_fast,ok,harsh|uav_forest_fast|harsh|rep1|seed20240909,1.824
clean,,nan,uav_forest_fast,8d77d63cd8d08e2b7dd373a18e7c34087b4cb54413abf2c96b8d7a3642af3357,a56957124aebce41,,6151d2456b7f64ed,B2,16,16,7fe30b1136,3,uav:forest_fast,ok,clean|uav_forest_fast|clean|rep3|seed20240909,1.0013
bursty,,nan,uav_forest_fast,8d77d63cd8d08e2b7dd373a18e7c34087b4cb54413abf2c96b8d7a3642af3357,a56957124aebce41,,1c3240252ee37731,B1,16,16,7fe30b1136,4,uav:forest_fast,ok,bursty|uav_forest_fast|bursty|rep4|seed20240909,2.4374
clean,,nan,uav_forest_fast,8d77d63cd8d08e2b7dd373a18e7c34087b4cb54413abf2c96b8d7a3642af3357,a56957124aebce41,,5d39c60d99225ff9,B2,16,16,7fe30b1136,2,uav:forest_fast,ok,clean|uav_forest_fast|clean|rep2|seed20240909,1.2065
clean,,nan,uav_forest_fast,8d77d63cd8d08e2b7dd373a18e7c34087b4cb54413abf2c96b8d7a3642af3357,a56957124aebce41,,96dcbfaa20196997,B2,16,16,7fe30b1136,0,uav:forest_fast,ok,clean|uav_forest_fast|clean|rep0|seed20240909,1.3068
clean,,nan,uav_forest_fast,8d77d63cd8d08e2b7dd373a18e7c34087b4cb54413abf2c96b8d7a3642af3357,a56957124aebce41,,a821c8877df3d832,B2,16,16,7fe30b1136,4,uav:forest_fast,ok,clean|uav_forest_fast|clean|rep4|seed20240909,1.1388
harsh,,nan,uav_forest_fast,8d77d63cd8d08e2b7dd373a18e7c34087b4cb54413abf2c96b8d7a3642af3357,a56957124aebce41,,cf16835cadac6c36,B1,16,16,7fe30b1136,2,uav:forest_fast,ok,harsh|uav_forest_fast|harsh|rep2|seed20240909,1.8006
clean,,nan,uav_forest_fast,8d77d63cd8d08e2b7dd373a18e7c34087b4cb54413abf2c96b8d7a3642af3357,a56957124aebce41,,066ea1e0201238fd,B2,16,16,7fe30b1136,1,uav:forest_fast,ok,clean|uav_forest_fast|clean|rep1|seed20240909,1.5932
harsh,,nan,uav_forest_fast,8d77d63cd8d08e2b7dd373a18e7c34087b4cb54413abf2c96b8d7a3642af3357,a56957124aebce41,,0e128848885d9019,B1,16,16,7fe30b1136,4,uav:forest_fast,ok,harsh|uav_forest_fast|harsh|rep4|seed20240909,1.6707
mild,,nan,uav_forest_fast,8d77d63cd8d08e2b7dd373a18e7c34087b4cb54413abf2c96b8d7a3642af3357,a56957124aebce41,,ce48277c0ea78346,B2,16,16,7fe30b1136,0,uav:forest_fast,ok,mild|uav_forest_fast|mild|rep0|seed20240909,1.3784
harsh,,nan,uav_forest_fast,8d77d63cd8d08e2b7dd373a18e7c34087b4cb54413abf2c96b8d7a3642af3357,a56957124aebce41,,ce9aa9966ed8eb56,B1,16,16,7fe30b1136,3,uav:forest_fast,ok,harsh|uav_forest_fast|harsh|rep3|seed20240909,1.9855
mild,,nan,uav_forest_fast,8d77d63cd8d08e2b7dd373a18e7c34087b4cb54413abf2c96b8d7a3642af3357,a56957124aebce41,,1dae2983c9b669c4,B2,16,16,7fe30b1136,1,uav:forest_fast,ok,mild|uav_forest_fast|mild|rep1|seed20240909,1.5314
mild,,nan,uav_forest_fast,8d77d63cd8d08e2b7dd373a18e7c34087b4cb54413abf2c96b8d7a3642af3357,a56957124aebce41,,c77f02f2af9f74a5,B2,16,16,7fe30b1136,3,uav:forest_fast,ok,mild|uav_forest_fast|mild|rep3|seed20240909,1.2687
mild,,nan,uav_forest_fast,8d77d63cd8d08e2b7dd373a18e7c34087b4cb54413abf2c96b8d7a3642af3357,a56957124aebce41,,f4e6ecc0eaeca42c,B2,16,16,7fe30b1136,2,uav:forest_fast,ok,mild|uav_forest_fast|mild|rep2|seed20240909,1.3938
mild,,nan,uav_forest_fast,8d77d63cd8d08e2b7dd373a18e7c34087b4cb54413abf2c96b8d7a3642af3357,a56957124aebce41,,4afa5ed23a4b1b62,B2,16,16,7fe30b1136,4,uav:forest_fast,ok,mild|uav_forest_fast|mild|rep4|seed20240909,1.5531
moderate,,nan,uav_forest_fast,8d77d63cd8d08e2b7dd373a18e7c34087b4cb54413abf2c96b8d7a3642af3357,a56957124aebce41,,fdd81402bc918837,B2,16,16,7fe30b1136,2,uav:forest_fast,ok,moderate|uav_forest_fast|moderate|rep2|seed20240909,1.4283
moderate,,nan,uav_forest_fast,8d77d63cd8d08e2b7dd373a18e7c34087b4cb54413abf2c96b8d7a3642af3357,a56957124aebce41,,69ffa35796092390,B2,16,16,7fe30b1136,1,uav:forest_fast,ok,moderate|uav_forest_fast|moderate|rep1|seed20240909,1.5343
moderate,,nan,uav_forest_fast,8d77d63cd8d08e2b7dd373a18e7c34087b4cb54413abf2c96b8d7a3642af3357,a56957124aebce41,,7df46f86dc0bf385,B2,16,16,7fe30b1136,0,uav:forest_fast,ok,moderate|uav_forest_fast|moderate|rep0|seed20240909,1.5731
moderate,,nan,uav_forest_fast,8d77d63cd8d08e2b7dd373a18e7c34087b4cb54413abf2c96b8d7a3642af3357,a56957124aebce41,,b2c6cd21d4928b5e,B2,16,16,7fe30b1136,4,uav:forest_fast,ok,moderate|uav_forest_fast|moderate|rep4|seed20240909,1.4714
bursty,,nan,uav_forest_fast,8d77d63cd8d08e2b7dd373a18e7c34087b4cb54413abf2c96b8d7a3642af3357,a56957124aebce41,,81d3efa3d728decc,B2,16,16,7fe30b1136,0,uav:forest_fast,ok,bursty|uav_forest_fast|bursty|rep0|seed20240909,1.5119
moderate,,nan,uav_forest_fast,8d77d63cd8d08e2b7dd373a18e7c34087b4cb54413abf2c96b8d7a3642af3357,a56957124aebce41,,4c44506e016d6b19,B2,16,16,7fe30b1136,3,uav:forest_fast,ok,moderate|uav_forest_fast|moderate|rep3|seed20240909,1.6221
bursty,,nan,uav_forest_fast,8d77d63cd8d08e2b7dd373a18e7c34087b4cb54413abf2c96b8d7a3642af3357,a56957124aebce41,,6d5cb56172ca25f3,B2,16,16,7fe30b1136,2,uav:forest_fast,ok,bursty|uav_forest_fast|bursty|rep2|seed20240909,1.338
bursty,,nan,uav_forest_fast,8d77d63cd8d08e2b7dd373a18e7c34087b4cb54413abf2c96b8d7a3642af3357,a56957124aebce41,,fbd6808e86258c7d,B2,16,16,7fe30b1136,1,uav:forest_fast,ok,bursty|uav_forest_fast|bursty|rep1|seed20240909,1.4737
bursty,,nan,uav_forest_fast,8d77d63cd8d08e2b7dd373a18e7c34087b4cb54413abf2c96b8d7a3642af3357,a56957124aebce41,,43a5296e3a2924e3,B2,16,16,7fe30b1136,3,uav:forest_fast,ok,bursty|uav_forest_fast|bursty|rep3|seed20240909,1.2222
bursty,,nan,uav_forest_fast,8d77d63cd8d08e2b7dd373a18e7c34087b4cb54413abf2c96b8d7a3642af3357,a56957124aebce41,,412fa0f83d657371,B2,16,16,7fe30b1136,4,uav:forest_fast,ok,bursty|uav_forest_fast|bursty|rep4|seed20240909,1.072
harsh,,nan,uav_forest_fast,8d77d63cd8d08e2b7dd373a18e7c34087b4cb54413abf2c96b8d7a3642af3357,a56957124aebce41,,bbc00cda0655ebd5,B2,16,16,7fe30b1136,0,uav:forest_fast,ok,harsh|uav_forest_fast|harsh|rep0|seed20240909,1.097
bursty,,nan,uav_forest_fast,8d77d63cd8d08e2b7dd373a18e7c34087b4cb54413abf2c96b8d7a3642af3357,a56957124aebce41,,565a55b014f31830,B0d,16,16,7fe30b1136,1,uav:forest_fast,ok,bursty|uav_forest_fast|bursty|rep1|seed20240909,11.1492
harsh,,nan,uav_forest_fast,8d77d63cd8d08e2b7dd373a18e7c34087b4cb54413abf2c96b8d7a3642af3357,a56957124aebce41,,7dee769656391841,B2,16,16,7fe30b1136,1,uav:forest_fast,ok,harsh|uav_forest_fast|harsh|rep1|seed20240909,1.0244
harsh,,nan,uav_forest_fast,8d77d63cd8d08e2b7dd373a18e7c34087b4cb54413abf2c96b8d7a3642af3357,a56957124aebce41,,7a04a2be2e929f0a,B2,16,16,7fe30b1136,2,uav:forest_fast,ok,harsh|uav_forest_fast|harsh|rep2|seed20240909,1.0243
harsh,,nan,uav_forest_fast,8d77d63cd8d08e2b7dd373a18e7c34087b4cb54413abf2c96b8d7a3642af3357,a56957124aebce41,,8e06dfda0fee4809,B2,16,16,7fe30b1136,4,uav:forest_fast,ok,harsh|uav_forest_fast|harsh|rep4|seed20240909,0.9745
harsh,,nan,uav_forest_fast,8d77d63cd8d08e2b7dd373a18e7c34087b4cb54413abf2c96b8d7a3642af3357,a56957124aebce41,,822fd2f69aec26f9,B2,16,16,7fe30b1136,3,uav:forest_fast,ok,harsh|uav_forest_fast|harsh|rep3|seed20240909,1.0048
bursty,,nan,uav_forest_fast,8d77d63cd8d08e2b7dd373a18e7c34087b4cb54413abf2c96b8d7a3642af3357,a56957124aebce41,,03a5cba71dab68f9,B0d,16,16,7fe30b1136,3,uav:forest_fast,ok,bursty|uav_forest_fast|bursty|rep3|seed20240909,11.1915
bursty,,nan,uav_forest_fast,8d77d63cd8d08e2b7dd373a18e7c34087b4cb54413abf2c96b8d7a3642af3357,a56957124aebce41,,78f320fc6f070212,B0d,16,16,7fe30b1136,4,uav:forest_fast,ok,bursty|uav_forest_fast|bursty|rep4|seed20240909,11.3233
bursty,,nan,uav_forest_fast,8d77d63cd8d08e2b7dd373a18e7c34087b4cb54413abf2c96b8d7a3642af3357,a56957124aebce41,,219cc945cfabfd3b,B0d,16,16,7fe30b1136,2,uav:forest_fast,ok,bursty|uav_forest_fast|bursty|rep2|seed20240909,11.6722
clean,,nan,uav_forest_fast,8d77d63cd8d08e2b7dd373a18e7c34087b4cb54413abf2c96b8d7a3642af3357,a56957124aebce41,,92ae1254973779db,B3,16,16,7fe30b1136,0,uav:forest_fast,ok,clean|uav_forest_fast|clean|rep0|seed20240909,6.618
clean,,nan,uav_forest_fast,8d77d63cd8d08e2b7dd373a18e7c34087b4cb54413abf2c96b8d7a3642af3357,a56957124aebce41,,c23131433e1e3e33,B3,16,16,7fe30b1136,1,uav:forest_fast,ok,clean|uav_forest_fast|clean|rep1|seed20240909,6.996
clean,,nan,uav_forest_fast,8d77d63cd8d08e2b7dd373a18e7c34087b4cb54413abf2c96b8d7a3642af3357,a56957124aebce41,,eac0daf63153c495,B3,16,16,7fe30b1136,4,uav:forest_fast,ok,clean|uav_forest_fast|clean|rep4|seed20240909,6.9394
clean,,nan,uav_forest_fast,8d77d63cd8d08e2b7dd373a18e7c34087b4cb54413abf2c96b8d7a3642af3357,a56957124aebce41,,bfc862f0b492bfda,B3,16,16,7fe30b1136,3,uav:forest_fast,ok,clean|uav_forest_fast|clean|rep3|seed20240909,7.0874
clean,,nan,uav_forest_fast,8d77d63cd8d08e2b7dd373a18e7c34087b4cb54413abf2c96b8d7a3642af3357,a56957124aebce41,,2d5d5053791e685b,B3,16,16,7fe30b1136,2,uav:forest_fast,ok,clean|uav_forest_fast|clean|rep2|seed20240909,7.1807
mild,,nan,uav_forest_fast,8d77d63cd8d08e2b7dd373a18e7c34087b4cb54413abf2c96b8d7a3642af3357,a56957124aebce41,,785eec82e34b5f41,B3,16,16,7fe30b1136,1,uav:forest_fast,ok,mild|uav_forest_fast|mild|rep1|seed20240909,7.0219
mild,,nan,uav_forest_fast,8d77d63cd8d08e2b7dd373a18e7c34087b4cb54413abf2c96b8d7a3642af3357,a56957124aebce41,,fec5a1de562fa456,B3,16,16,7fe30b1136,0,uav:forest_fast,ok,mild|uav_forest_fast|mild|rep0|seed20240909,7.4125
mild,,nan,uav_forest_fast,8d77d63cd8d08e2b7dd373a18e7c34087b4cb54413abf2c96b8d7a3642af3357,a56957124aebce41,,82237246957925bf,B3,16,16,7fe30b1136,2,uav:forest_fast,ok,mild|uav_forest_fast|mild|rep2|seed20240909,7.3159
mild,,nan,uav_forest_fast,8d77d63cd8d08e2b7dd373a18e7c34087b4cb54413abf2c96b8d7a3642af3357,a56957124aebce41,,958d09ff83f4177a,B3,16,16,7fe30b1136,3,uav:forest_fast,ok,mild|uav_forest_fast|mild|rep3|seed20240909,7.3606
mild,,nan,uav_forest_fast,8d77d63cd8d08e2b7dd373a18e7c34087b4cb54413abf2c96b8d7a3642af3357,a56957124aebce41,,465d84f7af2f2e2f,B3,16,16,7fe30b1136,4,uav:forest_fast,ok,mild|uav_forest_fast|mild|rep4|seed20240909,7.6029
moderate,,nan,uav_forest_fast,8d77d63cd8d08e2b7dd373a18e7c34087b4cb54413abf2c96b8d7a3642af3357,a56957124aebce41,,6ac3ab0626674073,B3,16,16,7fe30b1136,1,uav:forest_fast,ok,moderate|uav_forest_fast|moderate|rep1|seed20240909,9.2222
moderate,,nan,uav_forest_fast,8d77d63cd8d08e2b7dd373a18e7c34087b4cb54413abf2c96b8d7a3642af3357,a56957124aebce41,,bd8487e4b6a6cd92,B3,16,16,7fe30b1136,0,uav:forest_fast,ok,moderate|uav_forest_fast|moderate|rep0|seed20240909,9.6203
moderate,,nan,uav_forest_fast,8d77d63cd8d08e2b7dd373a18e7c34087b4cb54413abf2c96b8d7a3642af3357,a56957124aebce41,,ea8eb59b4e8154f9,B3,16,16,7fe30b1136,3,uav:forest_fast,ok,moderate|uav_forest_fast|moderate|rep3|seed20240909,9.552
moderate,,nan,uav_forest_fast,8d77d63cd8d08e2b7dd373a18e7c34087b4cb54413abf2c96b8d7a3642af3357,a56957124aebce41,,c9a506dadda03050,B3,16,16,7fe30b1136,2,uav:forest_fast,ok,moderate|uav_forest_fast|moderate|rep2|seed20240909,9.6269
moderate,,nan,uav_forest_fast,8d77d63cd8d08e2b7dd373a18e7c34087b4cb54413abf2c96b8d7a3642af3357,a56957124aebce41,,88243f16a7f5d8de,B3,16,16,7fe30b1136,4,uav:forest_fast,ok,moderate|uav_forest_fast|moderate|rep4|seed20240909,9.6906
bursty,,nan,uav_forest_fast,8d77d63cd8d08e2b7dd373a18e7c34087b4cb54413abf2c96b8d7a3642af3357,a56957124aebce41,,9d5a5fb92fe9b3f8,B3,16,16,7fe30b1136,0,uav:forest_fast,ok,bursty|uav_forest_fast|bursty|rep0|seed20240909,9.9878
harsh,,nan,uav_forest_fast,8d77d63cd8d08e2b7dd373a18e7c34087b4cb54413abf2c96b8d7a3642af3357,a56957124aebce41,,e75b8e400ca72823,B3,16,16,7fe30b1136,1,uav:forest_fast,ok,harsh|uav_forest_fast|harsh|rep1|seed20240909,4.3345
harsh,,nan,uav_forest_fast,8d77d63cd8d08e2b7dd373a18e7c34087b4cb54413abf2c96b8d7a3642af3357,a56957124aebce41,,f498f5ca02c56a00,B3,16,16,7fe30b1136,0,uav:forest_fast,ok,harsh|uav_forest_fast|harsh|rep0|seed20240909,4.8469
harsh,,nan,uav_forest_fast,8d77d63cd8d08e2b7dd373a18e7c34087b4cb54413abf2c96b8d7a3642af3357,a56957124aebce41,,2025623934c9fb2b,B3,16,16,7fe30b1136,2,uav:forest_fast,ok,harsh|uav_forest_fast|harsh|rep2|seed20240909,4.59
harsh,,nan,uav_forest_fast,8d77d63cd8d08e2b7dd373a18e7c34087b4cb54413abf2c96b8d7a3642af3357,a56957124aebce41,,a8279ff36fbf9935,B3,16,16,7fe30b1136,3,uav:forest_fast,ok,harsh|uav_forest_fast|harsh|rep3|seed20240909,4.4773
harsh,,nan,uav_forest_fast,8d77d63cd8d08e2b7dd373a18e7c34087b4cb54413abf2c96b8d7a3642af3357,a56957124aebce41,,a722d6b924b32cc0,B3,16,16,7fe30b1136,4,uav:forest_fast,ok,harsh|uav_forest_fast|harsh|rep4|seed20240909,4.622
clean,,nan,uav_forest_fast,8d77d63cd8d08e2b7dd373a18e7c34087b4cb54413abf2c96b8d7a3642af3357,a56957124aebce41,,72492f44974a5b2c,B4,16,16,7fe30b1136,0,uav:forest_fast,ok,clean|uav_forest_fast|clean|rep0|seed20240909,6.0598
bursty,,nan,uav_forest_fast,8d77d63cd8d08e2b7dd373a18e7c34087b4cb54413abf2c96b8d7a3642af3357,a56957124aebce41,,7efb00987c1a5ae7,B3,16,16,7fe30b1136,1,uav:forest_fast,ok,bursty|uav_forest_fast|bursty|rep1|seed20240909,9.5188
clean,,nan,uav_forest_fast,8d77d63cd8d08e2b7dd373a18e7c34087b4cb54413abf2c96b8d7a3642af3357,a56957124aebce41,,2018bf5d08041192,B4,16,16,7fe30b1136,1,uav:forest_fast,ok,clean|uav_forest_fast|clean|rep1|seed20240909,6.2977
bursty,,nan,uav_forest_fast,8d77d63cd8d08e2b7dd373a18e7c34087b4cb54413abf2c96b8d7a3642af3357,a56957124aebce41,,bba73b61d79efbbc,B3,16,16,7fe30b1136,4,uav:forest_fast,ok,bursty|uav_forest_fast|bursty|rep4|seed20240909,9.0769
clean,,nan,uav_forest_fast,8d77d63cd8d08e2b7dd373a18e7c34087b4cb54413abf2c96b8d7a3642af3357,a56957124aebce41,,51d2ddc0304b1761,B4,16,16,7fe30b1136,3,uav:forest_fast,ok,clean|uav_forest_fast|clean|rep3|seed20240909,6.4755
bursty,,nan,uav_forest_fast,8d77d63cd8d08e2b7dd373a18e7c34087b4cb54413abf2c96b8d7a3642af3357,a56957124aebce41,,aaa6a20669815a21,B3,16,16,7fe30b1136,3,uav:forest_fast,ok,bursty|uav_forest_fast|bursty|rep3|seed20240909,9.7268
clean,,nan,uav_forest_fast,8d77d63cd8d08e2b7dd373a18e7c34087b4cb54413abf2c96b8d7a3642af3357,a56957124aebce41,,bec361b6d1613c25,B4,16,16,7fe30b1136,2,uav:forest_fast,ok,clean|uav_forest_fast|clean|rep2|seed20240909,6.692
clean,,nan,uav_forest_fast,8d77d63cd8d08e2b7dd373a18e7c34087b4cb54413abf2c96b8d7a3642af3357,a56957124aebce41,,faf43f3cbed89942,B4,16,16,7fe30b1136,4,uav:forest_fast,ok,clean|uav_forest_fast|clean|rep4|seed20240909,6.6819
bursty,,nan,uav_forest_fast,8d77d63cd8d08e2b7dd373a18e7c34087b4cb54413abf2c96b8d7a3642af3357,a56957124aebce41,,53e4665327627e23,B3,16,16,7fe30b1136,2,uav:forest_fast,ok,bursty|uav_forest_fast|bursty|rep2|seed20240909,10.0757
mild,,nan,uav_forest_fast,8d77d63cd8d08e2b7dd373a18e7c34087b4cb54413abf2c96b8d7a3642af3357,a56957124aebce41,,1bb663ed0260ed2d,B4,16,16,7fe30b1136,0,uav:forest_fast,ok,mild|uav_forest_fast|mild|rep0|seed20240909,7.3215
mild,,nan,uav_forest_fast,8d77d63cd8d08e2b7dd373a18e7c34087b4cb54413abf2c96b8d7a3642af3357,a56957124aebce41,,4d9cd188c7ff192e,B4,16,16,7fe30b1136,1,uav:forest_fast,ok,mild|uav_forest_fast|mild|rep1|seed20240909,7.2064
mild,,nan,uav_forest_fast,8d77d63cd8d08e2b7dd373a18e7c34087b4cb54413abf2c96b8d7a3642af3357,a56957124aebce41,,09b44d7d9341da5b,B4,16,16,7fe30b1136,2,uav:forest_fast,ok,mild|uav_forest_fast|mild|rep2|seed20240909,6.883
mild,,nan,uav_forest_fast,8d77d63cd8d08e2b7dd373a18e7c34087b4cb54413abf2c96b8d7a3642af3357,a56957124aebce41,,db84cc86661626fb,B4,16,16,7fe30b1136,3,uav:forest_fast,ok,mild|uav_forest_fast|mild|rep3|seed20240909,6.802
mild,,nan,uav_forest_fast,8d77d63cd8d08e2b7dd373a18e7c34087b4cb54413abf2c96b8d7a3642af3357,a56957124aebce41,,8fecdacfdf2f2b87,B4,16,16,7fe30b1136,4,uav:forest_fast,ok,mild|uav_forest_fast|mild|rep4|seed20240909,6.8442
harsh,,nan,uav_forest_fast,8d77d63cd8d08e2b7dd373a18e7c34087b4cb54413abf2c96b8d7a3642af3357,a56957124aebce41,,4f6083a5555baef4,B4,16,16,7fe30b1136,0,uav:forest_fast,ok,harsh|uav_forest_fast|harsh|rep0|seed20240909,3.758
harsh,,nan,uav_forest_fast,8d77d63cd8d08e2b7dd373a18e7c34087b4cb54413abf2c96b8d7a3642af3357,a56957124aebce41,,fafe98ee353877da,B4,16,16,7fe30b1136,1,uav:forest_fast,ok,harsh|uav_forest_fast|harsh|rep1|seed20240909,3.6564
harsh,,nan,uav_forest_fast,8d77d63cd8d08e2b7dd373a18e7c34087b4cb54413abf2c96b8d7a3642af3357,a56957124aebce41,,71cd2a729addf32d,B4,16,16,7fe30b1136,2,uav:forest_fast,ok,harsh|uav_forest_fast|harsh|rep2|seed20240909,3.7585
harsh,,nan,uav_forest_fast,8d77d63cd8d08e2b7dd373a18e7c34087b4cb54413abf2c96b8d7a3642af3357,a56957124aebce41,,2aff386ea9548105,B4,16,16,7fe30b1136,3,uav:forest_fast,ok,harsh|uav_forest_fast|harsh|rep3|seed20240909,3.8096
moderate,,nan,uav_forest_fast,8d77d63cd8d08e2b7dd373a18e7c34087b4cb54413abf2c96b8d7a3642af3357,a56957124aebce41,,e2eed5b4ef33a150,B4,16,16,7fe30b1136,0,uav:forest_fast,ok,moderate|uav_forest_fast|moderate|rep0|seed20240909,10.1292
harsh,,nan,uav_forest_fast,8d77d63cd8d08e2b7dd373a18e7c34087b4cb54413abf2c96b8d7a3642af3357,a56957124aebce41,,9d5ea0dc94a5dc93,B4,16,16,7fe30b1136,4,uav:forest_fast,ok,harsh|uav_forest_fast|harsh|rep4|seed20240909,3.855
moderate,,nan,uav_forest_fast,8d77d63cd8d08e2b7dd373a18e7c34087b4cb54413abf2c96b8d7a3642af3357,a56957124aebce41,,eefb52df1faf53a3,B4,16,16,7fe30b1136,1,uav:forest_fast,ok,moderate|uav_forest_fast|moderate|rep1|seed20240909,10.7334
moderate,,nan,uav_forest_fast,8d77d63cd8d08e2b7dd373a18e7c34087b4cb54413abf2c96b8d7a3642af3357,a56957124aebce41,,1842c31efbc81e7b,B4,16,16,7fe30b1136,2,uav:forest_fast,ok,moderate|uav_forest_fast|moderate|rep2|seed20240909,11.1136
moderate,,nan,uav_forest_fast,8d77d63cd8d08e2b7dd373a18e7c34087b4cb54413abf2c96b8d7a3642af3357,a56957124aebce41,,46cd0f0cdc3a4c81,B4,16,16,7fe30b1136,3,uav:forest_fast,ok,moderate|uav_forest_fast|moderate|rep3|seed20240909,10.6797
bursty,,nan,uav_forest_fast,8d77d63cd8d08e2b7dd373a18e7c34087b4cb54413abf2c96b8d7a3642af3357,a56957124aebce41,,3dc98653172b8c45,B4,16,16,7fe30b1136,0,uav:forest_fast,ok,bursty|uav_forest_fast|bursty|rep0|seed20240909,10.8937
moderate,,nan,uav_forest_fast,8d77d63cd8d08e2b7dd373a18e7c34087b4cb54413abf2c96b8d7a3642af3357,a56957124aebce41,,d2366e33788cf0e6,B4,16,16,7fe30b1136,4,uav:forest_fast,ok,moderate|uav_forest_fast|moderate|rep4|seed20240909,11.0176
bursty,,nan,uav_forest_fast,8d77d63cd8d08e2b7dd373a18e7c34087b4cb54413abf2c96b8d7a3642af3357,a56957124aebce41,,ba4729ca793c9ae0,B4,16,16,7fe30b1136,1,uav:forest_fast,ok,bursty|uav_forest_fast|bursty|rep1|seed20240909,10.6779
bursty,,nan,uav_forest_fast,8d77d63cd8d08e2b7dd373a18e7c34087b4cb54413abf2c96b8d7a3642af3357,a56957124aebce41,,79eaf6594fb323e3,B4,16,16,7fe30b1136,4,uav:forest_fast,ok,bursty|uav_forest_fast|bursty|rep4|seed20240909,10.6546
bursty,,nan,uav_forest_fast,8d77d63cd8d08e2b7dd373a18e7c34087b4cb54413abf2c96b8d7a3642af3357,a56957124aebce41,,5620a0889274a277,B4,16,16,7fe30b1136,2,uav:forest_fast,ok,bursty|uav_forest_fast|bursty|rep2|seed20240909,10.9015
bursty,,nan,uav_forest_fast,8d77d63cd8d08e2b7dd373a18e7c34087b4cb54413abf2c96b8d7a3642af3357,a56957124aebce41,,7118dfca64eab866,B4,16,16,7fe30b1136,3,uav:forest_fast,ok,bursty|uav_forest_fast|bursty|rep3|seed20240909,10.7718
clean,,nan,uav_forest_fast,8d77d63cd8d08e2b7dd373a18e7c34087b4cb54413abf2c96b8d7a3642af3357,a56957124aebce41,,462b54c8f3993470,P,16,16,f6706417e8,0,uav:forest_fast,ok,clean|uav_forest_fast|clean|rep0|seed20240909,10.6129
clean,,nan,uav_forest_fast,8d77d63cd8d08e2b7dd373a18e7c34087b4cb54413abf2c96b8d7a3642af3357,a56957124aebce41,,59ff8a721f4d9e79,P,16,16,f6706417e8,1,uav:forest_fast,ok,clean|uav_forest_fast|clean|rep1|seed20240909,10.7171
clean,,nan,uav_forest_fast,8d77d63cd8d08e2b7dd373a18e7c34087b4cb54413abf2c96b8d7a3642af3357,a56957124aebce41,,8f8f3504fc2a69fd,P,16,16,f6706417e8,2,uav:forest_fast,ok,clean|uav_forest_fast|clean|rep2|seed20240909,10.4259
clean,,nan,uav_forest_fast,8d77d63cd8d08e2b7dd373a18e7c34087b4cb54413abf2c96b8d7a3642af3357,a56957124aebce41,,203718287570b453,P,16,16,f6706417e8,3,uav:forest_fast,ok,clean|uav_forest_fast|clean|rep3|seed20240909,10.614
clean,,nan,uav_forest_fast,8d77d63cd8d08e2b7dd373a18e7c34087b4cb54413abf2c96b8d7a3642af3357,a56957124aebce41,,ff1072588fe66aa7,P,16,16,f6706417e8,4,uav:forest_fast,ok,clean|uav_forest_fast|clean|rep4|seed20240909,10.9137
mild,,nan,uav_forest_fast,8d77d63cd8d08e2b7dd373a18e7c34087b4cb54413abf2c96b8d7a3642af3357,a56957124aebce41,,737325a9da568803,P,16,16,f6706417e8,0,uav:forest_fast,ok,mild|uav_forest_fast|mild|rep0|seed20240909,11.1256
mild,,nan,uav_forest_fast,8d77d63cd8d08e2b7dd373a18e7c34087b4cb54413abf2c96b8d7a3642af3357,a56957124aebce41,,ccd60c8964aec0c8,P,16,16,f6706417e8,1,uav:forest_fast,ok,mild|uav_forest_fast|mild|rep1|seed20240909,10.8112
mild,,nan,uav_forest_fast,8d77d63cd8d08e2b7dd373a18e7c34087b4cb54413abf2c96b8d7a3642af3357,a56957124aebce41,,30fd587954cb1eb9,P,16,16,f6706417e8,2,uav:forest_fast,ok,mild|uav_forest_fast|mild|rep2|seed20240909,10.6729
mild,,nan,uav_forest_fast,8d77d63cd8d08e2b7dd373a18e7c34087b4cb54413abf2c96b8d7a3642af3357,a56957124aebce41,,525f9e3982c7055b,P,16,16,f6706417e8,3,uav:forest_fast,ok,mild|uav_forest_fast|mild|rep3|seed20240909,10.9141
mild,,nan,uav_forest_fast,8d77d63cd8d08e2b7dd373a18e7c34087b4cb54413abf2c96b8d7a3642af3357,a56957124aebce41,,f0e79df075fffcb8,P,16,16,f6706417e8,4,uav:forest_fast,ok,mild|uav_forest_fast|mild|rep4|seed20240909,11.1827
clean,,nan,uav_dune_ridge,5e397aa1c6e2b419181f2468145cc0124e854dd98818ed99a574036921b0d79e,a56957124aebce41,,427c11f445bb683e,B0a,16,16,7fe30b1136,0,uav:dune_ridge,ok,clean|uav_dune_ridge|clean|rep0|seed20240909,0.5099
clean,,nan,uav_dune_ridge,5e397aa1c6e2b419181f2468145cc0124e854dd98818ed99a574036921b0d79e,a56957124aebce41,,9e517824f3a47978,B0a,16,16,7fe30b1136,1,uav:dune_ridge,ok,clean|uav_dune_ridge|clean|rep1|seed20240909,0.5329
clean,,nan,uav_dune_ridge,5e397aa1c6e2b419181f2468145cc0124e854dd98818ed99a574036921b0d79e,a56957124aebce41,,0930477fd11a8263,B0a,16,16,7fe30b1136,2,uav:dune_ridge,ok,clean|uav_dune_ridge|clean|rep2|seed20240909,0.5272
clean,,nan,uav_dune_ridge,5e397aa1c6e2b419181f2468145cc0124e854dd98818ed99a574036921b0d79e,a56957124aebce41,,f41834bc9c47502b,B0a,16,16,7fe30b1136,3,uav:dune_ridge,ok,clean|uav_dune_ridge|clean|rep3|seed20240909,0.5578
harsh,,nan,uav_forest_fast,8d77d63cd8d08e2b7dd373a18e7c34087b4cb54413abf2c96b8d7a3642af3357,a56957124aebce41,,ec360be17490f1da,P,16,16,f6706417e8,0,uav:forest_fast,ok,harsh|uav_forest_fast|harsh|rep0|seed20240909,6.9396
harsh,,nan,uav_forest_fast,8d77d63cd8d08e2b7dd373a18e7c34087b4cb54413abf2c96b8d7a3642af3357,a56957124aebce41,,eb74c4e6dd8fdab0,P,16,16,f6706417e8,1,uav:forest_fast,ok,harsh|uav_forest_fast|harsh|rep1|seed20240909,6.9265
harsh,,nan,uav_forest_fast,8d77d63cd8d08e2b7dd373a18e7c34087b4cb54413abf2c96b8d7a3642af3357,a56957124aebce41,,41d92826bb0665cd,P,16,16,f6706417e8,2,uav:forest_fast,ok,harsh|uav_forest_fast|harsh|rep2|seed20240909,6.9141
clean,,nan,uav_dune_ridge,5e397aa1c6e2b419181f2468145cc0124e854dd98818ed99a574036921b0d79e,a56957124aebce41,,e0fdb354ccee77dd,B0a,16,16,7fe30b1136,4,uav:dune_ridge,ok,clean|uav_dune_ridge|clean|rep4|seed20240909,0.5381
harsh,,nan,uav_forest_fast,8d77d63cd8d08e2b7dd373a18e7c34087b4cb54413abf2c96b8d7a3642af3357,a56957124aebce41,,e06fbfa010a351b4,P,16,16,f6706417e8,3,uav:forest_fast,ok,harsh|uav_forest_fast|harsh|rep3|seed20240909,6.9001
mild,,nan,uav_dune_ridge,5e397aa1c6e2b419181f2468145cc0124e854dd98818ed99a574036921b0d79e,a56957124aebce41,,1d35b72233ab31e4,B0a,16,16,7fe30b1136,0,uav:dune_ridge,ok,mild|uav_dune_ridge|mild|rep0|seed20240909,0.6741
mild,,nan,uav_dune_ridge,5e397aa1c6e2b419181f2468145cc0124e854dd98818ed99a574036921b0d79e,a56957124aebce41,,04e0460162ab473b,B0a,16,16,7fe30b1136,1,uav:dune_ridge,ok,mild|uav_dune_ridge|mild|rep1|seed20240909,0.7793
mild,,nan,uav_dune_ridge,5e397aa1c6e2b419181f2468145cc0124e854dd98818ed99a574036921b0d79e,a56957124aebce41,,71b248ca5621a238,B0a,16,16,7fe30b1136,2,uav:dune_ridge,ok,mild|uav_dune_ridge|mild|rep2|seed20240909,0.7652
mild,,nan,uav_dune_ridge,5e397aa1c6e2b419181f2468145cc0124e854dd98818ed99a574036921b0d79e,a56957124aebce41,,6f6aa8a003baa3ec,B0a,16,16,7fe30b1136,3,uav:dune_ridge,ok,mild|uav_dune_ridge|mild|rep3|seed20240909,0.7493
mild,,nan,uav_dune_ridge,5e397aa1c6e2b419181f2468145cc0124e854dd98818ed99a574036921b0d79e,a56957124aebce41,,cc729a55e1e0223e,B0a,16,16,7fe30b1136,4,uav:dune_ridge,ok,mild|uav_dune_ridge|mild|rep4|seed20240909,0.6605
moderate,,nan,uav_dune_ridge,5e397aa1c6e2b419181f2468145cc0124e854dd98818ed99a574036921b0d79e,a56957124aebce41,,99febe85697e420d,B0a,16,16,7fe30b1136,0,uav:dune_ridge,ok,moderate|uav_dune_ridge|moderate|rep0|seed20240909,0.77
moderate,,nan,uav_dune_ridge,5e397aa1c6e2b419181f2468145cc0124e854dd98818ed99a574036921b0d79e,a56957124aebce41,,e5bf5ed743d7262d,B0a,16,16,7fe30b1136,1,uav:dune_ridge,ok,moderate|uav_dune_ridge|moderate|rep1|seed20240909,0.7453
moderate,,nan,uav_dune_ridge,5e397aa1c6e2b419181f2468145cc0124e854dd98818ed99a574036921b0d79e,a56957124aebce41,,bed6a5b000c78688,B0a,16,16,7fe30b1136,2,uav:dune_ridge,ok,moderate|uav_dune_ridge|moderate|rep2|seed20240909,0.7866
moderate,,nan,uav_dune_ridge,5e397aa1c6e2b419181f2468145cc0124e854dd98818ed99a574036921b0d79e,a56957124aebce41,,68e2b56c0f21ba76,B0a,16,16,7fe30b1136,3,uav:dune_ridge,ok,moderate|uav_dune_ridge|moderate|rep3|seed20240909,0.8136
moderate,,nan,uav_dune_ridge,5e397aa1c6e2b419181f2468145cc0124e854dd98818ed99a574036921b0d79e,a56957124aebce41,,908594e0940f4d94,B0a,16,16,7fe30b1136,4,uav:dune_ridge,ok,moderate|uav_dune_ridge|moderate|rep4|seed20240909,0.7618
bursty,,nan,uav_dune_ridge,5e397aa1c6e2b419181f2468145cc0124e854dd98818ed99a574036921b0d79e,a56957124aebce41,,6462cb67b6b54cc8,B0a,16,16,7fe30b1136,0,uav:dune_ridge,ok,bursty|uav_dune_ridge|bursty|rep0|seed20240909,0.6889
harsh,,nan,uav_forest_fast,8d77d63cd8d08e2b7dd373a18e7c34087b4cb54413abf2c96b8d7a3642af3357,a56957124aebce41,,fe75b04ee04bcf74,P,16,16,f6706417e8,4,uav:forest_fast,ok,harsh|uav_forest_fast|harsh|rep4|seed20240909,6.1263
bursty,,nan,uav_dune_ridge,5e397aa1c6e2b419181f2468145cc0124e854dd98818ed99a574036921b0d79e,a56957124aebce41,,c72cd08217ce744a,B0a,16,16,7fe30b1136,1,uav:dune_ridge,ok,bursty|uav_dune_ridge|bursty|rep1|seed20240909,0.7627
bursty,,nan,uav_dune_ridge,5e397aa1c6e2b419181f2468145cc0124e854dd98818ed99a574036921b0d79e,a56957124aebce41,,d4c51a7d7ffec77b,B0a,16,16,7fe30b1136,2,uav:dune_ridge,ok,bursty|uav_dune_ridge|bursty|rep2|seed20240909,0.7799
bursty,,nan,uav_dune_ridge,5e397aa1c6e2b419181f2468145cc0124e854dd98818ed99a574036921b0d79e,a56957124aebce41,,c3aa82b058b10259,B0a,16,16,7fe30b1136,3,uav:dune_ridge,ok,bursty|uav_dune_ridge|bursty|rep3|seed20240909,0.7515
bursty,,nan,uav_dune_ridge,5e397aa1c6e2b419181f2468145cc0124e854dd98818ed99a574036921b0d79e,a56957124aebce41,,8d51296a7a1c77f7,B0a,16,16,7fe30b1136,4,uav:dune_ridge,ok,bursty|uav_dune_ridge|bursty|rep4|seed20240909,0.7217
harsh,,nan,uav_dune_ridge,5e397aa1c6e2b419181f2468145cc0124e854dd98818ed99a574036921b0d79e,a56957124aebce41,,5e3d3c88c762cd30,B0a,16,16,7fe30b1136,0,uav:dune_ridge,ok,harsh|uav_dune_ridge|harsh|rep0|seed20240909,0.7767
harsh,,nan,uav_dune_ridge,5e397aa1c6e2b419181f2468145cc0124e854dd98818ed99a574036921b0d79e,a56957124aebce41,,17f3b804c1120f01,B0a,16,16,7fe30b1136,1,uav:dune_ridge,ok,harsh|uav_dune_ridge|harsh|rep1|seed20240909,0.8367
harsh,,nan,uav_dune_ridge,5e397aa1c6e2b419181f2468145cc0124e854dd98818ed99a574036921b0d79e,a56957124aebce41,,e675ef1aa7de4e39,B0a,16,16,7fe30b1136,3,uav:dune_ridge,ok,harsh|uav_dune_ridge|harsh|rep3|seed20240909,1.046
harsh,,nan,uav_dune_ridge,5e397aa1c6e2b419181f2468145cc0124e854dd98818ed99a574036921b0d79e,a56957124aebce41,,2acffc0278f5f17b,B0a,16,16,7fe30b1136,2,uav:dune_ridge,ok,harsh|uav_dune_ridge|harsh|rep2|seed20240909,1.2909
harsh,,nan,uav_dune_ridge,5e397aa1c6e2b419181f2468145cc0124e854dd98818ed99a574036921b0d79e,a56957124aebce41,,5b20e641be4eb483,B0a,16,16,7fe30b1136,4,uav:dune_ridge,ok,harsh|uav_dune_ridge|harsh|rep4|seed20240909,1.4116
clean,,nan,uav_dune_ridge,5e397aa1c6e2b419181f2468145cc0124e854dd98818ed99a574036921b0d79e,a56957124aebce41,,14ec4fd6b3b459d9,B0a-R,16,16,7fe30b1136,0,uav:dune_ridge,ok,clean|uav_dune_ridge|clean|rep0|seed20240909,2.5519
clean,,nan,uav_dune_ridge,5e397aa1c6e2b419181f2468145cc0124e854dd98818ed99a574036921b0d79e,a56957124aebce41,,2351683cb872e36e,B0a-R,16,16,7fe30b1136,2,uav:dune_ridge,ok,clean|uav_dune_ridge|clean|rep2|seed20240909,2.4177
clean,,nan,uav_dune_ridge,5e397aa1c6e2b419181f2468145cc0124e854dd98818ed99a574036921b0d79e,a56957124aebce41,,1b953427e9430ad3,B0a-R,16,16,7fe30b1136,1,uav:dune_ridge,ok,clean|uav_dune_ridge|clean|rep1|seed20240909,2.7808
moderate,,nan,uav_forest_fast,8d77d63cd8d08e2b7dd373a18e7c34087b4cb54413abf2c96b8d7a3642af3357,a56957124aebce41,,53b2f61b12921438,P,16,16,f6706417e8,0,uav:forest_fast,ok,moderate|uav_forest_fast|moderate|rep0|seed20240909,18.818
moderate,,nan,uav_forest_fast,8d77d63cd8d08e2b7dd373a18e7c34087b4cb54413abf2c96b8d7a3642af3357,a56957124aebce41,,f58c0a7cdf8ef351,P,16,16,f6706417e8,2,uav:forest_fast,ok,moderate|uav_forest_fast|moderate|rep2|seed20240909,18.9475
moderate,,nan,uav_forest_fast,8d77d63cd8d08e2b7dd373a18e7c34087b4cb54413abf2c96b8d7a3642af3357,a56957124aebce41,,bb7caf59d23e212f,P,16,16,f6706417e8,1,uav:forest_fast,ok,moderate|uav_forest_fast|moderate|rep1|seed20240909,19.188
moderate,,nan,uav_forest_fast,8d77d63cd8d08e2b7dd373a18e7c34087b4cb54413abf2c96b8d7a3642af3357,a56957124aebce41,,94fbf6b7916de4d2,P,16,16,f6706417e8,3,uav:forest_fast,ok,moderate|uav_forest_fast|moderate|rep3|seed20240909,18.907
clean,,nan,uav_dune_ridge,5e397aa1c6e2b419181f2468145cc0124e854dd98818ed99a574036921b0d79e,a56957124aebce41,,a4e6378aaf929032,B0a-R,16,16,7fe30b1136,3,uav:dune_ridge,ok,clean|uav_dune_ridge|clean|rep3|seed20240909,2.7627
moderate,,nan,uav_forest_fast,8d77d63cd8d08e2b7dd373a18e7c34087b4cb54413abf2c96b8d7a3642af3357,a56957124aebce41,,ac6bc9ad1ae0b242,P,16,16,f6706417e8,4,uav:forest_fast,ok,moderate|uav_forest_fast|moderate|rep4|seed20240909,19.1236
clean,,nan,uav_dune_ridge,5e397aa1c6e2b419181f2468145cc0124e854dd98818ed99a574036921b0d79e,a56957124aebce41,,e034fed8d0258e11,B0a-R,16,16,7fe30b1136,4,uav:dune_ridge,ok,clean|uav_dune_ridge|clean|rep4|seed20240909,2.8447
mild,,nan,uav_dune_ridge,5e397aa1c6e2b419181f2468145cc0124e854dd98818ed99a574036921b0d79e,a56957124aebce41,,9a06efca1592555a,B0a-R,16,16,7fe30b1136,0,uav:dune_ridge,ok,mild|uav_dune_ridge|mild|rep0|seed20240909,3.1102
bursty,,nan,uav_forest_fast,8d77d63cd8d08e2b7dd373a18e7c34087b4cb54413abf2c96b8d7a3642af3357,a56957124aebce41,,65544d664ca8bf1b,P,16,16,f6706417e8,0,uav:forest_fast,ok,bursty|uav_forest_fast|bursty|rep0|seed20240909,19.9706
bursty,,nan,uav_forest_fast,8d77d63cd8d08e2b7dd373a18e7c34087b4cb54413abf2c96b8d7a3642af3357,a56957124aebce41,,68736c91d66a09c4,P,16,16,f6706417e8,1,uav:forest_fast,ok,bursty|uav_forest_fast|bursty|rep1|seed20240909,18.2285
mild,,nan,uav_dune_ridge,5e397aa1c6e2b419181f2468145cc0124e854dd98818ed99a574036921b0d79e,a56957124aebce41,,1fe7d238ebe6aa5b,B0a-R,16,16,7fe30b1136,1,uav:dune_ridge,ok,mild|uav_dune_ridge|mild|rep1|seed20240909,2.6515
mild,,nan,uav_dune_ridge,5e397aa1c6e2b419181f2468145cc0124e854dd98818ed99a574036921b0d79e,a56957124aebce41,,7e718e86793c77ac,B0a-R,16,16,7fe30b1136,3,uav:dune_ridge,ok,mild|uav_dune_ridge|mild|rep3|seed20240909,2.5279
mild,,nan,uav_dune_ridge,5e397aa1c6e2b419181f2468145cc0124e854dd98818ed99a574036921b0d79e,a56957124aebce41,,0e4dea50c5bca36c,B0a-R,16,16,7fe30b1136,2,uav:dune_ridge,ok,mild|uav_dune_ridge|mild|rep2|seed20240909,2.8361
mild,,nan,uav_dune_ridge,5e397aa1c6e2b419181f2468145cc0124e854dd98818ed99a574036921b0d79e,a56957124aebce41,,09a8f018929ce4d5,B0a-R,16,16,7fe30b1136,4,uav:dune_ridge,ok,mild|uav_dune_ridge|mild|rep4|seed20240909,2.6136
moderate,,nan,uav_dune_ridge,5e397aa1c6e2b419181f2468145cc0124e854dd98818ed99a574036921b0d79e,a56957124aebce41,,5b23fdf509758ef7,B0a-R,16,16,7fe30b1136,1,uav:dune_ridge,ok,moderate|uav_dune_ridge|moderate|rep1|seed20240909,2.7029
bursty,,nan,uav_dune_ridge,5e397aa1c6e2b419181f2468145cc0124e854dd98818ed99a574036921b0d79e,a56957124aebce41,,dda22444c7ff04db,B0a-R,16,16,7fe30b1136,0,uav:dune_ridge,ok,bursty|uav_dune_ridge|bursty|rep0|seed20240909,2.353
moderate,,nan,uav_dune_ridge,5e397aa1c6e2b419181f2468145cc0124e854dd98818ed99a574036921b0d79e,a56957124aebce41,,7028538c80c669fd,B0a-R,16,16,7fe30b1136,0,uav:dune_ridge,ok,moderate|uav_dune_ridge|moderate|rep0|seed20240909,2.857
moderate,,nan,uav_dune_ridge,5e397aa1c6e2b419181f2468145cc0124e854dd98818ed99a574036921b0d79e,a56957124aebce41,,a89a9f7634ad4130,B0a-R,16,16,7fe30b1136,3,uav:dune_ridge,ok,moderate|uav_dune_ridge|moderate|rep3|seed20240909,2.6308
moderate,,nan,uav_dune_ridge,5e397aa1c6e2b419181f2468145cc0124e854dd98818ed99a574036921b0d79e,a56957124aebce41,,c9c7ec4d79f523d8,B0a-R,16,16,7fe30b1136,2,uav:dune_ridge,ok,moderate|uav_dune_ridge|moderate|rep2|seed20240909,2.7471
moderate,,nan,uav_dune_ridge,5e397aa1c6e2b419181f2468145cc0124e854dd98818ed99a574036921b0d79e,a56957124aebce41,,7ebfdbb86b938e46,B0a-R,16,16,7fe30b1136,4,uav:dune_ridge,ok,moderate|uav_dune_ridge|moderate|rep4|seed20240909,2.7281
bursty,,nan,uav_dune_ridge,5e397aa1c6e2b419181f2468145cc0124e854dd98818ed99a574036921b0d79e,a56957124aebce41,,174b16d1167581f1,B0a-R,16,16,7fe30b1136,1,uav:dune_ridge,ok,bursty|uav_dune_ridge|bursty|rep1|seed20240909,2.3265
bursty,,nan,uav_dune_ridge,5e397aa1c6e2b419181f2468145cc0124e854dd98818ed99a574036921b0d79e,a56957124aebce41,,32c03a83a1944ab2,B0a-R,16,16,7fe30b1136,2,uav:dune_ridge,ok,bursty|uav_dune_ridge|bursty|rep2|seed20240909,2.2769
bursty,,nan,uav_dune_ridge,5e397aa1c6e2b419181f2468145cc0124e854dd98818ed99a574036921b0d79e,a56957124aebce41,,1b5a47abae7fa0b0,B0a-R,16,16,7fe30b1136,3,uav:dune_ridge,ok,bursty|uav_dune_ridge|bursty|rep3|seed20240909,2.362
bursty,,nan,uav_dune_ridge,5e397aa1c6e2b419181f2468145cc0124e854dd98818ed99a574036921b0d79e,a56957124aebce41,,1597f8f1e36eff65,B0a-R,16,16,7fe30b1136,4,uav:dune_ridge,ok,bursty|uav_dune_ridge|bursty|rep4|seed20240909,2.053
harsh,,nan,uav_dune_ridge,5e397aa1c6e2b419181f2468145cc0124e854dd98818ed99a574036921b0d79e,a56957124aebce41,,156f46a0f177e79b,B0a-R,16,16,7fe30b1136,0,uav:dune_ridge,ok,harsh|uav_dune_ridge|harsh|rep0|seed20240909,2.2455
harsh,,nan,uav_dune_ridge,5e397aa1c6e2b419181f2468145cc0124e854dd98818ed99a574036921b0d79e,a56957124aebce41,,7db7999e9cca978f,B0a-R,16,16,7fe30b1136,1,uav:dune_ridge,ok,harsh|uav_dune_ridge|harsh|rep1|seed20240909,2.3172
harsh,,nan,uav_dune_ridge,5e397aa1c6e2b419181f2468145cc0124e854dd98818ed99a574036921b0d79e,a56957124aebce41,,36cea9bc43faffac,B0a-R,16,16,7fe30b1136,2,uav:dune_ridge,ok,harsh|uav_dune_ridge|harsh|rep2|seed20240909,2.374
bursty,,nan,uav_forest_fast,8d77d63cd8d08e2b7dd373a18e7c34087b4cb54413abf2c96b8d7a3642af3357,a56957124aebce41,,718c35ced78631fc,P,16,16,f6706417e8,3,uav:forest_fast,ok,bursty|uav_forest_fast|bursty|rep3|seed20240909,18.9349
bursty,,nan,uav_forest_fast,8d77d63cd8d08e2b7dd373a18e7c34087b4cb54413abf2c96b8d7a3642af3357,a56957124aebce41,,e7a10c1d614eed2d,P,16,16,f6706417e8,4,uav:forest_fast,ok,bursty|uav_forest_fast|bursty|rep4|seed20240909,18.49
harsh,,nan,uav_dune_ridge,5e397aa1c6e2b419181f2468145cc0124e854dd98818ed99a574036921b0d79e,a56957124aebce41,,c1448bbed223a5f5,B0a-R,16,16,7fe30b1136,4,uav:dune_ridge,ok,harsh|uav_dune_ridge|harsh|rep4|seed20240909,2.0439
harsh,,nan,uav_dune_ridge,5e397aa1c6e2b419181f2468145cc0124e854dd98818ed99a574036921b0d79e,a56957124aebce41,,24650b66a1518be7,B0a-R,16,16,7fe30b1136,3,uav:dune_ridge,ok,harsh|uav_dune_ridge|harsh|rep3|seed20240909,2.1725
bursty,,nan,uav_forest_fast,8d77d63cd8d08e2b7dd373a18e7c34087b4cb54413abf2c96b8d7a3642af3357,a56957124aebce41,,d27274ca3512fe26,P,16,16,f6706417e8,2,uav:forest_fast,ok,bursty|uav_forest_fast|bursty|rep2|seed20240909,19.7657
clean,,nan,uav_dune_ridge,5e397aa1c6e2b419181f2468145cc0124e854dd98818ed99a574036921b0d79e,a56957124aebce41,,96f434608bf38ef4,B0d,16,16,7fe30b1136,1,uav:dune_ridge,ok,clean|uav_dune_ridge|clean|rep1|seed20240909,4.2534
clean,,nan,uav_dune_ridge,5e397aa1c6e2b419181f2468145cc0124e854dd98818ed99a574036921b0d79e,a56957124aebce41,,c2b06974415afc5f,B0d,16,16,7fe30b1136,0,uav:dune_ridge,ok,clean|uav_dune_ridge|clean|rep0|seed20240909,4.3053
clean,,nan,uav_dune_ridge,5e397aa1c6e2b419181f2468145cc0124e854dd98818ed99a574036921b0d79e,a56957124aebce41,,a4a4280096635520,B0d,16,16,7fe30b1136,2,uav:dune_ridge,ok,clean|uav_dune_ridge|clean|rep2|seed20240909,4.2727
clean,,nan,uav_dune_ridge,5e397aa1c6e2b419181f2468145cc0124e854dd98818ed99a574036921b0d79e,a56957124aebce41,,a3b80cc22bf4d6ab,B0d,16,16,7fe30b1136,3,uav:dune_ridge,ok,clean|uav_dune_ridge|clean|rep3|seed20240909,4.0751
clean,,nan,uav_dune_ridge,5e397aa1c6e2b419181f2468145cc0124e854dd98818ed99a574036921b0d79e,a56957124aebce41,,48c7b9f3d7ec477d,B0d,16,16,7fe30b1136,4,uav:dune_ridge,ok,clean|uav_dune_ridge|clean|rep4|seed20240909,4.2342
mild,,nan,uav_dune_ridge,5e397aa1c6e2b419181f2468145cc0124e854dd98818ed99a574036921b0d79e,a56957124aebce41,,05e9509688fff0eb,B0d,16,16,7fe30b1136,0,uav:dune_ridge,ok,mild|uav_dune_ridge|mild|rep0|seed20240909,5.009
mild,,nan,uav_dune_ridge,5e397aa1c6e2b419181f2468145cc0124e854dd98818ed99a574036921b0d79e,a56957124aebce41,,2e1d9169568f186b,B0d,16,16,7fe30b1136,2,uav:dune_ridge,ok,mild|uav_dune_ridge|mild|rep2|seed20240909,4.7546
mild,,nan,uav_dune_ridge,5e397aa1c6e2b419181f2468145cc0124e854dd98818ed99a574036921b0d79e,a56957124aebce41,,e941256a80a90a0d,B0d,16,16,7fe30b1136,1,uav:dune_ridge,ok,mild|uav_dune_ridge|mild|rep1|seed20240909,4.8826
mild,,nan,uav_dune_ridge,5e397aa1c6e2b419181f2468145cc0124e854dd98818ed99a574036921b0d79e,a56957124aebce41,,8027ce830e410959,B0d,16,16,7fe30b1136,3,uav:dune_ridge,ok,mild|uav_dune_ridge|mild|rep3|seed20240909,4.6066
mild,,nan,uav_dune_ridge,5e397aa1c6e2b419181f2468145cc0124e854dd98818ed99a574036921b0d79e,a56957124aebce41,,a4d52799243741ab,B0d,16,16,7fe30b1136,4,uav:dune_ridge,ok,mild|uav_dune_ridge|mild|rep4|seed20240909,5.4007
clean,,nan,uav_dune_ridge,5e397aa1c6e2b419181f2468145cc0124e854dd98818ed99a574036921b0d79e,a56957124aebce41,,7cf6b176ed6d921f,B1,16,16,7fe30b1136,0,uav:dune_ridge,ok,clean|uav_dune_ridge|clean|rep0|seed20240909,0.9362
clean,,nan,uav_dune_ridge,5e397aa1c6e2b419181f2468145cc0124e854dd98818ed99a574036921b0d79e,a56957124aebce41,,6ba7d4b1a1c429d0,B1,16,16,7fe30b1136,1,uav:dune_ridge,ok,clean|uav_dune_ridge|clean|rep1|seed20240909,0.8533
clean,,nan,uav_dune_ridge,5e397aa1c6e2b419181f2468145cc0124e854dd98818ed99a574036921b0d79e,a56957124aebce41,,e66046abe6adfb9e,B1,16,16,7fe30b1136,2,uav:dune_ridge,ok,clean|uav_dune_ridge|clean|rep2|seed20240909,0.4687
harsh,,nan,uav_dune_ridge,5e397aa1c6e2b419181f2468145cc0124e854dd98818ed99a574036921b0d79e,a56957124aebce41,,26d1141bad1ac973,B0d,16,16,7fe30b1136,0,uav:dune_ridge,ok,harsh|uav_dune_ridge|harsh|rep0|seed20240909,4.5692
clean,,nan,uav_dune_ridge,5e397aa1c6e2b419181f2468145cc0124e854dd98818ed99a574036921b0d79e,a56957124aebce41,,2335606812b2222c,B1,16,16,7fe30b1136,3,uav:dune_ridge,ok,clean|uav_dune_ridge|clean|rep3|seed20240909,0.5095
clean,,nan,uav_dune_ridge,5e397aa1c6e2b419181f2468145cc0124e854dd98818ed99a574036921b0d79e,a56957124aebce41,,11a338dc4e97401b,B1,16,16,7fe30b1136,4,uav:dune_ridge,ok,clean|uav_dune_ridge|clean|rep4|seed20240909,0.5052
harsh,,nan,uav_dune_ridge,5e397aa1c6e2b419181f2468145cc0124e854dd98818ed99a574036921b0d79e,a56957124aebce41,,76921f567737834c,B0d,16,16,7fe30b1136,2,uav:dune_ridge,ok,harsh|uav_dune_ridge|harsh|rep2|seed20240909,4.1734
harsh,,nan,uav_dune_ridge,5e397aa1c6e2b419181f2468145cc0124e854dd98818ed99a574036921b0d79e,a56957124aebce41,,6de941f07fd2e912,B0d,16,16,7fe30b1136,3,uav:dune_ridge,ok,harsh|uav_dune_ridge|harsh|rep3|seed20240909,4.2022
harsh,,nan,uav_dune_ridge,5e397aa1c6e2b419181f2468145cc0124e854dd98818ed99a574036921b0d79e,a56957124aebce41,,aecdc603060dd165,B0d,16,16,7fe30b1136,1,uav:dune_ridge,ok,harsh|uav_dune_ridge|harsh|rep1|seed20240909,4.4006
harsh,,nan,uav_dune_ridge,5e397aa1c6e2b419181f2468145cc0124e854dd98818ed99a574036921b0d79e,a56957124aebce41,,788bd18c420463b7,B0d,16,16,7fe30b1136,4,uav:dune_ridge,ok,harsh|uav_dune_ridge|harsh|rep4|seed20240909,4.1062
moderate,,nan,uav_dune_ridge,5e397aa1c6e2b419181f2468145cc0124e854dd98818ed99a574036921b0d79e,a56957124aebce41,,6f66393062cc2340,B0d,16,16,7fe30b1136,0,uav:dune_ridge,ok,moderate|uav_dune_ridge|moderate|rep0|seed20240909,8.5124
bursty,,nan,uav_dune_ridge,5e397aa1c6e2b419181f2468145cc0124e854dd98818ed99a574036921b0d79e,a56957124aebce41,,1c2fbb21ab537a24,B0d,16,16,7fe30b1136,0,uav:dune_ridge,ok,bursty|uav_dune_ridge|bursty|rep0|seed20240909,8.1489
moderate,,nan,uav_dune_ridge,5e397aa1c6e2b419181f2468145cc0124e854dd98818ed99a574036921b0d79e,a56957124aebce41,,34e91fa8c3b88637,B0d,16,16,7fe30b1136,1,uav:dune_ridge,ok,moderate|uav_dune_ridge|moderate|rep1|seed20240909,8.4806
moderate,,nan,uav_dune_ridge,5e397aa1c6e2b419181f2468145cc0124e854dd98818ed99a574036921b0d79e,a56957124aebce41,,aa09fe0b72878fe0,B0d,16,16,7fe30b1136,2,uav:dune_ridge,ok,moderate|uav_dune_ridge|moderate|rep2|seed20240909,8.4723
mild,,nan,uav_dune_ridge,5e397aa1c6e2b419181f2468145cc0124e854dd98818ed99a574036921b0d79e,a56957124aebce41,,38e17dc7fd018664,B1,16,16,7fe30b1136,1,uav:dune_ridge,ok,mild|uav_dune_ridge|mild|rep1|seed20240909,0.692
mild,,nan,uav_dune_ridge,5e397aa1c6e2b419181f2468145cc0124e854dd98818ed99a574036921b0d79e,a56957124aebce41,,8f71234361eb8da0,B1,16,16,7fe30b1136,0,uav:dune_ridge,ok,mild|uav_dune_ridge|mild|rep0|seed20240909,0.7473
mild,,nan,uav_dune_ridge,5e397aa1c6e2b419181f2468145cc0124e854dd98818ed99a574036921b0d79e,a56957124aebce41,,68ffb9c2ccc2ec84,B1,16,16,7fe30b1136,2,uav:dune_ridge,ok,mild|uav_dune_ridge|mild|rep2|seed20240909,0.698
moderate,,nan,uav_dune_ridge,5e397aa1c6e2b419181f2468145cc0124e854dd98818ed99a574036921b0d79e,a56957124aebce41,,c402a6a9a24b775a,B0d,16,16,7fe30b1136,3,uav:dune_ridge,ok,moderate|uav_dune_ridge|moderate|rep3|seed20240909,8.6426
moderate,,nan,uav_dune_ridge,5e397aa1c6e2b419181f2468145cc0124e854dd98818ed99a574036921b0d79e,a56957124aebce41,,67f8f1f52beafcbd,B0d,16,16,7fe30b1136,4,uav:dune_ridge,ok,moderate|uav_dune_ridge|moderate|rep4|seed20240909,8.7203
mild,,nan,uav_dune_ridge,5e397aa1c6e2b419181f2468145cc0124e854dd98818ed99a574036921b0d79e,a56957124aebce41,,8fa4e125c2d0f007,B1,16,16,7fe30b1136,3,uav:dune_ridge,ok,mild|uav_dune_ridge|mild|rep3|seed20240909,0.7723
mild,,nan,uav_dune_ridge,5e397aa1c6e2b419181f2468145cc0124e854dd98818ed99a574036921b0d79e,a56957124aebce41,,dc7e2767416d9c2a,B1,16,16,7fe30b1136,4,uav:dune_ridge,ok,mild|uav_dune_ridge|mild|rep4|seed20240909,0.7914
moderate,,nan,uav_dune_ridge,5e397aa1c6e2b419181f2468145cc0124e854dd98818ed99a574036921b0d79e,a56957124aebce41,,6ef8d2fe88842944,B1,16,16,7fe30b1136,1,uav:dune_ridge,ok,moderate|uav_dune_ridge|moderate|rep1|seed20240909,0.7981
moderate,,nan,uav_dune_ridge,5e397aa1c6e2b419181f2468145cc0124e854dd98818ed99a574036921b0d79e,a56957124aebce41,,e6bd412eead5a17e,B1,16,16,7fe30b1136,0,uav:dune_ridge,ok,moderate|uav_dune_ridge|moderate|rep0|seed20240909,0.8646
moderate,,nan,uav_dune_ridge,5e397aa1c6e2b419181f2468145cc0124e854dd98818ed99a574036921b0d79e,a56957124aebce41,,38b35ad87654b888,B1,16,16,7fe30b1136,2,uav:dune_ridge,ok,moderate|uav_dune_ridge|moderate|rep2|seed20240909,0.8451
moderate,,nan,uav_dune_ridge,5e397aa1c6e2b419181f2468145cc0124e854dd98818ed99a574036921b0d79e,a56957124aebce41,,73f8198bb8b31209,B1,16,16,7fe30b1136,3,uav:dune_ridge,ok,moderate|uav_dune_ridge|moderate|rep3|seed20240909,0.8645
bursty,,nan,uav_dune_ridge,5e397aa1c6e2b419181f2468145cc0124e854dd98818ed99a574036921b0d79e,a56957124aebce41,,e8397ff5fcc979df,B1,16,16,7fe30b1136,1,uav:dune_ridge,ok,bursty|uav_dune_ridge|bursty|rep1|seed20240909,0.7261
bursty,,nan,uav_dune_ridge,5e397aa1c6e2b419181f2468145cc0124e854dd98818ed99a574036921b0d79e,a56957124aebce41,,4ee438d39f79156f,B1,16,16,7fe30b1136,0,uav:dune_ridge,ok,bursty|uav_dune_ridge|bursty|rep0|seed20240909,0.7609
moderate,,nan,uav_dune_ridge,5e397aa1c6e2b419181f2468145cc0124e854dd98818ed99a574036921b0d79e,a56957124aebce41,,0d5a1f0929214106,B1,16,16,7fe30b1136,4,uav:dune_ridge,ok,moderate|uav_dune_ridge|moderate|rep4|seed20240909,0.8486
bursty,,nan,uav_dune_ridge,5e397aa1c6e2b419181f2468145cc0124e854dd98818ed99a574036921b0d79e,a56957124aebce41,,503eac964c091031,B1,16,16,7fe30b1136,2,uav:dune_ridge,ok,bursty|uav_dune_ridge|bursty|rep2|seed20240909,0.7124
bursty,,nan,uav_dune_ridge,5e397aa1c6e2b419181f2468145cc0124e854dd98818ed99a574036921b0d79e,a56957124aebce41,,b28531a0d3e0556f,B1,16,16,7fe30b1136,3,uav:dune_ridge,ok,bursty|uav_dune_ridge|bursty|rep3|seed20240909,0.8344
bursty,,nan,uav_dune_ridge,5e397aa1c6e2b419181f2468145cc0124e854dd98818ed99a574036921b0d79e,a56957124aebce41,,65eee6946def2e01,B1,16,16,7fe30b1136,4,uav:dune_ridge,ok,bursty|uav_dune_ridge|bursty|rep4|seed20240909,0.7929
harsh,,nan,uav_dune_ridge,5e397aa1c6e2b419181f2468145cc0124e854dd98818ed99a574036921b0d79e,a56957124aebce41,,7e719bf07b78718c,B1,16,16,7fe30b1136,0,uav:dune_ridge,ok,harsh|uav_dune_ridge|harsh|rep0|seed20240909,0.8499
harsh,,nan,uav_dune_ridge,5e397aa1c6e2b419181f2468145cc0124e854dd98818ed99a574036921b0d79e,a56957124aebce41,,5e03ae54883350f4,B1,16,16,7fe30b1136,1,uav:dune_ridge,ok,harsh|uav_dune_ridge|harsh|rep1|seed20240909,0.8434
clean,,nan,uav_dune_ridge,5e397aa1c6e2b419181f2468145cc0124e854dd98818ed99a574036921b0d79e,a56957124aebce41,,6414639f135019c5,B2,16,16,7fe30b1136,1,uav:dune_ridge,ok,clean|uav_dune_ridge|clean|rep1|seed20240909,0.5323
clean,,nan,uav_dune_ridge,5e397aa1c6e2b419181f2468145cc0124e854dd98818ed99a574036921b0d79e,a56957124aebce41,,a7f3295e42766204,B2,16,16,7fe30b1136,0,uav:dune_ridge,ok,clean|uav_dune_ridge|clean|rep0|seed20240909,0.6633
harsh,,nan,uav_dune_ridge,5e397aa1c6e2b419181f2468145cc0124e854dd98818ed99a574036921b0d79e,a56957124aebce41,,7ff0e5df2350351b,B1,16,16,7fe30b1136,3,uav:dune_ridge,ok,harsh|uav_dune_ridge|harsh|rep3|seed20240909,0.7875
clean,,nan,uav_dune_ridge,5e397aa1c6e2b419181f2468145cc0124e854dd98818ed99a574036921b0d79e,a56957124aebce41,,7968272d045ba744,B2,16,16,7fe30b1136,2,uav:dune_ridge,ok,clean|uav_dune_ridge|clean|rep2|seed20240909,0.592
harsh,,nan,uav_dune_ridge,5e397aa1c6e2b419181f2468145cc0124e854dd98818ed99a574036921b0d79e,a56957124aebce41,,267619899c39739f,B1,16,16,7fe30b1136,4,uav:dune_ridge,ok,harsh|uav_dune_ridge|harsh|rep4|seed20240909,0.8016
harsh,,nan,uav_dune_ridge,5e397aa1c6e2b419181f2468145cc0124e854dd98818ed99a574036921b0d79e,a56957124aebce41,,c105f901f1bdfdbe,B1,16,16,7fe30b1136,2,uav:dune_ridge,ok,harsh|uav_dune_ridge|harsh|rep2|seed20240909,0.8663
clean,,nan,uav_dune_ridge,5e397aa1c6e2b419181f2468145cc0124e854dd98818ed99a574036921b0d79e,a56957124aebce41,,0ae828b5b2ad8ed3,B2,16,16,7fe30b1136,4,uav:dune_ridge,ok,clean|uav_dune_ridge|clean|rep4|seed20240909,0.5454
clean,,nan,uav_dune_ridge,5e397aa1c6e2b419181f2468145cc0124e854dd98818ed99a574036921b0d79e,a56957124aebce41,,b3037fe36876c47b,B2,16,16,7fe30b1136,3,uav:dune_ridge,ok,clean|uav_dune_ridge|clean|rep3|seed20240909,0.5686
mild,,nan,uav_dune_ridge,5e397aa1c6e2b419181f2468145cc0124e854dd98818ed99a574036921b0d79e,a56957124aebce41,,25b210d613490f8c,B2,16,16,7fe30b1136,0,uav:dune_ridge,ok,mild|uav_dune_ridge|mild|rep0|seed20240909,0.7773
mild,,nan,uav_dune_ridge,5e397aa1c6e2b419181f2468145cc0124e854dd98818ed99a574036921b0d79e,a56957124aebce41,,ac912cb3e01f17fd,B2,16,16,7fe30b1136,1,uav:dune_ridge,ok,mild|uav_dune_ridge|mild|rep1|seed20240909,0.7466
mild,,nan,uav_dune_ridge,5e397aa1c6e2b419181f2468145cc0124e854dd98818ed99a574036921b0d79e,a56957124aebce41,,77a9dc0ecb071010,B2,16,16,7fe30b1136,2,uav:dune_ridge,ok,mild|uav_dune_ridge|mild|rep2|seed20240909,0.7758
mild,,nan,uav_dune_ridge,5e397aa1c6e2b419181f2468145cc0124e854dd98818ed99a574036921b0d79e,a56957124aebce41,,feda3ee0475e981d,B2,16,16,7fe30b1136,4,uav:dune_ridge,ok,mild|uav_dune_ridge|mild|rep4|seed20240909,0.7302
mild,,nan,uav_dune_ridge,5e397aa1c6e2b419181f2468145cc0124e854dd98818ed99a574036921b0d79e,a56957124aebce41,,e8c856b844cd2974,B2,16,16,7fe30b1136,3,uav:dune_ridge,ok,mild|uav_dune_ridge|mild|rep3|seed20240909,0.7843
bursty,,nan,uav_dune_ridge,5e397aa1c6e2b419181f2468145cc0124e854dd98818ed99a574036921b0d79e,a56957124aebce41,,bb872cb8e06c8d5c,B2,16,16,7fe30b1136,0,uav:dune_ridge,ok,bursty|uav_dune_ridge|bursty|rep0|seed20240909,0.69
moderate,,nan,uav_dune_ridge,5e397aa1c6e2b419181f2468145cc0124e854dd98818ed99a574036921b0d79e,a56957124aebce41,,e741cd5438849ed3,B2,16,16,7fe30b1136,0,uav:dune_ridge,ok,moderate|uav_dune_ridge|moderate|rep0|seed20240909,0.7763
bursty,,nan,uav_dune_ridge,5e397aa1c6e2b419181f2468145cc0124e854dd98818ed99a574036921b0d79e,a56957124aebce41,,5f5033efa09d618e,B0d,16,16,7fe30b1136,4,uav:dune_ridge,ok,bursty|uav_dune_ridge|bursty|rep4|seed20240909,8.246
moderate,,nan,uav_dune_ridge,5e397aa1c6e2b419181f2468145cc0124e854dd98818ed99a574036921b0d79e,a56957124aebce41,,62d57ecddfd85c5d,B2,16,16,7fe30b1136,1,uav:dune_ridge,ok,moderate|uav_dune_ridge|moderate|rep1|seed20240909,0.7818
bursty,,nan,uav_dune_ridge,5e397aa1c6e2b419181f2468145cc0124e854dd98818ed99a574036921b0d79e,a56957124aebce41,,5a750ca9040af8fd,B2,16,16,7fe30b1136,1,uav:dune_ridge,ok,bursty|uav_dune_ridge|bursty|rep1|seed20240909,0.7398
moderate,,nan,uav_dune_ridge,5e397aa1c6e2b419181f2468145cc0124e854dd98818ed99a574036921b0d79e,a56957124aebce41,,716f45faeb91ad45,B2,16,16,7fe30b1136,2,uav:dune_ridge,ok,moderate|uav_dune_ridge|moderate|rep2|seed20240909,0.7855
moderate,,nan,uav_dune_ridge,5e397aa1c6e2b419181f2468145cc0124e854dd98818ed99a574036921b0d79e,a56957124aebce41,,84754fa05ac84dd4,B2,16,16,7fe30b1136,3,uav:dune_ridge,ok,moderate|uav_dune_ridge|moderate|rep3|seed20240909,0.8179
moderate,,nan,uav_dune_ridge,5e397aa1c6e2b419181f2468145cc0124e854dd98818ed99a574036921b0d79e,a56957124aebce41,,ccba5c6b643e86a5,B2,16,16,7fe30b1136,4,uav:dune_ridge,ok,moderate|uav_dune_ridge|moderate|rep4|seed20240909,0.8151
bursty,,nan,uav_dune_ridge,5e397aa1c6e2b419181f2468145cc0124e854dd98818ed99a574036921b0d79e,a56957124aebce41,,9a09da473010f3f8,B2,16,16,7fe30b1136,2,uav:dune_ridge,ok,bursty|uav_dune_ridge|bursty|rep2|seed20240909,0.6967
bursty,,nan,uav_dune_ridge,5e397aa1c6e2b419181f2468145cc0124e854dd98818ed99a574036921b0d79e,a56957124aebce41,,30a532fe59a5cdde,B0d,16,16,7fe30b1136,1,uav:dune_ridge,ok,bursty|uav_dune_ridge|bursty|rep1|seed20240909,8.7245
bursty,,nan,uav_dune_ridge,5e397aa1c6e2b419181f2468145cc0124e854dd98818ed99a574036921b0d79e,a56957124aebce41,,06ad3970d3925cbc,B2,16,16,7fe30b1136,3,uav:dune_ridge,ok,bursty|uav_dune_ridge|bursty|rep3|seed20240909,0.6911
bursty,,nan,uav_dune_ridge,5e397aa1c6e2b419181f2468145cc0124e854dd98818ed99a574036921b0d79e,a56957124aebce41,,cc31fe5892446d8d,B2,16,16,7fe30b1136,4,uav:dune_ridge,ok,bursty|uav_dune_ridge|bursty|rep4|seed20240909,0.758
harsh,,nan,uav_dune_ridge,5e397aa1c6e2b419181f2468145cc0124e854dd98818ed99a574036921b0d79e,a56957124aebce41,,214f59b8ee2d7272,B2,16,16,7fe30b1136,0,uav:dune_ridge,ok,harsh|uav_dune_ridge|harsh|rep0|seed20240909,0.7229
harsh,,nan,uav_dune_ridge,5e397aa1c6e2b419181f2468145cc0124e854dd98818ed99a574036921b0d79e,a56957124aebce41,,a951c2e7624c361d,B2,16,16,7fe30b1136,1,uav:dune_ridge,ok,harsh|uav_dune_ridge|harsh|rep1|seed20240909,0.713
harsh,,nan,uav_dune_ridge,5e397aa1c6e2b419181f2468145cc0124e854dd98818ed99a574036921b0d79e,a56957124aebce41,,90f876cc70e81b6e,B2,16,16,7fe30b1136,3,uav:dune_ridge,ok,harsh|uav_dune_ridge|harsh|rep3|seed20240909,0.7469
harsh,,nan,uav_dune_ridge,5e397aa1c6e2b419181f2468145cc0124e854dd98818ed99a574036921b0d79e,a56957124aebce41,,9aae3526a2bee0db,B2,16,16,7fe30b1136,2,uav:dune_ridge,ok,harsh|uav_dune_ridge|harsh|rep2|seed20240909,0.8122
harsh,,nan,uav_dune_ridge,5e397aa1c6e2b419181f2468145cc0124e854dd98818ed99a574036921b0d79e,a56957124aebce41,,8bbf5f95a018383a,B2,16,16,7fe30b1136,4,uav:dune_ridge,ok,harsh|uav_dune_ridge|harsh|rep4|seed20240909,0.8134
bursty,,nan,uav_dune_ridge,5e397aa1c6e2b419181f2468145cc0124e854dd98818ed99a574036921b0d79e,a56957124aebce41,,aea114a40b0b60ad,B0d,16,16,7fe30b1136,3,uav:dune_ridge,ok,bursty|uav_dune_ridge|bursty|rep3|seed20240909,9.2726
bursty,,nan,uav_dune_ridge,5e397aa1c6e2b419181f2468145cc0124e854dd98818ed99a574036921b0d79e,a56957124aebce41,,b5abfe47fe4a9f23,B0d,16,16,7fe30b1136,2,uav:dune_ridge,ok,bursty|uav_dune_ridge|bursty|rep2|seed20240909,10.0163
clean,,nan,uav_dune_ridge,5e397aa1c6e2b419181f2468145cc0124e854dd98818ed99a574036921b0d79e,a56957124aebce41,,89a5f79037a72941,B3,16,16,7fe30b1136,1,uav:dune_ridge,ok,clean|uav_dune_ridge|clean|rep1|seed20240909,2.7602
clean,,nan,uav_dune_ridge,5e397aa1c6e2b419181f2468145cc0124e854dd98818ed99a574036921b0d79e,a56957124aebce41,,bc5fcba712983d11,B3,16,16,7fe30b1136,4,uav:dune_ridge,ok,clean|uav_dune_ridge|clean|rep4|seed20240909,2.7265
clean,,nan,uav_dune_ridge,5e397aa1c6e2b419181f2468145cc0124e854dd98818ed99a574036921b0d79e,a56957124aebce41,,f7a7673c8ded7165,B3,16,16,7fe30b1136,0,uav:dune_ridge,ok,clean|uav_dune_ridge|clean|rep0|seed20240909,2.8455
clean,,nan,uav_dune_ridge,5e397aa1c6e2b419181f2468145cc0124e854dd98818ed99a574036921b0d79e,a56957124aebce41,,57a9ef1185865ecf,B3,16,16,7fe30b1136,2,uav:dune_ridge,ok,clean|uav_dune_ridge|clean|rep2|seed20240909,2.8211
clean,,nan,uav_dune_ridge,5e397aa1c6e2b419181f2468145cc0124e854dd98818ed99a574036921b0d79e,a56957124aebce41,,4aa2fa41e013e83b,B3,16,16,7fe30b1136,3,uav:dune_ridge,ok,clean|uav_dune_ridge|clean|rep3|seed20240909,2.8294
mild,,nan,uav_dune_ridge,5e397aa1c6e2b419181f2468145cc0124e854dd98818ed99a574036921b0d79e,a56957124aebce41,,60b8d848cd91a654,B3,16,16,7fe30b1136,0,uav:dune_ridge,ok,mild|uav_dune_ridge|mild|rep0|seed20240909,2.9414
mild,,nan,uav_dune_ridge,5e397aa1c6e2b419181f2468145cc0124e854dd98818ed99a574036921b0d79e,a56957124aebce41,,74f849591caefb86,B3,16,16,7fe30b1136,2,uav:dune_ridge,ok,mild|uav_dune_ridge|mild|rep2|seed20240909,2.9502
mild,,nan,uav_dune_ridge,5e397aa1c6e2b419181f2468145cc0124e854dd98818ed99a574036921b0d79e,a56957124aebce41,,81f9a086ab9c99ae,B3,16,16,7fe30b1136,1,uav:dune_ridge,ok,mild|uav_dune_ridge|mild|rep1|seed20240909,2.9633
mild,,nan,uav_dune_ridge,5e397aa1c6e2b419181f2468145cc0124e854dd98818ed99a574036921b0d79e,a56957124aebce41,,6dc5ccb099dcfa68,B3,16,16,7fe30b1136,3,uav:dune_ridge,ok,mild|uav_dune_ridge|mild|rep3|seed20240909,2.9014
mild,,nan,uav_dune_ridge,5e397aa1c6e2b419181f2468145cc0124e854dd98818ed99a574036921b0d79e,a56957124aebce41,,1a0094432596b15a,B3,16,16,7fe30b1136,4,uav:dune_ridge,ok,mild|uav_dune_ridge|mild|rep4|seed20240909,2.8983
moderate,,nan,uav_dune_ridge,5e397aa1c6e2b419181f2468145cc0124e854dd98818ed99a574036921b0d79e,a56957124aebce41,,f034834955dbcabf,B3,16,16,7fe30b1136,0,uav:dune_ridge,ok,moderate|uav_dune_ridge|moderate|rep0|seed20240909,3.8045
moderate,,nan,uav_dune_ridge,5e397aa1c6e2b419181f2468145cc0124e854dd98818ed99a574036921b0d79e,a56957124aebce41,,b4fc3a72fb98bc51,B3,16,16,7fe30b1136,1,uav:dune_ridge,ok,moderate|uav_dune_ridge|moderate|rep1|seed20240909,3.7585
moderate,,nan,uav_dune_ridge,5e397aa1c6e2b419181f2468145cc0124e854dd98818ed99a574036921b0d79e,a56957124aebce41,,970eea55b53cd2e2,B3,16,16,7fe30b1136,2,uav:dune_ridge,ok,moderate|uav_dune_ridge|moderate|rep2|seed20240909,3.7354
moderate,,nan,uav_dune_ridge,5e397aa1c6e2b419181f2468145cc0124e854dd98818ed99a574036921b0d79e,a56957124aebce41,,d0fe41de7211c0b4,B3,16,16,7fe30b1136,3,uav:dune_ridge,ok,moderate|uav_dune_ridge|moderate|rep3|seed20240909,4.2411
harsh,,nan,uav_dune_ridge,5e397aa1c6e2b419181f2468145cc0124e854dd98818ed99a574036921b0d79e,a56957124aebce41,,8a1ab2a6b6848c4a,B3,16,16,7fe30b1136,0,uav:dune_ridge,ok,harsh|uav_dune_ridge|harsh|rep0|seed20240909,2.4096
moderate,,nan,uav_dune_ridge,5e397aa1c6e2b419181f2468145cc0124e854dd98818ed99a574036921b0d79e,a56957124aebce41,,f28c164ee74133df,B3,16,16,7fe30b1136,4,uav:dune_ridge,ok,moderate|uav_dune_ridge|moderate|rep4|seed20240909,4.3788
bursty,,nan,uav_dune_ridge,5e397aa1c6e2b419181f2468145cc0124e854dd98818ed99a574036921b0d79e,a56957124aebce41,,098335ba91dd85e8,B3,16,16,7fe30b1136,0,uav:dune_ridge,ok,bursty|uav_dune_ridge|bursty|rep0|seed20240909,3.8509
harsh,,nan,uav_dune_ridge,5e397aa1c6e2b419181f2468145cc0124e854dd98818ed99a574036921b0d79e,a56957124aebce41,,d48d8f1ead38fdac,B3,16,16,7fe30b1136,1,uav:dune_ridge,ok,harsh|uav_dune_ridge|harsh|rep1|seed20240909,2.933
harsh,,nan,uav_dune_ridge,5e397aa1c6e2b419181f2468145cc0124e854dd98818ed99a574036921b0d79e,a56957124aebce41,,630e90403747f4ef,B3,16,16,7fe30b1136,2,uav:dune_ridge,ok,harsh|uav_dune_ridge|harsh|rep2|seed20240909,3.0957
harsh,,nan,uav_dune_ridge,5e397aa1c6e2b419181f2468145cc0124e854dd98818ed99a574036921b0d79e,a56957124aebce41,,a99216e6ddbca0d0,B3,16,16,7fe30b1136,3,uav:dune_ridge,ok,harsh|uav_dune_ridge|harsh|rep3|seed20240909,3.0929
harsh,,nan,uav_dune_ridge,5e397aa1c6e2b419181f2468145cc0124e854dd98818ed99a574036921b0d79e,a56957124aebce41,,d7ca5e6bf113393c,B3,16,16,7fe30b1136,4,uav:dune_ridge,ok,harsh|uav_dune_ridge|harsh|rep4|seed20240909,3.2979
bursty,,nan,uav_dune_ridge,5e397aa1c6e2b419181f2468145cc0124e854dd98818ed99a574036921b0d79e,a56957124aebce41,,cbec3aec72bdbe8e,B3,16,16,7fe30b1136,4,uav:dune_ridge,ok,bursty|uav_dune_ridge|bursty|rep4|seed20240909,4.6866
bursty,,nan,uav_dune_ridge,5e397aa1c6e2b419181f2468145cc0124e854dd98818ed99a574036921b0d79e,a56957124aebce41,,a3fa61813dfc91dc,B3,16,16,7fe30b1136,3,uav:dune_ridge,ok,bursty|uav_dune_ridge|bursty|rep3|seed20240909,4.8652
bursty,,nan,uav_dune_ridge,5e397aa1c6e2b419181f2468145cc0124e854dd98818ed99a574036921b0d79e,a56957124aebce41,,f579089362f2a983,B3,16,16,7fe30b1136,2,uav:dune_ridge,ok,bursty|uav_dune_ridge|bursty|rep2|seed20240909,5.3042
bursty,,nan,uav_dune_ridge,5e397aa1c6e2b419181f2468145cc0124e854dd98818ed99a574036921b0d79e,a56957124aebce41,,2f8a53c15cec9e04,B3,16,16,7fe30b1136,1,uav:dune_ridge,ok,bursty|uav_dune_ridge|bursty|rep1|seed20240909,5.7778
clean,,nan,uav_dune_ridge,5e397aa1c6e2b419181f2468145cc0124e854dd98818ed99a574036921b0d79e,a56957124aebce41,,b7cb44b8e3310021,B4,16,16,7fe30b1136,0,uav:dune_ridge,ok,clean|uav_dune_ridge|clean|rep0|seed20240909,7.2212
clean,,nan,uav_dune_ridge,5e397aa1c6e2b419181f2468145cc0124e854dd98818ed99a574036921b0d79e,a56957124aebce41,,ba50f0658d62b293,B4,16,16,7fe30b1136,2,uav:dune_ridge,ok,clean|uav_dune_ridge|clean|rep2|seed20240909,7.1906
clean,,nan,uav_dune_ridge,5e397aa1c6e2b419181f2468145cc0124e854dd98818ed99a574036921b0d79e,a56957124aebce41,,eb307eea0076005b,B4,16,16,7fe30b1136,3,uav:dune_ridge,ok,clean|uav_dune_ridge|clean|rep3|seed20240909,7.6825
clean,,nan,uav_dune_ridge,5e397aa1c6e2b419181f2468145cc0124e854dd98818ed99a574036921b0d79e,a56957124aebce41,,4d038746fb2b09b4,B4,16,16,7fe30b1136,1,uav:dune_ridge,ok,clean|uav_dune_ridge|clean|rep1|seed20240909,7.7454
clean,,nan,uav_dune_ridge,5e397aa1c6e2b419181f2468145cc0124e854dd98818ed99a574036921b0d79e,a56957124aebce41,,4d969ec8cd4d9175,B4,16,16,7fe30b1136,4,uav:dune_ridge,ok,clean|uav_dune_ridge|clean|rep4|seed20240909,7.2652
mild,,nan,uav_dune_ridge,5e397aa1c6e2b419181f2468145cc0124e854dd98818ed99a574036921b0d79e,a56957124aebce41,,914e8dc21eb803db,B4,16,16,7fe30b1136,2,uav:dune_ridge,ok,mild|uav_dune_ridge|mild|rep2|seed20240909,7.3241
mild,,nan,uav_dune_ridge,5e397aa1c6e2b419181f2468145cc0124e854dd98818ed99a574036921b0d79e,a56957124aebce41,,6c06b024a8746d58,B4,16,16,7fe30b1136,1,uav:dune_ridge,ok,mild|uav_dune_ridge|mild|rep1|seed20240909,7.5178
mild,,nan,uav_dune_ridge,5e397aa1c6e2b419181f2468145cc0124e854dd98818ed99a574036921b0d79e,a56957124aebce41,,66cf23d3d09a967b,B4,16,16,7fe30b1136,0,uav:dune_ridge,ok,mild|uav_dune_ridge|mild|rep0|seed20240909,7.544
mild,,nan,uav_dune_ridge,5e397aa1c6e2b419181f2468145cc0124e854dd98818ed99a574036921b0d79e,a56957124aebce41,,70b332133f6f7479,B4,16,16,7fe30b1136,3,uav:dune_ridge,ok,mild|uav_dune_ridge|mild|rep3|seed20240909,7.4491
mild,,nan,uav_dune_ridge,5e397aa1c6e2b419181f2468145cc0124e854dd98818ed99a574036921b0d79e,a56957124aebce41,,6fe4ece0ff6f2c51,B4,16,16,7fe30b1136,4,uav:dune_ridge,ok,mild|uav_dune_ridge|mild|rep4|seed20240909,7.3795
harsh,,nan,uav_dune_ridge,5e397aa1c6e2b419181f2468145cc0124e854dd98818ed99a574036921b0d79e,a56957124aebce41,,05dfb3461383fb1b,B4,16,16,7fe30b1136,0,uav:dune_ridge,ok,harsh|uav_dune_ridge|harsh|rep0|seed20240909,3.4368
harsh,,nan,uav_dune_ridge,5e397aa1c6e2b419181f2468145cc0124e854dd98818ed99a574036921b0d79e,a56957124aebce41,,87ebd3814b4f54a3,B4,16,16,7fe30b1136,1,uav:dune_ridge,ok,harsh|uav_dune_ridge|harsh|rep1|seed20240909,3.5425
harsh,,nan,uav_dune_ridge,5e397aa1c6e2b419181f2468145cc0124e854dd98818ed99a574036921b0d79e,a56957124aebce41,,560e39942c05f8b7,B4,16,16,7fe30b1136,3,uav:dune_ridge,ok,harsh|uav_dune_ridge|harsh|rep3|seed20240909,3.5548
harsh,,nan,uav_dune_ridge,5e397aa1c6e2b419181f2468145cc0124e854dd98818ed99a574036921b0d79e,a56957124aebce41,,5c5e790a1069d922,B4,16,16,7fe30b1136,2,uav:dune_ridge,ok,harsh|uav_dune_ridge|harsh|rep2|seed20240909,3.5977
moderate,,nan,uav_dune_ridge,5e397aa1c6e2b419181f2468145cc0124e854dd98818ed99a574036921b0d79e,a56957124aebce41,,32498d30f63920c3,B4,16,16,7fe30b1136,0,uav:dune_ridge,ok,moderate|uav_dune_ridge|moderate|rep0|seed20240909,10.3055
bursty,,nan,uav_dune_ridge,5e397aa1c6e2b419181f2468145cc0124e854dd98818ed99a574036921b0d79e,a56957124aebce41,,aeb9255a244b4b62,B4,16,16,7fe30b1136,0,uav:dune_ridge,ok,bursty|uav_dune_ridge|bursty|rep0|seed20240909,8.5256
moderate,,nan,uav_dune_ridge,5e397aa1c6e2b419181f2468145cc0124e854dd98818ed99a574036921b0d79e,a56957124aebce41,,ca17259350a57f71,B4,16,16,7fe30b1136,1,uav:dune_ridge,ok,moderate|uav_dune_ridge|moderate|rep1|seed20240909,10.3366
harsh,,nan,uav_dune_ridge,5e397aa1c6e2b419181f2468145cc0124e854dd98818ed99a574036921b0d79e,a56957124aebce41,,897cd4f4cad146f2,B4,16,16,7fe30b1136,4,uav:dune_ridge,ok,harsh|uav_dune_ridge|harsh|rep4|seed20240909,3.5365
moderate,,nan,uav_dune_ridge,5e397aa1c6e2b419181f2468145cc0124e854dd98818ed99a574036921b0d79e,a56957124aebce41,,28b83e867e9c32ac,B4,16,16,7fe30b1136,2,uav:dune_ridge,ok,moderate|uav_dune_ridge|moderate|rep2|seed20240909,9.7246
moderate,,nan,uav_dune_ridge,5e397aa1c6e2b419181f2468145cc0124e854dd98818ed99a574036921b0d79e,a56957124aebce41,,507608501ec6d24e,B4,16,16,7fe30b1136,4,uav:dune_ridge,ok,moderate|uav_dune_ridge|moderate|rep4|seed20240909,9.6857
moderate,,nan,uav_dune_ridge,5e397aa1c6e2b419181f2468145cc0124e854dd98818ed99a574036921b0d79e,a56957124aebce41,,5a32e10415225881,B4,16,16,7fe30b1136,3,uav:dune_ridge,ok,moderate|uav_dune_ridge|moderate|rep3|seed20240909,10.3734
bursty,,nan,uav_dune_ridge,5e397aa1c6e2b419181f2468145cc0124e854dd98818ed99a574036921b0d79e,a56957124aebce41,,7613ad93c502ff99,B4,16,16,7fe30b1136,1,uav:dune_ridge,ok,bursty|uav_dune_ridge|bursty|rep1|seed20240909,8.6655
bursty,,nan,uav_dune_ridge,5e397aa1c6e2b419181f2468145cc0124e854dd98818ed99a574036921b0d79e,a56957124aebce41,,a04d4d7d694695b0,B4,16,16,7fe30b1136,4,uav:dune_ridge,ok,bursty|uav_dune_ridge|bursty|rep4|seed20240909,8.2673
bursty,,nan,uav_dune_ridge,5e397aa1c6e2b419181f2468145cc0124e854dd98818ed99a574036921b0d79e,a56957124aebce41,,dea246beac1b2466,B4,16,16,7fe30b1136,3,uav:dune_ridge,ok,bursty|uav_dune_ridge|bursty|rep3|seed20240909,8.6199
bursty,,nan,uav_dune_ridge,5e397aa1c6e2b419181f2468145cc0124e854dd98818ed99a574036921b0d79e,a56957124aebce41,,3f4e840752fdda66,B4,16,16,7fe30b1136,2,uav:dune_ridge,ok,bursty|uav_dune_ridge|bursty|rep2|seed20240909,9.5908
clean,,nan,uav_dune_ridge,5e397aa1c6e2b419181f2468145cc0124e854dd98818ed99a574036921b0d79e,a56957124aebce41,,1911e46714a02dbc,P,16,16,f6706417e8,0,uav:dune_ridge,ok,clean|uav_dune_ridge|clean|rep0|seed20240909,8.5302
clean,,nan,uav_dune_ridge,5e397aa1c6e2b419181f2468145cc0124e854dd98818ed99a574036921b0d79e,a56957124aebce41,,a0a2d6b75bb4f1ef,P,16,16,f6706417e8,1,uav:dune_ridge,ok,clean|uav_dune_ridge|clean|rep1|seed20240909,8.46
clean,,nan,uav_dune_ridge,5e397aa1c6e2b419181f2468145cc0124e854dd98818ed99a574036921b0d79e,a56957124aebce41,,905ddb9e5ff736a2,P,16,16,f6706417e8,2,uav:dune_ridge,ok,clean|uav_dune_ridge|clean|rep2|seed20240909,8.4407
clean,,nan,uav_dune_ridge,5e397aa1c6e2b419181f2468145cc0124e854dd98818ed99a574036921b0d79e,a56957124aebce41,,1a71fb7ae9bd453d,P,16,16,f6706417e8,3,uav:dune_ridge,ok,clean|uav_dune_ridge|clean|rep3|seed20240909,8.4292
clean,,nan,uav_dune_ridge,5e397aa1c6e2b419181f2468145cc0124e854dd98818ed99a574036921b0d79e,a56957124aebce41,,00741bcb4ed6dc65,P,16,16,f6706417e8,4,uav:dune_ridge,ok,clean|uav_dune_ridge|clean|rep4|seed20240909,8.4027
mild,,nan,uav_dune_ridge,5e397aa1c6e2b419181f2468145cc0124e854dd98818ed99a574036921b0d79e,a56957124aebce41,,28890cfab5f42c4f,P,16,16,f6706417e8,0,uav:dune_ridge,ok,mild|uav_dune_ridge|mild|rep0|seed20240909,8.9729
mild,,nan,uav_dune_ridge,5e397aa1c6e2b419181f2468145cc0124e854dd98818ed99a574036921b0d79e,a56957124aebce41,,3ae7114b0693294c,P,16,16,f6706417e8,2,uav:dune_ridge,ok,mild|uav_dune_ridge|mild|rep2|seed20240909,8.8767
mild,,nan,uav_dune_ridge,5e397aa1c6e2b419181f2468145cc0124e854dd98818ed99a574036921b0d79e,a56957124aebce41,,47eb5b9fa7aea706,P,16,16,f6706417e8,1,uav:dune_ridge,ok,mild|uav_dune_ridge|mild|rep1|seed20240909,8.9443
mild,,nan,uav_dune_ridge,5e397aa1c6e2b419181f2468145cc0124e854dd98818ed99a574036921b0d79e,a56957124aebce41,,89867c33401465e7,P,16,16,f6706417e8,4,uav:dune_ridge,ok,mild|uav_dune_ridge|mild|rep4|seed20240909,8.9031
mild,,nan,uav_dune_ridge,5e397aa1c6e2b419181f2468145cc0124e854dd98818ed99a574036921b0d79e,a56957124aebce41,,b3c8ce98d2e398cc,P,16,16,f6706417e8,3,uav:dune_ridge,ok,mild|uav_dune_ridge|mild|rep3|seed20240909,8.9783
clean,,nan,uav_dune_fast,4133e1fda185886f0663bc0dc901307fdbd7261f8465f38a91b8141b6c82092c,a56957124aebce41,,077cb4c0a0041045,B0a,16,16,7fe30b1136,0,uav:dune_fast,ok,clean|uav_dune_fast|clean|rep0|seed20240909,0.5072
clean,,nan,uav_dune_fast,4133e1fda185886f0663bc0dc901307fdbd7261f8465f38a91b8141b6c82092c,a56957124aebce41,,71217115aae5a92f,B0a,16,16,7fe30b1136,1,uav:dune_fast,ok,clean|uav_dune_fast|clean|rep1|seed20240909,0.506
clean,,nan,uav_dune_fast,4133e1fda185886f0663bc0dc901307fdbd7261f8465f38a91b8141b6c82092c,a56957124aebce41,,cb6e21e5e5c8b5fe,B0a,16,16,7fe30b1136,2,uav:dune_fast,ok,clean|uav_dune_fast|clean|rep2|seed20240909,0.4877
clean,,nan,uav_dune_fast,4133e1fda185886f0663bc0dc901307fdbd7261f8465f38a91b8141b6c82092c,a56957124aebce41,,3120d7e31e030f88,B0a,16,16,7fe30b1136,3,uav:dune_fast,ok,clean|uav_dune_fast|clean|rep3|seed20240909,0.4679
clean,,nan,uav_dune_fast,4133e1fda185886f0663bc0dc901307fdbd7261f8465f38a91b8141b6c82092c,a56957124aebce41,,358f0116409aabc6,B0a,16,16,7fe30b1136,4,uav:dune_fast,ok,clean|uav_dune_fast|clean|rep4|seed20240909,0.4628
mild,,nan,uav_dune_fast,4133e1fda185886f0663bc0dc901307fdbd7261f8465f38a91b8141b6c82092c,a56957124aebce41,,4af23dfd793e919b,B0a,16,16,7fe30b1136,0,uav:dune_fast,ok,mild|uav_dune_fast|mild|rep0|seed20240909,0.6525
mild,,nan,uav_dune_fast,4133e1fda185886f0663bc0dc901307fdbd7261f8465f38a91b8141b6c82092c,a56957124aebce41,,215b4b88a2a06c64,B0a,16,16,7fe30b1136,1,uav:dune_fast,ok,mild|uav_dune_fast|mild|rep1|seed20240909,0.646
harsh,,nan,uav_dune_ridge,5e397aa1c6e2b419181f2468145cc0124e854dd98818ed99a574036921b0d79e,a56957124aebce41,,343480146c6c6439,P,16,16,f6706417e8,0,uav:dune_ridge,ok,harsh|uav_dune_ridge|harsh|rep0|seed20240909,5.1764
mild,,nan,uav_dune_fast,4133e1fda185886f0663bc0dc901307fdbd7261f8465f38a91b8141b6c82092c,a56957124aebce41,,b51e35fb4b338f71,B0a,16,16,7fe30b1136,2,uav:dune_fast,ok,mild|uav_dune_fast|mild|rep2|seed20240909,0.6012
mild,,nan,uav_dune_fast,4133e1fda185886f0663bc0dc901307fdbd7261f8465f38a91b8141b6c82092c,a56957124aebce41,,0e353681c9f68372,B0a,16,16,7fe30b1136,3,uav:dune_fast,ok,mild|uav_dune_fast|mild|rep3|seed20240909,0.647
harsh,,nan,uav_dune_ridge,5e397aa1c6e2b419181f2468145cc0124e854dd98818ed99a574036921b0d79e,a56957124aebce41,,730cfa580389e64d,P,16,16,f6706417e8,1,uav:dune_ridge,ok,harsh|uav_dune_ridge|harsh|rep1|seed20240909,5.081
mild,,nan,uav_dune_fast,4133e1fda185886f0663bc0dc901307fdbd7261f8465f38a91b8141b6c82092c,a56957124aebce41,,313262b62eed7a9b,B0a,16,16,7fe30b1136,4,uav:dune_fast,ok,mild|uav_dune_fast|mild|rep4|seed20240909,0.6699
harsh,,nan,uav_dune_ridge,5e397aa1c6e2b419181f2468145cc0124e854dd98818ed99a574036921b0d79e,a56957124aebce41,,252bbc1cff53abcd,P,16,16,f6706417e8,3,uav:dune_ridge,ok,harsh|uav_dune_ridge|harsh|rep3|seed20240909,5.231
harsh,,nan,uav_dune_ridge,5e397aa1c6e2b419181f2468145cc0124e854dd98818ed99a574036921b0d79e,a56957124aebce41,,e0098bb87000a6f0,P,16,16,f6706417e8,4,uav:dune_ridge,ok,harsh|uav_dune_ridge|harsh|rep4|seed20240909,5.0807
harsh,,nan,uav_dune_ridge,5e397aa1c6e2b419181f2468145cc0124e854dd98818ed99a574036921b0d79e,a56957124aebce41,,2d044d15f2a3abb6,P,16,16,f6706417e8,2,uav:dune_ridge,ok,harsh|uav_dune_ridge|harsh|rep2|seed20240909,5.4197
moderate,,nan,uav_dune_fast,4133e1fda185886f0663bc0dc901307fdbd7261f8465f38a91b8141b6c82092c,a56957124aebce41,,3eb45e20609e7e96,B0a,16,16,7fe30b1136,0,uav:dune_fast,ok,moderate|uav_dune_fast|moderate|rep0|seed20240909,0.7266
moderate,,nan,uav_dune_fast,4133e1fda185886f0663bc0dc901307fdbd7261f8465f38a91b8141b6c82092c,a56957124aebce41,,516c1e025fb08699,B0a,16,16,7fe30b1136,1,uav:dune_fast,ok,moderate|uav_dune_fast|moderate|rep1|seed20240909,0.7414
moderate,,nan,uav_dune_fast,4133e1fda185886f0663bc0dc901307fdbd7261f8465f38a91b8141b6c82092c,a56957124aebce41,,24354be28e7d1087,B0a,16,16,7fe30b1136,2,uav:dune_fast,ok,moderate|uav_dune_fast|moderate|rep2|seed20240909,0.7656
moderate,,nan,uav_dune_fast,4133e1fda185886f0663bc0dc901307fdbd7261f8465f38a91b8141b6c82092c,a56957124aebce41,,08f1cf4c0771066e,B0a,16,16,7fe30b1136,4,uav:dune_fast,ok,moderate|uav_dune_fast|moderate|rep4|seed20240909,0.8104
moderate,,nan,uav_dune_fast,4133e1fda185886f0663bc0dc901307fdbd7261f8465f38a91b8141b6c82092c,a56957124aebce41,,5b05dd258725b59e,B0a,16,16,7fe30b1136,3,uav:dune_fast,ok,moderate|uav_dune_fast|moderate|rep3|seed20240909,0.8202
bursty,,nan,uav_dune_fast,4133e1fda185886f0663bc0dc901307fdbd7261f8465f38a91b8141b6c82092c,a56957124aebce41,,37cfb78f3bab099c,B0a,16,16,7fe30b1136,0,uav:dune_fast,ok,bursty|uav_dune_fast|bursty|rep0|seed20240909,0.7772
bursty,,nan,uav_dune_fast,4133e1fda185886f0663bc0dc901307fdbd7261f8465f38a91b8141b6c82092c,a56957124aebce41,,eba6a8e97b0994f6,B0a,16,16,7fe30b1136,1,uav:dune_fast,ok,bursty|uav_dune_fast|bursty|rep1|seed20240909,0.7397
bursty,,nan,uav_dune_fast,4133e1fda185886f0663bc0dc901307fdbd7261f8465f38a91b8141b6c82092c,a56957124aebce41,,441fa9a2aa0ad513,B0a,16,16,7fe30b1136,2,uav:dune_fast,ok,bursty|uav_dune_fast|bursty|rep2|seed20240909,0.7727
bursty,,nan,uav_dune_fast,4133e1fda185886f0663bc0dc901307fdbd7261f8465f38a91b8141b6c82092c,a56957124aebce41,,e0d55c5b9891b709,B0a,16,16,7fe30b1136,3,uav:dune_fast,ok,bursty|uav_dune_fast|bursty|rep3|seed20240909,0.7023
bursty,,nan,uav_dune_fast,4133e1fda185886f0663bc0dc901307fdbd7261f8465f38a91b8141b6c82092c,a56957124aebce41,,b5a68471fe2df305,B0a,16,16,7fe30b1136,4,uav:dune_fast,ok,bursty|uav_dune_fast|bursty|rep4|seed20240909,0.7006
harsh,,nan,uav_dune_fast,4133e1fda185886f0663bc0dc901307fdbd7261f8465f38a91b8141b6c82092c,a56957124aebce41,,bb91b07317c88451,B0a,16,16,7fe30b1136,0,uav:dune_fast,ok,harsh|uav_dune_fast|harsh|rep0|seed20240909,0.7309
harsh,,nan,uav_dune_fast,4133e1fda185886f0663bc0dc901307fdbd7261f8465f38a91b8141b6c82092c,a56957124aebce41,,1d3fc81f18a65060,B0a,16,16,7fe30b1136,1,uav:dune_fast,ok,harsh|uav_dune_fast|harsh|rep1|seed20240909,0.7138
harsh,,nan,uav_dune_fast,4133e1fda185886f0663bc0dc901307fdbd7261f8465f38a91b8141b6c82092c,a56957124aebce41,,53cd994e70ae684c,B0a,16,16,7fe30b1136,2,uav:dune_fast,ok,harsh|uav_dune_fast|harsh|rep2|seed20240909,0.7253
harsh,,nan,uav_dune_fast,4133e1fda185886f0663bc0dc901307fdbd7261f8465f38a91b8141b6c82092c,a56957124aebce41,,ac5859e346f0bfa9,B0a,16,16,7fe30b1136,3,uav:dune_fast,ok,harsh|uav_dune_fast|harsh|rep3|seed20240909,0.772
harsh,,nan,uav_dune_fast,4133e1fda185886f0663bc0dc901307fdbd7261f8465f38a91b8141b6c82092c,a56957124aebce41,,8c84609edc1ae235,B0a,16,16,7fe30b1136,4,uav:dune_fast,ok,harsh|uav_dune_fast|harsh|rep4|seed20240909,0.7337
moderate,,nan,uav_dune_ridge,5e397aa1c6e2b419181f2468145cc0124e854dd98818ed99a574036921b0d79e,a56957124aebce41,,69ee3939b2646320,P,16,16,f6706417e8,1,uav:dune_ridge,ok,moderate|uav_dune_ridge|moderate|rep1|seed20240909,15.3399
clean,,nan,uav_dune_fast,4133e1fda185886f0663bc0dc901307fdbd7261f8465f38a91b8141b6c82092c,a56957124aebce41,,499bb0c6495cd4a6,B0a-R,16,16,7fe30b1136,0,uav:dune_fast,ok,clean|uav_dune_fast|clean|rep0|seed20240909,1.3394
moderate,,nan,uav_dune_ridge,5e397aa1c6e2b419181f2468145cc0124e854dd98818ed99a574036921b0d79e,a56957124aebce41,,cf0243db4f794359,P,16,16,f6706417e8,0,uav:dune_ridge,ok,moderate|uav_dune_ridge|moderate|rep0|seed20240909,16.3853
clean,,nan,uav_dune_fast,4133e1fda185886f0663bc0dc901307fdbd7261f8465f38a91b8141b6c82092c,a56957124aebce41,,97103a8f4f19800b,B0a-R,16,16,7fe30b1136,1,uav:dune_fast,ok,clean|uav_dune_fast|clean|rep1|seed20240909,1.3687
clean,,nan,uav_dune_fast,4133e1fda185886f0663bc0dc901307fdbd7261f8465f38a91b8141b6c82092c,a56957124aebce41,,f22ff8978a2a420f,B0a-R,16,16,7fe30b1136,2,uav:dune_fast,ok,clean|uav_dune_fast|clean|rep2|seed20240909,1.6375
clean,,nan,uav_dune_fast,4133e1fda185886f0663bc0dc901307fdbd7261f8465f38a91b8141b6c82092c,a56957124aebce41,,e6a33c523743b471,B0a-R,16,16,7fe30b1136,3,uav:dune_fast,ok,clean|uav_dune_fast|clean|rep3|seed20240909,1.6923
clean,,nan,uav_dune_fast,4133e1fda185886f0663bc0dc901307fdbd7261f8465f38a91b8141b6c82092c,a56957124aebce41,,3f5a76a50d266772,B0a-R,16,16,7fe30b1136,4,uav:dune_fast,ok,clean|uav_dune_fast|clean|rep4|seed20240909,1.6447
moderate,,nan,uav_dune_ridge,5e397aa1c6e2b419181f2468145cc0124e854dd98818ed99a574036921b0d79e,a56957124aebce41,,22d0d55febd34244,P,16,16,f6706417e8,2,uav:dune_ridge,ok,moderate|uav_dune_ridge|moderate|rep2|seed20240909,15.7306
bursty,,nan,uav_dune_ridge,5e397aa1c6e2b419181f2468145cc0124e854dd98818ed99a574036921b0d79e,a56957124aebce41,,70d99f13d0e55d7c,P,16,16,f6706417e8,0,uav:dune_ridge,ok,bursty|uav_dune_ridge|bursty|rep0|seed20240909,14.1972
moderate,,nan,uav_dune_ridge,5e397aa1c6e2b419181f2468145cc0124e854dd98818ed99a574036921b0d79e,a56957124aebce41,,1aa43367dabe7514,P,16,16,f6706417e8,4,uav:dune_ridge,ok,moderate|uav_dune_ridge|moderate|rep4|seed20240909,15.4423
mild,,nan,uav_dune_fast,4133e1fda185886f0663bc0dc901307fdbd7261f8465f38a91b8141b6c82092c,a56957124aebce41,,4b3601e4b42b7a5f,B0a-R,16,16,7fe30b1136,1,uav:dune_fast,ok,mild|uav_dune_fast|mild|rep1|seed20240909,3.076
mild,,nan,uav_dune_fast,4133e1fda185886f0663bc0dc901307fdbd7261f8465f38a91b8141b6c82092c,a56957124aebce41,,c1876fe0cd4e46b6,B0a-R,16,16,7fe30b1136,0,uav:dune_fast,ok,mild|uav_dune_fast|mild|rep0|seed20240909,3.1707
moderate,,nan,uav_dune_ridge,5e397aa1c6e2b419181f2468145cc0124e854dd98818ed99a574036921b0d79e,a56957124aebce41,,92ab3105ce695e99,P,16,16,f6706417e8,3,uav:dune_ridge,ok,moderate|uav_dune_ridge|moderate|rep3|seed20240909,16.8097
mild,,nan,uav_dune_fast,4133e1fda185886f0663bc0dc901307fdbd7261f8465f38a91b8141b6c82092c,a56957124aebce41,,78dd840cbb09bce3,B0a-R,16,16,7fe30b1136,4,uav:dune_fast,ok,mild|uav_dune_fast|mild|rep4|seed20240909,3.6789
mild,,nan,uav_dune_fast,4133e1fda185886f0663bc0dc901307fdbd7261f8465f38a91b8141b6c82092c,a56957124aebce41,,d2707b463cc3f8da,B0a-R,16,16,7fe30b1136,2,uav:dune_fast,ok,mild|uav_dune_fast|mild|rep2|seed20240909,4.2239
mild,,nan,uav_dune_fast,4133e1fda185886f0663bc0dc901307fdbd7261f8465f38a91b8141b6c82092c,a56957124aebce41,,19fa9ad2c37422db,B0a-R,16,16,7fe30b1136,3,uav:dune_fast,ok,mild|uav_dune_fast|mild|rep3|seed20240909,4.4885
moderate,,nan,uav_dune_fast,4133e1fda185886f0663bc0dc901307fdbd7261f8465f38a91b8141b6c82092c,a56957124aebce41,,243ccf22b87e92eb,B0a-R,16,16,7fe30b1136,0,uav:dune_fast,ok,moderate|uav_dune_fast|moderate|rep0|seed20240909,4.5476
bursty,,nan,uav_dune_ridge,5e397aa1c6e2b419181f2468145cc0124e854dd98818ed99a574036921b0d79e,a56957124aebce41,,ace1c2e0199365f2,P,16,16,f6706417e8,1,uav:dune_ridge,ok,bursty|uav_dune_ridge|bursty|rep1|seed20240909,16.9539
moderate,,nan,uav_dune_fast,4133e1fda185886f0663bc0dc901307fdbd7261f8465f38a91b8141b6c82092c,a56957124aebce41,,42db01e74c00aecc,B0a-R,16,16,7fe30b1136,2,uav:dune_fast,ok,moderate|uav_dune_fast|moderate|rep2|seed20240909,4.9008
moderate,,nan,uav_dune_fast,4133e1fda185886f0663bc0dc901307fdbd7261f8465f38a91b8141b6c82092c,a56957124aebce41,,77c17810a651656a,B0a-R,16,16,7fe30b1136,4,uav:dune_fast,ok,moderate|uav_dune_fast|moderate|rep4|seed20240909,4.4106
moderate,,nan,uav_dune_fast,4133e1fda185886f0663bc0dc901307fdbd7261f8465f38a91b8141b6c82092c,a56957124aebce41,,f1249e01a297cb75,B0a-R,16,16,7fe30b1136,1,uav:dune_fast,ok,moderate|uav_dune_fast|moderate|rep1|seed20240909,5.2489
bursty,,nan,uav_dune_fast,4133e1fda185886f0663bc0dc901307fdbd7261f8465f38a91b8141b6c82092c,a56957124aebce41,,6c4ba5520bbccb34,B0a-R,16,16,7fe30b1136,1,uav:dune_fast,ok,bursty|uav_dune_fast|bursty|rep1|seed20240909,3.6782
moderate,,nan,uav_dune_fast,4133e1fda185886f0663bc0dc901307fdbd7261f8465f38a91b8141b6c82092c,a56957124aebce41,,14b37331be9f639f,B0a-R,16,16,7fe30b1136,3,uav:dune_fast,ok,moderate|uav_dune_fast|moderate|rep3|seed20240909,5.1313
bursty,,nan,uav_dune_fast,4133e1fda185886f0663bc0dc901307fdbd7261f8465f38a91b8141b6c82092c,a56957124aebce41,,e6c6f974bbf5ec52,B0a-R,16,16,7fe30b1136,0,uav:dune_fast,ok,bursty|uav_dune_fast|bursty|rep0|seed20240909,4.5171
bursty,,nan,uav_dune_fast,4133e1fda185886f0663bc0dc901307fdbd7261f8465f38a91b8141b6c82092c,a56957124aebce41,,ed2060bd3f87ae7a,B0a-R,16,16,7fe30b1136,2,uav:dune_fast,ok,bursty|uav_dune_fast|bursty|rep2|seed20240909,4.3188
bursty,,nan,uav_dune_fast,4133e1fda185886f0663bc0dc901307fdbd7261f8465f38a91b8141b6c82092c,a56957124aebce41,,3c85d7208549fcab,B0a-R,16,16,7fe30b1136,3,uav:dune_fast,ok,bursty|uav_dune_fast|bursty|rep3|seed20240909,4.2217
bursty,,nan,uav_dune_fast,4133e1fda185886f0663bc0dc901307fdbd7261f8465f38a91b8141b6c82092c,a56957124aebce41,,b4c9500a2eced287,B0a-R,16,16,7fe30b1136,4,uav:dune_fast,ok,bursty|uav_dune_fast|bursty|rep4|seed20240909,3.9137
bursty,,nan,uav_dune_ridge,5e397aa1c6e2b419181f2468145cc0124e854dd98818ed99a574036921b0d79e,a56957124aebce41,,e88263bbe481cfef,P,16,16,f6706417e8,4,uav:dune_ridge,ok,bursty|uav_dune_ridge|bursty|rep4|seed20240909,17.6706
bursty,,nan,uav_dune_ridge,5e397aa1c6e2b419181f2468145cc0124e854dd98818ed99a574036921b0d79e,a56957124aebce41,,cdfe05c506896e22,P,16,16,f6706417e8,2,uav:dune_ridge,ok,bursty|uav_dune_ridge|bursty|rep2|seed20240909,18.3573
harsh,,nan,uav_dune_fast,4133e1fda185886f0663bc0dc901307fdbd7261f8465f38a91b8141b6c82092c,a56957124aebce41,,4cd0aa94d505f2f5,B0a-R,16,16,7fe30b1136,0,uav:dune_fast,ok,harsh|uav_dune_fast|harsh|rep0|seed20240909,4.2558
harsh,,nan,uav_dune_fast,4133e1fda185886f0663bc0dc901307fdbd7261f8465f38a91b8141b6c82092c,a56957124aebce41,,88d888ff02b78a1f,B0a-R,16,16,7fe30b1136,1,uav:dune_fast,ok,harsh|uav_dune_fast|harsh|rep1|seed20240909,4.4415
bursty,,nan,uav_dune_ridge,5e397aa1c6e2b419181f2468145cc0124e854dd98818ed99a574036921b0d79e,a56957124aebce41,,aaf969a20e5a73f6,P,16,16,f6706417e8,3,uav:dune_ridge,ok,bursty|uav_dune_ridge|bursty|rep3|seed20240909,18.4099
harsh,,nan,uav_dune_fast,4133e1fda185886f0663bc0dc901307fdbd7261f8465f38a91b8141b6c82092c,a56957124aebce41,,4432b61c82f5ad25,B0a-R,16,16,7fe30b1136,4,uav:dune_fast,ok,harsh|uav_dune_fast|harsh|rep4|seed20240909,3.624
harsh,,nan,uav_dune_fast,4133e1fda185886f0663bc0dc901307fdbd7261f8465f38a91b8141b6c82092c,a56957124aebce41,,2fccd7f32cb1e5c4,B0a-R,16,16,7fe30b1136,3,uav:dune_fast,ok,harsh|uav_dune_fast|harsh|rep3|seed20240909,4.0109
harsh,,nan,uav_dune_fast,4133e1fda185886f0663bc0dc901307fdbd7261f8465f38a91b8141b6c82092c,a56957124aebce41,,ccd7a2f3e2903b2a,B0a-R,16,16,7fe30b1136,2,uav:dune_fast,ok,harsh|uav_dune_fast|harsh|rep2|seed20240909,4.3833
clean,,nan,uav_dune_fast,4133e1fda185886f0663bc0dc901307fdbd7261f8465f38a91b8141b6c82092c,a56957124aebce41,,578e1b2a53722ade,B0d,16,16,7fe30b1136,0,uav:dune_fast,ok,clean|uav_dune_fast|clean|rep0|seed20240909,6.0729
clean,,nan,uav_dune_fast,4133e1fda185886f0663bc0dc901307fdbd7261f8465f38a91b8141b6c82092c,a56957124aebce41,,3865ebae6a4373a0,B0d,16,16,7fe30b1136,2,uav:dune_fast,ok,clean|uav_dune_fast|clean|rep2|seed20240909,5.7665
clean,,nan,uav_dune_fast,4133e1fda185886f0663bc0dc901307fdbd7261f8465f38a91b8141b6c82092c,a56957124aebce41,,f3dd392d5f718c06,B0d,16,16,7fe30b1136,3,uav:dune_fast,ok,clean|uav_dune_fast|clean|rep3|seed20240909,5.8864
clean,,nan,uav_dune_fast,4133e1fda185886f0663bc0dc901307fdbd7261f8465f38a91b8141b6c82092c,a56957124aebce41,,f47521d506b27d5a,B0d,16,16,7fe30b1136,1,uav:dune_fast,ok,clean|uav_dune_fast|clean|rep1|seed20240909,6.3229
clean,,nan,uav_dune_fast,4133e1fda185886f0663bc0dc901307fdbd7261f8465f38a91b8141b6c82092c,a56957124aebce41,,0fd4c359fca3aadb,B0d,16,16,7fe30b1136,4,uav:dune_fast,ok,clean|uav_dune_fast|clean|rep4|seed20240909,5.6673
mild,,nan,uav_dune_fast,4133e1fda185886f0663bc0dc901307fdbd7261f8465f38a91b8141b6c82092c,a56957124aebce41,,91d8c25e0675841f,B0d,16,16,7fe30b1136,0,uav:dune_fast,ok,mild|uav_dune_fast|mild|rep0|seed20240909,5.9066
mild,,nan,uav_dune_fast,4133e1fda185886f0663bc0dc901307fdbd7261f8465f38a91b8141b6c82092c,a56957124aebce41,,f8c86ceb6fb7b751,B0d,16,16,7fe30b1136,2,uav:dune_fast,ok,mild|uav_dune_fast|mild|rep2|seed20240909,5.6616
mild,,nan,uav_dune_fast,4133e1fda185886f0663bc0dc901307fdbd7261f8465f38a91b8141b6c82092c,a56957124aebce41,,2e1188887215526f,B0d,16,16,7fe30b1136,1,uav:dune_fast,ok,mild|uav_dune_fast|mild|rep1|seed20240909,5.9497
mild,,nan,uav_dune_fast,4133e1fda185886f0663bc0dc901307fdbd7261f8465f38a91b8141b6c82092c,a56957124aebce41,,80340ff5233bce1b,B0d,16,16,7fe30b1136,4,uav:dune_fast,ok,mild|uav_dune_fast|mild|rep4|seed20240909,5.2848
mild,,nan,uav_dune_fast,4133e1fda185886f0663bc0dc901307fdbd7261f8465f38a91b8141b6c82092c,a56957124aebce41,,175b5eb8ff1a12fa,B0d,16,16,7fe30b1136,3,uav:dune_fast,ok,mild|uav_dune_fast|mild|rep3|seed20240909,5.5856
clean,,nan,uav_dune_fast,4133e1fda185886f0663bc0dc901307fdbd7261f8465f38a91b8141b6c82092c,a56957124aebce41,,6a12c1764ac2e7eb,B1,16,16,7fe30b1136,0,uav:dune_fast,ok,clean|uav_dune_fast|clean|rep0|seed20240909,0.5651
clean,,nan,uav_dune_fast,4133e1fda185886f0663bc0dc901307fdbd7261f8465f38a91b8141b6c82092c,a56957124aebce41,,28487e91687c7f39,B1,16,16,7fe30b1136,1,uav:dune_fast,ok,clean|uav_dune_fast|clean|rep1|seed20240909,0.537
clean,,nan,uav_dune_fast,4133e1fda185886f0663bc0dc901307fdbd7261f8465f38a91b8141b6c82092c,a56957124aebce41,,362b5b27f7250d9a,B1,16,16,7fe30b1136,2,uav:dune_fast,ok,clean|uav_dune_fast|clean|rep2|seed20240909,0.5251
harsh,,nan,uav_dune_fast,4133e1fda185886f0663bc0dc901307fdbd7261f8465f38a91b8141b6c82092c,a56957124aebce41,,2be8b04e32ec63cd,B0d,16,16,7fe30b1136,0,uav:dune_fast,ok,harsh|uav_dune_fast|harsh|rep0|seed20240909,3.585
harsh,,nan,uav_dune_fast,4133e1fda185886f0663bc0dc901307fdbd7261f8465f38a91b8141b6c82092c,a56957124aebce41,,ee388573b9a00be3,B0d,16,16,7fe30b1136,1,uav:dune_fast,ok,harsh|uav_dune_fast|harsh|rep1|seed20240909,3.4928
clean,,nan,uav_dune_fast,4133e1fda185886f0663bc0dc901307fdbd7261f8465f38a91b8141b6c82092c,a56957124aebce41,,fa9b7651d46c0b9a,B1,16,16,7fe30b1136,3,uav:dune_fast,ok,clean|uav_dune_fast|clean|rep3|seed20240909,0.5611
clean,,nan,uav_dune_fast,4133e1fda185886f0663bc0dc901307fdbd7261f8465f38a91b8141b6c82092c,a56957124aebce41,,07003eb6a67e2fac,B1,16,16,7fe30b1136,4,uav:dune_fast,ok,clean|uav_dune_fast|clean|rep4|seed20240909,0.5283
harsh,,nan,uav_dune_fast,4133e1fda185886f0663bc0dc901307fdbd7261f8465f38a91b8141b6c82092c,a56957124aebce41,,5a97640ffb143201,B0d,16,16,7fe30b1136,2,uav:dune_fast,ok,harsh|uav_dune_fast|harsh|rep2|seed20240909,3.4258
moderate,,nan,uav_dune_fast,4133e1fda185886f0663bc0dc901307fdbd7261f8465f38a91b8141b6c82092c,a56957124aebce41,,25fed7e6f553eb8c,B0d,16,16,7fe30b1136,0,uav:dune_fast,ok,moderate|uav_dune_fast|moderate|rep0|seed20240909,8.3223
harsh,,nan,uav_dune_fast,4133e1fda185886f0663bc0dc901307fdbd7261f8465f38a91b8141b6c82092c,a56957124aebce41,,73969976b6df1316,B0d,16,16,7fe30b1136,3,uav:dune_fast,ok,harsh|uav_dune_fast|harsh|rep3|seed20240909,3.6018
mild,,nan,uav_dune_fast,4133e1fda185886f0663bc0dc901307fdbd7261f8465f38a91b8141b6c82092c,a56957124aebce41,,91ff9744ac17d430,B1,16,16,7fe30b1136,0,uav:dune_fast,ok,mild|uav_dune_fast|mild|rep0|seed20240909,0.7682
mild,,nan,uav_dune_fast,4133e1fda185886f0663bc0dc901307fdbd7261f8465f38a91b8141b6c82092c,a56957124aebce41,,528e6af6024fe731,B1,16,16,7fe30b1136,1,uav:dune_fast,ok,mild|uav_dune_fast|mild|rep1|seed20240909,0.7408
harsh,,nan,uav_dune_fast,4133e1fda185886f0663bc0dc901307fdbd7261f8465f38a91b8141b6c82092c,a56957124aebce41,,15040a7c82b06cc2,B0d,16,16,7fe30b1136,4,uav:dune_fast,ok,harsh|uav_dune_fast|harsh|rep4|seed20240909,3.3805
mild,,nan,uav_dune_fast,4133e1fda185886f0663bc0dc901307fdbd7261f8465f38a91b8141b6c82092c,a56957124aebce41,,91f123858afe15eb,B1,16,16,7fe30b1136,2,uav:dune_fast,ok,mild|uav_dune_fast|mild|rep2|seed20240909,0.7061
moderate,,nan,uav_dune_fast,4133e1fda185886f0663bc0dc901307fdbd7261f8465f38a91b8141b6c82092c,a56957124aebce41,,1b7f93fb343cb503,B0d,16,16,7fe30b1136,4,uav:dune_fast,ok,moderate|uav_dune_fast|moderate|rep4|seed20240909,8.2137
mild,,nan,uav_dune_fast,4133e1fda185886f0663bc0dc901307fdbd7261f8465f38a91b8141b6c82092c,a56957124aebce41,,766ae47e6764c468,B1,16,16,7fe30b1136,3,uav:dune_fast,ok,mild|uav_dune_fast|mild|rep3|seed20240909,0.7797
moderate,,nan,uav_dune_fast,4133e1fda185886f0663bc0dc901307fdbd7261f8465f38a91b8141b6c82092c,a56957124aebce41,,8a7c04665c91e083,B0d,16,16,7fe30b1136,2,uav:dune_fast,ok,moderate|uav_dune_fast|moderate|rep2|seed20240909,8.4125
mild,,nan,uav_dune_fast,4133e1fda185886f0663bc0dc901307fdbd7261f8465f38a91b8141b6c82092c,a56957124aebce41,,86c879e354396d53,B1,16,16,7fe30b1136,4,uav:dune_fast,ok,mild|uav_dune_fast|mild|rep4|seed20240909,0.816
moderate,,nan,uav_dune_fast,4133e1fda185886f0663bc0dc901307fdbd7261f8465f38a91b8141b6c82092c,a56957124aebce41,,b55603bfb4617c19,B0d,16,16,7fe30b1136,3,uav:dune_fast,ok,moderate|uav_dune_fast|moderate|rep3|seed20240909,8.6328
moderate,,nan,uav_dune_fast,4133e1fda185886f0663bc0dc901307fdbd7261f8465f38a91b8141b6c82092c,a56957124aebce41,,974690696b347273,B1,16,16,7fe30b1136,1,uav:dune_fast,ok,moderate|uav_dune_fast|moderate|rep1|seed20240909,0.8263
bursty,,nan,uav_dune_fast,4133e1fda185886f0663bc0dc901307fdbd7261f8465f38a91b8141b6c82092c,a56957124aebce41,,cf588e9775c27013,B0d,16,16,7fe30b1136,0,uav:dune_fast,ok,bursty|uav_dune_fast|bursty|rep0|seed20240909,8.4219
moderate,,nan,uav_dune_fast,4133e1fda185886f0663bc0dc901307fdbd7261f8465f38a91b8141b6c82092c,a56957124aebce41,,4567aa1989e104af,B1,16,16,7fe30b1136,0,uav:dune_fast,ok,moderate|uav_dune_fast|moderate|rep0|seed20240909,0.8682
moderate,,nan,uav_dune_fast,4133e1fda185886f0663bc0dc901307fdbd7261f8465f38a91b8141b6c82092c,a56957124aebce41,,c712a1606bf1ec58,B0d,16,16,7fe30b1136,1,uav:dune_fast,ok,moderate|uav_dune_fast|moderate|rep1|seed20240909,8.8239
moderate,,nan,uav_dune_fast,4133e1fda185886f0663bc0dc901307fdbd7261f8465f38a91b8141b6c82092c,a56957124aebce41,,5e0bed31e3703971,B1,16,16,7fe30b1136,2,uav:dune_fast,ok,moderate|uav_dune_fast|moderate|rep2|seed20240909,0.8579
moderate,,nan,uav_dune_fast,4133e1fda185886f0663bc0dc901307fdbd7261f8465f38a91b8141b6c82092c,a56957124aebce41,,9651ea1557462ee7,B1,16,16,7fe30b1136,4,uav:dune_fast,ok,moderate|uav_dune_fast|moderate|rep4|seed20240909,0.8621
moderate,,nan,uav_dune_fast,4133e1fda185886f0663bc0dc901307fdbd7261f8465f38a91b8141b6c82092c,a56957124aebce41,,e616fb76a38bf746,B1,16,16,7fe30b1136,3,uav:dune_fast,ok,moderate|uav_dune_fast|moderate|rep3|seed20240909,0.8796
bursty,,nan,uav_dune_fast,4133e1fda185886f0663bc0dc901307fdbd7261f8465f38a91b8141b6c82092c,a56957124aebce41,,f6eed00b986ebff2,B1,16,16,7fe30b1136,0,uav:dune_fast,ok,bursty|uav_dune_fast|bursty|rep0|seed20240909,0.8421
bursty,,nan,uav_dune_fast,4133e1fda185886f0663bc0dc901307fdbd7261f8465f38a91b8141b6c82092c,a56957124aebce41,,8cfbabfc69aa5fbb,B1,16,16,7fe30b1136,1,uav:dune_fast,ok,bursty|uav_dune_fast|bursty|rep1|seed20240909,0.8227
bursty,,nan,uav_dune_fast,4133e1fda185886f0663bc0dc901307fdbd7261f8465f38a91b8141b6c82092c,a56957124aebce41,,4903a09187f32369,B1,16,16,7fe30b1136,2,uav:dune_fast,ok,bursty|uav_dune_fast|bursty|rep2|seed20240909,0.8772
bursty,,nan,uav_dune_fast,4133e1fda185886f0663bc0dc901307fdbd7261f8465f38a91b8141b6c82092c,a56957124aebce41,,0fe1052c74969356,B1,16,16,7fe30b1136,3,uav:dune_fast,ok,bursty|uav_dune_fast|bursty|rep3|seed20240909,0.8435
clean,,nan,uav_dune_fast,4133e1fda185886f0663bc0dc901307fdbd7261f8465f38a91b8141b6c82092c,a56957124aebce41,,65c074ca6c8d36f3,B2,16,16,7fe30b1136,1,uav:dune_fast,ok,clean|uav_dune_fast|clean|rep1|seed20240909,0.6117
bursty,,nan,uav_dune_fast,4133e1fda185886f0663bc0dc901307fdbd7261f8465f38a91b8141b6c82092c,a56957124aebce41,,46c2b7cd50c56dac,B1,16,16,7fe30b1136,4,uav:dune_fast,ok,bursty|uav_dune_fast|bursty|rep4|seed20240909,0.8742
clean,,nan,uav_dune_fast,4133e1fda185886f0663bc0dc901307fdbd7261f8465f38a91b8141b6c82092c,a56957124aebce41,,0aa106b539a4d88b,B2,16,16,7fe30b1136,0,uav:dune_fast,ok,clean|uav_dune_fast|clean|rep0|seed20240909,0.652
harsh,,nan,uav_dune_fast,4133e1fda185886f0663bc0dc901307fdbd7261f8465f38a91b8141b6c82092c,a56957124aebce41,,25e31d1e77fb167d,B1,16,16,7fe30b1136,0,uav:dune_fast,ok,harsh|uav_dune_fast|harsh|rep0|seed20240909,0.9137
harsh,,nan,uav_dune_fast,4133e1fda185886f0663bc0dc901307fdbd7261f8465f38a91b8141b6c82092c,a56957124aebce41,,b3b395ab0047a9e3,B1,16,16,7fe30b1136,1,uav:dune_fast,ok,harsh|uav_dune_fast|harsh|rep1|seed20240909,0.9082
harsh,,nan,uav_dune_fast,4133e1fda185886f0663bc0dc901307fdbd7261f8465f38a91b8141b6c82092c,a56957124aebce41,,e361257abe8600cd,B1,16,16,7fe30b1136,2,uav:dune_fast,ok,harsh|uav_dune_fast|harsh|rep2|seed20240909,0.9062
harsh,,nan,uav_dune_fast,4133e1fda185886f0663bc0dc901307fdbd7261f8465f38a91b8141b6c82092c,a56957124aebce41,,6607f7eec3f9a214,B1,16,16,7fe30b1136,3,uav:dune_fast,ok,harsh|uav_dune_fast|harsh|rep3|seed20240909,0.935
harsh,,nan,uav_dune_fast,4133e1fda185886f0663bc0dc901307fdbd7261f8465f38a91b8141b6c82092c,a56957124aebce41,,6e97935b1ca00fb6,B1,16,16,7fe30b1136,4,uav:dune_fast,ok,harsh|uav_dune_fast|harsh|rep4|seed20240909,0.9866
clean,,nan,uav_dune_fast,4133e1fda185886f0663bc0dc901307fdbd7261f8465f38a91b8141b6c82092c,a56957124aebce41,,34602f9d6c9b99dd,B2,16,16,7fe30b1136,2,uav:dune_fast,ok,clean|uav_dune_fast|clean|rep2|seed20240909,0.6226
clean,,nan,uav_dune_fast,4133e1fda185886f0663bc0dc901307fdbd7261f8465f38a91b8141b6c82092c,a56957124aebce41,,77175ed23b8d4769,B2,16,16,7fe30b1136,3,uav:dune_fast,ok,clean|uav_dune_fast|clean|rep3|seed20240909,0.6511
clean,,nan,uav_dune_fast,4133e1fda185886f0663bc0dc901307fdbd7261f8465f38a91b8141b6c82092c,a56957124aebce41,,d5952f5646d7abce,B2,16,16,7fe30b1136,4,uav:dune_fast,ok,clean|uav_dune_fast|clean|rep4|seed20240909,0.6419
mild,,nan,uav_dune_fast,4133e1fda185886f0663bc0dc901307fdbd7261f8465f38a91b8141b6c82092c,a56957124aebce41,,dc4622162566b91f,B2,16,16,7fe30b1136,0,uav:dune_fast,ok,mild|uav_dune_fast|mild|rep0|seed20240909,0.8417
mild,,nan,uav_dune_fast,4133e1fda185886f0663bc0dc901307fdbd7261f8465f38a91b8141b6c82092c,a56957124aebce41,,5c04d397e2a1ee0d,B2,16,16,7fe30b1136,1,uav:dune_fast,ok,mild|uav_dune_fast|mild|rep1|seed20240909,0.8062
mild,,nan,uav_dune_fast,4133e1fda185886f0663bc0dc901307fdbd7261f8465f38a91b8141b6c82092c,a56957124aebce41,,f476c76f16db8a79,B2,16,16,7fe30b1136,3,uav:dune_fast,ok,mild|uav_dune_fast|mild|rep3|seed20240909,0.7966
mild,,nan,uav_dune_fast,4133e1fda185886f0663bc0dc901307fdbd7261f8465f38a91b8141b6c82092c,a56957124aebce41,,184dd49eb8356f01,B2,16,16,7fe30b1136,2,uav:dune_fast,ok,mild|uav_dune_fast|mild|rep2|seed20240909,0.8566
mild,,nan,uav_dune_fast,4133e1fda185886f0663bc0dc901307fdbd7261f8465f38a91b8141b6c82092c,a56957124aebce41,,fd2370b4c1558ac0,B2,16,16,7fe30b1136,4,uav:dune_fast,ok,mild|uav_dune_fast|mild|rep4|seed20240909,0.8904
moderate,,nan,uav_dune_fast,4133e1fda185886f0663bc0dc901307fdbd7261f8465f38a91b8141b6c82092c,a56957124aebce41,,83e4c6b1f909c06b,B2,16,16,7fe30b1136,0,uav:dune_fast,ok,moderate|uav_dune_fast|moderate|rep0|seed20240909,0.9259
moderate,,nan,uav_dune_fast,4133e1fda185886f0663bc0dc901307fdbd7261f8465f38a91b8141b6c82092c,a56957124aebce41,,10a5c7915fa697ee,B2,16,16,7fe30b1136,1,uav:dune_fast,ok,moderate|uav_dune_fast|moderate|rep1|seed20240909,0.9511
moderate,,nan,uav_dune_fast,4133e1fda185886f0663bc0dc901307fdbd7261f8465f38a91b8141b6c82092c,a56957124aebce41,,d26f3cdcf4e537ea,B2,16,16,7fe30b1136,2,uav:dune_fast,ok,moderate|uav_dune_fast|moderate|rep2|seed20240909,0.9208
moderate,,nan,uav_dune_fast,4133e1fda185886f0663bc0dc901307fdbd7261f8465f38a91b8141b6c82092c,a56957124aebce41,,18743b1fd07937b6,B2,16,16,7fe30b1136,3,uav:dune_fast,ok,moderate|uav_dune_fast|moderate|rep3|seed20240909,0.9297
moderate,,nan,uav_dune_fast,4133e1fda185886f0663bc0dc901307fdbd7261f8465f38a91b8141b6c82092c,a56957124aebce41,,edbff686a64ce561,B2,16,16,7fe30b1136,4,uav:dune_fast,ok,moderate|uav_dune_fast|moderate|rep4|seed20240909,0.9347
bursty,,nan,uav_dune_fast,4133e1fda185886f0663bc0dc901307fdbd7261f8465f38a91b8141b6c82092c,a56957124aebce41,,765144eebcb103c2,B2,16,16,7fe30b1136,0,uav:dune_fast,ok,bursty|uav_dune_fast|bursty|rep0|seed20240909,0.8621
bursty,,nan,uav_dune_fast,4133e1fda185886f0663bc0dc901307fdbd7261f8465f38a91b8141b6c82092c,a56957124aebce41,,8a8b205bf523babb,B2,16,16,7fe30b1136,1,uav:dune_fast,ok,bursty|uav_dune_fast|bursty|rep1|seed20240909,1.0051
bursty,,nan,uav_dune_fast,4133e1fda185886f0663bc0dc901307fdbd7261f8465f38a91b8141b6c82092c,a56957124aebce41,,ecc9150253d2446c,B2,16,16,7fe30b1136,2,uav:dune_fast,ok,bursty|uav_dune_fast|bursty|rep2|seed20240909,0.8546
bursty,,nan,uav_dune_fast,4133e1fda185886f0663bc0dc901307fdbd7261f8465f38a91b8141b6c82092c,a56957124aebce41,,90e1c244e3238990,B2,16,16,7fe30b1136,3,uav:dune_fast,ok,bursty|uav_dune_fast|bursty|rep3|seed20240909,0.755
bursty,,nan,uav_dune_fast,4133e1fda185886f0663bc0dc901307fdbd7261f8465f38a91b8141b6c82092c,a56957124aebce41,,2643e90ff03df903,B0d,16,16,7fe30b1136,1,uav:dune_fast,ok,bursty|uav_dune_fast|bursty|rep1|seed20240909,8.3786
bursty,,nan,uav_dune_fast,4133e1fda185886f0663bc0dc901307fdbd7261f8465f38a91b8141b6c82092c,a56957124aebce41,,f4d5bd21e4f6402a,B2,16,16,7fe30b1136,4,uav:dune_fast,ok,bursty|uav_dune_fast|bursty|rep4|seed20240909,0.7451
bursty,,nan,uav_dune_fast,4133e1fda185886f0663bc0dc901307fdbd7261f8465f38a91b8141b6c82092c,a56957124aebce41,,90f7194811d54c22,B0d,16,16,7fe30b1136,2,uav:dune_fast,ok,bursty|uav_dune_fast|bursty|rep2|seed20240909,8.4356
harsh,,nan,uav_dune_fast,4133e1fda185886f0663bc0dc901307fdbd7261f8465f38a91b8141b6c82092c,a56957124aebce41,,42c66cd7c4d12e33,B2,16,16,7fe30b1136,0,uav:dune_fast,ok,harsh|uav_dune_fast|harsh|rep0|seed20240909,0.8698
harsh,,nan,uav_dune_fast,4133e1fda185886f0663bc0dc901307fdbd7261f8465f38a91b8141b6c82092c,a56957124aebce41,,d136714087e67b2b,B2,16,16,7fe30b1136,1,uav:dune_fast,ok,harsh|uav_dune_fast|harsh|rep1|seed20240909,0.8699
harsh,,nan,uav_dune_fast,4133e1fda185886f0663bc0dc901307fdbd7261f8465f38a91b8141b6c82092c,a56957124aebce41,,1b88ced1a2fb0a5e,B2,16,16,7fe30b1136,4,uav:dune_fast,ok,harsh|uav_dune_fast|harsh|rep4|seed20240909,0.8168
harsh,,nan,uav_dune_fast,4133e1fda185886f0663bc0dc901307fdbd7261f8465f38a91b8141b6c82092c,a56957124aebce41,,2830fb42cd147926,B2,16,16,7fe30b1136,2,uav:dune_fast,ok,harsh|uav_dune_fast|harsh|rep2|seed20240909,0.8619
harsh,,nan,uav_dune_fast,4133e1fda185886f0663bc0dc901307fdbd7261f8465f38a91b8141b6c82092c,a56957124aebce41,,55e965529daf8a12,B2,16,16,7fe30b1136,3,uav:dune_fast,ok,harsh|uav_dune_fast|harsh|rep3|seed20240909,0.8474
bursty,,nan,uav_dune_fast,4133e1fda185886f0663bc0dc901307fdbd7261f8465f38a91b8141b6c82092c,a56957124aebce41,,fee743c583b35bfd,B0d,16,16,7fe30b1136,4,uav:dune_fast,ok,bursty|uav_dune_fast|bursty|rep4|seed20240909,8.8409
bursty,,nan,uav_dune_fast,4133e1fda185886f0663bc0dc901307fdbd7261f8465f38a91b8141b6c82092c,a56957124aebce41,,8ab47e582aeb3611,B0d,16,16,7fe30b1136,3,uav:dune_fast,ok,bursty|uav_dune_fast|bursty|rep3|seed20240909,9.3485
clean,,nan,uav_dune_fast,4133e1fda185886f0663bc0dc901307fdbd7261f8465f38a91b8141b6c82092c,a56957124aebce41,,ea6a52c01c37d7e4,B3,16,16,7fe30b1136,0,uav:dune_fast,ok,clean|uav_dune_fast|clean|rep0|seed20240909,4.718
clean,,nan,uav_dune_fast,4133e1fda185886f0663bc0dc901307fdbd7261f8465f38a91b8141b6c82092c,a56957124aebce41,,a8182c2b9542e153,B3,16,16,7fe30b1136,1,uav:dune_fast,ok,clean|uav_dune_fast|clean|rep1|seed20240909,4.7501
clean,,nan,uav_dune_fast,4133e1fda185886f0663bc0dc901307fdbd7261f8465f38a91b8141b6c82092c,a56957124aebce41,,4f7d40a810b67995,B3,16,16,7fe30b1136,2,uav:dune_fast,ok,clean|uav_dune_fast|clean|rep2|seed20240909,4.7133
clean,,nan,uav_dune_fast,4133e1fda185886f0663bc0dc901307fdbd7261f8465f38a91b8141b6c82092c,a56957124aebce41,,c9576b2f2ccfe6c3,B3,16,16,7fe30b1136,3,uav:dune_fast,ok,clean|uav_dune_fast|clean|rep3|seed20240909,4.6572
clean,,nan,uav_dune_fast,4133e1fda185886f0663bc0dc901307fdbd7261f8465f38a91b8141b6c82092c,a56957124aebce41,,637ace08296f6e50,B3,16,16,7fe30b1136,4,uav:dune_fast,ok,clean|uav_dune_fast|clean|rep4|seed20240909,4.7034
mild,,nan,uav_dune_fast,4133e1fda185886f0663bc0dc901307fdbd7261f8465f38a91b8141b6c82092c,a56957124aebce41,,6055883484530003,B3,16,16,7fe30b1136,0,uav:dune_fast,ok,mild|uav_dune_fast|mild|rep0|seed20240909,4.8766
mild,,nan,uav_dune_fast,4133e1fda185886f0663bc0dc901307fdbd7261f8465f38a91b8141b6c82092c,a56957124aebce41,,9dc31bc1f337b26d,B3,16,16,7fe30b1136,2,uav:dune_fast,ok,mild|uav_dune_fast|mild|rep2|seed20240909,4.8967
mild,,nan,uav_dune_fast,4133e1fda185886f0663bc0dc901307fdbd7261f8465f38a91b8141b6c82092c,a56957124aebce41,,d75c17a2a36e0207,B3,16,16,7fe30b1136,3,uav:dune_fast,ok,mild|uav_dune_fast|mild|rep3|seed20240909,4.8631
mild,,nan,uav_dune_fast,4133e1fda185886f0663bc0dc901307fdbd7261f8465f38a91b8141b6c82092c,a56957124aebce41,,6a12ae8a8bdff6ff,B3,16,16,7fe30b1136,1,uav:dune_fast,ok,mild|uav_dune_fast|mild|rep1|seed20240909,4.962
mild,,nan,uav_dune_fast,4133e1fda185886f0663bc0dc901307fdbd7261f8465f38a91b8141b6c82092c,a56957124aebce41,,f65ac79f4fe0c453,B3,16,16,7fe30b1136,4,uav:dune_fast,ok,mild|uav_dune_fast|mild|rep4|seed20240909,5.0472
moderate,,nan,uav_dune_fast,4133e1fda185886f0663bc0dc901307fdbd7261f8465f38a91b8141b6c82092c,a56957124aebce41,,d37e10d924dbffbb,B3,16,16,7fe30b1136,0,uav:dune_fast,ok,moderate|uav_dune_fast|moderate|rep0|seed20240909,6.5228
moderate,,nan,uav_dune_fast,4133e1fda185886f0663bc0dc901307fdbd7261f8465f38a91b8141b6c82092c,a56957124aebce41,,9ed6ab295b993e4c,B3,16,16,7fe30b1136,2,uav:dune_fast,ok,moderate|uav_dune_fast|moderate|rep2|seed20240909,6.6207
moderate,,nan,uav_dune_fast,4133e1fda185886f0663bc0dc901307fdbd7261f8465f38a91b8141b6c82092c,a56957124aebce41,,ab3e7b918e0176b7,B3,16,16,7fe30b1136,1,uav:dune_fast,ok,moderate|uav_dune_fast|moderate|rep1|seed20240909,6.7285
moderate,,nan,uav_dune_fast,4133e1fda185886f0663bc0dc901307fdbd7261f8465f38a91b8141b6c82092c,a56957124aebce41,,414ab09309e6ab6e,B3,16,16,7fe30b1136,3,uav:dune_fast,ok,moderate|uav_dune_fast|moderate|rep3|seed20240909,6.9371
moderate,,nan,uav_dune_fast,4133e1fda185886f0663bc0dc901307fdbd7261f8465f38a91b8141b6c82092c,a56957124aebce41,,bdf239567797d7c9,B3,16,16,7fe30b1136,4,uav:dune_fast,ok,moderate|uav_dune_fast|moderate|rep4|seed20240909,6.6581
bursty,,nan,uav_dune_fast,4133e1fda185886f0663bc0dc901307fdbd7261f8465f38a91b8141b6c82092c,a56957124aebce41,,d5507264f02302a1,B3,16,16,7fe30b1136,0,uav:dune_fast,ok,bursty|uav_dune_fast|bursty|rep0|seed20240909,7.0068
harsh,,nan,uav_dune_fast,4133e1fda185886f0663bc0dc901307fdbd7261f8465f38a91b8141b6c82092c,a56957124aebce41,,f2a457b6cafac30b,B3,16,16,7fe30b1136,1,uav:dune_fast,ok,harsh|uav_dune_fast|harsh|rep1|seed20240909,3.6326
harsh,,nan,uav_dune_fast,4133e1fda185886f0663bc0dc901307fdbd7261f8465f38a91b8141b6c82092c,a56957124aebce41,,ab183fd8e4deb563,B3,16,16,7fe30b1136,2,uav:dune_fast,ok,harsh|uav_dune_fast|harsh|rep2|seed20240909,3.6459
harsh,,nan,uav_dune_fast,4133e1fda185886f0663bc0dc901307fdbd7261f8465f38a91b8141b6c82092c,a56957124aebce41,,47ae0ea795ee554c,B3,16,16,7fe30b1136,0,uav:dune_fast,ok,harsh|uav_dune_fast|harsh|rep0|seed20240909,3.9332
harsh,,nan,uav_dune_fast,4133e1fda185886f0663bc0dc901307fdbd7261f8465f38a91b8141b6c82092c,a56957124aebce41,,6b313f7d203817d7,B3,16,16,7fe30b1136,3,uav:dune_fast,ok,harsh|uav_dune_fast|harsh|rep3|seed20240909,3.7928
harsh,,nan,uav_dune_fast,4133e1fda185886f0663bc0dc901307fdbd7261f8465f38a91b8141b6c82092c,a56957124aebce41,,30306fe1cc29890f,B3,16,16,7fe30b1136,4,uav:dune_fast,ok,harsh|uav_dune_fast|harsh|rep4|seed20240909,3.8393
bursty,,nan,uav_dune_fast,4133e1fda185886f0663bc0dc901307fdbd7261f8465f38a91b8141b6c82092c,a56957124aebce41,,db7a4670dbfc8059,B3,16,16,7fe30b1136,1,uav:dune_fast,ok,bursty|uav_dune_fast|bursty|rep1|seed20240909,6.3047
clean,,nan,uav_dune_fast,4133e1fda185886f0663bc0dc901307fdbd7261f8465f38a91b8141b6c82092c,a56957124aebce41,,fb079926a9364b16,B4,16,16,7fe30b1136,0,uav:dune_fast,ok,clean|uav_dune_fast|clean|rep0|seed20240909,5.7255
bursty,,nan,uav_dune_fast,4133e1fda185886f0663bc0dc901307fdbd7261f8465f38a91b8141b6c82092c,a56957124aebce41,,af01b8176b51b826,B3,16,16,7fe30b1136,2,uav:dune_fast,ok,bursty|uav_dune_fast|bursty|rep2|seed20240909,6.7898
bursty,,nan,uav_dune_fast,4133e1fda185886f0663bc0dc901307fdbd7261f8465f38a91b8141b6c82092c,a56957124aebce41,,5512c6ee3f9aa458,B3,16,16,7fe30b1136,4,uav:dune_fast,ok,bursty|uav_dune_fast|bursty|rep4|seed20240909,6.8828
bursty,,nan,uav_dune_fast,4133e1fda185886f0663bc0dc901307fdbd7261f8465f38a91b8141b6c82092c,a56957124aebce41,,0be76147f416ead3,B3,16,16,7fe30b1136,3,uav:dune_fast,ok,bursty|uav_dune_fast|bursty|rep3|seed20240909,7.5206
clean,,nan,uav_dune_fast,4133e1fda185886f0663bc0dc901307fdbd7261f8465f38a91b8141b6c82092c,a56957124aebce41,,0ef3dc551d905f1b,B4,16,16,7fe30b1136,1,uav:dune_fast,ok,clean|uav_dune_fast|clean|rep1|seed20240909,5.6998
clean,,nan,uav_dune_fast,4133e1fda185886f0663bc0dc901307fdbd7261f8465f38a91b8141b6c82092c,a56957124aebce41,,c2da7f4f8c0a275f,B4,16,16,7fe30b1136,2,uav:dune_fast,ok,clean|uav_dune_fast|clean|rep2|seed20240909,5.6121
clean,,nan,uav_dune_fast,4133e1fda185886f0663bc0dc901307fdbd7261f8465f38a91b8141b6c82092c,a56957124aebce41,,91b52c5caf3774e8,B4,16,16,7fe30b1136,3,uav:dune_fast,ok,clean|uav_dune_fast|clean|rep3|seed20240909,5.5699
clean,,nan,uav_dune_fast,4133e1fda185886f0663bc0dc901307fdbd7261f8465f38a91b8141b6c82092c,a56957124aebce41,,4b38d162167b1756,B4,16,16,7fe30b1136,4,uav:dune_fast,ok,clean|uav_dune_fast|clean|rep4|seed20240909,5.6353
mild,,nan,uav_dune_fast,4133e1fda185886f0663bc0dc901307fdbd7261f8465f38a91b8141b6c82092c,a56957124aebce41,,eccf7c0098889f9a,B4,16,16,7fe30b1136,0,uav:dune_fast,ok,mild|uav_dune_fast|mild|rep0|seed20240909,5.986
mild,,nan,uav_dune_fast,4133e1fda185886f0663bc0dc901307fdbd7261f8465f38a91b8141b6c82092c,a56957124aebce41,,2dbd9cc5614ec690,B4,16,16,7fe30b1136,1,uav:dune_fast,ok,mild|uav_dune_fast|mild|rep1|seed20240909,5.9828
mild,,nan,uav_dune_fast,4133e1fda185886f0663bc0dc901307fdbd7261f8465f38a91b8141b6c82092c,a56957124aebce41,,e36f46b3fceb256f,B4,16,16,7fe30b1136,2,uav:dune_fast,ok,mild|uav_dune_fast|mild|rep2|seed20240909,5.911
mild,,nan,uav_dune_fast,4133e1fda185886f0663bc0dc901307fdbd7261f8465f38a91b8141b6c82092c,a56957124aebce41,,d633258ee87a3523,B4,16,16,7fe30b1136,3,uav:dune_fast,ok,mild|uav_dune_fast|mild|rep3|seed20240909,5.9515
mild,,nan,uav_dune_fast,4133e1fda185886f0663bc0dc901307fdbd7261f8465f38a91b8141b6c82092c,a56957124aebce41,,7a1fb20e65d10823,B4,16,16,7fe30b1136,4,uav:dune_fast,ok,mild|uav_dune_fast|mild|rep4|seed20240909,6.0386
harsh,,nan,uav_dune_fast,4133e1fda185886f0663bc0dc901307fdbd7261f8465f38a91b8141b6c82092c,a56957124aebce41,,c7498b84264f095e,B4,16,16,7fe30b1136,0,uav:dune_fast,ok,harsh|uav_dune_fast|harsh|rep0|seed20240909,4.5002
harsh,,nan,uav_dune_fast,4133e1fda185886f0663bc0dc901307fdbd7261f8465f38a91b8141b6c82092c,a56957124aebce41,,fb9d203132d72d30,B4,16,16,7fe30b1136,1,uav:dune_fast,ok,harsh|uav_dune_fast|harsh|rep1|seed20240909,5.0188
harsh,,nan,uav_dune_fast,4133e1fda185886f0663bc0dc901307fdbd7261f8465f38a91b8141b6c82092c,a56957124aebce41,,a04010642372582d,B4,16,16,7fe30b1136,4,uav:dune_fast,ok,harsh|uav_dune_fast|harsh|rep4|seed20240909,5.2177
moderate,,nan,uav_dune_fast,4133e1fda185886f0663bc0dc901307fdbd7261f8465f38a91b8141b6c82092c,a56957124aebce41,,bf36ff573e8cd216,B4,16,16,7fe30b1136,0,uav:dune_fast,ok,moderate|uav_dune_fast|moderate|rep0|seed20240909,11.0405
harsh,,nan,uav_dune_fast,4133e1fda185886f0663bc0dc901307fdbd7261f8465f38a91b8141b6c82092c,a56957124aebce41,,dca59c56e2ce93e3,B4,16,16,7fe30b1136,2,uav:dune_fast,ok,harsh|uav_dune_fast|harsh|rep2|seed20240909,5.9488
moderate,,nan,uav_dune_fast,4133e1fda185886f0663bc0dc901307fdbd7261f8465f38a91b8141b6c82092c,a56957124aebce41,,341e39b6551b5c2d,B4,16,16,7fe30b1136,1,uav:dune_fast,ok,moderate|uav_dune_fast|moderate|rep1|seed20240909,11.7505
harsh,,nan,uav_dune_fast,4133e1fda185886f0663bc0dc901307fdbd7261f8465f38a91b8141b6c82092c,a56957124aebce41,,83dc3bbbe0e1caf1,B4,16,16,7fe30b1136,3,uav:dune_fast,ok,harsh|uav_dune_fast|harsh|rep3|seed20240909,6.2609
moderate,,nan,uav_dune_fast,4133e1fda185886f0663bc0dc901307fdbd7261f8465f38a91b8141b6c82092c,a56957124aebce41,,d452e4253e26f486,B4,16,16,7fe30b1136,2,uav:dune_fast,ok,moderate|uav_dune_fast|moderate|rep2|seed20240909,11.573
moderate,,nan,uav_dune_fast,4133e1fda185886f0663bc0dc901307fdbd7261f8465f38a91b8141b6c82092c,a56957124aebce41,,68b7642ef2a8ad52,B4,16,16,7fe30b1136,3,uav:dune_fast,ok,moderate|uav_dune_fast|moderate|rep3|seed20240909,11.6754
moderate,,nan,uav_dune_fast,4133e1fda185886f0663bc0dc901307fdbd7261f8465f38a91b8141b6c82092c,a56957124aebce41,,80c2e6088de6c296,B4,16,16,7fe30b1136,4,uav:dune_fast,ok,moderate|uav_dune_fast|moderate|rep4|seed20240909,11.7144
bursty,,nan,uav_dune_fast,4133e1fda185886f0663bc0dc901307fdbd7261f8465f38a91b8141b6c82092c,a56957124aebce41,,813cd65e09f1d282,B4,16,16,7fe30b1136,0,uav:dune_fast,ok,bursty|uav_dune_fast|bursty|rep0|seed20240909,11.5527
bursty,,nan,uav_dune_fast,4133e1fda185886f0663bc0dc901307fdbd7261f8465f38a91b8141b6c82092c,a56957124aebce41,,cd005a83a7d44156,B4,16,16,7fe30b1136,1,uav:dune_fast,ok,bursty|uav_dune_fast|bursty|rep1|seed20240909,11.3289
bursty,,nan,uav_dune_fast,4133e1fda185886f0663bc0dc901307fdbd7261f8465f38a91b8141b6c82092c,a56957124aebce41,,08e164a5cb6fac34,B4,16,16,7fe30b1136,4,uav:dune_fast,ok,bursty|uav_dune_fast|bursty|rep4|seed20240909,11.2826
bursty,,nan,uav_dune_fast,4133e1fda185886f0663bc0dc901307fdbd7261f8465f38a91b8141b6c82092c,a56957124aebce41,,054ec45d30017d2a,B4,16,16,7fe30b1136,2,uav:dune_fast,ok,bursty|uav_dune_fast|bursty|rep2|seed20240909,11.8535
bursty,,nan,uav_dune_fast,4133e1fda185886f0663bc0dc901307fdbd7261f8465f38a91b8141b6c82092c,a56957124aebce41,,6a7b714c804fdf35,B4,16,16,7fe30b1136,3,uav:dune_fast,ok,bursty|uav_dune_fast|bursty|rep3|seed20240909,12.3653
clean,,nan,uav_dune_fast,4133e1fda185886f0663bc0dc901307fdbd7261f8465f38a91b8141b6c82092c,a56957124aebce41,,d2d4ed4a5c11eb4c,P,16,16,f6706417e8,0,uav:dune_fast,ok,clean|uav_dune_fast|clean|rep0|seed20240909,11.4852
clean,,nan,uav_dune_fast,4133e1fda185886f0663bc0dc901307fdbd7261f8465f38a91b8141b6c82092c,a56957124aebce41,,8fa99d9480958dec,P,16,16,f6706417e8,1,uav:dune_fast,ok,clean|uav_dune_fast|clean|rep1|seed20240909,10.9264
clean,,nan,uav_dune_fast,4133e1fda185886f0663bc0dc901307fdbd7261f8465f38a91b8141b6c82092c,a56957124aebce41,,4ea3f94bd4edc7ae,P,16,16,f6706417e8,2,uav:dune_fast,ok,clean|uav_dune_fast|clean|rep2|seed20240909,10.5666
clean,,nan,uav_dune_fast,4133e1fda185886f0663bc0dc901307fdbd7261f8465f38a91b8141b6c82092c,a56957124aebce41,,620002ba556f957e,P,16,16,f6706417e8,4,uav:dune_fast,ok,clean|uav_dune_fast|clean|rep4|seed20240909,10.2923
clean,,nan,uav_dune_fast,4133e1fda185886f0663bc0dc901307fdbd7261f8465f38a91b8141b6c82092c,a56957124aebce41,,da8841480143a8e3,P,16,16,f6706417e8,3,uav:dune_fast,ok,clean|uav_dune_fast|clean|rep3|seed20240909,10.6808
mild,,nan,uav_dune_fast,4133e1fda185886f0663bc0dc901307fdbd7261f8465f38a91b8141b6c82092c,a56957124aebce41,,6a65ca8cdb887116,P,16,16,f6706417e8,2,uav:dune_fast,ok,mild|uav_dune_fast|mild|rep2|seed20240909,10.2508
mild,,nan,uav_dune_fast,4133e1fda185886f0663bc0dc901307fdbd7261f8465f38a91b8141b6c82092c,a56957124aebce41,,f85fd9acd084a639,P,16,16,f6706417e8,0,uav:dune_fast,ok,mild|uav_dune_fast|mild|rep0|seed20240909,10.8105
mild,,nan,uav_dune_fast,4133e1fda185886f0663bc0dc901307fdbd7261f8465f38a91b8141b6c82092c,a56957124aebce41,,39cdc5846b84a70f,P,16,16,f6706417e8,1,uav:dune_fast,ok,mild|uav_dune_fast|mild|rep1|seed20240909,10.6182
mild,,nan,uav_dune_fast,4133e1fda185886f0663bc0dc901307fdbd7261f8465f38a91b8141b6c82092c,a56957124aebce41,,d89984524d684990,P,16,16,f6706417e8,3,uav:dune_fast,ok,mild|uav_dune_fast|mild|rep3|seed20240909,9.9724
mild,,nan,uav_dune_fast,4133e1fda185886f0663bc0dc901307fdbd7261f8465f38a91b8141b6c82092c,a56957124aebce41,,c53c04b84b76b670,P,16,16,f6706417e8,4,uav:dune_fast,ok,mild|uav_dune_fast|mild|rep4|seed20240909,9.9503
clean,,nan,uav_shoreline,c038292581b2c9d499cf1d4ba0fcf6d80f42030bd5a8ea3a0d5762b1b51b8d46,a56957124aebce41,,83c953b4c58e950e,B0a,16,16,7fe30b1136,0,uav:shoreline,ok,clean|uav_shoreline|clean|rep0|seed20240909,0.5328
clean,,nan,uav_shoreline,c038292581b2c9d499cf1d4ba0fcf6d80f42030bd5a8ea3a0d5762b1b51b8d46,a56957124aebce41,,63a1faeff14bd8b4,B0a,16,16,7fe30b1136,1,uav:shoreline,ok,clean|uav_shoreline|clean|rep1|seed20240909,0.441
clean,,nan,uav_shoreline,c038292581b2c9d499cf1d4ba0fcf6d80f42030bd5a8ea3a0d5762b1b51b8d46,a56957124aebce41,,307fa2ecb10babf1,B0a,16,16,7fe30b1136,2,uav:shoreline,ok,clean|uav_shoreline|clean|rep2|seed20240909,0.4572
clean,,nan,uav_shoreline,c038292581b2c9d499cf1d4ba0fcf6d80f42030bd5a8ea3a0d5762b1b51b8d46,a56957124aebce41,,19549d2e6a5819ff,B0a,16,16,7fe30b1136,3,uav:shoreline,ok,clean|uav_shoreline|clean|rep3|seed20240909,0.4762
clean,,nan,uav_shoreline,c038292581b2c9d499cf1d4ba0fcf6d80f42030bd5a8ea3a0d5762b1b51b8d46,a56957124aebce41,,9be3187489024876,B0a,16,16,7fe30b1136,4,uav:shoreline,ok,clean|uav_shoreline|clean|rep4|seed20240909,0.4589
mild,,nan,uav_shoreline,c038292581b2c9d499cf1d4ba0fcf6d80f42030bd5a8ea3a0d5762b1b51b8d46,a56957124aebce41,,3b1e7ff61ce523d7,B0a,16,16,7fe30b1136,0,uav:shoreline,ok,mild|uav_shoreline|mild|rep0|seed20240909,0.6441
harsh,,nan,uav_dune_fast,4133e1fda185886f0663bc0dc901307fdbd7261f8465f38a91b8141b6c82092c,a56957124aebce41,,c055b65cb73161b6,P,16,16,f6706417e8,0,uav:dune_fast,ok,harsh|uav_dune_fast|harsh|rep0|seed20240909,5.2233
harsh,,nan,uav_dune_fast,4133e1fda185886f0663bc0dc901307fdbd7261f8465f38a91b8141b6c82092c,a56957124aebce41,,7ed1815d5e515f6d,P,16,16,f6706417e8,2,uav:dune_fast,ok,harsh|uav_dune_fast|harsh|rep2|seed20240909,5.2444
harsh,,nan,uav_dune_fast,4133e1fda185886f0663bc0dc901307fdbd7261f8465f38a91b8141b6c82092c,a56957124aebce41,,db1c53aef5904fb3,P,16,16,f6706417e8,1,uav:dune_fast,ok,harsh|uav_dune_fast|harsh|rep1|seed20240909,5.2722
mild,,nan,uav_shoreline,c038292581b2c9d499cf1d4ba0fcf6d80f42030bd5a8ea3a0d5762b1b51b8d46,a56957124aebce41,,ae8a4580547d0404,B0a,16,16,7fe30b1136,2,uav:shoreline,ok,mild|uav_shoreline|mild|rep2|seed20240909,0.6303
mild,,nan,uav_shoreline,c038292581b2c9d499cf1d4ba0fcf6d80f42030bd5a8ea3a0d5762b1b51b8d46,a56957124aebce41,,f542703fa7bc5aae,B0a,16,16,7fe30b1136,1,uav:shoreline,ok,mild|uav_shoreline|mild|rep1|seed20240909,0.6854
harsh,,nan,uav_dune_fast,4133e1fda185886f0663bc0dc901307fdbd7261f8465f38a91b8141b6c82092c,a56957124aebce41,,b841585df99ffdb2,P,16,16,f6706417e8,3,uav:dune_fast,ok,harsh|uav_dune_fast|harsh|rep3|seed20240909,5.3067
mild,,nan,uav_shoreline,c038292581b2c9d499cf1d4ba0fcf6d80f42030bd5a8ea3a0d5762b1b51b8d46,a56957124aebce41,,f4df77ad9509f06a,B0a,16,16,7fe30b1136,4,uav:shoreline,ok,mild|uav_shoreline|mild|rep4|seed20240909,0.635
mild,,nan,uav_shoreline,c038292581b2c9d499cf1d4ba0fcf6d80f42030bd5a8ea3a0d5762b1b51b8d46,a56957124aebce41,,e56c66df3888849d,B0a,16,16,7fe30b1136,3,uav:shoreline,ok,mild|uav_shoreline|mild|rep3|seed20240909,0.681
moderate,,nan,uav_shoreline,c038292581b2c9d499cf1d4ba0fcf6d80f42030bd5a8ea3a0d5762b1b51b8d46,a56957124aebce41,,219a973aac9f4ed2,B0a,16,16,7fe30b1136,1,uav:shoreline,ok,moderate|uav_shoreline|moderate|rep1|seed20240909,0.7256
moderate,,nan,uav_shoreline,c038292581b2c9d499cf1d4ba0fcf6d80f42030bd5a8ea3a0d5762b1b51b8d46,a56957124aebce41,,5e04495a1917faeb,B0a,16,16,7fe30b1136,0,uav:shoreline,ok,moderate|uav_shoreline|moderate|rep0|seed20240909,0.7315
moderate,,nan,uav_shoreline,c038292581b2c9d499cf1d4ba0fcf6d80f42030bd5a8ea3a0d5762b1b51b8d46,a56957124aebce41,,217f7a694186066e,B0a,16,16,7fe30b1136,2,uav:shoreline,ok,moderate|uav_shoreline|moderate|rep2|seed20240909,0.7084
harsh,,nan,uav_dune_fast,4133e1fda185886f0663bc0dc901307fdbd7261f8465f38a91b8141b6c82092c,a56957124aebce41,,7947c50a41182e9f,P,16,16,f6706417e8,4,uav:dune_fast,ok,harsh|uav_dune_fast|harsh|rep4|seed20240909,5.1931
moderate,,nan,uav_shoreline,c038292581b2c9d499cf1d4ba0fcf6d80f42030bd5a8ea3a0d5762b1b51b8d46,a56957124aebce41,,e02e0b6e97245f14,B0a,16,16,7fe30b1136,3,uav:shoreline,ok,moderate|uav_shoreline|moderate|rep3|seed20240909,0.7008
moderate,,nan,uav_shoreline,c038292581b2c9d499cf1d4ba0fcf6d80f42030bd5a8ea3a0d5762b1b51b8d46,a56957124aebce41,,e356e8f90109c664,B0a,16,16,7fe30b1136,4,uav:shoreline,ok,moderate|uav_shoreline|moderate|rep4|seed20240909,0.7283
bursty,,nan,uav_shoreline,c038292581b2c9d499cf1d4ba0fcf6d80f42030bd5a8ea3a0d5762b1b51b8d46,a56957124aebce41,,79f7fc9018edc435,B0a,16,16,7fe30b1136,1,uav:shoreline,ok,bursty|uav_shoreline|bursty|rep1|seed20240909,0.6431
bursty,,nan,uav_shoreline,c038292581b2c9d499cf1d4ba0fcf6d80f42030bd5a8ea3a0d5762b1b51b8d46,a56957124aebce41,,68132b79e6dd835e,B0a,16,16,7fe30b1136,0,uav:shoreline,ok,bursty|uav_shoreline|bursty|rep0|seed20240909,0.7244
bursty,,nan,uav_shoreline,c038292581b2c9d499cf1d4ba0fcf6d80f42030bd5a8ea3a0d5762b1b51b8d46,a56957124aebce41,,7377195affa4f089,B0a,16,16,7fe30b1136,2,uav:shoreline,ok,bursty|uav_shoreline|bursty|rep2|seed20240909,0.7326
bursty,,nan,uav_shoreline,c038292581b2c9d499cf1d4ba0fcf6d80f42030bd5a8ea3a0d5762b1b51b8d46,a56957124aebce41,,6991d056cb1af0d6,B0a,16,16,7fe30b1136,3,uav:shoreline,ok,bursty|uav_shoreline|bursty|rep3|seed20240909,0.7496
bursty,,nan,uav_shoreline,c038292581b2c9d499cf1d4ba0fcf6d80f42030bd5a8ea3a0d5762b1b51b8d46,a56957124aebce41,,9f4828868f6ddcc6,B0a,16,16,7fe30b1136,4,uav:shoreline,ok,bursty|uav_shoreline|bursty|rep4|seed20240909,0.5923
harsh,,nan,uav_shoreline,c038292581b2c9d499cf1d4ba0fcf6d80f42030bd5a8ea3a0d5762b1b51b8d46,a56957124aebce41,,8418bb3397c57b14,B0a,16,16,7fe30b1136,0,uav:shoreline,ok,harsh|uav_shoreline|harsh|rep0|seed20240909,0.7918
harsh,,nan,uav_shoreline,c038292581b2c9d499cf1d4ba0fcf6d80f42030bd5a8ea3a0d5762b1b51b8d46,a56957124aebce41,,4b2c6058bd061687,B0a,16,16,7fe30b1136,2,uav:shoreline,ok,harsh|uav_shoreline|harsh|rep2|seed20240909,0.7518
harsh,,nan,uav_shoreline,c038292581b2c9d499cf1d4ba0fcf6d80f42030bd5a8ea3a0d5762b1b51b8d46,a56957124aebce41,,d303919a8ff1dc46,B0a,16,16,7fe30b1136,1,uav:shoreline,ok,harsh|uav_shoreline|harsh|rep1|seed20240909,0.8343
harsh,,nan,uav_shoreline,c038292581b2c9d499cf1d4ba0fcf6d80f42030bd5a8ea3a0d5762b1b51b8d46,a56957124aebce41,,d58e3d0c2c5f9253,B0a,16,16,7fe30b1136,3,uav:shoreline,ok,harsh|uav_shoreline|harsh|rep3|seed20240909,0.8518
moderate,,nan,uav_dune_fast,4133e1fda185886f0663bc0dc901307fdbd7261f8465f38a91b8141b6c82092c,a56957124aebce41,,103844fa7c98c80c,P,16,16,f6706417e8,0,uav:dune_fast,ok,moderate|uav_dune_fast|moderate|rep0|seed20240909,15.9722
harsh,,nan,uav_shoreline,c038292581b2c9d499cf1d4ba0fcf6d80f42030bd5a8ea3a0d5762b1b51b8d46,a56957124aebce41,,1f4c87074345f8c3,B0a,16,16,7fe30b1136,4,uav:shoreline,ok,harsh|uav_shoreline|harsh|rep4|seed20240909,0.8831
clean,,nan,uav_shoreline,c038292581b2c9d499cf1d4ba0fcf6d80f42030bd5a8ea3a0d5762b1b51b8d46,a56957124aebce41,,13f5edb779ea838f,B0a-R,16,16,7fe30b1136,0,uav:shoreline,ok,clean|uav_shoreline|clean|rep0|seed20240909,1.5872
moderate,,nan,uav_dune_fast,4133e1fda185886f0663bc0dc901307fdbd7261f8465f38a91b8141b6c82092c,a56957124aebce41,,238f25e841445073,P,16,16,f6706417e8,1,uav:dune_fast,ok,moderate|uav_dune_fast|moderate|rep1|seed20240909,16.7913
clean,,nan,uav_shoreline,c038292581b2c9d499cf1d4ba0fcf6d80f42030bd5a8ea3a0d5762b1b51b8d46,a56957124aebce41,,0b356f1e753db967,B0a-R,16,16,7fe30b1136,3,uav:shoreline,ok,clean|uav_shoreline|clean|rep3|seed20240909,1.4776
clean,,nan,uav_shoreline,c038292581b2c9d499cf1d4ba0fcf6d80f42030bd5a8ea3a0d5762b1b51b8d46,a56957124aebce41,,3aade95dad9be626,B0a-R,16,16,7fe30b1136,1,uav:shoreline,ok,clean|uav_shoreline|clean|rep1|seed20240909,1.6032
moderate,,nan,uav_dune_fast,4133e1fda185886f0663bc0dc901307fdbd7261f8465f38a91b8141b6c82092c,a56957124aebce41,,e7a84bfbe0f4eb10,P,16,16,f6706417e8,2,uav:dune_fast,ok,moderate|uav_dune_fast|moderate|rep2|seed20240909,16.7714
clean,,nan,uav_shoreline,c038292581b2c9d499cf1d4ba0fcf6d80f42030bd5a8ea3a0d5762b1b51b8d46,a56957124aebce41,,bcd4d4325af02814,B0a-R,16,16,7fe30b1136,2,uav:shoreline,ok,clean|uav_shoreline|clean|rep2|seed20240909,1.6052
clean,,nan,uav_shoreline,c038292581b2c9d499cf1d4ba0fcf6d80f42030bd5a8ea3a0d5762b1b51b8d46,a56957124aebce41,,293386007eec7e28,B0a-R,16,16,7fe30b1136,4,uav:shoreline,ok,clean|uav_shoreline|clean|rep4|seed20240909,1.6204
moderate,,nan,uav_dune_fast,4133e1fda185886f0663bc0dc901307fdbd7261f8465f38a91b8141b6c82092c,a56957124aebce41,,5f6cda8c90f3c0af,P,16,16,f6706417e8,3,uav:dune_fast,ok,moderate|uav_dune_fast|moderate|rep3|seed20240909,16.5756
bursty,,nan,uav_dune_fast,4133e1fda185886f0663bc0dc901307fdbd7261f8465f38a91b8141b6c82092c,a56957124aebce41,,32d22b6fc4fa733f,P,16,16,f6706417e8,0,uav:dune_fast,ok,bursty|uav_dune_fast|bursty|rep0|seed20240909,15.716
moderate,,nan,uav_dune_fast,4133e1fda185886f0663bc0dc901307fdbd7261f8465f38a91b8141b6c82092c,a56957124aebce41,,fb93878ffe728134,P,16,16,f6706417e8,4,uav:dune_fast,ok,moderate|uav_dune_fast|moderate|rep4|seed20240909,16.6607
mild,,nan,uav_shoreline,c038292581b2c9d499cf1d4ba0fcf6d80f42030bd5a8ea3a0d5762b1b51b8d46,a56957124aebce41,,3f23eeaccdd218d9,B0a-R,16,16,7fe30b1136,0,uav:shoreline,ok,mild|uav_shoreline|mild|rep0|seed20240909,2.2051
mild,,nan,uav_shoreline,c038292581b2c9d499cf1d4ba0fcf6d80f42030bd5a8ea3a0d5762b1b51b8d46,a56957124aebce41,,4f2af4baf75774a5,B0a-R,16,16,7fe30b1136,1,uav:shoreline,ok,mild|uav_shoreline|mild|rep1|seed20240909,2.2622
mild,,nan,uav_shoreline,c038292581b2c9d499cf1d4ba0fcf6d80f42030bd5a8ea3a0d5762b1b51b8d46,a56957124aebce41,,e6e6fd85dcdba27f,B0a-R,16,16,7fe30b1136,2,uav:shoreline,ok,mild|uav_shoreline|mild|rep2|seed20240909,1.9657
mild,,nan,uav_shoreline,c038292581b2c9d499cf1d4ba0fcf6d80f42030bd5a8ea3a0d5762b1b51b8d46,a56957124aebce41,,52e8154dda08a6c0,B0a-R,16,16,7fe30b1136,4,uav:shoreline,ok,mild|uav_shoreline|mild|rep4|seed20240909,1.9041
mild,,nan,uav_shoreline,c038292581b2c9d499cf1d4ba0fcf6d80f42030bd5a8ea3a0d5762b1b51b8d46,a56957124aebce41,,4e0770bb93f2b3a0,B0a-R,16,16,7fe30b1136,3,uav:shoreline,ok,mild|uav_shoreline|mild|rep3|seed20240909,2.3294
bursty,,nan,uav_dune_fast,4133e1fda185886f0663bc0dc901307fdbd7261f8465f38a91b8141b6c82092c,a56957124aebce41,,3278c00d6df64bdd,P,16,16,f6706417e8,1,uav:dune_fast,ok,bursty|uav_dune_fast|bursty|rep1|seed20240909,16.2731
moderate,,nan,uav_shoreline,c038292581b2c9d499cf1d4ba0fcf6d80f42030bd5a8ea3a0d5762b1b51b8d46,a56957124aebce41,,596c3c152c2801c0,B0a-R,16,16,7fe30b1136,0,uav:shoreline,ok,moderate|uav_shoreline|moderate|rep0|seed20240909,2.4709
moderate,,nan,uav_shoreline,c038292581b2c9d499cf1d4ba0fcf6d80f42030bd5a8ea3a0d5762b1b51b8d46,a56957124aebce41,,c9fa8acc86c0b966,B0a-R,16,16,7fe30b1136,1,uav:shoreline,ok,moderate|uav_shoreline|moderate|rep1|seed20240909,2.5123
moderate,,nan,uav_shoreline,c038292581b2c9d499cf1d4ba0fcf6d80f42030bd5a8ea3a0d5762b1b51b8d46,a56957124aebce41,,7dcc5dfe90d136ba,B0a-R,16,16,7fe30b1136,2,uav:shoreline,ok,moderate|uav_shoreline|moderate|rep2|seed20240909,2.4705
bursty,,nan,uav_shoreline,c038292581b2c9d499cf1d4ba0fcf6d80f42030bd5a8ea3a0d5762b1b51b8d46,a56957124aebce41,,666401302e38508e,B0a-R,16,16,7fe30b1136,0,uav:shoreline,ok,bursty|uav_shoreline|bursty|rep0|seed20240909,2.3172
moderate,,nan,uav_shoreline,c038292581b2c9d499cf1d4ba0fcf6d80f42030bd5a8ea3a0d5762b1b51b8d46,a56957124aebce41,,bca1dbe41d3bf0c9,B0a-R,16,16,7fe30b1136,4,uav:shoreline,ok,moderate|uav_shoreline|moderate|rep4|seed20240909,2.5321
moderate,,nan,uav_shoreline,c038292581b2c9d499cf1d4ba0fcf6d80f42030bd5a8ea3a0d5762b1b51b8d46,a56957124aebce41,,3ad2e3437c6586b1,B0a-R,16,16,7fe30b1136,3,uav:shoreline,ok,moderate|uav_shoreline|moderate|rep3|seed20240909,2.5847
bursty,,nan,uav_shoreline,c038292581b2c9d499cf1d4ba0fcf6d80f42030bd5a8ea3a0d5762b1b51b8d46,a56957124aebce41,,41f7956d77cdab87,B0a-R,16,16,7fe30b1136,1,uav:shoreline,ok,bursty|uav_shoreline|bursty|rep1|seed20240909,2.2711
bursty,,nan,uav_shoreline,c038292581b2c9d499cf1d4ba0fcf6d80f42030bd5a8ea3a0d5762b1b51b8d46,a56957124aebce41,,2f538992b2e8b030,B0a-R,16,16,7fe30b1136,2,uav:shoreline,ok,bursty|uav_shoreline|bursty|rep2|seed20240909,2.378
bursty,,nan,uav_shoreline,c038292581b2c9d499cf1d4ba0fcf6d80f42030bd5a8ea3a0d5762b1b51b8d46,a56957124aebce41,,8f14b25e3adf689c,B0a-R,16,16,7fe30b1136,3,uav:shoreline,ok,bursty|uav_shoreline|bursty|rep3|seed20240909,2.2953
bursty,,nan,uav_shoreline,c038292581b2c9d499cf1d4ba0fcf6d80f42030bd5a8ea3a0d5762b1b51b8d46,a56957124aebce41,,94970c8ff0319509,B0a-R,16,16,7fe30b1136,4,uav:shoreline,ok,bursty|uav_shoreline|bursty|rep4|seed20240909,2.0259
bursty,,nan,uav_dune_fast,4133e1fda185886f0663bc0dc901307fdbd7261f8465f38a91b8141b6c82092c,a56957124aebce41,,60fdbc2a6b773594,P,16,16,f6706417e8,2,uav:dune_fast,ok,bursty|uav_dune_fast|bursty|rep2|seed20240909,15.4319
harsh,,nan,uav_shoreline,c038292581b2c9d499cf1d4ba0fcf6d80f42030bd5a8ea3a0d5762b1b51b8d46,a56957124aebce41,,0fef6477dd6dd7e1,B0a-R,16,16,7fe30b1136,0,uav:shoreline,ok,harsh|uav_shoreline|harsh|rep0|seed20240909,2.4275
harsh,,nan,uav_shoreline,c038292581b2c9d499cf1d4ba0fcf6d80f42030bd5a8ea3a0d5762b1b51b8d46,a56957124aebce41,,127ccbd838253be8,B0a-R,16,16,7fe30b1136,1,uav:shoreline,ok,harsh|uav_shoreline|harsh|rep1|seed20240909,2.363
harsh,,nan,uav_shoreline,c038292581b2c9d499cf1d4ba0fcf6d80f42030bd5a8ea3a0d5762b1b51b8d46,a56957124aebce41,,f74863e146d09bcf,B0a-R,16,16,7fe30b1136,2,uav:shoreline,ok,harsh|uav_shoreline|harsh|rep2|seed20240909,2.3521
harsh,,nan,uav_shoreline,c038292581b2c9d499cf1d4ba0fcf6d80f42030bd5a8ea3a0d5762b1b51b8d46,a56957124aebce41,,eb01644c75c77776,B0a-R,16,16,7fe30b1136,3,uav:shoreline,ok,harsh|uav_shoreline|harsh|rep3|seed20240909,2.3083
harsh,,nan,uav_shoreline,c038292581b2c9d499cf1d4ba0fcf6d80f42030bd5a8ea3a0d5762b1b51b8d46,a56957124aebce41,,76c3c0707493464e,B0a-R,16,16,7fe30b1136,4,uav:shoreline,ok,harsh|uav_shoreline|harsh|rep4|seed20240909,2.2796
bursty,,nan,uav_dune_fast,4133e1fda185886f0663bc0dc901307fdbd7261f8465f38a91b8141b6c82092c,a56957124aebce41,,7101e60d86cee958,P,16,16,f6706417e8,3,uav:dune_fast,ok,bursty|uav_dune_fast|bursty|rep3|seed20240909,17.0017
bursty,,nan,uav_dune_fast,4133e1fda185886f0663bc0dc901307fdbd7261f8465f38a91b8141b6c82092c,a56957124aebce41,,e90f9d1fefc23ddb,P,16,16,f6706417e8,4,uav:dune_fast,ok,bursty|uav_dune_fast|bursty|rep4|seed20240909,16.12
clean,,nan,uav_shoreline,c038292581b2c9d499cf1d4ba0fcf6d80f42030bd5a8ea3a0d5762b1b51b8d46,a56957124aebce41,,38c6fc78801dda6d,B0d,16,16,7fe30b1136,0,uav:shoreline,ok,clean|uav_shoreline|clean|rep0|seed20240909,4.9924
clean,,nan,uav_shoreline,c038292581b2c9d499cf1d4ba0fcf6d80f42030bd5a8ea3a0d5762b1b51b8d46,a56957124aebce41,,b1b9e7c3b8e83ea4,B0d,16,16,7fe30b1136,1,uav:shoreline,ok,clean|uav_shoreline|clean|rep1|seed20240909,4.8727
clean,,nan,uav_shoreline,c038292581b2c9d499cf1d4ba0fcf6d80f42030bd5a8ea3a0d5762b1b51b8d46,a56957124aebce41,,928a4f3738253839,B0d,16,16,7fe30b1136,2,uav:shoreline,ok,clean|uav_shoreline|clean|rep2|seed20240909,4.8821
clean,,nan,uav_shoreline,c038292581b2c9d499cf1d4ba0fcf6d80f42030bd5a8ea3a0d5762b1b51b8d46,a56957124aebce41,,c12077d6360465c6,B0d,16,16,7fe30b1136,3,uav:shoreline,ok,clean|uav_shoreline|clean|rep3|seed20240909,4.9443
clean,,nan,uav_shoreline,c038292581b2c9d499cf1d4ba0fcf6d80f42030bd5a8ea3a0d5762b1b51b8d46,a56957124aebce41,,ca9f24b466012ecc,B0d,16,16,7fe30b1136,4,uav:shoreline,ok,clean|uav_shoreline|clean|rep4|seed20240909,4.947
mild,,nan,uav_shoreline,c038292581b2c9d499cf1d4ba0fcf6d80f42030bd5a8ea3a0d5762b1b51b8d46,a56957124aebce41,,9f9ed4ed87a36829,B0d,16,16,7fe30b1136,0,uav:shoreline,ok,mild|uav_shoreline|mild|rep0|seed20240909,5.1994
mild,,nan,uav_shoreline,c038292581b2c9d499cf1d4ba0fcf6d80f42030bd5a8ea3a0d5762b1b51b8d46,a56957124aebce41,,82af60f046999a24,B0d,16,16,7fe30b1136,2,uav:shoreline,ok,mild|uav_shoreline|mild|rep2|seed20240909,4.955
mild,,nan,uav_shoreline,c038292581b2c9d499cf1d4ba0fcf6d80f42030bd5a8ea3a0d5762b1b51b8d46,a56957124aebce41,,43542ad1d40bf95f,B0d,16,16,7fe30b1136,1,uav:shoreline,ok,mild|uav_shoreline|mild|rep1|seed20240909,5.2693
mild,,nan,uav_shoreline,c038292581b2c9d499cf1d4ba0fcf6d80f42030bd5a8ea3a0d5762b1b51b8d46,a56957124aebce41,,a18b489e6f2742fd,B0d,16,16,7fe30b1136,3,uav:shoreline,ok,mild|uav_shoreline|mild|rep3|seed20240909,5.2607
mild,,nan,uav_shoreline,c038292581b2c9d499cf1d4ba0fcf6d80f42030bd5a8ea3a0d5762b1b51b8d46,a56957124aebce41,,c7b4c66ba2382f7e,B0d,16,16,7fe30b1136,4,uav:shoreline,ok,mild|uav_shoreline|mild|rep4|seed20240909,4.9832
clean,,nan,uav_shoreline,c038292581b2c9d499cf1d4ba0fcf6d80f42030bd5a8ea3a0d5762b1b51b8d46,a56957124aebce41,,62748318e4631166,B1,16,16,7fe30b1136,0,uav:shoreline,ok,clean|uav_shoreline|clean|rep0|seed20240909,0.4339
clean,,nan,uav_shoreline,c038292581b2c9d499cf1d4ba0fcf6d80f42030bd5a8ea3a0d5762b1b51b8d46,a56957124aebce41,,6df7c6202f325b6a,B1,16,16,7fe30b1136,1,uav:shoreline,ok,clean|uav_shoreline|clean|rep1|seed20240909,0.4305
clean,,nan,uav_shoreline,c038292581b2c9d499cf1d4ba0fcf6d80f42030bd5a8ea3a0d5762b1b51b8d46,a56957124aebce41,,322f0aa353e714d9,B1,16,16,7fe30b1136,2,uav:shoreline,ok,clean|uav_shoreline|clean|rep2|seed20240909,0.4197
clean,,nan,uav_shoreline,c038292581b2c9d499cf1d4ba0fcf6d80f42030bd5a8ea3a0d5762b1b51b8d46,a56957124aebce41,,8d6cd580b68fe43f,B1,16,16,7fe30b1136,3,uav:shoreline,ok,clean|uav_shoreline|clean|rep3|seed20240909,0.4948
harsh,,nan,uav_shoreline,c038292581b2c9d499cf1d4ba0fcf6d80f42030bd5a8ea3a0d5762b1b51b8d46,a56957124aebce41,,033ee12b0391c40a,B0d,16,16,7fe30b1136,0,uav:shoreline,ok,harsh|uav_shoreline|harsh|rep0|seed20240909,3.2858
clean,,nan,uav_shoreline,c038292581b2c9d499cf1d4ba0fcf6d80f42030bd5a8ea3a0d5762b1b51b8d46,a56957124aebce41,,248c283e992b5187,B1,16,16,7fe30b1136,4,uav:shoreline,ok,clean|uav_shoreline|clean|rep4|seed20240909,0.5089
harsh,,nan,uav_shoreline,c038292581b2c9d499cf1d4ba0fcf6d80f42030bd5a8ea3a0d5762b1b51b8d46,a56957124aebce41,,4335d5f3f41b8b96,B0d,16,16,7fe30b1136,2,uav:shoreline,ok,harsh|uav_shoreline|harsh|rep2|seed20240909,3.4087
harsh,,nan,uav_shoreline,c038292581b2c9d499cf1d4ba0fcf6d80f42030bd5a8ea3a0d5762b1b51b8d46,a56957124aebce41,,7c8634364659196c,B0d,16,16,7fe30b1136,1,uav:shoreline,ok,harsh|uav_shoreline|harsh|rep1|seed20240909,3.5224
harsh,,nan,uav_shoreline,c038292581b2c9d499cf1d4ba0fcf6d80f42030bd5a8ea3a0d5762b1b51b8d46,a56957124aebce41,,bc66875e5b5fdcde,B0d,16,16,7fe30b1136,3,uav:shoreline,ok,harsh|uav_shoreline|harsh|rep3|seed20240909,3.6788
mild,,nan,uav_shoreline,c038292581b2c9d499cf1d4ba0fcf6d80f42030bd5a8ea3a0d5762b1b51b8d46,a56957124aebce41,,557c1ffb5c48ea9a,B1,16,16,7fe30b1136,0,uav:shoreline,ok,mild|uav_shoreline|mild|rep0|seed20240909,1.0328
harsh,,nan,uav_shoreline,c038292581b2c9d499cf1d4ba0fcf6d80f42030bd5a8ea3a0d5762b1b51b8d46,a56957124aebce41,,3556a1982685e58d,B0d,16,16,7fe30b1136,4,uav:shoreline,ok,harsh|uav_shoreline|harsh|rep4|seed20240909,3.6562
moderate,,nan,uav_shoreline,c038292581b2c9d499cf1d4ba0fcf6d80f42030bd5a8ea3a0d5762b1b51b8d46,a56957124aebce41,,622840f8e467ddb9,B0d,16,16,7fe30b1136,0,uav:shoreline,ok,moderate|uav_shoreline|moderate|rep0|seed20240909,8.2295
mild,,nan,uav_shoreline,c038292581b2c9d499cf1d4ba0fcf6d80f42030bd5a8ea3a0d5762b1b51b8d46,a56957124aebce41,,a1f559ce53db89bf,B1,16,16,7fe30b1136,1,uav:shoreline,ok,mild|uav_shoreline|mild|rep1|seed20240909,1.3685
moderate,,nan,uav_shoreline,c038292581b2c9d499cf1d4ba0fcf6d80f42030bd5a8ea3a0d5762b1b51b8d46,a56957124aebce41,,ddf75b9635d887c4,B0d,16,16,7fe30b1136,3,uav:shoreline,ok,moderate|uav_shoreline|moderate|rep3|seed20240909,8.3004
mild,,nan,uav_shoreline,c038292581b2c9d499cf1d4ba0fcf6d80f42030bd5a8ea3a0d5762b1b51b8d46,a56957124aebce41,,acff5bdd3c30bea6,B1,16,16,7fe30b1136,2,uav:shoreline,ok,mild|uav_shoreline|mild|rep2|seed20240909,1.1304
moderate,,nan,uav_shoreline,c038292581b2c9d499cf1d4ba0fcf6d80f42030bd5a8ea3a0d5762b1b51b8d46,a56957124aebce41,,edcced723b40e2af,B0d,16,16,7fe30b1136,1,uav:shoreline,ok,moderate|uav_shoreline|moderate|rep1|seed20240909,8.8002
moderate,,nan,uav_shoreline,c038292581b2c9d499cf1d4ba0fcf6d80f42030bd5a8ea3a0d5762b1b51b8d46,a56957124aebce41,,a3bae269992cb28b,B0d,16,16,7fe30b1136,2,uav:shoreline,ok,moderate|uav_shoreline|moderate|rep2|seed20240909,8.884
mild,,nan,uav_shoreline,c038292581b2c9d499cf1d4ba0fcf6d80f42030bd5a8ea3a0d5762b1b51b8d46,a56957124aebce41,,0f8b2c8967efc102,B1,16,16,7fe30b1136,4,uav:shoreline,ok,mild|uav_shoreline|mild|rep4|seed20240909,1.4825
mild,,nan,uav_shoreline,c038292581b2c9d499cf1d4ba0fcf6d80f42030bd5a8ea3a0d5762b1b51b8d46,a56957124aebce41,,0eab1323c9fbd52e,B1,16,16,7fe30b1136,3,uav:shoreline,ok,mild|uav_shoreline|mild|rep3|seed20240909,1.9276
moderate,,nan,uav_shoreline,c038292581b2c9d499cf1d4ba0fcf6d80f42030bd5a8ea3a0d5762b1b51b8d46,a56957124aebce41,,a066f0b5044d89a6,B1,16,16,7fe30b1136,0,uav:shoreline,ok,moderate|uav_shoreline|moderate|rep0|seed20240909,1.6404
moderate,,nan,uav_shoreline,c038292581b2c9d499cf1d4ba0fcf6d80f42030bd5a8ea3a0d5762b1b51b8d46,a56957124aebce41,,49b9811566d98a35,B1,16,16,7fe30b1136,1,uav:shoreline,ok,moderate|uav_shoreline|moderate|rep1|seed20240909,1.9144
moderate,,nan,uav_shoreline,c038292581b2c9d499cf1d4ba0fcf6d80f42030bd5a8ea3a0d5762b1b51b8d46,a56957124aebce41,,12057fcd8edc20ba,B1,16,16,7fe30b1136,3,uav:shoreline,ok,moderate|uav_shoreline|moderate|rep3|seed20240909,1.7388
bursty,,nan,uav_shoreline,c038292581b2c9d499cf1d4ba0fcf6d80f42030bd5a8ea3a0d5762b1b51b8d46,a56957124aebce41,,aa07a0f2d23b1004,B1,16,16,7fe30b1136,0,uav:shoreline,ok,bursty|uav_shoreline|bursty|rep0|seed20240909,1.4662
bursty,,nan,uav_shoreline,c038292581b2c9d499cf1d4ba0fcf6d80f42030bd5a8ea3a0d5762b1b51b8d46,a56957124aebce41,,f6dc32894dc8552e,B0d,16,16,7fe30b1136,0,uav:shoreline,ok,bursty|uav_shoreline|bursty|rep0|seed20240909,8.7869
moderate,,nan,uav_shoreline,c038292581b2c9d499cf1d4ba0fcf6d80f42030bd5a8ea3a0d5762b1b51b8d46,a56957124aebce41,,282d5860dd2a7273,B1,16,16,7fe30b1136,2,uav:shoreline,ok,moderate|uav_shoreline|moderate|rep2|seed20240909,2.3454
moderate,,nan,uav_shoreline,c038292581b2c9d499cf1d4ba0fcf6d80f42030bd5a8ea3a0d5762b1b51b8d46,a56957124aebce41,,45b65297d00f5c86,B1,16,16,7fe30b1136,4,uav:shoreline,ok,moderate|uav_shoreline|moderate|rep4|seed20240909,2.0457
moderate,,nan,uav_shoreline,c038292581b2c9d499cf1d4ba0fcf6d80f42030bd5a8ea3a0d5762b1b51b8d46,a56957124aebce41,,44ac4b2114115bc3,B0d,16,16,7fe30b1136,4,uav:shoreline,ok,moderate|uav_shoreline|moderate|rep4|seed20240909,9.2388
bursty,,nan,uav_shoreline,c038292581b2c9d499cf1d4ba0fcf6d80f42030bd5a8ea3a0d5762b1b51b8d46,a56957124aebce41,,2927f717882f3514,B1,16,16,7fe30b1136,3,uav:shoreline,ok,bursty|uav_shoreline|bursty|rep3|seed20240909,1.5399
bursty,,nan,uav_shoreline,c038292581b2c9d499cf1d4ba0fcf6d80f42030bd5a8ea3a0d5762b1b51b8d46,a56957124aebce41,,9917f13cf52ce751,B1,16,16,7fe30b1136,2,uav:shoreline,ok,bursty|uav_shoreline|bursty|rep2|seed20240909,2.0375
bursty,,nan,uav_shoreline,c038292581b2c9d499cf1d4ba0fcf6d80f42030bd5a8ea3a0d5762b1b51b8d46,a56957124aebce41,,3f2c56e6f85c86ae,B1,16,16,7fe30b1136,4,uav:shoreline,ok,bursty|uav_shoreline|bursty|rep4|seed20240909,1.7514
bursty,,nan,uav_shoreline,c038292581b2c9d499cf1d4ba0fcf6d80f42030bd5a8ea3a0d5762b1b51b8d46,a56957124aebce41,,267bbfb3e7700c1e,B1,16,16,7fe30b1136,1,uav:shoreline,ok,bursty|uav_shoreline|bursty|rep1|seed20240909,2.3391
clean,,nan,uav_shoreline,c038292581b2c9d499cf1d4ba0fcf6d80f42030bd5a8ea3a0d5762b1b51b8d46,a56957124aebce41,,8b6b62d79c188854,B2,16,16,7fe30b1136,1,uav:shoreline,ok,clean|uav_shoreline|clean|rep1|seed20240909,1.1138
harsh,,nan,uav_shoreline,c038292581b2c9d499cf1d4ba0fcf6d80f42030bd5a8ea3a0d5762b1b51b8d46,a56957124aebce41,,2120e009ec25a300,B1,16,16,7fe30b1136,2,uav:shoreline,ok,harsh|uav_shoreline|harsh|rep2|seed20240909,1.6009
harsh,,nan,uav_shoreline,c038292581b2c9d499cf1d4ba0fcf6d80f42030bd5a8ea3a0d5762b1b51b8d46,a56957124aebce41,,0b2f7e4b8cd39eb9,B1,16,16,7fe30b1136,0,uav:shoreline,ok,harsh|uav_shoreline|harsh|rep0|seed20240909,2.1934
clean,,nan,uav_shoreline,c038292581b2c9d499cf1d4ba0fcf6d80f42030bd5a8ea3a0d5762b1b51b8d46,a56957124aebce41,,fd7f94f40535240e,B2,16,16,7fe30b1136,0,uav:shoreline,ok,clean|uav_shoreline|clean|rep0|seed20240909,1.3574
harsh,,nan,uav_shoreline,c038292581b2c9d499cf1d4ba0fcf6d80f42030bd5a8ea3a0d5762b1b51b8d46,a56957124aebce41,,d07dc4921b14c377,B1,16,16,7fe30b1136,3,uav:shoreline,ok,harsh|uav_shoreline|harsh|rep3|seed20240909,1.8265
harsh,,nan,uav_shoreline,c038292581b2c9d499cf1d4ba0fcf6d80f42030bd5a8ea3a0d5762b1b51b8d46,a56957124aebce41,,dc42c0243a7a5d16,B1,16,16,7fe30b1136,1,uav:shoreline,ok,harsh|uav_shoreline|harsh|rep1|seed20240909,2.0278
clean,,nan,uav_shoreline,c038292581b2c9d499cf1d4ba0fcf6d80f42030bd5a8ea3a0d5762b1b51b8d46,a56957124aebce41,,295d4184f24c6c9f,B2,16,16,7fe30b1136,2,uav:shoreline,ok,clean|uav_shoreline|clean|rep2|seed20240909,1.4726
clean,,nan,uav_shoreline,c038292581b2c9d499cf1d4ba0fcf6d80f42030bd5a8ea3a0d5762b1b51b8d46,a56957124aebce41,,9a024d167ba1b271,B2,16,16,7fe30b1136,3,uav:shoreline,ok,clean|uav_shoreline|clean|rep3|seed20240909,1.2014
bursty,,nan,uav_shoreline,c038292581b2c9d499cf1d4ba0fcf6d80f42030bd5a8ea3a0d5762b1b51b8d46,a56957124aebce41,,503bca71fc65a1f7,B0d,16,16,7fe30b1136,1,uav:shoreline,ok,bursty|uav_shoreline|bursty|rep1|seed20240909,9.4702
harsh,,nan,uav_shoreline,c038292581b2c9d499cf1d4ba0fcf6d80f42030bd5a8ea3a0d5762b1b51b8d46,a56957124aebce41,,dee67e7e3dbaf5b4,B1,16,16,7fe30b1136,4,uav:shoreline,ok,harsh|uav_shoreline|harsh|rep4|seed20240909,2.1429
clean,,nan,uav_shoreline,c038292581b2c9d499cf1d4ba0fcf6d80f42030bd5a8ea3a0d5762b1b51b8d46,a56957124aebce41,,d706d4d5207d04be,B2,16,16,7fe30b1136,4,uav:shoreline,ok,clean|uav_shoreline|clean|rep4|seed20240909,1.7893
mild,,nan,uav_shoreline,c038292581b2c9d499cf1d4ba0fcf6d80f42030bd5a8ea3a0d5762b1b51b8d46,a56957124aebce41,,8c820d3d58b522a5,B2,16,16,7fe30b1136,1,uav:shoreline,ok,mild|uav_shoreline|mild|rep1|seed20240909,1.7461
moderate,,nan,uav_shoreline,c038292581b2c9d499cf1d4ba0fcf6d80f42030bd5a8ea3a0d5762b1b51b8d46,a56957124aebce41,,76a3df25c526758a,B2,16,16,7fe30b1136,0,uav:shoreline,ok,moderate|uav_shoreline|moderate|rep0|seed20240909,1.3935
mild,,nan,uav_shoreline,c038292581b2c9d499cf1d4ba0fcf6d80f42030bd5a8ea3a0d5762b1b51b8d46,a56957124aebce41,,ecd036b622f1a4ef,B2,16,16,7fe30b1136,3,uav:shoreline,ok,mild|uav_shoreline|mild|rep3|seed20240909,1.4507
bursty,,nan,uav_shoreline,c038292581b2c9d499cf1d4ba0fcf6d80f42030bd5a8ea3a0d5762b1b51b8d46,a56957124aebce41,,0c1cb583ea9a2f6c,B0d,16,16,7fe30b1136,4,uav:shoreline,ok,bursty|uav_shoreline|bursty|rep4|seed20240909,10.0246
mild,,nan,uav_shoreline,c038292581b2c9d499cf1d4ba0fcf6d80f42030bd5a8ea3a0d5762b1b51b8d46,a56957124aebce41,,cac77ef8d82afb21,B2,16,16,7fe30b1136,0,uav:shoreline,ok,mild|uav_shoreline|mild|rep0|seed20240909,2.1593
mild,,nan,uav_shoreline,c038292581b2c9d499cf1d4ba0fcf6d80f42030bd5a8ea3a0d5762b1b51b8d46,a56957124aebce41,,e1a7ae107e8d39a5,B2,16,16,7fe30b1136,4,uav:shoreline,ok,mild|uav_shoreline|mild|rep4|seed20240909,1.9497
moderate,,nan,uav_shoreline,c038292581b2c9d499cf1d4ba0fcf6d80f42030bd5a8ea3a0d5762b1b51b8d46,a56957124aebce41,,6ef221e71a194a90,B2,16,16,7fe30b1136,1,uav:shoreline,ok,moderate|uav_shoreline|moderate|rep1|seed20240909,1.8199
moderate,,nan,uav_shoreline,c038292581b2c9d499cf1d4ba0fcf6d80f42030bd5a8ea3a0d5762b1b51b8d46,a56957124aebce41,,2cc5bc0abf42db28,B2,16,16,7fe30b1136,2,uav:shoreline,ok,moderate|uav_shoreline|moderate|rep2|seed20240909,1.7327
moderate,,nan,uav_shoreline,c038292581b2c9d499cf1d4ba0fcf6d80f42030bd5a8ea3a0d5762b1b51b8d46,a56957124aebce41,,a243c7c2c42574ab,B2,16,16,7fe30b1136,3,uav:shoreline,ok,moderate|uav_shoreline|moderate|rep3|seed20240909,1.6986
moderate,,nan,uav_shoreline,c038292581b2c9d499cf1d4ba0fcf6d80f42030bd5a8ea3a0d5762b1b51b8d46,a56957124aebce41,,d294d89d3cffc81a,B2,16,16,7fe30b1136,4,uav:shoreline,ok,moderate|uav_shoreline|moderate|rep4|seed20240909,1.6996
mild,,nan,uav_shoreline,c038292581b2c9d499cf1d4ba0fcf6d80f42030bd5a8ea3a0d5762b1b51b8d46,a56957124aebce41,,798698077d6553c4,B2,16,16,7fe30b1136,2,uav:shoreline,ok,mild|uav_shoreline|mild|rep2|seed20240909,2.2469
bursty,,nan,uav_shoreline,c038292581b2c9d499cf1d4ba0fcf6d80f42030bd5a8ea3a0d5762b1b51b8d46,a56957124aebce41,,7cc1fb30f2cc60b2,B2,16,16,7fe30b1136,1,uav:shoreline,ok,bursty|uav_shoreline|bursty|rep1|seed20240909,1.4374
bursty,,nan,uav_shoreline,c038292581b2c9d499cf1d4ba0fcf6d80f42030bd5a8ea3a0d5762b1b51b8d46,a56957124aebce41,,1cbe21ba55c1a2b1,B2,16,16,7fe30b1136,0,uav:shoreline,ok,bursty|uav_shoreline|bursty|rep0|seed20240909,1.684
bursty,,nan,uav_shoreline,c038292581b2c9d499cf1d4ba0fcf6d80f42030bd5a8ea3a0d5762b1b51b8d46,a56957124aebce41,,320c9460fa56274a,B0d,16,16,7fe30b1136,3,uav:shoreline,ok,bursty|uav_shoreline|bursty|rep3|seed20240909,11.0708
bursty,,nan,uav_shoreline,c038292581b2c9d499cf1d4ba0fcf6d80f42030bd5a8ea3a0d5762b1b51b8d46,a56957124aebce41,,b77555ac902691dc,B0d,16,16,7fe30b1136,2,uav:shoreline,ok,bursty|uav_shoreline|bursty|rep2|seed20240909,11.2547
bursty,,nan,uav_shoreline,c038292581b2c9d499cf1d4ba0fcf6d80f42030bd5a8ea3a0d5762b1b51b8d46,a56957124aebce41,,ef7c961e36afd98a,B2,16,16,7fe30b1136,2,uav:shoreline,ok,bursty|uav_shoreline|bursty|rep2|seed20240909,1.5834
bursty,,nan,uav_shoreline,c038292581b2c9d499cf1d4ba0fcf6d80f42030bd5a8ea3a0d5762b1b51b8d46,a56957124aebce41,,b9e71c5602cb336b,B2,16,16,7fe30b1136,3,uav:shoreline,ok,bursty|uav_shoreline|bursty|rep3|seed20240909,1.5423
bursty,,nan,uav_shoreline,c038292581b2c9d499cf1d4ba0fcf6d80f42030bd5a8ea3a0d5762b1b51b8d46,a56957124aebce41,,5524c74c3a84039b,B2,16,16,7fe30b1136,4,uav:shoreline,ok,bursty|uav_shoreline|bursty|rep4|seed20240909,1.4269
harsh,,nan,uav_shoreline,c038292581b2c9d499cf1d4ba0fcf6d80f42030bd5a8ea3a0d5762b1b51b8d46,a56957124aebce41,,2f048368c63c91de,B2,16,16,7fe30b1136,0,uav:shoreline,ok,harsh|uav_shoreline|harsh|rep0|seed20240909,1.5784
harsh,,nan,uav_shoreline,c038292581b2c9d499cf1d4ba0fcf6d80f42030bd5a8ea3a0d5762b1b51b8d46,a56957124aebce41,,45661981e96bfaad,B2,16,16,7fe30b1136,1,uav:shoreline,ok,harsh|uav_shoreline|harsh|rep1|seed20240909,1.43
harsh,,nan,uav_shoreline,c038292581b2c9d499cf1d4ba0fcf6d80f42030bd5a8ea3a0d5762b1b51b8d46,a56957124aebce41,,47b5ef0ff97a0653,B2,16,16,7fe30b1136,2,uav:shoreline,ok,harsh|uav_shoreline|harsh|rep2|seed20240909,1.4564
harsh,,nan,uav_shoreline,c038292581b2c9d499cf1d4ba0fcf6d80f42030bd5a8ea3a0d5762b1b51b8d46,a56957124aebce41,,8a89c4cdb1b1fb56,B2,16,16,7fe30b1136,4,uav:shoreline,ok,harsh|uav_shoreline|harsh|rep4|seed20240909,1.1748
harsh,,nan,uav_shoreline,c038292581b2c9d499cf1d4ba0fcf6d80f42030bd5a8ea3a0d5762b1b51b8d46,a56957124aebce41,,5f80ad5e93606ac4,B2,16,16,7fe30b1136,3,uav:shoreline,ok,harsh|uav_shoreline|harsh|rep3|seed20240909,1.4997
clean,,nan,uav_shoreline,c038292581b2c9d499cf1d4ba0fcf6d80f42030bd5a8ea3a0d5762b1b51b8d46,a56957124aebce41,,5a9e495898ead553,B3,16,16,7fe30b1136,4,uav:shoreline,ok,clean|uav_shoreline|clean|rep4|seed20240909,5.9632
clean,,nan,uav_shoreline,c038292581b2c9d499cf1d4ba0fcf6d80f42030bd5a8ea3a0d5762b1b51b8d46,a56957124aebce41,,2fe52bec4aca9f93,B3,16,16,7fe30b1136,0,uav:shoreline,ok,clean|uav_shoreline|clean|rep0|seed20240909,6.2435
clean,,nan,uav_shoreline,c038292581b2c9d499cf1d4ba0fcf6d80f42030bd5a8ea3a0d5762b1b51b8d46,a56957124aebce41,,94085a0e6e3e8291,B3,16,16,7fe30b1136,1,uav:shoreline,ok,clean|uav_shoreline|clean|rep1|seed20240909,6.303
clean,,nan,uav_shoreline,c038292581b2c9d499cf1d4ba0fcf6d80f42030bd5a8ea3a0d5762b1b51b8d46,a56957124aebce41,,8f56d130722e77ac,B3,16,16,7fe30b1136,2,uav:shoreline,ok,clean|uav_shoreline|clean|rep2|seed20240909,6.3687
clean,,nan,uav_shoreline,c038292581b2c9d499cf1d4ba0fcf6d80f42030bd5a8ea3a0d5762b1b51b8d46,a56957124aebce41,,1a0b74919d13467a,B3,16,16,7fe30b1136,3,uav:shoreline,ok,clean|uav_shoreline|clean|rep3|seed20240909,6.5194
mild,,nan,uav_shoreline,c038292581b2c9d499cf1d4ba0fcf6d80f42030bd5a8ea3a0d5762b1b51b8d46,a56957124aebce41,,3a68a5913fd24048,B3,16,16,7fe30b1136,0,uav:shoreline,ok,mild|uav_shoreline|mild|rep0|seed20240909,6.484
mild,,nan,uav_shoreline,c038292581b2c9d499cf1d4ba0fcf6d80f42030bd5a8ea3a0d5762b1b51b8d46,a56957124aebce41,,fe0131d4842058e3,B3,16,16,7fe30b1136,1,uav:shoreline,ok,mild|uav_shoreline|mild|rep1|seed20240909,6.5337
mild,,nan,uav_shoreline,c038292581b2c9d499cf1d4ba0fcf6d80f42030bd5a8ea3a0d5762b1b51b8d46,a56957124aebce41,,dd97e392c87cbf4e,B3,16,16,7fe30b1136,3,uav:shoreline,ok,mild|uav_shoreline|mild|rep3|seed20240909,6.4858
mild,,nan,uav_shoreline,c038292581b2c9d499cf1d4ba0fcf6d80f42030bd5a8ea3a0d5762b1b51b8d46,a56957124aebce41,,2ad384e0b9e23925,B3,16,16,7fe30b1136,4,uav:shoreline,ok,mild|uav_shoreline|mild|rep4|seed20240909,6.4984
mild,,nan,uav_shoreline,c038292581b2c9d499cf1d4ba0fcf6d80f42030bd5a8ea3a0d5762b1b51b8d46,a56957124aebce41,,178acda47739dc91,B3,16,16,7fe30b1136,2,uav:shoreline,ok,mild|uav_shoreline|mild|rep2|seed20240909,6.7457
moderate,,nan,uav_shoreline,c038292581b2c9d499cf1d4ba0fcf6d80f42030bd5a8ea3a0d5762b1b51b8d46,a56957124aebce41,,0f47a39bd4086501,B3,16,16,7fe30b1136,0,uav:shoreline,ok,moderate|uav_shoreline|moderate|rep0|seed20240909,8.0217
moderate,,nan,uav_shoreline,c038292581b2c9d499cf1d4ba0fcf6d80f42030bd5a8ea3a0d5762b1b51b8d46,a56957124aebce41,,734c87448319cbd7,B3,16,16,7fe30b1136,3,uav:shoreline,ok,moderate|uav_shoreline|moderate|rep3|seed20240909,8.2002
moderate,,nan,uav_shoreline,c038292581b2c9d499cf1d4ba0fcf6d80f42030bd5a8ea3a0d5762b1b51b8d46,a56957124aebce41,,5c86cc51ce55e683,B3,16,16,7fe30b1136,2,uav:shoreline,ok,moderate|uav_shoreline|moderate|rep2|seed20240909,8.2814
bursty,,nan,uav_shoreline,c038292581b2c9d499cf1d4ba0fcf6d80f42030bd5a8ea3a0d5762b1b51b8d46,a56957124aebce41,,86ac44b57128204b,B3,16,16,7fe30b1136,0,uav:shoreline,ok,bursty|uav_shoreline|bursty|rep0|seed20240909,8.0488
moderate,,nan,uav_shoreline,c038292581b2c9d499cf1d4ba0fcf6d80f42030bd5a8ea3a0d5762b1b51b8d46,a56957124aebce41,,d8b0b158de7fc5d0,B3,16,16,7fe30b1136,1,uav:shoreline,ok,moderate|uav_shoreline|moderate|rep1|seed20240909,8.5659
moderate,,nan,uav_shoreline,c038292581b2c9d499cf1d4ba0fcf6d80f42030bd5a8ea3a0d5762b1b51b8d46,a56957124aebce41,,0876774437651208,B3,16,16,7fe30b1136,4,uav:shoreline,ok,moderate|uav_shoreline|moderate|rep4|seed20240909,8.5351
harsh,,nan,uav_shoreline,c038292581b2c9d499cf1d4ba0fcf6d80f42030bd5a8ea3a0d5762b1b51b8d46,a56957124aebce41,,68ea1e19eb83402b,B3,16,16,7fe30b1136,0,uav:shoreline,ok,harsh|uav_shoreline|harsh|rep0|seed20240909,4.8072
harsh,,nan,uav_shoreline,c038292581b2c9d499cf1d4ba0fcf6d80f42030bd5a8ea3a0d5762b1b51b8d46,a56957124aebce41,,b4f7e49373116e32,B3,16,16,7fe30b1136,1,uav:shoreline,ok,harsh|uav_shoreline|harsh|rep1|seed20240909,4.8192
harsh,,nan,uav_shoreline,c038292581b2c9d499cf1d4ba0fcf6d80f42030bd5a8ea3a0d5762b1b51b8d46,a56957124aebce41,,29983c46cd80c950,B3,16,16,7fe30b1136,3,uav:shoreline,ok,harsh|uav_shoreline|harsh|rep3|seed20240909,4.9348
harsh,,nan,uav_shoreline,c038292581b2c9d499cf1d4ba0fcf6d80f42030bd5a8ea3a0d5762b1b51b8d46,a56957124aebce41,,18e0e5d988a328e4,B3,16,16,7fe30b1136,4,uav:shoreline,ok,harsh|uav_shoreline|harsh|rep4|seed20240909,4.809
harsh,,nan,uav_shoreline,c038292581b2c9d499cf1d4ba0fcf6d80f42030bd5a8ea3a0d5762b1b51b8d46,a56957124aebce41,,5846d31df9ed71a5,B3,16,16,7fe30b1136,2,uav:shoreline,ok,harsh|uav_shoreline|harsh|rep2|seed20240909,5.0753
clean,,nan,uav_shoreline,c038292581b2c9d499cf1d4ba0fcf6d80f42030bd5a8ea3a0d5762b1b51b8d46,a56957124aebce41,,f7f47e1a1ecc28dc,B4,16,16,7fe30b1136,0,uav:shoreline,ok,clean|uav_shoreline|clean|rep0|seed20240909,6.3017
bursty,,nan,uav_shoreline,c038292581b2c9d499cf1d4ba0fcf6d80f42030bd5a8ea3a0d5762b1b51b8d46,a56957124aebce41,,98e3429a550d829f,B3,16,16,7fe30b1136,1,uav:shoreline,ok,bursty|uav_shoreline|bursty|rep1|seed20240909,8.0866
bursty,,nan,uav_shoreline,c038292581b2c9d499cf1d4ba0fcf6d80f42030bd5a8ea3a0d5762b1b51b8d46,a56957124aebce41,,0cfce6e919102a49,B3,16,16,7fe30b1136,4,uav:shoreline,ok,bursty|uav_shoreline|bursty|rep4|seed20240909,8.7612
bursty,,nan,uav_shoreline,c038292581b2c9d499cf1d4ba0fcf6d80f42030bd5a8ea3a0d5762b1b51b8d46,a56957124aebce41,,df92d1faa60a7dc7,B3,16,16,7fe30b1136,2,uav:shoreline,ok,bursty|uav_shoreline|bursty|rep2|seed20240909,9.0186
clean,,nan,uav_shoreline,c038292581b2c9d499cf1d4ba0fcf6d80f42030bd5a8ea3a0d5762b1b51b8d46,a56957124aebce41,,a91be0ef3236f2a2,B4,16,16,7fe30b1136,1,uav:shoreline,ok,clean|uav_shoreline|clean|rep1|seed20240909,6.3956
bursty,,nan,uav_shoreline,c038292581b2c9d499cf1d4ba0fcf6d80f42030bd5a8ea3a0d5762b1b51b8d46,a56957124aebce41,,37488d9338d5710c,B3,16,16,7fe30b1136,3,uav:shoreline,ok,bursty|uav_shoreline|bursty|rep3|seed20240909,8.9554
clean,,nan,uav_shoreline,c038292581b2c9d499cf1d4ba0fcf6d80f42030bd5a8ea3a0d5762b1b51b8d46,a56957124aebce41,,024a7fedad3130c5,B4,16,16,7fe30b1136,2,uav:shoreline,ok,clean|uav_shoreline|clean|rep2|seed20240909,6.3105
clean,,nan,uav_shoreline,c038292581b2c9d499cf1d4ba0fcf6d80f42030bd5a8ea3a0d5762b1b51b8d46,a56957124aebce41,,3955f818e32a1795,B4,16,16,7fe30b1136,3,uav:shoreline,ok,clean|uav_shoreline|clean|rep3|seed20240909,6.4997
clean,,nan,uav_shoreline,c038292581b2c9d499cf1d4ba0fcf6d80f42030bd5a8ea3a0d5762b1b51b8d46,a56957124aebce41,,fe94003e7fe2ab97,B4,16,16,7fe30b1136,4,uav:shoreline,ok,clean|uav_shoreline|clean|rep4|seed20240909,6.5008
mild,,nan,uav_shoreline,c038292581b2c9d499cf1d4ba0fcf6d80f42030bd5a8ea3a0d5762b1b51b8d46,a56957124aebce41,,ea7bd89f0e11ecec,B4,16,16,7fe30b1136,1,uav:shoreline,ok,mild|uav_shoreline|mild|rep1|seed20240909,6.5737
mild,,nan,uav_shoreline,c038292581b2c9d499cf1d4ba0fcf6d80f42030bd5a8ea3a0d5762b1b51b8d46,a56957124aebce41,,47a4c694714f8377,B4,16,16,7fe30b1136,0,uav:shoreline,ok,mild|uav_shoreline|mild|rep0|seed20240909,6.7377
mild,,nan,uav_shoreline,c038292581b2c9d499cf1d4ba0fcf6d80f42030bd5a8ea3a0d5762b1b51b8d46,a56957124aebce41,,150b8fb7ab745493,B4,16,16,7fe30b1136,2,uav:shoreline,ok,mild|uav_shoreline|mild|rep2|seed20240909,6.9117
mild,,nan,uav_shoreline,c038292581b2c9d499cf1d4ba0fcf6d80f42030bd5a8ea3a0d5762b1b51b8d46,a56957124aebce41,,8efde605c242b14a,B4,16,16,7fe30b1136,3,uav:shoreline,ok,mild|uav_shoreline|mild|rep3|seed20240909,7.0581
mild,,nan,uav_shoreline,c038292581b2c9d499cf1d4ba0fcf6d80f42030bd5a8ea3a0d5762b1b51b8d46,a56957124aebce41,,dacfb80f59728943,B4,16,16,7fe30b1136,4,uav:shoreline,ok,mild|uav_shoreline|mild|rep4|seed20240909,6.7242
harsh,,nan,uav_shoreline,c038292581b2c9d499cf1d4ba0fcf6d80f42030bd5a8ea3a0d5762b1b51b8d46,a56957124aebce41,,002d8695cbbcbbbe,B4,16,16,7fe30b1136,0,uav:shoreline,ok,harsh|uav_shoreline|harsh|rep0|seed20240909,4.0974
harsh,,nan,uav_shoreline,c038292581b2c9d499cf1d4ba0fcf6d80f42030bd5a8ea3a0d5762b1b51b8d46,a56957124aebce41,,f95dd0a8666d89fd,B4,16,16,7fe30b1136,1,uav:shoreline,ok,harsh|uav_shoreline|harsh|rep1|seed20240909,3.9819
harsh,,nan,uav_shoreline,c038292581b2c9d499cf1d4ba0fcf6d80f42030bd5a8ea3a0d5762b1b51b8d46,a56957124aebce41,,d7f49dae8e130014,B4,16,16,7fe30b1136,2,uav:shoreline,ok,harsh|uav_shoreline|harsh|rep2|seed20240909,4.0536
harsh,,nan,uav_shoreline,c038292581b2c9d499cf1d4ba0fcf6d80f42030bd5a8ea3a0d5762b1b51b8d46,a56957124aebce41,,917ad2b33193c822,B4,16,16,7fe30b1136,3,uav:shoreline,ok,harsh|uav_shoreline|harsh|rep3|seed20240909,3.8757
moderate,,nan,uav_shoreline,c038292581b2c9d499cf1d4ba0fcf6d80f42030bd5a8ea3a0d5762b1b51b8d46,a56957124aebce41,,de562f7da55766ad,B4,16,16,7fe30b1136,0,uav:shoreline,ok,moderate|uav_shoreline|moderate|rep0|seed20240909,10.3113
harsh,,nan,uav_shoreline,c038292581b2c9d499cf1d4ba0fcf6d80f42030bd5a8ea3a0d5762b1b51b8d46,a56957124aebce41,,0f5c7ffe5e8f0e91,B4,16,16,7fe30b1136,4,uav:shoreline,ok,harsh|uav_shoreline|harsh|rep4|seed20240909,3.8643
moderate,,nan,uav_shoreline,c038292581b2c9d499cf1d4ba0fcf6d80f42030bd5a8ea3a0d5762b1b51b8d46,a56957124aebce41,,65a9a11474441d72,B4,16,16,7fe30b1136,1,uav:shoreline,ok,moderate|uav_shoreline|moderate|rep1|seed20240909,10.7681
moderate,,nan,uav_shoreline,c038292581b2c9d499cf1d4ba0fcf6d80f42030bd5a8ea3a0d5762b1b51b8d46,a56957124aebce41,,63a71539459acef9,B4,16,16,7fe30b1136,2,uav:shoreline,ok,moderate|uav_shoreline|moderate|rep2|seed20240909,9.9626
moderate,,nan,uav_shoreline,c038292581b2c9d499cf1d4ba0fcf6d80f42030bd5a8ea3a0d5762b1b51b8d46,a56957124aebce41,,9dcd49616fdccc1f,B4,16,16,7fe30b1136,3,uav:shoreline,ok,moderate|uav_shoreline|moderate|rep3|seed20240909,9.6829
bursty,,nan,uav_shoreline,c038292581b2c9d499cf1d4ba0fcf6d80f42030bd5a8ea3a0d5762b1b51b8d46,a56957124aebce41,,3c15f3b3aff7b73b,B4,16,16,7fe30b1136,1,uav:shoreline,ok,bursty|uav_shoreline|bursty|rep1|seed20240909,9.179
bursty,,nan,uav_shoreline,c038292581b2c9d499cf1d4ba0fcf6d80f42030bd5a8ea3a0d5762b1b51b8d46,a56957124aebce41,,9df7043d86e4ffd3,B4,16,16,7fe30b1136,0,uav:shoreline,ok,bursty|uav_shoreline|bursty|rep0|seed20240909,9.4788
moderate,,nan,uav_shoreline,c038292581b2c9d499cf1d4ba0fcf6d80f42030bd5a8ea3a0d5762b1b51b8d46,a56957124aebce41,,f81648f73e1d1f22,B4,16,16,7fe30b1136,4,uav:shoreline,ok,moderate|uav_shoreline|moderate|rep4|seed20240909,9.9831
bursty,,nan,uav_shoreline,c038292581b2c9d499cf1d4ba0fcf6d80f42030bd5a8ea3a0d5762b1b51b8d46,a56957124aebce41,,2dccd6129ec509cf,B4,16,16,7fe30b1136,4,uav:shoreline,ok,bursty|uav_shoreline|bursty|rep4|seed20240909,9.5995
bursty,,nan,uav_shoreline,c038292581b2c9d499cf1d4ba0fcf6d80f42030bd5a8ea3a0d5762b1b51b8d46,a56957124aebce41,,fca4766e3fdc8954,B4,16,16,7fe30b1136,2,uav:shoreline,ok,bursty|uav_shoreline|bursty|rep2|seed20240909,10.2253
bursty,,nan,uav_shoreline,c038292581b2c9d499cf1d4ba0fcf6d80f42030bd5a8ea3a0d5762b1b51b8d46,a56957124aebce41,,2ac150236c7a47f2,B4,16,16,7fe30b1136,3,uav:shoreline,ok,bursty|uav_shoreline|bursty|rep3|seed20240909,10.0235
clean,,nan,uav_shoreline,c038292581b2c9d499cf1d4ba0fcf6d80f42030bd5a8ea3a0d5762b1b51b8d46,a56957124aebce41,,f5995366f80edf2e,P,16,16,f6706417e8,0,uav:shoreline,ok,clean|uav_shoreline|clean|rep0|seed20240909,9.557
clean,,nan,uav_shoreline,c038292581b2c9d499cf1d4ba0fcf6d80f42030bd5a8ea3a0d5762b1b51b8d46,a56957124aebce41,,9078fe5af1cd31cf,P,16,16,f6706417e8,1,uav:shoreline,ok,clean|uav_shoreline|clean|rep1|seed20240909,9.9946
clean,,nan,uav_shoreline,c038292581b2c9d499cf1d4ba0fcf6d80f42030bd5a8ea3a0d5762b1b51b8d46,a56957124aebce41,,27d0f817f14a7c3f,P,16,16,f6706417e8,3,uav:shoreline,ok,clean|uav_shoreline|clean|rep3|seed20240909,9.855
clean,,nan,uav_shoreline,c038292581b2c9d499cf1d4ba0fcf6d80f42030bd5a8ea3a0d5762b1b51b8d46,a56957124aebce41,,782d39fb4c4026d6,P,16,16,f6706417e8,2,uav:shoreline,ok,clean|uav_shoreline|clean|rep2|seed20240909,10.244
clean,,nan,uav_shoreline,c038292581b2c9d499cf1d4ba0fcf6d80f42030bd5a8ea3a0d5762b1b51b8d46,a56957124aebce41,,7121171060d29fc2,P,16,16,f6706417e8,4,uav:shoreline,ok,clean|uav_shoreline|clean|rep4|seed20240909,11.2933
mild,,nan,uav_shoreline,c038292581b2c9d499cf1d4ba0fcf6d80f42030bd5a8ea3a0d5762b1b51b8d46,a56957124aebce41,,c834679bec0236a1,P,16,16,f6706417e8,0,uav:shoreline,ok,mild|uav_shoreline|mild|rep0|seed20240909,11.2293
mild,,nan,uav_shoreline,c038292581b2c9d499cf1d4ba0fcf6d80f42030bd5a8ea3a0d5762b1b51b8d46,a56957124aebce41,,120344c999801377,P,16,16,f6706417e8,2,uav:shoreline,ok,mild|uav_shoreline|mild|rep2|seed20240909,11.6585
mild,,nan,uav_shoreline,c038292581b2c9d499cf1d4ba0fcf6d80f42030bd5a8ea3a0d5762b1b51b8d46,a56957124aebce41,,0a21360421cb5001,P,16,16,f6706417e8,1,uav:shoreline,ok,mild|uav_shoreline|mild|rep1|seed20240909,12.4714
mild,,nan,uav_shoreline,c038292581b2c9d499cf1d4ba0fcf6d80f42030bd5a8ea3a0d5762b1b51b8d46,a56957124aebce41,,cc3255283130690a,P,16,16,f6706417e8,3,uav:shoreline,ok,mild|uav_shoreline|mild|rep3|seed20240909,12.2869
mild,,nan,uav_shoreline,c038292581b2c9d499cf1d4ba0fcf6d80f42030bd5a8ea3a0d5762b1b51b8d46,a56957124aebce41,,1d4cc474686a93be,P,16,16,f6706417e8,4,uav:shoreline,ok,mild|uav_shoreline|mild|rep4|seed20240909,12.0671
clean,,nan,uav_village,4d3145cb7811c418cc3fb757e62320ebdc63485d5ea41bff51347649fcc2160a,a56957124aebce41,,56c40f53a6ef6c64,B0a,16,16,7fe30b1136,0,uav:village,ok,clean|uav_village|clean|rep0|seed20240909,0.5276
clean,,nan,uav_village,4d3145cb7811c418cc3fb757e62320ebdc63485d5ea41bff51347649fcc2160a,a56957124aebce41,,360e395a29c861a0,B0a,16,16,7fe30b1136,1,uav:village,ok,clean|uav_village|clean|rep1|seed20240909,0.5576
clean,,nan,uav_village,4d3145cb7811c418cc3fb757e62320ebdc63485d5ea41bff51347649fcc2160a,a56957124aebce41,,1c944a6e7346193a,B0a,16,16,7fe30b1136,2,uav:village,ok,clean|uav_village|clean|rep2|seed20240909,0.5673
clean,,nan,uav_village,4d3145cb7811c418cc3fb757e62320ebdc63485d5ea41bff51347649fcc2160a,a56957124aebce41,,3b9680388b2c3b42,B0a,16,16,7fe30b1136,3,uav:village,ok,clean|uav_village|clean|rep3|seed20240909,0.5243
clean,,nan,uav_village,4d3145cb7811c418cc3fb757e62320ebdc63485d5ea41bff51347649fcc2160a,a56957124aebce41,,6be06f208b3814ef,B0a,16,16,7fe30b1136,4,uav:village,ok,clean|uav_village|clean|rep4|seed20240909,0.5475
mild,,nan,uav_village,4d3145cb7811c418cc3fb757e62320ebdc63485d5ea41bff51347649fcc2160a,a56957124aebce41,,5d97ea4cc5ad7518,B0a,16,16,7fe30b1136,0,uav:village,ok,mild|uav_village|mild|rep0|seed20240909,0.6746
mild,,nan,uav_village,4d3145cb7811c418cc3fb757e62320ebdc63485d5ea41bff51347649fcc2160a,a56957124aebce41,,8a773f3539d23fc0,B0a,16,16,7fe30b1136,1,uav:village,ok,mild|uav_village|mild|rep1|seed20240909,0.6449
harsh,,nan,uav_shoreline,c038292581b2c9d499cf1d4ba0fcf6d80f42030bd5a8ea3a0d5762b1b51b8d46,a56957124aebce41,,4c60daf40ea50863,P,16,16,f6706417e8,0,uav:shoreline,ok,harsh|uav_shoreline|harsh|rep0|seed20240909,6.5608
harsh,,nan,uav_shoreline,c038292581b2c9d499cf1d4ba0fcf6d80f42030bd5a8ea3a0d5762b1b51b8d46,a56957124aebce41,,7ecd777c2764c84a,P,16,16,f6706417e8,1,uav:shoreline,ok,harsh|uav_shoreline|harsh|rep1|seed20240909,6.5242
mild,,nan,uav_village,4d3145cb7811c418cc3fb757e62320ebdc63485d5ea41bff51347649fcc2160a,a56957124aebce41,,53a78d517509297d,B0a,16,16,7fe30b1136,2,uav:village,ok,mild|uav_village|mild|rep2|seed20240909,0.6569
mild,,nan,uav_village,4d3145cb7811c418cc3fb757e62320ebdc63485d5ea41bff51347649fcc2160a,a56957124aebce41,,b07ec7e749c69863,B0a,16,16,7fe30b1136,3,uav:village,ok,mild|uav_village|mild|rep3|seed20240909,0.7721
mild,,nan,uav_village,4d3145cb7811c418cc3fb757e62320ebdc63485d5ea41bff51347649fcc2160a,a56957124aebce41,,d5891d36e4c7362a,B0a,16,16,7fe30b1136,4,uav:village,ok,mild|uav_village|mild|rep4|seed20240909,0.7597
harsh,,nan,uav_shoreline,c038292581b2c9d499cf1d4ba0fcf6d80f42030bd5a8ea3a0d5762b1b51b8d46,a56957124aebce41,,b66201cc564dd6ba,P,16,16,f6706417e8,2,uav:shoreline,ok,harsh|uav_shoreline|harsh|rep2|seed20240909,6.4947
harsh,,nan,uav_shoreline,c038292581b2c9d499cf1d4ba0fcf6d80f42030bd5a8ea3a0d5762b1b51b8d46,a56957124aebce41,,774d15ef92e673e7,P,16,16,f6706417e8,3,uav:shoreline,ok,harsh|uav_shoreline|harsh|rep3|seed20240909,6.4152
moderate,,nan,uav_village,4d3145cb7811c418cc3fb757e62320ebdc63485d5ea41bff51347649fcc2160a,a56957124aebce41,,10f5799be58516b2,B0a,16,16,7fe30b1136,0,uav:village,ok,moderate|uav_village|moderate|rep0|seed20240909,0.786
moderate,,nan,uav_village,4d3145cb7811c418cc3fb757e62320ebdc63485d5ea41bff51347649fcc2160a,a56957124aebce41,,d6f0ffcf585c03e3,B0a,16,16,7fe30b1136,1,uav:village,ok,moderate|uav_village|moderate|rep1|seed20240909,0.824
moderate,,nan,uav_village,4d3145cb7811c418cc3fb757e62320ebdc63485d5ea41bff51347649fcc2160a,a56957124aebce41,,31ab5efa6ca5ee0b,B0a,16,16,7fe30b1136,2,uav:village,ok,moderate|uav_village|moderate|rep2|seed20240909,0.8022
moderate,,nan,uav_village,4d3145cb7811c418cc3fb757e62320ebdc63485d5ea41bff51347649fcc2160a,a56957124aebce41,,2e21ac13122db63f,B0a,16,16,7fe30b1136,3,uav:village,ok,moderate|uav_village|moderate|rep3|seed20240909,0.8112
harsh,,nan,uav_shoreline,c038292581b2c9d499cf1d4ba0fcf6d80f42030bd5a8ea3a0d5762b1b51b8d46,a56957124aebce41,,0fb420cd82dac78c,P,16,16,f6706417e8,4,uav:shoreline,ok,harsh|uav_shoreline|harsh|rep4|seed20240909,5.9689
bursty,,nan,uav_village,4d3145cb7811c418cc3fb757e62320ebdc63485d5ea41bff51347649fcc2160a,a56957124aebce41,,4f76129abc60c838,B0a,16,16,7fe30b1136,0,uav:village,ok,bursty|uav_village|bursty|rep0|seed20240909,0.6798
moderate,,nan,uav_village,4d3145cb7811c418cc3fb757e62320ebdc63485d5ea41bff51347649fcc2160a,a56957124aebce41,,9e9b0ac0a1f601e4,B0a,16,16,7fe30b1136,4,uav:village,ok,moderate|uav_village|moderate|rep4|seed20240909,0.868
bursty,,nan,uav_village,4d3145cb7811c418cc3fb757e62320ebdc63485d5ea41bff51347649fcc2160a,a56957124aebce41,,1549ece3a625307a,B0a,16,16,7fe30b1136,1,uav:village,ok,bursty|uav_village|bursty|rep1|seed20240909,0.7666
bursty,,nan,uav_village,4d3145cb7811c418cc3fb757e62320ebdc63485d5ea41bff51347649fcc2160a,a56957124aebce41,,677941e408b87f4d,B0a,16,16,7fe30b1136,2,uav:village,ok,bursty|uav_village|bursty|rep2|seed20240909,0.778
bursty,,nan,uav_village,4d3145cb7811c418cc3fb757e62320ebdc63485d5ea41bff51347649fcc2160a,a56957124aebce41,,e860c09660e714c7,B0a,16,16,7fe30b1136,3,uav:village,ok,bursty|uav_village|bursty|rep3|seed20240909,0.7947
bursty,,nan,uav_village,4d3145cb7811c418cc3fb757e62320ebdc63485d5ea41bff51347649fcc2160a,a56957124aebce41,,2f8ebfd5ac5ab599,B0a,16,16,7fe30b1136,4,uav:village,ok,bursty|uav_village|bursty|rep4|seed20240909,0.8008
harsh,,nan,uav_village,4d3145cb7811c418cc3fb757e62320ebdc63485d5ea41bff51347649fcc2160a,a56957124aebce41,,46a146d2f9a0b586,B0a,16,16,7fe30b1136,0,uav:village,ok,harsh|uav_village|harsh|rep0|seed20240909,0.7991
harsh,,nan,uav_village,4d3145cb7811c418cc3fb757e62320ebdc63485d5ea41bff51347649fcc2160a,a56957124aebce41,,e42284a394a965ae,B0a,16,16,7fe30b1136,1,uav:village,ok,harsh|uav_village|harsh|rep1|seed20240909,0.8359
harsh,,nan,uav_village,4d3145cb7811c418cc3fb757e62320ebdc63485d5ea41bff51347649fcc2160a,a56957124aebce41,,52c1f22c9f837d0f,B0a,16,16,7fe30b1136,2,uav:village,ok,harsh|uav_village|harsh|rep2|seed20240909,0.8107
harsh,,nan,uav_village,4d3145cb7811c418cc3fb757e62320ebdc63485d5ea41bff51347649fcc2160a,a56957124aebce41,,bb2e024134076c01,B0a,16,16,7fe30b1136,3,uav:village,ok,harsh|uav_village|harsh|rep3|seed20240909,0.7736
harsh,,nan,uav_village,4d3145cb7811c418cc3fb757e62320ebdc63485d5ea41bff51347649fcc2160a,a56957124aebce41,,8a7007b6a12094c1,B0a,16,16,7fe30b1136,4,uav:village,ok,harsh|uav_village|harsh|rep4|seed20240909,0.814
clean,,nan,uav_village,4d3145cb7811c418cc3fb757e62320ebdc63485d5ea41bff51347649fcc2160a,a56957124aebce41,,7cfc8b8c7131b6f8,B0a-R,16,16,7fe30b1136,0,uav:village,ok,clean|uav_village|clean|rep0|seed20240909,1.3567
bursty,,nan,uav_shoreline,c038292581b2c9d499cf1d4ba0fcf6d80f42030bd5a8ea3a0d5762b1b51b8d46,a56957124aebce41,,485e56a73e145641,P,16,16,f6706417e8,0,uav:shoreline,ok,bursty|uav_shoreline|bursty|rep0|seed20240909,18.57
moderate,,nan,uav_shoreline,c038292581b2c9d499cf1d4ba0fcf6d80f42030bd5a8ea3a0d5762b1b51b8d46,a56957124aebce41,,18cdcd9800312be6,P,16,16,f6706417e8,0,uav:shoreline,ok,moderate|uav_shoreline|moderate|rep0|seed20240909,19.7346
clean,,nan,uav_village,4d3145cb7811c418cc3fb757e62320ebdc63485d5ea41bff51347649fcc2160a,a56957124aebce41,,92c1c86557e8655f,B0a-R,16,16,7fe30b1136,1,uav:village,ok,clean|uav_village|clean|rep1|seed20240909,1.3906
moderate,,nan,uav_shoreline,c038292581b2c9d499cf1d4ba0fcf6d80f42030bd5a8ea3a0d5762b1b51b8d46,a56957124aebce41,,cfc68e6605f2663b,P,16,16,f6706417e8,1,uav:shoreline,ok,moderate|uav_shoreline|moderate|rep1|seed20240909,19.8327
moderate,,nan,uav_shoreline,c038292581b2c9d499cf1d4ba0fcf6d80f42030bd5a8ea3a0d5762b1b51b8d46,a56957124aebce41,,534242324325b332,P,16,16,f6706417e8,2,uav:shoreline,ok,moderate|uav_shoreline|moderate|rep2|seed20240909,19.4217
clean,,nan,uav_village,4d3145cb7811c418cc3fb757e62320ebdc63485d5ea41bff51347649fcc2160a,a56957124aebce41,,227a911da2fba232,B0a-R,16,16,7fe30b1136,2,uav:village,ok,clean|uav_village|clean|rep2|seed20240909,1.4517
clean,,nan,uav_village,4d3145cb7811c418cc3fb757e62320ebdc63485d5ea41bff51347649fcc2160a,a56957124aebce41,,ac4b751ea2947eaf,B0a-R,16,16,7fe30b1136,3,uav:village,ok,clean|uav_village|clean|rep3|seed20240909,1.4328
clean,,nan,uav_village,4d3145cb7811c418cc3fb757e62320ebdc63485d5ea41bff51347649fcc2160a,a56957124aebce41,,ccf46f27934919a5,B0a-R,16,16,7fe30b1136,4,uav:village,ok,clean|uav_village|clean|rep4|seed20240909,1.4244
moderate,,nan,uav_shoreline,c038292581b2c9d499cf1d4ba0fcf6d80f42030bd5a8ea3a0d5762b1b51b8d46,a56957124aebce41,,c05dc6473b67e5b0,P,16,16,f6706417e8,3,uav:shoreline,ok,moderate|uav_shoreline|moderate|rep3|seed20240909,19.7977
mild,,nan,uav_village,4d3145cb7811c418cc3fb757e62320ebdc63485d5ea41bff51347649fcc2160a,a56957124aebce41,,8eb54a24efc1c963,B0a-R,16,16,7fe30b1136,0,uav:village,ok,mild|uav_village|mild|rep0|seed20240909,1.8273
moderate,,nan,uav_shoreline,c038292581b2c9d499cf1d4ba0fcf6d80f42030bd5a8ea3a0d5762b1b51b8d46,a56957124aebce41,,4b913cb24056dcef,P,16,16,f6706417e8,4,uav:shoreline,ok,moderate|uav_shoreline|moderate|rep4|seed20240909,19.8983
mild,,nan,uav_village,4d3145cb7811c418cc3fb757e62320ebdc63485d5ea41bff51347649fcc2160a,a56957124aebce41,,b642c61d942a3ff6,B0a-R,16,16,7fe30b1136,4,uav:village,ok,mild|uav_village|mild|rep4|seed20240909,1.8693
mild,,nan,uav_village,4d3145cb7811c418cc3fb757e62320ebdc63485d5ea41bff51347649fcc2160a,a56957124aebce41,,8d1f94df7dcb9a33,B0a-R,16,16,7fe30b1136,1,uav:village,ok,mild|uav_village|mild|rep1|seed20240909,2.1059
mild,,nan,uav_village,4d3145cb7811c418cc3fb757e62320ebdc63485d5ea41bff51347649fcc2160a,a56957124aebce41,,3110a5791b6780f2,B0a-R,16,16,7fe30b1136,3,uav:village,ok,mild|uav_village|mild|rep3|seed20240909,2.1407
mild,,nan,uav_village,4d3145cb7811c418cc3fb757e62320ebdc63485d5ea41bff51347649fcc2160a,a56957124aebce41,,af2966433cd51f24,B0a-R,16,16,7fe30b1136,2,uav:village,ok,mild|uav_village|mild|rep2|seed20240909,2.1495
moderate,,nan,uav_village,4d3145cb7811c418cc3fb757e62320ebdc63485d5ea41bff51347649fcc2160a,a56957124aebce41,,df3fd9d5f2dd27aa,B0a-R,16,16,7fe30b1136,2,uav:village,ok,moderate|uav_village|moderate|rep2|seed20240909,2.2155
moderate,,nan,uav_village,4d3145cb7811c418cc3fb757e62320ebdc63485d5ea41bff51347649fcc2160a,a56957124aebce41,,d575aeba15df80b7,B0a-R,16,16,7fe30b1136,1,uav:village,ok,moderate|uav_village|moderate|rep1|seed20240909,2.2849
moderate,,nan,uav_village,4d3145cb7811c418cc3fb757e62320ebdc63485d5ea41bff51347649fcc2160a,a56957124aebce41,,674941baa1b92cae,B0a-R,16,16,7fe30b1136,0,uav:village,ok,moderate|uav_village|moderate|rep0|seed20240909,2.406
moderate,,nan,uav_village,4d3145cb7811c418cc3fb757e62320ebdc63485d5ea41bff51347649fcc2160a,a56957124aebce41,,9232614f4efe3a2a,B0a-R,16,16,7fe30b1136,4,uav:village,ok,moderate|uav_village|moderate|rep4|seed20240909,2.3336
moderate,,nan,uav_village,4d3145cb7811c418cc3fb757e62320ebdc63485d5ea41bff51347649fcc2160a,a56957124aebce41,,f9721ede08579aac,B0a-R,16,16,7fe30b1136,3,uav:village,ok,moderate|uav_village|moderate|rep3|seed20240909,2.4019
bursty,,nan,uav_village,4d3145cb7811c418cc3fb757e62320ebdc63485d5ea41bff51347649fcc2160a,a56957124aebce41,,7e138d2a51a2c673,B0a-R,16,16,7fe30b1136,1,uav:village,ok,bursty|uav_village|bursty|rep1|seed20240909,2.0062
bursty,,nan,uav_village,4d3145cb7811c418cc3fb757e62320ebdc63485d5ea41bff51347649fcc2160a,a56957124aebce41,,15c63112c957ea19,B0a-R,16,16,7fe30b1136,0,uav:village,ok,bursty|uav_village|bursty|rep0|seed20240909,2.284
bursty,,nan,uav_village,4d3145cb7811c418cc3fb757e62320ebdc63485d5ea41bff51347649fcc2160a,a56957124aebce41,,2be0f0a8c4a6a302,B0a-R,16,16,7fe30b1136,2,uav:village,ok,bursty|uav_village|bursty|rep2|seed20240909,2.198
bursty,,nan,uav_shoreline,c038292581b2c9d499cf1d4ba0fcf6d80f42030bd5a8ea3a0d5762b1b51b8d46,a56957124aebce41,,76dc68de7cac25b7,P,16,16,f6706417e8,2,uav:shoreline,ok,bursty|uav_shoreline|bursty|rep2|seed20240909,17.7733
bursty,,nan,uav_shoreline,c038292581b2c9d499cf1d4ba0fcf6d80f42030bd5a8ea3a0d5762b1b51b8d46,a56957124aebce41,,70a5fa22d7146dbb,P,16,16,f6706417e8,1,uav:shoreline,ok,bursty|uav_shoreline|bursty|rep1|seed20240909,19.6613
bursty,,nan,uav_village,4d3145cb7811c418cc3fb757e62320ebdc63485d5ea41bff51347649fcc2160a,a56957124aebce41,,679c8d4eccaf25d2,B0a-R,16,16,7fe30b1136,3,uav:village,ok,bursty|uav_village|bursty|rep3|seed20240909,2.0715
bursty,,nan,uav_village,4d3145cb7811c418cc3fb757e62320ebdc63485d5ea41bff51347649fcc2160a,a56957124aebce41,,30dcd9c759f535f9,B0a-R,16,16,7fe30b1136,4,uav:village,ok,bursty|uav_village|bursty|rep4|seed20240909,2.3331
harsh,,nan,uav_village,4d3145cb7811c418cc3fb757e62320ebdc63485d5ea41bff51347649fcc2160a,a56957124aebce41,,64d44b51e330327d,B0a-R,16,16,7fe30b1136,0,uav:village,ok,harsh|uav_village|harsh|rep0|seed20240909,2.4163
harsh,,nan,uav_village,4d3145cb7811c418cc3fb757e62320ebdc63485d5ea41bff51347649fcc2160a,a56957124aebce41,,ea55a661719af6ba,B0a-R,16,16,7fe30b1136,1,uav:village,ok,harsh|uav_village|harsh|rep1|seed20240909,2.4124
bursty,,nan,uav_shoreline,c038292581b2c9d499cf1d4ba0fcf6d80f42030bd5a8ea3a0d5762b1b51b8d46,a56957124aebce41,,cd14a99a163169ac,P,16,16,f6706417e8,4,uav:shoreline,ok,bursty|uav_shoreline|bursty|rep4|seed20240909,18.4094
bursty,,nan,uav_shoreline,c038292581b2c9d499cf1d4ba0fcf6d80f42030bd5a8ea3a0d5762b1b51b8d46,a56957124aebce41,,e201681d5005675c,P,16,16,f6706417e8,3,uav:shoreline,ok,bursty|uav_shoreline|bursty|rep3|seed20240909,18.7643
harsh,,nan,uav_village,4d3145cb7811c418cc3fb757e62320ebdc63485d5ea41bff51347649fcc2160a,a56957124aebce41,,d93ed3c8ee39d529,B0a-R,16,16,7fe30b1136,3,uav:village,ok,harsh|uav_village|harsh|rep3|seed20240909,2.3111
harsh,,nan,uav_village,4d3145cb7811c418cc3fb757e62320ebdc63485d5ea41bff51347649fcc2160a,a56957124aebce41,,91b321dbb6cb8ca4,B0a-R,16,16,7fe30b1136,2,uav:village,ok,harsh|uav_village|harsh|rep2|seed20240909,2.4509
harsh,,nan,uav_village,4d3145cb7811c418cc3fb757e62320ebdc63485d5ea41bff51347649fcc2160a,a56957124aebce41,,58ffefa0bb2d5822,B0a-R,16,16,7fe30b1136,4,uav:village,ok,harsh|uav_village|harsh|rep4|seed20240909,2.4636
clean,,nan,uav_village,4d3145cb7811c418cc3fb757e62320ebdc63485d5ea41bff51347649fcc2160a,a56957124aebce41,,b4ee6b61d6fcb344,B0d,16,16,7fe30b1136,1,uav:village,ok,clean|uav_village|clean|rep1|seed20240909,5.1807
clean,,nan,uav_village,4d3145cb7811c418cc3fb757e62320ebdc63485d5ea41bff51347649fcc2160a,a56957124aebce41,,91ed0cf27263967b,B0d,16,16,7fe30b1136,0,uav:village,ok,clean|uav_village|clean|rep0|seed20240909,5.3353
clean,,nan,uav_village,4d3145cb7811c418cc3fb757e62320ebdc63485d5ea41bff51347649fcc2160a,a56957124aebce41,,df9c7c3f789b79c1,B0d,16,16,7fe30b1136,2,uav:village,ok,clean|uav_village|clean|rep2|seed20240909,5.151
clean,,nan,uav_village,4d3145cb7811c418cc3fb757e62320ebdc63485d5ea41bff51347649fcc2160a,a56957124aebce41,,ec176873f9c03104,B0d,16,16,7fe30b1136,4,uav:village,ok,clean|uav_village|clean|rep4|seed20240909,5.0684
clean,,nan,uav_village,4d3145cb7811c418cc3fb757e62320ebdc63485d5ea41bff51347649fcc2160a,a56957124aebce41,,5de6dfc865832375,B0d,16,16,7fe30b1136,3,uav:village,ok,clean|uav_village|clean|rep3|seed20240909,5.2393
mild,,nan,uav_village,4d3145cb7811c418cc3fb757e62320ebdc63485d5ea41bff51347649fcc2160a,a56957124aebce41,,283bd8e27faaabb7,B0d,16,16,7fe30b1136,0,uav:village,ok,mild|uav_village|mild|rep0|seed20240909,5.5146
mild,,nan,uav_village,4d3145cb7811c418cc3fb757e62320ebdc63485d5ea41bff51347649fcc2160a,a56957124aebce41,,76b85d045163c8e8,B0d,16,16,7fe30b1136,1,uav:village,ok,mild|uav_village|mild|rep1|seed20240909,5.3831
mild,,nan,uav_village,4d3145cb7811c418cc3fb757e62320ebdc63485d5ea41bff51347649fcc2160a,a56957124aebce41,,f003237f2fe66aee,B0d,16,16,7fe30b1136,2,uav:village,ok,mild|uav_village|mild|rep2|seed20240909,5.2607
mild,,nan,uav_village,4d3145cb7811c418cc3fb757e62320ebdc63485d5ea41bff51347649fcc2160a,a56957124aebce41,,3dc6c1a6734b3a3d,B0d,16,16,7fe30b1136,3,uav:village,ok,mild|uav_village|mild|rep3|seed20240909,5.3411
mild,,nan,uav_village,4d3145cb7811c418cc3fb757e62320ebdc63485d5ea41bff51347649fcc2160a,a56957124aebce41,,876207d445b12387,B0d,16,16,7fe30b1136,4,uav:village,ok,mild|uav_village|mild|rep4|seed20240909,5.3523
clean,,nan,uav_village,4d3145cb7811c418cc3fb757e62320ebdc63485d5ea41bff51347649fcc2160a,a56957124aebce41,,e78f26890582d739,B1,16,16,7fe30b1136,0,uav:village,ok,clean|uav_village|clean|rep0|seed20240909,0.5044
clean,,nan,uav_village,4d3145cb7811c418cc3fb757e62320ebdc63485d5ea41bff51347649fcc2160a,a56957124aebce41,,c584a88d538fb3e6,B1,16,16,7fe30b1136,1,uav:village,ok,clean|uav_village|clean|rep1|seed20240909,0.4779
clean,,nan,uav_village,4d3145cb7811c418cc3fb757e62320ebdc63485d5ea41bff51347649fcc2160a,a56957124aebce41,,356ce12242ca5bc6,B1,16,16,7fe30b1136,2,uav:village,ok,clean|uav_village|clean|rep2|seed20240909,0.4722
harsh,,nan,uav_village,4d3145cb7811c418cc3fb757e62320ebdc63485d5ea41bff51347649fcc2160a,a56957124aebce41,,fa084350d241d78e,B0d,16,16,7fe30b1136,0,uav:village,ok,harsh|uav_village|harsh|rep0|seed20240909,3.277
clean,,nan,uav_village,4d3145cb7811c418cc3fb757e62320ebdc63485d5ea41bff51347649fcc2160a,a56957124aebce41,,4dceae0e2e7edc1d,B1,16,16,7fe30b1136,3,uav:village,ok,clean|uav_village|clean|rep3|seed20240909,0.5053
clean,,nan,uav_village,4d3145cb7811c418cc3fb757e62320ebdc63485d5ea41bff51347649fcc2160a,a56957124aebce41,,979efb9e4a4c8520,B1,16,16,7fe30b1136,4,uav:village,ok,clean|uav_village|clean|rep4|seed20240909,0.5045
moderate,,nan,uav_village,4d3145cb7811c418cc3fb757e62320ebdc63485d5ea41bff51347649fcc2160a,a56957124aebce41,,39c1c7d7a104bfc7,B0d,16,16,7fe30b1136,0,uav:village,ok,moderate|uav_village|moderate|rep0|seed20240909,7.8097
harsh,,nan,uav_village,4d3145cb7811c418cc3fb757e62320ebdc63485d5ea41bff51347649fcc2160a,a56957124aebce41,,f9f72956ea7e2107,B0d,16,16,7fe30b1136,2,uav:village,ok,harsh|uav_village|harsh|rep2|seed20240909,3.1072
harsh,,nan,uav_village,4d3145cb7811c418cc3fb757e62320ebdc63485d5ea41bff51347649fcc2160a,a56957124aebce41,,4bb31b5e6a232128,B0d,16,16,7fe30b1136,3,uav:village,ok,harsh|uav_village|harsh|rep3|seed20240909,3.0675
harsh,,nan,uav_village,4d3145cb7811c418cc3fb757e62320ebdc63485d5ea41bff51347649fcc2160a,a56957124aebce41,,74b550483d24156d,B0d,16,16,7fe30b1136,1,uav:village,ok,harsh|uav_village|harsh|rep1|seed20240909,3.2548
mild,,nan,uav_village,4d3145cb7811c418cc3fb757e62320ebdc63485d5ea41bff51347649fcc2160a,a56957124aebce41,,c80d4b2a07fd9944,B1,16,16,7fe30b1136,0,uav:village,ok,mild|uav_village|mild|rep0|seed20240909,0.6987
harsh,,nan,uav_village,4d3145cb7811c418cc3fb757e62320ebdc63485d5ea41bff51347649fcc2160a,a56957124aebce41,,f79bf02ad0df55f5,B0d,16,16,7fe30b1136,4,uav:village,ok,harsh|uav_village|harsh|rep4|seed20240909,3.0906
moderate,,nan,uav_village,4d3145cb7811c418cc3fb757e62320ebdc63485d5ea41bff51347649fcc2160a,a56957124aebce41,,5ebc8c93a12a1981,B0d,16,16,7fe30b1136,2,uav:village,ok,moderate|uav_village|moderate|rep2|seed20240909,8.0541
bursty,,nan,uav_village,4d3145cb7811c418cc3fb757e62320ebdc63485d5ea41bff51347649fcc2160a,a56957124aebce41,,93607894c4e0808f,B0d,16,16,7fe30b1136,0,uav:village,ok,bursty|uav_village|bursty|rep0|seed20240909,7.6579
mild,,nan,uav_village,4d3145cb7811c418cc3fb757e62320ebdc63485d5ea41bff51347649fcc2160a,a56957124aebce41,,8d7dff72af51ca3b,B1,16,16,7fe30b1136,1,uav:village,ok,mild|uav_village|mild|rep1|seed20240909,0.6882
moderate,,nan,uav_village,4d3145cb7811c418cc3fb757e62320ebdc63485d5ea41bff51347649fcc2160a,a56957124aebce41,,97b2c5b88d4f5e65,B0d,16,16,7fe30b1136,3,uav:village,ok,moderate|uav_village|moderate|rep3|seed20240909,8.0581
mild,,nan,uav_village,4d3145cb7811c418cc3fb757e62320ebdc63485d5ea41bff51347649fcc2160a,a56957124aebce41,,f86251ae103032bb,B1,16,16,7fe30b1136,2,uav:village,ok,mild|uav_village|mild|rep2|seed20240909,0.7258
mild,,nan,uav_village,4d3145cb7811c418cc3fb757e62320ebdc63485d5ea41bff51347649fcc2160a,a56957124aebce41,,65f1ac0d268de624,B1,16,16,7fe30b1136,4,uav:village,ok,mild|uav_village|mild|rep4|seed20240909,0.6834
moderate,,nan,uav_village,4d3145cb7811c418cc3fb757e62320ebdc63485d5ea41bff51347649fcc2160a,a56957124aebce41,,6eb35638f90692b6,B0d,16,16,7fe30b1136,1,uav:village,ok,moderate|uav_village|moderate|rep1|seed20240909,8.4402
mild,,nan,uav_village,4d3145cb7811c418cc3fb757e62320ebdc63485d5ea41bff51347649fcc2160a,a56957124aebce41,,5248a07d8c392141,B1,16,16,7fe30b1136,3,uav:village,ok,mild|uav_village|mild|rep3|seed20240909,0.7688
moderate,,nan,uav_village,4d3145cb7811c418cc3fb757e62320ebdc63485d5ea41bff51347649fcc2160a,a56957124aebce41,,0797cc5bcea39520,B1,16,16,7fe30b1136,0,uav:village,ok,moderate|uav_village|moderate|rep0|seed20240909,0.7918
moderate,,nan,uav_village,4d3145cb7811c418cc3fb757e62320ebdc63485d5ea41bff51347649fcc2160a,a56957124aebce41,,27c9596f6ac9a0aa,B1,16,16,7fe30b1136,1,uav:village,ok,moderate|uav_village|moderate|rep1|seed20240909,0.8307
moderate,,nan,uav_village,4d3145cb7811c418cc3fb757e62320ebdc63485d5ea41bff51347649fcc2160a,a56957124aebce41,,917998bbc06b5098,B1,16,16,7fe30b1136,2,uav:village,ok,moderate|uav_village|moderate|rep2|seed20240909,0.7949
moderate,,nan,uav_village,4d3145cb7811c418cc3fb757e62320ebdc63485d5ea41bff51347649fcc2160a,a56957124aebce41,,0260d672d49ca6f5,B1,16,16,7fe30b1136,3,uav:village,ok,moderate|uav_village|moderate|rep3|seed20240909,0.7975
moderate,,nan,uav_village,4d3145cb7811c418cc3fb757e62320ebdc63485d5ea41bff51347649fcc2160a,a56957124aebce41,,989ca81e85a343b4,B1,16,16,7fe30b1136,4,uav:village,ok,moderate|uav_village|moderate|rep4|seed20240909,0.8523
bursty,,nan,uav_village,4d3145cb7811c418cc3fb757e62320ebdc63485d5ea41bff51347649fcc2160a,a56957124aebce41,,b876f943671c6aa3,B1,16,16,7fe30b1136,3,uav:village,ok,bursty|uav_village|bursty|rep3|seed20240909,0.6264
bursty,,nan,uav_village,4d3145cb7811c418cc3fb757e62320ebdc63485d5ea41bff51347649fcc2160a,a56957124aebce41,,5f66ec4eed5cb1e5,B1,16,16,7fe30b1136,1,uav:village,ok,bursty|uav_village|bursty|rep1|seed20240909,0.7698
bursty,,nan,uav_village,4d3145cb7811c418cc3fb757e62320ebdc63485d5ea41bff51347649fcc2160a,a56957124aebce41,,ef1312a3e0178d05,B1,16,16,7fe30b1136,0,uav:village,ok,bursty|uav_village|bursty|rep0|seed20240909,0.7959
bursty,,nan,uav_village,4d3145cb7811c418cc3fb757e62320ebdc63485d5ea41bff51347649fcc2160a,a56957124aebce41,,7d73435186e63b01,B1,16,16,7fe30b1136,2,uav:village,ok,bursty|uav_village|bursty|rep2|seed20240909,0.7958
bursty,,nan,uav_village,4d3145cb7811c418cc3fb757e62320ebdc63485d5ea41bff51347649fcc2160a,a56957124aebce41,,540ffacdf1384bd9,B1,16,16,7fe30b1136,4,uav:village,ok,bursty|uav_village|bursty|rep4|seed20240909,0.7395
moderate,,nan,uav_village,4d3145cb7811c418cc3fb757e62320ebdc63485d5ea41bff51347649fcc2160a,a56957124aebce41,,4a33190841ddbc55,B0d,16,16,7fe30b1136,4,uav:village,ok,moderate|uav_village|moderate|rep4|seed20240909,8.8329
harsh,,nan,uav_village,4d3145cb7811c418cc3fb757e62320ebdc63485d5ea41bff51347649fcc2160a,a56957124aebce41,,5a8960f6c835c599,B1,16,16,7fe30b1136,0,uav:village,ok,harsh|uav_village|harsh|rep0|seed20240909,0.8797
harsh,,nan,uav_village,4d3145cb7811c418cc3fb757e62320ebdc63485d5ea41bff51347649fcc2160a,a56957124aebce41,,6d1fdb8e61728f3c,B1,16,16,7fe30b1136,1,uav:village,ok,harsh|uav_village|harsh|rep1|seed20240909,0.8765
harsh,,nan,uav_village,4d3145cb7811c418cc3fb757e62320ebdc63485d5ea41bff51347649fcc2160a,a56957124aebce41,,659dc7bbf51aa35f,B1,16,16,7fe30b1136,2,uav:village,ok,harsh|uav_village|harsh|rep2|seed20240909,0.8805
clean,,nan,uav_village,4d3145cb7811c418cc3fb757e62320ebdc63485d5ea41bff51347649fcc2160a,a56957124aebce41,,a1213ff7e26dffec,B2,16,16,7fe30b1136,1,uav:village,ok,clean|uav_village|clean|rep1|seed20240909,0.5965
clean,,nan,uav_village,4d3145cb7811c418cc3fb757e62320ebdc63485d5ea41bff51347649fcc2160a,a56957124aebce41,,ea5a8bd9d3d71d7e,B2,16,16,7fe30b1136,2,uav:village,ok,clean|uav_village|clean|rep2|seed20240909,0.6267
clean,,nan,uav_village,4d3145cb7811c418cc3fb757e62320ebdc63485d5ea41bff51347649fcc2160a,a56957124aebce41,,8222b1b83d8fbc9d,B2,16,16,7fe30b1136,0,uav:village,ok,clean|uav_village|clean|rep0|seed20240909,0.7061
harsh,,nan,uav_village,4d3145cb7811c418cc3fb757e62320ebdc63485d5ea41bff51347649fcc2160a,a56957124aebce41,,ae9da846efc1b6ef,B1,16,16,7fe30b1136,3,uav:village,ok,harsh|uav_village|harsh|rep3|seed20240909,0.874
clean,,nan,uav_village,4d3145cb7811c418cc3fb757e62320ebdc63485d5ea41bff51347649fcc2160a,a56957124aebce41,,7f600aa8a31809b8,B2,16,16,7fe30b1136,3,uav:village,ok,clean|uav_village|clean|rep3|seed20240909,0.698
clean,,nan,uav_village,4d3145cb7811c418cc3fb757e62320ebdc63485d5ea41bff51347649fcc2160a,a56957124aebce41,,055f19f5916b9cf9,B2,16,16,7fe30b1136,4,uav:village,ok,clean|uav_village|clean|rep4|seed20240909,0.6525
harsh,,nan,uav_village,4d3145cb7811c418cc3fb757e62320ebdc63485d5ea41bff51347649fcc2160a,a56957124aebce41,,d443dedffae14cda,B1,16,16,7fe30b1136,4,uav:village,ok,harsh|uav_village|harsh|rep4|seed20240909,0.8813
mild,,nan,uav_village,4d3145cb7811c418cc3fb757e62320ebdc63485d5ea41bff51347649fcc2160a,a56957124aebce41,,95368638342ec6c6,B2,16,16,7fe30b1136,0,uav:village,ok,mild|uav_village|mild|rep0|seed20240909,0.7798
mild,,nan,uav_village,4d3145cb7811c418cc3fb757e62320ebdc63485d5ea41bff51347649fcc2160a,a56957124aebce41,,27b165572d560675,B2,16,16,7fe30b1136,1,uav:village,ok,mild|uav_village|mild|rep1|seed20240909,0.8727
mild,,nan,uav_village,4d3145cb7811c418cc3fb757e62320ebdc63485d5ea41bff51347649fcc2160a,a56957124aebce41,,f25b811dd395d28f,B2,16,16,7fe30b1136,2,uav:village,ok,mild|uav_village|mild|rep2|seed20240909,0.845
mild,,nan,uav_village,4d3145cb7811c418cc3fb757e62320ebdc63485d5ea41bff51347649fcc2160a,a56957124aebce41,,d4c95bd519f63959,B2,16,16,7fe30b1136,3,uav:village,ok,mild|uav_village|mild|rep3|seed20240909,0.8941
mild,,nan,uav_village,4d3145cb7811c418cc3fb757e62320ebdc63485d5ea41bff51347649fcc2160a,a56957124aebce41,,0dc36f48b7e64b63,B2,16,16,7fe30b1136,4,uav:village,ok,mild|uav_village|mild|rep4|seed20240909,0.9088
moderate,,nan,uav_village,4d3145cb7811c418cc3fb757e62320ebdc63485d5ea41bff51347649fcc2160a,a56957124aebce41,,586f7b3fc8eaadda,B2,16,16,7fe30b1136,0,uav:village,ok,moderate|uav_village|moderate|rep0|seed20240909,0.9578
bursty,,nan,uav_village,4d3145cb7811c418cc3fb757e62320ebdc63485d5ea41bff51347649fcc2160a,a56957124aebce41,,5345c5fc38b1a74f,B2,16,16,7fe30b1136,1,uav:village,ok,bursty|uav_village|bursty|rep1|seed20240909,0.8598
moderate,,nan,uav_village,4d3145cb7811c418cc3fb757e62320ebdc63485d5ea41bff51347649fcc2160a,a56957124aebce41,,2a3e918f4c8cb274,B2,16,16,7fe30b1136,1,uav:village,ok,moderate|uav_village|moderate|rep1|seed20240909,0.9859
bursty,,nan,uav_village,4d3145cb7811c418cc3fb757e62320ebdc63485d5ea41bff51347649fcc2160a,a56957124aebce41,,b30d45c881efc10d,B2,16,16,7fe30b1136,0,uav:village,ok,bursty|uav_village|bursty|rep0|seed20240909,0.9104
moderate,,nan,uav_village,4d3145cb7811c418cc3fb757e62320ebdc63485d5ea41bff51347649fcc2160a,a56957124aebce41,,ee252223098c79cf,B2,16,16,7fe30b1136,3,uav:village,ok,moderate|uav_village|moderate|rep3|seed20240909,0.9603
moderate,,nan,uav_village,4d3145cb7811c418cc3fb757e62320ebdc63485d5ea41bff51347649fcc2160a,a56957124aebce41,,1b898ab4e7bef08f,B2,16,16,7fe30b1136,2,uav:village,ok,moderate|uav_village|moderate|rep2|seed20240909,0.9992
moderate,,nan,uav_village,4d3145cb7811c418cc3fb757e62320ebdc63485d5ea41bff51347649fcc2160a,a56957124aebce41,,5eda0fc5599e0424,B2,16,16,7fe30b1136,4,uav:village,ok,moderate|uav_village|moderate|rep4|seed20240909,0.9837
bursty,,nan,uav_village,4d3145cb7811c418cc3fb757e62320ebdc63485d5ea41bff51347649fcc2160a,a56957124aebce41,,e51f8d2580d2af46,B2,16,16,7fe30b1136,2,uav:village,ok,bursty|uav_village|bursty|rep2|seed20240909,0.8372
bursty,,nan,uav_village,4d3145cb7811c418cc3fb757e62320ebdc63485d5ea41bff51347649fcc2160a,a56957124aebce41,,b9a86c43bfa6023d,B2,16,16,7fe30b1136,3,uav:village,ok,bursty|uav_village|bursty|rep3|seed20240909,0.8841
bursty,,nan,uav_village,4d3145cb7811c418cc3fb757e62320ebdc63485d5ea41bff51347649fcc2160a,a56957124aebce41,,8c795eef37645dc9,B2,16,16,7fe30b1136,4,uav:village,ok,bursty|uav_village|bursty|rep4|seed20240909,0.8682
harsh,,nan,uav_village,4d3145cb7811c418cc3fb757e62320ebdc63485d5ea41bff51347649fcc2160a,a56957124aebce41,,e9633445a6843088,B2,16,16,7fe30b1136,0,uav:village,ok,harsh|uav_village|harsh|rep0|seed20240909,0.9157
harsh,,nan,uav_village,4d3145cb7811c418cc3fb757e62320ebdc63485d5ea41bff51347649fcc2160a,a56957124aebce41,,aa550e019211a8f8,B2,16,16,7fe30b1136,1,uav:village,ok,harsh|uav_village|harsh|rep1|seed20240909,0.9483
harsh,,nan,uav_village,4d3145cb7811c418cc3fb757e62320ebdc63485d5ea41bff51347649fcc2160a,a56957124aebce41,,4f82f67fb49ea1e2,B2,16,16,7fe30b1136,2,uav:village,ok,harsh|uav_village|harsh|rep2|seed20240909,0.851
harsh,,nan,uav_village,4d3145cb7811c418cc3fb757e62320ebdc63485d5ea41bff51347649fcc2160a,a56957124aebce41,,104db5bdabc79722,B2,16,16,7fe30b1136,3,uav:village,ok,harsh|uav_village|harsh|rep3|seed20240909,0.8672
harsh,,nan,uav_village,4d3145cb7811c418cc3fb757e62320ebdc63485d5ea41bff51347649fcc2160a,a56957124aebce41,,68c29529ddbbd2e4,B2,16,16,7fe30b1136,4,uav:village,ok,harsh|uav_village|harsh|rep4|seed20240909,0.8753
bursty,,nan,uav_village,4d3145cb7811c418cc3fb757e62320ebdc63485d5ea41bff51347649fcc2160a,a56957124aebce41,,99466a0e0e6a5b1b,B0d,16,16,7fe30b1136,3,uav:village,ok,bursty|uav_village|bursty|rep3|seed20240909,7.9732
bursty,,nan,uav_village,4d3145cb7811c418cc3fb757e62320ebdc63485d5ea41bff51347649fcc2160a,a56957124aebce41,,eb06110080c4d9af,B0d,16,16,7fe30b1136,1,uav:village,ok,bursty|uav_village|bursty|rep1|seed20240909,8.8121
bursty,,nan,uav_village,4d3145cb7811c418cc3fb757e62320ebdc63485d5ea41bff51347649fcc2160a,a56957124aebce41,,a28138f5cfdc0162,B0d,16,16,7fe30b1136,2,uav:village,ok,bursty|uav_village|bursty|rep2|seed20240909,8.9223
bursty,,nan,uav_village,4d3145cb7811c418cc3fb757e62320ebdc63485d5ea41bff51347649fcc2160a,a56957124aebce41,,08645134ffe567c7,B0d,16,16,7fe30b1136,4,uav:village,ok,bursty|uav_village|bursty|rep4|seed20240909,8.8701
clean,,nan,uav_village,4d3145cb7811c418cc3fb757e62320ebdc63485d5ea41bff51347649fcc2160a,a56957124aebce41,,ea7bfaf5485f2b27,B3,16,16,7fe30b1136,2,uav:village,ok,clean|uav_village|clean|rep2|seed20240909,6.2712
clean,,nan,uav_village,4d3145cb7811c418cc3fb757e62320ebdc63485d5ea41bff51347649fcc2160a,a56957124aebce41,,247273386f33b93d,B3,16,16,7fe30b1136,4,uav:village,ok,clean|uav_village|clean|rep4|seed20240909,6.3039
clean,,nan,uav_village,4d3145cb7811c418cc3fb757e62320ebdc63485d5ea41bff51347649fcc2160a,a56957124aebce41,,fd016db467f9bf71,B3,16,16,7fe30b1136,3,uav:village,ok,clean|uav_village|clean|rep3|seed20240909,6.3558
clean,,nan,uav_village,4d3145cb7811c418cc3fb757e62320ebdc63485d5ea41bff51347649fcc2160a,a56957124aebce41,,eba53e238fe7a248,B3,16,16,7fe30b1136,0,uav:village,ok,clean|uav_village|clean|rep0|seed20240909,6.4682
clean,,nan,uav_village,4d3145cb7811c418cc3fb757e62320ebdc63485d5ea41bff51347649fcc2160a,a56957124aebce41,,b8eed832036c7ba1,B3,16,16,7fe30b1136,1,uav:village,ok,clean|uav_village|clean|rep1|seed20240909,6.7757
mild,,nan,uav_village,4d3145cb7811c418cc3fb757e62320ebdc63485d5ea41bff51347649fcc2160a,a56957124aebce41,,1c22eb50e7d64071,B3,16,16,7fe30b1136,0,uav:village,ok,mild|uav_village|mild|rep0|seed20240909,6.7931
mild,,nan,uav_village,4d3145cb7811c418cc3fb757e62320ebdc63485d5ea41bff51347649fcc2160a,a56957124aebce41,,f71b2c752c0a0ee9,B3,16,16,7fe30b1136,1,uav:village,ok,mild|uav_village|mild|rep1|seed20240909,6.909
mild,,nan,uav_village,4d3145cb7811c418cc3fb757e62320ebdc63485d5ea41bff51347649fcc2160a,a56957124aebce41,,f293988f7f7c1e51,B3,16,16,7fe30b1136,4,uav:village,ok,mild|uav_village|mild|rep4|seed20240909,6.8871
mild,,nan,uav_village,4d3145cb7811c418cc3fb757e62320ebdc63485d5ea41bff51347649fcc2160a,a56957124aebce41,,db66da076c3dbcc5,B3,16,16,7fe30b1136,2,uav:village,ok,mild|uav_village|mild|rep2|seed20240909,7.1839
mild,,nan,uav_village,4d3145cb7811c418cc3fb757e62320ebdc63485d5ea41bff51347649fcc2160a,a56957124aebce41,,3ae428843f4701e4,B3,16,16,7fe30b1136,3,uav:village,ok,mild|uav_village|mild|rep3|seed20240909,7.3254
moderate,,nan,uav_village,4d3145cb7811c418cc3fb757e62320ebdc63485d5ea41bff51347649fcc2160a,a56957124aebce41,,35ae23bce8afcf53,B3,16,16,7fe30b1136,0,uav:village,ok,moderate|uav_village|moderate|rep0|seed20240909,9.521
bursty,,nan,uav_village,4d3145cb7811c418cc3fb757e62320ebdc63485d5ea41bff51347649fcc2160a,a56957124aebce41,,9443c7cce4dd73a8,B3,16,16,7fe30b1136,0,uav:village,ok,bursty|uav_village|bursty|rep0|seed20240909,9.4043
moderate,,nan,uav_village,4d3145cb7811c418cc3fb757e62320ebdc63485d5ea41bff51347649fcc2160a,a56957124aebce41,,2aabcf625b609847,B3,16,16,7fe30b1136,1,uav:village,ok,moderate|uav_village|moderate|rep1|seed20240909,10.5233
moderate,,nan,uav_village,4d3145cb7811c418cc3fb757e62320ebdc63485d5ea41bff51347649fcc2160a,a56957124aebce41,,63922e8e76869365,B3,16,16,7fe30b1136,2,uav:village,ok,moderate|uav_village|moderate|rep2|seed20240909,10.951
moderate,,nan,uav_village,4d3145cb7811c418cc3fb757e62320ebdc63485d5ea41bff51347649fcc2160a,a56957124aebce41,,665c1f105616bda7,B3,16,16,7fe30b1136,4,uav:village,ok,moderate|uav_village|moderate|rep4|seed20240909,10.8047
moderate,,nan,uav_village,4d3145cb7811c418cc3fb757e62320ebdc63485d5ea41bff51347649fcc2160a,a56957124aebce41,,7f4ab8fdd38c146a,B3,16,16,7fe30b1136,3,uav:village,ok,moderate|uav_village|moderate|rep3|seed20240909,11.1128
harsh,,nan,uav_village,4d3145cb7811c418cc3fb757e62320ebdc63485d5ea41bff51347649fcc2160a,a56957124aebce41,,1bf5f701fef659ea,B3,16,16,7fe30b1136,4,uav:village,ok,harsh|uav_village|harsh|rep4|seed20240909,6.3825
harsh,,nan,uav_village,4d3145cb7811c418cc3fb757e62320ebdc63485d5ea41bff51347649fcc2160a,a56957124aebce41,,28365e23288e96c3,B3,16,16,7fe30b1136,3,uav:village,ok,harsh|uav_village|harsh|rep3|seed20240909,6.5107
harsh,,nan,uav_village,4d3145cb7811c418cc3fb757e62320ebdc63485d5ea41bff51347649fcc2160a,a56957124aebce41,,bc8281e681e40606,B3,16,16,7fe30b1136,1,uav:village,ok,harsh|uav_village|harsh|rep1|seed20240909,7.1405
harsh,,nan,uav_village,4d3145cb7811c418cc3fb757e62320ebdc63485d5ea41bff51347649fcc2160a,a56957124aebce41,,b0f1a3385398365b,B3,16,16,7fe30b1136,0,uav:village,ok,harsh|uav_village|harsh|rep0|seed20240909,7.4312
harsh,,nan,uav_village,4d3145cb7811c418cc3fb757e62320ebdc63485d5ea41bff51347649fcc2160a,a56957124aebce41,,6096c62bfe635c75,B3,16,16,7fe30b1136,2,uav:village,ok,harsh|uav_village|harsh|rep2|seed20240909,7.0664
clean,,nan,uav_village,4d3145cb7811c418cc3fb757e62320ebdc63485d5ea41bff51347649fcc2160a,a56957124aebce41,,73f26a3c1b3f3927,B4,16,16,7fe30b1136,0,uav:village,ok,clean|uav_village|clean|rep0|seed20240909,7.4869
bursty,,nan,uav_village,4d3145cb7811c418cc3fb757e62320ebdc63485d5ea41bff51347649fcc2160a,a56957124aebce41,,0ba895f6654eea50,B3,16,16,7fe30b1136,3,uav:village,ok,bursty|uav_village|bursty|rep3|seed20240909,10.0712
clean,,nan,uav_village,4d3145cb7811c418cc3fb757e62320ebdc63485d5ea41bff51347649fcc2160a,a56957124aebce41,,6a789a772ff5d741,B4,16,16,7fe30b1136,1,uav:village,ok,clean|uav_village|clean|rep1|seed20240909,6.4244
clean,,nan,uav_village,4d3145cb7811c418cc3fb757e62320ebdc63485d5ea41bff51347649fcc2160a,a56957124aebce41,,7a2e824f6cf49f5d,B4,16,16,7fe30b1136,2,uav:village,ok,clean|uav_village|clean|rep2|seed20240909,5.9636
bursty,,nan,uav_village,4d3145cb7811c418cc3fb757e62320ebdc63485d5ea41bff51347649fcc2160a,a56957124aebce41,,3388a1b58c513c97,B3,16,16,7fe30b1136,4,uav:village,ok,bursty|uav_village|bursty|rep4|seed20240909,11.0126
bursty,,nan,uav_village,4d3145cb7811c418cc3fb757e62320ebdc63485d5ea41bff51347649fcc2160a,a56957124aebce41,,ddbcde49bd8874cc,B3,16,16,7fe30b1136,1,uav:village,ok,bursty|uav_village|bursty|rep1|seed20240909,11.2042
clean,,nan,uav_village,4d3145cb7811c418cc3fb757e62320ebdc63485d5ea41bff51347649fcc2160a,a56957124aebce41,,e2a0961964d04813,B4,16,16,7fe30b1136,3,uav:village,ok,clean|uav_village|clean|rep3|seed20240909,6.234
bursty,,nan,uav_village,4d3145cb7811c418cc3fb757e62320ebdc63485d5ea41bff51347649fcc2160a,a56957124aebce41,,a3a1a1b7d3a450a3,B3,16,16,7fe30b1136,2,uav:village,ok,bursty|uav_village|bursty|rep2|seed20240909,11.2313
clean,,nan,uav_village,4d3145cb7811c418cc3fb757e62320ebdc63485d5ea41bff51347649fcc2160a,a56957124aebce41,,c54f642720275c51,B4,16,16,7fe30b1136,4,uav:village,ok,clean|uav_village|clean|rep4|seed20240909,5.8942
mild,,nan,uav_village,4d3145cb7811c418cc3fb757e62320ebdc63485d5ea41bff51347649fcc2160a,a56957124aebce41,,e7a8fdf446a974d7,B4,16,16,7fe30b1136,0,uav:village,ok,mild|uav_village|mild|rep0|seed20240909,5.9521
mild,,nan,uav_village,4d3145cb7811c418cc3fb757e62320ebdc63485d5ea41bff51347649fcc2160a,a56957124aebce41,,dbebc0b16b483639,B4,16,16,7fe30b1136,1,uav:village,ok,mild|uav_village|mild|rep1|seed20240909,6.049
mild,,nan,uav_village,4d3145cb7811c418cc3fb757e62320ebdc63485d5ea41bff51347649fcc2160a,a56957124aebce41,,878f331398e39948,B4,16,16,7fe30b1136,3,uav:village,ok,mild|uav_village|mild|rep3|seed20240909,5.5767
mild,,nan,uav_village,4d3145cb7811c418cc3fb757e62320ebdc63485d5ea41bff51347649fcc2160a,a56957124aebce41,,5e5d48f27fab63b3,B4,16,16,7fe30b1136,2,uav:village,ok,mild|uav_village|mild|rep2|seed20240909,5.7259
mild,,nan,uav_village,4d3145cb7811c418cc3fb757e62320ebdc63485d5ea41bff51347649fcc2160a,a56957124aebce41,,02cf0562d2e2bd79,B4,16,16,7fe30b1136,4,uav:village,ok,mild|uav_village|mild|rep4|seed20240909,5.7295
harsh,,nan,uav_village,4d3145cb7811c418cc3fb757e62320ebdc63485d5ea41bff51347649fcc2160a,a56957124aebce41,,380e62c499ab3c0b,B4,16,16,7fe30b1136,0,uav:village,ok,harsh|uav_village|harsh|rep0|seed20240909,3.3614
harsh,,nan,uav_village,4d3145cb7811c418cc3fb757e62320ebdc63485d5ea41bff51347649fcc2160a,a56957124aebce41,,fe501b5e82b2988f,B4,16,16,7fe30b1136,1,uav:village,ok,harsh|uav_village|harsh|rep1|seed20240909,3.5406
harsh,,nan,uav_village,4d3145cb7811c418cc3fb757e62320ebdc63485d5ea41bff51347649fcc2160a,a56957124aebce41,,cec5e7ab8eb4a8fd,B4,16,16,7fe30b1136,2,uav:village,ok,harsh|uav_village|harsh|rep2|seed20240909,3.4708
moderate,,nan,uav_village,4d3145cb7811c418cc3fb757e62320ebdc63485d5ea41bff51347649fcc2160a,a56957124aebce41,,1aed302bd1e8a2ad,B4,16,16,7fe30b1136,0,uav:village,ok,moderate|uav_village|moderate|rep0|seed20240909,8.2826
harsh,,nan,uav_village,4d3145cb7811c418cc3fb757e62320ebdc63485d5ea41bff51347649fcc2160a,a56957124aebce41,,010e0b26858785ae,B4,16,16,7fe30b1136,3,uav:village,ok,harsh|uav_village|harsh|rep3|seed20240909,3.362
harsh,,nan,uav_village,4d3145cb7811c418cc3fb757e62320ebdc63485d5ea41bff51347649fcc2160a,a56957124aebce41,,46ec0f28e754c6d3,B4,16,16,7fe30b1136,4,uav:village,ok,harsh|uav_village|harsh|rep4|seed20240909,3.3722
moderate,,nan,uav_village,4d3145cb7811c418cc3fb757e62320ebdc63485d5ea41bff51347649fcc2160a,a56957124aebce41,,ba733dab8e5875ef,B4,16,16,7fe30b1136,1,uav:village,ok,moderate|uav_village|moderate|rep1|seed20240909,9.2902
moderate,,nan,uav_village,4d3145cb7811c418cc3fb757e62320ebdc63485d5ea41bff51347649fcc2160a,a56957124aebce41,,2597e8f3aabb07f1,B4,16,16,7fe30b1136,2,uav:village,ok,moderate|uav_village|moderate|rep2|seed20240909,8.6168
moderate,,nan,uav_village,4d3145cb7811c418cc3fb757e62320ebdc63485d5ea41bff51347649fcc2160a,a56957124aebce41,,160afce443bafb68,B4,16,16,7fe30b1136,3,uav:village,ok,moderate|uav_village|moderate|rep3|seed20240909,8.5795
bursty,,nan,uav_village,4d3145cb7811c418cc3fb757e62320ebdc63485d5ea41bff51347649fcc2160a,a56957124aebce41,,30e6cf857d39005f,B4,16,16,7fe30b1136,0,uav:village,ok,bursty|uav_village|bursty|rep0|seed20240909,7.9404
bursty,,nan,uav_village,4d3145cb7811c418cc3fb757e62320ebdc63485d5ea41bff51347649fcc2160a,a56957124aebce41,,3b5dcf55abf0a346,B4,16,16,7fe30b1136,3,uav:village,ok,bursty|uav_village|bursty|rep3|seed20240909,8.3756
moderate,,nan,uav_village,4d3145cb7811c418cc3fb757e62320ebdc63485d5ea41bff51347649fcc2160a,a56957124aebce41,,d06f404ae0d696ed,B4,16,16,7fe30b1136,4,uav:village,ok,moderate|uav_village|moderate|rep4|seed20240909,9.4612
bursty,,nan,uav_village,4d3145cb7811c418cc3fb757e62320ebdc63485d5ea41bff51347649fcc2160a,a56957124aebce41,,0cffc64f60001a1c,B4,16,16,7fe30b1136,1,uav:village,ok,bursty|uav_village|bursty|rep1|seed20240909,9.1134
bursty,,nan,uav_village,4d3145cb7811c418cc3fb757e62320ebdc63485d5ea41bff51347649fcc2160a,a56957124aebce41,,1845df66de946fc4,B4,16,16,7fe30b1136,4,uav:village,ok,bursty|uav_village|bursty|rep4|seed20240909,9.1102
bursty,,nan,uav_village,4d3145cb7811c418cc3fb757e62320ebdc63485d5ea41bff51347649fcc2160a,a56957124aebce41,,13d983f5a7ddf1fe,B4,16,16,7fe30b1136,2,uav:village,ok,bursty|uav_village|bursty|rep2|seed20240909,9.3004
clean,,nan,uav_village,4d3145cb7811c418cc3fb757e62320ebdc63485d5ea41bff51347649fcc2160a,a56957124aebce41,,c620e8f87500ba6a,P,16,16,f6706417e8,0,uav:village,ok,clean|uav_village|clean|rep0|seed20240909,8.8053
clean,,nan,uav_village,4d3145cb7811c418cc3fb757e62320ebdc63485d5ea41bff51347649fcc2160a,a56957124aebce41,,2ef26a358fce4522,P,16,16,f6706417e8,1,uav:village,ok,clean|uav_village|clean|rep1|seed20240909,8.9627
clean,,nan,uav_village,4d3145cb7811c418cc3fb757e62320ebdc63485d5ea41bff51347649fcc2160a,a56957124aebce41,,692c9dc149bee63b,P,16,16,f6706417e8,2,uav:village,ok,clean|uav_village|clean|rep2|seed20240909,9.1044
clean,,nan,uav_village,4d3145cb7811c418cc3fb757e62320ebdc63485d5ea41bff51347649fcc2160a,a56957124aebce41,,73ae2d8ba91c4f10,P,16,16,f6706417e8,3,uav:village,ok,clean|uav_village|clean|rep3|seed20240909,9.0269
clean,,nan,uav_village,4d3145cb7811c418cc3fb757e62320ebdc63485d5ea41bff51347649fcc2160a,a56957124aebce41,,eaf8244377845ca7,P,16,16,f6706417e8,4,uav:village,ok,clean|uav_village|clean|rep4|seed20240909,8.9682
mild,,nan,uav_village,4d3145cb7811c418cc3fb757e62320ebdc63485d5ea41bff51347649fcc2160a,a56957124aebce41,,03504182dca3cf34,P,16,16,f6706417e8,0,uav:village,ok,mild|uav_village|mild|rep0|seed20240909,9.54
mild,,nan,uav_village,4d3145cb7811c418cc3fb757e62320ebdc63485d5ea41bff51347649fcc2160a,a56957124aebce41,,065c993c812826ad,P,16,16,f6706417e8,1,uav:village,ok,mild|uav_village|mild|rep1|seed20240909,9.6252
mild,,nan,uav_village,4d3145cb7811c418cc3fb757e62320ebdc63485d5ea41bff51347649fcc2160a,a56957124aebce41,,2ec2a20f8d2c2d5f,P,16,16,f6706417e8,2,uav:village,ok,mild|uav_village|mild|rep2|seed20240909,9.5347
mild,,nan,uav_village,4d3145cb7811c418cc3fb757e62320ebdc63485d5ea41bff51347649fcc2160a,a56957124aebce41,,68d9a04f4a0c6cf3,P,16,16,f6706417e8,3,uav:village,ok,mild|uav_village|mild|rep3|seed20240909,9.7
mild,,nan,uav_village,4d3145cb7811c418cc3fb757e62320ebdc63485d5ea41bff51347649fcc2160a,a56957124aebce41,,edca58c3576c3c6b,P,16,16,f6706417e8,4,uav:village,ok,mild|uav_village|mild|rep4|seed20240909,9.828
clean,,nan,uav_dune_forest_edge,24268f4c98cda6aa04e2048b2ec9fd38e96a75edca335e1e3ea026685ca6e4bf,a56957124aebce41,,031b45dd8f540773,B0a,16,16,7fe30b1136,0,uav:dune_forest_edge,ok,clean|uav_dune_forest_edge|clean|rep0|seed20240909,0.5568
clean,,nan,uav_dune_forest_edge,24268f4c98cda6aa04e2048b2ec9fd38e96a75edca335e1e3ea026685ca6e4bf,a56957124aebce41,,8601bce401916b18,B0a,16,16,7fe30b1136,1,uav:dune_forest_edge,ok,clean|uav_dune_forest_edge|clean|rep1|seed20240909,0.5183
clean,,nan,uav_dune_forest_edge,24268f4c98cda6aa04e2048b2ec9fd38e96a75edca335e1e3ea026685ca6e4bf,a56957124aebce41,,1d98ff40b101445d,B0a,16,16,7fe30b1136,2,uav:dune_forest_edge,ok,clean|uav_dune_forest_edge|clean|rep2|seed20240909,0.4546
harsh,,nan,uav_village,4d3145cb7811c418cc3fb757e62320ebdc63485d5ea41bff51347649fcc2160a,a56957124aebce41,,1ec37493050ea198,P,16,16,f6706417e8,0,uav:village,ok,harsh|uav_village|harsh|rep0|seed20240909,5.4629
clean,,nan,uav_dune_forest_edge,24268f4c98cda6aa04e2048b2ec9fd38e96a75edca335e1e3ea026685ca6e4bf,a56957124aebce41,,cd4b838f35debe5b,B0a,16,16,7fe30b1136,3,uav:dune_forest_edge,ok,clean|uav_dune_forest_edge|clean|rep3|seed20240909,0.5257
clean,,nan,uav_dune_forest_edge,24268f4c98cda6aa04e2048b2ec9fd38e96a75edca335e1e3ea026685ca6e4bf,a56957124aebce41,,b30c5f16cb858e51,B0a,16,16,7fe30b1136,4,uav:dune_forest_edge,ok,clean|uav_dune_forest_edge|clean|rep4|seed20240909,0.5278
mild,,nan,uav_dune_forest_edge,24268f4c98cda6aa04e2048b2ec9fd38e96a75edca335e1e3ea026685ca6e4bf,a56957124aebce41,,421129ada4e0794f,B0a,16,16,7fe30b1136,0,uav:dune_forest_edge,ok,mild|uav_dune_forest_edge|mild|rep0|seed20240909,0.6593
harsh,,nan,uav_village,4d3145cb7811c418cc3fb757e62320ebdc63485d5ea41bff51347649fcc2160a,a56957124aebce41,,3efdc109d3f83e65,P,16,16,f6706417e8,1,uav:village,ok,harsh|uav_village|harsh|rep1|seed20240909,5.5449
mild,,nan,uav_dune_forest_edge,24268f4c98cda6aa04e2048b2ec9fd38e96a75edca335e1e3ea026685ca6e4bf,a56957124aebce41,,1d98fb40ac5c375b,B0a,16,16,7fe30b1136,1,uav:dune_forest_edge,ok,mild|uav_dune_forest_edge|mild|rep1|seed20240909,0.7433
mild,,nan,uav_dune_forest_edge,24268f4c98cda6aa04e2048b2ec9fd38e96a75edca335e1e3ea026685ca6e4bf,a56957124aebce41,,c4d309bee06afc27,B0a,16,16,7fe30b1136,2,uav:dune_forest_edge,ok,mild|uav_dune_forest_edge|mild|rep2|seed20240909,0.7183
harsh,,nan,uav_village,4d3145cb7811c418cc3fb757e62320ebdc63485d5ea41bff51347649fcc2160a,a56957124aebce41,,5025cebad82f9075,P,16,16,f6706417e8,2,uav:village,ok,harsh|uav_village|harsh|rep2|seed20240909,5.7222
harsh,,nan,uav_village,4d3145cb7811c418cc3fb757e62320ebdc63485d5ea41bff51347649fcc2160a,a56957124aebce41,,3c5e0e0e46305535,P,16,16,f6706417e8,3,uav:village,ok,harsh|uav_village|harsh|rep3|seed20240909,5.4308
mild,,nan,uav_dune_forest_edge,24268f4c98cda6aa04e2048b2ec9fd38e96a75edca335e1e3ea026685ca6e4bf,a56957124aebce41,,2e76801d3ffe1bc5,B0a,16,16,7fe30b1136,3,uav:dune_forest_edge,ok,mild|uav_dune_forest_edge|mild|rep3|seed20240909,0.6706
mild,,nan,uav_dune_forest_edge,24268f4c98cda6aa04e2048b2ec9fd38e96a75edca335e1e3ea026685ca6e4bf,a56957124aebce41,,52cb948cc5772c81,B0a,16,16,7fe30b1136,4,uav:dune_forest_edge,ok,mild|uav_dune_forest_edge|mild|rep4|seed20240909,0.7364
moderate,,nan,uav_dune_forest_edge,24268f4c98cda6aa04e2048b2ec9fd38e96a75edca335e1e3ea026685ca6e4bf,a56957124aebce41,,39a9dc253919b7ba,B0a,16,16,7fe30b1136,0,uav:dune_forest_edge,ok,moderate|uav_dune_forest_edge|moderate|rep0|seed20240909,0.7539
moderate,,nan,uav_dune_forest_edge,24268f4c98cda6aa04e2048b2ec9fd38e96a75edca335e1e3ea026685ca6e4bf,a56957124aebce41,,95dd5a9b91a41e1f,B0a,16,16,7fe30b1136,1,uav:dune_forest_edge,ok,moderate|uav_dune_forest_edge|moderate|rep1|seed20240909,0.7401
harsh,,nan,uav_village,4d3145cb7811c418cc3fb757e62320ebdc63485d5ea41bff51347649fcc2160a,a56957124aebce41,,e886cb2dc10b7fbd,P,16,16,f6706417e8,4,uav:village,ok,harsh|uav_village|harsh|rep4|seed20240909,5.4582
moderate,,nan,uav_dune_forest_edge,24268f4c98cda6aa04e2048b2ec9fd38e96a75edca335e1e3ea026685ca6e4bf,a56957124aebce41,,4b610cde8a4cb35b,B0a,16,16,7fe30b1136,2,uav:dune_forest_edge,ok,moderate|uav_dune_forest_edge|moderate|rep2|seed20240909,0.7875
moderate,,nan,uav_dune_forest_edge,24268f4c98cda6aa04e2048b2ec9fd38e96a75edca335e1e3ea026685ca6e4bf,a56957124aebce41,,e4b2f5c454c28d45,B0a,16,16,7fe30b1136,3,uav:dune_forest_edge,ok,moderate|uav_dune_forest_edge|moderate|rep3|seed20240909,0.7481
moderate,,nan,uav_dune_forest_edge,24268f4c98cda6aa04e2048b2ec9fd38e96a75edca335e1e3ea026685ca6e4bf,a56957124aebce41,,16fddf0e9b5f1c90,B0a,16,16,7fe30b1136,4,uav:dune_forest_edge,ok,moderate|uav_dune_forest_edge|moderate|rep4|seed20240909,0.7071
bursty,,nan,uav_dune_forest_edge,24268f4c98cda6aa04e2048b2ec9fd38e96a75edca335e1e3ea026685ca6e4bf,a56957124aebce41,,45b12a3f3d88eaf9,B0a,16,16,7fe30b1136,0,uav:dune_forest_edge,ok,bursty|uav_dune_forest_edge|bursty|rep0|seed20240909,0.7196
bursty,,nan,uav_dune_forest_edge,24268f4c98cda6aa04e2048b2ec9fd38e96a75edca335e1e3ea026685ca6e4bf,a56957124aebce41,,c7856832cbfe998b,B0a,16,16,7fe30b1136,2,uav:dune_forest_edge,ok,bursty|uav_dune_forest_edge|bursty|rep2|seed20240909,0.7207
bursty,,nan,uav_dune_forest_edge,24268f4c98cda6aa04e2048b2ec9fd38e96a75edca335e1e3ea026685ca6e4bf,a56957124aebce41,,85be663a44e26034,B0a,16,16,7fe30b1136,1,uav:dune_forest_edge,ok,bursty|uav_dune_forest_edge|bursty|rep1|seed20240909,0.7835
bursty,,nan,uav_dune_forest_edge,24268f4c98cda6aa04e2048b2ec9fd38e96a75edca335e1e3ea026685ca6e4bf,a56957124aebce41,,4f3d6566a85b887a,B0a,16,16,7fe30b1136,3,uav:dune_forest_edge,ok,bursty|uav_dune_forest_edge|bursty|rep3|seed20240909,0.7603
bursty,,nan,uav_dune_forest_edge,24268f4c98cda6aa04e2048b2ec9fd38e96a75edca335e1e3ea026685ca6e4bf,a56957124aebce41,,ce74553f1f15985f,B0a,16,16,7fe30b1136,4,uav:dune_forest_edge,ok,bursty|uav_dune_forest_edge|bursty|rep4|seed20240909,0.5973
harsh,,nan,uav_dune_forest_edge,24268f4c98cda6aa04e2048b2ec9fd38e96a75edca335e1e3ea026685ca6e4bf,a56957124aebce41,,da08583d46be0b6d,B0a,16,16,7fe30b1136,0,uav:dune_forest_edge,ok,harsh|uav_dune_forest_edge|harsh|rep0|seed20240909,0.6973
harsh,,nan,uav_dune_forest_edge,24268f4c98cda6aa04e2048b2ec9fd38e96a75edca335e1e3ea026685ca6e4bf,a56957124aebce41,,16100e42132b5688,B0a,16,16,7fe30b1136,1,uav:dune_forest_edge,ok,harsh|uav_dune_forest_edge|harsh|rep1|seed20240909,0.7642
harsh,,nan,uav_dune_forest_edge,24268f4c98cda6aa04e2048b2ec9fd38e96a75edca335e1e3ea026685ca6e4bf,a56957124aebce41,,cac3c3a6c8a29f84,B0a,16,16,7fe30b1136,2,uav:dune_forest_edge,ok,harsh|uav_dune_forest_edge|harsh|rep2|seed20240909,0.6819
harsh,,nan,uav_dune_forest_edge,24268f4c98cda6aa04e2048b2ec9fd38e96a75edca335e1e3ea026685ca6e4bf,a56957124aebce41,,2100368842cdaa5b,B0a,16,16,7fe30b1136,3,uav:dune_forest_edge,ok,harsh|uav_dune_forest_edge|harsh|rep3|seed20240909,0.7412
harsh,,nan,uav_dune_forest_edge,24268f4c98cda6aa04e2048b2ec9fd38e96a75edca335e1e3ea026685ca6e4bf,a56957124aebce41,,bc94ca199ce5eec1,B0a,16,16,7fe30b1136,4,uav:dune_forest_edge,ok,harsh|uav_dune_forest_edge|harsh|rep4|seed20240909,0.7307
clean,,nan,uav_dune_forest_edge,24268f4c98cda6aa04e2048b2ec9fd38e96a75edca335e1e3ea026685ca6e4bf,a56957124aebce41,,0767b8ebb7710e5c,B0a-R,16,16,7fe30b1136,0,uav:dune_forest_edge,ok,clean|uav_dune_forest_edge|clean|rep0|seed20240909,1.2841
clean,,nan,uav_dune_forest_edge,24268f4c98cda6aa04e2048b2ec9fd38e96a75edca335e1e3ea026685ca6e4bf,a56957124aebce41,,c95f6cbf30a13add,B0a-R,16,16,7fe30b1136,1,uav:dune_forest_edge,ok,clean|uav_dune_forest_edge|clean|rep1|seed20240909,1.464
clean,,nan,uav_dune_forest_edge,24268f4c98cda6aa04e2048b2ec9fd38e96a75edca335e1e3ea026685ca6e4bf,a56957124aebce41,,cf97f9a0a84b03af,B0a-R,16,16,7fe30b1136,2,uav:dune_forest_edge,ok,clean|uav_dune_forest_edge|clean|rep2|seed20240909,1.4112
clean,,nan,uav_dune_forest_edge,24268f4c98cda6aa04e2048b2ec9fd38e96a75edca335e1e3ea026685ca6e4bf,a56957124aebce41,,b4283d3f8a23c4f8,B0a-R,16,16,7fe30b1136,3,uav:dune_forest_edge,ok,clean|uav_dune_forest_edge|clean|rep3|seed20240909,1.4288
clean,,nan,uav_dune_forest_edge,24268f4c98cda6aa04e2048b2ec9fd38e96a75edca335e1e3ea026685ca6e4bf,a56957124aebce41,,61d2a7ce65eb0778,B0a-R,16,16,7fe30b1136,4,uav:dune_forest_edge,ok,clean|uav_dune_forest_edge|clean|rep4|seed20240909,1.3713
moderate,,nan,uav_village,4d3145cb7811c418cc3fb757e62320ebdc63485d5ea41bff51347649fcc2160a,a56957124aebce41,,e717889473589a68,P,16,16,f6706417e8,0,uav:village,ok,moderate|uav_village|moderate|rep0|seed20240909,17.0702
moderate,,nan,uav_village,4d3145cb7811c418cc3fb757e62320ebdc63485d5ea41bff51347649fcc2160a,a56957124aebce41,,f55624e12fa1c25d,P,16,16,f6706417e8,1,uav:village,ok,moderate|uav_village|moderate|rep1|seed20240909,16.6991
moderate,,nan,uav_village,4d3145cb7811c418cc3fb757e62320ebdc63485d5ea41bff51347649fcc2160a,a56957124aebce41,,bfd68c6e0c6b64ec,P,16,16,f6706417e8,2,uav:village,ok,moderate|uav_village|moderate|rep2|seed20240909,16.7596
mild,,nan,uav_dune_forest_edge,24268f4c98cda6aa04e2048b2ec9fd38e96a75edca335e1e3ea026685ca6e4bf,a56957124aebce41,,8ed46941f732efcb,B0a-R,16,16,7fe30b1136,0,uav:dune_forest_edge,ok,mild|uav_dune_forest_edge|mild|rep0|seed20240909,2.1839
bursty,,nan,uav_village,4d3145cb7811c418cc3fb757e62320ebdc63485d5ea41bff51347649fcc2160a,a56957124aebce41,,5dba1490b3317b05,P,16,16,f6706417e8,0,uav:village,ok,bursty|uav_village|bursty|rep0|seed20240909,16.2492
moderate,,nan,uav_village,4d3145cb7811c418cc3fb757e62320ebdc63485d5ea41bff51347649fcc2160a,a56957124aebce41,,b5a93136e0d7e784,P,16,16,f6706417e8,3,uav:village,ok,moderate|uav_village|moderate|rep3|seed20240909,16.5744
mild,,nan,uav_dune_forest_edge,24268f4c98cda6aa04e2048b2ec9fd38e96a75edca335e1e3ea026685ca6e4bf,a56957124aebce41,,10b189e29a685ace,B0a-R,16,16,7fe30b1136,1,uav:dune_forest_edge,ok,mild|uav_dune_forest_edge|mild|rep1|seed20240909,1.8745
moderate,,nan,uav_village,4d3145cb7811c418cc3fb757e62320ebdc63485d5ea41bff51347649fcc2160a,a56957124aebce41,,1cf9f525f9069e75,P,16,16,f6706417e8,4,uav:village,ok,moderate|uav_village|moderate|rep4|seed20240909,17.2929
mild,,nan,uav_dune_forest_edge,24268f4c98cda6aa04e2048b2ec9fd38e96a75edca335e1e3ea026685ca6e4bf,a56957124aebce41,,7ef11f2dd6951739,B0a-R,16,16,7fe30b1136,2,uav:dune_forest_edge,ok,mild|uav_dune_forest_edge|mild|rep2|seed20240909,2.2276
mild,,nan,uav_dune_forest_edge,24268f4c98cda6aa04e2048b2ec9fd38e96a75edca335e1e3ea026685ca6e4bf,a56957124aebce41,,b06f6abb1a2865a4,B0a-R,16,16,7fe30b1136,3,uav:dune_forest_edge,ok,mild|uav_dune_forest_edge|mild|rep3|seed20240909,2.1851
mild,,nan,uav_dune_forest_edge,24268f4c98cda6aa04e2048b2ec9fd38e96a75edca335e1e3ea026685ca6e4bf,a56957124aebce41,,658781d9c318eacc,B0a-R,16,16,7fe30b1136,4,uav:dune_forest_edge,ok,mild|uav_dune_forest_edge|mild|rep4|seed20240909,2.1631
moderate,,nan,uav_dune_forest_edge,24268f4c98cda6aa04e2048b2ec9fd38e96a75edca335e1e3ea026685ca6e4bf,a56957124aebce41,,54d6f780291c02f1,B0a-R,16,16,7fe30b1136,1,uav:dune_forest_edge,ok,moderate|uav_dune_forest_edge|moderate|rep1|seed20240909,2.3477
moderate,,nan,uav_dune_forest_edge,24268f4c98cda6aa04e2048b2ec9fd38e96a75edca335e1e3ea026685ca6e4bf,a56957124aebce41,,11e1cb2c8deae5b6,B0a-R,16,16,7fe30b1136,0,uav:dune_forest_edge,ok,moderate|uav_dune_forest_edge|moderate|rep0|seed20240909,2.4685
moderate,,nan,uav_dune_forest_edge,24268f4c98cda6aa04e2048b2ec9fd38e96a75edca335e1e3ea026685ca6e4bf,a56957124aebce41,,a4545490fab8e4bf,B0a-R,16,16,7fe30b1136,2,uav:dune_forest_edge,ok,moderate|uav_dune_forest_edge|moderate|rep2|seed20240909,2.3151
bursty,,nan,uav_dune_forest_edge,24268f4c98cda6aa04e2048b2ec9fd38e96a75edca335e1e3ea026685ca6e4bf,a56957124aebce41,,3f05901c0acf5367,B0a-R,16,16,7fe30b1136,0,uav:dune_forest_edge,ok,bursty|uav_dune_forest_edge|bursty|rep0|seed20240909,2.0567
bursty,,nan,uav_dune_forest_edge,24268f4c98cda6aa04e2048b2ec9fd38e96a75edca335e1e3ea026685ca6e4bf,a56957124aebce41,,388ab4116b8926e3,B0a-R,16,16,7fe30b1136,2,uav:dune_forest_edge,ok,bursty|uav_dune_forest_edge|bursty|rep2|seed20240909,1.9888
moderate,,nan,uav_dune_forest_edge,24268f4c98cda6aa04e2048b2ec9fd38e96a75edca335e1e3ea026685ca6e4bf,a56957124aebce41,,b57dbdaa964fb6cb,B0a-R,16,16,7fe30b1136,3,uav:dune_forest_edge,ok,moderate|uav_dune_forest_edge|moderate|rep3|seed20240909,2.388
bursty,,nan,uav_dune_forest_edge,24268f4c98cda6aa04e2048b2ec9fd38e96a75edca335e1e3ea026685ca6e4bf,a56957124aebce41,,f334a7b1a8372fca,B0a-R,16,16,7fe30b1136,1,uav:dune_forest_edge,ok,bursty|uav_dune_forest_edge|bursty|rep1|seed20240909,2.1643
moderate,,nan,uav_dune_forest_edge,24268f4c98cda6aa04e2048b2ec9fd38e96a75edca335e1e3ea026685ca6e4bf,a56957124aebce41,,cc01fc0965408ec2,B0a-R,16,16,7fe30b1136,4,uav:dune_forest_edge,ok,moderate|uav_dune_forest_edge|moderate|rep4|seed20240909,2.3877
bursty,,nan,uav_village,4d3145cb7811c418cc3fb757e62320ebdc63485d5ea41bff51347649fcc2160a,a56957124aebce41,,30c8458053466a45,P,16,16,f6706417e8,1,uav:village,ok,bursty|uav_village|bursty|rep1|seed20240909,17.0139
bursty,,nan,uav_dune_forest_edge,24268f4c98cda6aa04e2048b2ec9fd38e96a75edca335e1e3ea026685ca6e4bf,a56957124aebce41,,c7d53edc68c0c8f0,B0a-R,16,16,7fe30b1136,3,uav:dune_forest_edge,ok,bursty|uav_dune_forest_edge|bursty|rep3|seed20240909,1.9073
bursty,,nan,uav_dune_forest_edge,24268f4c98cda6aa04e2048b2ec9fd38e96a75edca335e1e3ea026685ca6e4bf,a56957124aebce41,,efaf4c06a95b17a7,B0a-R,16,16,7fe30b1136,4,uav:dune_forest_edge,ok,bursty|uav_dune_forest_edge|bursty|rep4|seed20240909,2.1753
bursty,,nan,uav_village,4d3145cb7811c418cc3fb757e62320ebdc63485d5ea41bff51347649fcc2160a,a56957124aebce41,,e29880b54c6d3f0f,P,16,16,f6706417e8,2,uav:village,ok,bursty|uav_village|bursty|rep2|seed20240909,16.387
harsh,,nan,uav_dune_forest_edge,24268f4c98cda6aa04e2048b2ec9fd38e96a75edca335e1e3ea026685ca6e4bf,a56957124aebce41,,a7080c666890f230,B0a-R,16,16,7fe30b1136,0,uav:dune_forest_edge,ok,harsh|uav_dune_forest_edge|harsh|rep0|seed20240909,2.3092
harsh,,nan,uav_dune_forest_edge,24268f4c98cda6aa04e2048b2ec9fd38e96a75edca335e1e3ea026685ca6e4bf,a56957124aebce41,,b1c5b4b10d296eaa,B0a-R,16,16,7fe30b1136,1,uav:dune_forest_edge,ok,harsh|uav_dune_forest_edge|harsh|rep1|seed20240909,2.237
harsh,,nan,uav_dune_forest_edge,24268f4c98cda6aa04e2048b2ec9fd38e96a75edca335e1e3ea026685ca6e4bf,a56957124aebce41,,385b4ce19511fbd4,B0a-R,16,16,7fe30b1136,2,uav:dune_forest_edge,ok,harsh|uav_dune_forest_edge|harsh|rep2|seed20240909,2.1546
harsh,,nan,uav_dune_forest_edge,24268f4c98cda6aa04e2048b2ec9fd38e96a75edca335e1e3ea026685ca6e4bf,a56957124aebce41,,ac44ad6d80b578a4,B0a-R,16,16,7fe30b1136,3,uav:dune_forest_edge,ok,harsh|uav_dune_forest_edge|harsh|rep3|seed20240909,2.1744
harsh,,nan,uav_dune_forest_edge,24268f4c98cda6aa04e2048b2ec9fd38e96a75edca335e1e3ea026685ca6e4bf,a56957124aebce41,,9458a5e44bf397b2,B0a-R,16,16,7fe30b1136,4,uav:dune_forest_edge,ok,harsh|uav_dune_forest_edge|harsh|rep4|seed20240909,2.0121
bursty,,nan,uav_village,4d3145cb7811c418cc3fb757e62320ebdc63485d5ea41bff51347649fcc2160a,a56957124aebce41,,3bddbb09ca7f35bf,P,16,16,f6706417e8,4,uav:village,ok,bursty|uav_village|bursty|rep4|seed20240909,16.3084
bursty,,nan,uav_village,4d3145cb7811c418cc3fb757e62320ebdc63485d5ea41bff51347649fcc2160a,a56957124aebce41,,3a7f248e656906c3,P,16,16,f6706417e8,3,uav:village,ok,bursty|uav_village|bursty|rep3|seed20240909,16.4588
clean,,nan,uav_dune_forest_edge,24268f4c98cda6aa04e2048b2ec9fd38e96a75edca335e1e3ea026685ca6e4bf,a56957124aebce41,,419ed57b77762862,B0d,16,16,7fe30b1136,0,uav:dune_forest_edge,ok,clean|uav_dune_forest_edge|clean|rep0|seed20240909,4.1096
clean,,nan,uav_dune_forest_edge,24268f4c98cda6aa04e2048b2ec9fd38e96a75edca335e1e3ea026685ca6e4bf,a56957124aebce41,,f5d862e946e9fef6,B0d,16,16,7fe30b1136,1,uav:dune_forest_edge,ok,clean|uav_dune_forest_edge|clean|rep1|seed20240909,4.1485
clean,,nan,uav_dune_forest_edge,24268f4c98cda6aa04e2048b2ec9fd38e96a75edca335e1e3ea026685ca6e4bf,a56957124aebce41,,1215f62d5159b714,B0d,16,16,7fe30b1136,3,uav:dune_forest_edge,ok,clean|uav_dune_forest_edge|clean|rep3|seed20240909,4.2237
clean,,nan,uav_dune_forest_edge,24268f4c98cda6aa04e2048b2ec9fd38e96a75edca335e1e3ea026685ca6e4bf,a56957124aebce41,,5aef9cad858a1f8c,B0d,16,16,7fe30b1136,4,uav:dune_forest_edge,ok,clean|uav_dune_forest_edge|clean|rep4|seed20240909,4.1861
clean,,nan,uav_dune_forest_edge,24268f4c98cda6aa04e2048b2ec9fd38e96a75edca335e1e3ea026685ca6e4bf,a56957124aebce41,,ee73fc7cddd5656b,B0d,16,16,7fe30b1136,2,uav:dune_forest_edge,ok,clean|uav_dune_forest_edge|clean|rep2|seed20240909,4.2477
mild,,nan,uav_dune_forest_edge,24268f4c98cda6aa04e2048b2ec9fd38e96a75edca335e1e3ea026685ca6e4bf,a56957124aebce41,,936356881eb91c1b,B0d,16,16,7fe30b1136,1,uav:dune_forest_edge,ok,mild|uav_dune_forest_edge|mild|rep1|seed20240909,4.4152
mild,,nan,uav_dune_forest_edge,24268f4c98cda6aa04e2048b2ec9fd38e96a75edca335e1e3ea026685ca6e4bf,a56957124aebce41,,ae10d206e1c031bc,B0d,16,16,7fe30b1136,0,uav:dune_forest_edge,ok,mild|uav_dune_forest_edge|mild|rep0|seed20240909,4.6064
mild,,nan,uav_dune_forest_edge,24268f4c98cda6aa04e2048b2ec9fd38e96a75edca335e1e3ea026685ca6e4bf,a56957124aebce41,,38e89ad56b79a6c1,B0d,16,16,7fe30b1136,2,uav:dune_forest_edge,ok,mild|uav_dune_forest_edge|mild|rep2|seed20240909,4.4558
mild,,nan,uav_dune_forest_edge,24268f4c98cda6aa04e2048b2ec9fd38e96a75edca335e1e3ea026685ca6e4bf,a56957124aebce41,,b5d1ca558483e997,B0d,16,16,7fe30b1136,3,uav:dune_forest_edge,ok,mild|uav_dune_forest_edge|mild|rep3|seed20240909,4.4393
mild,,nan,uav_dune_forest_edge,24268f4c98cda6aa04e2048b2ec9fd38e96a75edca335e1e3ea026685ca6e4bf,a56957124aebce41,,13ed1603c64f64dc,B0d,16,16,7fe30b1136,4,uav:dune_forest_edge,ok,mild|uav_dune_forest_edge|mild|rep4|seed20240909,4.5038
clean,,nan,uav_dune_forest_edge,24268f4c98cda6aa04e2048b2ec9fd38e96a75edca335e1e3ea026685ca6e4bf,a56957124aebce41,,4ef2cd4bb570b35c,B1,16,16,7fe30b1136,0,uav:dune_forest_edge,ok,clean|uav_dune_forest_edge|clean|rep0|seed20240909,0.478
clean,,nan,uav_dune_forest_edge,24268f4c98cda6aa04e2048b2ec9fd38e96a75edca335e1e3ea026685ca6e4bf,a56957124aebce41,,d596e80fd2ff590a,B1,16,16,7fe30b1136,1,uav:dune_forest_edge,ok,clean|uav_dune_forest_edge|clean|rep1|seed20240909,0.5349
clean,,nan,uav_dune_forest_edge,24268f4c98cda6aa04e2048b2ec9fd38e96a75edca335e1e3ea026685ca6e4bf,a56957124aebce41,,e331a5ed761d9a42,B1,16,16,7fe30b1136,2,uav:dune_forest_edge,ok,clean|uav_dune_forest_edge|clean|rep2|seed20240909,0.5163
harsh,,nan,uav_dune_forest_edge,24268f4c98cda6aa04e2048b2ec9fd38e96a75edca335e1e3ea026685ca6e4bf,a56957124aebce41,,f78e7e9528f3f66d,B0d,16,16,7fe30b1136,0,uav:dune_forest_edge,ok,harsh|uav_dune_forest_edge|harsh|rep0|seed20240909,2.9335
clean,,nan,uav_dune_forest_edge,24268f4c98cda6aa04e2048b2ec9fd38e96a75edca335e1e3ea026685ca6e4bf,a56957124aebce41,,8449127312e58cec,B1,16,16,7fe30b1136,3,uav:dune_forest_edge,ok,clean|uav_dune_forest_edge|clean|rep3|seed20240909,0.5178
clean,,nan,uav_dune_forest_edge,24268f4c98cda6aa04e2048b2ec9fd38e96a75edca335e1e3ea026685ca6e4bf,a56957124aebce41,,bf90c7a7fb7e27ec,B1,16,16,7fe30b1136,4,uav:dune_forest_edge,ok,clean|uav_dune_forest_edge|clean|rep4|seed20240909,0.4685
harsh,,nan,uav_dune_forest_edge,24268f4c98cda6aa04e2048b2ec9fd38e96a75edca335e1e3ea026685ca6e4bf,a56957124aebce41,,ea6d7d805340432a,B0d,16,16,7fe30b1136,2,uav:dune_forest_edge,ok,harsh|uav_dune_forest_edge|harsh|rep2|seed20240909,3.0378
harsh,,nan,uav_dune_forest_edge,24268f4c98cda6aa04e2048b2ec9fd38e96a75edca335e1e3ea026685ca6e4bf,a56957124aebce41,,e7bca11a0c20ad76,B0d,16,16,7fe30b1136,1,uav:dune_forest_edge,ok,harsh|uav_dune_forest_edge|harsh|rep1|seed20240909,3.1465
mild,,nan,uav_dune_forest_edge,24268f4c98cda6aa04e2048b2ec9fd38e96a75edca335e1e3ea026685ca6e4bf,a56957124aebce41,,c4523010cf0c2e43,B1,16,16,7fe30b1136,1,uav:dune_forest_edge,ok,mild|uav_dune_forest_edge|mild|rep1|seed20240909,0.5631
mild,,nan,uav_dune_forest_edge,24268f4c98cda6aa04e2048b2ec9fd38e96a75edca335e1e3ea026685ca6e4bf,a56957124aebce41,,e801fe6dc799378d,B1,16,16,7fe30b1136,0,uav:dune_forest_edge,ok,mild|uav_dune_forest_edge|mild|rep0|seed20240909,0.6334
moderate,,nan,uav_dune_forest_edge,24268f4c98cda6aa04e2048b2ec9fd38e96a75edca335e1e3ea026685ca6e4bf,a56957124aebce41,,c80a0fe56677b9ff,B0d,16,16,7fe30b1136,0,uav:dune_forest_edge,ok,moderate|uav_dune_forest_edge|moderate|rep0|seed20240909,7.1684
harsh,,nan,uav_dune_forest_edge,24268f4c98cda6aa04e2048b2ec9fd38e96a75edca335e1e3ea026685ca6e4bf,a56957124aebce41,,6c9d1a8e84ddb154,B0d,16,16,7fe30b1136,3,uav:dune_forest_edge,ok,harsh|uav_dune_forest_edge|harsh|rep3|seed20240909,3.0856
moderate,,nan,uav_dune_forest_edge,24268f4c98cda6aa04e2048b2ec9fd38e96a75edca335e1e3ea026685ca6e4bf,a56957124aebce41,,7d538dc439bbe5e3,B0d,16,16,7fe30b1136,3,uav:dune_forest_edge,ok,moderate|uav_dune_forest_edge|moderate|rep3|seed20240909,6.9404
harsh,,nan,uav_dune_forest_edge,24268f4c98cda6aa04e2048b2ec9fd38e96a75edca335e1e3ea026685ca6e4bf,a56957124aebce41,,66e4a958ab292039,B0d,16,16,7fe30b1136,4,uav:dune_forest_edge,ok,harsh|uav_dune_forest_edge|harsh|rep4|seed20240909,3.0734
moderate,,nan,uav_dune_forest_edge,24268f4c98cda6aa04e2048b2ec9fd38e96a75edca335e1e3ea026685ca6e4bf,a56957124aebce41,,d4927f85066c1f89,B0d,16,16,7fe30b1136,1,uav:dune_forest_edge,ok,moderate|uav_dune_forest_edge|moderate|rep1|seed20240909,7.2041
mild,,nan,uav_dune_forest_edge,24268f4c98cda6aa04e2048b2ec9fd38e96a75edca335e1e3ea026685ca6e4bf,a56957124aebce41,,210ea58fb2456448,B1,16,16,7fe30b1136,2,uav:dune_forest_edge,ok,mild|uav_dune_forest_edge|mild|rep2|seed20240909,0.6867
mild,,nan,uav_dune_forest_edge,24268f4c98cda6aa04e2048b2ec9fd38e96a75edca335e1e3ea026685ca6e4bf,a56957124aebce41,,c24568e574ed80eb,B1,16,16,7fe30b1136,3,uav:dune_forest_edge,ok,mild|uav_dune_forest_edge|mild|rep3|seed20240909,0.6162
moderate,,nan,uav_dune_forest_edge,24268f4c98cda6aa04e2048b2ec9fd38e96a75edca335e1e3ea026685ca6e4bf,a56957124aebce41,,cd466618cce171a6,B0d,16,16,7fe30b1136,2,uav:dune_forest_edge,ok,moderate|uav_dune_forest_edge|moderate|rep2|seed20240909,7.3333
mild,,nan,uav_dune_forest_edge,24268f4c98cda6aa04e2048b2ec9fd38e96a75edca335e1e3ea026685ca6e4bf,a56957124aebce41,,c7ecd9cf45523258,B1,16,16,7fe30b1136,4,uav:dune_forest_edge,ok,mild|uav_dune_forest_edge|mild|rep4|seed20240909,0.5989
moderate,,nan,uav_dune_forest_edge,24268f4c98cda6aa04e2048b2ec9fd38e96a75edca335e1e3ea026685ca6e4bf,a56957124aebce41,,f8eb76965a14384d,B1,16,16,7fe30b1136,0,uav:dune_forest_edge,ok,moderate|uav_dune_forest_edge|moderate|rep0|seed20240909,0.7733
moderate,,nan,uav_dune_forest_edge,24268f4c98cda6aa04e2048b2ec9fd38e96a75edca335e1e3ea026685ca6e4bf,a56957124aebce41,,65f81d19e6f12213,B1,16,16,7fe30b1136,1,uav:dune_forest_edge,ok,moderate|uav_dune_forest_edge|moderate|rep1|seed20240909,0.8133
moderate,,nan,uav_dune_forest_edge,24268f4c98cda6aa04e2048b2ec9fd38e96a75edca335e1e3ea026685ca6e4bf,a56957124aebce41,,29a9fe865617cbb1,B1,16,16,7fe30b1136,2,uav:dune_forest_edge,ok,moderate|uav_dune_forest_edge|moderate|rep2|seed20240909,0.8065
bursty,,nan,uav_dune_forest_edge,24268f4c98cda6aa04e2048b2ec9fd38e96a75edca335e1e3ea026685ca6e4bf,a56957124aebce41,,d1d5607dcbc0df41,B1,16,16,7fe30b1136,2,uav:dune_forest_edge,ok,bursty|uav_dune_forest_edge|bursty|rep2|seed20240909,0.5686
moderate,,nan,uav_dune_forest_edge,24268f4c98cda6aa04e2048b2ec9fd38e96a75edca335e1e3ea026685ca6e4bf,a56957124aebce41,,a4805c43298635c6,B1,16,16,7fe30b1136,4,uav:dune_forest_edge,ok,moderate|uav_dune_forest_edge|moderate|rep4|seed20240909,0.7706
moderate,,nan,uav_dune_forest_edge,24268f4c98cda6aa04e2048b2ec9fd38e96a75edca335e1e3ea026685ca6e4bf,a56957124aebce41,,7d328a4691591956,B1,16,16,7fe30b1136,3,uav:dune_forest_edge,ok,moderate|uav_dune_forest_edge|moderate|rep3|seed20240909,0.8136
bursty,,nan,uav_dune_forest_edge,24268f4c98cda6aa04e2048b2ec9fd38e96a75edca335e1e3ea026685ca6e4bf,a56957124aebce41,,593468704048a191,B1,16,16,7fe30b1136,0,uav:dune_forest_edge,ok,bursty|uav_dune_forest_edge|bursty|rep0|seed20240909,0.7745
bursty,,nan,uav_dune_forest_edge,24268f4c98cda6aa04e2048b2ec9fd38e96a75edca335e1e3ea026685ca6e4bf,a56957124aebce41,,bc8db76f428eb340,B1,16,16,7fe30b1136,4,uav:dune_forest_edge,ok,bursty|uav_dune_forest_edge|bursty|rep4|seed20240909,0.6107
moderate,,nan,uav_dune_forest_edge,24268f4c98cda6aa04e2048b2ec9fd38e96a75edca335e1e3ea026685ca6e4bf,a56957124aebce41,,06cf7b19b86dcf75,B0d,16,16,7fe30b1136,4,uav:dune_forest_edge,ok,moderate|uav_dune_forest_edge|moderate|rep4|seed20240909,7.37
bursty,,nan,uav_dune_forest_edge,24268f4c98cda6aa04e2048b2ec9fd38e96a75edca335e1e3ea026685ca6e4bf,a56957124aebce41,,e4e68300ab750ed2,B0d,16,16,7fe30b1136,0,uav:dune_forest_edge,ok,bursty|uav_dune_forest_edge|bursty|rep0|seed20240909,7.2686
bursty,,nan,uav_dune_forest_edge,24268f4c98cda6aa04e2048b2ec9fd38e96a75edca335e1e3ea026685ca6e4bf,a56957124aebce41,,2c38d532d0645434,B1,16,16,7fe30b1136,3,uav:dune_forest_edge,ok,bursty|uav_dune_forest_edge|bursty|rep3|seed20240909,0.7238
bursty,,nan,uav_dune_forest_edge,24268f4c98cda6aa04e2048b2ec9fd38e96a75edca335e1e3ea026685ca6e4bf,a56957124aebce41,,a69d36285a9b818a,B1,16,16,7fe30b1136,1,uav:dune_forest_edge,ok,bursty|uav_dune_forest_edge|bursty|rep1|seed20240909,0.8472
harsh,,nan,uav_dune_forest_edge,24268f4c98cda6aa04e2048b2ec9fd38e96a75edca335e1e3ea026685ca6e4bf,a56957124aebce41,,0282da5a56dfa46b,B1,16,16,7fe30b1136,0,uav:dune_forest_edge,ok,harsh|uav_dune_forest_edge|harsh|rep0|seed20240909,0.8257
harsh,,nan,uav_dune_forest_edge,24268f4c98cda6aa04e2048b2ec9fd38e96a75edca335e1e3ea026685ca6e4bf,a56957124aebce41,,cbdc84dc2b64bc42,B1,16,16,7fe30b1136,1,uav:dune_forest_edge,ok,harsh|uav_dune_forest_edge|harsh|rep1|seed20240909,0.7879
clean,,nan,uav_dune_forest_edge,24268f4c98cda6aa04e2048b2ec9fd38e96a75edca335e1e3ea026685ca6e4bf,a56957124aebce41,,9ce5c1f7f07ede6e,B2,16,16,7fe30b1136,1,uav:dune_forest_edge,ok,clean|uav_dune_forest_edge|clean|rep1|seed20240909,0.5287
clean,,nan,uav_dune_forest_edge,24268f4c98cda6aa04e2048b2ec9fd38e96a75edca335e1e3ea026685ca6e4bf,a56957124aebce41,,6f15b91e31c918a4,B2,16,16,7fe30b1136,2,uav:dune_forest_edge,ok,clean|uav_dune_forest_edge|clean|rep2|seed20240909,0.4977
clean,,nan,uav_dune_forest_edge,24268f4c98cda6aa04e2048b2ec9fd38e96a75edca335e1e3ea026685ca6e4bf,a56957124aebce41,,bb8c7bb2ad9225fd,B2,16,16,7fe30b1136,0,uav:dune_forest_edge,ok,clean|uav_dune_forest_edge|clean|rep0|seed20240909,0.5415
harsh,,nan,uav_dune_forest_edge,24268f4c98cda6aa04e2048b2ec9fd38e96a75edca335e1e3ea026685ca6e4bf,a56957124aebce41,,c9e6efb5895e4a2b,B1,16,16,7fe30b1136,2,uav:dune_forest_edge,ok,harsh|uav_dune_forest_edge|harsh|rep2|seed20240909,0.801
clean,,nan,uav_dune_forest_edge,24268f4c98cda6aa04e2048b2ec9fd38e96a75edca335e1e3ea026685ca6e4bf,a56957124aebce41,,5ec5977ab1a35691,B2,16,16,7fe30b1136,4,uav:dune_forest_edge,ok,clean|uav_dune_forest_edge|clean|rep4|seed20240909,0.5326
clean,,nan,uav_dune_forest_edge,24268f4c98cda6aa04e2048b2ec9fd38e96a75edca335e1e3ea026685ca6e4bf,a56957124aebce41,,d2137050cd78698e,B2,16,16,7fe30b1136,3,uav:dune_forest_edge,ok,clean|uav_dune_forest_edge|clean|rep3|seed20240909,0.5447
harsh,,nan,uav_dune_forest_edge,24268f4c98cda6aa04e2048b2ec9fd38e96a75edca335e1e3ea026685ca6e4bf,a56957124aebce41,,57419fb46b73919b,B1,16,16,7fe30b1136,3,uav:dune_forest_edge,ok,harsh|uav_dune_forest_edge|harsh|rep3|seed20240909,0.7349
harsh,,nan,uav_dune_forest_edge,24268f4c98cda6aa04e2048b2ec9fd38e96a75edca335e1e3ea026685ca6e4bf,a56957124aebce41,,3187eea341939f44,B1,16,16,7fe30b1136,4,uav:dune_forest_edge,ok,harsh|uav_dune_forest_edge|harsh|rep4|seed20240909,0.7907
mild,,nan,uav_dune_forest_edge,24268f4c98cda6aa04e2048b2ec9fd38e96a75edca335e1e3ea026685ca6e4bf,a56957124aebce41,,0dc581a1ec981bc3,B2,16,16,7fe30b1136,0,uav:dune_forest_edge,ok,mild|uav_dune_forest_edge|mild|rep0|seed20240909,0.7398
mild,,nan,uav_dune_forest_edge,24268f4c98cda6aa04e2048b2ec9fd38e96a75edca335e1e3ea026685ca6e4bf,a56957124aebce41,,0703279c67be19d9,B2,16,16,7fe30b1136,1,uav:dune_forest_edge,ok,mild|uav_dune_forest_edge|mild|rep1|seed20240909,0.723
mild,,nan,uav_dune_forest_edge,24268f4c98cda6aa04e2048b2ec9fd38e96a75edca335e1e3ea026685ca6e4bf,a56957124aebce41,,d183db18e905a2be,B2,16,16,7fe30b1136,2,uav:dune_forest_edge,ok,mild|uav_dune_forest_edge|mild|rep2|seed20240909,0.7382
mild,,nan,uav_dune_forest_edge,24268f4c98cda6aa04e2048b2ec9fd38e96a75edca335e1e3ea026685ca6e4bf,a56957124aebce41,,ebbc13ba35c3e011,B2,16,16,7fe30b1136,3,uav:dune_forest_edge,ok,mild|uav_dune_forest_edge|mild|rep3|seed20240909,0.7632
bursty,,nan,uav_dune_forest_edge,24268f4c98cda6aa04e2048b2ec9fd38e96a75edca335e1e3ea026685ca6e4bf,a56957124aebce41,,ce1c60f957980408,B2,16,16,7fe30b1136,0,uav:dune_forest_edge,ok,bursty|uav_dune_forest_edge|bursty|rep0|seed20240909,0.6704
mild,,nan,uav_dune_forest_edge,24268f4c98cda6aa04e2048b2ec9fd38e96a75edca335e1e3ea026685ca6e4bf,a56957124aebce41,,60f24e6976611ec8,B2,16,16,7fe30b1136,4,uav:dune_forest_edge,ok,mild|uav_dune_forest_edge|mild|rep4|seed20240909,0.7925
moderate,,nan,uav_dune_forest_edge,24268f4c98cda6aa04e2048b2ec9fd38e96a75edca335e1e3ea026685ca6e4bf,a56957124aebce41,,1fe4bd256dff6c27,B2,16,16,7fe30b1136,0,uav:dune_forest_edge,ok,moderate|uav_dune_forest_edge|moderate|rep0|seed20240909,0.8209
moderate,,nan,uav_dune_forest_edge,24268f4c98cda6aa04e2048b2ec9fd38e96a75edca335e1e3ea026685ca6e4bf,a56957124aebce41,,ef06b35e5ecb7f0a,B2,16,16,7fe30b1136,1,uav:dune_forest_edge,ok,moderate|uav_dune_forest_edge|moderate|rep1|seed20240909,0.8302
moderate,,nan,uav_dune_forest_edge,24268f4c98cda6aa04e2048b2ec9fd38e96a75edca335e1e3ea026685ca6e4bf,a56957124aebce41,,974e6efac8063784,B2,16,16,7fe30b1136,2,uav:dune_forest_edge,ok,moderate|uav_dune_forest_edge|moderate|rep2|seed20240909,0.7776
moderate,,nan,uav_dune_forest_edge,24268f4c98cda6aa04e2048b2ec9fd38e96a75edca335e1e3ea026685ca6e4bf,a56957124aebce41,,624f8f4d73a4e3de,B2,16,16,7fe30b1136,4,uav:dune_forest_edge,ok,moderate|uav_dune_forest_edge|moderate|rep4|seed20240909,0.7937
moderate,,nan,uav_dune_forest_edge,24268f4c98cda6aa04e2048b2ec9fd38e96a75edca335e1e3ea026685ca6e4bf,a56957124aebce41,,18a7dfb852ac11fb,B2,16,16,7fe30b1136,3,uav:dune_forest_edge,ok,moderate|uav_dune_forest_edge|moderate|rep3|seed20240909,0.8036
bursty,,nan,uav_dune_forest_edge,24268f4c98cda6aa04e2048b2ec9fd38e96a75edca335e1e3ea026685ca6e4bf,a56957124aebce41,,9d2c29222c04353e,B2,16,16,7fe30b1136,1,uav:dune_forest_edge,ok,bursty|uav_dune_forest_edge|bursty|rep1|seed20240909,0.6912
bursty,,nan,uav_dune_forest_edge,24268f4c98cda6aa04e2048b2ec9fd38e96a75edca335e1e3ea026685ca6e4bf,a56957124aebce41,,cea5d482645e363f,B2,16,16,7fe30b1136,2,uav:dune_forest_edge,ok,bursty|uav_dune_forest_edge|bursty|rep2|seed20240909,0.7412
bursty,,nan,uav_dune_forest_edge,24268f4c98cda6aa04e2048b2ec9fd38e96a75edca335e1e3ea026685ca6e4bf,a56957124aebce41,,bd10c405b89aa57f,B2,16,16,7fe30b1136,3,uav:dune_forest_edge,ok,bursty|uav_dune_forest_edge|bursty|rep3|seed20240909,0.7541
bursty,,nan,uav_dune_forest_edge,24268f4c98cda6aa04e2048b2ec9fd38e96a75edca335e1e3ea026685ca6e4bf,a56957124aebce41,,14e7de303d3f0a45,B2,16,16,7fe30b1136,4,uav:dune_forest_edge,ok,bursty|uav_dune_forest_edge|bursty|rep4|seed20240909,0.6884
harsh,,nan,uav_dune_forest_edge,24268f4c98cda6aa04e2048b2ec9fd38e96a75edca335e1e3ea026685ca6e4bf,a56957124aebce41,,c143ec191bb95f00,B2,16,16,7fe30b1136,0,uav:dune_forest_edge,ok,harsh|uav_dune_forest_edge|harsh|rep0|seed20240909,0.7491
harsh,,nan,uav_dune_forest_edge,24268f4c98cda6aa04e2048b2ec9fd38e96a75edca335e1e3ea026685ca6e4bf,a56957124aebce41,,90764d8ed65a2859,B2,16,16,7fe30b1136,1,uav:dune_forest_edge,ok,harsh|uav_dune_forest_edge|harsh|rep1|seed20240909,0.7259
harsh,,nan,uav_dune_forest_edge,24268f4c98cda6aa04e2048b2ec9fd38e96a75edca335e1e3ea026685ca6e4bf,a56957124aebce41,,db054846ebcb2c33,B2,16,16,7fe30b1136,2,uav:dune_forest_edge,ok,harsh|uav_dune_forest_edge|harsh|rep2|seed20240909,0.7348
harsh,,nan,uav_dune_forest_edge,24268f4c98cda6aa04e2048b2ec9fd38e96a75edca335e1e3ea026685ca6e4bf,a56957124aebce41,,42cdae3fea8082c7,B2,16,16,7fe30b1136,3,uav:dune_forest_edge,ok,harsh|uav_dune_forest_edge|harsh|rep3|seed20240909,0.7207
harsh,,nan,uav_dune_forest_edge,24268f4c98cda6aa04e2048b2ec9fd38e96a75edca335e1e3ea026685ca6e4bf,a56957124aebce41,,1ad054f1f256c64e,B2,16,16,7fe30b1136,4,uav:dune_forest_edge,ok,harsh|uav_dune_forest_edge|harsh|rep4|seed20240909,0.7459
bursty,,nan,uav_dune_forest_edge,24268f4c98cda6aa04e2048b2ec9fd38e96a75edca335e1e3ea026685ca6e4bf,a56957124aebce41,,d5b97c30803ca94f,B0d,16,16,7fe30b1136,3,uav:dune_forest_edge,ok,bursty|uav_dune_forest_edge|bursty|rep3|seed20240909,7.4537
bursty,,nan,uav_dune_forest_edge,24268f4c98cda6aa04e2048b2ec9fd38e96a75edca335e1e3ea026685ca6e4bf,a56957124aebce41,,2b5165074d638c5b,B0d,16,16,7fe30b1136,1,uav:dune_forest_edge,ok,bursty|uav_dune_forest_edge|bursty|rep1|seed20240909,8.0068
bursty,,nan,uav_dune_forest_edge,24268f4c98cda6aa04e2048b2ec9fd38e96a75edca335e1e3ea026685ca6e4bf,a56957124aebce41,,5a6a7238a546a5ba,B0d,16,16,7fe30b1136,2,uav:dune_forest_edge,ok,bursty|uav_dune_forest_edge|bursty|rep2|seed20240909,7.8401
bursty,,nan,uav_dune_forest_edge,24268f4c98cda6aa04e2048b2ec9fd38e96a75edca335e1e3ea026685ca6e4bf,a56957124aebce41,,5ef8bf7ebfc8f8da,B0d,16,16,7fe30b1136,4,uav:dune_forest_edge,ok,bursty|uav_dune_forest_edge|bursty|rep4|seed20240909,8.4003
clean,,nan,uav_dune_forest_edge,24268f4c98cda6aa04e2048b2ec9fd38e96a75edca335e1e3ea026685ca6e4bf,a56957124aebce41,,0e55b9f18544ecc8,B3,16,16,7fe30b1136,0,uav:dune_forest_edge,ok,clean|uav_dune_forest_edge|clean|rep0|seed20240909,2.947
clean,,nan,uav_dune_forest_edge,24268f4c98cda6aa04e2048b2ec9fd38e96a75edca335e1e3ea026685ca6e4bf,a56957124aebce41,,2e13023cfc51e0ab,B3,16,16,7fe30b1136,1,uav:dune_forest_edge,ok,clean|uav_dune_forest_edge|clean|rep1|seed20240909,2.9141
clean,,nan,uav_dune_forest_edge,24268f4c98cda6aa04e2048b2ec9fd38e96a75edca335e1e3ea026685ca6e4bf,a56957124aebce41,,8effcadc3e7a2706,B3,16,16,7fe30b1136,2,uav:dune_forest_edge,ok,clean|uav_dune_forest_edge|clean|rep2|seed20240909,2.917
clean,,nan,uav_dune_forest_edge,24268f4c98cda6aa04e2048b2ec9fd38e96a75edca335e1e3ea026685ca6e4bf,a56957124aebce41,,f12da40263da0538,B3,16,16,7fe30b1136,3,uav:dune_forest_edge,ok,clean|uav_dune_forest_edge|clean|rep3|seed20240909,3.0165
clean,,nan,uav_dune_forest_edge,24268f4c98cda6aa04e2048b2ec9fd38e96a75edca335e1e3ea026685ca6e4bf,a56957124aebce41,,5fe730ff82886f74,B3,16,16,7fe30b1136,4,uav:dune_forest_edge,ok,clean|uav_dune_forest_edge|clean|rep4|seed20240909,3.0562
mild,,nan,uav_dune_forest_edge,24268f4c98cda6aa04e2048b2ec9fd38e96a75edca335e1e3ea026685ca6e4bf,a56957124aebce41,,6854aa08c94f9fce,B3,16,16,7fe30b1136,0,uav:dune_forest_edge,ok,mild|uav_dune_forest_edge|mild|rep0|seed20240909,3.1685
mild,,nan,uav_dune_forest_edge,24268f4c98cda6aa04e2048b2ec9fd38e96a75edca335e1e3ea026685ca6e4bf,a56957124aebce41,,063d498a45bd0d43,B3,16,16,7fe30b1136,1,uav:dune_forest_edge,ok,mild|uav_dune_forest_edge|mild|rep1|seed20240909,3.0496
mild,,nan,uav_dune_forest_edge,24268f4c98cda6aa04e2048b2ec9fd38e96a75edca335e1e3ea026685ca6e4bf,a56957124aebce41,,8ef1d6821bf06d72,B3,16,16,7fe30b1136,3,uav:dune_forest_edge,ok,mild|uav_dune_forest_edge|mild|rep3|seed20240909,3.0478
mild,,nan,uav_dune_forest_edge,24268f4c98cda6aa04e2048b2ec9fd38e96a75edca335e1e3ea026685ca6e4bf,a56957124aebce41,,eae67ec00201ecca,B3,16,16,7fe30b1136,4,uav:dune_forest_edge,ok,mild|uav_dune_forest_edge|mild|rep4|seed20240909,3.0615
mild,,nan,uav_dune_forest_edge,24268f4c98cda6aa04e2048b2ec9fd38e96a75edca335e1e3ea026685ca6e4bf,a56957124aebce41,,f5ab3002ce2be2f7,B3,16,16,7fe30b1136,2,uav:dune_forest_edge,ok,mild|uav_dune_forest_edge|mild|rep2|seed20240909,3.0977
moderate,,nan,uav_dune_forest_edge,24268f4c98cda6aa04e2048b2ec9fd38e96a75edca335e1e3ea026685ca6e4bf,a56957124aebce41,,bab3f5cd04ed28e4,B3,16,16,7fe30b1136,0,uav:dune_forest_edge,ok,moderate|uav_dune_forest_edge|moderate|rep0|seed20240909,4.2717
moderate,,nan,uav_dune_forest_edge,24268f4c98cda6aa04e2048b2ec9fd38e96a75edca335e1e3ea026685ca6e4bf,a56957124aebce41,,45c54f70af4c4598,B3,16,16,7fe30b1136,1,uav:dune_forest_edge,ok,moderate|uav_dune_forest_edge|moderate|rep1|seed20240909,4.5346
moderate,,nan,uav_dune_forest_edge,24268f4c98cda6aa04e2048b2ec9fd38e96a75edca335e1e3ea026685ca6e4bf,a56957124aebce41,,6d94cbeec96e330b,B3,16,16,7fe30b1136,3,uav:dune_forest_edge,ok,moderate|uav_dune_forest_edge|moderate|rep3|seed20240909,4.156
harsh,,nan,uav_dune_forest_edge,24268f4c98cda6aa04e2048b2ec9fd38e96a75edca335e1e3ea026685ca6e4bf,a56957124aebce41,,306fb7e439dfcaa6,B3,16,16,7fe30b1136,0,uav:dune_forest_edge,ok,harsh|uav_dune_forest_edge|harsh|rep0|seed20240909,2.2065
moderate,,nan,uav_dune_forest_edge,24268f4c98cda6aa04e2048b2ec9fd38e96a75edca335e1e3ea026685ca6e4bf,a56957124aebce41,,694f45c2ce2e0c7e,B3,16,16,7fe30b1136,2,uav:dune_forest_edge,ok,moderate|uav_dune_forest_edge|moderate|rep2|seed20240909,4.5851
moderate,,nan,uav_dune_forest_edge,24268f4c98cda6aa04e2048b2ec9fd38e96a75edca335e1e3ea026685ca6e4bf,a56957124aebce41,,950de7f1ca1f8976,B3,16,16,7fe30b1136,4,uav:dune_forest_edge,ok,moderate|uav_dune_forest_edge|moderate|rep4|seed20240909,4.3445
harsh,,nan,uav_dune_forest_edge,24268f4c98cda6aa04e2048b2ec9fd38e96a75edca335e1e3ea026685ca6e4bf,a56957124aebce41,,a020bfeea7e89552,B3,16,16,7fe30b1136,1,uav:dune_forest_edge,ok,harsh|uav_dune_forest_edge|harsh|rep1|seed20240909,2.219
harsh,,nan,uav_dune_forest_edge,24268f4c98cda6aa04e2048b2ec9fd38e96a75edca335e1e3ea026685ca6e4bf,a56957124aebce41,,d9dbbeee24894327,B3,16,16,7fe30b1136,2,uav:dune_forest_edge,ok,harsh|uav_dune_forest_edge|harsh|rep2|seed20240909,2.0839
bursty,,nan,uav_dune_forest_edge,24268f4c98cda6aa04e2048b2ec9fd38e96a75edca335e1e3ea026685ca6e4bf,a56957124aebce41,,bfedce9282672973,B3,16,16,7fe30b1136,0,uav:dune_forest_edge,ok,bursty|uav_dune_forest_edge|bursty|rep0|seed20240909,3.8362
harsh,,nan,uav_dune_forest_edge,24268f4c98cda6aa04e2048b2ec9fd38e96a75edca335e1e3ea026685ca6e4bf,a56957124aebce41,,31702dd70af8afe5,B3,16,16,7fe30b1136,4,uav:dune_forest_edge,ok,harsh|uav_dune_forest_edge|harsh|rep4|seed20240909,2.192
harsh,,nan,uav_dune_forest_edge,24268f4c98cda6aa04e2048b2ec9fd38e96a75edca335e1e3ea026685ca6e4bf,a56957124aebce41,,869aa1e1caea7da5,B3,16,16,7fe30b1136,3,uav:dune_forest_edge,ok,harsh|uav_dune_forest_edge|harsh|rep3|seed20240909,2.3123
bursty,,nan,uav_dune_forest_edge,24268f4c98cda6aa04e2048b2ec9fd38e96a75edca335e1e3ea026685ca6e4bf,a56957124aebce41,,72d7045b27336622,B3,16,16,7fe30b1136,3,uav:dune_forest_edge,ok,bursty|uav_dune_forest_edge|bursty|rep3|seed20240909,4.5265
bursty,,nan,uav_dune_forest_edge,24268f4c98cda6aa04e2048b2ec9fd38e96a75edca335e1e3ea026685ca6e4bf,a56957124aebce41,,8169427d06b21049,B3,16,16,7fe30b1136,1,uav:dune_forest_edge,ok,bursty|uav_dune_forest_edge|bursty|rep1|seed20240909,4.5508
bursty,,nan,uav_dune_forest_edge,24268f4c98cda6aa04e2048b2ec9fd38e96a75edca335e1e3ea026685ca6e4bf,a56957124aebce41,,1d49ed765bcb2a23,B3,16,16,7fe30b1136,4,uav:dune_forest_edge,ok,bursty|uav_dune_forest_edge|bursty|rep4|seed20240909,4.8652
bursty,,nan,uav_dune_forest_edge,24268f4c98cda6aa04e2048b2ec9fd38e96a75edca335e1e3ea026685ca6e4bf,a56957124aebce41,,6472ba49b1fa4857,B3,16,16,7fe30b1136,2,uav:dune_forest_edge,ok,bursty|uav_dune_forest_edge|bursty|rep2|seed20240909,5.0954
clean,,nan,uav_dune_forest_edge,24268f4c98cda6aa04e2048b2ec9fd38e96a75edca335e1e3ea026685ca6e4bf,a56957124aebce41,,1077ea01aed086ff,B4,16,16,7fe30b1136,0,uav:dune_forest_edge,ok,clean|uav_dune_forest_edge|clean|rep0|seed20240909,4.9635
clean,,nan,uav_dune_forest_edge,24268f4c98cda6aa04e2048b2ec9fd38e96a75edca335e1e3ea026685ca6e4bf,a56957124aebce41,,515094b66b909ca6,B4,16,16,7fe30b1136,1,uav:dune_forest_edge,ok,clean|uav_dune_forest_edge|clean|rep1|seed20240909,4.8761
clean,,nan,uav_dune_forest_edge,24268f4c98cda6aa04e2048b2ec9fd38e96a75edca335e1e3ea026685ca6e4bf,a56957124aebce41,,19b585adfe99d43f,B4,16,16,7fe30b1136,2,uav:dune_forest_edge,ok,clean|uav_dune_forest_edge|clean|rep2|seed20240909,4.8084
clean,,nan,uav_dune_forest_edge,24268f4c98cda6aa04e2048b2ec9fd38e96a75edca335e1e3ea026685ca6e4bf,a56957124aebce41,,2c4d8a3ff37cf56d,B4,16,16,7fe30b1136,3,uav:dune_forest_edge,ok,clean|uav_dune_forest_edge|clean|rep3|seed20240909,4.8622
clean,,nan,uav_dune_forest_edge,24268f4c98cda6aa04e2048b2ec9fd38e96a75edca335e1e3ea026685ca6e4bf,a56957124aebce41,,2ed2a1dfd522bc26,B4,16,16,7fe30b1136,4,uav:dune_forest_edge,ok,clean|uav_dune_forest_edge|clean|rep4|seed20240909,4.8564
mild,,nan,uav_dune_forest_edge,24268f4c98cda6aa04e2048b2ec9fd38e96a75edca335e1e3ea026685ca6e4bf,a56957124aebce41,,969cacdc9bd5dd10,B4,16,16,7fe30b1136,1,uav:dune_forest_edge,ok,mild|uav_dune_forest_edge|mild|rep1|seed20240909,5.0558
mild,,nan,uav_dune_forest_edge,24268f4c98cda6aa04e2048b2ec9fd38e96a75edca335e1e3ea026685ca6e4bf,a56957124aebce41,,970b362ef885824a,B4,16,16,7fe30b1136,0,uav:dune_forest_edge,ok,mild|uav_dune_forest_edge|mild|rep0|seed20240909,5.1037
mild,,nan,uav_dune_forest_edge,24268f4c98cda6aa04e2048b2ec9fd38e96a75edca335e1e3ea026685ca6e4bf,a56957124aebce41,,160f0920cb984bab,B4,16,16,7fe30b1136,4,uav:dune_forest_edge,ok,mild|uav_dune_forest_edge|mild|rep4|seed20240909,5.1219
mild,,nan,uav_dune_forest_edge,24268f4c98cda6aa04e2048b2ec9fd38e96a75edca335e1e3ea026685ca6e4bf,a56957124aebce41,,63e6844e1d983624,B4,16,16,7fe30b1136,2,uav:dune_forest_edge,ok,mild|uav_dune_forest_edge|mild|rep2|seed20240909,5.2114
mild,,nan,uav_dune_forest_edge,24268f4c98cda6aa04e2048b2ec9fd38e96a75edca335e1e3ea026685ca6e4bf,a56957124aebce41,,3df5e564c8c82621,B4,16,16,7fe30b1136,3,uav:dune_forest_edge,ok,mild|uav_dune_forest_edge|mild|rep3|seed20240909,5.2599
harsh,,nan,uav_dune_forest_edge,24268f4c98cda6aa04e2048b2ec9fd38e96a75edca335e1e3ea026685ca6e4bf,a56957124aebce41,,72e6613154b4cd53,B4,16,16,7fe30b1136,0,uav:dune_forest_edge,ok,harsh|uav_dune_forest_edge|harsh|rep0|seed20240909,3.3421
harsh,,nan,uav_dune_forest_edge,24268f4c98cda6aa04e2048b2ec9fd38e96a75edca335e1e3ea026685ca6e4bf,a56957124aebce41,,3a0f77862fb008c5,B4,16,16,7fe30b1136,2,uav:dune_forest_edge,ok,harsh|uav_dune_forest_edge|harsh|rep2|seed20240909,3.3094
moderate,,nan,uav_dune_forest_edge,24268f4c98cda6aa04e2048b2ec9fd38e96a75edca335e1e3ea026685ca6e4bf,a56957124aebce41,,985f9b46e86d7bc8,B4,16,16,7fe30b1136,0,uav:dune_forest_edge,ok,moderate|uav_dune_forest_edge|moderate|rep0|seed20240909,8.0086
harsh,,nan,uav_dune_forest_edge,24268f4c98cda6aa04e2048b2ec9fd38e96a75edca335e1e3ea026685ca6e4bf,a56957124aebce41,,cda96293ffb9cc32,B4,16,16,7fe30b1136,1,uav:dune_forest_edge,ok,harsh|uav_dune_forest_edge|harsh|rep1|seed20240909,3.3603
harsh,,nan,uav_dune_forest_edge,24268f4c98cda6aa04e2048b2ec9fd38e96a75edca335e1e3ea026685ca6e4bf,a56957124aebce41,,d817dc9add4e50f6,B4,16,16,7fe30b1136,3,uav:dune_forest_edge,ok,harsh|uav_dune_forest_edge|harsh|rep3|seed20240909,3.3003
harsh,,nan,uav_dune_forest_edge,24268f4c98cda6aa04e2048b2ec9fd38e96a75edca335e1e3ea026685ca6e4bf,a56957124aebce41,,2ea8cffab632f679,B4,16,16,7fe30b1136,4,uav:dune_forest_edge,ok,harsh|uav_dune_forest_edge|harsh|rep4|seed20240909,3.2497
moderate,,nan,uav_dune_forest_edge,24268f4c98cda6aa04e2048b2ec9fd38e96a75edca335e1e3ea026685ca6e4bf,a56957124aebce41,,53643e00fadc2fb0,B4,16,16,7fe30b1136,1,uav:dune_forest_edge,ok,moderate|uav_dune_forest_edge|moderate|rep1|seed20240909,8.3291
moderate,,nan,uav_dune_forest_edge,24268f4c98cda6aa04e2048b2ec9fd38e96a75edca335e1e3ea026685ca6e4bf,a56957124aebce41,,d6954e645f1ab1b7,B4,16,16,7fe30b1136,3,uav:dune_forest_edge,ok,moderate|uav_dune_forest_edge|moderate|rep3|seed20240909,8.3232
moderate,,nan,uav_dune_forest_edge,24268f4c98cda6aa04e2048b2ec9fd38e96a75edca335e1e3ea026685ca6e4bf,a56957124aebce41,,2573b134bf2a4bf3,B4,16,16,7fe30b1136,2,uav:dune_forest_edge,ok,moderate|uav_dune_forest_edge|moderate|rep2|seed20240909,8.373
bursty,,nan,uav_dune_forest_edge,24268f4c98cda6aa04e2048b2ec9fd38e96a75edca335e1e3ea026685ca6e4bf,a56957124aebce41,,f42792863d9b515b,B4,16,16,7fe30b1136,0,uav:dune_forest_edge,ok,bursty|uav_dune_forest_edge|bursty|rep0|seed20240909,8.0328
moderate,,nan,uav_dune_forest_edge,24268f4c98cda6aa04e2048b2ec9fd38e96a75edca335e1e3ea026685ca6e4bf,a56957124aebce41,,6a24eda339bf5117,B4,16,16,7fe30b1136,4,uav:dune_forest_edge,ok,moderate|uav_dune_forest_edge|moderate|rep4|seed20240909,8.5375
bursty,,nan,uav_dune_forest_edge,24268f4c98cda6aa04e2048b2ec9fd38e96a75edca335e1e3ea026685ca6e4bf,a56957124aebce41,,e5f6e6aea1174a3f,B4,16,16,7fe30b1136,1,uav:dune_forest_edge,ok,bursty|uav_dune_forest_edge|bursty|rep1|seed20240909,8.9772
bursty,,nan,uav_dune_forest_edge,24268f4c98cda6aa04e2048b2ec9fd38e96a75edca335e1e3ea026685ca6e4bf,a56957124aebce41,,da9142424b030c11,B4,16,16,7fe30b1136,2,uav:dune_forest_edge,ok,bursty|uav_dune_forest_edge|bursty|rep2|seed20240909,8.4251
bursty,,nan,uav_dune_forest_edge,24268f4c98cda6aa04e2048b2ec9fd38e96a75edca335e1e3ea026685ca6e4bf,a56957124aebce41,,fefff9f5d9c68164,B4,16,16,7fe30b1136,3,uav:dune_forest_edge,ok,bursty|uav_dune_forest_edge|bursty|rep3|seed20240909,8.3699
clean,,nan,uav_dune_forest_edge,24268f4c98cda6aa04e2048b2ec9fd38e96a75edca335e1e3ea026685ca6e4bf,a56957124aebce41,,b357b561d1f01ca1,P,16,16,f6706417e8,0,uav:dune_forest_edge,ok,clean|uav_dune_forest_edge|clean|rep0|seed20240909,8.1997
bursty,,nan,uav_dune_forest_edge,24268f4c98cda6aa04e2048b2ec9fd38e96a75edca335e1e3ea026685ca6e4bf,a56957124aebce41,,9c6811faabd6480d,B4,16,16,7fe30b1136,4,uav:dune_forest_edge,ok,bursty|uav_dune_forest_edge|bursty|rep4|seed20240909,9.0737
clean,,nan,uav_dune_forest_edge,24268f4c98cda6aa04e2048b2ec9fd38e96a75edca335e1e3ea026685ca6e4bf,a56957124aebce41,,63262496db8f72c2,P,16,16,f6706417e8,4,uav:dune_forest_edge,ok,clean|uav_dune_forest_edge|clean|rep4|seed20240909,7.9196
clean,,nan,uav_dune_forest_edge,24268f4c98cda6aa04e2048b2ec9fd38e96a75edca335e1e3ea026685ca6e4bf,a56957124aebce41,,3ee5a379744c4480,P,16,16,f6706417e8,1,uav:dune_forest_edge,ok,clean|uav_dune_forest_edge|clean|rep1|seed20240909,8.236
clean,,nan,uav_dune_forest_edge,24268f4c98cda6aa04e2048b2ec9fd38e96a75edca335e1e3ea026685ca6e4bf,a56957124aebce41,,885a4ea891f3686a,P,16,16,f6706417e8,3,uav:dune_forest_edge,ok,clean|uav_dune_forest_edge|clean|rep3|seed20240909,8.0643
clean,,nan,uav_dune_forest_edge,24268f4c98cda6aa04e2048b2ec9fd38e96a75edca335e1e3ea026685ca6e4bf,a56957124aebce41,,c73b210f54cc31f0,P,16,16,f6706417e8,2,uav:dune_forest_edge,ok,clean|uav_dune_forest_edge|clean|rep2|seed20240909,8.1549
mild,,nan,uav_dune_forest_edge,24268f4c98cda6aa04e2048b2ec9fd38e96a75edca335e1e3ea026685ca6e4bf,a56957124aebce41,,822815cf52662ecc,P,16,16,f6706417e8,1,uav:dune_forest_edge,ok,mild|uav_dune_forest_edge|mild|rep1|seed20240909,8.47
mild,,nan,uav_dune_forest_edge,24268f4c98cda6aa04e2048b2ec9fd38e96a75edca335e1e3ea026685ca6e4bf,a56957124aebce41,,4cead6f4a20366ba,P,16,16,f6706417e8,0,uav:dune_forest_edge,ok,mild|uav_dune_forest_edge|mild|rep0|seed20240909,8.5435
mild,,nan,uav_dune_forest_edge,24268f4c98cda6aa04e2048b2ec9fd38e96a75edca335e1e3ea026685ca6e4bf,a56957124aebce41,,64ab980249e6f350,P,16,16,f6706417e8,2,uav:dune_forest_edge,ok,mild|uav_dune_forest_edge|mild|rep2|seed20240909,8.4724
mild,,nan,uav_dune_forest_edge,24268f4c98cda6aa04e2048b2ec9fd38e96a75edca335e1e3ea026685ca6e4bf,a56957124aebce41,,8a2adc1a1abc8620,P,16,16,f6706417e8,3,uav:dune_forest_edge,ok,mild|uav_dune_forest_edge|mild|rep3|seed20240909,8.5961
mild,,nan,uav_dune_forest_edge,24268f4c98cda6aa04e2048b2ec9fd38e96a75edca335e1e3ea026685ca6e4bf,a56957124aebce41,,7370365df0fcb88b,P,16,16,f6706417e8,4,uav:dune_forest_edge,ok,mild|uav_dune_forest_edge|mild|rep4|seed20240909,8.6707
clean,,nan,uav_spit_far,47d32a634b45738332fccab7224e890ee440fcfd5b7459ae49b7426f9a117ef1,a56957124aebce41,,52e341fbbaa41a1e,B0a,16,16,7fe30b1136,0,uav:spit_far,ok,clean|uav_spit_far|clean|rep0|seed20240909,0.4652
clean,,nan,uav_spit_far,47d32a634b45738332fccab7224e890ee440fcfd5b7459ae49b7426f9a117ef1,a56957124aebce41,,be63bab7ffde9a64,B0a,16,16,7fe30b1136,1,uav:spit_far,ok,clean|uav_spit_far|clean|rep1|seed20240909,0.4808
clean,,nan,uav_spit_far,47d32a634b45738332fccab7224e890ee440fcfd5b7459ae49b7426f9a117ef1,a56957124aebce41,,cb2788dc3e7b2d41,B0a,16,16,7fe30b1136,2,uav:spit_far,ok,clean|uav_spit_far|clean|rep2|seed20240909,0.4739
clean,,nan,uav_spit_far,47d32a634b45738332fccab7224e890ee440fcfd5b7459ae49b7426f9a117ef1,a56957124aebce41,,ab159155dc73b746,B0a,16,16,7fe30b1136,3,uav:spit_far,ok,clean|uav_spit_far|clean|rep3|seed20240909,0.4786
clean,,nan,uav_spit_far,47d32a634b45738332fccab7224e890ee440fcfd5b7459ae49b7426f9a117ef1,a56957124aebce41,,21b8e60a85690967,B0a,16,16,7fe30b1136,4,uav:spit_far,ok,clean|uav_spit_far|clean|rep4|seed20240909,0.4921
harsh,,nan,uav_dune_forest_edge,24268f4c98cda6aa04e2048b2ec9fd38e96a75edca335e1e3ea026685ca6e4bf,a56957124aebce41,,65e59ffe4a53251f,P,16,16,f6706417e8,0,uav:dune_forest_edge,ok,harsh|uav_dune_forest_edge|harsh|rep0|seed20240909,4.9805
mild,,nan,uav_spit_far,47d32a634b45738332fccab7224e890ee440fcfd5b7459ae49b7426f9a117ef1,a56957124aebce41,,7333ce8845390e8c,B0a,16,16,7fe30b1136,0,uav:spit_far,ok,mild|uav_spit_far|mild|rep0|seed20240909,0.6234
harsh,,nan,uav_dune_forest_edge,24268f4c98cda6aa04e2048b2ec9fd38e96a75edca335e1e3ea026685ca6e4bf,a56957124aebce41,,2e8b42292ae9c2b7,P,16,16,f6706417e8,2,uav:dune_forest_edge,ok,harsh|uav_dune_forest_edge|harsh|rep2|seed20240909,4.9194
mild,,nan,uav_spit_far,47d32a634b45738332fccab7224e890ee440fcfd5b7459ae49b7426f9a117ef1,a56957124aebce41,,4fead3887cb35a58,B0a,16,16,7fe30b1136,1,uav:spit_far,ok,mild|uav_spit_far|mild|rep1|seed20240909,0.6192
harsh,,nan,uav_dune_forest_edge,24268f4c98cda6aa04e2048b2ec9fd38e96a75edca335e1e3ea026685ca6e4bf,a56957124aebce41,,b5cea97c5424a2ab,P,16,16,f6706417e8,1,uav:dune_forest_edge,ok,harsh|uav_dune_forest_edge|harsh|rep1|seed20240909,5.0824
harsh,,nan,uav_dune_forest_edge,24268f4c98cda6aa04e2048b2ec9fd38e96a75edca335e1e3ea026685ca6e4bf,a56957124aebce41,,1c331606ba308765,P,16,16,f6706417e8,3,uav:dune_forest_edge,ok,harsh|uav_dune_forest_edge|harsh|rep3|seed20240909,4.915
mild,,nan,uav_spit_far,47d32a634b45738332fccab7224e890ee440fcfd5b7459ae49b7426f9a117ef1,a56957124aebce41,,3ce1bfd1993bdce5,B0a,16,16,7fe30b1136,2,uav:spit_far,ok,mild|uav_spit_far|mild|rep2|seed20240909,0.6747
mild,,nan,uav_spit_far,47d32a634b45738332fccab7224e890ee440fcfd5b7459ae49b7426f9a117ef1,a56957124aebce41,,9b44a6bde76d3c8a,B0a,16,16,7fe30b1136,3,uav:spit_far,ok,mild|uav_spit_far|mild|rep3|seed20240909,0.6928
mild,,nan,uav_spit_far,47d32a634b45738332fccab7224e890ee440fcfd5b7459ae49b7426f9a117ef1,a56957124aebce41,,f7ddc44ff0be9dcd,B0a,16,16,7fe30b1136,4,uav:spit_far,ok,mild|uav_spit_far|mild|rep4|seed20240909,0.648
moderate,,nan,uav_spit_far,47d32a634b45738332fccab7224e890ee440fcfd5b7459ae49b7426f9a117ef1,a56957124aebce41,,930be91f70eb789d,B0a,16,16,7fe30b1136,0,uav:spit_far,ok,moderate|uav_spit_far|moderate|rep0|seed20240909,0.6968
moderate,,nan,uav_spit_far,47d32a634b45738332fccab7224e890ee440fcfd5b7459ae49b7426f9a117ef1,a56957124aebce41,,b7c5ebcb70a273c4,B0a,16,16,7fe30b1136,1,uav:spit_far,ok,moderate|uav_spit_far|moderate|rep1|seed20240909,0.6451
moderate,,nan,uav_spit_far,47d32a634b45738332fccab7224e890ee440fcfd5b7459ae49b7426f9a117ef1,a56957124aebce41,,e7b2e6948633361d,B0a,16,16,7fe30b1136,2,uav:spit_far,ok,moderate|uav_spit_far|moderate|rep2|seed20240909,0.8169
moderate,,nan,uav_spit_far,47d32a634b45738332fccab7224e890ee440fcfd5b7459ae49b7426f9a117ef1,a56957124aebce41,,f7eeb6a85e5227d6,B0a,16,16,7fe30b1136,3,uav:spit_far,ok,moderate|uav_spit_far|moderate|rep3|seed20240909,0.8039
moderate,,nan,uav_spit_far,47d32a634b45738332fccab7224e890ee440fcfd5b7459ae49b7426f9a117ef1,a56957124aebce41,,810301defb8a61e1,B0a,16,16,7fe30b1136,4,uav:spit_far,ok,moderate|uav_spit_far|moderate|rep4|seed20240909,0.7821
bursty,,nan,uav_spit_far,47d32a634b45738332fccab7224e890ee440fcfd5b7459ae49b7426f9a117ef1,a56957124aebce41,,cb4093d1f9b6f70f,B0a,16,16,7fe30b1136,1,uav:spit_far,ok,bursty|uav_spit_far|bursty|rep1|seed20240909,0.7229
bursty,,nan,uav_spit_far,47d32a634b45738332fccab7224e890ee440fcfd5b7459ae49b7426f9a117ef1,a56957124aebce41,,ab485e830bc1f634,B0a,16,16,7fe30b1136,0,uav:spit_far,ok,bursty|uav_spit_far|bursty|rep0|seed20240909,0.7666
harsh,,nan,uav_dune_forest_edge,24268f4c98cda6aa04e2048b2ec9fd38e96a75edca335e1e3ea026685ca6e4bf,a56957124aebce41,,62ca6a14dd24d822,P,16,16,f6706417e8,4,uav:dune_forest_edge,ok,harsh|uav_dune_forest_edge|harsh|rep4|seed20240909,5.2626
bursty,,nan,uav_spit_far,47d32a634b45738332fccab7224e890ee440fcfd5b7459ae49b7426f9a117ef1,a56957124aebce41,,1c52b42ce66a9d59,B0a,16,16,7fe30b1136,2,uav:spit_far,ok,bursty|uav_spit_far|bursty|rep2|seed20240909,0.6908
bursty,,nan,uav_spit_far,47d32a634b45738332fccab7224e890ee440fcfd5b7459ae49b7426f9a117ef1,a56957124aebce41,,8dce988a22e9a051,B0a,16,16,7fe30b1136,4,uav:spit_far,ok,bursty|uav_spit_far|bursty|rep4|seed20240909,0.678
harsh,,nan,uav_spit_far,47d32a634b45738332fccab7224e890ee440fcfd5b7459ae49b7426f9a117ef1,a56957124aebce41,,b6e93415775d2b24,B0a,16,16,7fe30b1136,1,uav:spit_far,ok,harsh|uav_spit_far|harsh|rep1|seed20240909,0.674
bursty,,nan,uav_spit_far,47d32a634b45738332fccab7224e890ee440fcfd5b7459ae49b7426f9a117ef1,a56957124aebce41,,6685c2cb4d692efc,B0a,16,16,7fe30b1136,3,uav:spit_far,ok,bursty|uav_spit_far|bursty|rep3|seed20240909,0.7412
harsh,,nan,uav_spit_far,47d32a634b45738332fccab7224e890ee440fcfd5b7459ae49b7426f9a117ef1,a56957124aebce41,,cb4ff7104377faec,B0a,16,16,7fe30b1136,0,uav:spit_far,ok,harsh|uav_spit_far|harsh|rep0|seed20240909,0.7163
harsh,,nan,uav_spit_far,47d32a634b45738332fccab7224e890ee440fcfd5b7459ae49b7426f9a117ef1,a56957124aebce41,,339ef20bb466f2fa,B0a,16,16,7fe30b1136,2,uav:spit_far,ok,harsh|uav_spit_far|harsh|rep2|seed20240909,0.6739
harsh,,nan,uav_spit_far,47d32a634b45738332fccab7224e890ee440fcfd5b7459ae49b7426f9a117ef1,a56957124aebce41,,a8bde135344ddbe0,B0a,16,16,7fe30b1136,3,uav:spit_far,ok,harsh|uav_spit_far|harsh|rep3|seed20240909,0.6938
harsh,,nan,uav_spit_far,47d32a634b45738332fccab7224e890ee440fcfd5b7459ae49b7426f9a117ef1,a56957124aebce41,,bfe154c99b5640fa,B0a,16,16,7fe30b1136,4,uav:spit_far,ok,harsh|uav_spit_far|harsh|rep4|seed20240909,0.7303
clean,,nan,uav_spit_far,47d32a634b45738332fccab7224e890ee440fcfd5b7459ae49b7426f9a117ef1,a56957124aebce41,,4c3e30b75435e38d,B0a-R,16,16,7fe30b1136,2,uav:spit_far,ok,clean|uav_spit_far|clean|rep2|seed20240909,1.2648
clean,,nan,uav_spit_far,47d32a634b45738332fccab7224e890ee440fcfd5b7459ae49b7426f9a117ef1,a56957124aebce41,,ba6c35313cf703ba,B0a-R,16,16,7fe30b1136,1,uav:spit_far,ok,clean|uav_spit_far|clean|rep1|seed20240909,1.2984
clean,,nan,uav_spit_far,47d32a634b45738332fccab7224e890ee440fcfd5b7459ae49b7426f9a117ef1,a56957124aebce41,,ef5a97513dbdb288,B0a-R,16,16,7fe30b1136,0,uav:spit_far,ok,clean|uav_spit_far|clean|rep0|seed20240909,1.3944
moderate,,nan,uav_dune_forest_edge,24268f4c98cda6aa04e2048b2ec9fd38e96a75edca335e1e3ea026685ca6e4bf,a56957124aebce41,,145bee59189b8a02,P,16,16,f6706417e8,1,uav:dune_forest_edge,ok,moderate|uav_dune_forest_edge|moderate|rep1|seed20240909,14.9812
clean,,nan,uav_spit_far,47d32a634b45738332fccab7224e890ee440fcfd5b7459ae49b7426f9a117ef1,a56957124aebce41,,cc6a46551a4aa393,B0a-R,16,16,7fe30b1136,3,uav:spit_far,ok,clean|uav_spit_far|clean|rep3|seed20240909,1.4566
clean,,nan,uav_spit_far,47d32a634b45738332fccab7224e890ee440fcfd5b7459ae49b7426f9a117ef1,a56957124aebce41,,1ffe35ff2eed3af0,B0a-R,16,16,7fe30b1136,4,uav:spit_far,ok,clean|uav_spit_far|clean|rep4|seed20240909,1.3879
moderate,,nan,uav_dune_forest_edge,24268f4c98cda6aa04e2048b2ec9fd38e96a75edca335e1e3ea026685ca6e4bf,a56957124aebce41,,1e5fb50219300b4f,P,16,16,f6706417e8,0,uav:dune_forest_edge,ok,moderate|uav_dune_forest_edge|moderate|rep0|seed20240909,15.7843
mild,,nan,uav_spit_far,47d32a634b45738332fccab7224e890ee440fcfd5b7459ae49b7426f9a117ef1,a56957124aebce41,,22d241fd0b3feba8,B0a-R,16,16,7fe30b1136,0,uav:spit_far,ok,mild|uav_spit_far|mild|rep0|seed20240909,2.0205
mild,,nan,uav_spit_far,47d32a634b45738332fccab7224e890ee440fcfd5b7459ae49b7426f9a117ef1,a56957124aebce41,,c551dc8c4e5782e0,B0a-R,16,16,7fe30b1136,1,uav:spit_far,ok,mild|uav_spit_far|mild|rep1|seed20240909,1.7598
moderate,,nan,uav_dune_forest_edge,24268f4c98cda6aa04e2048b2ec9fd38e96a75edca335e1e3ea026685ca6e4bf,a56957124aebce41,,3a39e4bfc900a6ba,P,16,16,f6706417e8,2,uav:dune_forest_edge,ok,moderate|uav_dune_forest_edge|moderate|rep2|seed20240909,15.3205
mild,,nan,uav_spit_far,47d32a634b45738332fccab7224e890ee440fcfd5b7459ae49b7426f9a117ef1,a56957124aebce41,,7a5844cc85081423,B0a-R,16,16,7fe30b1136,2,uav:spit_far,ok,mild|uav_spit_far|mild|rep2|seed20240909,2.0483
mild,,nan,uav_spit_far,47d32a634b45738332fccab7224e890ee440fcfd5b7459ae49b7426f9a117ef1,a56957124aebce41,,c4bc6bc28d3ab54a,B0a-R,16,16,7fe30b1136,3,uav:spit_far,ok,mild|uav_spit_far|mild|rep3|seed20240909,2.0834
mild,,nan,uav_spit_far,47d32a634b45738332fccab7224e890ee440fcfd5b7459ae49b7426f9a117ef1,a56957124aebce41,,d28d1bc641e3cca7,B0a-R,16,16,7fe30b1136,4,uav:spit_far,ok,mild|uav_spit_far|mild|rep4|seed20240909,1.8634
bursty,,nan,uav_dune_forest_edge,24268f4c98cda6aa04e2048b2ec9fd38e96a75edca335e1e3ea026685ca6e4bf,a56957124aebce41,,ad6c650e39316d61,P,16,16,f6706417e8,0,uav:dune_forest_edge,ok,bursty|uav_dune_forest_edge|bursty|rep0|seed20240909,14.6397
moderate,,nan,uav_spit_far,47d32a634b45738332fccab7224e890ee440fcfd5b7459ae49b7426f9a117ef1,a56957124aebce41,,43286a699375c2ad,B0a-R,16,16,7fe30b1136,0,uav:spit_far,ok,moderate|uav_spit_far|moderate|rep0|seed20240909,2.2309
moderate,,nan,uav_spit_far,47d32a634b45738332fccab7224e890ee440fcfd5b7459ae49b7426f9a117ef1,a56957124aebce41,,4d32a7c18624a944,B0a-R,16,16,7fe30b1136,1,uav:spit_far,ok,moderate|uav_spit_far|moderate|rep1|seed20240909,2.2478
moderate,,nan,uav_spit_far,47d32a634b45738332fccab7224e890ee440fcfd5b7459ae49b7426f9a117ef1,a56957124aebce41,,f8c13f827eded212,B0a-R,16,16,7fe30b1136,2,uav:spit_far,ok,moderate|uav_spit_far|moderate|rep2|seed20240909,2.2977
moderate,,nan,uav_dune_forest_edge,24268f4c98cda6aa04e2048b2ec9fd38e96a75edca335e1e3ea026685ca6e4bf,a56957124aebce41,,c3cb3af4775fbcb7,P,16,16,f6706417e8,3,uav:dune_forest_edge,ok,moderate|uav_dune_forest_edge|moderate|rep3|seed20240909,15.9828
moderate,,nan,uav_dune_forest_edge,24268f4c98cda6aa04e2048b2ec9fd38e96a75edca335e1e3ea026685ca6e4bf,a56957124aebce41,,e867c35271bdcb7c,P,16,16,f6706417e8,4,uav:dune_forest_edge,ok,moderate|uav_dune_forest_edge|moderate|rep4|seed20240909,16.0973
moderate,,nan,uav_spit_far,47d32a634b45738332fccab7224e890ee440fcfd5b7459ae49b7426f9a117ef1,a56957124aebce41,,b1bf98b52383d739,B0a-R,16,16,7fe30b1136,3,uav:spit_far,ok,moderate|uav_spit_far|moderate|rep3|seed20240909,2.3333
bursty,,nan,uav_spit_far,47d32a634b45738332fccab7224e890ee440fcfd5b7459ae49b7426f9a117ef1,a56957124aebce41,,81f77500aa19c2fa,B0a-R,16,16,7fe30b1136,0,uav:spit_far,ok,bursty|uav_spit_far|bursty|rep0|seed20240909,2.1527
bursty,,nan,uav_dune_forest_edge,24268f4c98cda6aa04e2048b2ec9fd38e96a75edca335e1e3ea026685ca6e4bf,a56957124aebce41,,23cb4994a009e0ef,P,16,16,f6706417e8,1,uav:dune_forest_edge,ok,bursty|uav_dune_forest_edge|bursty|rep1|seed20240909,15.9604
moderate,,nan,uav_spit_far,47d32a634b45738332fccab7224e890ee440fcfd5b7459ae49b7426f9a117ef1,a56957124aebce41,,9336a6b2a1d21837,B0a-R,16,16,7fe30b1136,4,uav:spit_far,ok,moderate|uav_spit_far|moderate|rep4|seed20240909,2.3044
bursty,,nan,uav_spit_far,47d32a634b45738332fccab7224e890ee440fcfd5b7459ae49b7426f9a117ef1,a56957124aebce41,,730476519d9b195b,B0a-R,16,16,7fe30b1136,3,uav:spit_far,ok,bursty|uav_spit_far|bursty|rep3|seed20240909,2.0001
bursty,,nan,uav_spit_far,47d32a634b45738332fccab7224e890ee440fcfd5b7459ae49b7426f9a117ef1,a56957124aebce41,,23d6fbc173a1fe2a,B0a-R,16,16,7fe30b1136,1,uav:spit_far,ok,bursty|uav_spit_far|bursty|rep1|seed20240909,2.1734
bursty,,nan,uav_spit_far,47d32a634b45738332fccab7224e890ee440fcfd5b7459ae49b7426f9a117ef1,a56957124aebce41,,1e545bdbffe380a6,B0a-R,16,16,7fe30b1136,2,uav:spit_far,ok,bursty|uav_spit_far|bursty|rep2|seed20240909,2.1534
bursty,,nan,uav_spit_far,47d32a634b45738332fccab7224e890ee440fcfd5b7459ae49b7426f9a117ef1,a56957124aebce41,,250b21c7b0c88541,B0a-R,16,16,7fe30b1136,4,uav:spit_far,ok,bursty|uav_spit_far|bursty|rep4|seed20240909,2.1287
harsh,,nan,uav_spit_far,47d32a634b45738332fccab7224e890ee440fcfd5b7459ae49b7426f9a117ef1,a56957124aebce41,,743c5518c7bff4f7,B0a-R,16,16,7fe30b1136,2,uav:spit_far,ok,harsh|uav_spit_far|harsh|rep2|seed20240909,2.034
harsh,,nan,uav_spit_far,47d32a634b45738332fccab7224e890ee440fcfd5b7459ae49b7426f9a117ef1,a56957124aebce41,,4b3c2ccfb19cc08f,B0a-R,16,16,7fe30b1136,0,uav:spit_far,ok,harsh|uav_spit_far|harsh|rep0|seed20240909,2.1899
harsh,,nan,uav_spit_far,47d32a634b45738332fccab7224e890ee440fcfd5b7459ae49b7426f9a117ef1,a56957124aebce41,,796620709fc1e469,B0a-R,16,16,7fe30b1136,1,uav:spit_far,ok,harsh|uav_spit_far|harsh|rep1|seed20240909,2.1801
harsh,,nan,uav_spit_far,47d32a634b45738332fccab7224e890ee440fcfd5b7459ae49b7426f9a117ef1,a56957124aebce41,,f56448a57615dffb,B0a-R,16,16,7fe30b1136,3,uav:spit_far,ok,harsh|uav_spit_far|harsh|rep3|seed20240909,2.142
harsh,,nan,uav_spit_far,47d32a634b45738332fccab7224e890ee440fcfd5b7459ae49b7426f9a117ef1,a56957124aebce41,,48e4620de9f6f86c,B0a-R,16,16,7fe30b1136,4,uav:spit_far,ok,harsh|uav_spit_far|harsh|rep4|seed20240909,2.0991
bursty,,nan,uav_dune_forest_edge,24268f4c98cda6aa04e2048b2ec9fd38e96a75edca335e1e3ea026685ca6e4bf,a56957124aebce41,,28cdd1eeadb4576e,P,16,16,f6706417e8,2,uav:dune_forest_edge,ok,bursty|uav_dune_forest_edge|bursty|rep2|seed20240909,15.4086
bursty,,nan,uav_dune_forest_edge,24268f4c98cda6aa04e2048b2ec9fd38e96a75edca335e1e3ea026685ca6e4bf,a56957124aebce41,,e1c5842b536e806c,P,16,16,f6706417e8,3,uav:dune_forest_edge,ok,bursty|uav_dune_forest_edge|bursty|rep3|seed20240909,15.8965
bursty,,nan,uav_dune_forest_edge,24268f4c98cda6aa04e2048b2ec9fd38e96a75edca335e1e3ea026685ca6e4bf,a56957124aebce41,,4cc7483c5b5591f8,P,16,16,f6706417e8,4,uav:dune_forest_edge,ok,bursty|uav_dune_forest_edge|bursty|rep4|seed20240909,16.7541
clean,,nan,uav_spit_far,47d32a634b45738332fccab7224e890ee440fcfd5b7459ae49b7426f9a117ef1,a56957124aebce41,,375145b6d266e000,B0d,16,16,7fe30b1136,0,uav:spit_far,ok,clean|uav_spit_far|clean|rep0|seed20240909,4.3511
clean,,nan,uav_spit_far,47d32a634b45738332fccab7224e890ee440fcfd5b7459ae49b7426f9a117ef1,a56957124aebce41,,580f5cdb930699c4,B0d,16,16,7fe30b1136,3,uav:spit_far,ok,clean|uav_spit_far|clean|rep3|seed20240909,4.2142
clean,,nan,uav_spit_far,47d32a634b45738332fccab7224e890ee440fcfd5b7459ae49b7426f9a117ef1,a56957124aebce41,,97d11c649ba3c803,B0d,16,16,7fe30b1136,2,uav:spit_far,ok,clean|uav_spit_far|clean|rep2|seed20240909,4.2768
clean,,nan,uav_spit_far,47d32a634b45738332fccab7224e890ee440fcfd5b7459ae49b7426f9a117ef1,a56957124aebce41,,2fbc6ec4777a5d58,B0d,16,16,7fe30b1136,1,uav:spit_far,ok,clean|uav_spit_far|clean|rep1|seed20240909,4.3372
clean,,nan,uav_spit_far,47d32a634b45738332fccab7224e890ee440fcfd5b7459ae49b7426f9a117ef1,a56957124aebce41,,1be67f7bff7296e6,B0d,16,16,7fe30b1136,4,uav:spit_far,ok,clean|uav_spit_far|clean|rep4|seed20240909,4.2133
mild,,nan,uav_spit_far,47d32a634b45738332fccab7224e890ee440fcfd5b7459ae49b7426f9a117ef1,a56957124aebce41,,b5f394d301312089,B0d,16,16,7fe30b1136,0,uav:spit_far,ok,mild|uav_spit_far|mild|rep0|seed20240909,4.6512
mild,,nan,uav_spit_far,47d32a634b45738332fccab7224e890ee440fcfd5b7459ae49b7426f9a117ef1,a56957124aebce41,,7ac14034c40b8936,B0d,16,16,7fe30b1136,1,uav:spit_far,ok,mild|uav_spit_far|mild|rep1|seed20240909,4.6351
mild,,nan,uav_spit_far,47d32a634b45738332fccab7224e890ee440fcfd5b7459ae49b7426f9a117ef1,a56957124aebce41,,efceca7222b71624,B0d,16,16,7fe30b1136,2,uav:spit_far,ok,mild|uav_spit_far|mild|rep2|seed20240909,4.5602
mild,,nan,uav_spit_far,47d32a634b45738332fccab7224e890ee440fcfd5b7459ae49b7426f9a117ef1,a56957124aebce41,,2f38240a80a7ea52,B0d,16,16,7fe30b1136,3,uav:spit_far,ok,mild|uav_spit_far|mild|rep3|seed20240909,4.611
mild,,nan,uav_spit_far,47d32a634b45738332fccab7224e890ee440fcfd5b7459ae49b7426f9a117ef1,a56957124aebce41,,d8e150d74c654dbc,B0d,16,16,7fe30b1136,4,uav:spit_far,ok,mild|uav_spit_far|mild|rep4|seed20240909,4.6119
clean,,nan,uav_spit_far,47d32a634b45738332fccab7224e890ee440fcfd5b7459ae49b7426f9a117ef1,a56957124aebce41,,797d08698dccf080,B1,16,16,7fe30b1136,0,uav:spit_far,ok,clean|uav_spit_far|clean|rep0|seed20240909,0.4515
clean,,nan,uav_spit_far,47d32a634b45738332fccab7224e890ee440fcfd5b7459ae49b7426f9a117ef1,a56957124aebce41,,807b962c5f8185be,B1,16,16,7fe30b1136,1,uav:spit_far,ok,clean|uav_spit_far|clean|rep1|seed20240909,0.4431
clean,,nan,uav_spit_far,47d32a634b45738332fccab7224e890ee440fcfd5b7459ae49b7426f9a117ef1,a56957124aebce41,,5484aab0f2c37a6f,B1,16,16,7fe30b1136,2,uav:spit_far,ok,clean|uav_spit_far|clean|rep2|seed20240909,0.4789
clean,,nan,uav_spit_far,47d32a634b45738332fccab7224e890ee440fcfd5b7459ae49b7426f9a117ef1,a56957124aebce41,,1e6b356d5882f724,B1,16,16,7fe30b1136,3,uav:spit_far,ok,clean|uav_spit_far|clean|rep3|seed20240909,0.4594
harsh,,nan,uav_spit_far,47d32a634b45738332fccab7224e890ee440fcfd5b7459ae49b7426f9a117ef1,a56957124aebce41,,64eeff9124159374,B0d,16,16,7fe30b1136,0,uav:spit_far,ok,harsh|uav_spit_far|harsh|rep0|seed20240909,3.1891
harsh,,nan,uav_spit_far,47d32a634b45738332fccab7224e890ee440fcfd5b7459ae49b7426f9a117ef1,a56957124aebce41,,b34443c90fe74544,B0d,16,16,7fe30b1136,1,uav:spit_far,ok,harsh|uav_spit_far|harsh|rep1|seed20240909,2.9464
harsh,,nan,uav_spit_far,47d32a634b45738332fccab7224e890ee440fcfd5b7459ae49b7426f9a117ef1,a56957124aebce41,,f286f7140015f0ba,B0d,16,16,7fe30b1136,2,uav:spit_far,ok,harsh|uav_spit_far|harsh|rep2|seed20240909,2.9676
clean,,nan,uav_spit_far,47d32a634b45738332fccab7224e890ee440fcfd5b7459ae49b7426f9a117ef1,a56957124aebce41,,92e8fbb3869d2018,B1,16,16,7fe30b1136,4,uav:spit_far,ok,clean|uav_spit_far|clean|rep4|seed20240909,0.4764
moderate,,nan,uav_spit_far,47d32a634b45738332fccab7224e890ee440fcfd5b7459ae49b7426f9a117ef1,a56957124aebce41,,bab6985bff23b54c,B0d,16,16,7fe30b1136,0,uav:spit_far,ok,moderate|uav_spit_far|moderate|rep0|seed20240909,6.944
mild,,nan,uav_spit_far,47d32a634b45738332fccab7224e890ee440fcfd5b7459ae49b7426f9a117ef1,a56957124aebce41,,8dd36c2822be47f9,B1,16,16,7fe30b1136,0,uav:spit_far,ok,mild|uav_spit_far|mild|rep0|seed20240909,0.5878
moderate,,nan,uav_spit_far,47d32a634b45738332fccab7224e890ee440fcfd5b7459ae49b7426f9a117ef1,a56957124aebce41,,23ac6fdbc7fc3601,B0d,16,16,7fe30b1136,1,uav:spit_far,ok,moderate|uav_spit_far|moderate|rep1|seed20240909,7.085
harsh,,nan,uav_spit_far,47d32a634b45738332fccab7224e890ee440fcfd5b7459ae49b7426f9a117ef1,a56957124aebce41,,911df3acf9d7a9e1,B0d,16,16,7fe30b1136,3,uav:spit_far,ok,harsh|uav_spit_far|harsh|rep3|seed20240909,3.0457
mild,,nan,uav_spit_far,47d32a634b45738332fccab7224e890ee440fcfd5b7459ae49b7426f9a117ef1,a56957124aebce41,,01933d03f92902d5,B1,16,16,7fe30b1136,1,uav:spit_far,ok,mild|uav_spit_far|mild|rep1|seed20240909,0.6866
mild,,nan,uav_spit_far,47d32a634b45738332fccab7224e890ee440fcfd5b7459ae49b7426f9a117ef1,a56957124aebce41,,bb8f74be44f1a857,B1,16,16,7fe30b1136,2,uav:spit_far,ok,mild|uav_spit_far|mild|rep2|seed20240909,0.6442
harsh,,nan,uav_spit_far,47d32a634b45738332fccab7224e890ee440fcfd5b7459ae49b7426f9a117ef1,a56957124aebce41,,c4cf4f24bacce97f,B0d,16,16,7fe30b1136,4,uav:spit_far,ok,harsh|uav_spit_far|harsh|rep4|seed20240909,2.9786
moderate,,nan,uav_spit_far,47d32a634b45738332fccab7224e890ee440fcfd5b7459ae49b7426f9a117ef1,a56957124aebce41,,d5325629221c9ad0,B0d,16,16,7fe30b1136,2,uav:spit_far,ok,moderate|uav_spit_far|moderate|rep2|seed20240909,7.19
mild,,nan,uav_spit_far,47d32a634b45738332fccab7224e890ee440fcfd5b7459ae49b7426f9a117ef1,a56957124aebce41,,88a596f60c8f03b1,B1,16,16,7fe30b1136,3,uav:spit_far,ok,mild|uav_spit_far|mild|rep3|seed20240909,0.6768
mild,,nan,uav_spit_far,47d32a634b45738332fccab7224e890ee440fcfd5b7459ae49b7426f9a117ef1,a56957124aebce41,,50fd4d872eefc805,B1,16,16,7fe30b1136,4,uav:spit_far,ok,mild|uav_spit_far|mild|rep4|seed20240909,0.7186
moderate,,nan,uav_spit_far,47d32a634b45738332fccab7224e890ee440fcfd5b7459ae49b7426f9a117ef1,a56957124aebce41,,c2c2f19910360628,B1,16,16,7fe30b1136,0,uav:spit_far,ok,moderate|uav_spit_far|moderate|rep0|seed20240909,0.7479
moderate,,nan,uav_spit_far,47d32a634b45738332fccab7224e890ee440fcfd5b7459ae49b7426f9a117ef1,a56957124aebce41,,b950f2f083780330,B1,16,16,7fe30b1136,1,uav:spit_far,ok,moderate|uav_spit_far|moderate|rep1|seed20240909,0.7029
moderate,,nan,uav_spit_far,47d32a634b45738332fccab7224e890ee440fcfd5b7459ae49b7426f9a117ef1,a56957124aebce41,,9b808dc6b0552fa4,B1,16,16,7fe30b1136,2,uav:spit_far,ok,moderate|uav_spit_far|moderate|rep2|seed20240909,0.7264
moderate,,nan,uav_spit_far,47d32a634b45738332fccab7224e890ee440fcfd5b7459ae49b7426f9a117ef1,a56957124aebce41,,9b66166f7520c5db,B0d,16,16,7fe30b1136,3,uav:spit_far,ok,moderate|uav_spit_far|moderate|rep3|seed20240909,7.045
moderate,,nan,uav_spit_far,47d32a634b45738332fccab7224e890ee440fcfd5b7459ae49b7426f9a117ef1,a56957124aebce41,,2da9ade342836c0e,B1,16,16,7fe30b1136,3,uav:spit_far,ok,moderate|uav_spit_far|moderate|rep3|seed20240909,0.7498
moderate,,nan,uav_spit_far,47d32a634b45738332fccab7224e890ee440fcfd5b7459ae49b7426f9a117ef1,a56957124aebce41,,47bfdcde15923a51,B1,16,16,7fe30b1136,4,uav:spit_far,ok,moderate|uav_spit_far|moderate|rep4|seed20240909,0.7385
bursty,,nan,uav_spit_far,47d32a634b45738332fccab7224e890ee440fcfd5b7459ae49b7426f9a117ef1,a56957124aebce41,,7a61765b010be192,B1,16,16,7fe30b1136,0,uav:spit_far,ok,bursty|uav_spit_far|bursty|rep0|seed20240909,0.7234
bursty,,nan,uav_spit_far,47d32a634b45738332fccab7224e890ee440fcfd5b7459ae49b7426f9a117ef1,a56957124aebce41,,7d23e454bdaa074c,B1,16,16,7fe30b1136,2,uav:spit_far,ok,bursty|uav_spit_far|bursty|rep2|seed20240909,0.6958
bursty,,nan,uav_spit_far,47d32a634b45738332fccab7224e890ee440fcfd5b7459ae49b7426f9a117ef1,a56957124aebce41,,5bc1a3e9f9cfe25c,B1,16,16,7fe30b1136,1,uav:spit_far,ok,bursty|uav_spit_far|bursty|rep1|seed20240909,0.7339
bursty,,nan,uav_spit_far,47d32a634b45738332fccab7224e890ee440fcfd5b7459ae49b7426f9a117ef1,a56957124aebce41,,f46a3c67f26caa89,B1,16,16,7fe30b1136,3,uav:spit_far,ok,bursty|uav_spit_far|bursty|rep3|seed20240909,0.7565
bursty,,nan,uav_spit_far,47d32a634b45738332fccab7224e890ee440fcfd5b7459ae49b7426f9a117ef1,a56957124aebce41,,5915c0608eaed599,B1,16,16,7fe30b1136,4,uav:spit_far,ok,bursty|uav_spit_far|bursty|rep4|seed20240909,0.6598
harsh,,nan,uav_spit_far,47d32a634b45738332fccab7224e890ee440fcfd5b7459ae49b7426f9a117ef1,a56957124aebce41,,86326b7df4083c8f,B1,16,16,7fe30b1136,0,uav:spit_far,ok,harsh|uav_spit_far|harsh|rep0|seed20240909,0.7613
harsh,,nan,uav_spit_far,47d32a634b45738332fccab7224e890ee440fcfd5b7459ae49b7426f9a117ef1,a56957124aebce41,,4bcab55ea7d3a8c4,B1,16,16,7fe30b1136,1,uav:spit_far,ok,harsh|uav_spit_far|harsh|rep1|seed20240909,0.7978
harsh,,nan,uav_spit_far,47d32a634b45738332fccab7224e890ee440fcfd5b7459ae49b7426f9a117ef1,a56957124aebce41,,8b210e657bac72df,B1,16,16,7fe30b1136,2,uav:spit_far,ok,harsh|uav_spit_far|harsh|rep2|seed20240909,0.7852
clean,,nan,uav_spit_far,47d32a634b45738332fccab7224e890ee440fcfd5b7459ae49b7426f9a117ef1,a56957124aebce41,,2fb0ec6ea3cbcfd2,B2,16,16,7fe30b1136,0,uav:spit_far,ok,clean|uav_spit_far|clean|rep0|seed20240909,0.6071
clean,,nan,uav_spit_far,47d32a634b45738332fccab7224e890ee440fcfd5b7459ae49b7426f9a117ef1,a56957124aebce41,,da8631ffcb12c234,B2,16,16,7fe30b1136,2,uav:spit_far,ok,clean|uav_spit_far|clean|rep2|seed20240909,0.6068
moderate,,nan,uav_spit_far,47d32a634b45738332fccab7224e890ee440fcfd5b7459ae49b7426f9a117ef1,a56957124aebce41,,d1b7cc6c99234f7e,B0d,16,16,7fe30b1136,4,uav:spit_far,ok,moderate|uav_spit_far|moderate|rep4|seed20240909,7.3563
clean,,nan,uav_spit_far,47d32a634b45738332fccab7224e890ee440fcfd5b7459ae49b7426f9a117ef1,a56957124aebce41,,fbd2ac06091ad5fa,B2,16,16,7fe30b1136,1,uav:spit_far,ok,clean|uav_spit_far|clean|rep1|seed20240909,0.6745
harsh,,nan,uav_spit_far,47d32a634b45738332fccab7224e890ee440fcfd5b7459ae49b7426f9a117ef1,a56957124aebce41,,ba937b18595d8c69,B1,16,16,7fe30b1136,3,uav:spit_far,ok,harsh|uav_spit_far|harsh|rep3|seed20240909,0.8416
harsh,,nan,uav_spit_far,47d32a634b45738332fccab7224e890ee440fcfd5b7459ae49b7426f9a117ef1,a56957124aebce41,,2d5ab7a3f5275865,B1,16,16,7fe30b1136,4,uav:spit_far,ok,harsh|uav_spit_far|harsh|rep4|seed20240909,0.8335
clean,,nan,uav_spit_far,47d32a634b45738332fccab7224e890ee440fcfd5b7459ae49b7426f9a117ef1,a56957124aebce41,,504e90692a344055,B2,16,16,7fe30b1136,4,uav:spit_far,ok,clean|uav_spit_far|clean|rep4|seed20240909,0.568
clean,,nan,uav_spit_far,47d32a634b45738332fccab7224e890ee440fcfd5b7459ae49b7426f9a117ef1,a56957124aebce41,,f655c5d738b99b61,B2,16,16,7fe30b1136,3,uav:spit_far,ok,clean|uav_spit_far|clean|rep3|seed20240909,0.6328
mild,,nan,uav_spit_far,47d32a634b45738332fccab7224e890ee440fcfd5b7459ae49b7426f9a117ef1,a56957124aebce41,,1a926a3c25e83f6f,B2,16,16,7fe30b1136,0,uav:spit_far,ok,mild|uav_spit_far|mild|rep0|seed20240909,0.77
mild,,nan,uav_spit_far,47d32a634b45738332fccab7224e890ee440fcfd5b7459ae49b7426f9a117ef1,a56957124aebce41,,5abaf8c5072dd011,B2,16,16,7fe30b1136,1,uav:spit_far,ok,mild|uav_spit_far|mild|rep1|seed20240909,0.7811
mild,,nan,uav_spit_far,47d32a634b45738332fccab7224e890ee440fcfd5b7459ae49b7426f9a117ef1,a56957124aebce41,,dd1266a97d8365a0,B2,16,16,7fe30b1136,2,uav:spit_far,ok,mild|uav_spit_far|mild|rep2|seed20240909,0.7646
mild,,nan,uav_spit_far,47d32a634b45738332fccab7224e890ee440fcfd5b7459ae49b7426f9a117ef1,a56957124aebce41,,619add19f6f456e0,B2,16,16,7fe30b1136,3,uav:spit_far,ok,mild|uav_spit_far|mild|rep3|seed20240909,0.8104
mild,,nan,uav_spit_far,47d32a634b45738332fccab7224e890ee440fcfd5b7459ae49b7426f9a117ef1,a56957124aebce41,,1649bd0e93af6d88,B2,16,16,7fe30b1136,4,uav:spit_far,ok,mild|uav_spit_far|mild|rep4|seed20240909,0.811
moderate,,nan,uav_spit_far,47d32a634b45738332fccab7224e890ee440fcfd5b7459ae49b7426f9a117ef1,a56957124aebce41,,c5316b15916cbe9e,B2,16,16,7fe30b1136,0,uav:spit_far,ok,moderate|uav_spit_far|moderate|rep0|seed20240909,0.8526
moderate,,nan,uav_spit_far,47d32a634b45738332fccab7224e890ee440fcfd5b7459ae49b7426f9a117ef1,a56957124aebce41,,de8cf3d2f6ed78a4,B2,16,16,7fe30b1136,1,uav:spit_far,ok,moderate|uav_spit_far|moderate|rep1|seed20240909,0.822
moderate,,nan,uav_spit_far,47d32a634b45738332fccab7224e890ee440fcfd5b7459ae49b7426f9a117ef1,a56957124aebce41,,5e197efee882e531,B2,16,16,7fe30b1136,2,uav:spit_far,ok,moderate|uav_spit_far|moderate|rep2|seed20240909,0.8386
bursty,,nan,uav_spit_far,47d32a634b45738332fccab7224e890ee440fcfd5b7459ae49b7426f9a117ef1,a56957124aebce41,,2afebd2be87c71da,B2,16,16,7fe30b1136,0,uav:spit_far,ok,bursty|uav_spit_far|bursty|rep0|seed20240909,0.7704
moderate,,nan,uav_spit_far,47d32a634b45738332fccab7224e890ee440fcfd5b7459ae49b7426f9a117ef1,a56957124aebce41,,c466e7ed832a3c3b,B2,16,16,7fe30b1136,4,uav:spit_far,ok,moderate|uav_spit_far|moderate|rep4|seed20240909,0.8137
moderate,,nan,uav_spit_far,47d32a634b45738332fccab7224e890ee440fcfd5b7459ae49b7426f9a117ef1,a56957124aebce41,,1319664b25b19cf1,B2,16,16,7fe30b1136,3,uav:spit_far,ok,moderate|uav_spit_far|moderate|rep3|seed20240909,0.8595
bursty,,nan,uav_spit_far,47d32a634b45738332fccab7224e890ee440fcfd5b7459ae49b7426f9a117ef1,a56957124aebce41,,18d318d25a8105a3,B0d,16,16,7fe30b1136,1,uav:spit_far,ok,bursty|uav_spit_far|bursty|rep1|seed20240909,6.9815
bursty,,nan,uav_spit_far,47d32a634b45738332fccab7224e890ee440fcfd5b7459ae49b7426f9a117ef1,a56957124aebce41,,14635c2e3b7b1485,B2,16,16,7fe30b1136,1,uav:spit_far,ok,bursty|uav_spit_far|bursty|rep1|seed20240909,0.6179
bursty,,nan,uav_spit_far,47d32a634b45738332fccab7224e890ee440fcfd5b7459ae49b7426f9a117ef1,a56957124aebce41,,828df3d9951f4278,B2,16,16,7fe30b1136,3,uav:spit_far,ok,bursty|uav_spit_far|bursty|rep3|seed20240909,0.6678
bursty,,nan,uav_spit_far,47d32a634b45738332fccab7224e890ee440fcfd5b7459ae49b7426f9a117ef1,a56957124aebce41,,91ea262f309492a7,B2,16,16,7fe30b1136,2,uav:spit_far,ok,bursty|uav_spit_far|bursty|rep2|seed20240909,0.717
bursty,,nan,uav_spit_far,47d32a634b45738332fccab7224e890ee440fcfd5b7459ae49b7426f9a117ef1,a56957124aebce41,,2fb18d863175b629,B2,16,16,7fe30b1136,4,uav:spit_far,ok,bursty|uav_spit_far|bursty|rep4|seed20240909,0.7234
harsh,,nan,uav_spit_far,47d32a634b45738332fccab7224e890ee440fcfd5b7459ae49b7426f9a117ef1,a56957124aebce41,,55491b123badf91e,B2,16,16,7fe30b1136,0,uav:spit_far,ok,harsh|uav_spit_far|harsh|rep0|seed20240909,0.7651
bursty,,nan,uav_spit_far,47d32a634b45738332fccab7224e890ee440fcfd5b7459ae49b7426f9a117ef1,a56957124aebce41,,4802ee76acd5cf0c,B0d,16,16,7fe30b1136,0,uav:spit_far,ok,bursty|uav_spit_far|bursty|rep0|seed20240909,8.0195
harsh,,nan,uav_spit_far,47d32a634b45738332fccab7224e890ee440fcfd5b7459ae49b7426f9a117ef1,a56957124aebce41,,1080d898deb9c60e,B2,16,16,7fe30b1136,1,uav:spit_far,ok,harsh|uav_spit_far|harsh|rep1|seed20240909,0.7598
bursty,,nan,uav_spit_far,47d32a634b45738332fccab7224e890ee440fcfd5b7459ae49b7426f9a117ef1,a56957124aebce41,,17d2b827b2da77eb,B0d,16,16,7fe30b1136,3,uav:spit_far,ok,bursty|uav_spit_far|bursty|rep3|seed20240909,7.3514
harsh,,nan,uav_spit_far,47d32a634b45738332fccab7224e890ee440fcfd5b7459ae49b7426f9a117ef1,a56957124aebce41,,713a8af132e5a9e1,B2,16,16,7fe30b1136,2,uav:spit_far,ok,harsh|uav_spit_far|harsh|rep2|seed20240909,0.7619
harsh,,nan,uav_spit_far,47d32a634b45738332fccab7224e890ee440fcfd5b7459ae49b7426f9a117ef1,a56957124aebce41,,b93a59859702f3a9,B2,16,16,7fe30b1136,3,uav:spit_far,ok,harsh|uav_spit_far|harsh|rep3|seed20240909,0.7737
harsh,,nan,uav_spit_far,47d32a634b45738332fccab7224e890ee440fcfd5b7459ae49b7426f9a117ef1,a56957124aebce41,,2f1d88589596ecc1,B2,16,16,7fe30b1136,4,uav:spit_far,ok,harsh|uav_spit_far|harsh|rep4|seed20240909,0.7809
bursty,,nan,uav_spit_far,47d32a634b45738332fccab7224e890ee440fcfd5b7459ae49b7426f9a117ef1,a56957124aebce41,,96b1f753cb761015,B0d,16,16,7fe30b1136,2,uav:spit_far,ok,bursty|uav_spit_far|bursty|rep2|seed20240909,7.7603
bursty,,nan,uav_spit_far,47d32a634b45738332fccab7224e890ee440fcfd5b7459ae49b7426f9a117ef1,a56957124aebce41,,31f73f5c5b9117a2,B0d,16,16,7fe30b1136,4,uav:spit_far,ok,bursty|uav_spit_far|bursty|rep4|seed20240909,8.0667
clean,,nan,uav_spit_far,47d32a634b45738332fccab7224e890ee440fcfd5b7459ae49b7426f9a117ef1,a56957124aebce41,,613908cb9bfb1a94,B3,16,16,7fe30b1136,1,uav:spit_far,ok,clean|uav_spit_far|clean|rep1|seed20240909,2.9328
clean,,nan,uav_spit_far,47d32a634b45738332fccab7224e890ee440fcfd5b7459ae49b7426f9a117ef1,a56957124aebce41,,2b95015070986a9c,B3,16,16,7fe30b1136,0,uav:spit_far,ok,clean|uav_spit_far|clean|rep0|seed20240909,2.9729
clean,,nan,uav_spit_far,47d32a634b45738332fccab7224e890ee440fcfd5b7459ae49b7426f9a117ef1,a56957124aebce41,,b8550753a3a1af20,B3,16,16,7fe30b1136,2,uav:spit_far,ok,clean|uav_spit_far|clean|rep2|seed20240909,2.8961
clean,,nan,uav_spit_far,47d32a634b45738332fccab7224e890ee440fcfd5b7459ae49b7426f9a117ef1,a56957124aebce41,,9b1f4ede371cc78a,B3,16,16,7fe30b1136,3,uav:spit_far,ok,clean|uav_spit_far|clean|rep3|seed20240909,2.8103
clean,,nan,uav_spit_far,47d32a634b45738332fccab7224e890ee440fcfd5b7459ae49b7426f9a117ef1,a56957124aebce41,,68352927b70646ea,B3,16,16,7fe30b1136,4,uav:spit_far,ok,clean|uav_spit_far|clean|rep4|seed20240909,2.9292
mild,,nan,uav_spit_far,47d32a634b45738332fccab7224e890ee440fcfd5b7459ae49b7426f9a117ef1,a56957124aebce41,,da12e3a62e26d4b8,B3,16,16,7fe30b1136,1,uav:spit_far,ok,mild|uav_spit_far|mild|rep1|seed20240909,2.9973
mild,,nan,uav_spit_far,47d32a634b45738332fccab7224e890ee440fcfd5b7459ae49b7426f9a117ef1,a56957124aebce41,,90e925c53c4c9cc3,B3,16,16,7fe30b1136,0,uav:spit_far,ok,mild|uav_spit_far|mild|rep0|seed20240909,3.1698
mild,,nan,uav_spit_far,47d32a634b45738332fccab7224e890ee440fcfd5b7459ae49b7426f9a117ef1,a56957124aebce41,,032fba041a9885e7,B3,16,16,7fe30b1136,3,uav:spit_far,ok,mild|uav_spit_far|mild|rep3|seed20240909,3.0011
mild,,nan,uav_spit_far,47d32a634b45738332fccab7224e890ee440fcfd5b7459ae49b7426f9a117ef1,a56957124aebce41,,9fd9025a5979f639,B3,16,16,7fe30b1136,4,uav:spit_far,ok,mild|uav_spit_far|mild|rep4|seed20240909,3.0617
mild,,nan,uav_spit_far,47d32a634b45738332fccab7224e890ee440fcfd5b7459ae49b7426f9a117ef1,a56957124aebce41,,9411ea0260ab2110,B3,16,16,7fe30b1136,2,uav:spit_far,ok,mild|uav_spit_far|mild|rep2|seed20240909,3.1752
moderate,,nan,uav_spit_far,47d32a634b45738332fccab7224e890ee440fcfd5b7459ae49b7426f9a117ef1,a56957124aebce41,,dc6b5f6a159fbc82,B3,16,16,7fe30b1136,0,uav:spit_far,ok,moderate|uav_spit_far|moderate|rep0|seed20240909,3.9772
moderate,,nan,uav_spit_far,47d32a634b45738332fccab7224e890ee440fcfd5b7459ae49b7426f9a117ef1,a56957124aebce41,,daf045e7755b8dba,B3,16,16,7fe30b1136,1,uav:spit_far,ok,moderate|uav_spit_far|moderate|rep1|seed20240909,3.9907
moderate,,nan,uav_spit_far,47d32a634b45738332fccab7224e890ee440fcfd5b7459ae49b7426f9a117ef1,a56957124aebce41,,9559a562d6d058f0,B3,16,16,7fe30b1136,2,uav:spit_far,ok,moderate|uav_spit_far|moderate|rep2|seed20240909,3.9812
moderate,,nan,uav_spit_far,47d32a634b45738332fccab7224e890ee440fcfd5b7459ae49b7426f9a117ef1,a56957124aebce41,,ac7044823e1247b0,B3,16,16,7fe30b1136,3,uav:spit_far,ok,moderate|uav_spit_far|moderate|rep3|seed20240909,4.1224
moderate,,nan,uav_spit_far,47d32a634b45738332fccab7224e890ee440fcfd5b7459ae49b7426f9a117ef1,a56957124aebce41,,78445724e5070191,B3,16,16,7fe30b1136,4,uav:spit_far,ok,moderate|uav_spit_far|moderate|rep4|seed20240909,3.9629
bursty,,nan,uav_spit_far,47d32a634b45738332fccab7224e890ee440fcfd5b7459ae49b7426f9a117ef1,a56957124aebce41,,4aee451c64334dac,B3,16,16,7fe30b1136,0,uav:spit_far,ok,bursty|uav_spit_far|bursty|rep0|seed20240909,3.9929
harsh,,nan,uav_spit_far,47d32a634b45738332fccab7224e890ee440fcfd5b7459ae49b7426f9a117ef1,a56957124aebce41,,13df0d629ef1264a,B3,16,16,7fe30b1136,2,uav:spit_far,ok,harsh|uav_spit_far|harsh|rep2|seed20240909,1.8618
harsh,,nan,uav_spit_far,47d32a634b45738332fccab7224e890ee440fcfd5b7459ae49b7426f9a117ef1,a56957124aebce41,,d262c2c64b63dde0,B3,16,16,7fe30b1136,0,uav:spit_far,ok,harsh|uav_spit_far|harsh|rep0|seed20240909,2.1481
harsh,,nan,uav_spit_far,47d32a634b45738332fccab7224e890ee440fcfd5b7459ae49b7426f9a117ef1,a56957124aebce41,,ad4e6dc3bd5924cf,B3,16,16,7fe30b1136,1,uav:spit_far,ok,harsh|uav_spit_far|harsh|rep1|seed20240909,1.976
harsh,,nan,uav_spit_far,47d32a634b45738332fccab7224e890ee440fcfd5b7459ae49b7426f9a117ef1,a56957124aebce41,,078d5e4fb1d25030,B3,16,16,7fe30b1136,4,uav:spit_far,ok,harsh|uav_spit_far|harsh|rep4|seed20240909,2.0008
harsh,,nan,uav_spit_far,47d32a634b45738332fccab7224e890ee440fcfd5b7459ae49b7426f9a117ef1,a56957124aebce41,,f0c209e11f43ac08,B3,16,16,7fe30b1136,3,uav:spit_far,ok,harsh|uav_spit_far|harsh|rep3|seed20240909,2.1073
bursty,,nan,uav_spit_far,47d32a634b45738332fccab7224e890ee440fcfd5b7459ae49b7426f9a117ef1,a56957124aebce41,,63453340e68a9d21,B3,16,16,7fe30b1136,3,uav:spit_far,ok,bursty|uav_spit_far|bursty|rep3|seed20240909,3.5855
bursty,,nan,uav_spit_far,47d32a634b45738332fccab7224e890ee440fcfd5b7459ae49b7426f9a117ef1,a56957124aebce41,,54651f990f0427fa,B3,16,16,7fe30b1136,1,uav:spit_far,ok,bursty|uav_spit_far|bursty|rep1|seed20240909,3.988
bursty,,nan,uav_spit_far,47d32a634b45738332fccab7224e890ee440fcfd5b7459ae49b7426f9a117ef1,a56957124aebce41,,442d4e73d84363e8,B3,16,16,7fe30b1136,4,uav:spit_far,ok,bursty|uav_spit_far|bursty|rep4|seed20240909,3.9881
bursty,,nan,uav_spit_far,47d32a634b45738332fccab7224e890ee440fcfd5b7459ae49b7426f9a117ef1,a56957124aebce41,,2b25837c62d74aaa,B3,16,16,7fe30b1136,2,uav:spit_far,ok,bursty|uav_spit_far|bursty|rep2|seed20240909,4.1749
clean,,nan,uav_spit_far,47d32a634b45738332fccab7224e890ee440fcfd5b7459ae49b7426f9a117ef1,a56957124aebce41,,99f629e42c2e17bb,B4,16,16,7fe30b1136,0,uav:spit_far,ok,clean|uav_spit_far|clean|rep0|seed20240909,4.8529
clean,,nan,uav_spit_far,47d32a634b45738332fccab7224e890ee440fcfd5b7459ae49b7426f9a117ef1,a56957124aebce41,,5252bdf78d9cddaf,B4,16,16,7fe30b1136,1,uav:spit_far,ok,clean|uav_spit_far|clean|rep1|seed20240909,4.8594
clean,,nan,uav_spit_far,47d32a634b45738332fccab7224e890ee440fcfd5b7459ae49b7426f9a117ef1,a56957124aebce41,,ecd0b1aa74777ffa,B4,16,16,7fe30b1136,2,uav:spit_far,ok,clean|uav_spit_far|clean|rep2|seed20240909,4.8577
clean,,nan,uav_spit_far,47d32a634b45738332fccab7224e890ee440fcfd5b7459ae49b7426f9a117ef1,a56957124aebce41,,dcafa1d0a3f40002,B4,16,16,7fe30b1136,4,uav:spit_far,ok,clean|uav_spit_far|clean|rep4|seed20240909,4.7844
clean,,nan,uav_spit_far,47d32a634b45738332fccab7224e890ee440fcfd5b7459ae49b7426f9a117ef1,a56957124aebce41,,1d07a7e84b072021,B4,16,16,7fe30b1136,3,uav:spit_far,ok,clean|uav_spit_far|clean|rep3|seed20240909,4.9444
mild,,nan,uav_spit_far,47d32a634b45738332fccab7224e890ee440fcfd5b7459ae49b7426f9a117ef1,a56957124aebce41,,0f0f68178b0d26bf,B4,16,16,7fe30b1136,0,uav:spit_far,ok,mild|uav_spit_far|mild|rep0|seed20240909,5.003
mild,,nan,uav_spit_far,47d32a634b45738332fccab7224e890ee440fcfd5b7459ae49b7426f9a117ef1,a56957124aebce41,,f6734e4d93d31100,B4,16,16,7fe30b1136,3,uav:spit_far,ok,mild|uav_spit_far|mild|rep3|seed20240909,5.1138
mild,,nan,uav_spit_far,47d32a634b45738332fccab7224e890ee440fcfd5b7459ae49b7426f9a117ef1,a56957124aebce41,,b159b78fa9166751,B4,16,16,7fe30b1136,1,uav:spit_far,ok,mild|uav_spit_far|mild|rep1|seed20240909,5.2165
mild,,nan,uav_spit_far,47d32a634b45738332fccab7224e890ee440fcfd5b7459ae49b7426f9a117ef1,a56957124aebce41,,b6f749dd10b01e7d,B4,16,16,7fe30b1136,2,uav:spit_far,ok,mild|uav_spit_far|mild|rep2|seed20240909,5.2432
mild,,nan,uav_spit_far,47d32a634b45738332fccab7224e890ee440fcfd5b7459ae49b7426f9a117ef1,a56957124aebce41,,48c2367c0d2c4861,B4,16,16,7fe30b1136,4,uav:spit_far,ok,mild|uav_spit_far|mild|rep4|seed20240909,5.2917
harsh,,nan,uav_spit_far,47d32a634b45738332fccab7224e890ee440fcfd5b7459ae49b7426f9a117ef1,a56957124aebce41,,b28648cac0b4436b,B4,16,16,7fe30b1136,0,uav:spit_far,ok,harsh|uav_spit_far|harsh|rep0|seed20240909,3.3342
harsh,,nan,uav_spit_far,47d32a634b45738332fccab7224e890ee440fcfd5b7459ae49b7426f9a117ef1,a56957124aebce41,,3ee6fc5ecabf9d03,B4,16,16,7fe30b1136,1,uav:spit_far,ok,harsh|uav_spit_far|harsh|rep1|seed20240909,3.1539
harsh,,nan,uav_spit_far,47d32a634b45738332fccab7224e890ee440fcfd5b7459ae49b7426f9a117ef1,a56957124aebce41,,0d68ce48ab83b6b3,B4,16,16,7fe30b1136,2,uav:spit_far,ok,harsh|uav_spit_far|harsh|rep2|seed20240909,3.0921
moderate,,nan,uav_spit_far,47d32a634b45738332fccab7224e890ee440fcfd5b7459ae49b7426f9a117ef1,a56957124aebce41,,a8588e26d3c614ff,B4,16,16,7fe30b1136,0,uav:spit_far,ok,moderate|uav_spit_far|moderate|rep0|seed20240909,8.1259
harsh,,nan,uav_spit_far,47d32a634b45738332fccab7224e890ee440fcfd5b7459ae49b7426f9a117ef1,a56957124aebce41,,8179cd950526f231,B4,16,16,7fe30b1136,3,uav:spit_far,ok,harsh|uav_spit_far|harsh|rep3|seed20240909,3.2981
harsh,,nan,uav_spit_far,47d32a634b45738332fccab7224e890ee440fcfd5b7459ae49b7426f9a117ef1,a56957124aebce41,,4e2da39ac4b88968,B4,16,16,7fe30b1136,4,uav:spit_far,ok,harsh|uav_spit_far|harsh|rep4|seed20240909,3.3219
moderate,,nan,uav_spit_far,47d32a634b45738332fccab7224e890ee440fcfd5b7459ae49b7426f9a117ef1,a56957124aebce41,,bee04d5ebf655453,B4,16,16,7fe30b1136,1,uav:spit_far,ok,moderate|uav_spit_far|moderate|rep1|seed20240909,8.2713
moderate,,nan,uav_spit_far,47d32a634b45738332fccab7224e890ee440fcfd5b7459ae49b7426f9a117ef1,a56957124aebce41,,73878f5165ba4097,B4,16,16,7fe30b1136,2,uav:spit_far,ok,moderate|uav_spit_far|moderate|rep2|seed20240909,8.5527
moderate,,nan,uav_spit_far,47d32a634b45738332fccab7224e890ee440fcfd5b7459ae49b7426f9a117ef1,a56957124aebce41,,e30910f46a689203,B4,16,16,7fe30b1136,3,uav:spit_far,ok,moderate|uav_spit_far|moderate|rep3|seed20240909,8.2838
bursty,,nan,uav_spit_far,47d32a634b45738332fccab7224e890ee440fcfd5b7459ae49b7426f9a117ef1,a56957124aebce41,,9fb822557de19d81,B4,16,16,7fe30b1136,0,uav:spit_far,ok,bursty|uav_spit_far|bursty|rep0|seed20240909,8.3192
moderate,,nan,uav_spit_far,47d32a634b45738332fccab7224e890ee440fcfd5b7459ae49b7426f9a117ef1,a56957124aebce41,,8173bc37c4580a72,B4,16,16,7fe30b1136,4,uav:spit_far,ok,moderate|uav_spit_far|moderate|rep4|seed20240909,8.4583
bursty,,nan,uav_spit_far,47d32a634b45738332fccab7224e890ee440fcfd5b7459ae49b7426f9a117ef1,a56957124aebce41,,0d461a921d71ffcd,B4,16,16,7fe30b1136,1,uav:spit_far,ok,bursty|uav_spit_far|bursty|rep1|seed20240909,7.411
bursty,,nan,uav_spit_far,47d32a634b45738332fccab7224e890ee440fcfd5b7459ae49b7426f9a117ef1,a56957124aebce41,,27e57c66303f6dd1,B4,16,16,7fe30b1136,3,uav:spit_far,ok,bursty|uav_spit_far|bursty|rep3|seed20240909,7.8492
bursty,,nan,uav_spit_far,47d32a634b45738332fccab7224e890ee440fcfd5b7459ae49b7426f9a117ef1,a56957124aebce41,,6dcfb0f03b0f343f,B4,16,16,7fe30b1136,2,uav:spit_far,ok,bursty|uav_spit_far|bursty|rep2|seed20240909,8.1801
bursty,,nan,uav_spit_far,47d32a634b45738332fccab7224e890ee440fcfd5b7459ae49b7426f9a117ef1,a56957124aebce41,,67fed9af2f09c22f,B4,16,16,7fe30b1136,4,uav:spit_far,ok,bursty|uav_spit_far|bursty|rep4|seed20240909,8.4859
clean,,nan,uav_spit_far,47d32a634b45738332fccab7224e890ee440fcfd5b7459ae49b7426f9a117ef1,a56957124aebce41,,ff3cab64c4d19c50,P,16,16,f6706417e8,0,uav:spit_far,ok,clean|uav_spit_far|clean|rep0|seed20240909,8.2465
clean,,nan,uav_spit_far,47d32a634b45738332fccab7224e890ee440fcfd5b7459ae49b7426f9a117ef1,a56957124aebce41,,94d3d111626d0097,P,16,16,f6706417e8,2,uav:spit_far,ok,clean|uav_spit_far|clean|rep2|seed20240909,7.9161
clean,,nan,uav_spit_far,47d32a634b45738332fccab7224e890ee440fcfd5b7459ae49b7426f9a117ef1,a56957124aebce41,,f8c16dd7deeb752c,P,16,16,f6706417e8,1,uav:spit_far,ok,clean|uav_spit_far|clean|rep1|seed20240909,8.1488
clean,,nan,uav_spit_far,47d32a634b45738332fccab7224e890ee440fcfd5b7459ae49b7426f9a117ef1,a56957124aebce41,,6d439427b3f691ef,P,16,16,f6706417e8,3,uav:spit_far,ok,clean|uav_spit_far|clean|rep3|seed20240909,7.9939
clean,,nan,uav_spit_far,47d32a634b45738332fccab7224e890ee440fcfd5b7459ae49b7426f9a117ef1,a56957124aebce41,,7be5e037570065a2,P,16,16,f6706417e8,4,uav:spit_far,ok,clean|uav_spit_far|clean|rep4|seed20240909,8.1232
mild,,nan,uav_spit_far,47d32a634b45738332fccab7224e890ee440fcfd5b7459ae49b7426f9a117ef1,a56957124aebce41,,e56cfc02343d47a2,P,16,16,f6706417e8,1,uav:spit_far,ok,mild|uav_spit_far|mild|rep1|seed20240909,8.4804
mild,,nan,uav_spit_far,47d32a634b45738332fccab7224e890ee440fcfd5b7459ae49b7426f9a117ef1,a56957124aebce41,,1d6aa37215ace902,P,16,16,f6706417e8,0,uav:spit_far,ok,mild|uav_spit_far|mild|rep0|seed20240909,8.5938
mild,,nan,uav_spit_far,47d32a634b45738332fccab7224e890ee440fcfd5b7459ae49b7426f9a117ef1,a56957124aebce41,,e4a3779844b08a3f,P,16,16,f6706417e8,2,uav:spit_far,ok,mild|uav_spit_far|mild|rep2|seed20240909,8.59
mild,,nan,uav_spit_far,47d32a634b45738332fccab7224e890ee440fcfd5b7459ae49b7426f9a117ef1,a56957124aebce41,,b0f697f7c5758019,P,16,16,f6706417e8,3,uav:spit_far,ok,mild|uav_spit_far|mild|rep3|seed20240909,8.5657
mild,,nan,uav_spit_far,47d32a634b45738332fccab7224e890ee440fcfd5b7459ae49b7426f9a117ef1,a56957124aebce41,,68e754adae726b93,P,16,16,f6706417e8,4,uav:spit_far,ok,mild|uav_spit_far|mild|rep4|seed20240909,8.6106
harsh,,nan,uav_spit_far,47d32a634b45738332fccab7224e890ee440fcfd5b7459ae49b7426f9a117ef1,a56957124aebce41,,9139b2bbcdd57090,P,16,16,f6706417e8,0,uav:spit_far,ok,harsh|uav_spit_far|harsh|rep0|seed20240909,4.8566
harsh,,nan,uav_spit_far,47d32a634b45738332fccab7224e890ee440fcfd5b7459ae49b7426f9a117ef1,a56957124aebce41,,cfd7c1de9c34c7ae,P,16,16,f6706417e8,1,uav:spit_far,ok,harsh|uav_spit_far|harsh|rep1|seed20240909,4.7082
harsh,,nan,uav_spit_far,47d32a634b45738332fccab7224e890ee440fcfd5b7459ae49b7426f9a117ef1,a56957124aebce41,,a8aa5d9cdb3bd3cf,P,16,16,f6706417e8,2,uav:spit_far,ok,harsh|uav_spit_far|harsh|rep2|seed20240909,4.6979
harsh,,nan,uav_spit_far,47d32a634b45738332fccab7224e890ee440fcfd5b7459ae49b7426f9a117ef1,a56957124aebce41,,b59c34051a965669,P,16,16,f6706417e8,3,uav:spit_far,ok,harsh|uav_spit_far|harsh|rep3|seed20240909,4.7529
harsh,,nan,uav_spit_far,47d32a634b45738332fccab7224e890ee440fcfd5b7459ae49b7426f9a117ef1,a56957124aebce41,,1844612f4d2aecdf,P,16,16,f6706417e8,4,uav:spit_far,ok,harsh|uav_spit_far|harsh|rep4|seed20240909,4.6613
moderate,,nan,uav_spit_far,47d32a634b45738332fccab7224e890ee440fcfd5b7459ae49b7426f9a117ef1,a56957124aebce41,,d0973663e7d1cdff,P,16,16,f6706417e8,1,uav:spit_far,ok,moderate|uav_spit_far|moderate|rep1|seed20240909,14.23
moderate,,nan,uav_spit_far,47d32a634b45738332fccab7224e890ee440fcfd5b7459ae49b7426f9a117ef1,a56957124aebce41,,6100992ebb89a802,P,16,16,f6706417e8,0,uav:spit_far,ok,moderate|uav_spit_far|moderate|rep0|seed20240909,14.5968
moderate,,nan,uav_spit_far,47d32a634b45738332fccab7224e890ee440fcfd5b7459ae49b7426f9a117ef1,a56957124aebce41,,ba6e634385513f17,P,16,16,f6706417e8,2,uav:spit_far,ok,moderate|uav_spit_far|moderate|rep2|seed20240909,14.2096
moderate,,nan,uav_spit_far,47d32a634b45738332fccab7224e890ee440fcfd5b7459ae49b7426f9a117ef1,a56957124aebce41,,cad96c1a9a7767c6,P,16,16,f6706417e8,3,uav:spit_far,ok,moderate|uav_spit_far|moderate|rep3|seed20240909,14.1583
bursty,,nan,uav_spit_far,47d32a634b45738332fccab7224e890ee440fcfd5b7459ae49b7426f9a117ef1,a56957124aebce41,,3e14b5d355d596b3,P,16,16,f6706417e8,0,uav:spit_far,ok,bursty|uav_spit_far|bursty|rep0|seed20240909,13.6767
moderate,,nan,uav_spit_far,47d32a634b45738332fccab7224e890ee440fcfd5b7459ae49b7426f9a117ef1,a56957124aebce41,,ff9db98eac7b3640,P,16,16,f6706417e8,4,uav:spit_far,ok,moderate|uav_spit_far|moderate|rep4|seed20240909,14.2752
bursty,,nan,uav_spit_far,47d32a634b45738332fccab7224e890ee440fcfd5b7459ae49b7426f9a117ef1,a56957124aebce41,,31092e64261a96ed,P,16,16,f6706417e8,1,uav:spit_far,ok,bursty|uav_spit_far|bursty|rep1|seed20240909,13.1687
bursty,,nan,uav_spit_far,47d32a634b45738332fccab7224e890ee440fcfd5b7459ae49b7426f9a117ef1,a56957124aebce41,,4996b2ae9533c4df,P,16,16,f6706417e8,2,uav:spit_far,ok,bursty|uav_spit_far|bursty|rep2|seed20240909,12.2772
bursty,,nan,uav_spit_far,47d32a634b45738332fccab7224e890ee440fcfd5b7459ae49b7426f9a117ef1,a56957124aebce41,,a6eaec9f73ff451d,P,16,16,f6706417e8,3,uav:spit_far,ok,bursty|uav_spit_far|bursty|rep3|seed20240909,12.4355
bursty,,nan,uav_spit_far,47d32a634b45738332fccab7224e890ee440fcfd5b7459ae49b7426f9a117ef1,a56957124aebce41,,b2c36bdc548c11dd,P,16,16,f6706417e8,4,uav:spit_far,ok,bursty|uav_spit_far|bursty|rep4|seed20240909,12.3218
