a,b,channel,diffs,equivalence_hi90,equivalence_lo90,equivalence_margin,equivalence_verdict,equivalent,family_label,hi,holm_note,in_family,is_primary,lo,mean,method,metric,n_boot,n_diffs,n_scenes,n_scenes_dropped,n_units,n_units_dropped,p_bootstrap,p_holm,p_raw,p_source,p_wilcoxon,scenes_only_in_a,scenes_only_in_b,significant_at_95,significant_holm,unit_of_independence,units,units_only_in_a,units_only_in_b
B0a,B0a-R,bursty,-5.088169;-5.154566;-4.687633;-5.671361;-4.908117;-4.497626;-5.497914;-5.226554;-4.610237;-4.586081;-4.891030;-5.656609;-5.670763;-5.088402;-4.768735;-5.244691;-4.677681,-4.904212137737378,-5.212001894257699,0.5,еквівалентність у межах ±0.5 НЕ показана (90% CI [-5.21; -4.90]): різниця просто не встановлена,False,exploratory,-4.87701804120699,поза наперед оголошеною сім'єю; не коригується,False,False,-5.243347680759578,-5.054480568403917,paired cluster bootstrap over scenes,psnr_full,10000,17,17,0,17,0,9.999000099990002e-05,nan,9.999000099990002e-05,"двобічний bootstrap-тест на парних різницях (10000 перевибірок, seed 20240909)",1.52587890625e-05,,,True,False,scene,uav:cal_canopy_mix;uav:cal_dune_flat;uav:cal_sea_edge;uav:cal_water_east;uav:dune_fast;uav:dune_forest_edge;uav:dune_ridge;uav:forest_canopy;uav:forest_fast;uav:sea_open;uav:shoreline;uav:sky_horizon;uav:spit_far;uav:val_coast_curve;uav:val_sand_texture;uav:val_treeline;uav:village,,
B0a,B0d,bursty,-5.998045;-12.829216;-7.086285;-11.364899;-7.827775;-8.370540;-9.641371;-4.921951;-6.135408;-5.122412;-5.298439;-5.005858;-6.288982;-6.042826;-12.078226;-6.911473;-5.243274,-6.467090711913088,-8.462490239455798,0.5,еквівалентність у межах ±0.5 НЕ показана (90% CI [-8.46; -6.47]): різниця просто не встановлена,False,exploratory,-6.315837978816285,поза наперед оголошеною сім'єю; не коригується,False,False,-8.694106462134139,-7.421587066868138,paired cluster bootstrap over scenes,psnr_full,10000,17,17,0,17,0,9.999000099990002e-05,nan,9.999000099990002e-05,"двобічний bootstrap-тест на парних різницях (10000 перевибірок, seed 20240909)",1.52587890625e-05,,,True,False,scene,uav:cal_canopy_mix;uav:cal_dune_flat;uav:cal_sea_edge;uav:cal_water_east;uav:dune_fast;uav:dune_forest_edge;uav:dune_ridge;uav:forest_canopy;uav:forest_fast;uav:sea_open;uav:shoreline;uav:sky_horizon;uav:spit_far;uav:val_coast_curve;uav:val_sand_texture;uav:val_treeline;uav:village,,
B0a,B1,bursty,0.255649;0.002772;0.088779;0.168567;0.131245;0.146526;0.063585;0.173547;0.078289;0.144775;0.093554;0.111924;0.092439;0.069710;0.013259;0.042017;-0.006819,0.1248147977606158,0.0725375907093813,0.5,еквівалентність у межах ±0.5 показана (90% CI [+0.07; +0.12]),True,exploratory,0.13014023791713442,поза наперед оголошеною сім'єю; не коригується,False,False,0.06738179494692664,0.098224625646283,paired cluster bootstrap over scenes,psnr_full,10000,17,17,0,17,0,9.999000099990002e-05,nan,9.999000099990002e-05,"двобічний bootstrap-тест на парних різницях (10000 перевибірок, seed 20240909)",4.57763671875e-05,,,True,False,scene,uav:cal_canopy_mix;uav:cal_dune_flat;uav:cal_sea_edge;uav:cal_water_east;uav:dune_fast;uav:dune_forest_edge;uav:dune_ridge;uav:forest_canopy;uav:forest_fast;uav:sea_open;uav:shoreline;uav:sky_horizon;uav:spit_far;uav:val_coast_curve;uav:val_sand_texture;uav:val_treeline;uav:village,,
B0a,B2,bursty,0.342152;0.003652;0.097139;0.166358;0.045774;0.057336;0.046914;-0.007074;0.080547;0.020282;0.059282;0.068838;0.102948;0.119603;0.040956;-0.039229;0.018722,0.10735155504641546,0.042070227414084845,0.5,еквівалентність у межах ±0.5 показана (90% CI [+0.04; +0.11]),True,exploratory,0.115078026554264,поза наперед оголошеною сім'єю; не коригується,False,False,0.03736846728779247,0.07201170759845651,paired cluster bootstrap over scenes,psnr_full,10000,17,17,0,17,0,0.0011998800119988001,nan,0.0011998800119988001,"двобічний bootstrap-тест на парних різницях (10000 перевибірок, seed 20240909)",0.0002899169921875,,,True,False,scene,uav:cal_canopy_mix;uav:cal_dune_flat;uav:cal_sea_edge;uav:cal_water_east;uav:dune_fast;uav:dune_forest_edge;uav:dune_ridge;uav:forest_canopy;uav:forest_fast;uav:sea_open;uav:shoreline;uav:sky_horizon;uav:spit_far;uav:val_coast_curve;uav:val_sand_texture;uav:val_treeline;uav:village,,
B0a,B3,bursty,-11.148777;-16.945618;-10.191997;-16.957098;-13.191289;-12.997700;-15.628430;-10.710333;-10.199606;-10.032457;-10.129806;-12.295435;-11.510475;-11.396781;-15.322988;-9.689336;-9.061134,-11.244947703176774,-13.231737046960607,0.5,еквівалентність у межах ±0.5 НЕ показана (90% CI [-13.23; -11.24]): різниця просто не встановлена,False,exploratory,-11.083025329190239,поза наперед оголошеною сім'єю; не коригується,False,False,-13.430377647046596,-12.200544715362744,paired cluster bootstrap over scenes,psnr_full,10000,17,17,0,17,0,9.999000099990002e-05,nan,9.999000099990002e-05,"двобічний bootstrap-тест на парних різницях (10000 перевибірок, seed 20240909)",1.52587890625e-05,,,True,False,scene,uav:cal_canopy_mix;uav:cal_dune_flat;uav:cal_sea_edge;uav:cal_water_east;uav:dune_fast;uav:dune_forest_edge;uav:dune_ridge;uav:forest_canopy;uav:forest_fast;uav:sea_open;uav:shoreline;uav:sky_horizon;uav:spit_far;uav:val_coast_curve;uav:val_sand_texture;uav:val_treeline;uav:village,,
B0a,B4,bursty,-5.973347;-13.040338;-7.131342;-11.188100;-7.637161;-8.390985;-9.449027;-4.966826;-6.261259;-4.885951;-5.374182;-4.746247;-6.255388;-6.132082;-12.102829;-6.854850;-5.204414,-6.424389660347796,-8.44630667997378,0.5,еквівалентність у межах ±0.5 НЕ показана (90% CI [-8.45; -6.42]): різниця просто не встановлена,False,exploratory,-6.272275853852021,поза наперед оголошеною сім'єю; не коригується,False,False,-8.671358874536612,-7.3879017516845185,paired cluster bootstrap over scenes,psnr_full,10000,17,17,0,17,0,9.999000099990002e-05,nan,9.999000099990002e-05,"двобічний bootstrap-тест на парних різницях (10000 перевибірок, seed 20240909)",1.52587890625e-05,,,True,False,scene,uav:cal_canopy_mix;uav:cal_dune_flat;uav:cal_sea_edge;uav:cal_water_east;uav:dune_fast;uav:dune_forest_edge;uav:dune_ridge;uav:forest_canopy;uav:forest_fast;uav:sea_open;uav:shoreline;uav:sky_horizon;uav:spit_far;uav:val_coast_curve;uav:val_sand_texture;uav:val_treeline;uav:village,,
B0a,B4t,bursty,-7.479077;-13.821149;-7.722275;-11.846763;-10.016601;-9.686157;-12.895298;-7.026589;-7.486479;-7.202090;-7.368498;-8.372227;-9.153873;-7.517708;-12.938173;-7.408416;-6.066182,-8.160431238263874,-10.032976095758357,0.5,еквівалентність у межах ±0.5 НЕ показана (90% CI [-10.03; -8.16]): різниця просто не встановлена,False,exploratory,-8.029088712088978,поза наперед оголошеною сім'єю; не коригується,False,False,-10.22139436935363,-9.059267954656596,paired cluster bootstrap over scenes,psnr_full,10000,17,17,0,17,0,9.999000099990002e-05,nan,9.999000099990002e-05,"двобічний bootstrap-тест на парних різницях (10000 перевибірок, seed 20240909)",1.52587890625e-05,,,True,False,scene,uav:cal_canopy_mix;uav:cal_dune_flat;uav:cal_sea_edge;uav:cal_water_east;uav:dune_fast;uav:dune_forest_edge;uav:dune_ridge;uav:forest_canopy;uav:forest_fast;uav:sea_open;uav:shoreline;uav:sky_horizon;uav:spit_far;uav:val_coast_curve;uav:val_sand_texture;uav:val_treeline;uav:village,,
B0a,P,bursty,-6.932886;-13.341815;-7.115427;-11.641741;-8.583123;-8.112966;-11.273045;-6.597645;-6.592624;-6.523806;-6.466863;-8.370011;-8.210421;-6.706614;-12.041737;-6.835202;-5.665320,-7.438425294836997,-9.236279119474483,0.5,еквівалентність у межах ±0.5 НЕ показана (90% CI [-9.24; -7.44]): різниця просто не встановлена,False,exploratory,-7.313420159195072,поза наперед оголошеною сім'єю; не коригується,False,False,-9.426748394669907,-8.294779281487948,paired cluster bootstrap over scenes,psnr_full,10000,17,17,0,17,0,9.999000099990002e-05,nan,9.999000099990002e-05,"двобічний bootstrap-тест на парних різницях (10000 перевибірок, seed 20240909)",1.52587890625e-05,,,True,False,scene,uav:cal_canopy_mix;uav:cal_dune_flat;uav:cal_sea_edge;uav:cal_water_east;uav:dune_fast;uav:dune_forest_edge;uav:dune_ridge;uav:forest_canopy;uav:forest_fast;uav:sea_open;uav:shoreline;uav:sky_horizon;uav:spit_far;uav:val_coast_curve;uav:val_sand_texture;uav:val_treeline;uav:village,,
B0a-R,B0d,bursty,-0.909877;-7.674649;-2.398651;-5.693538;-2.919658;-3.872914;-4.143457;0.304603;-1.525171;-0.536331;-0.407409;0.650751;-0.618218;-0.954424;-7.309491;-1.666782;-0.565593,-1.4182944889124895,-3.4053974017519733,0.5,еквівалентність у межах ±0.5 НЕ показана (90% CI [-3.41; -1.42]): різниця просто не встановлена,False,exploratory,-1.2676125173154704,поза наперед оголошеною сім'єю; не коригується,False,False,-3.626148173823518,-2.367106498464222,paired cluster bootstrap over scenes,psnr_full,10000,17,17,0,17,0,0.00019998000199980003,nan,0.00019998000199980003,"двобічний bootstrap-тест на парних різницях (10000 перевибірок, seed 20240909)",0.0002899169921875,,,True,False,scene,uav:cal_canopy_mix;uav:cal_dune_flat;uav:cal_sea_edge;uav:cal_water_east;uav:dune_fast;uav:dune_forest_edge;uav:dune_ridge;uav:forest_canopy;uav:forest_fast;uav:sea_open;uav:shoreline;uav:sky_horizon;uav:spit_far;uav:val_coast_curve;uav:val_sand_texture;uav:val_treeline;uav:village,,
B0a-R,B1,bursty,5.343818;5.157339;4.776412;5.839928;5.039362;4.644152;5.561499;5.400101;4.688526;4.730856;4.984584;5.768533;5.763202;5.158112;4.781993;5.286708;4.670862,5.315698362281223,4.99689460722757,0.5,еквівалентність у межах ±0.5 НЕ показана (90% CI [+5.00; +5.32]): різниця просто не встановлена,False,exploratory,5.34726495673473,поза наперед оголошеною сім'єю; не коригується,False,False,4.969115429322955,5.1527051940502,paired cluster bootstrap over scenes,psnr_full,10000,17,17,0,17,0,9.999000099990002e-05,nan,9.999000099990002e-05,"двобічний bootstrap-тест на парних різницях (10000 перевибірок, seed 20240909)",1.52587890625e-05,,,True,False,scene,uav:cal_canopy_mix;uav:cal_dune_flat;uav:cal_sea_edge;uav:cal_water_east;uav:dune_fast;uav:dune_forest_edge;uav:dune_ridge;uav:forest_canopy;uav:forest_fast;uav:sea_open;uav:shoreline;uav:sky_horizon;uav:spit_far;uav:val_coast_curve;uav:val_sand_texture;uav:val_treeline;uav:village,,
B0a-R,B2,bursty,5.430321;5.158218;4.784772;5.837719;4.953891;4.554962;5.544828;5.219480;4.690784;4.606363;4.950312;5.725447;5.773711;5.208005;4.809691;5.205462;4.696403,5.290460060371541,4.9674555339526245,0.5,еквівалентність у межах ±0.5 НЕ показана (90% CI [+4.97; +5.29]): різниця просто не встановлена,False,exploratory,5.323668214622048,поза наперед оголошеною сім'єю; не коригується,False,False,4.940586392106148,5.126492276002374,paired cluster bootstrap over scenes,psnr_full,10000,17,17,0,17,0,9.999000099990002e-05,nan,9.999000099990002e-05,"двобічний bootstrap-тест на парних різницях (10000 перевибірок, seed 20240909)",1.52587890625e-05,,,True,False,scene,uav:cal_canopy_mix;uav:cal_dune_flat;uav:cal_sea_edge;uav:cal_water_east;uav:dune_fast;uav:dune_forest_edge;uav:dune_ridge;uav:forest_canopy;uav:forest_fast;uav:sea_open;uav:shoreline;uav:sky_horizon;uav:spit_far;uav:val_coast_curve;uav:val_sand_texture;uav:val_treeline;uav:village,,
B0a-R,B3,bursty,-6.060608;-11.791051;-5.504364;-11.285737;-8.283172;-8.500074;-10.130516;-5.483779;-5.589369;-5.446376;-5.238776;-6.638826;-5.839712;-6.308379;-10.554253;-4.444645;-4.383453,-6.233374805419912,-8.122993227800562,0.5,еквівалентність у межах ±0.5 НЕ показана (90% CI [-8.12; -6.23]): різниця просто не встановлена,False,exploratory,-6.085794262445911,поза наперед оголошеною сім'єю; не коригується,False,False,-8.319275869134556,-7.146064146958827,paired cluster bootstrap over scenes,psnr_full,10000,17,17,0,17,0,9.999000099990002e-05,nan,9.999000099990002e-05,"двобічний bootstrap-тест на парних різницях (10000 перевибірок, seed 20240909)",1.52587890625e-05,,,True,False,scene,uav:cal_canopy_mix;uav:cal_dune_flat;uav:cal_sea_edge;uav:cal_water_east;uav:dune_fast;uav:dune_forest_edge;uav:dune_ridge;uav:forest_canopy;uav:forest_fast;uav:sea_open;uav:shoreline;uav:sky_horizon;uav:spit_far;uav:val_coast_curve;uav:val_sand_texture;uav:val_treeline;uav:village,,
B0a-R,B4,bursty,-0.885178;-7.885772;-2.443709;-5.516739;-2.729044;-3.893360;-3.951113;0.259728;-1.651022;-0.299870;-0.483152;0.910362;-0.584625;-1.043680;-7.334095;-1.610159;-0.526733,-1.373594522889952,-3.391736068012194,0.5,еквівалентність у межах ±0.5 НЕ показана (90% CI [-3.39; -1.37]): різниця просто не встановлена,False,exploratory,-1.212180345079197,поза наперед оголошеною сім'єю; не коригується,False,False,-3.606179971854071,-2.333421183280602,paired cluster bootstrap over scenes,psnr_full,10000,17,17,0,17,0,0.00039996000399960006,nan,0.00039996000399960006,"двобічний bootstrap-тест на парних різницях (10000 перевибірок, seed 20240909)",0.0003814697265625,,,True,False,scene,uav:cal_canopy_mix;uav:cal_dune_flat;uav:cal_sea_edge;uav:cal_water_east;uav:dune_fast;uav:dune_forest_edge;uav:dune_ridge;uav:forest_canopy;uav:forest_fast;uav:sea_open;uav:shoreline;uav:sky_horizon;uav:spit_far;uav:val_coast_curve;uav:val_sand_texture;uav:val_treeline;uav:village,,
B0a-R,B4t,bursty,-2.390908;-8.666583;-3.034642;-6.175402;-5.108484;-5.188531;-7.397384;-1.800035;-2.876242;-2.616008;-2.477468;-2.715618;-3.483110;-2.429306;-8.169438;-2.163725;-1.388501,-3.134891215369111,-4.944273094999948,0.5,еквівалентність у межах ±0.5 НЕ показана (90% CI [-4.94; -3.13]): різниця просто не встановлена,False,exploratory,-3.0067862821474978,поза наперед оголошеною сім'єю; не коригується,False,False,-5.138054075618974,-4.00478738625268,paired cluster bootstrap over scenes,psnr_full,10000,17,17,0,17,0,9.999000099990002e-05,nan,9.999000099990002e-05,"двобічний bootstrap-тест на парних різницях (10000 перевибірок, seed 20240909)",1.52587890625e-05,,,True,False,scene,uav:cal_canopy_mix;uav:cal_dune_flat;uav:cal_sea_edge;uav:cal_water_east;uav:dune_fast;uav:dune_forest_edge;uav:dune_ridge;uav:forest_canopy;uav:forest_fast;uav:sea_open;uav:shoreline;uav:sky_horizon;uav:spit_far;uav:val_coast_curve;uav:val_sand_texture;uav:val_treeline;uav:village,,
B0a-R,P,bursty,-1.844717;-8.187249;-2.427794;-5.970380;-3.675006;-3.615340;-5.775131;-1.371091;-1.982387;-1.937725;-1.575834;-2.713402;-2.539657;-1.618211;-7.273002;-1.590511;-0.987640,-2.4280735472296318,-4.1391585348452145,0.5,еквівалентність у межах ±0.5 НЕ показана (90% CI [-4.14; -2.43]): різниця просто не встановлена,False,exploratory,-2.3071442337098995,поза наперед оголошеною сім'єю; не коригується,False,False,-4.331101704143455,-3.2402987130840315,paired cluster bootstrap over scenes,psnr_full,10000,17,17,0,17,0,9.999000099990002e-05,nan,9.999000099990002e-05,"двобічний bootstrap-тест на парних різницях (10000 перевибірок, seed 20240909)",1.52587890625e-05,,,True,False,scene,uav:cal_canopy_mix;uav:cal_dune_flat;uav:cal_sea_edge;uav:cal_water_east;uav:dune_fast;uav:dune_forest_edge;uav:dune_ridge;uav:forest_canopy;uav:forest_fast;uav:sea_open;uav:shoreline;uav:sky_horizon;uav:spit_far;uav:val_coast_curve;uav:val_sand_texture;uav:val_treeline;uav:village,,
B0d,B1,bursty,6.253695;12.831988;7.175063;11.533466;7.959020;8.517066;9.704956;5.095498;6.213698;5.267187;5.391993;5.117783;6.381421;6.112536;12.091484;6.953490;5.236455,8.550343324483576,6.569377234972454,0.5,еквівалентність у межах ±0.5 НЕ показана (90% CI [+6.57; +8.55]): різниця просто не встановлена,False,exploratory,8.778812094812887,поза наперед оголошеною сім'єю; не коригується,False,False,6.42189529975254,7.519811692514422,paired cluster bootstrap over scenes,psnr_full,10000,17,17,0,17,0,9.999000099990002e-05,nan,9.999000099990002e-05,"двобічний bootstrap-тест на парних різницях (10000 перевибірок, seed 20240909)",1.52587890625e-05,,,True,False,scene,uav:cal_canopy_mix;uav:cal_dune_flat;uav:cal_sea_edge;uav:cal_water_east;uav:dune_fast;uav:dune_forest_edge;uav:dune_ridge;uav:forest_canopy;uav:forest_fast;uav:sea_open;uav:shoreline;uav:sky_horizon;uav:spit_far;uav:val_coast_curve;uav:val_sand_texture;uav:val_treeline;uav:village,,
B0d,B2,bursty,6.340197;12.832868;7.183423;11.531257;7.873549;8.427876;9.688284;4.914878;6.215956;5.142694;5.357721;5.074697;6.391929;6.162429;12.119182;6.872244;5.261995,8.531662905677688,6.536576382858667,0.5,еквівалентність у межах ±0.5 НЕ показана (90% CI [+6.54; +8.53]): різниця просто не встановлена,False,exploratory,8.764564811103341,поза наперед оголошеною сім'єю; не коригується,False,False,6.3877678912501,7.493598774466595,paired cluster bootstrap over scenes,psnr_full,10000,17,17,0,17,0,9.999000099990002e-05,nan,9.999000099990002e-05,"двобічний bootstrap-тест на парних різницях (10000 перевибірок, seed 20240909)",1.52587890625e-05,,,True,False,scene,uav:cal_canopy_mix;uav:cal_dune_flat;uav:cal_sea_edge;uav:cal_water_east;uav:dune_fast;uav:dune_forest_edge;uav:dune_ridge;uav:forest_canopy;uav:forest_fast;uav:sea_open;uav:shoreline;uav:sky_horizon;uav:spit_far;uav:val_coast_curve;uav:val_sand_texture;uav:val_treeline;uav:village,,
B0d,B3,bursty,-5.150732;-4.116402;-3.105713;-5.592198;-5.363514;-4.627160;-5.987059;-5.788382;-4.064198;-4.910044;-4.831367;-7.289577;-5.221493;-5.353955;-3.244762;-2.777863;-3.817860,-4.336559663833331,-5.231952026607693,0.5,еквівалентність у межах ±0.5 НЕ показана (90% CI [-5.23; -4.34]): різниця просто не встановлена,False,exploratory,-4.249776254729631,поза наперед оголошеною сім'єю; не коригується,False,False,-5.317445321909603,-4.778957648494604,paired cluster bootstrap over scenes,psnr_full,10000,17,17,0,17,0,9.999000099990002e-05,nan,9.999000099990002e-05,"двобічний bootstrap-тест на парних різницях (10000 перевибірок, seed 20240909)",1.52587890625e-05,,,True,False,scene,uav:cal_canopy_mix;uav:cal_dune_flat;uav:cal_sea_edge;uav:cal_water_east;uav:dune_fast;uav:dune_forest_edge;uav:dune_ridge;uav:forest_canopy;uav:forest_fast;uav:sea_open;uav:shoreline;uav:sky_horizon;uav:spit_far;uav:val_coast_curve;uav:val_sand_texture;uav:val_treeline;uav:village,,
B0d,B4,bursty,0.024698;-0.211122;-0.045057;0.176799;0.190614;-0.020446;0.192343;-0.044875;-0.125851;0.236461;-0.075743;0.259611;0.033594;-0.089256;-0.024604;0.056624;0.038860,0.0858798638203078,-0.0190876440964422,0.5,еквівалентність у межах ±0.5 показана (90% CI [-0.02; +0.09]),True,exploratory,0.09611838104044211,поза наперед оголошеною сім'єю; не коригується,False,False,-0.02942449861689044,0.03368531518361973,paired cluster bootstrap over scenes,psnr_full,10000,17,17,0,17,0,0.2927707229277072,nan,0.2927707229277072,"двобічний bootstrap-тест на парних різницях (10000 перевибірок, seed 20240909)",0.4873809814453125,,,False,False,scene,uav:cal_canopy_mix;uav:cal_dune_flat;uav:cal_sea_edge;uav:cal_water_east;uav:dune_fast;uav:dune_forest_edge;uav:dune_ridge;uav:forest_canopy;uav:forest_fast;uav:sea_open;uav:shoreline;uav:sky_horizon;uav:spit_far;uav:val_coast_curve;uav:val_sand_texture;uav:val_treeline;uav:village,,
B0d,B4t,bursty,-1.481032;-0.991933;-0.635990;-0.481864;-2.188826;-1.315617;-3.253927;-2.104638;-1.351071;-2.079677;-2.070060;-3.366369;-2.864891;-1.474882;-0.859947;-0.496943;-0.822909,-1.285374327388487,-2.010343166478491,0.5,еквівалентність у межах ±0.5 НЕ показана (90% CI [-2.01; -1.29]): різниця просто не встановлена,False,exploratory,-1.228040185886985,поза наперед оголошеною сім'єю; не коригується,False,False,-2.072535037593312,-1.6376808877884574,paired cluster bootstrap over scenes,psnr_full,10000,17,17,0,17,0,9.999000099990002e-05,nan,9.999000099990002e-05,"двобічний bootstrap-тест на парних різницях (10000 перевибірок, seed 20240909)",1.52587890625e-05,,,True,False,scene,uav:cal_canopy_mix;uav:cal_dune_flat;uav:cal_sea_edge;uav:cal_water_east;uav:dune_fast;uav:dune_forest_edge;uav:dune_ridge;uav:forest_canopy;uav:forest_fast;uav:sea_open;uav:shoreline;uav:sky_horizon;uav:spit_far;uav:val_coast_curve;uav:val_sand_texture;uav:val_treeline;uav:village,,
B0d,P,bursty,-0.934841;-0.512600;-0.029142;-0.276842;-0.755348;0.257574;-1.631674;-1.675694;-0.457216;-1.401394;-1.168425;-3.364153;-1.921439;-0.663788;0.036488;0.076271;-0.422047,-0.5288976218733504,-1.2490876509206643,0.5,еквівалентність у межах ±0.5 НЕ показана (90% CI [-1.25; -0.53]): різниця просто не встановлена,False,pre-declared,-0.4764658874627326,,True,False,-1.3288652918838246,-0.873192214619809,paired cluster bootstrap over scenes,psnr_full,10000,17,17,0,17,0,0.00039996000399960006,0.0007999200079992001,0.00039996000399960006,"двобічний bootstrap-тест на парних різницях (10000 перевибірок, seed 20240909)",0.0005035400390625,,,True,True,scene,uav:cal_canopy_mix;uav:cal_dune_flat;uav:cal_sea_edge;uav:cal_water_east;uav:dune_fast;uav:dune_forest_edge;uav:dune_ridge;uav:forest_canopy;uav:forest_fast;uav:sea_open;uav:shoreline;uav:sky_horizon;uav:spit_far;uav:val_coast_curve;uav:val_sand_texture;uav:val_treeline;uav:village,,
B1,B2,bursty,0.086502;0.000879;0.008360;-0.002209;-0.085471;-0.089190;-0.016672;-0.180620;0.002258;-0.124493;-0.034272;-0.043086;0.010508;0.049893;0.027698;-0.081246;0.025541,-0.0009732057575437717,-0.05287462671486368,0.5,еквівалентність у межах ±0.5 показана (90% CI [-0.05; -0.00]),True,exploratory,0.0035198395112240382,поза наперед оголошеною сім'єю; не коригується,False,False,-0.05847369422029656,-0.026212918047826484,paired cluster bootstrap over scenes,psnr_full,10000,17,17,0,17,0,0.09549045095490451,nan,0.09549045095490451,"двобічний bootstrap-тест на парних різницях (10000 перевибірок, seed 20240909)",0.2841644287109375,,,False,False,scene,uav:cal_canopy_mix;uav:cal_dune_flat;uav:cal_sea_edge;uav:cal_water_east;uav:dune_fast;uav:dune_forest_edge;uav:dune_ridge;uav:forest_canopy;uav:forest_fast;uav:sea_open;uav:shoreline;uav:sky_horizon;uav:spit_far;uav:val_coast_curve;uav:val_sand_texture;uav:val_treeline;uav:village,,
B1,B3,bursty,-11.404427;-16.948390;-10.280776;-17.125665;-13.322534;-13.144226;-15.692015;-10.883880;-10.277896;-10.177232;-10.223360;-12.407359;-11.602914;-11.466491;-15.336246;-9.731353;-9.054315,-11.341852621716942,-13.326935305236184,0.5,еквівалентність у межах ±0.5 НЕ показана (90% CI [-13.33; -11.34]): різниця просто не встановлена,False,exploratory,-11.17871053389046,поза наперед оголошеною сім'єю; не коригується,False,False,-13.517154582985706,-12.298769341009027,paired cluster bootstrap over scenes,psnr_full,10000,17,17,0,17,0,9.999000099990002e-05,nan,9.999000099990002e-05,"двобічний bootstrap-тест на парних різницях (10000 перевибірок, seed 20240909)",1.52587890625e-05,,,True,False,scene,uav:cal_canopy_mix;uav:cal_dune_flat;uav:cal_sea_edge;uav:cal_water_east;uav:dune_fast;uav:dune_forest_edge;uav:dune_ridge;uav:forest_canopy;uav:forest_fast;uav:sea_open;uav:shoreline;uav:sky_horizon;uav:spit_far;uav:val_coast_curve;uav:val_sand_texture;uav:val_treeline;uav:village,,
B1,B4,bursty,-6.228996;-13.043110;-7.220121;-11.356667;-7.768406;-8.537512;-9.512613;-5.140373;-6.339549;-5.030726;-5.467736;-4.858171;-6.347827;-6.201792;-12.116088;-6.896866;-5.197595,-6.527231566477988,-8.532556084574981,0.5,еквівалентність у межах ±0.5 НЕ показана (90% CI [-8.53; -6.53]): різниця просто не встановлена,False,exploratory,-6.380120784358043,поза наперед оголошеною сім'єю; не коригується,False,False,-8.765826116897498,-7.486126377330803,paired cluster bootstrap over scenes,psnr_full,10000,17,17,0,17,0,9.999000099990002e-05,nan,9.999000099990002e-05,"двобічний bootstrap-тест на парних різницях (10000 перевибірок, seed 20240909)",1.52587890625e-05,,,True,False,scene,uav:cal_canopy_mix;uav:cal_dune_flat;uav:cal_sea_edge;uav:cal_water_east;uav:dune_fast;uav:dune_forest_edge;uav:dune_ridge;uav:forest_canopy;uav:forest_fast;uav:sea_open;uav:shoreline;uav:sky_horizon;uav:spit_far;uav:val_coast_curve;uav:val_sand_texture;uav:val_treeline;uav:village,,
B1,B4t,bursty,-7.734726;-13.823921;-7.811054;-12.015330;-10.147846;-9.832683;-12.958883;-7.200136;-7.564769;-7.346864;-7.462052;-8.484151;-9.246312;-7.587418;-12.951432;-7.450433;-6.059363,-8.264587379571493,-10.124617003179113,0.5,еквівалентність у межах ±0.5 НЕ показана (90% CI [-10.12; -8.26]): різниця просто не встановлена,False,exploratory,-8.12509321631216,поза наперед оголошеною сім'єю; не коригується,False,False,-10.310410493390634,-9.157492580302879,paired cluster bootstrap over scenes,psnr_full,10000,17,17,0,17,0,9.999000099990002e-05,nan,9.999000099990002e-05,"двобічний bootstrap-тест на парних різницях (10000 перевибірок, seed 20240909)",1.52587890625e-05,,,True,False,scene,uav:cal_canopy_mix;uav:cal_dune_flat;uav:cal_sea_edge;uav:cal_water_east;uav:dune_fast;uav:dune_forest_edge;uav:dune_ridge;uav:forest_canopy;uav:forest_fast;uav:sea_open;uav:shoreline;uav:sky_horizon;uav:spit_far;uav:val_coast_curve;uav:val_sand_texture;uav:val_treeline;uav:village,,
B1,P,bursty,-7.188535;-13.344588;-7.204206;-11.810308;-8.714368;-8.259492;-11.336630;-6.771192;-6.670913;-6.668581;-6.560418;-8.481935;-8.302860;-6.776324;-12.054996;-6.877219;-5.658502,-7.543384384474648,-9.32707109645675,0.5,еквівалентність у межах ±0.5 НЕ показана (90% CI [-9.33; -7.54]): різниця просто не встановлена,False,exploratory,-7.410058995004453,поза наперед оголошеною сім'єю; не коригується,False,False,-9.511106550218457,-8.393003907134231,paired cluster bootstrap over scenes,psnr_full,10000,17,17,0,17,0,9.999000099990002e-05,nan,9.999000099990002e-05,"двобічний bootstrap-тест на парних різницях (10000 перевибірок, seed 20240909)",1.52587890625e-05,,,True,False,scene,uav:cal_canopy_mix;uav:cal_dune_flat;uav:cal_sea_edge;uav:cal_water_east;uav:dune_fast;uav:dune_forest_edge;uav:dune_ridge;uav:forest_canopy;uav:forest_fast;uav:sea_open;uav:shoreline;uav:sky_horizon;uav:spit_far;uav:val_coast_curve;uav:val_sand_texture;uav:val_treeline;uav:village,,
B2,B3,bursty,-11.490929;-16.949269;-10.289136;-17.123456;-13.237063;-13.055036;-15.675344;-10.703260;-10.280154;-10.052739;-10.189089;-12.364273;-11.613422;-11.516384;-15.363944;-9.650107;-9.079855,-11.316529849514364,-13.309414326985939,0.5,еквівалентність у межах ±0.5 НЕ показана (90% CI [-13.31; -11.32]): різниця просто не встановлена,False,exploratory,-11.149507176516149,поза наперед оголошеною сім'єю; не коригується,False,False,-13.498490767473278,-12.2725564229612,paired cluster bootstrap over scenes,psnr_full,10000,17,17,0,17,0,9.999000099990002e-05,nan,9.999000099990002e-05,"двобічний bootstrap-тест на парних різницях (10000 перевибірок, seed 20240909)",1.52587890625e-05,,,True,False,scene,uav:cal_canopy_mix;uav:cal_dune_flat;uav:cal_sea_edge;uav:cal_water_east;uav:dune_fast;uav:dune_forest_edge;uav:dune_ridge;uav:forest_canopy;uav:forest_fast;uav:sea_open;uav:shoreline;uav:sky_horizon;uav:spit_far;uav:val_coast_curve;uav:val_sand_texture;uav:val_treeline;uav:village,,
B2,B4,bursty,-6.315499;-13.043990;-7.228481;-11.354458;-7.682935;-8.448322;-9.495941;-4.959753;-6.341807;-4.906233;-5.433464;-4.815085;-6.358336;-6.251685;-12.143786;-6.815620;-5.223136,-6.49568393422433,-8.513292702965433,0.5,еквівалентність у межах ±0.5 НЕ показана (90% CI [-8.51; -6.50]): різниця просто не встановлена,False,exploratory,-6.341273338046512,поза наперед оголошеною сім'єю; не коригується,False,False,-8.748932233027945,-7.459913459282976,paired cluster bootstrap over scenes,psnr_full,10000,17,17,0,17,0,9.999000099990002e-05,nan,9.999000099990002e-05,"двобічний bootstrap-тест на парних різницях (10000 перевибірок, seed 20240909)",1.52587890625e-05,,,True,False,scene,uav:cal_canopy_mix;uav:cal_dune_flat;uav:cal_sea_edge;uav:cal_water_east;uav:dune_fast;uav:dune_forest_edge;uav:dune_ridge;uav:forest_canopy;uav:forest_fast;uav:sea_open;uav:shoreline;uav:sky_horizon;uav:spit_far;uav:val_coast_curve;uav:val_sand_texture;uav:val_treeline;uav:village,,
B2,B4t,bursty,-7.821229;-13.824801;-7.819414;-12.013121;-10.062375;-9.743493;-12.942212;-7.019515;-7.567027;-7.222371;-7.427781;-8.441065;-9.256821;-7.637311;-12.979129;-7.369187;-6.084904,-8.232932675604935,-10.102513241049278,0.5,еквівалентність у межах ±0.5 НЕ показана (90% CI [-10.10; -8.23]): різниця просто не встановлена,False,exploratory,-8.094276911323952,поза наперед оголошеною сім'єю; не коригується,False,False,-10.292888177097774,-9.131279662255054,paired cluster bootstrap over scenes,psnr_full,10000,17,17,0,17,0,9.999000099990002e-05,nan,9.999000099990002e-05,"двобічний bootstrap-тест на парних різницях (10000 перевибірок, seed 20240909)",1.52587890625e-05,,,True,False,scene,uav:cal_canopy_mix;uav:cal_dune_flat;uav:cal_sea_edge;uav:cal_water_east;uav:dune_fast;uav:dune_forest_edge;uav:dune_ridge;uav:forest_canopy;uav:forest_fast;uav:sea_open;uav:shoreline;uav:sky_horizon;uav:spit_far;uav:val_coast_curve;uav:val_sand_texture;uav:val_treeline;uav:village,,
B2,P,bursty,-7.275038;-13.345467;-7.212566;-11.808099;-8.628897;-8.170302;-11.319959;-6.590571;-6.673172;-6.544088;-6.526146;-8.438849;-8.313368;-6.826216;-12.082693;-6.795973;-5.684042,-7.51017467195111,-9.306691125590342,0.5,еквівалентність у межах ±0.5 НЕ показана (90% CI [-9.31; -7.51]): різниця просто не встановлена,False,exploratory,-7.3844585782457495,поза наперед оголошеною сім'єю; не коригується,False,False,-9.500802963455948,-8.366790989086406,paired cluster bootstrap over scenes,psnr_full,10000,17,17,0,17,0,9.999000099990002e-05,nan,9.999000099990002e-05,"двобічний bootstrap-тест на парних різницях (10000 перевибірок, seed 20240909)",1.52587890625e-05,,,True,False,scene,uav:cal_canopy_mix;uav:cal_dune_flat;uav:cal_sea_edge;uav:cal_water_east;uav:dune_fast;uav:dune_forest_edge;uav:dune_ridge;uav:forest_canopy;uav:forest_fast;uav:sea_open;uav:shoreline;uav:sky_horizon;uav:spit_far;uav:val_coast_curve;uav:val_sand_texture;uav:val_treeline;uav:village,,
B3,B4,bursty,5.175430;3.905280;3.060655;5.768998;5.554128;4.606714;6.179403;5.743507;3.938347;5.146506;4.755624;7.549188;5.255087;5.264698;3.220158;2.834487;3.856720,5.297459472592078,4.341458754967582,0.5,еквівалентність у межах ±0.5 НЕ показана (90% CI [+4.34; +5.30]): різниця просто не встановлена,False,exploratory,5.389391915876702,поза наперед оголошеною сім'єю; не коригується,False,False,4.252454839997364,4.812642963678224,paired cluster bootstrap over scenes,psnr_full,10000,17,17,0,17,0,9.999000099990002e-05,nan,9.999000099990002e-05,"двобічний bootstrap-тест на парних різницях (10000 перевибірок, seed 20240909)",1.52587890625e-05,,,True,False,scene,uav:cal_canopy_mix;uav:cal_dune_flat;uav:cal_sea_edge;uav:cal_water_east;uav:dune_fast;uav:dune_forest_edge;uav:dune_ridge;uav:forest_canopy;uav:forest_fast;uav:sea_open;uav:shoreline;uav:sky_horizon;uav:spit_far;uav:val_coast_curve;uav:val_sand_texture;uav:val_treeline;uav:village,,
B3,B4t,bursty,3.669700;3.124469;2.469722;5.110334;3.174688;3.311543;2.733132;3.683745;2.713127;2.830367;2.761308;3.923208;2.356602;3.879073;2.384815;2.280920;2.994951,3.441359145803438,2.8732035411669234,0.5,еквівалентність у межах ±0.5 НЕ показана (90% CI [+2.87; +3.44]): різниця просто не встановлена,False,exploratory,3.5053366140361963,поза наперед оголошеною сім'єю; не коригується,False,False,2.8299229236396717,3.1412767607061465,paired cluster bootstrap over scenes,psnr_full,10000,17,17,0,17,0,9.999000099990002e-05,nan,9.999000099990002e-05,"двобічний bootstrap-тест на парних різницях (10000 перевибірок, seed 20240909)",1.52587890625e-05,,,True,False,scene,uav:cal_canopy_mix;uav:cal_dune_flat;uav:cal_sea_edge;uav:cal_water_east;uav:dune_fast;uav:dune_forest_edge;uav:dune_ridge;uav:forest_canopy;uav:forest_fast;uav:sea_open;uav:shoreline;uav:sky_horizon;uav:spit_far;uav:val_coast_curve;uav:val_sand_texture;uav:val_treeline;uav:village,,
B3,P,bursty,4.215891;3.603802;3.076571;5.315356;4.608166;4.884734;4.355385;4.112688;3.606982;3.508650;3.662943;3.925424;3.300054;4.690167;3.281250;2.854134;3.395813,4.178572882241674,3.6449594967572527,0.5,еквівалентність у межах ±0.5 НЕ показана (90% CI [+3.64; +4.18]): різниця просто не встановлена,False,pre-declared,4.236491844176629,,True,False,3.6033010445816847,3.905765433874796,paired cluster bootstrap over scenes,psnr_full,10000,17,17,0,17,0,9.999000099990002e-05,0.0004999500049995,9.999000099990002e-05,"двобічний bootstrap-тест на парних різницях (10000 перевибірок, seed 20240909)",1.52587890625e-05,,,True,True,scene,uav:cal_canopy_mix;uav:cal_dune_flat;uav:cal_sea_edge;uav:cal_water_east;uav:dune_fast;uav:dune_forest_edge;uav:dune_ridge;uav:forest_canopy;uav:forest_fast;uav:sea_open;uav:shoreline;uav:sky_horizon;uav:spit_far;uav:val_coast_curve;uav:val_sand_texture;uav:val_treeline;uav:village,,
B4,B4t,bursty,-1.505730;-0.780811;-0.590933;-0.658663;-2.379440;-1.295171;-3.446271;-2.059763;-1.225220;-2.316138;-1.994317;-3.625980;-2.898485;-1.385626;-0.835343;-0.553567;-0.861768,-1.2964171324677844,-2.066635717277546,0.5,еквівалентність у межах ±0.5 НЕ показана (90% CI [-2.07; -1.30]): різниця просто не встановлена,False,pre-declared,-1.2313371919741989,,True,False,-2.142736260183923,-1.6713662029720773,paired cluster bootstrap over scenes,psnr_full,10000,17,17,0,17,0,9.999000099990002e-05,0.0004999500049995,9.999000099990002e-05,"двобічний bootstrap-тест на парних різницях (10000 перевибірок, seed 20240909)",1.52587890625e-05,,,True,True,scene,uav:cal_canopy_mix;uav:cal_dune_flat;uav:cal_sea_edge;uav:cal_water_east;uav:dune_fast;uav:dune_forest_edge;uav:dune_ridge;uav:forest_canopy;uav:forest_fast;uav:sea_open;uav:shoreline;uav:sky_horizon;uav:spit_far;uav:val_coast_curve;uav:val_sand_texture;uav:val_treeline;uav:village,,
B4,P,bursty,-0.959539;-0.301478;0.015915;-0.453641;-0.945962;0.278020;-1.824018;-1.630819;-0.331365;-1.637855;-1.092682;-3.623764;-1.955033;-0.574531;0.061092;0.019648;-0.460906,-0.5394903617877475,-1.314455997975294,0.5,еквівалентність у межах ±0.5 НЕ показана (90% CI [-1.31; -0.54]): різниця просто не встановлена,False,pre-declared,-0.48000903786594906,,True,True,-1.4017158313139513,-0.9068775298034287,paired cluster bootstrap over scenes,psnr_full,10000,17,17,0,17,0,0.0005999400059994001,0.0007999200079992001,0.0005999400059994001,"двобічний bootstrap-тест на парних різницях (10000 перевибірок, seed 20240909)",0.0006561279296875,,,True,True,scene,uav:cal_canopy_mix;uav:cal_dune_flat;uav:cal_sea_edge;uav:cal_water_east;uav:dune_fast;uav:dune_forest_edge;uav:dune_ridge;uav:forest_canopy;uav:forest_fast;uav:sea_open;uav:shoreline;uav:sky_horizon;uav:spit_far;uav:val_coast_curve;uav:val_sand_texture;uav:val_treeline;uav:village,,
B4t,P,bursty,0.546191;0.479333;0.606848;0.205022;1.433478;1.573191;1.622253;0.428944;0.893855;0.678283;0.901635;0.002216;0.943452;0.811095;0.896436;0.573214;0.400862,0.9468124925120951,0.5923271598139197,0.5,еквівалентність у межах ±0.5 НЕ показана (90% CI [+0.59; +0.95]): різниця просто не встановлена,False,pre-declared,0.9829936510207058,,True,False,0.5632369462956031,0.7644886731686485,paired cluster bootstrap over scenes,psnr_full,10000,17,17,0,17,0,9.999000099990002e-05,0.0004999500049995,9.999000099990002e-05,"двобічний bootstrap-тест на парних різницях (10000 перевибірок, seed 20240909)",1.52587890625e-05,,,True,True,scene,uav:cal_canopy_mix;uav:cal_dune_flat;uav:cal_sea_edge;uav:cal_water_east;uav:dune_fast;uav:dune_forest_edge;uav:dune_ridge;uav:forest_canopy;uav:forest_fast;uav:sea_open;uav:shoreline;uav:sky_horizon;uav:spit_far;uav:val_coast_curve;uav:val_sand_texture;uav:val_treeline;uav:village,,
B0a,B0a-R,clean,0.000000;0.000000;0.000000;0.000000;0.000000;0.000000;0.000000;0.000000;0.000000;0.000000;0.000000;0.000000;0.000000;0.000000;0.000000;0.000000;0.000000,0.0,0.0,0.5,еквівалентність у межах ±0.5 показана (90% CI [+0.00; +0.00]),True,exploratory,0.0,поза наперед оголошеною сім'єю; не коригується,False,False,0.0,0.0,paired cluster bootstrap over scenes,psnr_full,10000,17,17,0,17,0,1.0,nan,1.0,"двобічний bootstrap-тест на парних різницях (10000 перевибірок, seed 20240909)",1.0,,,False,False,scene,uav:cal_canopy_mix;uav:cal_dune_flat;uav:cal_sea_edge;uav:cal_water_east;uav:dune_fast;uav:dune_forest_edge;uav:dune_ridge;uav:forest_canopy;uav:forest_fast;uav:sea_open;uav:shoreline;uav:sky_horizon;uav:spit_far;uav:val_coast_curve;uav:val_sand_texture;uav:val_treeline;uav:village,,
B0a,B0d,clean,26.829842;21.440780;27.828781;19.552262;25.243061;24.740843;22.977786;28.387002;27.320771;26.182223;27.228153;23.632060;24.867353;25.480284;22.162347;28.232529;26.888778,26.190396530413462,24.228493069848064,0.5,еквівалентність у межах ±0.5 НЕ показана (90% CI [+24.23; +26.19]): різниця просто не встановлена,False,exploratory,26.360711416515993,поза наперед оголошеною сім'єю; не коригується,False,False,24.029571816577306,25.2349915092082,paired cluster bootstrap over scenes,psnr_full,10000,17,17,0,17,0,9.999000099990002e-05,nan,9.999000099990002e-05,"двобічний bootstrap-тест на парних різницях (10000 перевибірок, seed 20240909)",1.52587890625e-05,,,True,False,scene,uav:cal_canopy_mix;uav:cal_dune_flat;uav:cal_sea_edge;uav:cal_water_east;uav:dune_fast;uav:dune_forest_edge;uav:dune_ridge;uav:forest_canopy;uav:forest_fast;uav:sea_open;uav:shoreline;uav:sky_horizon;uav:spit_far;uav:val_coast_curve;uav:val_sand_texture;uav:val_treeline;uav:village,,
B0a,B1,clean,0.000000;0.000000;0.000000;0.000000;0.000000;0.000000;0.000000;0.000000;0.000000;0.000000;0.000000;0.000000;0.000000;0.000000;0.000000;0.000000;0.000000,0.0,0.0,0.5,еквівалентність у межах ±0.5 показана (90% CI [+0.00; +0.00]),True,exploratory,0.0,поза наперед оголошеною сім'єю; не коригується,False,False,0.0,0.0,paired cluster bootstrap over scenes,psnr_full,10000,17,17,0,17,0,1.0,nan,1.0,"двобічний bootstrap-тест на парних різницях (10000 перевибірок, seed 20240909)",1.0,,,False,False,scene,uav:cal_canopy_mix;uav:cal_dune_flat;uav:cal_sea_edge;uav:cal_water_east;uav:dune_fast;uav:dune_forest_edge;uav:dune_ridge;uav:forest_canopy;uav:forest_fast;uav:sea_open;uav:shoreline;uav:sky_horizon;uav:spit_far;uav:val_coast_curve;uav:val_sand_texture;uav:val_treeline;uav:village,,
B0a,B2,clean,0.000000;0.000000;0.000000;0.000000;0.000000;0.000000;0.000000;0.000000;0.000000;0.000000;0.000000;0.000000;0.000000;0.000000;0.000000;0.000000;0.000000,0.0,0.0,0.5,еквівалентність у межах ±0.5 показана (90% CI [+0.00; +0.00]),True,exploratory,0.0,поза наперед оголошеною сім'єю; не коригується,False,False,0.0,0.0,paired cluster bootstrap over scenes,psnr_full,10000,17,17,0,17,0,1.0,nan,1.0,"двобічний bootstrap-тест на парних різницях (10000 перевибірок, seed 20240909)",1.0,,,False,False,scene,uav:cal_canopy_mix;uav:cal_dune_flat;uav:cal_sea_edge;uav:cal_water_east;uav:dune_fast;uav:dune_forest_edge;uav:dune_ridge;uav:forest_canopy;uav:forest_fast;uav:sea_open;uav:shoreline;uav:sky_horizon;uav:spit_far;uav:val_coast_curve;uav:val_sand_texture;uav:val_treeline;uav:village,,
B0a,B3,clean,26.829842;21.440780;27.828781;19.552262;25.243061;24.740843;22.977786;28.387002;27.320771;26.182223;27.228153;23.632060;24.867353;25.480284;22.162347;28.232529;26.888778,26.190396530413462,24.228493069848064,0.5,еквівалентність у межах ±0.5 НЕ показана (90% CI [+24.23; +26.19]): різниця просто не встановлена,False,exploratory,26.360711416515993,поза наперед оголошеною сім'єю; не коригується,False,False,24.029571816577306,25.2349915092082,paired cluster bootstrap over scenes,psnr_full,10000,17,17,0,17,0,9.999000099990002e-05,nan,9.999000099990002e-05,"двобічний bootstrap-тест на парних різницях (10000 перевибірок, seed 20240909)",1.52587890625e-05,,,True,False,scene,uav:cal_canopy_mix;uav:cal_dune_flat;uav:cal_sea_edge;uav:cal_water_east;uav:dune_fast;uav:dune_forest_edge;uav:dune_ridge;uav:forest_canopy;uav:forest_fast;uav:sea_open;uav:shoreline;uav:sky_horizon;uav:spit_far;uav:val_coast_curve;uav:val_sand_texture;uav:val_treeline;uav:village,,
B0a,B4,clean,26.829842;21.440780;27.828781;19.552262;25.243061;24.740843;22.977786;28.387002;27.320771;26.182223;27.228153;23.632060;24.867353;25.480284;22.162347;28.232529;26.888778,26.190396530413462,24.228493069848064,0.5,еквівалентність у межах ±0.5 НЕ показана (90% CI [+24.23; +26.19]): різниця просто не встановлена,False,exploratory,26.360711416515993,поза наперед оголошеною сім'єю; не коригується,False,False,24.029571816577306,25.2349915092082,paired cluster bootstrap over scenes,psnr_full,10000,17,17,0,17,0,9.999000099990002e-05,nan,9.999000099990002e-05,"двобічний bootstrap-тест на парних різницях (10000 перевибірок, seed 20240909)",1.52587890625e-05,,,True,False,scene,uav:cal_canopy_mix;uav:cal_dune_flat;uav:cal_sea_edge;uav:cal_water_east;uav:dune_fast;uav:dune_forest_edge;uav:dune_ridge;uav:forest_canopy;uav:forest_fast;uav:sea_open;uav:shoreline;uav:sky_horizon;uav:spit_far;uav:val_coast_curve;uav:val_sand_texture;uav:val_treeline;uav:village,,
B0a,B4t,clean,28.071676;22.834416;28.974140;21.570616;26.514579;26.075350;24.235434;29.564608;28.550174;27.328851;28.323656;24.957324;25.943606;26.629466;23.474758;29.297464;28.010867,27.39184996569854,25.559496744644903,0.5,еквівалентність у межах ±0.5 НЕ показана (90% CI [+25.56; +27.39]): різниця просто не встановлена,False,exploratory,27.548063137530555,поза наперед оголошеною сім'єю; не коригується,False,False,25.36559688835148,26.491587279079994,paired cluster bootstrap over scenes,psnr_full,10000,17,17,0,17,0,9.999000099990002e-05,nan,9.999000099990002e-05,"двобічний bootstrap-тест на парних різницях (10000 перевибірок, seed 20240909)",1.52587890625e-05,,,True,False,scene,uav:cal_canopy_mix;uav:cal_dune_flat;uav:cal_sea_edge;uav:cal_water_east;uav:dune_fast;uav:dune_forest_edge;uav:dune_ridge;uav:forest_canopy;uav:forest_fast;uav:sea_open;uav:shoreline;uav:sky_horizon;uav:spit_far;uav:val_coast_curve;uav:val_sand_texture;uav:val_treeline;uav:village,,
B0a,P,clean,29.466904;23.876604;30.056279;22.526893;27.780493;27.290507;25.327125;30.877357;29.885332;28.280370;29.254347;25.777556;26.610534;27.515778;24.583002;30.390342;29.053109,28.49658818535762,26.604857805163444,0.5,еквівалентність у межах ±0.5 НЕ показана (90% CI [+26.60; +28.50]): різниця просто не встановлена,False,exploratory,28.653896680074748,поза наперед оголошеною сім'єю; не коригується,False,False,26.412756563339542,27.5619136992012,paired cluster bootstrap over scenes,psnr_full,10000,17,17,0,17,0,9.999000099990002e-05,nan,9.999000099990002e-05,"двобічний bootstrap-тест на парних різницях (10000 перевибірок, seed 20240909)",1.52587890625e-05,,,True,False,scene,uav:cal_canopy_mix;uav:cal_dune_flat;uav:cal_sea_edge;uav:cal_water_east;uav:dune_fast;uav:dune_forest_edge;uav:dune_ridge;uav:forest_canopy;uav:forest_fast;uav:sea_open;uav:shoreline;uav:sky_horizon;uav:spit_far;uav:val_coast_curve;uav:val_sand_texture;uav:val_treeline;uav:village,,
B0a-R,B0d,clean,26.829842;21.440780;27.828781;19.552262;25.243061;24.740843;22.977786;28.387002;27.320771;26.182223;27.228153;23.632060;24.867353;25.480284;22.162347;28.232529;26.888778,26.190396530413462,24.228493069848064,0.5,еквівалентність у межах ±0.5 НЕ показана (90% CI [+24.23; +26.19]): різниця просто не встановлена,False,exploratory,26.360711416515993,поза наперед оголошеною сім'єю; не коригується,False,False,24.029571816577306,25.2349915092082,paired cluster bootstrap over scenes,psnr_full,10000,17,17,0,17,0,9.999000099990002e-05,nan,9.999000099990002e-05,"двобічний bootstrap-тест на парних різницях (10000 перевибірок, seed 20240909)",1.52587890625e-05,,,True,False,scene,uav:cal_canopy_mix;uav:cal_dune_flat;uav:cal_sea_edge;uav:cal_water_east;uav:dune_fast;uav:dune_forest_edge;uav:dune_ridge;uav:forest_canopy;uav:forest_fast;uav:sea_open;uav:shoreline;uav:sky_horizon;uav:spit_far;uav:val_coast_curve;uav:val_sand_texture;uav:val_treeline;uav:village,,
B0a-R,B1,clean,0.000000;0.000000;0.000000;0.000000;0.000000;0.000000;0.000000;0.000000;0.000000;0.000000;0.000000;0.000000;0.000000;0.000000;0.000000;0.000000;0.000000,0.0,0.0,0.5,еквівалентність у межах ±0.5 показана (90% CI [+0.00; +0.00]),True,exploratory,0.0,поза наперед оголошеною сім'єю; не коригується,False,False,0.0,0.0,paired cluster bootstrap over scenes,psnr_full,10000,17,17,0,17,0,1.0,nan,1.0,"двобічний bootstrap-тест на парних різницях (10000 перевибірок, seed 20240909)",1.0,,,False,False,scene,uav:cal_canopy_mix;uav:cal_dune_flat;uav:cal_sea_edge;uav:cal_water_east;uav:dune_fast;uav:dune_forest_edge;uav:dune_ridge;uav:forest_canopy;uav:forest_fast;uav:sea_open;uav:shoreline;uav:sky_horizon;uav:spit_far;uav:val_coast_curve;uav:val_sand_texture;uav:val_treeline;uav:village,,
B0a-R,B2,clean,0.000000;0.000000;0.000000;0.000000;0.000000;0.000000;0.000000;0.000000;0.000000;0.000000;0.000000;0.000000;0.000000;0.000000;0.000000;0.000000;0.000000,0.0,0.0,0.5,еквівалентність у межах ±0.5 показана (90% CI [+0.00; +0.00]),True,exploratory,0.0,поза наперед оголошеною сім'єю; не коригується,False,False,0.0,0.0,paired cluster bootstrap over scenes,psnr_full,10000,17,17,0,17,0,1.0,nan,1.0,"двобічний bootstrap-тест на парних різницях (10000 перевибірок, seed 20240909)",1.0,,,False,False,scene,uav:cal_canopy_mix;uav:cal_dune_flat;uav:cal_sea_edge;uav:cal_water_east;uav:dune_fast;uav:dune_forest_edge;uav:dune_ridge;uav:forest_canopy;uav:forest_fast;uav:sea_open;uav:shoreline;uav:sky_horizon;uav:spit_far;uav:val_coast_curve;uav:val_sand_texture;uav:val_treeline;uav:village,,
B0a-R,B3,clean,26.829842;21.440780;27.828781;19.552262;25.243061;24.740843;22.977786;28.387002;27.320771;26.182223;27.228153;23.632060;24.867353;25.480284;22.162347;28.232529;26.888778,26.190396530413462,24.228493069848064,0.5,еквівалентність у межах ±0.5 НЕ показана (90% CI [+24.23; +26.19]): різниця просто не встановлена,False,exploratory,26.360711416515993,поза наперед оголошеною сім'єю; не коригується,False,False,24.029571816577306,25.2349915092082,paired cluster bootstrap over scenes,psnr_full,10000,17,17,0,17,0,9.999000099990002e-05,nan,9.999000099990002e-05,"двобічний bootstrap-тест на парних різницях (10000 перевибірок, seed 20240909)",1.52587890625e-05,,,True,False,scene,uav:cal_canopy_mix;uav:cal_dune_flat;uav:cal_sea_edge;uav:cal_water_east;uav:dune_fast;uav:dune_forest_edge;uav:dune_ridge;uav:forest_canopy;uav:forest_fast;uav:sea_open;uav:shoreline;uav:sky_horizon;uav:spit_far;uav:val_coast_curve;uav:val_sand_texture;uav:val_treeline;uav:village,,
B0a-R,B4,clean,26.829842;21.440780;27.828781;19.552262;25.243061;24.740843;22.977786;28.387002;27.320771;26.182223;27.228153;23.632060;24.867353;25.480284;22.162347;28.232529;26.888778,26.190396530413462,24.228493069848064,0.5,еквівалентність у межах ±0.5 НЕ показана (90% CI [+24.23; +26.19]): різниця просто не встановлена,False,exploratory,26.360711416515993,поза наперед оголошеною сім'єю; не коригується,False,False,24.029571816577306,25.2349915092082,paired cluster bootstrap over scenes,psnr_full,10000,17,17,0,17,0,9.999000099990002e-05,nan,9.999000099990002e-05,"двобічний bootstrap-тест на парних різницях (10000 перевибірок, seed 20240909)",1.52587890625e-05,,,True,False,scene,uav:cal_canopy_mix;uav:cal_dune_flat;uav:cal_sea_edge;uav:cal_water_east;uav:dune_fast;uav:dune_forest_edge;uav:dune_ridge;uav:forest_canopy;uav:forest_fast;uav:sea_open;uav:shoreline;uav:sky_horizon;uav:spit_far;uav:val_coast_curve;uav:val_sand_texture;uav:val_treeline;uav:village,,
B0a-R,B4t,clean,28.071676;22.834416;28.974140;21.570616;26.514579;26.075350;24.235434;29.564608;28.550174;27.328851;28.323656;24.957324;25.943606;26.629466;23.474758;29.297464;28.010867,27.39184996569854,25.559496744644903,0.5,еквівалентність у межах ±0.5 НЕ показана (90% CI [+25.56; +27.39]): різниця просто не встановлена,False,exploratory,27.548063137530555,поза наперед оголошеною сім'єю; не коригується,False,False,25.36559688835148,26.491587279079994,paired cluster bootstrap over scenes,psnr_full,10000,17,17,0,17,0,9.999000099990002e-05,nan,9.999000099990002e-05,"двобічний bootstrap-тест на парних різницях (10000 перевибірок, seed 20240909)",1.52587890625e-05,,,True,False,scene,uav:cal_canopy_mix;uav:cal_dune_flat;uav:cal_sea_edge;uav:cal_water_east;uav:dune_fast;uav:dune_forest_edge;uav:dune_ridge;uav:forest_canopy;uav:forest_fast;uav:sea_open;uav:shoreline;uav:sky_horizon;uav:spit_far;uav:val_coast_curve;uav:val_sand_texture;uav:val_treeline;uav:village,,
B0a-R,P,clean,29.466904;23.876604;30.056279;22.526893;27.780493;27.290507;25.327125;30.877357;29.885332;28.280370;29.254347;25.777556;26.610534;27.515778;24.583002;30.390342;29.053109,28.49658818535762,26.604857805163444,0.5,еквівалентність у межах ±0.5 НЕ показана (90% CI [+26.60; +28.50]): різниця просто не встановлена,False,exploratory,28.653896680074748,поза наперед оголошеною сім'єю; не коригується,False,False,26.412756563339542,27.5619136992012,paired cluster bootstrap over scenes,psnr_full,10000,17,17,0,17,0,9.999000099990002e-05,nan,9.999000099990002e-05,"двобічний bootstrap-тест на парних різницях (10000 перевибірок, seed 20240909)",1.52587890625e-05,,,True,False,scene,uav:cal_canopy_mix;uav:cal_dune_flat;uav:cal_sea_edge;uav:cal_water_east;uav:dune_fast;uav:dune_forest_edge;uav:dune_ridge;uav:forest_canopy;uav:forest_fast;uav:sea_open;uav:shoreline;uav:sky_horizon;uav:spit_far;uav:val_coast_curve;uav:val_sand_texture;uav:val_treeline;uav:village,,
B0d,B1,clean,-26.829842;-21.440780;-27.828781;-19.552262;-25.243061;-24.740843;-22.977786;-28.387002;-27.320771;-26.182223;-27.228153;-23.632060;-24.867353;-25.480284;-22.162347;-28.232529;-26.888778,-24.228493069848064,-26.190396530413462,0.5,еквівалентність у межах ±0.5 НЕ показана (90% CI [-26.19; -24.23]): різниця просто не встановлена,False,exploratory,-24.029571816577306,поза наперед оголошеною сім'єю; не коригується,False,False,-26.360711416515993,-25.2349915092082,paired cluster bootstrap over scenes,psnr_full,10000,17,17,0,17,0,9.999000099990002e-05,nan,9.999000099990002e-05,"двобічний bootstrap-тест на парних різницях (10000 перевибірок, seed 20240909)",1.52587890625e-05,,,True,False,scene,uav:cal_canopy_mix;uav:cal_dune_flat;uav:cal_sea_edge;uav:cal_water_east;uav:dune_fast;uav:dune_forest_edge;uav:dune_ridge;uav:forest_canopy;uav:forest_fast;uav:sea_open;uav:shoreline;uav:sky_horizon;uav:spit_far;uav:val_coast_curve;uav:val_sand_texture;uav:val_treeline;uav:village,,
B0d,B2,clean,-26.829842;-21.440780;-27.828781;-19.552262;-25.243061;-24.740843;-22.977786;-28.387002;-27.320771;-26.182223;-27.228153;-23.632060;-24.867353;-25.480284;-22.162347;-28.232529;-26.888778,-24.228493069848064,-26.190396530413462,0.5,еквівалентність у межах ±0.5 НЕ показана (90% CI [-26.19; -24.23]): різниця просто не встановлена,False,exploratory,-24.029571816577306,поза наперед оголошеною сім'єю; не коригується,False,False,-26.360711416515993,-25.2349915092082,paired cluster bootstrap over scenes,psnr_full,10000,17,17,0,17,0,9.999000099990002e-05,nan,9.999000099990002e-05,"двобічний bootstrap-тест на парних різницях (10000 перевибірок, seed 20240909)",1.52587890625e-05,,,True,False,scene,uav:cal_canopy_mix;uav:cal_dune_flat;uav:cal_sea_edge;uav:cal_water_east;uav:dune_fast;uav:dune_forest_edge;uav:dune_ridge;uav:forest_canopy;uav:forest_fast;uav:sea_open;uav:shoreline;uav:sky_horizon;uav:spit_far;uav:val_coast_curve;uav:val_sand_texture;uav:val_treeline;uav:village,,
B0d,B3,clean,0.000000;0.000000;0.000000;0.000000;0.000000;0.000000;0.000000;0.000000;0.000000;0.000000;0.000000;0.000000;0.000000;0.000000;0.000000;0.000000;0.000000,0.0,0.0,0.5,еквівалентність у межах ±0.5 показана (90% CI [+0.00; +0.00]),True,exploratory,0.0,поза наперед оголошеною сім'єю; не коригується,False,False,0.0,0.0,paired cluster bootstrap over scenes,psnr_full,10000,17,17,0,17,0,1.0,nan,1.0,"двобічний bootstrap-тест на парних різницях (10000 перевибірок, seed 20240909)",1.0,,,False,False,scene,uav:cal_canopy_mix;uav:cal_dune_flat;uav:cal_sea_edge;uav:cal_water_east;uav:dune_fast;uav:dune_forest_edge;uav:dune_ridge;uav:forest_canopy;uav:forest_fast;uav:sea_open;uav:shoreline;uav:sky_horizon;uav:spit_far;uav:val_coast_curve;uav:val_sand_texture;uav:val_treeline;uav:village,,
B0d,B4,clean,0.000000;0.000000;0.000000;0.000000;0.000000;0.000000;0.000000;0.000000;0.000000;0.000000;0.000000;0.000000;0.000000;0.000000;0.000000;0.000000;0.000000,0.0,0.0,0.5,еквівалентність у межах ±0.5 показана (90% CI [+0.00; +0.00]),True,exploratory,0.0,поза наперед оголошеною сім'єю; не коригується,False,False,0.0,0.0,paired cluster bootstrap over scenes,psnr_full,10000,17,17,0,17,0,1.0,nan,1.0,"двобічний bootstrap-тест на парних різницях (10000 перевибірок, seed 20240909)",1.0,,,False,False,scene,uav:cal_canopy_mix;uav:cal_dune_flat;uav:cal_sea_edge;uav:cal_water_east;uav:dune_fast;uav:dune_forest_edge;uav:dune_ridge;uav:forest_canopy;uav:forest_fast;uav:sea_open;uav:shoreline;uav:sky_horizon;uav:spit_far;uav:val_coast_curve;uav:val_sand_texture;uav:val_treeline;uav:village,,
B0d,B4t,clean,1.241834;1.393636;1.145358;2.018354;1.271518;1.334507;1.257648;1.177606;1.229403;1.146628;1.095503;1.325264;1.076253;1.149182;1.312411;1.064935;1.122089,1.3515540069533756,1.1833577074716364,0.5,еквівалентність у межах ±0.5 НЕ показана (90% CI [+1.18; +1.35]): різниця просто не встановлена,False,exploratory,1.3730118256594521,поза наперед оголошеною сім'єю; не коригується,False,False,1.174564486006373,1.2565957698717962,paired cluster bootstrap over scenes,psnr_full,10000,17,17,0,17,0,9.999000099990002e-05,nan,9.999000099990002e-05,"двобічний bootstrap-тест на парних різницях (10000 перевибірок, seed 20240909)",1.52587890625e-05,,,True,False,scene,uav:cal_canopy_mix;uav:cal_dune_flat;uav:cal_sea_edge;uav:cal_water_east;uav:dune_fast;uav:dune_forest_edge;uav:dune_ridge;uav:forest_canopy;uav:forest_fast;uav:sea_open;uav:shoreline;uav:sky_horizon;uav:spit_far;uav:val_coast_curve;uav:val_sand_texture;uav:val_treeline;uav:village,,
B0d,P,clean,2.637062;2.435824;2.227498;2.974631;2.537432;2.549664;2.349339;2.490355;2.564561;2.098147;2.026194;2.145496;1.743180;2.035495;2.420656;2.157813;2.164331,2.4418288171006437,2.214649683828058,0.5,еквівалентність у межах ±0.5 НЕ показана (90% CI [+2.21; +2.44]): різниця просто не встановлена,False,pre-declared,2.4635117539628584,,True,False,2.192488806540845,2.3269221899930024,paired cluster bootstrap over scenes,psnr_full,10000,17,17,0,17,0,9.999000099990002e-05,0.0004999500049995,9.999000099990002e-05,"двобічний bootstrap-тест на парних різницях (10000 перевибірок, seed 20240909)",1.52587890625e-05,,,True,True,scene,uav:cal_canopy_mix;uav:cal_dune_flat;uav:cal_sea_edge;uav:cal_water_east;uav:dune_fast;uav:dune_forest_edge;uav:dune_ridge;uav:forest_canopy;uav:forest_fast;uav:sea_open;uav:shoreline;uav:sky_horizon;uav:spit_far;uav:val_coast_curve;uav:val_sand_texture;uav:val_treeline;uav:village,,
B1,B2,clean,0.000000;0.000000;0.000000;0.000000;0.000000;0.000000;0.000000;0.000000;0.000000;0.000000;0.000000;0.000000;0.000000;0.000000;0.000000;0.000000;0.000000,0.0,0.0,0.5,еквівалентність у межах ±0.5 показана (90% CI [+0.00; +0.00]),True,exploratory,0.0,поза наперед оголошеною сім'єю; не коригується,False,False,0.0,0.0,paired cluster bootstrap over scenes,psnr_full,10000,17,17,0,17,0,1.0,nan,1.0,"двобічний bootstrap-тест на парних різницях (10000 перевибірок, seed 20240909)",1.0,,,False,False,scene,uav:cal_canopy_mix;uav:cal_dune_flat;uav:cal_sea_edge;uav:cal_water_east;uav:dune_fast;uav:dune_forest_edge;uav:dune_ridge;uav:forest_canopy;uav:forest_fast;uav:sea_open;uav:shoreline;uav:sky_horizon;uav:spit_far;uav:val_coast_curve;uav:val_sand_texture;uav:val_treeline;uav:village,,
B1,B3,clean,26.829842;21.440780;27.828781;19.552262;25.243061;24.740843;22.977786;28.387002;27.320771;26.182223;27.228153;23.632060;24.867353;25.480284;22.162347;28.232529;26.888778,26.190396530413462,24.228493069848064,0.5,еквівалентність у межах ±0.5 НЕ показана (90% CI [+24.23; +26.19]): різниця просто не встановлена,False,exploratory,26.360711416515993,поза наперед оголошеною сім'єю; не коригується,False,False,24.029571816577306,25.2349915092082,paired cluster bootstrap over scenes,psnr_full,10000,17,17,0,17,0,9.999000099990002e-05,nan,9.999000099990002e-05,"двобічний bootstrap-тест на парних різницях (10000 перевибірок, seed 20240909)",1.52587890625e-05,,,True,False,scene,uav:cal_canopy_mix;uav:cal_dune_flat;uav:cal_sea_edge;uav:cal_water_east;uav:dune_fast;uav:dune_forest_edge;uav:dune_ridge;uav:forest_canopy;uav:forest_fast;uav:sea_open;uav:shoreline;uav:sky_horizon;uav:spit_far;uav:val_coast_curve;uav:val_sand_texture;uav:val_treeline;uav:village,,
B1,B4,clean,26.829842;21.440780;27.828781;19.552262;25.243061;24.740843;22.977786;28.387002;27.320771;26.182223;27.228153;23.632060;24.867353;25.480284;22.162347;28.232529;26.888778,26.190396530413462,24.228493069848064,0.5,еквівалентність у межах ±0.5 НЕ показана (90% CI [+24.23; +26.19]): різниця просто не встановлена,False,exploratory,26.360711416515993,поза наперед оголошеною сім'єю; не коригується,False,False,24.029571816577306,25.2349915092082,paired cluster bootstrap over scenes,psnr_full,10000,17,17,0,17,0,9.999000099990002e-05,nan,9.999000099990002e-05,"двобічний bootstrap-тест на парних різницях (10000 перевибірок, seed 20240909)",1.52587890625e-05,,,True,False,scene,uav:cal_canopy_mix;uav:cal_dune_flat;uav:cal_sea_edge;uav:cal_water_east;uav:dune_fast;uav:dune_forest_edge;uav:dune_ridge;uav:forest_canopy;uav:forest_fast;uav:sea_open;uav:shoreline;uav:sky_horizon;uav:spit_far;uav:val_coast_curve;uav:val_sand_texture;uav:val_treeline;uav:village,,
B1,B4t,clean,28.071676;22.834416;28.974140;21.570616;26.514579;26.075350;24.235434;29.564608;28.550174;27.328851;28.323656;24.957324;25.943606;26.629466;23.474758;29.297464;28.010867,27.39184996569854,25.559496744644903,0.5,еквівалентність у межах ±0.5 НЕ показана (90% CI [+25.56; +27.39]): різниця просто не встановлена,False,exploratory,27.548063137530555,поза наперед оголошеною сім'єю; не коригується,False,False,25.36559688835148,26.491587279079994,paired cluster bootstrap over scenes,psnr_full,10000,17,17,0,17,0,9.999000099990002e-05,nan,9.999000099990002e-05,"двобічний bootstrap-тест на парних різницях (10000 перевибірок, seed 20240909)",1.52587890625e-05,,,True,False,scene,uav:cal_canopy_mix;uav:cal_dune_flat;uav:cal_sea_edge;uav:cal_water_east;uav:dune_fast;uav:dune_forest_edge;uav:dune_ridge;uav:forest_canopy;uav:forest_fast;uav:sea_open;uav:shoreline;uav:sky_horizon;uav:spit_far;uav:val_coast_curve;uav:val_sand_texture;uav:val_treeline;uav:village,,
B1,P,clean,29.466904;23.876604;30.056279;22.526893;27.780493;27.290507;25.327125;30.877357;29.885332;28.280370;29.254347;25.777556;26.610534;27.515778;24.583002;30.390342;29.053109,28.49658818535762,26.604857805163444,0.5,еквівалентність у межах ±0.5 НЕ показана (90% CI [+26.60; +28.50]): різниця просто не встановлена,False,exploratory,28.653896680074748,поза наперед оголошеною сім'єю; не коригується,False,False,26.412756563339542,27.5619136992012,paired cluster bootstrap over scenes,psnr_full,10000,17,17,0,17,0,9.999000099990002e-05,nan,9.999000099990002e-05,"двобічний bootstrap-тест на парних різницях (10000 перевибірок, seed 20240909)",1.52587890625e-05,,,True,False,scene,uav:cal_canopy_mix;uav:cal_dune_flat;uav:cal_sea_edge;uav:cal_water_east;uav:dune_fast;uav:dune_forest_edge;uav:dune_ridge;uav:forest_canopy;uav:forest_fast;uav:sea_open;uav:shoreline;uav:sky_horizon;uav:spit_far;uav:val_coast_curve;uav:val_sand_texture;uav:val_treeline;uav:village,,
B2,B3,clean,26.829842;21.440780;27.828781;19.552262;25.243061;24.740843;22.977786;28.387002;27.320771;26.182223;27.228153;23.632060;24.867353;25.480284;22.162347;28.232529;26.888778,26.190396530413462,24.228493069848064,0.5,еквівалентність у межах ±0.5 НЕ показана (90% CI [+24.23; +26.19]): різниця просто не встановлена,False,exploratory,26.360711416515993,поза наперед оголошеною сім'єю; не коригується,False,False,24.029571816577306,25.2349915092082,paired cluster bootstrap over scenes,psnr_full,10000,17,17,0,17,0,9.999000099990002e-05,nan,9.999000099990002e-05,"двобічний bootstrap-тест на парних різницях (10000 перевибірок, seed 20240909)",1.52587890625e-05,,,True,False,scene,uav:cal_canopy_mix;uav:cal_dune_flat;uav:cal_sea_edge;uav:cal_water_east;uav:dune_fast;uav:dune_forest_edge;uav:dune_ridge;uav:forest_canopy;uav:forest_fast;uav:sea_open;uav:shoreline;uav:sky_horizon;uav:spit_far;uav:val_coast_curve;uav:val_sand_texture;uav:val_treeline;uav:village,,
B2,B4,clean,26.829842;21.440780;27.828781;19.552262;25.243061;24.740843;22.977786;28.387002;27.320771;26.182223;27.228153;23.632060;24.867353;25.480284;22.162347;28.232529;26.888778,26.190396530413462,24.228493069848064,0.5,еквівалентність у межах ±0.5 НЕ показана (90% CI [+24.23; +26.19]): різниця просто не встановлена,False,exploratory,26.360711416515993,поза наперед оголошеною сім'єю; не коригується,False,False,24.029571816577306,25.2349915092082,paired cluster bootstrap over scenes,psnr_full,10000,17,17,0,17,0,9.999000099990002e-05,nan,9.999000099990002e-05,"двобічний bootstrap-тест на парних різницях (10000 перевибірок, seed 20240909)",1.52587890625e-05,,,True,False,scene,uav:cal_canopy_mix;uav:cal_dune_flat;uav:cal_sea_edge;uav:cal_water_east;uav:dune_fast;uav:dune_forest_edge;uav:dune_ridge;uav:forest_canopy;uav:forest_fast;uav:sea_open;uav:shoreline;uav:sky_horizon;uav:spit_far;uav:val_coast_curve;uav:val_sand_texture;uav:val_treeline;uav:village,,
B2,B4t,clean,28.071676;22.834416;28.974140;21.570616;26.514579;26.075350;24.235434;29.564608;28.550174;27.328851;28.323656;24.957324;25.943606;26.629466;23.474758;29.297464;28.010867,27.39184996569854,25.559496744644903,0.5,еквівалентність у межах ±0.5 НЕ показана (90% CI [+25.56; +27.39]): різниця просто не встановлена,False,exploratory,27.548063137530555,поза наперед оголошеною сім'єю; не коригується,False,False,25.36559688835148,26.491587279079994,paired cluster bootstrap over scenes,psnr_full,10000,17,17,0,17,0,9.999000099990002e-05,nan,9.999000099990002e-05,"двобічний bootstrap-тест на парних різницях (10000 перевибірок, seed 20240909)",1.52587890625e-05,,,True,False,scene,uav:cal_canopy_mix;uav:cal_dune_flat;uav:cal_sea_edge;uav:cal_water_east;uav:dune_fast;uav:dune_forest_edge;uav:dune_ridge;uav:forest_canopy;uav:forest_fast;uav:sea_open;uav:shoreline;uav:sky_horizon;uav:spit_far;uav:val_coast_curve;uav:val_sand_texture;uav:val_treeline;uav:village,,
B2,P,clean,29.466904;23.876604;30.056279;22.526893;27.780493;27.290507;25.327125;30.877357;29.885332;28.280370;29.254347;25.777556;26.610534;27.515778;24.583002;30.390342;29.053109,28.49658818535762,26.604857805163444,0.5,еквівалентність у межах ±0.5 НЕ показана (90% CI [+26.60; +28.50]): різниця просто не встановлена,False,exploratory,28.653896680074748,поза наперед оголошеною сім'єю; не коригується,False,False,26.412756563339542,27.5619136992012,paired cluster bootstrap over scenes,psnr_full,10000,17,17,0,17,0,9.999000099990002e-05,nan,9.999000099990002e-05,"двобічний bootstrap-тест на парних різницях (10000 перевибірок, seed 20240909)",1.52587890625e-05,,,True,False,scene,uav:cal_canopy_mix;uav:cal_dune_flat;uav:cal_sea_edge;uav:cal_water_east;uav:dune_fast;uav:dune_forest_edge;uav:dune_ridge;uav:forest_canopy;uav:forest_fast;uav:sea_open;uav:shoreline;uav:sky_horizon;uav:spit_far;uav:val_coast_curve;uav:val_sand_texture;uav:val_treeline;uav:village,,
B3,B4,clean,0.000000;0.000000;0.000000;0.000000;0.000000;0.000000;0.000000;0.000000;0.000000;0.000000;0.000000;0.000000;0.000000;0.000000;0.000000;0.000000;0.000000,0.0,0.0,0.5,еквівалентність у межах ±0.5 показана (90% CI [+0.00; +0.00]),True,exploratory,0.0,поза наперед оголошеною сім'єю; не коригується,False,False,0.0,0.0,paired cluster bootstrap over scenes,psnr_full,10000,17,17,0,17,0,1.0,nan,1.0,"двобічний bootstrap-тест на парних різницях (10000 перевибірок, seed 20240909)",1.0,,,False,False,scene,uav:cal_canopy_mix;uav:cal_dune_flat;uav:cal_sea_edge;uav:cal_water_east;uav:dune_fast;uav:dune_forest_edge;uav:dune_ridge;uav:forest_canopy;uav:forest_fast;uav:sea_open;uav:shoreline;uav:sky_horizon;uav:spit_far;uav:val_coast_curve;uav:val_sand_texture;uav:val_treeline;uav:village,,
B3,B4t,clean,1.241834;1.393636;1.145358;2.018354;1.271518;1.334507;1.257648;1.177606;1.229403;1.146628;1.095503;1.325264;1.076253;1.149182;1.312411;1.064935;1.122089,1.3515540069533756,1.1833577074716364,0.5,еквівалентність у межах ±0.5 НЕ показана (90% CI [+1.18; +1.35]): різниця просто не встановлена,False,exploratory,1.3730118256594521,поза наперед оголошеною сім'єю; не коригується,False,False,1.174564486006373,1.2565957698717962,paired cluster bootstrap over scenes,psnr_full,10000,17,17,0,17,0,9.999000099990002e-05,nan,9.999000099990002e-05,"двобічний bootstrap-тест на парних різницях (10000 перевибірок, seed 20240909)",1.52587890625e-05,,,True,False,scene,uav:cal_canopy_mix;uav:cal_dune_flat;uav:cal_sea_edge;uav:cal_water_east;uav:dune_fast;uav:dune_forest_edge;uav:dune_ridge;uav:forest_canopy;uav:forest_fast;uav:sea_open;uav:shoreline;uav:sky_horizon;uav:spit_far;uav:val_coast_curve;uav:val_sand_texture;uav:val_treeline;uav:village,,
B3,P,clean,2.637062;2.435824;2.227498;2.974631;2.537432;2.549664;2.349339;2.490355;2.564561;2.098147;2.026194;2.145496;1.743180;2.035495;2.420656;2.157813;2.164331,2.4418288171006437,2.214649683828058,0.5,еквівалентність у межах ±0.5 НЕ показана (90% CI [+2.21; +2.44]): різниця просто не встановлена,False,pre-declared,2.4635117539628584,,True,False,2.192488806540845,2.3269221899930024,paired cluster bootstrap over scenes,psnr_full,10000,17,17,0,17,0,9.999000099990002e-05,0.0004999500049995,9.999000099990002e-05,"двобічний bootstrap-тест на парних різницях (10000 перевибірок, seed 20240909)",1.52587890625e-05,,,True,True,scene,uav:cal_canopy_mix;uav:cal_dune_flat;uav:cal_sea_edge;uav:cal_water_east;uav:dune_fast;uav:dune_forest_edge;uav:dune_ridge;uav:forest_canopy;uav:forest_fast;uav:sea_open;uav:shoreline;uav:sky_horizon;uav:spit_far;uav:val_coast_curve;uav:val_sand_texture;uav:val_treeline;uav:village,,
B4,B4t,clean,1.241834;1.393636;1.145358;2.018354;1.271518;1.334507;1.257648;1.177606;1.229403;1.146628;1.095503;1.325264;1.076253;1.149182;1.312411;1.064935;1.122089,1.3515540069533756,1.1833577074716364,0.5,еквівалентність у межах ±0.5 НЕ показана (90% CI [+1.18; +1.35]): різниця просто не встановлена,False,pre-declared,1.3730118256594521,,True,False,1.174564486006373,1.2565957698717962,paired cluster bootstrap over scenes,psnr_full,10000,17,17,0,17,0,9.999000099990002e-05,0.0004999500049995,9.999000099990002e-05,"двобічний bootstrap-тест на парних різницях (10000 перевибірок, seed 20240909)",1.52587890625e-05,,,True,True,scene,uav:cal_canopy_mix;uav:cal_dune_flat;uav:cal_sea_edge;uav:cal_water_east;uav:dune_fast;uav:dune_forest_edge;uav:dune_ridge;uav:forest_canopy;uav:forest_fast;uav:sea_open;uav:shoreline;uav:sky_horizon;uav:spit_far;uav:val_coast_curve;uav:val_sand_texture;uav:val_treeline;uav:village,,
B4,P,clean,2.637062;2.435824;2.227498;2.974631;2.537432;2.549664;2.349339;2.490355;2.564561;2.098147;2.026194;2.145496;1.743180;2.035495;2.420656;2.157813;2.164331,2.4418288171006437,2.214649683828058,0.5,еквівалентність у межах ±0.5 НЕ показана (90% CI [+2.21; +2.44]): різниця просто не встановлена,False,pre-declared,2.4635117539628584,,True,True,2.192488806540845,2.3269221899930024,paired cluster bootstrap over scenes,psnr_full,10000,17,17,0,17,0,9.999000099990002e-05,0.0004999500049995,9.999000099990002e-05,"двобічний bootstrap-тест на парних різницях (10000 перевибірок, seed 20240909)",1.52587890625e-05,,,True,True,scene,uav:cal_canopy_mix;uav:cal_dune_flat;uav:cal_sea_edge;uav:cal_water_east;uav:dune_fast;uav:dune_forest_edge;uav:dune_ridge;uav:forest_canopy;uav:forest_fast;uav:sea_open;uav:shoreline;uav:sky_horizon;uav:spit_far;uav:val_coast_curve;uav:val_sand_texture;uav:val_treeline;uav:village,,
B4t,P,clean,1.395228;1.042189;1.082140;0.956277;1.265914;1.215157;1.091691;1.312749;1.335158;0.951519;0.930691;0.820232;0.666927;0.886312;1.108245;1.092878;1.042242,1.1435148656625647,0.994170603982102,0.5,еквівалентність у межах ±0.5 НЕ показана (90% CI [+0.99; +1.14]): різниця просто не встановлена,False,pre-declared,1.1574543703038074,,True,False,0.9794288918565676,1.0703264201212057,paired cluster bootstrap over scenes,psnr_full,10000,17,17,0,17,0,9.999000099990002e-05,0.0004999500049995,9.999000099990002e-05,"двобічний bootstrap-тест на парних різницях (10000 перевибірок, seed 20240909)",1.52587890625e-05,,,True,True,scene,uav:cal_canopy_mix;uav:cal_dune_flat;uav:cal_sea_edge;uav:cal_water_east;uav:dune_fast;uav:dune_forest_edge;uav:dune_ridge;uav:forest_canopy;uav:forest_fast;uav:sea_open;uav:shoreline;uav:sky_horizon;uav:spit_far;uav:val_coast_curve;uav:val_sand_texture;uav:val_treeline;uav:village,,
B0a,B0a-R,harsh,-2.807660;-3.734554;-3.301460;-4.011289;-3.265590;-2.876470;-3.443181;-3.344235;-3.025500;-3.302432;-3.229652;-3.176458;-3.210419;-3.083961;-3.542184;-2.812330;-3.267301,-3.1432008191101235,-3.3845640381081563,0.5,еквівалентність у межах ±0.5 НЕ показана (90% CI [-3.38; -3.14]): різниця просто не встановлена,False,exploratory,-3.123386769373934,поза наперед оголошеною сім'єю; не коригується,False,False,-3.408498502186185,-3.26086335359051,paired cluster bootstrap over scenes,psnr_full,10000,17,17,0,17,0,9.999000099990002e-05,nan,9.999000099990002e-05,"двобічний bootstrap-тест на парних різницях (10000 перевибірок, seed 20240909)",1.52587890625e-05,,,True,False,scene,uav:cal_canopy_mix;uav:cal_dune_flat;uav:cal_sea_edge;uav:cal_water_east;uav:dune_fast;uav:dune_forest_edge;uav:dune_ridge;uav:forest_canopy;uav:forest_fast;uav:sea_open;uav:shoreline;uav:sky_horizon;uav:spit_far;uav:val_coast_curve;uav:val_sand_texture;uav:val_treeline;uav:village,,
B0a,B0d,harsh,,,,0.5,не перевірялось,False,exploratory,nan,поза наперед оголошеною сім'єю; не коригується,False,False,nan,nan,paired cluster bootstrap over scenes,psnr_full,10000,0,0,17,0,17,1.0,nan,1.0,"двобічний bootstrap-тест на парних різницях (10000 перевибірок, seed 20240909)",1.0,uav:cal_canopy_mix;uav:cal_dune_flat;uav:cal_sea_edge;uav:cal_water_east;uav:dune_fast;uav:dune_forest_edge;uav:dune_ridge;uav:forest_canopy;uav:forest_fast;uav:sea_open;uav:shoreline;uav:sky_horizon;uav:spit_far;uav:val_coast_curve;uav:val_sand_texture;uav:val_treeline;uav:village,,False,False,scene,,uav:cal_canopy_mix;uav:cal_dune_flat;uav:cal_sea_edge;uav:cal_water_east;uav:dune_fast;uav:dune_forest_edge;uav:dune_ridge;uav:forest_canopy;uav:forest_fast;uav:sea_open;uav:shoreline;uav:sky_horizon;uav:spit_far;uav:val_coast_curve;uav:val_sand_texture;uav:val_treeline;uav:village,
B0a,B1,harsh,0.877214;0.075714;0.385618;0.628066;0.549596;0.412757;0.255442;0.270691;0.463876;0.423480;0.439458;0.469549;0.584752;0.508369;0.129027;0.062502;0.158567,0.4775808531952215,0.3105086111000435,0.5,еквівалентність у межах ±0.5 показана (90% CI [+0.31; +0.48]),True,exploratory,0.49382500381474287,поза наперед оголошеною сім'єю; не коригується,False,False,0.2946757936814548,0.39380449634758513,paired cluster bootstrap over scenes,psnr_full,10000,17,17,0,17,0,9.999000099990002e-05,nan,9.999000099990002e-05,"двобічний bootstrap-тест на парних різницях (10000 перевибірок, seed 20240909)",1.52587890625e-05,,,True,False,scene,uav:cal_canopy_mix;uav:cal_dune_flat;uav:cal_sea_edge;uav:cal_water_east;uav:dune_fast;uav:dune_forest_edge;uav:dune_ridge;uav:forest_canopy;uav:forest_fast;uav:sea_open;uav:shoreline;uav:sky_horizon;uav:spit_far;uav:val_coast_curve;uav:val_sand_texture;uav:val_treeline;uav:village,,
B0a,B2,harsh,0.934657;0.076504;0.311747;0.724041;0.562864;0.369355;0.236966;0.419448;0.485886;0.338616;0.336330;0.507061;0.717929;0.380256;0.146799;0.123637;0.186680,0.49460458769804033,0.31552745180724195,0.5,еквівалентність у межах ±0.5 показана (90% CI [+0.32; +0.49]),True,exploratory,0.514018835495519,поза наперед оголошеною сім'єю; не коригується,False,False,0.2991946639203578,0.4034573220541343,paired cluster bootstrap over scenes,psnr_full,10000,17,17,0,17,0,9.999000099990002e-05,nan,9.999000099990002e-05,"двобічний bootstrap-тест на парних різницях (10000 перевибірок, seed 20240909)",1.52587890625e-05,,,True,False,scene,uav:cal_canopy_mix;uav:cal_dune_flat;uav:cal_sea_edge;uav:cal_water_east;uav:dune_fast;uav:dune_forest_edge;uav:dune_ridge;uav:forest_canopy;uav:forest_fast;uav:sea_open;uav:shoreline;uav:sky_horizon;uav:spit_far;uav:val_coast_curve;uav:val_sand_texture;uav:val_treeline;uav:village,,
B0a,B3,harsh,,,,0.5,не перевірялось,False,exploratory,nan,поза наперед оголошеною сім'єю; не коригується,False,False,nan,nan,paired cluster bootstrap over scenes,psnr_full,10000,0,0,17,0,17,1.0,nan,1.0,"двобічний bootstrap-тест на парних різницях (10000 перевибірок, seed 20240909)",1.0,uav:cal_canopy_mix;uav:cal_dune_flat;uav:cal_sea_edge;uav:cal_water_east;uav:dune_fast;uav:dune_forest_edge;uav:dune_ridge;uav:forest_canopy;uav:forest_fast;uav:sea_open;uav:shoreline;uav:sky_horizon;uav:spit_far;uav:val_coast_curve;uav:val_sand_texture;uav:val_treeline;uav:village,,False,False,scene,,uav:cal_canopy_mix;uav:cal_dune_flat;uav:cal_sea_edge;uav:cal_water_east;uav:dune_fast;uav:dune_forest_edge;uav:dune_ridge;uav:forest_canopy;uav:forest_fast;uav:sea_open;uav:shoreline;uav:sky_horizon;uav:spit_far;uav:val_coast_curve;uav:val_sand_texture;uav:val_treeline;uav:village,
B0a,B4,harsh,,,,0.5,не перевірялось,False,exploratory,nan,поза наперед оголошеною сім'єю; не коригується,False,False,nan,nan,paired cluster bootstrap over scenes,psnr_full,10000,0,0,17,0,17,1.0,nan,1.0,"двобічний bootstrap-тест на парних різницях (10000 перевибірок, seed 20240909)",1.0,uav:cal_canopy_mix;uav:cal_dune_flat;uav:cal_sea_edge;uav:cal_water_east;uav:dune_fast;uav:dune_forest_edge;uav:dune_ridge;uav:forest_canopy;uav:forest_fast;uav:sea_open;uav:shoreline;uav:sky_horizon;uav:spit_far;uav:val_coast_curve;uav:val_sand_texture;uav:val_treeline;uav:village,,False,False,scene,,uav:cal_canopy_mix;uav:cal_dune_flat;uav:cal_sea_edge;uav:cal_water_east;uav:dune_fast;uav:dune_forest_edge;uav:dune_ridge;uav:forest_canopy;uav:forest_fast;uav:sea_open;uav:shoreline;uav:sky_horizon;uav:spit_far;uav:val_coast_curve;uav:val_sand_texture;uav:val_treeline;uav:village,
B0a,B4t,harsh,,,,0.5,не перевірялось,False,exploratory,nan,поза наперед оголошеною сім'єю; не коригується,False,False,nan,nan,paired cluster bootstrap over scenes,psnr_full,10000,0,0,17,0,17,1.0,nan,1.0,"двобічний bootstrap-тест на парних різницях (10000 перевибірок, seed 20240909)",1.0,uav:cal_canopy_mix;uav:cal_dune_flat;uav:cal_sea_edge;uav:cal_water_east;uav:dune_fast;uav:dune_forest_edge;uav:dune_ridge;uav:forest_canopy;uav:forest_fast;uav:sea_open;uav:shoreline;uav:sky_horizon;uav:spit_far;uav:val_coast_curve;uav:val_sand_texture;uav:val_treeline;uav:village,,False,False,scene,,uav:cal_canopy_mix;uav:cal_dune_flat;uav:cal_sea_edge;uav:cal_water_east;uav:dune_fast;uav:dune_forest_edge;uav:dune_ridge;uav:forest_canopy;uav:forest_fast;uav:sea_open;uav:shoreline;uav:sky_horizon;uav:spit_far;uav:val_coast_curve;uav:val_sand_texture;uav:val_treeline;uav:village,
B0a,P,harsh,,,,0.5,не перевірялось,False,exploratory,nan,поза наперед оголошеною сім'єю; не коригується,False,False,nan,nan,paired cluster bootstrap over scenes,psnr_full,10000,0,0,17,0,17,1.0,nan,1.0,"двобічний bootstrap-тест на парних різницях (10000 перевибірок, seed 20240909)",1.0,uav:cal_canopy_mix;uav:cal_dune_flat;uav:cal_sea_edge;uav:cal_water_east;uav:dune_fast;uav:dune_forest_edge;uav:dune_ridge;uav:forest_canopy;uav:forest_fast;uav:sea_open;uav:shoreline;uav:sky_horizon;uav:spit_far;uav:val_coast_curve;uav:val_sand_texture;uav:val_treeline;uav:village,,False,False,scene,,uav:cal_canopy_mix;uav:cal_dune_flat;uav:cal_sea_edge;uav:cal_water_east;uav:dune_fast;uav:dune_forest_edge;uav:dune_ridge;uav:forest_canopy;uav:forest_fast;uav:sea_open;uav:shoreline;uav:sky_horizon;uav:spit_far;uav:val_coast_curve;uav:val_sand_texture;uav:val_treeline;uav:village,
B0a-R,B0d,harsh,,,,0.5,не перевірялось,False,exploratory,nan,поза наперед оголошеною сім'єю; не коригується,False,False,nan,nan,paired cluster bootstrap over scenes,psnr_full,10000,0,0,17,0,17,1.0,nan,1.0,"двобічний bootstrap-тест на парних різницях (10000 перевибірок, seed 20240909)",1.0,uav:cal_canopy_mix;uav:cal_dune_flat;uav:cal_sea_edge;uav:cal_water_east;uav:dune_fast;uav:dune_forest_edge;uav:dune_ridge;uav:forest_canopy;uav:forest_fast;uav:sea_open;uav:shoreline;uav:sky_horizon;uav:spit_far;uav:val_coast_curve;uav:val_sand_texture;uav:val_treeline;uav:village,,False,False,scene,,uav:cal_canopy_mix;uav:cal_dune_flat;uav:cal_sea_edge;uav:cal_water_east;uav:dune_fast;uav:dune_forest_edge;uav:dune_ridge;uav:forest_canopy;uav:forest_fast;uav:sea_open;uav:shoreline;uav:sky_horizon;uav:spit_far;uav:val_coast_curve;uav:val_sand_texture;uav:val_treeline;uav:village,
B0a-R,B1,harsh,3.684874;3.810268;3.687078;4.639355;3.815187;3.289227;3.698623;3.614925;3.489375;3.725912;3.669110;3.646007;3.795170;3.592330;3.671211;2.874833;3.425869,3.7909893229440716,3.528446810821562,0.5,еквівалентність у межах ±0.5 НЕ показана (90% CI [+3.53; +3.79]): різниця просто не встановлена,False,exploratory,3.8198754886372384,поза наперед оголошеною сім'єю; не коригується,False,False,3.5016985618850542,3.654667849938095,paired cluster bootstrap over scenes,psnr_full,10000,17,17,0,17,0,9.999000099990002e-05,nan,9.999000099990002e-05,"двобічний bootstrap-тест на парних різницях (10000 перевибірок, seed 20240909)",1.52587890625e-05,,,True,False,scene,uav:cal_canopy_mix;uav:cal_dune_flat;uav:cal_sea_edge;uav:cal_water_east;uav:dune_fast;uav:dune_forest_edge;uav:dune_ridge;uav:forest_canopy;uav:forest_fast;uav:sea_open;uav:shoreline;uav:sky_horizon;uav:spit_far;uav:val_coast_curve;uav:val_sand_texture;uav:val_treeline;uav:village,,
B0a-R,B2,harsh,3.742317;3.811058;3.613207;4.735330;3.828454;3.245825;3.680147;3.763682;3.511386;3.641049;3.565982;3.683519;3.928347;3.464217;3.688983;2.935967;3.453981,3.812521880288005,3.5323419026780103,0.5,еквівалентність у межах ±0.5 НЕ показана (90% CI [+3.53; +3.81]): різниця просто не встановлена,False,exploratory,3.842266407869263,поза наперед оголошеною сім'єю; не коригується,False,False,3.509752885851317,3.664320675644644,paired cluster bootstrap over scenes,psnr_full,10000,17,17,0,17,0,9.999000099990002e-05,nan,9.999000099990002e-05,"двобічний bootstrap-тест на парних різницях (10000 перевибірок, seed 20240909)",1.52587890625e-05,,,True,False,scene,uav:cal_canopy_mix;uav:cal_dune_flat;uav:cal_sea_edge;uav:cal_water_east;uav:dune_fast;uav:dune_forest_edge;uav:dune_ridge;uav:forest_canopy;uav:forest_fast;uav:sea_open;uav:shoreline;uav:sky_horizon;uav:spit_far;uav:val_coast_curve;uav:val_sand_texture;uav:val_treeline;uav:village,,
B0a-R,B3,harsh,,,,0.5,не перевірялось,False,exploratory,nan,поза наперед оголошеною сім'єю; не коригується,False,False,nan,nan,paired cluster bootstrap over scenes,psnr_full,10000,0,0,17,0,17,1.0,nan,1.0,"двобічний bootstrap-тест на парних різницях (10000 перевибірок, seed 20240909)",1.0,uav:cal_canopy_mix;uav:cal_dune_flat;uav:cal_sea_edge;uav:cal_water_east;uav:dune_fast;uav:dune_forest_edge;uav:dune_ridge;uav:forest_canopy;uav:forest_fast;uav:sea_open;uav:shoreline;uav:sky_horizon;uav:spit_far;uav:val_coast_curve;uav:val_sand_texture;uav:val_treeline;uav:village,,False,False,scene,,uav:cal_canopy_mix;uav:cal_dune_flat;uav:cal_sea_edge;uav:cal_water_east;uav:dune_fast;uav:dune_forest_edge;uav:dune_ridge;uav:forest_canopy;uav:forest_fast;uav:sea_open;uav:shoreline;uav:sky_horizon;uav:spit_far;uav:val_coast_curve;uav:val_sand_texture;uav:val_treeline;uav:village,
B0a-R,B4,harsh,,,,0.5,не перевірялось,False,exploratory,nan,поза наперед оголошеною сім'єю; не коригується,False,False,nan,nan,paired cluster bootstrap over scenes,psnr_full,10000,0,0,17,0,17,1.0,nan,1.0,"двобічний bootstrap-тест на парних різницях (10000 перевибірок, seed 20240909)",1.0,uav:cal_canopy_mix;uav:cal_dune_flat;uav:cal_sea_edge;uav:cal_water_east;uav:dune_fast;uav:dune_forest_edge;uav:dune_ridge;uav:forest_canopy;uav:forest_fast;uav:sea_open;uav:shoreline;uav:sky_horizon;uav:spit_far;uav:val_coast_curve;uav:val_sand_texture;uav:val_treeline;uav:village,,False,False,scene,,uav:cal_canopy_mix;uav:cal_dune_flat;uav:cal_sea_edge;uav:cal_water_east;uav:dune_fast;uav:dune_forest_edge;uav:dune_ridge;uav:forest_canopy;uav:forest_fast;uav:sea_open;uav:shoreline;uav:sky_horizon;uav:spit_far;uav:val_coast_curve;uav:val_sand_texture;uav:val_treeline;uav:village,
B0a-R,B4t,harsh,,,,0.5,не перевірялось,False,exploratory,nan,поза наперед оголошеною сім'єю; не коригується,False,False,nan,nan,paired cluster bootstrap over scenes,psnr_full,10000,0,0,17,0,17,1.0,nan,1.0,"двобічний bootstrap-тест на парних різницях (10000 перевибірок, seed 20240909)",1.0,uav:cal_canopy_mix;uav:cal_dune_flat;uav:cal_sea_edge;uav:cal_water_east;uav:dune_fast;uav:dune_forest_edge;uav:dune_ridge;uav:forest_canopy;uav:forest_fast;uav:sea_open;uav:shoreline;uav:sky_horizon;uav:spit_far;uav:val_coast_curve;uav:val_sand_texture;uav:val_treeline;uav:village,,False,False,scene,,uav:cal_canopy_mix;uav:cal_dune_flat;uav:cal_sea_edge;uav:cal_water_east;uav:dune_fast;uav:dune_forest_edge;uav:dune_ridge;uav:forest_canopy;uav:forest_fast;uav:sea_open;uav:shoreline;uav:sky_horizon;uav:spit_far;uav:val_coast_curve;uav:val_sand_texture;uav:val_treeline;uav:village,
B0a-R,P,harsh,,,,0.5,не перевірялось,False,exploratory,nan,поза наперед оголошеною сім'єю; не коригується,False,False,nan,nan,paired cluster bootstrap over scenes,psnr_full,10000,0,0,17,0,17,1.0,nan,1.0,"двобічний bootstrap-тест на парних різницях (10000 перевибірок, seed 20240909)",1.0,uav:cal_canopy_mix;uav:cal_dune_flat;uav:cal_sea_edge;uav:cal_water_east;uav:dune_fast;uav:dune_forest_edge;uav:dune_ridge;uav:forest_canopy;uav:forest_fast;uav:sea_open;uav:shoreline;uav:sky_horizon;uav:spit_far;uav:val_coast_curve;uav:val_sand_texture;uav:val_treeline;uav:village,,False,False,scene,,uav:cal_canopy_mix;uav:cal_dune_flat;uav:cal_sea_edge;uav:cal_water_east;uav:dune_fast;uav:dune_forest_edge;uav:dune_ridge;uav:forest_canopy;uav:forest_fast;uav:sea_open;uav:shoreline;uav:sky_horizon;uav:spit_far;uav:val_coast_curve;uav:val_sand_texture;uav:val_treeline;uav:village,
B0d,B1,harsh,,,,0.5,не перевірялось,False,exploratory,nan,поза наперед оголошеною сім'єю; не коригується,False,False,nan,nan,paired cluster bootstrap over scenes,psnr_full,10000,0,0,17,0,17,1.0,nan,1.0,"двобічний bootstrap-тест на парних різницях (10000 перевибірок, seed 20240909)",1.0,,uav:cal_canopy_mix;uav:cal_dune_flat;uav:cal_sea_edge;uav:cal_water_east;uav:dune_fast;uav:dune_forest_edge;uav:dune_ridge;uav:forest_canopy;uav:forest_fast;uav:sea_open;uav:shoreline;uav:sky_horizon;uav:spit_far;uav:val_coast_curve;uav:val_sand_texture;uav:val_treeline;uav:village,False,False,scene,,,uav:cal_canopy_mix;uav:cal_dune_flat;uav:cal_sea_edge;uav:cal_water_east;uav:dune_fast;uav:dune_forest_edge;uav:dune_ridge;uav:forest_canopy;uav:forest_fast;uav:sea_open;uav:shoreline;uav:sky_horizon;uav:spit_far;uav:val_coast_curve;uav:val_sand_texture;uav:val_treeline;uav:village
B0d,B2,harsh,,,,0.5,не перевірялось,False,exploratory,nan,поза наперед оголошеною сім'єю; не коригується,False,False,nan,nan,paired cluster bootstrap over scenes,psnr_full,10000,0,0,17,0,17,1.0,nan,1.0,"двобічний bootstrap-тест на парних різницях (10000 перевибірок, seed 20240909)",1.0,,uav:cal_canopy_mix;uav:cal_dune_flat;uav:cal_sea_edge;uav:cal_water_east;uav:dune_fast;uav:dune_forest_edge;uav:dune_ridge;uav:forest_canopy;uav:forest_fast;uav:sea_open;uav:shoreline;uav:sky_horizon;uav:spit_far;uav:val_coast_curve;uav:val_sand_texture;uav:val_treeline;uav:village,False,False,scene,,,uav:cal_canopy_mix;uav:cal_dune_flat;uav:cal_sea_edge;uav:cal_water_east;uav:dune_fast;uav:dune_forest_edge;uav:dune_ridge;uav:forest_canopy;uav:forest_fast;uav:sea_open;uav:shoreline;uav:sky_horizon;uav:spit_far;uav:val_coast_curve;uav:val_sand_texture;uav:val_treeline;uav:village
B0d,B3,harsh,,,,0.5,не перевірялось,False,exploratory,nan,поза наперед оголошеною сім'єю; не коригується,False,False,nan,nan,paired cluster bootstrap over scenes,psnr_full,10000,0,0,0,0,0,1.0,nan,1.0,"двобічний bootstrap-тест на парних різницях (10000 перевибірок, seed 20240909)",1.0,,,False,False,scene,,,
B0d,B4,harsh,,,,0.5,не перевірялось,False,exploratory,nan,поза наперед оголошеною сім'єю; не коригується,False,False,nan,nan,paired cluster bootstrap over scenes,psnr_full,10000,0,0,0,0,0,1.0,nan,1.0,"двобічний bootstrap-тест на парних різницях (10000 перевибірок, seed 20240909)",1.0,,,False,False,scene,,,
B0d,B4t,harsh,,,,0.5,не перевірялось,False,exploratory,nan,поза наперед оголошеною сім'єю; не коригується,False,False,nan,nan,paired cluster bootstrap over scenes,psnr_full,10000,0,0,0,0,0,1.0,nan,1.0,"двобічний bootstrap-тест на парних різницях (10000 перевибірок, seed 20240909)",1.0,,,False,False,scene,,,
B0d,P,harsh,,,,0.5,не перевірялось,False,pre-declared,nan,,True,False,nan,nan,paired cluster bootstrap over scenes,psnr_full,10000,0,0,0,0,0,1.0,1.0,1.0,"двобічний bootstrap-тест на парних різницях (10000 перевибірок, seed 20240909)",1.0,,,False,False,scene,,,
B1,B2,harsh,0.057443;0.000790;-0.073871;0.095975;0.013268;-0.043402;-0.018476;0.148757;0.022011;-0.084863;-0.103128;0.037513;0.133177;-0.128113;0.017772;0.061134;0.028112,0.04056681146611503,-0.02091575754688378,0.5,еквівалентність у межах ±0.5 показана (90% CI [-0.02; +0.04]),True,exploratory,0.04675233602597898,поза наперед оголошеною сім'єю; не коригується,False,False,-0.0266864232550816,0.009652825706549142,paired cluster bootstrap over scenes,psnr_full,10000,17,17,0,17,0,0.6115388461153884,nan,0.6115388461153884,"двобічний bootstrap-тест на парних різницях (10000 перевибірок, seed 20240909)",0.5790557861328125,,,False,False,scene,uav:cal_canopy_mix;uav:cal_dune_flat;uav:cal_sea_edge;uav:cal_water_east;uav:dune_fast;uav:dune_forest_edge;uav:dune_ridge;uav:forest_canopy;uav:forest_fast;uav:sea_open;uav:shoreline;uav:sky_horizon;uav:spit_far;uav:val_coast_curve;uav:val_sand_texture;uav:val_treeline;uav:village,,
B1,B3,harsh,,,,0.5,не перевірялось,False,exploratory,nan,поза наперед оголошеною сім'єю; не коригується,False,False,nan,nan,paired cluster bootstrap over scenes,psnr_full,10000,0,0,17,0,17,1.0,nan,1.0,"двобічний bootstrap-тест на парних різницях (10000 перевибірок, seed 20240909)",1.0,uav:cal_canopy_mix;uav:cal_dune_flat;uav:cal_sea_edge;uav:cal_water_east;uav:dune_fast;uav:dune_forest_edge;uav:dune_ridge;uav:forest_canopy;uav:forest_fast;uav:sea_open;uav:shoreline;uav:sky_horizon;uav:spit_far;uav:val_coast_curve;uav:val_sand_texture;uav:val_treeline;uav:village,,False,False,scene,,uav:cal_canopy_mix;uav:cal_dune_flat;uav:cal_sea_edge;uav:cal_water_east;uav:dune_fast;uav:dune_forest_edge;uav:dune_ridge;uav:forest_canopy;uav:forest_fast;uav:sea_open;uav:shoreline;uav:sky_horizon;uav:spit_far;uav:val_coast_curve;uav:val_sand_texture;uav:val_treeline;uav:village,
B1,B4,harsh,,,,0.5,не перевірялось,False,exploratory,nan,поза наперед оголошеною сім'єю; не коригується,False,False,nan,nan,paired cluster bootstrap over scenes,psnr_full,10000,0,0,17,0,17,1.0,nan,1.0,"двобічний bootstrap-тест на парних різницях (10000 перевибірок, seed 20240909)",1.0,uav:cal_canopy_mix;uav:cal_dune_flat;uav:cal_sea_edge;uav:cal_water_east;uav:dune_fast;uav:dune_forest_edge;uav:dune_ridge;uav:forest_canopy;uav:forest_fast;uav:sea_open;uav:shoreline;uav:sky_horizon;uav:spit_far;uav:val_coast_curve;uav:val_sand_texture;uav:val_treeline;uav:village,,False,False,scene,,uav:cal_canopy_mix;uav:cal_dune_flat;uav:cal_sea_edge;uav:cal_water_east;uav:dune_fast;uav:dune_forest_edge;uav:dune_ridge;uav:forest_canopy;uav:forest_fast;uav:sea_open;uav:shoreline;uav:sky_horizon;uav:spit_far;uav:val_coast_curve;uav:val_sand_texture;uav:val_treeline;uav:village,
B1,B4t,harsh,,,,0.5,не перевірялось,False,exploratory,nan,поза наперед оголошеною сім'єю; не коригується,False,False,nan,nan,paired cluster bootstrap over scenes,psnr_full,10000,0,0,17,0,17,1.0,nan,1.0,"двобічний bootstrap-тест на парних різницях (10000 перевибірок, seed 20240909)",1.0,uav:cal_canopy_mix;uav:cal_dune_flat;uav:cal_sea_edge;uav:cal_water_east;uav:dune_fast;uav:dune_forest_edge;uav:dune_ridge;uav:forest_canopy;uav:forest_fast;uav:sea_open;uav:shoreline;uav:sky_horizon;uav:spit_far;uav:val_coast_curve;uav:val_sand_texture;uav:val_treeline;uav:village,,False,False,scene,,uav:cal_canopy_mix;uav:cal_dune_flat;uav:cal_sea_edge;uav:cal_water_east;uav:dune_fast;uav:dune_forest_edge;uav:dune_ridge;uav:forest_canopy;uav:forest_fast;uav:sea_open;uav:shoreline;uav:sky_horizon;uav:spit_far;uav:val_coast_curve;uav:val_sand_texture;uav:val_treeline;uav:village,
B1,P,harsh,,,,0.5,не перевірялось,False,exploratory,nan,поза наперед оголошеною сім'єю; не коригується,False,False,nan,nan,paired cluster bootstrap over scenes,psnr_full,10000,0,0,17,0,17,1.0,nan,1.0,"двобічний bootstrap-тест на парних різницях (10000 перевибірок, seed 20240909)",1.0,uav:cal_canopy_mix;uav:cal_dune_flat;uav:cal_sea_edge;uav:cal_water_east;uav:dune_fast;uav:dune_forest_edge;uav:dune_ridge;uav:forest_canopy;uav:forest_fast;uav:sea_open;uav:shoreline;uav:sky_horizon;uav:spit_far;uav:val_coast_curve;uav:val_sand_texture;uav:val_treeline;uav:village,,False,False,scene,,uav:cal_canopy_mix;uav:cal_dune_flat;uav:cal_sea_edge;uav:cal_water_east;uav:dune_fast;uav:dune_forest_edge;uav:dune_ridge;uav:forest_canopy;uav:forest_fast;uav:sea_open;uav:shoreline;uav:sky_horizon;uav:spit_far;uav:val_coast_curve;uav:val_sand_texture;uav:val_treeline;uav:village,
B2,B3,harsh,,,,0.5,не перевірялось,False,exploratory,nan,поза наперед оголошеною сім'єю; не коригується,False,False,nan,nan,paired cluster bootstrap over scenes,psnr_full,10000,0,0,17,0,17,1.0,nan,1.0,"двобічний bootstrap-тест на парних різницях (10000 перевибірок, seed 20240909)",1.0,uav:cal_canopy_mix;uav:cal_dune_flat;uav:cal_sea_edge;uav:cal_water_east;uav:dune_fast;uav:dune_forest_edge;uav:dune_ridge;uav:forest_canopy;uav:forest_fast;uav:sea_open;uav:shoreline;uav:sky_horizon;uav:spit_far;uav:val_coast_curve;uav:val_sand_texture;uav:val_treeline;uav:village,,False,False,scene,,uav:cal_canopy_mix;uav:cal_dune_flat;uav:cal_sea_edge;uav:cal_water_east;uav:dune_fast;uav:dune_forest_edge;uav:dune_ridge;uav:forest_canopy;uav:forest_fast;uav:sea_open;uav:shoreline;uav:sky_horizon;uav:spit_far;uav:val_coast_curve;uav:val_sand_texture;uav:val_treeline;uav:village,
B2,B4,harsh,,,,0.5,не перевірялось,False,exploratory,nan,поза наперед оголошеною сім'єю; не коригується,False,False,nan,nan,paired cluster bootstrap over scenes,psnr_full,10000,0,0,17,0,17,1.0,nan,1.0,"двобічний bootstrap-тест на парних різницях (10000 перевибірок, seed 20240909)",1.0,uav:cal_canopy_mix;uav:cal_dune_flat;uav:cal_sea_edge;uav:cal_water_east;uav:dune_fast;uav:dune_forest_edge;uav:dune_ridge;uav:forest_canopy;uav:forest_fast;uav:sea_open;uav:shoreline;uav:sky_horizon;uav:spit_far;uav:val_coast_curve;uav:val_sand_texture;uav:val_treeline;uav:village,,False,False,scene,,uav:cal_canopy_mix;uav:cal_dune_flat;uav:cal_sea_edge;uav:cal_water_east;uav:dune_fast;uav:dune_forest_edge;uav:dune_ridge;uav:forest_canopy;uav:forest_fast;uav:sea_open;uav:shoreline;uav:sky_horizon;uav:spit_far;uav:val_coast_curve;uav:val_sand_texture;uav:val_treeline;uav:village,
B2,B4t,harsh,,,,0.5,не перевірялось,False,exploratory,nan,поза наперед оголошеною сім'єю; не коригується,False,False,nan,nan,paired cluster bootstrap over scenes,psnr_full,10000,0,0,17,0,17,1.0,nan,1.0,"двобічний bootstrap-тест на парних різницях (10000 перевибірок, seed 20240909)",1.0,uav:cal_canopy_mix;uav:cal_dune_flat;uav:cal_sea_edge;uav:cal_water_east;uav:dune_fast;uav:dune_forest_edge;uav:dune_ridge;uav:forest_canopy;uav:forest_fast;uav:sea_open;uav:shoreline;uav:sky_horizon;uav:spit_far;uav:val_coast_curve;uav:val_sand_texture;uav:val_treeline;uav:village,,False,False,scene,,uav:cal_canopy_mix;uav:cal_dune_flat;uav:cal_sea_edge;uav:cal_water_east;uav:dune_fast;uav:dune_forest_edge;uav:dune_ridge;uav:forest_canopy;uav:forest_fast;uav:sea_open;uav:shoreline;uav:sky_horizon;uav:spit_far;uav:val_coast_curve;uav:val_sand_texture;uav:val_treeline;uav:village,
B2,P,harsh,,,,0.5,не перевірялось,False,exploratory,nan,поза наперед оголошеною сім'єю; не коригується,False,False,nan,nan,paired cluster bootstrap over scenes,psnr_full,10000,0,0,17,0,17,1.0,nan,1.0,"двобічний bootstrap-тест на парних різницях (10000 перевибірок, seed 20240909)",1.0,uav:cal_canopy_mix;uav:cal_dune_flat;uav:cal_sea_edge;uav:cal_water_east;uav:dune_fast;uav:dune_forest_edge;uav:dune_ridge;uav:forest_canopy;uav:forest_fast;uav:sea_open;uav:shoreline;uav:sky_horizon;uav:spit_far;uav:val_coast_curve;uav:val_sand_texture;uav:val_treeline;uav:village,,False,False,scene,,uav:cal_canopy_mix;uav:cal_dune_flat;uav:cal_sea_edge;uav:cal_water_east;uav:dune_fast;uav:dune_forest_edge;uav:dune_ridge;uav:forest_canopy;uav:forest_fast;uav:sea_open;uav:shoreline;uav:sky_horizon;uav:spit_far;uav:val_coast_curve;uav:val_sand_texture;uav:val_treeline;uav:village,
B3,B4,harsh,,,,0.5,не перевірялось,False,exploratory,nan,поза наперед оголошеною сім'єю; не коригується,False,False,nan,nan,paired cluster bootstrap over scenes,psnr_full,10000,0,0,0,0,0,1.0,nan,1.0,"двобічний bootstrap-тест на парних різницях (10000 перевибірок, seed 20240909)",1.0,,,False,False,scene,,,
B3,B4t,harsh,,,,0.5,не перевірялось,False,exploratory,nan,поза наперед оголошеною сім'єю; не коригується,False,False,nan,nan,paired cluster bootstrap over scenes,psnr_full,10000,0,0,0,0,0,1.0,nan,1.0,"двобічний bootstrap-тест на парних різницях (10000 перевибірок, seed 20240909)",1.0,,,False,False,scene,,,
B3,P,harsh,,,,0.5,не перевірялось,False,pre-declared,nan,,True,False,nan,nan,paired cluster bootstrap over scenes,psnr_full,10000,0,0,0,0,0,1.0,1.0,1.0,"двобічний bootstrap-тест на парних різницях (10000 перевибірок, seed 20240909)",1.0,,,False,False,scene,,,
B4,B4t,harsh,,,,0.5,не перевірялось,False,pre-declared,nan,,True,False,nan,nan,paired cluster bootstrap over scenes,psnr_full,10000,0,0,0,0,0,1.0,1.0,1.0,"двобічний bootstrap-тест на парних різницях (10000 перевибірок, seed 20240909)",1.0,,,False,False,scene,,,
B4,P,harsh,,,,0.5,не перевірялось,False,pre-declared,nan,,True,True,nan,nan,paired cluster bootstrap over scenes,psnr_full,10000,0,0,0,0,0,1.0,1.0,1.0,"двобічний bootstrap-тест на парних різницях (10000 перевибірок, seed 20240909)",1.0,,,False,False,scene,,,
B4t,P,harsh,,,,0.5,не перевірялось,False,pre-declared,nan,,True,False,nan,nan,paired cluster bootstrap over scenes,psnr_full,10000,0,0,0,0,0,1.0,1.0,1.0,"двобічний bootstrap-тест на парних різницях (10000 перевибірок, seed 20240909)",1.0,,,False,False,scene,,,
B0a,B0a-R,mild,-0.266445;-0.229737;-0.189967;-0.378638;-0.241306;-0.235167;-0.237044;-0.281499;-0.207537;-0.272541;-0.240383;-0.418225;-0.294745;-0.260758;-0.281404;-0.189641;-0.283641,-0.24359434519379994,-0.29013792948638806,0.5,еквівалентність у межах ±0.5 показана (90% CI [-0.29; -0.24]),True,exploratory,-0.2405860830160727,поза наперед оголошеною сім'єю; не коригується,False,False,-0.2946227984147194,-0.26521642784775423,paired cluster bootstrap over scenes,psnr_full,10000,17,17,0,17,0,9.999000099990002e-05,nan,9.999000099990002e-05,"двобічний bootstrap-тест на парних різницях (10000 перевибірок, seed 20240909)",1.52587890625e-05,,,True,False,scene,uav:cal_canopy_mix;uav:cal_dune_flat;uav:cal_sea_edge;uav:cal_water_east;uav:dune_fast;uav:dune_forest_edge;uav:dune_ridge;uav:forest_canopy;uav:forest_fast;uav:sea_open;uav:shoreline;uav:sky_horizon;uav:spit_far;uav:val_coast_curve;uav:val_sand_texture;uav:val_treeline;uav:village,,
B0a,B0d,mild,2.530461;-2.864012;2.517241;-2.549113;0.941357;0.600143;-1.483565;2.962853;2.352258;2.088436;2.672901;1.887411;2.151795;1.758953;-2.251331;2.916879;3.951298,1.9857951760039079,0.32415627054034923,0.5,еквівалентність у межах ±0.5 НЕ показана (90% CI [+0.32; +1.99]): різниця просто не встановлена,False,exploratory,2.112005912183666,поза наперед оголошеною сім'єю; не коригується,False,False,0.1576085361812523,1.1872920522336707,paired cluster bootstrap over scenes,psnr_full,10000,17,17,0,17,0,0.017298270172982702,nan,0.017298270172982702,"двобічний bootstrap-тест на парних різницях (10000 перевибірок, seed 20240909)",0.0638275146484375,,,True,False,scene,uav:cal_canopy_mix;uav:cal_dune_flat;uav:cal_sea_edge;uav:cal_water_east;uav:dune_fast;uav:dune_forest_edge;uav:dune_ridge;uav:forest_canopy;uav:forest_fast;uav:sea_open;uav:shoreline;uav:sky_horizon;uav:spit_far;uav:val_coast_curve;uav:val_sand_texture;uav:val_treeline;uav:village,,
B0a,B1,mild,1.679923;0.228952;0.410973;0.901365;1.072782;0.870885;0.385222;0.843433;0.929025;0.581377;0.438291;1.279314;0.918405;0.495705;0.213600;0.358341;0.699889,0.8795767484839973,0.5781116631239545,0.5,еквівалентність у межах ±0.5 НЕ показана (90% CI [+0.58; +0.88]): різниця просто не встановлена,False,exploratory,0.9088740533577944,поза наперед оголошеною сім'єю; не коригується,False,False,0.5507988121907835,0.7239695274214208,paired cluster bootstrap over scenes,psnr_full,10000,17,17,0,17,0,9.999000099990002e-05,nan,9.999000099990002e-05,"двобічний bootstrap-тест на парних різницях (10000 перевибірок, seed 20240909)",1.52587890625e-05,,,True,False,scene,uav:cal_canopy_mix;uav:cal_dune_flat;uav:cal_sea_edge;uav:cal_water_east;uav:dune_fast;uav:dune_forest_edge;uav:dune_ridge;uav:forest_canopy;uav:forest_fast;uav:sea_open;uav:shoreline;uav:sky_horizon;uav:spit_far;uav:val_coast_curve;uav:val_sand_texture;uav:val_treeline;uav:village,,
B0a,B2,mild,1.723428;0.218520;0.402830;1.017361;1.090304;0.881531;0.329175;0.882829;0.963788;0.578339;0.451992;1.109136;0.940518;0.523726;0.225262;0.365374;0.684942,0.8854866999199497,0.5780918876903914,0.5,еквівалентність у межах ±0.5 НЕ показана (90% CI [+0.58; +0.89]): різниця просто не встановлена,False,exploratory,0.9124775346488245,поза наперед оголошеною сім'єю; не коригується,False,False,0.55323830987342,0.7287677817222376,paired cluster bootstrap over scenes,psnr_full,10000,17,17,0,17,0,9.999000099990002e-05,nan,9.999000099990002e-05,"двобічний bootstrap-тест на парних різницях (10000 перевибірок, seed 20240909)",1.52587890625e-05,,,True,False,scene,uav:cal_canopy_mix;uav:cal_dune_flat;uav:cal_sea_edge;uav:cal_water_east;uav:dune_fast;uav:dune_forest_edge;uav:dune_ridge;uav:forest_canopy;uav:forest_fast;uav:sea_open;uav:shoreline;uav:sky_horizon;uav:spit_far;uav:val_coast_curve;uav:val_sand_texture;uav:val_treeline;uav:village,,
B0a,B3,mild,2.530461;-2.864012;2.517241;-2.549113;0.941357;0.600143;-1.483565;2.962853;2.352258;2.088436;2.672901;1.887411;2.151795;1.758953;-2.251331;2.916879;3.951298,1.9857951760039079,0.32415627054034923,0.5,еквівалентність у межах ±0.5 НЕ показана (90% CI [+0.32; +1.99]): різниця просто не встановлена,False,exploratory,2.112005912183666,поза наперед оголошеною сім'єю; не коригується,False,False,0.1576085361812523,1.1872920522336707,paired cluster bootstrap over scenes,psnr_full,10000,17,17,0,17,0,0.017298270172982702,nan,0.017298270172982702,"двобічний bootstrap-тест на парних різницях (10000 перевибірок, seed 20240909)",0.0638275146484375,,,True,False,scene,uav:cal_canopy_mix;uav:cal_dune_flat;uav:cal_sea_edge;uav:cal_water_east;uav:dune_fast;uav:dune_forest_edge;uav:dune_ridge;uav:forest_canopy;uav:forest_fast;uav:sea_open;uav:shoreline;uav:sky_horizon;uav:spit_far;uav:val_coast_curve;uav:val_sand_texture;uav:val_treeline;uav:village,,
B0a,B4,mild,2.530461;-2.864012;2.517241;-2.549113;0.941357;0.600143;-1.483565;2.962853;2.352258;2.088436;2.672901;1.887411;2.151795;1.758953;-2.251331;2.916879;3.951298,1.9857951760039079,0.32415627054034923,0.5,еквівалентність у межах ±0.5 НЕ показана (90% CI [+0.32; +1.99]): різниця просто не встановлена,False,exploratory,2.112005912183666,поза наперед оголошеною сім'єю; не коригується,False,False,0.1576085361812523,1.1872920522336707,paired cluster bootstrap over scenes,psnr_full,10000,17,17,0,17,0,0.017298270172982702,nan,0.017298270172982702,"двобічний bootstrap-тест на парних різницях (10000 перевибірок, seed 20240909)",0.0638275146484375,,,True,False,scene,uav:cal_canopy_mix;uav:cal_dune_flat;uav:cal_sea_edge;uav:cal_water_east;uav:dune_fast;uav:dune_forest_edge;uav:dune_ridge;uav:forest_canopy;uav:forest_fast;uav:sea_open;uav:shoreline;uav:sky_horizon;uav:spit_far;uav:val_coast_curve;uav:val_sand_texture;uav:val_treeline;uav:village,,
B0a,B4t,mild,3.772295;-1.470376;3.662600;-0.530759;2.212875;1.934650;-0.225917;4.140459;3.581661;3.235064;3.768404;3.212674;3.228048;2.908135;-0.938920;3.981814;5.073387,3.1888411563048664,1.6384961431244127,0.5,еквівалентність у межах ±0.5 НЕ показана (90% CI [+1.64; +3.19]): різниця просто не встановлена,False,exploratory,3.3095777051773436,поза наперед оголошеною сім'єю; не коригується,False,False,1.4815199439885198,2.4438878221054665,paired cluster bootstrap over scenes,psnr_full,10000,17,17,0,17,0,9.999000099990002e-05,nan,9.999000099990002e-05,"двобічний bootstrap-тест на парних різницях (10000 перевибірок, seed 20240909)",0.0006561279296875,,,True,False,scene,uav:cal_canopy_mix;uav:cal_dune_flat;uav:cal_sea_edge;uav:cal_water_east;uav:dune_fast;uav:dune_forest_edge;uav:dune_ridge;uav:forest_canopy;uav:forest_fast;uav:sea_open;uav:shoreline;uav:sky_horizon;uav:spit_far;uav:val_coast_curve;uav:val_sand_texture;uav:val_treeline;uav:village,,
B0a,P,mild,5.167523;-0.428188;4.744739;0.425517;3.478789;3.149807;0.865774;5.453207;4.916819;4.186583;4.699095;4.032907;3.894975;3.794448;0.169324;5.074692;6.115629,4.271766518501909,2.7093293253919417,0.5,еквівалентність у межах ±0.5 НЕ показана (90% CI [+2.71; +4.27]): різниця просто не встановлена,False,exploratory,4.388902382977518,поза наперед оголошеною сім'єю; не коригується,False,False,2.5475886171019346,3.5142142422266724,paired cluster bootstrap over scenes,psnr_full,10000,17,17,0,17,0,9.999000099990002e-05,nan,9.999000099990002e-05,"двобічний bootstrap-тест на парних різницях (10000 перевибірок, seed 20240909)",7.62939453125e-05,,,True,False,scene,uav:cal_canopy_mix;uav:cal_dune_flat;uav:cal_sea_edge;uav:cal_water_east;uav:dune_fast;uav:dune_forest_edge;uav:dune_ridge;uav:forest_canopy;uav:forest_fast;uav:sea_open;uav:shoreline;uav:sky_horizon;uav:spit_far;uav:val_coast_curve;uav:val_sand_texture;uav:val_treeline;uav:village,,
B0a-R,B0d,mild,2.796906;-2.634275;2.707208;-2.170475;1.182664;0.835310;-1.246522;3.244351;2.559795;2.360977;2.913285;2.305636;2.446540;2.019711;-1.969927;3.106520;4.234939,2.2509168622133986,0.5908257688147276,0.5,еквівалентність у межах ±0.5 НЕ показана (90% CI [+0.59; +2.25]): різниця просто не встановлена,False,exploratory,2.3704251044973343,поза наперед оголошеною сім'єю; не коригується,False,False,0.4274034569662723,1.452508480081425,paired cluster bootstrap over scenes,psnr_full,10000,17,17,0,17,0,0.003999600039996,nan,0.003999600039996,"двобічний bootstrap-тест на парних різницях (10000 перевибірок, seed 20240909)",0.010986328125,,,True,False,scene,uav:cal_canopy_mix;uav:cal_dune_flat;uav:cal_sea_edge;uav:cal_water_east;uav:dune_fast;uav:dune_forest_edge;uav:dune_ridge;uav:forest_canopy;uav:forest_fast;uav:sea_open;uav:shoreline;uav:sky_horizon;uav:spit_far;uav:val_coast_curve;uav:val_sand_texture;uav:val_treeline;uav:village,,
B0a-R,B1,mild,1.946368;0.458689;0.600940;1.280003;1.314088;1.106052;0.622265;1.124932;1.136563;0.853918;0.678674;1.697540;1.213150;0.756463;0.495004;0.547982;0.983530,1.1567644415964728,0.8307961618825177,0.5,еквівалентність у межах ±0.5 НЕ показана (90% CI [+0.83; +1.16]): різниця просто не встановлена,False,exploratory,1.1902975993666005,поза наперед оголошеною сім'єю; не коригується,False,False,0.8039458355467315,0.9891859552691751,paired cluster bootstrap over scenes,psnr_full,10000,17,17,0,17,0,9.999000099990002e-05,nan,9.999000099990002e-05,"двобічний bootstrap-тест на парних різницях (10000 перевибірок, seed 20240909)",1.52587890625e-05,,,True,False,scene,uav:cal_canopy_mix;uav:cal_dune_flat;uav:cal_sea_edge;uav:cal_water_east;uav:dune_fast;uav:dune_forest_edge;uav:dune_ridge;uav:forest_canopy;uav:forest_fast;uav:sea_open;uav:shoreline;uav:sky_horizon;uav:spit_far;uav:val_coast_curve;uav:val_sand_texture;uav:val_treeline;uav:village,,
B0a-R,B2,mild,1.989873;0.448257;0.592797;1.395999;1.331610;1.116698;0.566219;1.164327;1.171325;0.850880;0.692376;1.527362;1.235263;0.784484;0.506666;0.555015;0.968583,1.1617380254993914,0.8321140998312383,0.5,еквівалентність у межах ±0.5 НЕ показана (90% CI [+0.83; +1.16]): різниця просто не встановлена,False,exploratory,1.1928050294459058,поза наперед оголошеною сім'єю; не коригується,False,False,0.8062427355382981,0.9939842095699918,paired cluster bootstrap over scenes,psnr_full,10000,17,17,0,17,0,9.999000099990002e-05,nan,9.999000099990002e-05,"двобічний bootstrap-тест на парних різницях (10000 перевибірок, seed 20240909)",1.52587890625e-05,,,True,False,scene,uav:cal_canopy_mix;uav:cal_dune_flat;uav:cal_sea_edge;uav:cal_water_east;uav:dune_fast;uav:dune_forest_edge;uav:dune_ridge;uav:forest_canopy;uav:forest_fast;uav:sea_open;uav:shoreline;uav:sky_horizon;uav:spit_far;uav:val_coast_curve;uav:val_sand_texture;uav:val_treeline;uav:village,,
B0a-R,B3,mild,2.796906;-2.634275;2.707208;-2.170475;1.182664;0.835310;-1.246522;3.244351;2.559795;2.360977;2.913285;2.305636;2.446540;2.019711;-1.969927;3.106520;4.234939,2.2509168622133986,0.5908257688147276,0.5,еквівалентність у межах ±0.5 НЕ показана (90% CI [+0.59; +2.25]): різниця просто не встановлена,False,exploratory,2.3704251044973343,поза наперед оголошеною сім'єю; не коригується,False,False,0.4274034569662723,1.452508480081425,paired cluster bootstrap over scenes,psnr_full,10000,17,17,0,17,0,0.003999600039996,nan,0.003999600039996,"двобічний bootstrap-тест на парних різницях (10000 перевибірок, seed 20240909)",0.010986328125,,,True,False,scene,uav:cal_canopy_mix;uav:cal_dune_flat;uav:cal_sea_edge;uav:cal_water_east;uav:dune_fast;uav:dune_forest_edge;uav:dune_ridge;uav:forest_canopy;uav:forest_fast;uav:sea_open;uav:shoreline;uav:sky_horizon;uav:spit_far;uav:val_coast_curve;uav:val_sand_texture;uav:val_treeline;uav:village,,
B0a-R,B4,mild,2.796906;-2.634275;2.707208;-2.170475;1.182664;0.835310;-1.246522;3.244351;2.559795;2.360977;2.913285;2.305636;2.446540;2.019711;-1.969927;3.106520;4.234939,2.2509168622133986,0.5908257688147276,0.5,еквівалентність у межах ±0.5 НЕ показана (90% CI [+0.59; +2.25]): різниця просто не встановлена,False,exploratory,2.3704251044973343,поза наперед оголошеною сім'єю; не коригується,False,False,0.4274034569662723,1.452508480081425,paired cluster bootstrap over scenes,psnr_full,10000,17,17,0,17,0,0.003999600039996,nan,0.003999600039996,"двобічний bootstrap-тест на парних різницях (10000 перевибірок, seed 20240909)",0.010986328125,,,True,False,scene,uav:cal_canopy_mix;uav:cal_dune_flat;uav:cal_sea_edge;uav:cal_water_east;uav:dune_fast;uav:dune_forest_edge;uav:dune_ridge;uav:forest_canopy;uav:forest_fast;uav:sea_open;uav:shoreline;uav:sky_horizon;uav:spit_far;uav:val_coast_curve;uav:val_sand_texture;uav:val_treeline;uav:village,,
B0a-R,B4t,mild,4.038740;-1.240639;3.852567;-0.152121;2.454181;2.169817;0.011126;4.421957;3.789198;3.507605;4.008787;3.630900;3.522793;3.168893;-0.657516;4.171455;5.357028,3.454575523339767,1.9041764032746993,0.5,еквівалентність у межах ±0.5 НЕ показана (90% CI [+1.90; +3.45]): різниця просто не встановлена,False,exploratory,3.5685476385397927,поза наперед оголошеною сім'єю; не коригується,False,False,1.748426338889451,2.709104249953221,paired cluster bootstrap over scenes,psnr_full,10000,17,17,0,17,0,9.999000099990002e-05,nan,9.999000099990002e-05,"двобічний bootstrap-тест на парних різницях (10000 перевибірок, seed 20240909)",0.0005035400390625,,,True,False,scene,uav:cal_canopy_mix;uav:cal_dune_flat;uav:cal_sea_edge;uav:cal_water_east;uav:dune_fast;uav:dune_forest_edge;uav:dune_ridge;uav:forest_canopy;uav:forest_fast;uav:sea_open;uav:shoreline;uav:sky_horizon;uav:spit_far;uav:val_coast_curve;uav:val_sand_texture;uav:val_treeline;uav:village,,
B0a-R,P,mild,5.433969;-0.198451;4.934706;0.804155;3.720096;3.384974;1.102817;5.734706;5.124356;4.459124;4.939478;4.451132;4.189720;4.055206;0.450729;5.264333;6.399270,4.5296039172143425,2.978905297847741,0.5,еквівалентність у межах ±0.5 НЕ показана (90% CI [+2.98; +4.53]): різниця просто не встановлена,False,exploratory,4.651339148278397,поза наперед оголошеною сім'єю; не коригується,False,False,2.819368554791858,3.779430670074427,paired cluster bootstrap over scenes,psnr_full,10000,17,17,0,17,0,9.999000099990002e-05,nan,9.999000099990002e-05,"двобічний bootstrap-тест на парних різницях (10000 перевибірок, seed 20240909)",3.0517578125e-05,,,True,False,scene,uav:cal_canopy_mix;uav:cal_dune_flat;uav:cal_sea_edge;uav:cal_water_east;uav:dune_fast;uav:dune_forest_edge;uav:dune_ridge;uav:forest_canopy;uav:forest_fast;uav:sea_open;uav:shoreline;uav:sky_horizon;uav:spit_far;uav:val_coast_curve;uav:val_sand_texture;uav:val_treeline;uav:village,,
B0d,B1,mild,-0.850539;3.092964;-2.106268;3.450478;0.131424;0.270742;1.868787;-2.119420;-1.423233;-1.507059;-2.234611;-0.608097;-1.233389;-1.263248;2.464931;-2.558538;-3.251409,0.3594462221124714,-1.2319172786784882,0.5,еквівалентність у межах ±0.5 НЕ показана (90% CI [-1.23; +0.36]): різниця просто не встановлена,False,exploratory,0.5020557683712393,поза наперед оголошеною сім'єю; не коригується,False,False,-1.3516019639224737,-0.46332252481224984,paired cluster bootstrap over scenes,psnr_full,10000,17,17,0,17,0,0.34096590340965904,nan,0.34096590340965904,"двобічний bootstrap-тест на парних різницях (10000 перевибірок, seed 20240909)",0.3778228759765625,,,False,False,scene,uav:cal_canopy_mix;uav:cal_dune_flat;uav:cal_sea_edge;uav:cal_water_east;uav:dune_fast;uav:dune_forest_edge;uav:dune_ridge;uav:forest_canopy;uav:forest_fast;uav:sea_open;uav:shoreline;uav:sky_horizon;uav:spit_far;uav:val_coast_curve;uav:val_sand_texture;uav:val_treeline;uav:village,,
B0d,B2,mild,-0.807034;3.082532;-2.114412;3.566474;0.148947;0.281387;1.812741;-2.080024;-1.388470;-1.510097;-2.220909;-0.778275;-1.211277;-1.235227;2.476593;-2.551506;-3.266356,0.3641005799341962,-1.2281150012927051,0.5,еквівалентність у межах ±0.5 НЕ показана (90% CI [-1.23; +0.36]): різниця просто не встановлена,False,exploratory,0.5163876494884095,поза наперед оголошеною сім'єю; не коригується,False,False,-1.35031560460816,-0.45852427051143313,paired cluster bootstrap over scenes,psnr_full,10000,17,17,0,17,0,0.3481651834816518,nan,0.3481651834816518,"двобічний bootstrap-тест на парних різницях (10000 перевибірок, seed 20240909)",0.3778228759765625,,,False,False,scene,uav:cal_canopy_mix;uav:cal_dune_flat;uav:cal_sea_edge;uav:cal_water_east;uav:dune_fast;uav:dune_forest_edge;uav:dune_ridge;uav:forest_canopy;uav:forest_fast;uav:sea_open;uav:shoreline;uav:sky_horizon;uav:spit_far;uav:val_coast_curve;uav:val_sand_texture;uav:val_treeline;uav:village,,
B0d,B3,mild,0.000000;0.000000;0.000000;0.000000;0.000000;0.000000;0.000000;0.000000;0.000000;0.000000;0.000000;0.000000;0.000000;0.000000;0.000000;0.000000;0.000000,0.0,0.0,0.5,еквівалентність у межах ±0.5 показана (90% CI [+0.00; +0.00]),True,exploratory,0.0,поза наперед оголошеною сім'єю; не коригується,False,False,0.0,0.0,paired cluster bootstrap over scenes,psnr_full,10000,17,17,0,17,0,1.0,nan,1.0,"двобічний bootstrap-тест на парних різницях (10000 перевибірок, seed 20240909)",1.0,,,False,False,scene,uav:cal_canopy_mix;uav:cal_dune_flat;uav:cal_sea_edge;uav:cal_water_east;uav:dune_fast;uav:dune_forest_edge;uav:dune_ridge;uav:forest_canopy;uav:forest_fast;uav:sea_open;uav:shoreline;uav:sky_horizon;uav:spit_far;uav:val_coast_curve;uav:val_sand_texture;uav:val_treeline;uav:village,,
B0d,B4,mild,0.000000;0.000000;0.000000;0.000000;0.000000;0.000000;0.000000;0.000000;0.000000;0.000000;0.000000;0.000000;0.000000;0.000000;0.000000;0.000000;0.000000,0.0,0.0,0.5,еквівалентність у межах ±0.5 показана (90% CI [+0.00; +0.00]),True,exploratory,0.0,поза наперед оголошеною сім'єю; не коригується,False,False,0.0,0.0,paired cluster bootstrap over scenes,psnr_full,10000,17,17,0,17,0,1.0,nan,1.0,"двобічний bootstrap-тест на парних різницях (10000 перевибірок, seed 20240909)",1.0,,,False,False,scene,uav:cal_canopy_mix;uav:cal_dune_flat;uav:cal_sea_edge;uav:cal_water_east;uav:dune_fast;uav:dune_forest_edge;uav:dune_ridge;uav:forest_canopy;uav:forest_fast;uav:sea_open;uav:shoreline;uav:sky_horizon;uav:spit_far;uav:val_coast_curve;uav:val_sand_texture;uav:val_treeline;uav:village,,
B0d,B4t,mild,1.241834;1.393636;1.145358;2.018354;1.271518;1.334507;1.257648;1.177606;1.229403;1.146628;1.095503;1.325264;1.076253;1.149182;1.312411;1.064935;1.122089,1.3515540069533756,1.1833577074716364,0.5,еквівалентність у межах ±0.5 НЕ показана (90% CI [+1.18; +1.35]): різниця просто не встановлена,False,exploratory,1.3730118256594521,поза наперед оголошеною сім'єю; не коригується,False,False,1.174564486006373,1.2565957698717962,paired cluster bootstrap over scenes,psnr_full,10000,17,17,0,17,0,9.999000099990002e-05,nan,9.999000099990002e-05,"двобічний bootstrap-тест на парних різницях (10000 перевибірок, seed 20240909)",1.52587890625e-05,,,True,False,scene,uav:cal_canopy_mix;uav:cal_dune_flat;uav:cal_sea_edge;uav:cal_water_east;uav:dune_fast;uav:dune_forest_edge;uav:dune_ridge;uav:forest_canopy;uav:forest_fast;uav:sea_open;uav:shoreline;uav:sky_horizon;uav:spit_far;uav:val_coast_curve;uav:val_sand_texture;uav:val_treeline;uav:village,,
B0d,P,mild,2.637062;2.435824;2.227498;2.974631;2.537432;2.549664;2.349339;2.490355;2.564561;2.098147;2.026194;2.145496;1.743180;2.035495;2.420656;2.157813;2.164331,2.4418288171006437,2.214649683828058,0.5,еквівалентність у межах ±0.5 НЕ показана (90% CI [+2.21; +2.44]): різниця просто не встановлена,False,pre-declared,2.4635117539628584,,True,False,2.192488806540845,2.3269221899930024,paired cluster bootstrap over scenes,psnr_full,10000,17,17,0,17,0,9.999000099990002e-05,0.0004999500049995,9.999000099990002e-05,"двобічний bootstrap-тест на парних різницях (10000 перевибірок, seed 20240909)",1.52587890625e-05,,,True,True,scene,uav:cal_canopy_mix;uav:cal_dune_flat;uav:cal_sea_edge;uav:cal_water_east;uav:dune_fast;uav:dune_forest_edge;uav:dune_ridge;uav:forest_canopy;uav:forest_fast;uav:sea_open;uav:shoreline;uav:sky_horizon;uav:spit_far;uav:val_coast_curve;uav:val_sand_texture;uav:val_treeline;uav:village,,
B1,B2,mild,0.043505;-0.010432;-0.008143;0.115995;0.017522;0.010646;-0.056046;0.039395;0.034762;-0.003038;0.013702;-0.170178;0.022112;0.028021;0.011662;0.007032;-0.014947,0.02553905569837757,-0.018907853578256348,0.5,еквівалентність у межах ±0.5 показана (90% CI [-0.02; +0.03]),True,exploratory,0.028993599272789636,поза наперед оголошеною сім'єю; не коригується,False,False,-0.023555197678457956,0.004798254300816668,paired cluster bootstrap over scenes,psnr_full,10000,17,17,0,17,0,0.7187281271872813,nan,0.7187281271872813,"двобічний bootstrap-тест на парних різницях (10000 перевибірок, seed 20240909)",0.190093994140625,,,False,False,scene,uav:cal_canopy_mix;uav:cal_dune_flat;uav:cal_sea_edge;uav:cal_water_east;uav:dune_fast;uav:dune_forest_edge;uav:dune_ridge;uav:forest_canopy;uav:forest_fast;uav:sea_open;uav:shoreline;uav:sky_horizon;uav:spit_far;uav:val_coast_curve;uav:val_sand_texture;uav:val_treeline;uav:village,,
B1,B3,mild,0.850539;-3.092964;2.106268;-3.450478;-0.131424;-0.270742;-1.868787;2.119420;1.423233;1.507059;2.234611;0.608097;1.233389;1.263248;-2.464931;2.558538;3.251409,1.231917278678488,-0.35944622211247157,0.5,еквівалентність у межах ±0.5 НЕ показана (90% CI [-0.36; +1.23]): різниця просто не встановлена,False,exploratory,1.3516019639224734,поза наперед оголошеною сім'єю; не коригується,False,False,-0.5020557683712394,0.46332252481224984,paired cluster bootstrap over scenes,psnr_full,10000,17,17,0,17,0,0.34096590340965904,nan,0.34096590340965904,"двобічний bootstrap-тест на парних різницях (10000 перевибірок, seed 20240909)",0.3778228759765625,,,False,False,scene,uav:cal_canopy_mix;uav:cal_dune_flat;uav:cal_sea_edge;uav:cal_water_east;uav:dune_fast;uav:dune_forest_edge;uav:dune_ridge;uav:forest_canopy;uav:forest_fast;uav:sea_open;uav:shoreline;uav:sky_horizon;uav:spit_far;uav:val_coast_curve;uav:val_sand_texture;uav:val_treeline;uav:village,,
B1,B4,mild,0.850539;-3.092964;2.106268;-3.450478;-0.131424;-0.270742;-1.868787;2.119420;1.423233;1.507059;2.234611;0.608097;1.233389;1.263248;-2.464931;2.558538;3.251409,1.231917278678488,-0.35944622211247157,0.5,еквівалентність у межах ±0.5 НЕ показана (90% CI [-0.36; +1.23]): різниця просто не встановлена,False,exploratory,1.3516019639224734,поза наперед оголошеною сім'єю; не коригується,False,False,-0.5020557683712394,0.46332252481224984,paired cluster bootstrap over scenes,psnr_full,10000,17,17,0,17,0,0.34096590340965904,nan,0.34096590340965904,"двобічний bootstrap-тест на парних різницях (10000 перевибірок, seed 20240909)",0.3778228759765625,,,False,False,scene,uav:cal_canopy_mix;uav:cal_dune_flat;uav:cal_sea_edge;uav:cal_water_east;uav:dune_fast;uav:dune_forest_edge;uav:dune_ridge;uav:forest_canopy;uav:forest_fast;uav:sea_open;uav:shoreline;uav:sky_horizon;uav:spit_far;uav:val_coast_curve;uav:val_sand_texture;uav:val_treeline;uav:village,,
B1,B4t,mild,2.092373;-1.699329;3.251627;-1.432125;1.140093;1.063765;-0.611139;3.297026;2.652636;2.653687;3.330113;1.933360;2.309642;2.412430;-1.152520;3.623473;4.373498,2.4304914307984125,0.9672765341291631,0.5,еквівалентність у межах ±0.5 НЕ показана (90% CI [+0.97; +2.43]): різниця просто не встановлена,False,exploratory,2.5420192994277326,поза наперед оголошеною сім'єю; не коригується,False,False,0.8265144128492723,1.7199182946840461,paired cluster bootstrap over scenes,psnr_full,10000,17,17,0,17,0,0.00019998000199980003,nan,0.00019998000199980003,"двобічний bootstrap-тест на парних різницях (10000 перевибірок, seed 20240909)",0.0025787353515625,,,True,False,scene,uav:cal_canopy_mix;uav:cal_dune_flat;uav:cal_sea_edge;uav:cal_water_east;uav:dune_fast;uav:dune_forest_edge;uav:dune_ridge;uav:forest_canopy;uav:forest_fast;uav:sea_open;uav:shoreline;uav:sky_horizon;uav:spit_far;uav:val_coast_curve;uav:val_sand_texture;uav:val_treeline;uav:village,,
B1,P,mild,3.487601;-0.657140;4.333766;-0.475848;2.406008;2.278922;0.480552;4.609774;3.987794;3.605206;4.260804;2.753592;2.976570;3.298743;-0.044275;4.716351;5.415740,3.4992254478593052,2.0326174175306475,0.5,еквівалентність у межах ±0.5 НЕ показана (90% CI [+2.03; +3.50]): різниця просто не встановлена,False,exploratory,3.616489725173598,поза наперед оголошеною сім'єю; не коригується,False,False,1.8982655400004795,2.790244714805252,paired cluster bootstrap over scenes,psnr_full,10000,17,17,0,17,0,9.999000099990002e-05,nan,9.999000099990002e-05,"двобічний bootstrap-тест на парних різницях (10000 перевибірок, seed 20240909)",0.0002899169921875,,,True,False,scene,uav:cal_canopy_mix;uav:cal_dune_flat;uav:cal_sea_edge;uav:cal_water_east;uav:dune_fast;uav:dune_forest_edge;uav:dune_ridge;uav:forest_canopy;uav:forest_fast;uav:sea_open;uav:shoreline;uav:sky_horizon;uav:spit_far;uav:val_coast_curve;uav:val_sand_texture;uav:val_treeline;uav:village,,
B2,B3,mild,0.807034;-3.082532;2.114412;-3.566474;-0.148947;-0.281387;-1.812741;2.080024;1.388470;1.510097;2.220909;0.778275;1.211277;1.235227;-2.476593;2.551506;3.266356,1.2281150012927051,-0.36410057993419653,0.5,еквівалентність у межах ±0.5 НЕ показана (90% CI [-0.36; +1.23]): різниця просто не встановлена,False,exploratory,1.35031560460816,поза наперед оголошеною сім'єю; не коригується,False,False,-0.5163876494884102,0.45852427051143313,paired cluster bootstrap over scenes,psnr_full,10000,17,17,0,17,0,0.3481651834816518,nan,0.3481651834816518,"двобічний bootstrap-тест на парних різницях (10000 перевибірок, seed 20240909)",0.3778228759765625,,,False,False,scene,uav:cal_canopy_mix;uav:cal_dune_flat;uav:cal_sea_edge;uav:cal_water_east;uav:dune_fast;uav:dune_forest_edge;uav:dune_ridge;uav:forest_canopy;uav:forest_fast;uav:sea_open;uav:shoreline;uav:sky_horizon;uav:spit_far;uav:val_coast_curve;uav:val_sand_texture;uav:val_treeline;uav:village,,
B2,B4,mild,0.807034;-3.082532;2.114412;-3.566474;-0.148947;-0.281387;-1.812741;2.080024;1.388470;1.510097;2.220909;0.778275;1.211277;1.235227;-2.476593;2.551506;3.266356,1.2281150012927051,-0.36410057993419653,0.5,еквівалентність у межах ±0.5 НЕ показана (90% CI [-0.36; +1.23]): різниця просто не встановлена,False,exploratory,1.35031560460816,поза наперед оголошеною сім'єю; не коригується,False,False,-0.5163876494884102,0.45852427051143313,paired cluster bootstrap over scenes,psnr_full,10000,17,17,0,17,0,0.3481651834816518,nan,0.3481651834816518,"двобічний bootstrap-тест на парних різницях (10000 перевибірок, seed 20240909)",0.3778228759765625,,,False,False,scene,uav:cal_canopy_mix;uav:cal_dune_flat;uav:cal_sea_edge;uav:cal_water_east;uav:dune_fast;uav:dune_forest_edge;uav:dune_ridge;uav:forest_canopy;uav:forest_fast;uav:sea_open;uav:shoreline;uav:sky_horizon;uav:spit_far;uav:val_coast_curve;uav:val_sand_texture;uav:val_treeline;uav:village,,
B2,B4t,mild,2.048867;-1.688896;3.259770;-1.548120;1.122571;1.053119;-0.555093;3.257630;2.617873;2.656725;3.316411;2.103538;2.287530;2.384409;-1.164182;3.616441;4.388445,2.428197565707427,0.9598849744636507,0.5,еквівалентність у межах ±0.5 НЕ показана (90% CI [+0.96; +2.43]): різниця просто не встановлена,False,exploratory,2.538794702662389,поза наперед оголошеною сім'єю; не коригується,False,False,0.8157696349433721,1.7151200403832294,paired cluster bootstrap over scenes,psnr_full,10000,17,17,0,17,0,0.00019998000199980003,nan,0.00019998000199980003,"двобічний bootstrap-тест на парних різницях (10000 перевибірок, seed 20240909)",0.0025787353515625,,,True,False,scene,uav:cal_canopy_mix;uav:cal_dune_flat;uav:cal_sea_edge;uav:cal_water_east;uav:dune_fast;uav:dune_forest_edge;uav:dune_ridge;uav:forest_canopy;uav:forest_fast;uav:sea_open;uav:shoreline;uav:sky_horizon;uav:spit_far;uav:val_coast_curve;uav:val_sand_texture;uav:val_treeline;uav:village,,
B2,P,mild,3.444096;-0.646708;4.341910;-0.591843;2.388485;2.268276;0.536598;4.570379;3.953031;3.608244;4.247103;2.923770;2.954457;3.270721;-0.055937;4.709319;5.430688,3.49553785454683,2.0268019890570126,0.5,еквівалентність у межах ±0.5 НЕ показана (90% CI [+2.03; +3.50]): різниця просто не встановлена,False,exploratory,3.6148328233949734,поза наперед оголошеною сім'єю; не коригується,False,False,1.8886860199748077,2.7854464605044353,paired cluster bootstrap over scenes,psnr_full,10000,17,17,0,17,0,9.999000099990002e-05,nan,9.999000099990002e-05,"двобічний bootstrap-тест на парних різницях (10000 перевибірок, seed 20240909)",0.0003814697265625,,,True,False,scene,uav:cal_canopy_mix;uav:cal_dune_flat;uav:cal_sea_edge;uav:cal_water_east;uav:dune_fast;uav:dune_forest_edge;uav:dune_ridge;uav:forest_canopy;uav:forest_fast;uav:sea_open;uav:shoreline;uav:sky_horizon;uav:spit_far;uav:val_coast_curve;uav:val_sand_texture;uav:val_treeline;uav:village,,
B3,B4,mild,0.000000;0.000000;0.000000;0.000000;0.000000;0.000000;0.000000;0.000000;0.000000;0.000000;0.000000;0.000000;0.000000;0.000000;0.000000;0.000000;0.000000,0.0,0.0,0.5,еквівалентність у межах ±0.5 показана (90% CI [+0.00; +0.00]),True,exploratory,0.0,поза наперед оголошеною сім'єю; не коригується,False,False,0.0,0.0,paired cluster bootstrap over scenes,psnr_full,10000,17,17,0,17,0,1.0,nan,1.0,"двобічний bootstrap-тест на парних різницях (10000 перевибірок, seed 20240909)",1.0,,,False,False,scene,uav:cal_canopy_mix;uav:cal_dune_flat;uav:cal_sea_edge;uav:cal_water_east;uav:dune_fast;uav:dune_forest_edge;uav:dune_ridge;uav:forest_canopy;uav:forest_fast;uav:sea_open;uav:shoreline;uav:sky_horizon;uav:spit_far;uav:val_coast_curve;uav:val_sand_texture;uav:val_treeline;uav:village,,
B3,B4t,mild,1.241834;1.393636;1.145358;2.018354;1.271518;1.334507;1.257648;1.177606;1.229403;1.146628;1.095503;1.325264;1.076253;1.149182;1.312411;1.064935;1.122089,1.3515540069533756,1.1833577074716364,0.5,еквівалентність у межах ±0.5 НЕ показана (90% CI [+1.18; +1.35]): різниця просто не встановлена,False,exploratory,1.3730118256594521,поза наперед оголошеною сім'єю; не коригується,False,False,1.174564486006373,1.2565957698717962,paired cluster bootstrap over scenes,psnr_full,10000,17,17,0,17,0,9.999000099990002e-05,nan,9.999000099990002e-05,"двобічний bootstrap-тест на парних різницях (10000 перевибірок, seed 20240909)",1.52587890625e-05,,,True,False,scene,uav:cal_canopy_mix;uav:cal_dune_flat;uav:cal_sea_edge;uav:cal_water_east;uav:dune_fast;uav:dune_forest_edge;uav:dune_ridge;uav:forest_canopy;uav:forest_fast;uav:sea_open;uav:shoreline;uav:sky_horizon;uav:spit_far;uav:val_coast_curve;uav:val_sand_texture;uav:val_treeline;uav:village,,
B3,P,mild,2.637062;2.435824;2.227498;2.974631;2.537432;2.549664;2.349339;2.490355;2.564561;2.098147;2.026194;2.145496;1.743180;2.035495;2.420656;2.157813;2.164331,2.4418288171006437,2.214649683828058,0.5,еквівалентність у межах ±0.5 НЕ показана (90% CI [+2.21; +2.44]): різниця просто не встановлена,False,pre-declared,2.4635117539628584,,True,False,2.192488806540845,2.3269221899930024,paired cluster bootstrap over scenes,psnr_full,10000,17,17,0,17,0,9.999000099990002e-05,0.0004999500049995,9.999000099990002e-05,"двобічний bootstrap-тест на парних різницях (10000 перевибірок, seed 20240909)",1.52587890625e-05,,,True,True,scene,uav:cal_canopy_mix;uav:cal_dune_flat;uav:cal_sea_edge;uav:cal_water_east;uav:dune_fast;uav:dune_forest_edge;uav:dune_ridge;uav:forest_canopy;uav:forest_fast;uav:sea_open;uav:shoreline;uav:sky_horizon;uav:spit_far;uav:val_coast_curve;uav:val_sand_texture;uav:val_treeline;uav:village,,
B4,B4t,mild,1.241834;1.393636;1.145358;2.018354;1.271518;1.334507;1.257648;1.177606;1.229403;1.146628;1.095503;1.325264;1.076253;1.149182;1.312411;1.064935;1.122089,1.3515540069533756,1.1833577074716364,0.5,еквівалентність у межах ±0.5 НЕ показана (90% CI [+1.18; +1.35]): різниця просто не встановлена,False,pre-declared,1.3730118256594521,,True,False,1.174564486006373,1.2565957698717962,paired cluster bootstrap over scenes,psnr_full,10000,17,17,0,17,0,9.999000099990002e-05,0.0004999500049995,9.999000099990002e-05,"двобічний bootstrap-тест на парних різницях (10000 перевибірок, seed 20240909)",1.52587890625e-05,,,True,True,scene,uav:cal_canopy_mix;uav:cal_dune_flat;uav:cal_sea_edge;uav:cal_water_east;uav:dune_fast;uav:dune_forest_edge;uav:dune_ridge;uav:forest_canopy;uav:forest_fast;uav:sea_open;uav:shoreline;uav:sky_horizon;uav:spit_far;uav:val_coast_curve;uav:val_sand_texture;uav:val_treeline;uav:village,,
B4,P,mild,2.637062;2.435824;2.227498;2.974631;2.537432;2.549664;2.349339;2.490355;2.564561;2.098147;2.026194;2.145496;1.743180;2.035495;2.420656;2.157813;2.164331,2.4418288171006437,2.214649683828058,0.5,еквівалентність у межах ±0.5 НЕ показана (90% CI [+2.21; +2.44]): різниця просто не встановлена,False,pre-declared,2.4635117539628584,,True,True,2.192488806540845,2.3269221899930024,paired cluster bootstrap over scenes,psnr_full,10000,17,17,0,17,0,9.999000099990002e-05,0.0004999500049995,9.999000099990002e-05,"двобічний bootstrap-тест на парних різницях (10000 перевибірок, seed 20240909)",1.52587890625e-05,,,True,True,scene,uav:cal_canopy_mix;uav:cal_dune_flat;uav:cal_sea_edge;uav:cal_water_east;uav:dune_fast;uav:dune_forest_edge;uav:dune_ridge;uav:forest_canopy;uav:forest_fast;uav:sea_open;uav:shoreline;uav:sky_horizon;uav:spit_far;uav:val_coast_curve;uav:val_sand_texture;uav:val_treeline;uav:village,,
B4t,P,mild,1.395228;1.042189;1.082140;0.956277;1.265914;1.215157;1.091691;1.312749;1.335158;0.951519;0.930691;0.820232;0.666927;0.886312;1.108245;1.092878;1.042242,1.1435148656625647,0.994170603982102,0.5,еквівалентність у межах ±0.5 НЕ показана (90% CI [+0.99; +1.14]): різниця просто не встановлена,False,pre-declared,1.1574543703038074,,True,False,0.9794288918565676,1.0703264201212057,paired cluster bootstrap over scenes,psnr_full,10000,17,17,0,17,0,9.999000099990002e-05,0.0004999500049995,9.999000099990002e-05,"двобічний bootstrap-тест на парних різницях (10000 перевибірок, seed 20240909)",1.52587890625e-05,,,True,True,scene,uav:cal_canopy_mix;uav:cal_dune_flat;uav:cal_sea_edge;uav:cal_water_east;uav:dune_fast;uav:dune_forest_edge;uav:dune_ridge;uav:forest_canopy;uav:forest_fast;uav:sea_open;uav:shoreline;uav:sky_horizon;uav:spit_far;uav:val_coast_curve;uav:val_sand_texture;uav:val_treeline;uav:village,,
B0a,B0a-R,moderate,-1.937374;-2.573539;-2.277973;-3.252772;-2.400880;-2.167780;-2.638251;-1.776862;-1.942373;-2.357192;-2.055396;-2.206227;-2.158557;-2.658949;-2.036704;-1.954210;-2.508245,-2.153984397108811,-2.434215634769906,0.5,еквівалентність у межах ±0.5 НЕ показана (90% CI [-2.43; -2.15]): різниця просто не встановлена,False,exploratory,-2.1289303375209045,поза наперед оголошеною сім'єю; не коригується,False,False,-2.4605856010951377,-2.2884285145278302,paired cluster bootstrap over scenes,psnr_full,10000,17,17,0,17,0,9.999000099990002e-05,nan,9.999000099990002e-05,"двобічний bootstrap-тест на парних різницях (10000 перевибірок, seed 20240909)",1.52587890625e-05,,,True,False,scene,uav:cal_canopy_mix;uav:cal_dune_flat;uav:cal_sea_edge;uav:cal_water_east;uav:dune_fast;uav:dune_forest_edge;uav:dune_ridge;uav:forest_canopy;uav:forest_fast;uav:sea_open;uav:shoreline;uav:sky_horizon;uav:spit_far;uav:val_coast_curve;uav:val_sand_texture;uav:val_treeline;uav:village,,
B0a,B0d,moderate,-2.687104;-9.058941;-2.934226;-7.998046;-3.899196;-4.545547;-5.842965;-2.088725;-2.872449;-2.818023;-1.576541;-3.556732;-3.713708;-2.669612;-7.697963;-3.018129;-2.797532,-3.288172395469526,-5.000469417863579,0.5,еквівалентність у межах ±0.5 НЕ показана (90% CI [-5.00; -3.29]): різниця просто не встановлена,False,exploratory,-3.1754071595524325,поза наперед оголошеною сім'єю; не коригується,False,False,-5.2018189926614875,-4.1044375292282,paired cluster bootstrap over scenes,psnr_full,10000,17,17,0,17,0,9.999000099990002e-05,nan,9.999000099990002e-05,"двобічний bootstrap-тест на парних різницях (10000 перевибірок, seed 20240909)",1.52587890625e-05,,,True,False,scene,uav:cal_canopy_mix;uav:cal_dune_flat;uav:cal_sea_edge;uav:cal_water_east;uav:dune_fast;uav:dune_forest_edge;uav:dune_ridge;uav:forest_canopy;uav:forest_fast;uav:sea_open;uav:shoreline;uav:sky_horizon;uav:spit_far;uav:val_coast_curve;uav:val_sand_texture;uav:val_treeline;uav:village,,
B0a,B1,moderate,1.340697;0.122561;0.408073;1.263409;0.798227;0.654561;0.342058;0.684340;0.677312;0.657885;0.527133;0.831566;0.966611;0.686201;0.219685;0.122750;0.311900,0.763002170413109,0.4885630614299544,0.5,еквівалентність у межах ±0.5 НЕ показана (90% CI [+0.49; +0.76]): різниця просто не встановлена,False,exploratory,0.7924127526967162,поза наперед оголошеною сім'єю; не коригується,False,False,0.46261346362417227,0.624409912197855,paired cluster bootstrap over scenes,psnr_full,10000,17,17,0,17,0,9.999000099990002e-05,nan,9.999000099990002e-05,"двобічний bootstrap-тест на парних різницях (10000 перевибірок, seed 20240909)",1.52587890625e-05,,,True,False,scene,uav:cal_canopy_mix;uav:cal_dune_flat;uav:cal_sea_edge;uav:cal_water_east;uav:dune_fast;uav:dune_forest_edge;uav:dune_ridge;uav:forest_canopy;uav:forest_fast;uav:sea_open;uav:shoreline;uav:sky_horizon;uav:spit_far;uav:val_coast_curve;uav:val_sand_texture;uav:val_treeline;uav:village,,
B0a,B2,moderate,1.411147;0.136435;0.530015;1.351094;0.861653;0.622559;0.328133;0.724523;0.741343;0.621948;0.518604;0.930707;1.082063;0.613721;0.218423;0.200741;0.364082,0.806250368878983,0.518691950719126,0.5,еквівалентність у межах ±0.5 НЕ показана (90% CI [+0.52; +0.81]): різниця просто не встановлена,False,exploratory,0.8393699010950949,поза наперед оголошеною сім'єю; не коригується,False,False,0.49189528744995525,0.6621876066950529,paired cluster bootstrap over scenes,psnr_full,10000,17,17,0,17,0,9.999000099990002e-05,nan,9.999000099990002e-05,"двобічний bootstrap-тест на парних різницях (10000 перевибірок, seed 20240909)",1.52587890625e-05,,,True,False,scene,uav:cal_canopy_mix;uav:cal_dune_flat;uav:cal_sea_edge;uav:cal_water_east;uav:dune_fast;uav:dune_forest_edge;uav:dune_ridge;uav:forest_canopy;uav:forest_fast;uav:sea_open;uav:shoreline;uav:sky_horizon;uav:spit_far;uav:val_coast_curve;uav:val_sand_texture;uav:val_treeline;uav:village,,
B0a,B3,moderate,-5.001920;-10.391942;-4.559827;-10.056312;-6.930107;-7.101973;-9.030346;-3.992937;-5.001134;-4.875993;-4.220424;-5.866735;-4.912174;-5.710546;-9.313997;-4.235915;-4.507862,-5.403044280527389,-7.0956267538140665,0.5,еквівалентність у межах ±0.5 НЕ показана (90% CI [-7.10; -5.40]): різниця просто не встановлена,False,exploratory,-5.268956195076915,поза наперед оголошеною сім'єю; не коригується,False,False,-7.271456992123096,-6.218243844549853,paired cluster bootstrap over scenes,psnr_full,10000,17,17,0,17,0,9.999000099990002e-05,nan,9.999000099990002e-05,"двобічний bootstrap-тест на парних різницях (10000 перевибірок, seed 20240909)",1.52587890625e-05,,,True,False,scene,uav:cal_canopy_mix;uav:cal_dune_flat;uav:cal_sea_edge;uav:cal_water_east;uav:dune_fast;uav:dune_forest_edge;uav:dune_ridge;uav:forest_canopy;uav:forest_fast;uav:sea_open;uav:shoreline;uav:sky_horizon;uav:spit_far;uav:val_coast_curve;uav:val_sand_texture;uav:val_treeline;uav:village,,
B0a,B4,moderate,-2.566640;-8.579400;-2.978776;-7.513289;-3.277437;-4.391580;-4.324981;-1.936544;-2.826339;-2.437261;-1.395889;-3.000474;-3.616385;-2.238015;-7.187527;-2.900692;-2.665435,-3.0015670858926886,-4.597625710125088,0.5,еквівалентність у межах ±0.5 НЕ показана (90% CI [-4.60; -3.00]): різниця просто не встановлена,False,exploratory,-2.895430095331444,поза наперед оголошеною сім'єю; не коригується,False,False,-4.804528118849628,-3.7550979617899607,paired cluster bootstrap over scenes,psnr_full,10000,17,17,0,17,0,9.999000099990002e-05,nan,9.999000099990002e-05,"двобічний bootstrap-тест на парних різницях (10000 перевибірок, seed 20240909)",1.52587890625e-05,,,True,False,scene,uav:cal_canopy_mix;uav:cal_dune_flat;uav:cal_sea_edge;uav:cal_water_east;uav:dune_fast;uav:dune_forest_edge;uav:dune_ridge;uav:forest_canopy;uav:forest_fast;uav:sea_open;uav:shoreline;uav:sky_horizon;uav:spit_far;uav:val_coast_curve;uav:val_sand_texture;uav:val_treeline;uav:village,,
B0a,B4t,moderate,-2.987423;-8.919829;-2.649811;-7.027605;-5.216417;-5.196345;-7.329658;-2.429821;-3.446779;-3.396008;-2.866024;-4.089255;-3.535969;-3.651831;-7.715653;-2.834842;-3.086771,-3.7338082708629234,-5.315837585912545,0.5,еквівалентність у межах ±0.5 НЕ показана (90% CI [-5.32; -3.73]): різниця просто не встановлена,False,exploratory,-3.6123184339733587,поза наперед оголошеною сім'єю; не коригується,False,False,-5.485508092456044,-4.49294348725829,paired cluster bootstrap over scenes,psnr_full,10000,17,17,0,17,0,9.999000099990002e-05,nan,9.999000099990002e-05,"двобічний bootstrap-тест на парних різницях (10000 перевибірок, seed 20240909)",1.52587890625e-05,,,True,False,scene,uav:cal_canopy_mix;uav:cal_dune_flat;uav:cal_sea_edge;uav:cal_water_east;uav:dune_fast;uav:dune_forest_edge;uav:dune_ridge;uav:forest_canopy;uav:forest_fast;uav:sea_open;uav:shoreline;uav:sky_horizon;uav:spit_far;uav:val_coast_curve;uav:val_sand_texture;uav:val_treeline;uav:village,,
B0a,P,moderate,-1.960967;-7.883107;-1.881054;-6.769515;-3.951961;-4.102677;-6.371686;-1.261797;-2.152134;-2.423394;-1.939324;-3.249546;-2.963112;-3.027637;-6.796157;-1.958390;-2.153885,-2.799166729415445,-4.4198763330842015,0.5,еквівалентність у межах ±0.5 НЕ показана (90% CI [-4.42; -2.80]): різниця просто не встановлена,False,exploratory,-2.684701753086828,поза наперед оголошеною сім'єю; не коригується,False,False,-4.585067487134253,-3.579196671740338,paired cluster bootstrap over scenes,psnr_full,10000,17,17,0,17,0,9.999000099990002e-05,nan,9.999000099990002e-05,"двобічний bootstrap-тест на парних різницях (10000 перевибірок, seed 20240909)",1.52587890625e-05,,,True,False,scene,uav:cal_canopy_mix;uav:cal_dune_flat;uav:cal_sea_edge;uav:cal_water_east;uav:dune_fast;uav:dune_forest_edge;uav:dune_ridge;uav:forest_canopy;uav:forest_fast;uav:sea_open;uav:shoreline;uav:sky_horizon;uav:spit_far;uav:val_coast_curve;uav:val_sand_texture;uav:val_treeline;uav:village,,
B0a-R,B0d,moderate,-0.749730;-6.485402;-0.656253;-4.745273;-1.498316;-2.377767;-3.204714;-0.311863;-0.930076;-0.460830;0.478855;-1.350505;-1.555150;-0.010663;-5.661259;-1.063919;-0.289287,-1.0672390405401018,-2.6400010254358555,0.5,еквівалентність у межах ±0.5 НЕ показана (90% CI [-2.64; -1.07]): різниця просто не встановлена,False,exploratory,-0.9497629137396499,поза наперед оголошеною сім'єю; не коригується,False,False,-2.8428200087359388,-1.8160090147003685,paired cluster bootstrap over scenes,psnr_full,10000,17,17,0,17,0,0.0005999400059994001,nan,0.0005999400059994001,"двобічний bootstrap-тест на парних різницях (10000 перевибірок, seed 20240909)",0.000152587890625,,,True,False,scene,uav:cal_canopy_mix;uav:cal_dune_flat;uav:cal_sea_edge;uav:cal_water_east;uav:dune_fast;uav:dune_forest_edge;uav:dune_ridge;uav:forest_canopy;uav:forest_fast;uav:sea_open;uav:shoreline;uav:sky_horizon;uav:spit_far;uav:val_coast_curve;uav:val_sand_texture;uav:val_treeline;uav:village,,
B0a-R,B1,moderate,3.278071;2.696100;2.686046;4.516181;3.199107;2.822341;2.980309;2.461201;2.619685;3.015077;2.582529;3.037793;3.125168;3.345150;2.256389;2.076961;2.820145,3.1366996317864277,2.714906377940378,0.5,еквівалентність у межах ±0.5 НЕ показана (90% CI [+2.71; +3.14]): різниця просто не встановлена,False,exploratory,3.1824303849716715,поза наперед оголошеною сім'єю; не коригується,False,False,2.6815180014139313,2.912838426725685,paired cluster bootstrap over scenes,psnr_full,10000,17,17,0,17,0,9.999000099990002e-05,nan,9.999000099990002e-05,"двобічний bootstrap-тест на парних різницях (10000 перевибірок, seed 20240909)",1.52587890625e-05,,,True,False,scene,uav:cal_canopy_mix;uav:cal_dune_flat;uav:cal_sea_edge;uav:cal_water_east;uav:dune_fast;uav:dune_forest_edge;uav:dune_ridge;uav:forest_canopy;uav:forest_fast;uav:sea_open;uav:shoreline;uav:sky_horizon;uav:spit_far;uav:val_coast_curve;uav:val_sand_texture;uav:val_treeline;uav:village,,
B0a-R,B2,moderate,3.348521;2.709974;2.807988;4.603866;3.262534;2.790339;2.966384;2.501384;2.683716;2.979140;2.574000;3.136934;3.240620;3.272670;2.255127;2.154951;2.872327,3.1774883743469124,2.7509599853949496,0.5,еквівалентність у межах ±0.5 НЕ показана (90% CI [+2.75; +3.18]): різниця просто не встановлена,False,exploratory,3.224390931318016,поза наперед оголошеною сім'єю; не коригується,False,False,2.715988318570431,2.950616121222883,paired cluster bootstrap over scenes,psnr_full,10000,17,17,0,17,0,9.999000099990002e-05,nan,9.999000099990002e-05,"двобічний bootstrap-тест на парних різницях (10000 перевибірок, seed 20240909)",1.52587890625e-05,,,True,False,scene,uav:cal_canopy_mix;uav:cal_dune_flat;uav:cal_sea_edge;uav:cal_water_east;uav:dune_fast;uav:dune_forest_edge;uav:dune_ridge;uav:forest_canopy;uav:forest_fast;uav:sea_open;uav:shoreline;uav:sky_horizon;uav:spit_far;uav:val_coast_curve;uav:val_sand_texture;uav:val_treeline;uav:village,,
B0a-R,B3,moderate,-3.064545;-7.818403;-2.281854;-6.803539;-4.529227;-4.934193;-6.392095;-2.216075;-3.058761;-2.518801;-2.165028;-3.660508;-2.753617;-3.051597;-7.277293;-2.281705;-1.999617,-3.184393971537123,-4.72690059590755,0.5,еквівалентність у межах ±0.5 НЕ показана (90% CI [-4.73; -3.18]): різниця просто не встановлена,False,exploratory,-3.0732813376297803,поза наперед оголошеною сім'єю; не коригується,False,False,-4.89201751330806,-3.9298153300220235,paired cluster bootstrap over scenes,psnr_full,10000,17,17,0,17,0,9.999000099990002e-05,nan,9.999000099990002e-05,"двобічний bootstrap-тест на парних різницях (10000 перевибірок, seed 20240909)",1.52587890625e-05,,,True,False,scene,uav:cal_canopy_mix;uav:cal_dune_flat;uav:cal_sea_edge;uav:cal_water_east;uav:dune_fast;uav:dune_forest_edge;uav:dune_ridge;uav:forest_canopy;uav:forest_fast;uav:sea_open;uav:shoreline;uav:sky_horizon;uav:spit_far;uav:val_coast_curve;uav:val_sand_texture;uav:val_treeline;uav:village,,
B0a-R,B4,moderate,-0.629265;-6.005861;-0.700803;-4.260517;-0.876557;-2.223800;-1.686730;-0.159682;-0.883967;-0.080069;0.659507;-0.794247;-1.457828;0.420934;-5.150823;-0.946482;-0.157191,-0.7715762444509806,-2.248823882187112,0.5,еквівалентність у межах ±0.5 НЕ показана (90% CI [-2.25; -0.77]): різниця просто не встановлена,False,exploratory,-0.6666806871740178,поза наперед оголошеною сім'єю; не коригується,False,False,-2.428150606607272,-1.4666694472621309,paired cluster bootstrap over scenes,psnr_full,10000,17,17,0,17,0,0.0022997700229977,nan,0.0022997700229977,"двобічний bootstrap-тест на парних різницях (10000 перевибірок, seed 20240909)",0.0006561279296875,,,True,False,scene,uav:cal_canopy_mix;uav:cal_dune_flat;uav:cal_sea_edge;uav:cal_water_east;uav:dune_fast;uav:dune_forest_edge;uav:dune_ridge;uav:forest_canopy;uav:forest_fast;uav:sea_open;uav:shoreline;uav:sky_horizon;uav:spit_far;uav:val_coast_curve;uav:val_sand_texture;uav:val_treeline;uav:village,,
B0a-R,B4t,moderate,-1.050049;-6.346289;-0.371838;-3.774833;-2.815536;-3.028565;-4.691407;-0.652959;-1.504406;-1.038816;-0.810628;-1.883028;-1.377412;-0.992881;-5.678949;-0.880632;-0.578526,-1.5066968054932648,-2.9625426542026188,0.5,еквівалентність у межах ±0.5 НЕ показана (90% CI [-2.96; -1.51]): різниця просто не встановлена,False,exploratory,-1.4031492357153166,поза наперед оголошеною сім'єю; не коригується,False,False,-3.1307368845857653,-2.20451497273046,paired cluster bootstrap over scenes,psnr_full,10000,17,17,0,17,0,9.999000099990002e-05,nan,9.999000099990002e-05,"двобічний bootstrap-тест на парних різницях (10000 перевибірок, seed 20240909)",1.52587890625e-05,,,True,False,scene,uav:cal_canopy_mix;uav:cal_dune_flat;uav:cal_sea_edge;uav:cal_water_east;uav:dune_fast;uav:dune_forest_edge;uav:dune_ridge;uav:forest_canopy;uav:forest_fast;uav:sea_open;uav:shoreline;uav:sky_horizon;uav:spit_far;uav:val_coast_curve;uav:val_sand_texture;uav:val_treeline;uav:village,,
B0a-R,P,moderate,-0.023593;-5.309567;0.396918;-3.516743;-1.551081;-1.934897;-3.733435;0.515065;-0.209761;-0.066202;0.116072;-1.043319;-0.804555;-0.368688;-4.759453;-0.004179;0.354360,-0.5850081029562975,-2.053994276261087,0.5,еквівалентність у межах ±0.5 НЕ показана (90% CI [-2.05; -0.59]): різниця просто не встановлена,False,exploratory,-0.48147542917270497,поза наперед оголошеною сім'єю; не коригується,False,False,-2.218661032576604,-1.2907681572125087,paired cluster bootstrap over scenes,psnr_full,10000,17,17,0,17,0,0.004899510048995101,nan,0.004899510048995101,"двобічний bootstrap-тест на парних різницях (10000 перевибірок, seed 20240909)",0.017425537109375,,,True,False,scene,uav:cal_canopy_mix;uav:cal_dune_flat;uav:cal_sea_edge;uav:cal_water_east;uav:dune_fast;uav:dune_forest_edge;uav:dune_ridge;uav:forest_canopy;uav:forest_fast;uav:sea_open;uav:shoreline;uav:sky_horizon;uav:spit_far;uav:val_coast_curve;uav:val_sand_texture;uav:val_treeline;uav:village,,
B0d,B1,moderate,4.027801;9.181502;3.342298;9.261455;4.697423;5.200108;6.185024;2.773065;3.549761;3.475908;2.103674;4.388298;4.680318;3.355813;7.917648;3.140880;3.109432,5.608682708509105,3.922899144443966,0.5,еквівалентність у межах ±0.5 НЕ показана (90% CI [+3.92; +5.61]): різниця просто не встановлена,False,exploratory,5.794781824076276,поза наперед оголошеною сім'єю; не коригується,False,False,3.806956581210422,4.728847441426053,paired cluster bootstrap over scenes,psnr_full,10000,17,17,0,17,0,9.999000099990002e-05,nan,9.999000099990002e-05,"двобічний bootstrap-тест на парних різницях (10000 перевибірок, seed 20240909)",1.52587890625e-05,,,True,False,scene,uav:cal_canopy_mix;uav:cal_dune_flat;uav:cal_sea_edge;uav:cal_water_east;uav:dune_fast;uav:dune_forest_edge;uav:dune_ridge;uav:forest_canopy;uav:forest_fast;uav:sea_open;uav:shoreline;uav:sky_horizon;uav:spit_far;uav:val_coast_curve;uav:val_sand_texture;uav:val_treeline;uav:village,,
B0d,B2,moderate,4.098251;9.195376;3.464241;9.349140;4.760849;5.168106;6.171098;2.813248;3.613792;3.439970;2.095144;4.487439;4.795770;3.283334;7.916386;3.218870;3.161614,5.644354067991607,3.9650912899311392,0.5,еквівалентність у межах ±0.5 НЕ показана (90% CI [+3.97; +5.64]): різниця просто не встановлена,False,exploratory,5.834143704826804,поза наперед оголошеною сім'єю; не коригується,False,False,3.845420280509246,4.766625135923252,paired cluster bootstrap over scenes,psnr_full,10000,17,17,0,17,0,9.999000099990002e-05,nan,9.999000099990002e-05,"двобічний bootstrap-тест на парних різницях (10000 перевибірок, seed 20240909)",1.52587890625e-05,,,True,False,scene,uav:cal_canopy_mix;uav:cal_dune_flat;uav:cal_sea_edge;uav:cal_water_east;uav:dune_fast;uav:dune_forest_edge;uav:dune_ridge;uav:forest_canopy;uav:forest_fast;uav:sea_open;uav:shoreline;uav:sky_horizon;uav:spit_far;uav:val_coast_curve;uav:val_sand_texture;uav:val_treeline;uav:village,,
B0d,B3,moderate,-2.314816;-1.333001;-1.625601;-2.058266;-3.030911;-2.556426;-3.187381;-1.904211;-2.128685;-2.057970;-2.643883;-2.310004;-1.198467;-3.040934;-1.616034;-1.217786;-1.710331,-1.8707110696147553,-2.352994965966157,0.5,еквівалентність у межах ±0.5 НЕ показана (90% CI [-2.35; -1.87]): різниця просто не встановлена,False,exploratory,-1.8284979156548409,поза наперед оголошеною сім'єю; не коригується,False,False,-2.401924699446169,-2.1138063153216553,paired cluster bootstrap over scenes,psnr_full,10000,17,17,0,17,0,9.999000099990002e-05,nan,9.999000099990002e-05,"двобічний bootstrap-тест на парних різницях (10000 перевибірок, seed 20240909)",1.52587890625e-05,,,True,False,scene,uav:cal_canopy_mix;uav:cal_dune_flat;uav:cal_sea_edge;uav:cal_water_east;uav:dune_fast;uav:dune_forest_edge;uav:dune_ridge;uav:forest_canopy;uav:forest_fast;uav:sea_open;uav:shoreline;uav:sky_horizon;uav:spit_far;uav:val_coast_curve;uav:val_sand_texture;uav:val_treeline;uav:village,,
B0d,B4,moderate,0.120464;0.479541;-0.044550;0.484756;0.621759;0.153967;1.517984;0.152181;0.046110;0.380761;0.180652;0.556258;0.097323;0.431597;0.510436;0.117437;0.132096,0.5030955831707973,0.22258515327568063,0.5,еквівалентність у межах ±0.5 НЕ показана (90% CI [+0.22; +0.50]): різниця просто не встановлена,False,exploratory,0.539227226942036,поза наперед оголошеною сім'єю; не коригується,False,False,0.20325631650870915,0.3493395674382377,paired cluster bootstrap over scenes,psnr_full,10000,17,17,0,17,0,0.00019998000199980003,nan,0.00019998000199980003,"двобічний bootstrap-тест на парних різницях (10000 перевибірок, seed 20240909)",3.0517578125e-05,,,True,False,scene,uav:cal_canopy_mix;uav:cal_dune_flat;uav:cal_sea_edge;uav:cal_water_east;uav:dune_fast;uav:dune_forest_edge;uav:dune_ridge;uav:forest_canopy;uav:forest_fast;uav:sea_open;uav:shoreline;uav:sky_horizon;uav:spit_far;uav:val_coast_curve;uav:val_sand_texture;uav:val_treeline;uav:village,,
B0d,B4t,moderate,-0.300319;0.139113;0.284415;0.970440;-1.317221;-0.650798;-1.486692;-0.341096;-0.574330;-0.577986;-1.289483;-0.532523;0.177739;-0.982218;-0.017690;0.183287;-0.289239,-0.13597185224781833,-0.6355135445569765,0.5,еквівалентність у межах ±0.5 НЕ показана (90% CI [-0.64; -0.14]): різниця просто не встановлена,False,exploratory,-0.09047751124232169,поза наперед оголошеною сім'єю; не коригується,False,False,-0.6900093359306111,-0.38850595803009136,paired cluster bootstrap over scenes,psnr_full,10000,17,17,0,17,0,0.0108989101089891,nan,0.0108989101089891,"двобічний bootstrap-тест на парних різницях (10000 перевибірок, seed 20240909)",0.017425537109375,,,True,False,scene,uav:cal_canopy_mix;uav:cal_dune_flat;uav:cal_sea_edge;uav:cal_water_east;uav:dune_fast;uav:dune_forest_edge;uav:dune_ridge;uav:forest_canopy;uav:forest_fast;uav:sea_open;uav:shoreline;uav:sky_horizon;uav:spit_far;uav:val_coast_curve;uav:val_sand_texture;uav:val_treeline;uav:village,,
B0d,P,moderate,0.726137;1.175835;1.053171;1.228531;-0.052765;0.442870;-0.528721;0.826929;0.720315;0.394628;-0.362784;0.307186;0.750596;-0.358025;0.901806;1.059740;0.643647,0.7351289616656072,0.3085199082972716,0.5,еквівалентність у межах ±0.5 НЕ показана (90% CI [+0.31; +0.74]): різниця просто не встановлена,False,pre-declared,0.7713382467088482,,True,False,0.2667567607638003,0.5252408574878599,paired cluster bootstrap over scenes,psnr_full,10000,17,17,0,17,0,9.999000099990002e-05,0.0004999500049995,9.999000099990002e-05,"двобічний bootstrap-тест на парних різницях (10000 перевибірок, seed 20240909)",0.0020904541015625,,,True,True,scene,uav:cal_canopy_mix;uav:cal_dune_flat;uav:cal_sea_edge;uav:cal_water_east;uav:dune_fast;uav:dune_forest_edge;uav:dune_ridge;uav:forest_canopy;uav:forest_fast;uav:sea_open;uav:shoreline;uav:sky_horizon;uav:spit_far;uav:val_coast_curve;uav:val_sand_texture;uav:val_treeline;uav:village,,
B1,B2,moderate,0.070450;0.013874;0.121942;0.087685;0.063426;-0.032002;-0.013926;0.040183;0.064031;-0.035937;-0.008529;0.099141;0.115452;-0.072479;-0.001262;0.077990;0.052182,0.05957488060810867,0.015562725448768803,0.5,еквівалентність у межах ±0.5 показана (90% CI [+0.02; +0.06]),True,exploratory,0.06330326156075929,поза наперед оголошеною сім'єю; не коригується,False,False,0.011112208085200307,0.03777769449719791,paired cluster bootstrap over scenes,psnr_full,10000,17,17,0,17,0,0.0037996200379962005,nan,0.0037996200379962005,"двобічний bootstrap-тест на парних різницях (10000 перевибірок, seed 20240909)",0.02667236328125,,,True,False,scene,uav:cal_canopy_mix;uav:cal_dune_flat;uav:cal_sea_edge;uav:cal_water_east;uav:dune_fast;uav:dune_forest_edge;uav:dune_ridge;uav:forest_canopy;uav:forest_fast;uav:sea_open;uav:shoreline;uav:sky_horizon;uav:spit_far;uav:val_coast_curve;uav:val_sand_texture;uav:val_treeline;uav:village,,
B1,B3,moderate,-6.342616;-10.514503;-4.967900;-11.319721;-7.728335;-7.756534;-9.372405;-4.677276;-5.678446;-5.533878;-4.747557;-6.698301;-5.878785;-6.396747;-9.533682;-4.358665;-4.819762,-6.024735680626382,-7.722025486004371,0.5,еквівалентність у межах ±0.5 НЕ показана (90% CI [-7.72; -6.02]): різниця просто не встановлена,False,exploratory,-5.896475563159573,поза наперед оголошеною сім'єю; не коригується,False,False,-7.885412253871828,-6.842653756747708,paired cluster bootstrap over scenes,psnr_full,10000,17,17,0,17,0,9.999000099990002e-05,nan,9.999000099990002e-05,"двобічний bootstrap-тест на парних різницях (10000 перевибірок, seed 20240909)",1.52587890625e-05,,,True,False,scene,uav:cal_canopy_mix;uav:cal_dune_flat;uav:cal_sea_edge;uav:cal_water_east;uav:dune_fast;uav:dune_forest_edge;uav:dune_ridge;uav:forest_canopy;uav:forest_fast;uav:sea_open;uav:shoreline;uav:sky_horizon;uav:spit_far;uav:val_coast_curve;uav:val_sand_texture;uav:val_treeline;uav:village,,
B1,B4,moderate,-3.907336;-8.701961;-3.386848;-8.776699;-4.075664;-5.046141;-4.667040;-2.620884;-3.503652;-3.095147;-1.923022;-3.832039;-4.582995;-2.924216;-7.407212;-3.023442;-2.977336,-3.632409660105459,-5.216594477674165,0.5,еквівалентність у межах ±0.5 НЕ показана (90% CI [-5.22; -3.63]): різниця просто не встановлена,False,exploratory,-3.5253672278376103,поза наперед оголошеною сім'єю; не коригується,False,False,-5.397717315484895,-4.379507873987817,paired cluster bootstrap over scenes,psnr_full,10000,17,17,0,17,0,9.999000099990002e-05,nan,9.999000099990002e-05,"двобічний bootstrap-тест на парних різницях (10000 перевибірок, seed 20240909)",1.52587890625e-05,,,True,False,scene,uav:cal_canopy_mix;uav:cal_dune_flat;uav:cal_sea_edge;uav:cal_water_east;uav:dune_fast;uav:dune_forest_edge;uav:dune_ridge;uav:forest_canopy;uav:forest_fast;uav:sea_open;uav:shoreline;uav:sky_horizon;uav:spit_far;uav:val_coast_curve;uav:val_sand_texture;uav:val_treeline;uav:village,,
B1,B4t,moderate,-4.328120;-9.042390;-3.057884;-8.291014;-6.014644;-5.850906;-7.671716;-3.114160;-4.124091;-4.053894;-3.393157;-4.920821;-4.502579;-4.338031;-7.935337;-2.957593;-3.398671,-4.367646629050041,-5.909917510337994,0.5,еквівалентність у межах ±0.5 НЕ показана (90% CI [-5.91; -4.37]): різниця просто не встановлена,False,exploratory,-4.245065477149076,поза наперед оголошеною сім'єю; не коригується,False,False,-6.071450720832903,-5.117353399456145,paired cluster bootstrap over scenes,psnr_full,10000,17,17,0,17,0,9.999000099990002e-05,nan,9.999000099990002e-05,"двобічний bootstrap-тест на парних різницях (10000 перевибірок, seed 20240909)",1.52587890625e-05,,,True,False,scene,uav:cal_canopy_mix;uav:cal_dune_flat;uav:cal_sea_edge;uav:cal_water_east;uav:dune_fast;uav:dune_forest_edge;uav:dune_ridge;uav:forest_canopy;uav:forest_fast;uav:sea_open;uav:shoreline;uav:sky_horizon;uav:spit_far;uav:val_coast_curve;uav:val_sand_texture;uav:val_treeline;uav:village,,
B1,P,moderate,-3.301664;-8.005668;-2.289127;-8.032924;-4.750188;-4.757238;-6.713745;-1.946136;-2.829446;-3.081280;-2.466457;-4.081111;-3.929722;-3.713838;-7.015842;-2.081140;-2.465785,-3.436718952889553,-5.023875909737947,0.5,еквівалентність у межах ±0.5 НЕ показана (90% CI [-5.02; -3.44]): різниця просто не встановлена,False,exploratory,-3.3132516287750113,поза наперед оголошеною сім'єю; не коригується,False,False,-5.178591841044101,-4.203606583938194,paired cluster bootstrap over scenes,psnr_full,10000,17,17,0,17,0,9.999000099990002e-05,nan,9.999000099990002e-05,"двобічний bootstrap-тест на парних різницях (10000 перевибірок, seed 20240909)",1.52587890625e-05,,,True,False,scene,uav:cal_canopy_mix;uav:cal_dune_flat;uav:cal_sea_edge;uav:cal_water_east;uav:dune_fast;uav:dune_forest_edge;uav:dune_ridge;uav:forest_canopy;uav:forest_fast;uav:sea_open;uav:shoreline;uav:sky_horizon;uav:spit_far;uav:val_coast_curve;uav:val_sand_texture;uav:val_treeline;uav:village,,
B2,B3,moderate,-6.413066;-10.528377;-5.089842;-11.407406;-7.791761;-7.724532;-9.358479;-4.717459;-5.742477;-5.497941;-4.739028;-6.797442;-5.994237;-6.324268;-9.532420;-4.436656;-4.871945,-6.068102900869704,-7.759015951478129,0.5,еквівалентність у межах ±0.5 НЕ показана (90% CI [-7.76; -6.07]): різниця просто не встановлена,False,exploratory,-5.934263472481542,поза наперед оголошеною сім'єю; не коригується,False,False,-7.916581879584835,-6.880431451244907,paired cluster bootstrap over scenes,psnr_full,10000,17,17,0,17,0,9.999000099990002e-05,nan,9.999000099990002e-05,"двобічний bootstrap-тест на парних різницях (10000 перевибірок, seed 20240909)",1.52587890625e-05,,,True,False,scene,uav:cal_canopy_mix;uav:cal_dune_flat;uav:cal_sea_edge;uav:cal_water_east;uav:dune_fast;uav:dune_forest_edge;uav:dune_ridge;uav:forest_canopy;uav:forest_fast;uav:sea_open;uav:shoreline;uav:sky_horizon;uav:spit_far;uav:val_coast_curve;uav:val_sand_texture;uav:val_treeline;uav:village,,
B2,B4,moderate,-3.977786;-8.715835;-3.508790;-8.864383;-4.139090;-5.014139;-4.653114;-2.661067;-3.567683;-3.059209;-1.914493;-3.931180;-4.698448;-2.851737;-7.405950;-3.101433;-3.029518,-3.671497673583952,-5.2533927767716895,0.5,еквівалентність у межах ±0.5 НЕ показана (90% CI [-5.25; -3.67]): різниця просто не встановлена,False,exploratory,-3.5550796877842896,поза наперед оголошеною сім'єю; не коригується,False,False,-5.434394447661794,-4.417285568485014,paired cluster bootstrap over scenes,psnr_full,10000,17,17,0,17,0,9.999000099990002e-05,nan,9.999000099990002e-05,"двобічний bootstrap-тест на парних різницях (10000 перевибірок, seed 20240909)",1.52587890625e-05,,,True,False,scene,uav:cal_canopy_mix;uav:cal_dune_flat;uav:cal_sea_edge;uav:cal_water_east;uav:dune_fast;uav:dune_forest_edge;uav:dune_ridge;uav:forest_canopy;uav:forest_fast;uav:sea_open;uav:shoreline;uav:sky_horizon;uav:spit_far;uav:val_coast_curve;uav:val_sand_texture;uav:val_treeline;uav:village,,
B2,B4t,moderate,-4.398569;-9.056263;-3.179826;-8.378699;-6.078070;-5.818904;-7.657791;-3.154343;-4.188122;-4.017956;-3.384627;-5.019962;-4.618032;-4.265552;-7.934076;-3.035583;-3.450853,-4.4092648860501065,-5.946145834527067,0.5,еквівалентність у межах ±0.5 НЕ показана (90% CI [-5.95; -4.41]): різниця просто не встановлена,False,exploratory,-4.289934216707159,поза наперед оголошеною сім'єю; не коригується,False,False,-6.107918170242682,-5.155131093953343,paired cluster bootstrap over scenes,psnr_full,10000,17,17,0,17,0,9.999000099990002e-05,nan,9.999000099990002e-05,"двобічний bootstrap-тест на парних різницях (10000 перевибірок, seed 20240909)",1.52587890625e-05,,,True,False,scene,uav:cal_canopy_mix;uav:cal_dune_flat;uav:cal_sea_edge;uav:cal_water_east;uav:dune_fast;uav:dune_forest_edge;uav:dune_ridge;uav:forest_canopy;uav:forest_fast;uav:sea_open;uav:shoreline;uav:sky_horizon;uav:spit_far;uav:val_coast_curve;uav:val_sand_texture;uav:val_treeline;uav:village,,
B2,P,moderate,-3.372114;-8.019541;-2.411069;-8.120609;-4.813614;-4.725236;-6.699819;-1.986319;-2.893477;-3.045342;-2.457928;-4.180252;-4.045175;-3.641359;-7.014580;-2.159130;-2.517967,-3.4753772922344077,-5.059534417939646,0.5,еквівалентність у межах ±0.5 НЕ показана (90% CI [-5.06; -3.48]): різниця просто не встановлена,False,exploratory,-3.355049208870725,поза наперед оголошеною сім'єю; не коригується,False,False,-5.213612678649379,-4.241384278435392,paired cluster bootstrap over scenes,psnr_full,10000,17,17,0,17,0,9.999000099990002e-05,nan,9.999000099990002e-05,"двобічний bootstrap-тест на парних різницях (10000 перевибірок, seed 20240909)",1.52587890625e-05,,,True,False,scene,uav:cal_canopy_mix;uav:cal_dune_flat;uav:cal_sea_edge;uav:cal_water_east;uav:dune_fast;uav:dune_forest_edge;uav:dune_ridge;uav:forest_canopy;uav:forest_fast;uav:sea_open;uav:shoreline;uav:sky_horizon;uav:spit_far;uav:val_coast_curve;uav:val_sand_texture;uav:val_treeline;uav:village,,
B3,B4,moderate,2.435280;1.812542;1.581051;2.543022;3.652670;2.710393;4.705365;2.056392;2.174795;2.438732;2.824535;2.866262;1.295790;3.472531;2.126470;1.335223;1.842427,2.8086233032647048,2.137336578818959,0.5,еквівалентність у межах ±0.5 НЕ показана (90% CI [+2.14; +2.81]): різниця просто не встановлена,False,exploratory,2.884524286736843,поза наперед оголошеною сім'єю; не коригується,False,False,2.08086732380141,2.4631458827598927,paired cluster bootstrap over scenes,psnr_full,10000,17,17,0,17,0,9.999000099990002e-05,nan,9.999000099990002e-05,"двобічний bootstrap-тест на парних різницях (10000 перевибірок, seed 20240909)",1.52587890625e-05,,,True,False,scene,uav:cal_canopy_mix;uav:cal_dune_flat;uav:cal_sea_edge;uav:cal_water_east;uav:dune_fast;uav:dune_forest_edge;uav:dune_ridge;uav:forest_canopy;uav:forest_fast;uav:sea_open;uav:shoreline;uav:sky_horizon;uav:spit_far;uav:val_coast_curve;uav:val_sand_texture;uav:val_treeline;uav:village,,
B3,B4t,moderate,2.014497;1.472114;1.910016;3.028707;1.713691;1.905628;1.700688;1.563116;1.554355;1.479985;1.354400;1.777480;1.376206;2.058716;1.598344;1.401073;1.421091,1.8935699319541603,1.5853985087700706,0.5,еквівалентність у межах ±0.5 НЕ показана (90% CI [+1.59; +1.89]): різниця просто не встановлена,False,exploratory,1.9313633081921533,поза наперед оголошеною сім'єю; не коригується,False,False,1.5622613377214025,1.7253003572915637,paired cluster bootstrap over scenes,psnr_full,10000,17,17,0,17,0,9.999000099990002e-05,nan,9.999000099990002e-05,"двобічний bootstrap-тест на парних різницях (10000 перевибірок, seed 20240909)",1.52587890625e-05,,,True,False,scene,uav:cal_canopy_mix;uav:cal_dune_flat;uav:cal_sea_edge;uav:cal_water_east;uav:dune_fast;uav:dune_forest_edge;uav:dune_ridge;uav:forest_canopy;uav:forest_fast;uav:sea_open;uav:shoreline;uav:sky_horizon;uav:spit_far;uav:val_coast_curve;uav:val_sand_texture;uav:val_treeline;uav:village,,
B3,P,moderate,3.040952;2.508836;2.678772;3.286797;2.978147;2.999296;2.658660;2.731140;2.849000;2.452598;2.281100;2.617190;1.949063;2.682909;2.517840;2.277525;2.353977,2.7664702772241094,2.5107812612441065,0.5,еквівалентність у межах ±0.5 НЕ показана (90% CI [+2.51; +2.77]): різниця просто не встановлена,False,pre-declared,2.7920910151945315,,True,False,2.4847018647505696,2.639047172809515,paired cluster bootstrap over scenes,psnr_full,10000,17,17,0,17,0,9.999000099990002e-05,0.0004999500049995,9.999000099990002e-05,"двобічний bootstrap-тест на парних різницях (10000 перевибірок, seed 20240909)",1.52587890625e-05,,,True,True,scene,uav:cal_canopy_mix;uav:cal_dune_flat;uav:cal_sea_edge;uav:cal_water_east;uav:dune_fast;uav:dune_forest_edge;uav:dune_ridge;uav:forest_canopy;uav:forest_fast;uav:sea_open;uav:shoreline;uav:sky_horizon;uav:spit_far;uav:val_coast_curve;uav:val_sand_texture;uav:val_treeline;uav:village,,
B4,B4t,moderate,-0.420783;-0.340428;0.328965;0.485684;-1.938979;-0.804765;-3.004677;-0.493277;-0.620439;-0.958747;-1.470135;-1.088781;0.080416;-1.413815;-0.528126;0.065850;-0.421336,-0.41654693904234885,-1.0856088232001038,0.5,еквівалентність у межах ±0.5 НЕ показана (90% CI [-1.09; -0.42]): різниця просто не встановлена,False,pre-declared,-0.3590638399958387,,True,False,-1.159540652825456,-0.737845525468329,paired cluster bootstrap over scenes,psnr_full,10000,17,17,0,17,0,0.0006999300069993001,0.0013998600139986002,0.0006999300069993001,"двобічний bootstrap-тест на парних різницях (10000 перевибірок, seed 20240909)",0.0013427734375,,,True,True,scene,uav:cal_canopy_mix;uav:cal_dune_flat;uav:cal_sea_edge;uav:cal_water_east;uav:dune_fast;uav:dune_forest_edge;uav:dune_ridge;uav:forest_canopy;uav:forest_fast;uav:sea_open;uav:shoreline;uav:sky_horizon;uav:spit_far;uav:val_coast_curve;uav:val_sand_texture;uav:val_treeline;uav:village,,
B4,P,moderate,0.605672;0.696294;1.097721;0.743775;-0.674524;0.288903;-2.046705;0.674748;0.674205;0.013867;-0.543435;-0.249072;0.653273;-0.789622;0.391370;0.942302;0.511551,0.4693683920170197,-0.15067436523730335,0.5,еквівалентність у межах ±0.5 показана (90% CI [-0.15; +0.47]),True,pre-declared,0.5164801974773143,,True,True,-0.21986282680550479,0.17590129004962224,paired cluster bootstrap over scenes,psnr_full,10000,17,17,0,17,0,0.35396460353964604,0.35396460353964604,0.35396460353964604,"двобічний bootstrap-тест на парних різницях (10000 перевибірок, seed 20240909)",0.2068939208984375,,,False,False,scene,uav:cal_canopy_mix;uav:cal_dune_flat;uav:cal_sea_edge;uav:cal_water_east;uav:dune_fast;uav:dune_forest_edge;uav:dune_ridge;uav:forest_canopy;uav:forest_fast;uav:sea_open;uav:shoreline;uav:sky_horizon;uav:spit_far;uav:val_coast_curve;uav:val_sand_texture;uav:val_treeline;uav:village,,
B4t,P,moderate,1.026455;1.036722;0.768756;0.258090;1.264456;1.093668;0.957971;1.168024;1.294645;0.972614;0.926699;0.839709;0.572857;0.624193;0.919496;0.876453;0.932886,1.0088151506387928,0.8111361205745534,0.5,еквівалентність у межах ±0.5 НЕ показана (90% CI [+0.81; +1.01]): різниця просто не встановлена,False,pre-declared,1.0247437647624031,,True,False,0.7892193827435491,0.9137468155179512,paired cluster bootstrap over scenes,psnr_full,10000,17,17,0,17,0,9.999000099990002e-05,0.0004999500049995,9.999000099990002e-05,"двобічний bootstrap-тест на парних різницях (10000 перевибірок, seed 20240909)",1.52587890625e-05,,,True,True,scene,uav:cal_canopy_mix;uav:cal_dune_flat;uav:cal_sea_edge;uav:cal_water_east;uav:dune_fast;uav:dune_forest_edge;uav:dune_ridge;uav:forest_canopy;uav:forest_fast;uav:sea_open;uav:shoreline;uav:sky_horizon;uav:spit_far;uav:val_coast_curve;uav:val_sand_texture;uav:val_treeline;uav:village,,
