channel,channel_axis,channel_value,clip,clip_hash,config_id,detail,job_id,method,n_frames,n_frames_done,profile_id,repetition,scene,status,trace_id,wall_s
clean,,nan,nat_074983792,687c1bd33174f99d40446435a85256d5a4f410297bf9506964222eb061c3dec7,ce437da4856845a9,,e861e12fd1da691e,B0a,16,16,7fe30b1136,0,natural:74983792,ok,clean|nat_074983792|clean|rep0|seed20240909,0.6588
clean,,nan,nat_074983792,687c1bd33174f99d40446435a85256d5a4f410297bf9506964222eb061c3dec7,ce437da4856845a9,,b44d2f986830b749,B0a,16,16,7fe30b1136,1,natural:74983792,ok,clean|nat_074983792|clean|rep1|seed20240909,0.695
clean,,nan,nat_074983792,687c1bd33174f99d40446435a85256d5a4f410297bf9506964222eb061c3dec7,ce437da4856845a9,,fcdc13c47f532393,B0a,16,16,7fe30b1136,2,natural:74983792,ok,clean|nat_074983792|clean|rep2|seed20240909,0.7041
clean,,nan,nat_074983792,687c1bd33174f99d40446435a85256d5a4f410297bf9506964222eb061c3dec7,ce437da4856845a9,,751757997fad972d,B0a,16,16,7fe30b1136,3,natural:74983792,ok,clean|nat_074983792|clean|rep3|seed20240909,0.669
clean,,nan,nat_074983792,687c1bd33174f99d40446435a85256d5a4f410297bf9506964222eb061c3dec7,ce437da4856845a9,,440fc4dd07629315,B0a,16,16,7fe30b1136,4,natural:74983792,ok,clean|nat_074983792|clean|rep4|seed20240909,0.67
mild,,nan,nat_074983792,687c1bd33174f99d40446435a85256d5a4f410297bf9506964222eb061c3dec7,ce437da4856845a9,,73d4f9ad3f3eea4d,B0a,16,16,7fe30b1136,0,natural:74983792,ok,mild|nat_074983792|mild|rep0|seed20240909,0.7902
mild,,nan,nat_074983792,687c1bd33174f99d40446435a85256d5a4f410297bf9506964222eb061c3dec7,ce437da4856845a9,,c6fad826c86174f9,B0a,16,16,7fe30b1136,4,natural:74983792,ok,mild|nat_074983792|mild|rep4|seed20240909,0.5693
moderate,,nan,nat_074983792,687c1bd33174f99d40446435a85256d5a4f410297bf9506964222eb061c3dec7,ce437da4856845a9,,3b2707215e69e786,B0a,16,16,7fe30b1136,1,natural:74983792,ok,moderate|nat_074983792|moderate|rep1|seed20240909,0.636
moderate,,nan,nat_074983792,687c1bd33174f99d40446435a85256d5a4f410297bf9506964222eb061c3dec7,ce437da4856845a9,,b9c15b2cb28aff5b,B0a,16,16,7fe30b1136,2,natural:74983792,ok,moderate|nat_074983792|moderate|rep2|seed20240909,0.587
mild,,nan,nat_074983792,687c1bd33174f99d40446435a85256d5a4f410297bf9506964222eb061c3dec7,ce437da4856845a9,,3cc4a2eb90341990,B0a,16,16,7fe30b1136,2,natural:74983792,ok,mild|nat_074983792|mild|rep2|seed20240909,0.824
mild,,nan,nat_074983792,687c1bd33174f99d40446435a85256d5a4f410297bf9506964222eb061c3dec7,ce437da4856845a9,,8b840eaf845f5cba,B0a,16,16,7fe30b1136,1,natural:74983792,ok,mild|nat_074983792|mild|rep1|seed20240909,0.8687
moderate,,nan,nat_074983792,687c1bd33174f99d40446435a85256d5a4f410297bf9506964222eb061c3dec7,ce437da4856845a9,,b2288ce98546fe5a,B0a,16,16,7fe30b1136,3,natural:74983792,ok,moderate|nat_074983792|moderate|rep3|seed20240909,0.5593
mild,,nan,nat_074983792,687c1bd33174f99d40446435a85256d5a4f410297bf9506964222eb061c3dec7,ce437da4856845a9,,0496636c31911071,B0a,16,16,7fe30b1136,3,natural:74983792,ok,mild|nat_074983792|mild|rep3|seed20240909,0.8343
bursty,,nan,nat_074983792,687c1bd33174f99d40446435a85256d5a4f410297bf9506964222eb061c3dec7,ce437da4856845a9,,9adb48c19a48b960,B0a,16,16,7fe30b1136,0,natural:74983792,ok,bursty|nat_074983792|bursty|rep0|seed20240909,0.546
moderate,,nan,nat_074983792,687c1bd33174f99d40446435a85256d5a4f410297bf9506964222eb061c3dec7,ce437da4856845a9,,f6c0b8cecc357cc9,B0a,16,16,7fe30b1136,0,natural:74983792,ok,moderate|nat_074983792|moderate|rep0|seed20240909,0.9004
bursty,,nan,nat_074983792,687c1bd33174f99d40446435a85256d5a4f410297bf9506964222eb061c3dec7,ce437da4856845a9,,ef3cadf87d5eea55,B0a,16,16,7fe30b1136,4,natural:74983792,ok,bursty|nat_074983792|bursty|rep4|seed20240909,0.6009
harsh,,nan,nat_074983792,687c1bd33174f99d40446435a85256d5a4f410297bf9506964222eb061c3dec7,ce437da4856845a9,,ffcf50d191b29ae6,B0a,16,16,7fe30b1136,0,natural:74983792,ok,harsh|nat_074983792|harsh|rep0|seed20240909,0.6016
moderate,,nan,nat_074983792,687c1bd33174f99d40446435a85256d5a4f410297bf9506964222eb061c3dec7,ce437da4856845a9,,181db90534a7dafd,B0a,16,16,7fe30b1136,4,natural:74983792,ok,moderate|nat_074983792|moderate|rep4|seed20240909,0.9786
bursty,,nan,nat_074983792,687c1bd33174f99d40446435a85256d5a4f410297bf9506964222eb061c3dec7,ce437da4856845a9,,92b3c1bcca4a35d7,B0a,16,16,7fe30b1136,1,natural:74983792,ok,bursty|nat_074983792|bursty|rep1|seed20240909,0.9398
bursty,,nan,nat_074983792,687c1bd33174f99d40446435a85256d5a4f410297bf9506964222eb061c3dec7,ce437da4856845a9,,d916cc7a1fa5a72d,B0a,16,16,7fe30b1136,2,natural:74983792,ok,bursty|nat_074983792|bursty|rep2|seed20240909,0.8593
harsh,,nan,nat_074983792,687c1bd33174f99d40446435a85256d5a4f410297bf9506964222eb061c3dec7,ce437da4856845a9,,39f0bc65a8f2a8a3,B0a,16,16,7fe30b1136,4,natural:74983792,ok,harsh|nat_074983792|harsh|rep4|seed20240909,0.5904
harsh,,nan,nat_074983792,687c1bd33174f99d40446435a85256d5a4f410297bf9506964222eb061c3dec7,ce437da4856845a9,,2c2a608940d65d40,B0a,16,16,7fe30b1136,3,natural:74983792,ok,harsh|nat_074983792|harsh|rep3|seed20240909,0.6211
bursty,,nan,nat_074983792,687c1bd33174f99d40446435a85256d5a4f410297bf9506964222eb061c3dec7,ce437da4856845a9,,bfbd882fe1a7007e,B0a,16,16,7fe30b1136,3,natural:74983792,ok,bursty|nat_074983792|bursty|rep3|seed20240909,0.9178
harsh,,nan,nat_074983792,687c1bd33174f99d40446435a85256d5a4f410297bf9506964222eb061c3dec7,ce437da4856845a9,,3f6f60fe75f0d061,B0a,16,16,7fe30b1136,2,natural:74983792,ok,harsh|nat_074983792|harsh|rep2|seed20240909,0.7233
harsh,,nan,nat_074983792,687c1bd33174f99d40446435a85256d5a4f410297bf9506964222eb061c3dec7,ce437da4856845a9,,1c7f670810c78a88,B0a,16,16,7fe30b1136,1,natural:74983792,ok,harsh|nat_074983792|harsh|rep1|seed20240909,0.985
clean,,nan,nat_074983792,687c1bd33174f99d40446435a85256d5a4f410297bf9506964222eb061c3dec7,ce437da4856845a9,,f37b78212578bd9c,B0a-R,16,16,7fe30b1136,0,natural:74983792,ok,clean|nat_074983792|clean|rep0|seed20240909,1.1438
clean,,nan,nat_074983792,687c1bd33174f99d40446435a85256d5a4f410297bf9506964222eb061c3dec7,ce437da4856845a9,,e91471936014fbdd,B0a-R,16,16,7fe30b1136,2,natural:74983792,ok,clean|nat_074983792|clean|rep2|seed20240909,1.1788
clean,,nan,nat_074983792,687c1bd33174f99d40446435a85256d5a4f410297bf9506964222eb061c3dec7,ce437da4856845a9,,591aec43772fdf2d,B0a-R,16,16,7fe30b1136,4,natural:74983792,ok,clean|nat_074983792|clean|rep4|seed20240909,1.1613
clean,,nan,nat_074983792,687c1bd33174f99d40446435a85256d5a4f410297bf9506964222eb061c3dec7,ce437da4856845a9,,c5e897d09fcf18e2,B0a-R,16,16,7fe30b1136,1,natural:74983792,ok,clean|nat_074983792|clean|rep1|seed20240909,1.2521
clean,,nan,nat_074983792,687c1bd33174f99d40446435a85256d5a4f410297bf9506964222eb061c3dec7,ce437da4856845a9,,10f828d818ce046d,B0a-R,16,16,7fe30b1136,3,natural:74983792,ok,clean|nat_074983792|clean|rep3|seed20240909,1.6064
mild,,nan,nat_074983792,687c1bd33174f99d40446435a85256d5a4f410297bf9506964222eb061c3dec7,ce437da4856845a9,,98b92f746860bc77,B0a-R,16,16,7fe30b1136,0,natural:74983792,ok,mild|nat_074983792|mild|rep0|seed20240909,1.6711
mild,,nan,nat_074983792,687c1bd33174f99d40446435a85256d5a4f410297bf9506964222eb061c3dec7,ce437da4856845a9,,e509fe015851426f,B0a-R,16,16,7fe30b1136,3,natural:74983792,ok,mild|nat_074983792|mild|rep3|seed20240909,1.5804
mild,,nan,nat_074983792,687c1bd33174f99d40446435a85256d5a4f410297bf9506964222eb061c3dec7,ce437da4856845a9,,b20f083f61854902,B0a-R,16,16,7fe30b1136,1,natural:74983792,ok,mild|nat_074983792|mild|rep1|seed20240909,1.751
mild,,nan,nat_074983792,687c1bd33174f99d40446435a85256d5a4f410297bf9506964222eb061c3dec7,ce437da4856845a9,,7f1fa90000efd5cb,B0a-R,16,16,7fe30b1136,2,natural:74983792,ok,mild|nat_074983792|mild|rep2|seed20240909,1.8384
mild,,nan,nat_074983792,687c1bd33174f99d40446435a85256d5a4f410297bf9506964222eb061c3dec7,ce437da4856845a9,,5387d018be6d9200,B0a-R,16,16,7fe30b1136,4,natural:74983792,ok,mild|nat_074983792|mild|rep4|seed20240909,1.7593
moderate,,nan,nat_074983792,687c1bd33174f99d40446435a85256d5a4f410297bf9506964222eb061c3dec7,ce437da4856845a9,,90d29cef22c6c496,B0a-R,16,16,7fe30b1136,0,natural:74983792,ok,moderate|nat_074983792|moderate|rep0|seed20240909,1.9964
moderate,,nan,nat_074983792,687c1bd33174f99d40446435a85256d5a4f410297bf9506964222eb061c3dec7,ce437da4856845a9,,e0100c68cb86fcbd,B0a-R,16,16,7fe30b1136,2,natural:74983792,ok,moderate|nat_074983792|moderate|rep2|seed20240909,1.9294
moderate,,nan,nat_074983792,687c1bd33174f99d40446435a85256d5a4f410297bf9506964222eb061c3dec7,ce437da4856845a9,,8233cd62274c2e57,B0a-R,16,16,7fe30b1136,1,natural:74983792,ok,moderate|nat_074983792|moderate|rep1|seed20240909,1.9747
moderate,,nan,nat_074983792,687c1bd33174f99d40446435a85256d5a4f410297bf9506964222eb061c3dec7,ce437da4856845a9,,9e37cd35a77e09ce,B0a-R,16,16,7fe30b1136,3,natural:74983792,ok,moderate|nat_074983792|moderate|rep3|seed20240909,1.9912
bursty,,nan,nat_074983792,687c1bd33174f99d40446435a85256d5a4f410297bf9506964222eb061c3dec7,ce437da4856845a9,,531da4ec1345930f,B0a-R,16,16,7fe30b1136,0,natural:74983792,ok,bursty|nat_074983792|bursty|rep0|seed20240909,1.6884
moderate,,nan,nat_074983792,687c1bd33174f99d40446435a85256d5a4f410297bf9506964222eb061c3dec7,ce437da4856845a9,,2d4ee581a642d283,B0a-R,16,16,7fe30b1136,4,natural:74983792,ok,moderate|nat_074983792|moderate|rep4|seed20240909,1.97
bursty,,nan,nat_074983792,687c1bd33174f99d40446435a85256d5a4f410297bf9506964222eb061c3dec7,ce437da4856845a9,,35bf807f827b59b4,B0a-R,16,16,7fe30b1136,1,natural:74983792,ok,bursty|nat_074983792|bursty|rep1|seed20240909,1.6205
bursty,,nan,nat_074983792,687c1bd33174f99d40446435a85256d5a4f410297bf9506964222eb061c3dec7,ce437da4856845a9,,3a0c25c2cb84ca2d,B0a-R,16,16,7fe30b1136,4,natural:74983792,ok,bursty|nat_074983792|bursty|rep4|seed20240909,1.6319
bursty,,nan,nat_074983792,687c1bd33174f99d40446435a85256d5a4f410297bf9506964222eb061c3dec7,ce437da4856845a9,,c311cebfcaaca7bb,B0a-R,16,16,7fe30b1136,2,natural:74983792,ok,bursty|nat_074983792|bursty|rep2|seed20240909,1.6804
bursty,,nan,nat_074983792,687c1bd33174f99d40446435a85256d5a4f410297bf9506964222eb061c3dec7,ce437da4856845a9,,296fd7cb1fddde1c,B0a-R,16,16,7fe30b1136,3,natural:74983792,ok,bursty|nat_074983792|bursty|rep3|seed20240909,1.6866
harsh,,nan,nat_074983792,687c1bd33174f99d40446435a85256d5a4f410297bf9506964222eb061c3dec7,ce437da4856845a9,,11f7cd54d2813e0e,B0a-R,16,16,7fe30b1136,0,natural:74983792,ok,harsh|nat_074983792|harsh|rep0|seed20240909,1.6603
harsh,,nan,nat_074983792,687c1bd33174f99d40446435a85256d5a4f410297bf9506964222eb061c3dec7,ce437da4856845a9,,7df736484e6b2c1b,B0a-R,16,16,7fe30b1136,1,natural:74983792,ok,harsh|nat_074983792|harsh|rep1|seed20240909,1.6644
harsh,,nan,nat_074983792,687c1bd33174f99d40446435a85256d5a4f410297bf9506964222eb061c3dec7,ce437da4856845a9,,b9b05535ef3d48c0,B0a-R,16,16,7fe30b1136,2,natural:74983792,ok,harsh|nat_074983792|harsh|rep2|seed20240909,1.5695
harsh,,nan,nat_074983792,687c1bd33174f99d40446435a85256d5a4f410297bf9506964222eb061c3dec7,ce437da4856845a9,,7a740e972ad0c8ac,B0a-R,16,16,7fe30b1136,3,natural:74983792,ok,harsh|nat_074983792|harsh|rep3|seed20240909,1.6581
harsh,,nan,nat_074983792,687c1bd33174f99d40446435a85256d5a4f410297bf9506964222eb061c3dec7,ce437da4856845a9,,3ae08f4aa91e832a,B0a-R,16,16,7fe30b1136,4,natural:74983792,ok,harsh|nat_074983792|harsh|rep4|seed20240909,1.6177
clean,,nan,nat_074983792,687c1bd33174f99d40446435a85256d5a4f410297bf9506964222eb061c3dec7,ce437da4856845a9,,58d11333aee1c2a1,B0d,16,16,7fe30b1136,0,natural:74983792,ok,clean|nat_074983792|clean|rep0|seed20240909,3.7404
clean,,nan,nat_074983792,687c1bd33174f99d40446435a85256d5a4f410297bf9506964222eb061c3dec7,ce437da4856845a9,,943337b649a18231,B0d,16,16,7fe30b1136,1,natural:74983792,ok,clean|nat_074983792|clean|rep1|seed20240909,3.5691
clean,,nan,nat_074983792,687c1bd33174f99d40446435a85256d5a4f410297bf9506964222eb061c3dec7,ce437da4856845a9,,e2cb0a49f7296e4e,B0d,16,16,7fe30b1136,3,natural:74983792,ok,clean|nat_074983792|clean|rep3|seed20240909,3.7695
clean,,nan,nat_074983792,687c1bd33174f99d40446435a85256d5a4f410297bf9506964222eb061c3dec7,ce437da4856845a9,,0ceeb85973615d05,B0d,16,16,7fe30b1136,2,natural:74983792,ok,clean|nat_074983792|clean|rep2|seed20240909,3.8023
clean,,nan,nat_074983792,687c1bd33174f99d40446435a85256d5a4f410297bf9506964222eb061c3dec7,ce437da4856845a9,,b1ae6faa2f3ff085,B0d,16,16,7fe30b1136,4,natural:74983792,ok,clean|nat_074983792|clean|rep4|seed20240909,3.7621
mild,,nan,nat_074983792,687c1bd33174f99d40446435a85256d5a4f410297bf9506964222eb061c3dec7,ce437da4856845a9,,3013192aa65fe893,B0d,16,16,7fe30b1136,0,natural:74983792,ok,mild|nat_074983792|mild|rep0|seed20240909,3.9004
mild,,nan,nat_074983792,687c1bd33174f99d40446435a85256d5a4f410297bf9506964222eb061c3dec7,ce437da4856845a9,,27b8d9c356852734,B0d,16,16,7fe30b1136,1,natural:74983792,ok,mild|nat_074983792|mild|rep1|seed20240909,3.8739
mild,,nan,nat_074983792,687c1bd33174f99d40446435a85256d5a4f410297bf9506964222eb061c3dec7,ce437da4856845a9,,505ca5dd4c637cd2,B0d,16,16,7fe30b1136,2,natural:74983792,ok,mild|nat_074983792|mild|rep2|seed20240909,3.7733
mild,,nan,nat_074983792,687c1bd33174f99d40446435a85256d5a4f410297bf9506964222eb061c3dec7,ce437da4856845a9,,4240bd10fa672498,B0d,16,16,7fe30b1136,4,natural:74983792,ok,mild|nat_074983792|mild|rep4|seed20240909,3.823
mild,,nan,nat_074983792,687c1bd33174f99d40446435a85256d5a4f410297bf9506964222eb061c3dec7,ce437da4856845a9,,d3cbf1fc21e2f192,B0d,16,16,7fe30b1136,3,natural:74983792,ok,mild|nat_074983792|mild|rep3|seed20240909,3.988
clean,,nan,nat_074983792,687c1bd33174f99d40446435a85256d5a4f410297bf9506964222eb061c3dec7,ce437da4856845a9,,f393d7df46f033f0,B1,16,16,7fe30b1136,0,natural:74983792,ok,clean|nat_074983792|clean|rep0|seed20240909,0.3615
clean,,nan,nat_074983792,687c1bd33174f99d40446435a85256d5a4f410297bf9506964222eb061c3dec7,ce437da4856845a9,,3bfc109c79c22d0b,B1,16,16,7fe30b1136,1,natural:74983792,ok,clean|nat_074983792|clean|rep1|seed20240909,0.3332
clean,,nan,nat_074983792,687c1bd33174f99d40446435a85256d5a4f410297bf9506964222eb061c3dec7,ce437da4856845a9,,5a020cd6325e748a,B1,16,16,7fe30b1136,2,natural:74983792,ok,clean|nat_074983792|clean|rep2|seed20240909,0.3249
clean,,nan,nat_074983792,687c1bd33174f99d40446435a85256d5a4f410297bf9506964222eb061c3dec7,ce437da4856845a9,,f8576b53e0e8a53a,B1,16,16,7fe30b1136,3,natural:74983792,ok,clean|nat_074983792|clean|rep3|seed20240909,0.373
clean,,nan,nat_074983792,687c1bd33174f99d40446435a85256d5a4f410297bf9506964222eb061c3dec7,ce437da4856845a9,,ac56c23a9c58bda3,B1,16,16,7fe30b1136,4,natural:74983792,ok,clean|nat_074983792|clean|rep4|seed20240909,0.3911
harsh,,nan,nat_074983792,687c1bd33174f99d40446435a85256d5a4f410297bf9506964222eb061c3dec7,ce437da4856845a9,,529d194107685a16,B0d,16,16,7fe30b1136,0,natural:74983792,ok,harsh|nat_074983792|harsh|rep0|seed20240909,2.3812
harsh,,nan,nat_074983792,687c1bd33174f99d40446435a85256d5a4f410297bf9506964222eb061c3dec7,ce437da4856845a9,,7a6406a7cd0c2022,B0d,16,16,7fe30b1136,1,natural:74983792,ok,harsh|nat_074983792|harsh|rep1|seed20240909,2.48
harsh,,nan,nat_074983792,687c1bd33174f99d40446435a85256d5a4f410297bf9506964222eb061c3dec7,ce437da4856845a9,,f14820f2ee70979d,B0d,16,16,7fe30b1136,2,natural:74983792,ok,harsh|nat_074983792|harsh|rep2|seed20240909,2.5593
harsh,,nan,nat_074983792,687c1bd33174f99d40446435a85256d5a4f410297bf9506964222eb061c3dec7,ce437da4856845a9,,d59fd337eed576ee,B0d,16,16,7fe30b1136,4,natural:74983792,ok,harsh|nat_074983792|harsh|rep4|seed20240909,2.3964
harsh,,nan,nat_074983792,687c1bd33174f99d40446435a85256d5a4f410297bf9506964222eb061c3dec7,ce437da4856845a9,,8e51259b2c638d9b,B0d,16,16,7fe30b1136,3,natural:74983792,ok,harsh|nat_074983792|harsh|rep3|seed20240909,2.6061
moderate,,nan,nat_074983792,687c1bd33174f99d40446435a85256d5a4f410297bf9506964222eb061c3dec7,ce437da4856845a9,,477849ed13301c14,B0d,16,16,7fe30b1136,0,natural:74983792,ok,moderate|nat_074983792|moderate|rep0|seed20240909,6.267
mild,,nan,nat_074983792,687c1bd33174f99d40446435a85256d5a4f410297bf9506964222eb061c3dec7,ce437da4856845a9,,768f7e0e56986a20,B1,16,16,7fe30b1136,0,natural:74983792,ok,mild|nat_074983792|mild|rep0|seed20240909,0.5491
mild,,nan,nat_074983792,687c1bd33174f99d40446435a85256d5a4f410297bf9506964222eb061c3dec7,ce437da4856845a9,,02dd0ac435bfb28c,B1,16,16,7fe30b1136,1,natural:74983792,ok,mild|nat_074983792|mild|rep1|seed20240909,0.5785
mild,,nan,nat_074983792,687c1bd33174f99d40446435a85256d5a4f410297bf9506964222eb061c3dec7,ce437da4856845a9,,d488ff8278f022c3,B1,16,16,7fe30b1136,2,natural:74983792,ok,mild|nat_074983792|mild|rep2|seed20240909,0.5227
mild,,nan,nat_074983792,687c1bd33174f99d40446435a85256d5a4f410297bf9506964222eb061c3dec7,ce437da4856845a9,,87555d3fda39867d,B1,16,16,7fe30b1136,3,natural:74983792,ok,mild|nat_074983792|mild|rep3|seed20240909,0.5192
mild,,nan,nat_074983792,687c1bd33174f99d40446435a85256d5a4f410297bf9506964222eb061c3dec7,ce437da4856845a9,,0ccfba66c3264cde,B1,16,16,7fe30b1136,4,natural:74983792,ok,mild|nat_074983792|mild|rep4|seed20240909,0.5323
moderate,,nan,nat_074983792,687c1bd33174f99d40446435a85256d5a4f410297bf9506964222eb061c3dec7,ce437da4856845a9,,c94420be1a9bcdeb,B1,16,16,7fe30b1136,0,natural:74983792,ok,moderate|nat_074983792|moderate|rep0|seed20240909,0.5729
moderate,,nan,nat_074983792,687c1bd33174f99d40446435a85256d5a4f410297bf9506964222eb061c3dec7,ce437da4856845a9,,14e7bb030b71bef4,B1,16,16,7fe30b1136,2,natural:74983792,ok,moderate|nat_074983792|moderate|rep2|seed20240909,0.5253
moderate,,nan,nat_074983792,687c1bd33174f99d40446435a85256d5a4f410297bf9506964222eb061c3dec7,ce437da4856845a9,,4f6fd588047f3c89,B1,16,16,7fe30b1136,1,natural:74983792,ok,moderate|nat_074983792|moderate|rep1|seed20240909,0.5801
moderate,,nan,nat_074983792,687c1bd33174f99d40446435a85256d5a4f410297bf9506964222eb061c3dec7,ce437da4856845a9,,e4b843cd3194ee6c,B0d,16,16,7fe30b1136,1,natural:74983792,ok,moderate|nat_074983792|moderate|rep1|seed20240909,6.4683
moderate,,nan,nat_074983792,687c1bd33174f99d40446435a85256d5a4f410297bf9506964222eb061c3dec7,ce437da4856845a9,,a281073283c3f544,B1,16,16,7fe30b1136,3,natural:74983792,ok,moderate|nat_074983792|moderate|rep3|seed20240909,0.5414
moderate,,nan,nat_074983792,687c1bd33174f99d40446435a85256d5a4f410297bf9506964222eb061c3dec7,ce437da4856845a9,,4ca90c207e927db5,B0d,16,16,7fe30b1136,3,natural:74983792,ok,moderate|nat_074983792|moderate|rep3|seed20240909,6.3777
moderate,,nan,nat_074983792,687c1bd33174f99d40446435a85256d5a4f410297bf9506964222eb061c3dec7,ce437da4856845a9,,506138c5bb407203,B1,16,16,7fe30b1136,4,natural:74983792,ok,moderate|nat_074983792|moderate|rep4|seed20240909,0.5744
bursty,,nan,nat_074983792,687c1bd33174f99d40446435a85256d5a4f410297bf9506964222eb061c3dec7,ce437da4856845a9,,7d544a431a1b50f8,B1,16,16,7fe30b1136,0,natural:74983792,ok,bursty|nat_074983792|bursty|rep0|seed20240909,0.5713
bursty,,nan,nat_074983792,687c1bd33174f99d40446435a85256d5a4f410297bf9506964222eb061c3dec7,ce437da4856845a9,,37ce828bfb6a2341,B1,16,16,7fe30b1136,1,natural:74983792,ok,bursty|nat_074983792|bursty|rep1|seed20240909,0.5218
bursty,,nan,nat_074983792,687c1bd33174f99d40446435a85256d5a4f410297bf9506964222eb061c3dec7,ce437da4856845a9,,bb2ad5223bba08f0,B0d,16,16,7fe30b1136,0,natural:74983792,ok,bursty|nat_074983792|bursty|rep0|seed20240909,6.3655
bursty,,nan,nat_074983792,687c1bd33174f99d40446435a85256d5a4f410297bf9506964222eb061c3dec7,ce437da4856845a9,,98eee1de6223e318,B1,16,16,7fe30b1136,2,natural:74983792,ok,bursty|nat_074983792|bursty|rep2|seed20240909,0.5259
bursty,,nan,nat_074983792,687c1bd33174f99d40446435a85256d5a4f410297bf9506964222eb061c3dec7,ce437da4856845a9,,b8bb9079158bf04f,B1,16,16,7fe30b1136,3,natural:74983792,ok,bursty|nat_074983792|bursty|rep3|seed20240909,0.509
moderate,,nan,nat_074983792,687c1bd33174f99d40446435a85256d5a4f410297bf9506964222eb061c3dec7,ce437da4856845a9,,bc8dc7def7551aa0,B0d,16,16,7fe30b1136,2,natural:74983792,ok,moderate|nat_074983792|moderate|rep2|seed20240909,6.728
bursty,,nan,nat_074983792,687c1bd33174f99d40446435a85256d5a4f410297bf9506964222eb061c3dec7,ce437da4856845a9,,5685579918c2993d,B1,16,16,7fe30b1136,4,natural:74983792,ok,bursty|nat_074983792|bursty|rep4|seed20240909,0.5822
harsh,,nan,nat_074983792,687c1bd33174f99d40446435a85256d5a4f410297bf9506964222eb061c3dec7,ce437da4856845a9,,6d69cddd5590b1fa,B1,16,16,7fe30b1136,1,natural:74983792,ok,harsh|nat_074983792|harsh|rep1|seed20240909,0.5267
harsh,,nan,nat_074983792,687c1bd33174f99d40446435a85256d5a4f410297bf9506964222eb061c3dec7,ce437da4856845a9,,2d238261662db73f,B1,16,16,7fe30b1136,0,natural:74983792,ok,harsh|nat_074983792|harsh|rep0|seed20240909,0.6007
moderate,,nan,nat_074983792,687c1bd33174f99d40446435a85256d5a4f410297bf9506964222eb061c3dec7,ce437da4856845a9,,6f7fdaf6724e00eb,B0d,16,16,7fe30b1136,4,natural:74983792,ok,moderate|nat_074983792|moderate|rep4|seed20240909,6.78
harsh,,nan,nat_074983792,687c1bd33174f99d40446435a85256d5a4f410297bf9506964222eb061c3dec7,ce437da4856845a9,,1475778c9f24bd07,B1,16,16,7fe30b1136,2,natural:74983792,ok,harsh|nat_074983792|harsh|rep2|seed20240909,0.5955
clean,,nan,nat_074983792,687c1bd33174f99d40446435a85256d5a4f410297bf9506964222eb061c3dec7,ce437da4856845a9,,a3b9d41b954beba8,B2,16,16,7fe30b1136,0,natural:74983792,ok,clean|nat_074983792|clean|rep0|seed20240909,0.4237
clean,,nan,nat_074983792,687c1bd33174f99d40446435a85256d5a4f410297bf9506964222eb061c3dec7,ce437da4856845a9,,4865d2db13398cf8,B2,16,16,7fe30b1136,3,natural:74983792,ok,clean|nat_074983792|clean|rep3|seed20240909,0.4052
harsh,,nan,nat_074983792,687c1bd33174f99d40446435a85256d5a4f410297bf9506964222eb061c3dec7,ce437da4856845a9,,a67fb0c93237ca56,B1,16,16,7fe30b1136,3,natural:74983792,ok,harsh|nat_074983792|harsh|rep3|seed20240909,0.5711
clean,,nan,nat_074983792,687c1bd33174f99d40446435a85256d5a4f410297bf9506964222eb061c3dec7,ce437da4856845a9,,f52155184e73f4f1,B2,16,16,7fe30b1136,4,natural:74983792,ok,clean|nat_074983792|clean|rep4|seed20240909,0.425
clean,,nan,nat_074983792,687c1bd33174f99d40446435a85256d5a4f410297bf9506964222eb061c3dec7,ce437da4856845a9,,7ed874f22f498bad,B2,16,16,7fe30b1136,2,natural:74983792,ok,clean|nat_074983792|clean|rep2|seed20240909,0.4302
clean,,nan,nat_074983792,687c1bd33174f99d40446435a85256d5a4f410297bf9506964222eb061c3dec7,ce437da4856845a9,,91c9bf0e2d14e395,B2,16,16,7fe30b1136,1,natural:74983792,ok,clean|nat_074983792|clean|rep1|seed20240909,0.4922
harsh,,nan,nat_074983792,687c1bd33174f99d40446435a85256d5a4f410297bf9506964222eb061c3dec7,ce437da4856845a9,,28ccbe04f07cec5a,B1,16,16,7fe30b1136,4,natural:74983792,ok,harsh|nat_074983792|harsh|rep4|seed20240909,0.6758
mild,,nan,nat_074983792,687c1bd33174f99d40446435a85256d5a4f410297bf9506964222eb061c3dec7,ce437da4856845a9,,2b22dd4417d84243,B2,16,16,7fe30b1136,1,natural:74983792,ok,mild|nat_074983792|mild|rep1|seed20240909,0.5237
mild,,nan,nat_074983792,687c1bd33174f99d40446435a85256d5a4f410297bf9506964222eb061c3dec7,ce437da4856845a9,,43fcd8a58472777f,B2,16,16,7fe30b1136,0,natural:74983792,ok,mild|nat_074983792|mild|rep0|seed20240909,0.5419
mild,,nan,nat_074983792,687c1bd33174f99d40446435a85256d5a4f410297bf9506964222eb061c3dec7,ce437da4856845a9,,422142ae73b9bf8f,B2,16,16,7fe30b1136,2,natural:74983792,ok,mild|nat_074983792|mild|rep2|seed20240909,0.5728
mild,,nan,nat_074983792,687c1bd33174f99d40446435a85256d5a4f410297bf9506964222eb061c3dec7,ce437da4856845a9,,5e456b6d3a3adc10,B2,16,16,7fe30b1136,4,natural:74983792,ok,mild|nat_074983792|mild|rep4|seed20240909,0.5213
mild,,nan,nat_074983792,687c1bd33174f99d40446435a85256d5a4f410297bf9506964222eb061c3dec7,ce437da4856845a9,,e020b57d759045a3,B2,16,16,7fe30b1136,3,natural:74983792,ok,mild|nat_074983792|mild|rep3|seed20240909,0.5977
moderate,,nan,nat_074983792,687c1bd33174f99d40446435a85256d5a4f410297bf9506964222eb061c3dec7,ce437da4856845a9,,d3c62498a3b9c0c1,B2,16,16,7fe30b1136,0,natural:74983792,ok,moderate|nat_074983792|moderate|rep0|seed20240909,0.591
moderate,,nan,nat_074983792,687c1bd33174f99d40446435a85256d5a4f410297bf9506964222eb061c3dec7,ce437da4856845a9,,b1fff44252663a17,B2,16,16,7fe30b1136,4,natural:74983792,ok,moderate|nat_074983792|moderate|rep4|seed20240909,0.5622
moderate,,nan,nat_074983792,687c1bd33174f99d40446435a85256d5a4f410297bf9506964222eb061c3dec7,ce437da4856845a9,,4f786bcc2350a628,B2,16,16,7fe30b1136,1,natural:74983792,ok,moderate|nat_074983792|moderate|rep1|seed20240909,0.5937
moderate,,nan,nat_074983792,687c1bd33174f99d40446435a85256d5a4f410297bf9506964222eb061c3dec7,ce437da4856845a9,,8e2c05d375ae39c4,B2,16,16,7fe30b1136,2,natural:74983792,ok,moderate|nat_074983792|moderate|rep2|seed20240909,0.5919
moderate,,nan,nat_074983792,687c1bd33174f99d40446435a85256d5a4f410297bf9506964222eb061c3dec7,ce437da4856845a9,,6fa278a9ce7dc78b,B2,16,16,7fe30b1136,3,natural:74983792,ok,moderate|nat_074983792|moderate|rep3|seed20240909,0.5883
bursty,,nan,nat_074983792,687c1bd33174f99d40446435a85256d5a4f410297bf9506964222eb061c3dec7,ce437da4856845a9,,50fb17716a9d5ea0,B2,16,16,7fe30b1136,0,natural:74983792,ok,bursty|nat_074983792|bursty|rep0|seed20240909,0.557
bursty,,nan,nat_074983792,687c1bd33174f99d40446435a85256d5a4f410297bf9506964222eb061c3dec7,ce437da4856845a9,,ea4cadefbb108f2e,B2,16,16,7fe30b1136,1,natural:74983792,ok,bursty|nat_074983792|bursty|rep1|seed20240909,0.6304
bursty,,nan,nat_074983792,687c1bd33174f99d40446435a85256d5a4f410297bf9506964222eb061c3dec7,ce437da4856845a9,,d0b662bf583e7584,B2,16,16,7fe30b1136,2,natural:74983792,ok,bursty|nat_074983792|bursty|rep2|seed20240909,0.5975
bursty,,nan,nat_074983792,687c1bd33174f99d40446435a85256d5a4f410297bf9506964222eb061c3dec7,ce437da4856845a9,,b0752e0036b99a33,B2,16,16,7fe30b1136,4,natural:74983792,ok,bursty|nat_074983792|bursty|rep4|seed20240909,0.5535
bursty,,nan,nat_074983792,687c1bd33174f99d40446435a85256d5a4f410297bf9506964222eb061c3dec7,ce437da4856845a9,,a0689f2c9f81877c,B2,16,16,7fe30b1136,3,natural:74983792,ok,bursty|nat_074983792|bursty|rep3|seed20240909,0.6667
harsh,,nan,nat_074983792,687c1bd33174f99d40446435a85256d5a4f410297bf9506964222eb061c3dec7,ce437da4856845a9,,6209b1c5ad4b6fa2,B2,16,16,7fe30b1136,0,natural:74983792,ok,harsh|nat_074983792|harsh|rep0|seed20240909,0.5477
harsh,,nan,nat_074983792,687c1bd33174f99d40446435a85256d5a4f410297bf9506964222eb061c3dec7,ce437da4856845a9,,3551fd0474815118,B2,16,16,7fe30b1136,1,natural:74983792,ok,harsh|nat_074983792|harsh|rep1|seed20240909,0.5875
harsh,,nan,nat_074983792,687c1bd33174f99d40446435a85256d5a4f410297bf9506964222eb061c3dec7,ce437da4856845a9,,5c7bd3f9467d42d1,B2,16,16,7fe30b1136,2,natural:74983792,ok,harsh|nat_074983792|harsh|rep2|seed20240909,0.556
harsh,,nan,nat_074983792,687c1bd33174f99d40446435a85256d5a4f410297bf9506964222eb061c3dec7,ce437da4856845a9,,f11cac8530c11744,B2,16,16,7fe30b1136,4,natural:74983792,ok,harsh|nat_074983792|harsh|rep4|seed20240909,0.5628
harsh,,nan,nat_074983792,687c1bd33174f99d40446435a85256d5a4f410297bf9506964222eb061c3dec7,ce437da4856845a9,,8cbbdb92785e9113,B2,16,16,7fe30b1136,3,natural:74983792,ok,harsh|nat_074983792|harsh|rep3|seed20240909,0.5731
bursty,,nan,nat_074983792,687c1bd33174f99d40446435a85256d5a4f410297bf9506964222eb061c3dec7,ce437da4856845a9,,31a1bcc6eca20154,B0d,16,16,7fe30b1136,1,natural:74983792,ok,bursty|nat_074983792|bursty|rep1|seed20240909,6.1437
bursty,,nan,nat_074983792,687c1bd33174f99d40446435a85256d5a4f410297bf9506964222eb061c3dec7,ce437da4856845a9,,d36b37c85b301057,B0d,16,16,7fe30b1136,2,natural:74983792,ok,bursty|nat_074983792|bursty|rep2|seed20240909,6.175
bursty,,nan,nat_074983792,687c1bd33174f99d40446435a85256d5a4f410297bf9506964222eb061c3dec7,ce437da4856845a9,,66109bb0d3e19000,B0d,16,16,7fe30b1136,3,natural:74983792,ok,bursty|nat_074983792|bursty|rep3|seed20240909,6.7511
bursty,,nan,nat_074983792,687c1bd33174f99d40446435a85256d5a4f410297bf9506964222eb061c3dec7,ce437da4856845a9,,1377f61bb79f0691,B0d,16,16,7fe30b1136,4,natural:74983792,ok,bursty|nat_074983792|bursty|rep4|seed20240909,6.86
clean,,nan,nat_074983792,687c1bd33174f99d40446435a85256d5a4f410297bf9506964222eb061c3dec7,ce437da4856845a9,,433e75a41a58d053,B3,16,16,7fe30b1136,1,natural:74983792,ok,clean|nat_074983792|clean|rep1|seed20240909,3.7511
clean,,nan,nat_074983792,687c1bd33174f99d40446435a85256d5a4f410297bf9506964222eb061c3dec7,ce437da4856845a9,,4b4e93e0604d8903,B3,16,16,7fe30b1136,0,natural:74983792,ok,clean|nat_074983792|clean|rep0|seed20240909,3.7785
clean,,nan,nat_074983792,687c1bd33174f99d40446435a85256d5a4f410297bf9506964222eb061c3dec7,ce437da4856845a9,,0877eb0d4bf7cf4c,B3,16,16,7fe30b1136,2,natural:74983792,ok,clean|nat_074983792|clean|rep2|seed20240909,3.866
clean,,nan,nat_074983792,687c1bd33174f99d40446435a85256d5a4f410297bf9506964222eb061c3dec7,ce437da4856845a9,,2aa2201416c9ea6c,B3,16,16,7fe30b1136,3,natural:74983792,ok,clean|nat_074983792|clean|rep3|seed20240909,3.8862
clean,,nan,nat_074983792,687c1bd33174f99d40446435a85256d5a4f410297bf9506964222eb061c3dec7,ce437da4856845a9,,1cab52ddaa07189c,B3,16,16,7fe30b1136,4,natural:74983792,ok,clean|nat_074983792|clean|rep4|seed20240909,3.9888
mild,,nan,nat_074983792,687c1bd33174f99d40446435a85256d5a4f410297bf9506964222eb061c3dec7,ce437da4856845a9,,df1ff5b939662737,B3,16,16,7fe30b1136,0,natural:74983792,ok,mild|nat_074983792|mild|rep0|seed20240909,4.1247
mild,,nan,nat_074983792,687c1bd33174f99d40446435a85256d5a4f410297bf9506964222eb061c3dec7,ce437da4856845a9,,736acf71c3f910a2,B3,16,16,7fe30b1136,1,natural:74983792,ok,mild|nat_074983792|mild|rep1|seed20240909,4.1901
mild,,nan,nat_074983792,687c1bd33174f99d40446435a85256d5a4f410297bf9506964222eb061c3dec7,ce437da4856845a9,,59d6e5fcfad233ae,B3,16,16,7fe30b1136,3,natural:74983792,ok,mild|nat_074983792|mild|rep3|seed20240909,4.0693
mild,,nan,nat_074983792,687c1bd33174f99d40446435a85256d5a4f410297bf9506964222eb061c3dec7,ce437da4856845a9,,8a9b885a21df785e,B3,16,16,7fe30b1136,2,natural:74983792,ok,mild|nat_074983792|mild|rep2|seed20240909,4.165
mild,,nan,nat_074983792,687c1bd33174f99d40446435a85256d5a4f410297bf9506964222eb061c3dec7,ce437da4856845a9,,79ed578b013516cd,B3,16,16,7fe30b1136,4,natural:74983792,ok,mild|nat_074983792|mild|rep4|seed20240909,4.3676
moderate,,nan,nat_074983792,687c1bd33174f99d40446435a85256d5a4f410297bf9506964222eb061c3dec7,ce437da4856845a9,,3ea28f72348a7616,B3,16,16,7fe30b1136,0,natural:74983792,ok,moderate|nat_074983792|moderate|rep0|seed20240909,5.5958
moderate,,nan,nat_074983792,687c1bd33174f99d40446435a85256d5a4f410297bf9506964222eb061c3dec7,ce437da4856845a9,,6f35abacd2e2e48a,B3,16,16,7fe30b1136,1,natural:74983792,ok,moderate|nat_074983792|moderate|rep1|seed20240909,5.6662
moderate,,nan,nat_074983792,687c1bd33174f99d40446435a85256d5a4f410297bf9506964222eb061c3dec7,ce437da4856845a9,,4fc36230f4e78523,B3,16,16,7fe30b1136,2,natural:74983792,ok,moderate|nat_074983792|moderate|rep2|seed20240909,5.6658
moderate,,nan,nat_074983792,687c1bd33174f99d40446435a85256d5a4f410297bf9506964222eb061c3dec7,ce437da4856845a9,,776fe08ec2610f2a,B3,16,16,7fe30b1136,3,natural:74983792,ok,moderate|nat_074983792|moderate|rep3|seed20240909,5.5633
harsh,,nan,nat_074983792,687c1bd33174f99d40446435a85256d5a4f410297bf9506964222eb061c3dec7,ce437da4856845a9,,33b84cc3e9b0b0f2,B3,16,16,7fe30b1136,0,natural:74983792,ok,harsh|nat_074983792|harsh|rep0|seed20240909,2.9443
harsh,,nan,nat_074983792,687c1bd33174f99d40446435a85256d5a4f410297bf9506964222eb061c3dec7,ce437da4856845a9,,8491b96edba1e948,B3,16,16,7fe30b1136,1,natural:74983792,ok,harsh|nat_074983792|harsh|rep1|seed20240909,3.0957
harsh,,nan,nat_074983792,687c1bd33174f99d40446435a85256d5a4f410297bf9506964222eb061c3dec7,ce437da4856845a9,,e0fcdd0994783921,B3,16,16,7fe30b1136,4,natural:74983792,ok,harsh|nat_074983792|harsh|rep4|seed20240909,2.9385
harsh,,nan,nat_074983792,687c1bd33174f99d40446435a85256d5a4f410297bf9506964222eb061c3dec7,ce437da4856845a9,,bb239126f19cea37,B3,16,16,7fe30b1136,3,natural:74983792,ok,harsh|nat_074983792|harsh|rep3|seed20240909,2.986
moderate,,nan,nat_074983792,687c1bd33174f99d40446435a85256d5a4f410297bf9506964222eb061c3dec7,ce437da4856845a9,,386f2f295e831dc2,B3,16,16,7fe30b1136,4,natural:74983792,ok,moderate|nat_074983792|moderate|rep4|seed20240909,5.765
bursty,,nan,nat_074983792,687c1bd33174f99d40446435a85256d5a4f410297bf9506964222eb061c3dec7,ce437da4856845a9,,062aacec40ca5f5a,B3,16,16,7fe30b1136,0,natural:74983792,ok,bursty|nat_074983792|bursty|rep0|seed20240909,5.6612
harsh,,nan,nat_074983792,687c1bd33174f99d40446435a85256d5a4f410297bf9506964222eb061c3dec7,ce437da4856845a9,,4503eddc20a1336d,B3,16,16,7fe30b1136,2,natural:74983792,ok,harsh|nat_074983792|harsh|rep2|seed20240909,3.0789
bursty,,nan,nat_074983792,687c1bd33174f99d40446435a85256d5a4f410297bf9506964222eb061c3dec7,ce437da4856845a9,,2235aaabad86c5d6,B3,16,16,7fe30b1136,1,natural:74983792,ok,bursty|nat_074983792|bursty|rep1|seed20240909,5.0903
clean,,nan,nat_074983792,687c1bd33174f99d40446435a85256d5a4f410297bf9506964222eb061c3dec7,ce437da4856845a9,,8eafd8555bd1686b,B4,16,16,7fe30b1136,0,natural:74983792,ok,clean|nat_074983792|clean|rep0|seed20240909,4.1073
bursty,,nan,nat_074983792,687c1bd33174f99d40446435a85256d5a4f410297bf9506964222eb061c3dec7,ce437da4856845a9,,bb9061b33ebc0587,B3,16,16,7fe30b1136,2,natural:74983792,ok,bursty|nat_074983792|bursty|rep2|seed20240909,5.2948
bursty,,nan,nat_074983792,687c1bd33174f99d40446435a85256d5a4f410297bf9506964222eb061c3dec7,ce437da4856845a9,,b49724a4f88c3c38,B3,16,16,7fe30b1136,3,natural:74983792,ok,bursty|nat_074983792|bursty|rep3|seed20240909,5.8211
bursty,,nan,nat_074983792,687c1bd33174f99d40446435a85256d5a4f410297bf9506964222eb061c3dec7,ce437da4856845a9,,3f8ecf666c7209cd,B3,16,16,7fe30b1136,4,natural:74983792,ok,bursty|nat_074983792|bursty|rep4|seed20240909,5.8934
clean,,nan,nat_074983792,687c1bd33174f99d40446435a85256d5a4f410297bf9506964222eb061c3dec7,ce437da4856845a9,,07cfd1c1d22cd452,B4,16,16,7fe30b1136,2,natural:74983792,ok,clean|nat_074983792|clean|rep2|seed20240909,3.9608
clean,,nan,nat_074983792,687c1bd33174f99d40446435a85256d5a4f410297bf9506964222eb061c3dec7,ce437da4856845a9,,8d28be67a87a0d3a,B4,16,16,7fe30b1136,1,natural:74983792,ok,clean|nat_074983792|clean|rep1|seed20240909,4.0693
clean,,nan,nat_074983792,687c1bd33174f99d40446435a85256d5a4f410297bf9506964222eb061c3dec7,ce437da4856845a9,,b84fd6c58ec0bfcc,B4,16,16,7fe30b1136,3,natural:74983792,ok,clean|nat_074983792|clean|rep3|seed20240909,3.8793
clean,,nan,nat_074983792,687c1bd33174f99d40446435a85256d5a4f410297bf9506964222eb061c3dec7,ce437da4856845a9,,d13b00ef68d70f89,B4,16,16,7fe30b1136,4,natural:74983792,ok,clean|nat_074983792|clean|rep4|seed20240909,3.9399
mild,,nan,nat_074983792,687c1bd33174f99d40446435a85256d5a4f410297bf9506964222eb061c3dec7,ce437da4856845a9,,cac402d6f46f4fea,B4,16,16,7fe30b1136,0,natural:74983792,ok,mild|nat_074983792|mild|rep0|seed20240909,4.3211
mild,,nan,nat_074983792,687c1bd33174f99d40446435a85256d5a4f410297bf9506964222eb061c3dec7,ce437da4856845a9,,6dd19929455b8843,B4,16,16,7fe30b1136,2,natural:74983792,ok,mild|nat_074983792|mild|rep2|seed20240909,4.1317
mild,,nan,nat_074983792,687c1bd33174f99d40446435a85256d5a4f410297bf9506964222eb061c3dec7,ce437da4856845a9,,7437e210c6c040f3,B4,16,16,7fe30b1136,3,natural:74983792,ok,mild|nat_074983792|mild|rep3|seed20240909,4.2923
mild,,nan,nat_074983792,687c1bd33174f99d40446435a85256d5a4f410297bf9506964222eb061c3dec7,ce437da4856845a9,,6f56a9c01be86186,B4,16,16,7fe30b1136,1,natural:74983792,ok,mild|nat_074983792|mild|rep1|seed20240909,4.3437
mild,,nan,nat_074983792,687c1bd33174f99d40446435a85256d5a4f410297bf9506964222eb061c3dec7,ce437da4856845a9,,ad1f4c160552fe67,B4,16,16,7fe30b1136,4,natural:74983792,ok,mild|nat_074983792|mild|rep4|seed20240909,4.3248
harsh,,nan,nat_074983792,687c1bd33174f99d40446435a85256d5a4f410297bf9506964222eb061c3dec7,ce437da4856845a9,,c6f18be863d354a3,B4,16,16,7fe30b1136,0,natural:74983792,ok,harsh|nat_074983792|harsh|rep0|seed20240909,2.4625
harsh,,nan,nat_074983792,687c1bd33174f99d40446435a85256d5a4f410297bf9506964222eb061c3dec7,ce437da4856845a9,,9b2152d1df3d76a3,B4,16,16,7fe30b1136,2,natural:74983792,ok,harsh|nat_074983792|harsh|rep2|seed20240909,2.5268
harsh,,nan,nat_074983792,687c1bd33174f99d40446435a85256d5a4f410297bf9506964222eb061c3dec7,ce437da4856845a9,,7c764e62c5b7ae76,B4,16,16,7fe30b1136,1,natural:74983792,ok,harsh|nat_074983792|harsh|rep1|seed20240909,2.8047
harsh,,nan,nat_074983792,687c1bd33174f99d40446435a85256d5a4f410297bf9506964222eb061c3dec7,ce437da4856845a9,,18f156b46c67983f,B4,16,16,7fe30b1136,4,natural:74983792,ok,harsh|nat_074983792|harsh|rep4|seed20240909,2.4654
harsh,,nan,nat_074983792,687c1bd33174f99d40446435a85256d5a4f410297bf9506964222eb061c3dec7,ce437da4856845a9,,fdbc19d5059d0f3b,B4,16,16,7fe30b1136,3,natural:74983792,ok,harsh|nat_074983792|harsh|rep3|seed20240909,2.598
moderate,,nan,nat_074983792,687c1bd33174f99d40446435a85256d5a4f410297bf9506964222eb061c3dec7,ce437da4856845a9,,ae52d42ce412ff82,B4,16,16,7fe30b1136,0,natural:74983792,ok,moderate|nat_074983792|moderate|rep0|seed20240909,6.906
moderate,,nan,nat_074983792,687c1bd33174f99d40446435a85256d5a4f410297bf9506964222eb061c3dec7,ce437da4856845a9,,f34fadfb9ee9dbd3,B4,16,16,7fe30b1136,1,natural:74983792,ok,moderate|nat_074983792|moderate|rep1|seed20240909,7.2882
moderate,,nan,nat_074983792,687c1bd33174f99d40446435a85256d5a4f410297bf9506964222eb061c3dec7,ce437da4856845a9,,961f7c00b9f397c8,B4,16,16,7fe30b1136,3,natural:74983792,ok,moderate|nat_074983792|moderate|rep3|seed20240909,6.7704
moderate,,nan,nat_074983792,687c1bd33174f99d40446435a85256d5a4f410297bf9506964222eb061c3dec7,ce437da4856845a9,,9c54a1b957c5bf90,B4,16,16,7fe30b1136,2,natural:74983792,ok,moderate|nat_074983792|moderate|rep2|seed20240909,7.1798
bursty,,nan,nat_074983792,687c1bd33174f99d40446435a85256d5a4f410297bf9506964222eb061c3dec7,ce437da4856845a9,,0d784bf177b9ad6d,B4,16,16,7fe30b1136,1,natural:74983792,ok,bursty|nat_074983792|bursty|rep1|seed20240909,6.2459
moderate,,nan,nat_074983792,687c1bd33174f99d40446435a85256d5a4f410297bf9506964222eb061c3dec7,ce437da4856845a9,,1f771c22add43393,B4,16,16,7fe30b1136,4,natural:74983792,ok,moderate|nat_074983792|moderate|rep4|seed20240909,7.2689
bursty,,nan,nat_074983792,687c1bd33174f99d40446435a85256d5a4f410297bf9506964222eb061c3dec7,ce437da4856845a9,,97f333ff9813de4d,B4,16,16,7fe30b1136,2,natural:74983792,ok,bursty|nat_074983792|bursty|rep2|seed20240909,6.1716
clean,,nan,nat_074983792,687c1bd33174f99d40446435a85256d5a4f410297bf9506964222eb061c3dec7,ce437da4856845a9,,ee1ac797fe73cf00,B4t,16,16,7e31e8b9ec,0,natural:74983792,ok,clean|nat_074983792|clean|rep0|seed20240909,4.5206
bursty,,nan,nat_074983792,687c1bd33174f99d40446435a85256d5a4f410297bf9506964222eb061c3dec7,ce437da4856845a9,,eb5e6a48305c60d2,B4,16,16,7fe30b1136,0,natural:74983792,ok,bursty|nat_074983792|bursty|rep0|seed20240909,6.9513
bursty,,nan,nat_074983792,687c1bd33174f99d40446435a85256d5a4f410297bf9506964222eb061c3dec7,ce437da4856845a9,,2f54bbd3afff1cfe,B4,16,16,7fe30b1136,3,natural:74983792,ok,bursty|nat_074983792|bursty|rep3|seed20240909,7.0937
clean,,nan,nat_074983792,687c1bd33174f99d40446435a85256d5a4f410297bf9506964222eb061c3dec7,ce437da4856845a9,,ff45e05cadc8967e,B4t,16,16,7e31e8b9ec,1,natural:74983792,ok,clean|nat_074983792|clean|rep1|seed20240909,4.4491
bursty,,nan,nat_074983792,687c1bd33174f99d40446435a85256d5a4f410297bf9506964222eb061c3dec7,ce437da4856845a9,,18f1ed3486814c83,B4,16,16,7fe30b1136,4,natural:74983792,ok,bursty|nat_074983792|bursty|rep4|seed20240909,7.2331
clean,,nan,nat_074983792,687c1bd33174f99d40446435a85256d5a4f410297bf9506964222eb061c3dec7,ce437da4856845a9,,747753b42b810a46,B4t,16,16,7e31e8b9ec,4,natural:74983792,ok,clean|nat_074983792|clean|rep4|seed20240909,4.2951
clean,,nan,nat_074983792,687c1bd33174f99d40446435a85256d5a4f410297bf9506964222eb061c3dec7,ce437da4856845a9,,daa19d6e9ba84f67,B4t,16,16,7e31e8b9ec,2,natural:74983792,ok,clean|nat_074983792|clean|rep2|seed20240909,4.531
clean,,nan,nat_074983792,687c1bd33174f99d40446435a85256d5a4f410297bf9506964222eb061c3dec7,ce437da4856845a9,,1b39885eee132ce2,B4t,16,16,7e31e8b9ec,3,natural:74983792,ok,clean|nat_074983792|clean|rep3|seed20240909,4.6142
mild,,nan,nat_074983792,687c1bd33174f99d40446435a85256d5a4f410297bf9506964222eb061c3dec7,ce437da4856845a9,,dc857f59b6948530,B4t,16,16,7e31e8b9ec,0,natural:74983792,ok,mild|nat_074983792|mild|rep0|seed20240909,4.7861
mild,,nan,nat_074983792,687c1bd33174f99d40446435a85256d5a4f410297bf9506964222eb061c3dec7,ce437da4856845a9,,31a494759fdc3288,B4t,16,16,7e31e8b9ec,1,natural:74983792,ok,mild|nat_074983792|mild|rep1|seed20240909,4.8152
mild,,nan,nat_074983792,687c1bd33174f99d40446435a85256d5a4f410297bf9506964222eb061c3dec7,ce437da4856845a9,,25d648dfcbf4d3c2,B4t,16,16,7e31e8b9ec,2,natural:74983792,ok,mild|nat_074983792|mild|rep2|seed20240909,4.7978
mild,,nan,nat_074983792,687c1bd33174f99d40446435a85256d5a4f410297bf9506964222eb061c3dec7,ce437da4856845a9,,f117173b57d63991,B4t,16,16,7e31e8b9ec,3,natural:74983792,ok,mild|nat_074983792|mild|rep3|seed20240909,4.8168
mild,,nan,nat_074983792,687c1bd33174f99d40446435a85256d5a4f410297bf9506964222eb061c3dec7,ce437da4856845a9,,30ebd2366a69d8b4,B4t,16,16,7e31e8b9ec,4,natural:74983792,ok,mild|nat_074983792|mild|rep4|seed20240909,4.8607
harsh,,nan,nat_074983792,687c1bd33174f99d40446435a85256d5a4f410297bf9506964222eb061c3dec7,ce437da4856845a9,,cfec4b7356d794cf,B4t,16,16,7e31e8b9ec,0,natural:74983792,ok,harsh|nat_074983792|harsh|rep0|seed20240909,2.4973
harsh,,nan,nat_074983792,687c1bd33174f99d40446435a85256d5a4f410297bf9506964222eb061c3dec7,ce437da4856845a9,,cc54fcfc9b906bb1,B4t,16,16,7e31e8b9ec,1,natural:74983792,ok,harsh|nat_074983792|harsh|rep1|seed20240909,2.6189
harsh,,nan,nat_074983792,687c1bd33174f99d40446435a85256d5a4f410297bf9506964222eb061c3dec7,ce437da4856845a9,,f86b43ee83e41cb7,B4t,16,16,7e31e8b9ec,2,natural:74983792,ok,harsh|nat_074983792|harsh|rep2|seed20240909,2.6331
harsh,,nan,nat_074983792,687c1bd33174f99d40446435a85256d5a4f410297bf9506964222eb061c3dec7,ce437da4856845a9,,618c282fc94c3d0a,B4t,16,16,7e31e8b9ec,3,natural:74983792,ok,harsh|nat_074983792|harsh|rep3|seed20240909,2.8702
harsh,,nan,nat_074983792,687c1bd33174f99d40446435a85256d5a4f410297bf9506964222eb061c3dec7,ce437da4856845a9,,d9e73a4d6278bff4,B4t,16,16,7e31e8b9ec,4,natural:74983792,ok,harsh|nat_074983792|harsh|rep4|seed20240909,2.6786
moderate,,nan,nat_074983792,687c1bd33174f99d40446435a85256d5a4f410297bf9506964222eb061c3dec7,ce437da4856845a9,,5183d89d00d1ead9,B4t,16,16,7e31e8b9ec,3,natural:74983792,ok,moderate|nat_074983792|moderate|rep3|seed20240909,8.075
moderate,,nan,nat_074983792,687c1bd33174f99d40446435a85256d5a4f410297bf9506964222eb061c3dec7,ce437da4856845a9,,cccccbb21ba821dd,B4t,16,16,7e31e8b9ec,0,natural:74983792,ok,moderate|nat_074983792|moderate|rep0|seed20240909,8.3321
moderate,,nan,nat_074983792,687c1bd33174f99d40446435a85256d5a4f410297bf9506964222eb061c3dec7,ce437da4856845a9,,47214ca38075f2be,B4t,16,16,7e31e8b9ec,1,natural:74983792,ok,moderate|nat_074983792|moderate|rep1|seed20240909,8.589
moderate,,nan,nat_074983792,687c1bd33174f99d40446435a85256d5a4f410297bf9506964222eb061c3dec7,ce437da4856845a9,,67b0ae5716d4f669,B4t,16,16,7e31e8b9ec,2,natural:74983792,ok,moderate|nat_074983792|moderate|rep2|seed20240909,8.6481
moderate,,nan,nat_074983792,687c1bd33174f99d40446435a85256d5a4f410297bf9506964222eb061c3dec7,ce437da4856845a9,,8226999d8db0e83b,B4t,16,16,7e31e8b9ec,4,natural:74983792,ok,moderate|nat_074983792|moderate|rep4|seed20240909,8.7128
bursty,,nan,nat_074983792,687c1bd33174f99d40446435a85256d5a4f410297bf9506964222eb061c3dec7,ce437da4856845a9,,2da0490bbe6ea587,B4t,16,16,7e31e8b9ec,0,natural:74983792,ok,bursty|nat_074983792|bursty|rep0|seed20240909,9.0811
bursty,,nan,nat_074983792,687c1bd33174f99d40446435a85256d5a4f410297bf9506964222eb061c3dec7,ce437da4856845a9,,dd3cc03eb2b878fe,B4t,16,16,7e31e8b9ec,1,natural:74983792,ok,bursty|nat_074983792|bursty|rep1|seed20240909,9.3328
bursty,,nan,nat_074983792,687c1bd33174f99d40446435a85256d5a4f410297bf9506964222eb061c3dec7,ce437da4856845a9,,e3b66830b236379d,B4t,16,16,7e31e8b9ec,2,natural:74983792,ok,bursty|nat_074983792|bursty|rep2|seed20240909,9.1052
clean,,nan,nat_074983792,687c1bd33174f99d40446435a85256d5a4f410297bf9506964222eb061c3dec7,ce437da4856845a9,,671ba0d5b4f03039,P,16,16,f6706417e8,0,natural:74983792,ok,clean|nat_074983792|clean|rep0|seed20240909,6.7547
bursty,,nan,nat_074983792,687c1bd33174f99d40446435a85256d5a4f410297bf9506964222eb061c3dec7,ce437da4856845a9,,226175508db691f7,B4t,16,16,7e31e8b9ec,3,natural:74983792,ok,bursty|nat_074983792|bursty|rep3|seed20240909,9.3494
clean,,nan,nat_074983792,687c1bd33174f99d40446435a85256d5a4f410297bf9506964222eb061c3dec7,ce437da4856845a9,,4885565ee1ed530b,P,16,16,f6706417e8,1,natural:74983792,ok,clean|nat_074983792|clean|rep1|seed20240909,6.619
bursty,,nan,nat_074983792,687c1bd33174f99d40446435a85256d5a4f410297bf9506964222eb061c3dec7,ce437da4856845a9,,ebd6076042524e47,B4t,16,16,7e31e8b9ec,4,natural:74983792,ok,bursty|nat_074983792|bursty|rep4|seed20240909,9.7199
clean,,nan,nat_074983792,687c1bd33174f99d40446435a85256d5a4f410297bf9506964222eb061c3dec7,ce437da4856845a9,,63b17622f41ad351,P,16,16,f6706417e8,2,natural:74983792,ok,clean|nat_074983792|clean|rep2|seed20240909,6.7523
clean,,nan,nat_074983792,687c1bd33174f99d40446435a85256d5a4f410297bf9506964222eb061c3dec7,ce437da4856845a9,,c87d02b38e8d874f,P,16,16,f6706417e8,3,natural:74983792,ok,clean|nat_074983792|clean|rep3|seed20240909,6.7084
clean,,nan,nat_074983792,687c1bd33174f99d40446435a85256d5a4f410297bf9506964222eb061c3dec7,ce437da4856845a9,,8e1de5724198801c,P,16,16,f6706417e8,4,natural:74983792,ok,clean|nat_074983792|clean|rep4|seed20240909,6.6897
mild,,nan,nat_074983792,687c1bd33174f99d40446435a85256d5a4f410297bf9506964222eb061c3dec7,ce437da4856845a9,,d6262b83f1b0e9f1,P,16,16,f6706417e8,0,natural:74983792,ok,mild|nat_074983792|mild|rep0|seed20240909,7.2549
mild,,nan,nat_074983792,687c1bd33174f99d40446435a85256d5a4f410297bf9506964222eb061c3dec7,ce437da4856845a9,,ba59c57e8376f56f,P,16,16,f6706417e8,2,natural:74983792,ok,mild|nat_074983792|mild|rep2|seed20240909,6.7732
mild,,nan,nat_074983792,687c1bd33174f99d40446435a85256d5a4f410297bf9506964222eb061c3dec7,ce437da4856845a9,,93f137309cb1ddb8,P,16,16,f6706417e8,4,natural:74983792,ok,mild|nat_074983792|mild|rep4|seed20240909,6.8797
mild,,nan,nat_074983792,687c1bd33174f99d40446435a85256d5a4f410297bf9506964222eb061c3dec7,ce437da4856845a9,,d517f655a742c618,P,16,16,f6706417e8,3,natural:74983792,ok,mild|nat_074983792|mild|rep3|seed20240909,7.0101
mild,,nan,nat_074983792,687c1bd33174f99d40446435a85256d5a4f410297bf9506964222eb061c3dec7,ce437da4856845a9,,a57a2a17353c306a,P,16,16,f6706417e8,1,natural:74983792,ok,mild|nat_074983792|mild|rep1|seed20240909,7.4604
clean,,nan,nat_081047795,9c58d80dc629914fbe5b8019e71e6944ce511c19d1e49ce6c0f1659de2fd052e,ce437da4856845a9,,15fce500f0a37460,B0a,16,16,7fe30b1136,0,natural:81047795,ok,clean|nat_081047795|clean|rep0|seed20240909,0.3221
clean,,nan,nat_081047795,9c58d80dc629914fbe5b8019e71e6944ce511c19d1e49ce6c0f1659de2fd052e,ce437da4856845a9,,6ab0a3b34922438c,B0a,16,16,7fe30b1136,1,natural:81047795,ok,clean|nat_081047795|clean|rep1|seed20240909,0.4196
clean,,nan,nat_081047795,9c58d80dc629914fbe5b8019e71e6944ce511c19d1e49ce6c0f1659de2fd052e,ce437da4856845a9,,c253e31ea0bb8ae0,B0a,16,16,7fe30b1136,2,natural:81047795,ok,clean|nat_081047795|clean|rep2|seed20240909,0.3965
harsh,,nan,nat_074983792,687c1bd33174f99d40446435a85256d5a4f410297bf9506964222eb061c3dec7,ce437da4856845a9,,803b9fec18e62ed4,P,16,16,f6706417e8,0,natural:74983792,ok,harsh|nat_074983792|harsh|rep0|seed20240909,4.0182
clean,,nan,nat_081047795,9c58d80dc629914fbe5b8019e71e6944ce511c19d1e49ce6c0f1659de2fd052e,ce437da4856845a9,,75e8d50efa454109,B0a,16,16,7fe30b1136,3,natural:81047795,ok,clean|nat_081047795|clean|rep3|seed20240909,0.3781
clean,,nan,nat_081047795,9c58d80dc629914fbe5b8019e71e6944ce511c19d1e49ce6c0f1659de2fd052e,ce437da4856845a9,,f33699a52dcb3a57,B0a,16,16,7fe30b1136,4,natural:81047795,ok,clean|nat_081047795|clean|rep4|seed20240909,0.3756
mild,,nan,nat_081047795,9c58d80dc629914fbe5b8019e71e6944ce511c19d1e49ce6c0f1659de2fd052e,ce437da4856845a9,,c9197e58e65d8685,B0a,16,16,7fe30b1136,0,natural:81047795,ok,mild|nat_081047795|mild|rep0|seed20240909,0.4853
mild,,nan,nat_081047795,9c58d80dc629914fbe5b8019e71e6944ce511c19d1e49ce6c0f1659de2fd052e,ce437da4856845a9,,1d1f449f510c7e78,B0a,16,16,7fe30b1136,1,natural:81047795,ok,mild|nat_081047795|mild|rep1|seed20240909,0.4951
mild,,nan,nat_081047795,9c58d80dc629914fbe5b8019e71e6944ce511c19d1e49ce6c0f1659de2fd052e,ce437da4856845a9,,702ec22a490aabb4,B0a,16,16,7fe30b1136,2,natural:81047795,ok,mild|nat_081047795|mild|rep2|seed20240909,0.4433
mild,,nan,nat_081047795,9c58d80dc629914fbe5b8019e71e6944ce511c19d1e49ce6c0f1659de2fd052e,ce437da4856845a9,,0ea6de1220fb513a,B0a,16,16,7fe30b1136,3,natural:81047795,ok,mild|nat_081047795|mild|rep3|seed20240909,0.4419
harsh,,nan,nat_074983792,687c1bd33174f99d40446435a85256d5a4f410297bf9506964222eb061c3dec7,ce437da4856845a9,,ad193841482e1be4,P,16,16,f6706417e8,1,natural:74983792,ok,harsh|nat_074983792|harsh|rep1|seed20240909,4.1606
mild,,nan,nat_081047795,9c58d80dc629914fbe5b8019e71e6944ce511c19d1e49ce6c0f1659de2fd052e,ce437da4856845a9,,67749777be262057,B0a,16,16,7fe30b1136,4,natural:81047795,ok,mild|nat_081047795|mild|rep4|seed20240909,0.4668
moderate,,nan,nat_081047795,9c58d80dc629914fbe5b8019e71e6944ce511c19d1e49ce6c0f1659de2fd052e,ce437da4856845a9,,637acd63d911c8eb,B0a,16,16,7fe30b1136,0,natural:81047795,ok,moderate|nat_081047795|moderate|rep0|seed20240909,0.4766
moderate,,nan,nat_081047795,9c58d80dc629914fbe5b8019e71e6944ce511c19d1e49ce6c0f1659de2fd052e,ce437da4856845a9,,cdacf86152e35c7a,B0a,16,16,7fe30b1136,1,natural:81047795,ok,moderate|nat_081047795|moderate|rep1|seed20240909,0.5453
moderate,,nan,nat_081047795,9c58d80dc629914fbe5b8019e71e6944ce511c19d1e49ce6c0f1659de2fd052e,ce437da4856845a9,,fe198bd41c11fb4f,B0a,16,16,7fe30b1136,2,natural:81047795,ok,moderate|nat_081047795|moderate|rep2|seed20240909,0.4923
harsh,,nan,nat_074983792,687c1bd33174f99d40446435a85256d5a4f410297bf9506964222eb061c3dec7,ce437da4856845a9,,5c1075272e491630,P,16,16,f6706417e8,2,natural:74983792,ok,harsh|nat_074983792|harsh|rep2|seed20240909,4.0969
moderate,,nan,nat_081047795,9c58d80dc629914fbe5b8019e71e6944ce511c19d1e49ce6c0f1659de2fd052e,ce437da4856845a9,,03d9811fd284718e,B0a,16,16,7fe30b1136,3,natural:81047795,ok,moderate|nat_081047795|moderate|rep3|seed20240909,0.5391
moderate,,nan,nat_081047795,9c58d80dc629914fbe5b8019e71e6944ce511c19d1e49ce6c0f1659de2fd052e,ce437da4856845a9,,8408156617701e92,B0a,16,16,7fe30b1136,4,natural:81047795,ok,moderate|nat_081047795|moderate|rep4|seed20240909,0.5332
harsh,,nan,nat_074983792,687c1bd33174f99d40446435a85256d5a4f410297bf9506964222eb061c3dec7,ce437da4856845a9,,071730e48c28325f,P,16,16,f6706417e8,4,natural:74983792,ok,harsh|nat_074983792|harsh|rep4|seed20240909,3.8652
bursty,,nan,nat_081047795,9c58d80dc629914fbe5b8019e71e6944ce511c19d1e49ce6c0f1659de2fd052e,ce437da4856845a9,,d6fae7af83a802a1,B0a,16,16,7fe30b1136,0,natural:81047795,ok,bursty|nat_081047795|bursty|rep0|seed20240909,0.5565
bursty,,nan,nat_081047795,9c58d80dc629914fbe5b8019e71e6944ce511c19d1e49ce6c0f1659de2fd052e,ce437da4856845a9,,ef0913a9f1fcbe29,B0a,16,16,7fe30b1136,1,natural:81047795,ok,bursty|nat_081047795|bursty|rep1|seed20240909,0.506
harsh,,nan,nat_074983792,687c1bd33174f99d40446435a85256d5a4f410297bf9506964222eb061c3dec7,ce437da4856845a9,,b872b679eec348f9,P,16,16,f6706417e8,3,natural:74983792,ok,harsh|nat_074983792|harsh|rep3|seed20240909,4.151
bursty,,nan,nat_081047795,9c58d80dc629914fbe5b8019e71e6944ce511c19d1e49ce6c0f1659de2fd052e,ce437da4856845a9,,576b2fef8a2fa83c,B0a,16,16,7fe30b1136,2,natural:81047795,ok,bursty|nat_081047795|bursty|rep2|seed20240909,0.4662
bursty,,nan,nat_081047795,9c58d80dc629914fbe5b8019e71e6944ce511c19d1e49ce6c0f1659de2fd052e,ce437da4856845a9,,268a664d9d7fcb01,B0a,16,16,7fe30b1136,3,natural:81047795,ok,bursty|nat_081047795|bursty|rep3|seed20240909,0.5165
bursty,,nan,nat_081047795,9c58d80dc629914fbe5b8019e71e6944ce511c19d1e49ce6c0f1659de2fd052e,ce437da4856845a9,,4ffc3493d8745289,B0a,16,16,7fe30b1136,4,natural:81047795,ok,bursty|nat_081047795|bursty|rep4|seed20240909,0.4889
harsh,,nan,nat_081047795,9c58d80dc629914fbe5b8019e71e6944ce511c19d1e49ce6c0f1659de2fd052e,ce437da4856845a9,,c3b9754cbc861471,B0a,16,16,7fe30b1136,0,natural:81047795,ok,harsh|nat_081047795|harsh|rep0|seed20240909,0.5197
harsh,,nan,nat_081047795,9c58d80dc629914fbe5b8019e71e6944ce511c19d1e49ce6c0f1659de2fd052e,ce437da4856845a9,,3a8edd3dc2af9f12,B0a,16,16,7fe30b1136,1,natural:81047795,ok,harsh|nat_081047795|harsh|rep1|seed20240909,0.5175
harsh,,nan,nat_081047795,9c58d80dc629914fbe5b8019e71e6944ce511c19d1e49ce6c0f1659de2fd052e,ce437da4856845a9,,f234bec85ec5c51f,B0a,16,16,7fe30b1136,2,natural:81047795,ok,harsh|nat_081047795|harsh|rep2|seed20240909,0.5396
harsh,,nan,nat_081047795,9c58d80dc629914fbe5b8019e71e6944ce511c19d1e49ce6c0f1659de2fd052e,ce437da4856845a9,,341acb351033c97c,B0a,16,16,7fe30b1136,3,natural:81047795,ok,harsh|nat_081047795|harsh|rep3|seed20240909,0.5476
harsh,,nan,nat_081047795,9c58d80dc629914fbe5b8019e71e6944ce511c19d1e49ce6c0f1659de2fd052e,ce437da4856845a9,,712594716e7d675b,B0a,16,16,7fe30b1136,4,natural:81047795,ok,harsh|nat_081047795|harsh|rep4|seed20240909,0.5503
clean,,nan,nat_081047795,9c58d80dc629914fbe5b8019e71e6944ce511c19d1e49ce6c0f1659de2fd052e,ce437da4856845a9,,10b5ced4df45fdb0,B0a-R,16,16,7fe30b1136,0,natural:81047795,ok,clean|nat_081047795|clean|rep0|seed20240909,0.9916
clean,,nan,nat_081047795,9c58d80dc629914fbe5b8019e71e6944ce511c19d1e49ce6c0f1659de2fd052e,ce437da4856845a9,,9fbf721715ae3ffc,B0a-R,16,16,7fe30b1136,1,natural:81047795,ok,clean|nat_081047795|clean|rep1|seed20240909,0.8733
clean,,nan,nat_081047795,9c58d80dc629914fbe5b8019e71e6944ce511c19d1e49ce6c0f1659de2fd052e,ce437da4856845a9,,4b5d0263d3404578,B0a-R,16,16,7fe30b1136,2,natural:81047795,ok,clean|nat_081047795|clean|rep2|seed20240909,0.9274
clean,,nan,nat_081047795,9c58d80dc629914fbe5b8019e71e6944ce511c19d1e49ce6c0f1659de2fd052e,ce437da4856845a9,,6cd15ecf273bce7b,B0a-R,16,16,7fe30b1136,3,natural:81047795,ok,clean|nat_081047795|clean|rep3|seed20240909,0.9748
clean,,nan,nat_081047795,9c58d80dc629914fbe5b8019e71e6944ce511c19d1e49ce6c0f1659de2fd052e,ce437da4856845a9,,ba188c14ee20b8cc,B0a-R,16,16,7fe30b1136,4,natural:81047795,ok,clean|nat_081047795|clean|rep4|seed20240909,1.0324
moderate,,nan,nat_074983792,687c1bd33174f99d40446435a85256d5a4f410297bf9506964222eb061c3dec7,ce437da4856845a9,,ad83468892fa52d1,P,16,16,f6706417e8,0,natural:74983792,ok,moderate|nat_074983792|moderate|rep0|seed20240909,12.6867
mild,,nan,nat_081047795,9c58d80dc629914fbe5b8019e71e6944ce511c19d1e49ce6c0f1659de2fd052e,ce437da4856845a9,,46580f61b4e183fa,B0a-R,16,16,7fe30b1136,0,natural:81047795,ok,mild|nat_081047795|mild|rep0|seed20240909,1.4241
mild,,nan,nat_081047795,9c58d80dc629914fbe5b8019e71e6944ce511c19d1e49ce6c0f1659de2fd052e,ce437da4856845a9,,fa245d7fc9e991f8,B0a-R,16,16,7fe30b1136,1,natural:81047795,ok,mild|nat_081047795|mild|rep1|seed20240909,1.2499
moderate,,nan,nat_074983792,687c1bd33174f99d40446435a85256d5a4f410297bf9506964222eb061c3dec7,ce437da4856845a9,,e107a268698cde3d,P,16,16,f6706417e8,3,natural:74983792,ok,moderate|nat_074983792|moderate|rep3|seed20240909,11.8181
moderate,,nan,nat_074983792,687c1bd33174f99d40446435a85256d5a4f410297bf9506964222eb061c3dec7,ce437da4856845a9,,bded861fbae3b98e,P,16,16,f6706417e8,1,natural:74983792,ok,moderate|nat_074983792|moderate|rep1|seed20240909,12.3376
mild,,nan,nat_081047795,9c58d80dc629914fbe5b8019e71e6944ce511c19d1e49ce6c0f1659de2fd052e,ce437da4856845a9,,29dc34faad303dd9,B0a-R,16,16,7fe30b1136,3,natural:81047795,ok,mild|nat_081047795|mild|rep3|seed20240909,1.3682
mild,,nan,nat_081047795,9c58d80dc629914fbe5b8019e71e6944ce511c19d1e49ce6c0f1659de2fd052e,ce437da4856845a9,,b7a45dddafd714a0,B0a-R,16,16,7fe30b1136,2,natural:81047795,ok,mild|nat_081047795|mild|rep2|seed20240909,1.4673
mild,,nan,nat_081047795,9c58d80dc629914fbe5b8019e71e6944ce511c19d1e49ce6c0f1659de2fd052e,ce437da4856845a9,,c1b666ada0b88514,B0a-R,16,16,7fe30b1136,4,natural:81047795,ok,mild|nat_081047795|mild|rep4|seed20240909,1.4693
moderate,,nan,nat_081047795,9c58d80dc629914fbe5b8019e71e6944ce511c19d1e49ce6c0f1659de2fd052e,ce437da4856845a9,,79f3de09105561a5,B0a-R,16,16,7fe30b1136,0,natural:81047795,ok,moderate|nat_081047795|moderate|rep0|seed20240909,1.5092
moderate,,nan,nat_074983792,687c1bd33174f99d40446435a85256d5a4f410297bf9506964222eb061c3dec7,ce437da4856845a9,,4ede3bcf041ee401,P,16,16,f6706417e8,2,natural:74983792,ok,moderate|nat_074983792|moderate|rep2|seed20240909,12.4542
moderate,,nan,nat_081047795,9c58d80dc629914fbe5b8019e71e6944ce511c19d1e49ce6c0f1659de2fd052e,ce437da4856845a9,,eef76c2ab19cd7a6,B0a-R,16,16,7fe30b1136,1,natural:81047795,ok,moderate|nat_081047795|moderate|rep1|seed20240909,1.5194
moderate,,nan,nat_081047795,9c58d80dc629914fbe5b8019e71e6944ce511c19d1e49ce6c0f1659de2fd052e,ce437da4856845a9,,61acda3e9b2597dd,B0a-R,16,16,7fe30b1136,2,natural:81047795,ok,moderate|nat_081047795|moderate|rep2|seed20240909,1.5738
moderate,,nan,nat_081047795,9c58d80dc629914fbe5b8019e71e6944ce511c19d1e49ce6c0f1659de2fd052e,ce437da4856845a9,,cc74c603fe692e64,B0a-R,16,16,7fe30b1136,3,natural:81047795,ok,moderate|nat_081047795|moderate|rep3|seed20240909,1.5684
moderate,,nan,nat_081047795,9c58d80dc629914fbe5b8019e71e6944ce511c19d1e49ce6c0f1659de2fd052e,ce437da4856845a9,,e4c2a1b6bffdebe0,B0a-R,16,16,7fe30b1136,4,natural:81047795,ok,moderate|nat_081047795|moderate|rep4|seed20240909,1.5693
bursty,,nan,nat_081047795,9c58d80dc629914fbe5b8019e71e6944ce511c19d1e49ce6c0f1659de2fd052e,ce437da4856845a9,,9a6ba48f99d516de,B0a-R,16,16,7fe30b1136,2,natural:81047795,ok,bursty|nat_081047795|bursty|rep2|seed20240909,1.5091
bursty,,nan,nat_081047795,9c58d80dc629914fbe5b8019e71e6944ce511c19d1e49ce6c0f1659de2fd052e,ce437da4856845a9,,446aa2edfc6bbb95,B0a-R,16,16,7fe30b1136,0,natural:81047795,ok,bursty|nat_081047795|bursty|rep0|seed20240909,1.5764
bursty,,nan,nat_081047795,9c58d80dc629914fbe5b8019e71e6944ce511c19d1e49ce6c0f1659de2fd052e,ce437da4856845a9,,f8d4e3d492ac0307,B0a-R,16,16,7fe30b1136,1,natural:81047795,ok,bursty|nat_081047795|bursty|rep1|seed20240909,1.6364
moderate,,nan,nat_074983792,687c1bd33174f99d40446435a85256d5a4f410297bf9506964222eb061c3dec7,ce437da4856845a9,,af70765e42fab40c,P,16,16,f6706417e8,4,natural:74983792,ok,moderate|nat_074983792|moderate|rep4|seed20240909,12.7638
bursty,,nan,nat_081047795,9c58d80dc629914fbe5b8019e71e6944ce511c19d1e49ce6c0f1659de2fd052e,ce437da4856845a9,,585cab4514b77ce1,B0a-R,16,16,7fe30b1136,3,natural:81047795,ok,bursty|nat_081047795|bursty|rep3|seed20240909,1.6052
bursty,,nan,nat_074983792,687c1bd33174f99d40446435a85256d5a4f410297bf9506964222eb061c3dec7,ce437da4856845a9,,7deb11a5eb0a6e7a,P,16,16,f6706417e8,1,natural:74983792,ok,bursty|nat_074983792|bursty|rep1|seed20240909,12.6562
bursty,,nan,nat_081047795,9c58d80dc629914fbe5b8019e71e6944ce511c19d1e49ce6c0f1659de2fd052e,ce437da4856845a9,,d3e20dc3ecbcee2b,B0a-R,16,16,7fe30b1136,4,natural:81047795,ok,bursty|nat_081047795|bursty|rep4|seed20240909,1.664
harsh,,nan,nat_081047795,9c58d80dc629914fbe5b8019e71e6944ce511c19d1e49ce6c0f1659de2fd052e,ce437da4856845a9,,034567d68bc7f024,B0a-R,16,16,7fe30b1136,0,natural:81047795,ok,harsh|nat_081047795|harsh|rep0|seed20240909,1.643
bursty,,nan,nat_074983792,687c1bd33174f99d40446435a85256d5a4f410297bf9506964222eb061c3dec7,ce437da4856845a9,,47981c143fe7ea85,P,16,16,f6706417e8,2,natural:74983792,ok,bursty|nat_074983792|bursty|rep2|seed20240909,12.4493
harsh,,nan,nat_081047795,9c58d80dc629914fbe5b8019e71e6944ce511c19d1e49ce6c0f1659de2fd052e,ce437da4856845a9,,d7f1cbb03e9a3f21,B0a-R,16,16,7fe30b1136,1,natural:81047795,ok,harsh|nat_081047795|harsh|rep1|seed20240909,1.4736
bursty,,nan,nat_074983792,687c1bd33174f99d40446435a85256d5a4f410297bf9506964222eb061c3dec7,ce437da4856845a9,,672468804f91b638,P,16,16,f6706417e8,0,natural:74983792,ok,bursty|nat_074983792|bursty|rep0|seed20240909,13.1926
bursty,,nan,nat_074983792,687c1bd33174f99d40446435a85256d5a4f410297bf9506964222eb061c3dec7,ce437da4856845a9,,9eaced1a1d6ef91f,P,16,16,f6706417e8,4,natural:74983792,ok,bursty|nat_074983792|bursty|rep4|seed20240909,12.7251
harsh,,nan,nat_081047795,9c58d80dc629914fbe5b8019e71e6944ce511c19d1e49ce6c0f1659de2fd052e,ce437da4856845a9,,62889b209fb43de8,B0a-R,16,16,7fe30b1136,2,natural:81047795,ok,harsh|nat_081047795|harsh|rep2|seed20240909,1.5848
bursty,,nan,nat_074983792,687c1bd33174f99d40446435a85256d5a4f410297bf9506964222eb061c3dec7,ce437da4856845a9,,50f2d3db08c92373,P,16,16,f6706417e8,3,natural:74983792,ok,bursty|nat_074983792|bursty|rep3|seed20240909,12.8583
harsh,,nan,nat_081047795,9c58d80dc629914fbe5b8019e71e6944ce511c19d1e49ce6c0f1659de2fd052e,ce437da4856845a9,,b101a3492fca7be6,B0a-R,16,16,7fe30b1136,3,natural:81047795,ok,harsh|nat_081047795|harsh|rep3|seed20240909,1.4405
harsh,,nan,nat_081047795,9c58d80dc629914fbe5b8019e71e6944ce511c19d1e49ce6c0f1659de2fd052e,ce437da4856845a9,,807bdd8394becb9f,B0a-R,16,16,7fe30b1136,4,natural:81047795,ok,harsh|nat_081047795|harsh|rep4|seed20240909,1.5749
clean,,nan,nat_081047795,9c58d80dc629914fbe5b8019e71e6944ce511c19d1e49ce6c0f1659de2fd052e,ce437da4856845a9,,c2e909475ff981c6,B0d,16,16,7fe30b1136,0,natural:81047795,ok,clean|nat_081047795|clean|rep0|seed20240909,4.0243
clean,,nan,nat_081047795,9c58d80dc629914fbe5b8019e71e6944ce511c19d1e49ce6c0f1659de2fd052e,ce437da4856845a9,,a2ce7dd8973db211,B0d,16,16,7fe30b1136,3,natural:81047795,ok,clean|nat_081047795|clean|rep3|seed20240909,4.0548
clean,,nan,nat_081047795,9c58d80dc629914fbe5b8019e71e6944ce511c19d1e49ce6c0f1659de2fd052e,ce437da4856845a9,,3af7652ab0ae1b97,B0d,16,16,7fe30b1136,1,natural:81047795,ok,clean|nat_081047795|clean|rep1|seed20240909,4.2303
clean,,nan,nat_081047795,9c58d80dc629914fbe5b8019e71e6944ce511c19d1e49ce6c0f1659de2fd052e,ce437da4856845a9,,da056f83ce876663,B0d,16,16,7fe30b1136,2,natural:81047795,ok,clean|nat_081047795|clean|rep2|seed20240909,4.3455
clean,,nan,nat_081047795,9c58d80dc629914fbe5b8019e71e6944ce511c19d1e49ce6c0f1659de2fd052e,ce437da4856845a9,,5eed9e512ecfb052,B0d,16,16,7fe30b1136,4,natural:81047795,ok,clean|nat_081047795|clean|rep4|seed20240909,4.1331
mild,,nan,nat_081047795,9c58d80dc629914fbe5b8019e71e6944ce511c19d1e49ce6c0f1659de2fd052e,ce437da4856845a9,,692d7f4ad48b9598,B0d,16,16,7fe30b1136,1,natural:81047795,ok,mild|nat_081047795|mild|rep1|seed20240909,4.2903
mild,,nan,nat_081047795,9c58d80dc629914fbe5b8019e71e6944ce511c19d1e49ce6c0f1659de2fd052e,ce437da4856845a9,,3daa8c79ed27601a,B0d,16,16,7fe30b1136,0,natural:81047795,ok,mild|nat_081047795|mild|rep0|seed20240909,4.4832
mild,,nan,nat_081047795,9c58d80dc629914fbe5b8019e71e6944ce511c19d1e49ce6c0f1659de2fd052e,ce437da4856845a9,,417d1382aba102db,B0d,16,16,7fe30b1136,3,natural:81047795,ok,mild|nat_081047795|mild|rep3|seed20240909,4.3505
mild,,nan,nat_081047795,9c58d80dc629914fbe5b8019e71e6944ce511c19d1e49ce6c0f1659de2fd052e,ce437da4856845a9,,c90c751af25de5e6,B0d,16,16,7fe30b1136,2,natural:81047795,ok,mild|nat_081047795|mild|rep2|seed20240909,4.6273
mild,,nan,nat_081047795,9c58d80dc629914fbe5b8019e71e6944ce511c19d1e49ce6c0f1659de2fd052e,ce437da4856845a9,,c4dd2c0eab8b8777,B0d,16,16,7fe30b1136,4,natural:81047795,ok,mild|nat_081047795|mild|rep4|seed20240909,4.4384
clean,,nan,nat_081047795,9c58d80dc629914fbe5b8019e71e6944ce511c19d1e49ce6c0f1659de2fd052e,ce437da4856845a9,,ff131b7f7641d138,B1,16,16,7fe30b1136,0,natural:81047795,ok,clean|nat_081047795|clean|rep0|seed20240909,0.3859
clean,,nan,nat_081047795,9c58d80dc629914fbe5b8019e71e6944ce511c19d1e49ce6c0f1659de2fd052e,ce437da4856845a9,,03fce158a0c3fa1d,B1,16,16,7fe30b1136,1,natural:81047795,ok,clean|nat_081047795|clean|rep1|seed20240909,0.3475
clean,,nan,nat_081047795,9c58d80dc629914fbe5b8019e71e6944ce511c19d1e49ce6c0f1659de2fd052e,ce437da4856845a9,,d3e40a962a21793d,B1,16,16,7fe30b1136,2,natural:81047795,ok,clean|nat_081047795|clean|rep2|seed20240909,0.3673
clean,,nan,nat_081047795,9c58d80dc629914fbe5b8019e71e6944ce511c19d1e49ce6c0f1659de2fd052e,ce437da4856845a9,,a22e501216fba661,B1,16,16,7fe30b1136,3,natural:81047795,ok,clean|nat_081047795|clean|rep3|seed20240909,0.3169
clean,,nan,nat_081047795,9c58d80dc629914fbe5b8019e71e6944ce511c19d1e49ce6c0f1659de2fd052e,ce437da4856845a9,,380970c5abc5bd65,B1,16,16,7fe30b1136,4,natural:81047795,ok,clean|nat_081047795|clean|rep4|seed20240909,0.3759
harsh,,nan,nat_081047795,9c58d80dc629914fbe5b8019e71e6944ce511c19d1e49ce6c0f1659de2fd052e,ce437da4856845a9,,95a700214ffd1a55,B0d,16,16,7fe30b1136,0,natural:81047795,ok,harsh|nat_081047795|harsh|rep0|seed20240909,2.6042
harsh,,nan,nat_081047795,9c58d80dc629914fbe5b8019e71e6944ce511c19d1e49ce6c0f1659de2fd052e,ce437da4856845a9,,a9646d48b2446f52,B0d,16,16,7fe30b1136,1,natural:81047795,ok,harsh|nat_081047795|harsh|rep1|seed20240909,2.5074
mild,,nan,nat_081047795,9c58d80dc629914fbe5b8019e71e6944ce511c19d1e49ce6c0f1659de2fd052e,ce437da4856845a9,,cc3d4a3e99071e99,B1,16,16,7fe30b1136,0,natural:81047795,ok,mild|nat_081047795|mild|rep0|seed20240909,0.4988
mild,,nan,nat_081047795,9c58d80dc629914fbe5b8019e71e6944ce511c19d1e49ce6c0f1659de2fd052e,ce437da4856845a9,,16ecd6d1cfd83242,B1,16,16,7fe30b1136,1,natural:81047795,ok,mild|nat_081047795|mild|rep1|seed20240909,0.5618
harsh,,nan,nat_081047795,9c58d80dc629914fbe5b8019e71e6944ce511c19d1e49ce6c0f1659de2fd052e,ce437da4856845a9,,803a480b00315b70,B0d,16,16,7fe30b1136,2,natural:81047795,ok,harsh|nat_081047795|harsh|rep2|seed20240909,2.7799
harsh,,nan,nat_081047795,9c58d80dc629914fbe5b8019e71e6944ce511c19d1e49ce6c0f1659de2fd052e,ce437da4856845a9,,58ad39f8a0f31f4d,B0d,16,16,7fe30b1136,3,natural:81047795,ok,harsh|nat_081047795|harsh|rep3|seed20240909,2.7707
mild,,nan,nat_081047795,9c58d80dc629914fbe5b8019e71e6944ce511c19d1e49ce6c0f1659de2fd052e,ce437da4856845a9,,262b29cfe8c1b4e5,B1,16,16,7fe30b1136,2,natural:81047795,ok,mild|nat_081047795|mild|rep2|seed20240909,0.543
mild,,nan,nat_081047795,9c58d80dc629914fbe5b8019e71e6944ce511c19d1e49ce6c0f1659de2fd052e,ce437da4856845a9,,224cc2475af777a5,B1,16,16,7fe30b1136,3,natural:81047795,ok,mild|nat_081047795|mild|rep3|seed20240909,0.5302
moderate,,nan,nat_081047795,9c58d80dc629914fbe5b8019e71e6944ce511c19d1e49ce6c0f1659de2fd052e,ce437da4856845a9,,f5801ec49446d0ab,B0d,16,16,7fe30b1136,0,natural:81047795,ok,moderate|nat_081047795|moderate|rep0|seed20240909,7.1905
harsh,,nan,nat_081047795,9c58d80dc629914fbe5b8019e71e6944ce511c19d1e49ce6c0f1659de2fd052e,ce437da4856845a9,,9de9aa5de06bb6de,B0d,16,16,7fe30b1136,4,natural:81047795,ok,harsh|nat_081047795|harsh|rep4|seed20240909,2.921
mild,,nan,nat_081047795,9c58d80dc629914fbe5b8019e71e6944ce511c19d1e49ce6c0f1659de2fd052e,ce437da4856845a9,,464d31a17d565d12,B1,16,16,7fe30b1136,4,natural:81047795,ok,mild|nat_081047795|mild|rep4|seed20240909,0.5107
moderate,,nan,nat_081047795,9c58d80dc629914fbe5b8019e71e6944ce511c19d1e49ce6c0f1659de2fd052e,ce437da4856845a9,,fcd70bb3de520caa,B1,16,16,7fe30b1136,1,natural:81047795,ok,moderate|nat_081047795|moderate|rep1|seed20240909,0.5161
moderate,,nan,nat_081047795,9c58d80dc629914fbe5b8019e71e6944ce511c19d1e49ce6c0f1659de2fd052e,ce437da4856845a9,,2ead4f1bac816eea,B0d,16,16,7fe30b1136,4,natural:81047795,ok,moderate|nat_081047795|moderate|rep4|seed20240909,6.9847
moderate,,nan,nat_081047795,9c58d80dc629914fbe5b8019e71e6944ce511c19d1e49ce6c0f1659de2fd052e,ce437da4856845a9,,17cd8bfe484d51da,B1,16,16,7fe30b1136,0,natural:81047795,ok,moderate|nat_081047795|moderate|rep0|seed20240909,0.5885
moderate,,nan,nat_081047795,9c58d80dc629914fbe5b8019e71e6944ce511c19d1e49ce6c0f1659de2fd052e,ce437da4856845a9,,88a6b22b48430dbe,B1,16,16,7fe30b1136,2,natural:81047795,ok,moderate|nat_081047795|moderate|rep2|seed20240909,0.5501
moderate,,nan,nat_081047795,9c58d80dc629914fbe5b8019e71e6944ce511c19d1e49ce6c0f1659de2fd052e,ce437da4856845a9,,e4c3e4296512cd6f,B0d,16,16,7fe30b1136,3,natural:81047795,ok,moderate|nat_081047795|moderate|rep3|seed20240909,7.2812
moderate,,nan,nat_081047795,9c58d80dc629914fbe5b8019e71e6944ce511c19d1e49ce6c0f1659de2fd052e,ce437da4856845a9,,c0c8a6fe22b08d49,B1,16,16,7fe30b1136,3,natural:81047795,ok,moderate|nat_081047795|moderate|rep3|seed20240909,0.5256
moderate,,nan,nat_081047795,9c58d80dc629914fbe5b8019e71e6944ce511c19d1e49ce6c0f1659de2fd052e,ce437da4856845a9,,4d00e1a3ae4abd3f,B0d,16,16,7fe30b1136,2,natural:81047795,ok,moderate|nat_081047795|moderate|rep2|seed20240909,7.4756
bursty,,nan,nat_081047795,9c58d80dc629914fbe5b8019e71e6944ce511c19d1e49ce6c0f1659de2fd052e,ce437da4856845a9,,0e0de5c5d80a2f5a,B0d,16,16,7fe30b1136,0,natural:81047795,ok,bursty|nat_081047795|bursty|rep0|seed20240909,7.1478
moderate,,nan,nat_081047795,9c58d80dc629914fbe5b8019e71e6944ce511c19d1e49ce6c0f1659de2fd052e,ce437da4856845a9,,b6f0497e612e0650,B0d,16,16,7fe30b1136,1,natural:81047795,ok,moderate|nat_081047795|moderate|rep1|seed20240909,7.5476
bursty,,nan,nat_081047795,9c58d80dc629914fbe5b8019e71e6944ce511c19d1e49ce6c0f1659de2fd052e,ce437da4856845a9,,2871f56c3ff8af35,B1,16,16,7fe30b1136,1,natural:81047795,ok,bursty|nat_081047795|bursty|rep1|seed20240909,0.5168
moderate,,nan,nat_081047795,9c58d80dc629914fbe5b8019e71e6944ce511c19d1e49ce6c0f1659de2fd052e,ce437da4856845a9,,b66b503cc92acf69,B1,16,16,7fe30b1136,4,natural:81047795,ok,moderate|nat_081047795|moderate|rep4|seed20240909,0.6213
bursty,,nan,nat_081047795,9c58d80dc629914fbe5b8019e71e6944ce511c19d1e49ce6c0f1659de2fd052e,ce437da4856845a9,,47a2e374e0dd6cbe,B1,16,16,7fe30b1136,0,natural:81047795,ok,bursty|nat_081047795|bursty|rep0|seed20240909,0.58
bursty,,nan,nat_081047795,9c58d80dc629914fbe5b8019e71e6944ce511c19d1e49ce6c0f1659de2fd052e,ce437da4856845a9,,ccbfb958af8dcf7a,B1,16,16,7fe30b1136,2,natural:81047795,ok,bursty|nat_081047795|bursty|rep2|seed20240909,0.5202
bursty,,nan,nat_081047795,9c58d80dc629914fbe5b8019e71e6944ce511c19d1e49ce6c0f1659de2fd052e,ce437da4856845a9,,3812a502fcfad8e9,B1,16,16,7fe30b1136,3,natural:81047795,ok,bursty|nat_081047795|bursty|rep3|seed20240909,0.5384
bursty,,nan,nat_081047795,9c58d80dc629914fbe5b8019e71e6944ce511c19d1e49ce6c0f1659de2fd052e,ce437da4856845a9,,e7f53cd660da014b,B1,16,16,7fe30b1136,4,natural:81047795,ok,bursty|nat_081047795|bursty|rep4|seed20240909,0.6049
harsh,,nan,nat_081047795,9c58d80dc629914fbe5b8019e71e6944ce511c19d1e49ce6c0f1659de2fd052e,ce437da4856845a9,,55b84f91c4af3fe3,B1,16,16,7fe30b1136,0,natural:81047795,ok,harsh|nat_081047795|harsh|rep0|seed20240909,0.5542
clean,,nan,nat_081047795,9c58d80dc629914fbe5b8019e71e6944ce511c19d1e49ce6c0f1659de2fd052e,ce437da4856845a9,,992b062ee866d78d,B2,16,16,7fe30b1136,1,natural:81047795,ok,clean|nat_081047795|clean|rep1|seed20240909,0.354
harsh,,nan,nat_081047795,9c58d80dc629914fbe5b8019e71e6944ce511c19d1e49ce6c0f1659de2fd052e,ce437da4856845a9,,3be85246b733da57,B1,16,16,7fe30b1136,1,natural:81047795,ok,harsh|nat_081047795|harsh|rep1|seed20240909,0.6252
clean,,nan,nat_081047795,9c58d80dc629914fbe5b8019e71e6944ce511c19d1e49ce6c0f1659de2fd052e,ce437da4856845a9,,186a0fdf042e1d6a,B2,16,16,7fe30b1136,3,natural:81047795,ok,clean|nat_081047795|clean|rep3|seed20240909,0.4244
clean,,nan,nat_081047795,9c58d80dc629914fbe5b8019e71e6944ce511c19d1e49ce6c0f1659de2fd052e,ce437da4856845a9,,1ef3580a2cf62d76,B2,16,16,7fe30b1136,0,natural:81047795,ok,clean|nat_081047795|clean|rep0|seed20240909,0.4911
clean,,nan,nat_081047795,9c58d80dc629914fbe5b8019e71e6944ce511c19d1e49ce6c0f1659de2fd052e,ce437da4856845a9,,65ab0e2f64fffbef,B2,16,16,7fe30b1136,2,natural:81047795,ok,clean|nat_081047795|clean|rep2|seed20240909,0.4555
harsh,,nan,nat_081047795,9c58d80dc629914fbe5b8019e71e6944ce511c19d1e49ce6c0f1659de2fd052e,ce437da4856845a9,,57c35774054af21d,B1,16,16,7fe30b1136,3,natural:81047795,ok,harsh|nat_081047795|harsh|rep3|seed20240909,0.5794
harsh,,nan,nat_081047795,9c58d80dc629914fbe5b8019e71e6944ce511c19d1e49ce6c0f1659de2fd052e,ce437da4856845a9,,9e69e08d5d945b81,B1,16,16,7fe30b1136,2,natural:81047795,ok,harsh|nat_081047795|harsh|rep2|seed20240909,0.6311
clean,,nan,nat_081047795,9c58d80dc629914fbe5b8019e71e6944ce511c19d1e49ce6c0f1659de2fd052e,ce437da4856845a9,,ef0cce2f8b4bcb7a,B2,16,16,7fe30b1136,4,natural:81047795,ok,clean|nat_081047795|clean|rep4|seed20240909,0.46
harsh,,nan,nat_081047795,9c58d80dc629914fbe5b8019e71e6944ce511c19d1e49ce6c0f1659de2fd052e,ce437da4856845a9,,74e216b40739330e,B1,16,16,7fe30b1136,4,natural:81047795,ok,harsh|nat_081047795|harsh|rep4|seed20240909,0.6682
mild,,nan,nat_081047795,9c58d80dc629914fbe5b8019e71e6944ce511c19d1e49ce6c0f1659de2fd052e,ce437da4856845a9,,99ef8257cabdb976,B2,16,16,7fe30b1136,0,natural:81047795,ok,mild|nat_081047795|mild|rep0|seed20240909,0.5096
mild,,nan,nat_081047795,9c58d80dc629914fbe5b8019e71e6944ce511c19d1e49ce6c0f1659de2fd052e,ce437da4856845a9,,1161b6bc7244574f,B2,16,16,7fe30b1136,1,natural:81047795,ok,mild|nat_081047795|mild|rep1|seed20240909,0.5613
mild,,nan,nat_081047795,9c58d80dc629914fbe5b8019e71e6944ce511c19d1e49ce6c0f1659de2fd052e,ce437da4856845a9,,62a15e950e915ecc,B2,16,16,7fe30b1136,2,natural:81047795,ok,mild|nat_081047795|mild|rep2|seed20240909,0.5703
mild,,nan,nat_081047795,9c58d80dc629914fbe5b8019e71e6944ce511c19d1e49ce6c0f1659de2fd052e,ce437da4856845a9,,54996a85c89bdd53,B2,16,16,7fe30b1136,3,natural:81047795,ok,mild|nat_081047795|mild|rep3|seed20240909,0.6072
mild,,nan,nat_081047795,9c58d80dc629914fbe5b8019e71e6944ce511c19d1e49ce6c0f1659de2fd052e,ce437da4856845a9,,6d067bb443d1c453,B2,16,16,7fe30b1136,4,natural:81047795,ok,mild|nat_081047795|mild|rep4|seed20240909,0.5886
moderate,,nan,nat_081047795,9c58d80dc629914fbe5b8019e71e6944ce511c19d1e49ce6c0f1659de2fd052e,ce437da4856845a9,,a462e5adce05b288,B2,16,16,7fe30b1136,2,natural:81047795,ok,moderate|nat_081047795|moderate|rep2|seed20240909,0.5573
moderate,,nan,nat_081047795,9c58d80dc629914fbe5b8019e71e6944ce511c19d1e49ce6c0f1659de2fd052e,ce437da4856845a9,,c79064296a085b22,B2,16,16,7fe30b1136,0,natural:81047795,ok,moderate|nat_081047795|moderate|rep0|seed20240909,0.6297
moderate,,nan,nat_081047795,9c58d80dc629914fbe5b8019e71e6944ce511c19d1e49ce6c0f1659de2fd052e,ce437da4856845a9,,d915f5d0027448a6,B2,16,16,7fe30b1136,1,natural:81047795,ok,moderate|nat_081047795|moderate|rep1|seed20240909,0.6475
moderate,,nan,nat_081047795,9c58d80dc629914fbe5b8019e71e6944ce511c19d1e49ce6c0f1659de2fd052e,ce437da4856845a9,,3fe31df500a787f8,B2,16,16,7fe30b1136,3,natural:81047795,ok,moderate|nat_081047795|moderate|rep3|seed20240909,0.6339
bursty,,nan,nat_081047795,9c58d80dc629914fbe5b8019e71e6944ce511c19d1e49ce6c0f1659de2fd052e,ce437da4856845a9,,c3a2fbeb272ecb22,B2,16,16,7fe30b1136,0,natural:81047795,ok,bursty|nat_081047795|bursty|rep0|seed20240909,0.6049
bursty,,nan,nat_081047795,9c58d80dc629914fbe5b8019e71e6944ce511c19d1e49ce6c0f1659de2fd052e,ce437da4856845a9,,7a20d545753cb86b,B2,16,16,7fe30b1136,2,natural:81047795,ok,bursty|nat_081047795|bursty|rep2|seed20240909,0.5154
moderate,,nan,nat_081047795,9c58d80dc629914fbe5b8019e71e6944ce511c19d1e49ce6c0f1659de2fd052e,ce437da4856845a9,,80a4bf8d79c5408c,B2,16,16,7fe30b1136,4,natural:81047795,ok,moderate|nat_081047795|moderate|rep4|seed20240909,0.6357
bursty,,nan,nat_081047795,9c58d80dc629914fbe5b8019e71e6944ce511c19d1e49ce6c0f1659de2fd052e,ce437da4856845a9,,e2ce3e6e122f6241,B2,16,16,7fe30b1136,1,natural:81047795,ok,bursty|nat_081047795|bursty|rep1|seed20240909,0.6904
bursty,,nan,nat_081047795,9c58d80dc629914fbe5b8019e71e6944ce511c19d1e49ce6c0f1659de2fd052e,ce437da4856845a9,,a466222dfe4e5d0c,B2,16,16,7fe30b1136,3,natural:81047795,ok,bursty|nat_081047795|bursty|rep3|seed20240909,0.523
bursty,,nan,nat_081047795,9c58d80dc629914fbe5b8019e71e6944ce511c19d1e49ce6c0f1659de2fd052e,ce437da4856845a9,,2ea8172d8789a31d,B2,16,16,7fe30b1136,4,natural:81047795,ok,bursty|nat_081047795|bursty|rep4|seed20240909,0.4857
harsh,,nan,nat_081047795,9c58d80dc629914fbe5b8019e71e6944ce511c19d1e49ce6c0f1659de2fd052e,ce437da4856845a9,,8460e7f5d181900c,B2,16,16,7fe30b1136,0,natural:81047795,ok,harsh|nat_081047795|harsh|rep0|seed20240909,0.6245
harsh,,nan,nat_081047795,9c58d80dc629914fbe5b8019e71e6944ce511c19d1e49ce6c0f1659de2fd052e,ce437da4856845a9,,33678e0949d5432d,B2,16,16,7fe30b1136,3,natural:81047795,ok,harsh|nat_081047795|harsh|rep3|seed20240909,0.5117
harsh,,nan,nat_081047795,9c58d80dc629914fbe5b8019e71e6944ce511c19d1e49ce6c0f1659de2fd052e,ce437da4856845a9,,246c201c2153d26f,B2,16,16,7fe30b1136,1,natural:81047795,ok,harsh|nat_081047795|harsh|rep1|seed20240909,0.6072
harsh,,nan,nat_081047795,9c58d80dc629914fbe5b8019e71e6944ce511c19d1e49ce6c0f1659de2fd052e,ce437da4856845a9,,02cb0fcff4d9a8f0,B2,16,16,7fe30b1136,2,natural:81047795,ok,harsh|nat_081047795|harsh|rep2|seed20240909,0.6299
harsh,,nan,nat_081047795,9c58d80dc629914fbe5b8019e71e6944ce511c19d1e49ce6c0f1659de2fd052e,ce437da4856845a9,,b30f987929bcde3c,B2,16,16,7fe30b1136,4,natural:81047795,ok,harsh|nat_081047795|harsh|rep4|seed20240909,0.5695
bursty,,nan,nat_081047795,9c58d80dc629914fbe5b8019e71e6944ce511c19d1e49ce6c0f1659de2fd052e,ce437da4856845a9,,d8b9bc7180081433,B0d,16,16,7fe30b1136,3,natural:81047795,ok,bursty|nat_081047795|bursty|rep3|seed20240909,6.8806
bursty,,nan,nat_081047795,9c58d80dc629914fbe5b8019e71e6944ce511c19d1e49ce6c0f1659de2fd052e,ce437da4856845a9,,9e00d79fc4101809,B0d,16,16,7fe30b1136,4,natural:81047795,ok,bursty|nat_081047795|bursty|rep4|seed20240909,7.4565
bursty,,nan,nat_081047795,9c58d80dc629914fbe5b8019e71e6944ce511c19d1e49ce6c0f1659de2fd052e,ce437da4856845a9,,f3cccc377d059579,B0d,16,16,7fe30b1136,1,natural:81047795,ok,bursty|nat_081047795|bursty|rep1|seed20240909,8.0128
bursty,,nan,nat_081047795,9c58d80dc629914fbe5b8019e71e6944ce511c19d1e49ce6c0f1659de2fd052e,ce437da4856845a9,,628881babb68f231,B0d,16,16,7fe30b1136,2,natural:81047795,ok,bursty|nat_081047795|bursty|rep2|seed20240909,7.9915
clean,,nan,nat_081047795,9c58d80dc629914fbe5b8019e71e6944ce511c19d1e49ce6c0f1659de2fd052e,ce437da4856845a9,,dcaa791631c0526e,B3,16,16,7fe30b1136,1,natural:81047795,ok,clean|nat_081047795|clean|rep1|seed20240909,4.122
clean,,nan,nat_081047795,9c58d80dc629914fbe5b8019e71e6944ce511c19d1e49ce6c0f1659de2fd052e,ce437da4856845a9,,4442d3d56c7f7a27,B3,16,16,7fe30b1136,3,natural:81047795,ok,clean|nat_081047795|clean|rep3|seed20240909,4.4006
clean,,nan,nat_081047795,9c58d80dc629914fbe5b8019e71e6944ce511c19d1e49ce6c0f1659de2fd052e,ce437da4856845a9,,0141703dcabbfd7f,B3,16,16,7fe30b1136,2,natural:81047795,ok,clean|nat_081047795|clean|rep2|seed20240909,4.4237
clean,,nan,nat_081047795,9c58d80dc629914fbe5b8019e71e6944ce511c19d1e49ce6c0f1659de2fd052e,ce437da4856845a9,,88bedaf6eff1a158,B3,16,16,7fe30b1136,0,natural:81047795,ok,clean|nat_081047795|clean|rep0|seed20240909,4.6203
clean,,nan,nat_081047795,9c58d80dc629914fbe5b8019e71e6944ce511c19d1e49ce6c0f1659de2fd052e,ce437da4856845a9,,382e687009afa76c,B3,16,16,7fe30b1136,4,natural:81047795,ok,clean|nat_081047795|clean|rep4|seed20240909,4.5297
mild,,nan,nat_081047795,9c58d80dc629914fbe5b8019e71e6944ce511c19d1e49ce6c0f1659de2fd052e,ce437da4856845a9,,04eefc1cd2615c7e,B3,16,16,7fe30b1136,0,natural:81047795,ok,mild|nat_081047795|mild|rep0|seed20240909,4.8276
mild,,nan,nat_081047795,9c58d80dc629914fbe5b8019e71e6944ce511c19d1e49ce6c0f1659de2fd052e,ce437da4856845a9,,5bb4d34f3b2feee4,B3,16,16,7fe30b1136,4,natural:81047795,ok,mild|nat_081047795|mild|rep4|seed20240909,4.537
mild,,nan,nat_081047795,9c58d80dc629914fbe5b8019e71e6944ce511c19d1e49ce6c0f1659de2fd052e,ce437da4856845a9,,be57bd317367b261,B3,16,16,7fe30b1136,2,natural:81047795,ok,mild|nat_081047795|mild|rep2|seed20240909,4.6743
mild,,nan,nat_081047795,9c58d80dc629914fbe5b8019e71e6944ce511c19d1e49ce6c0f1659de2fd052e,ce437da4856845a9,,aaceae1ba7d6cde2,B3,16,16,7fe30b1136,1,natural:81047795,ok,mild|nat_081047795|mild|rep1|seed20240909,4.9052
mild,,nan,nat_081047795,9c58d80dc629914fbe5b8019e71e6944ce511c19d1e49ce6c0f1659de2fd052e,ce437da4856845a9,,c13bd2796e97f535,B3,16,16,7fe30b1136,3,natural:81047795,ok,mild|nat_081047795|mild|rep3|seed20240909,4.6984
moderate,,nan,nat_081047795,9c58d80dc629914fbe5b8019e71e6944ce511c19d1e49ce6c0f1659de2fd052e,ce437da4856845a9,,0357b636c1f95ebd,B3,16,16,7fe30b1136,0,natural:81047795,ok,moderate|nat_081047795|moderate|rep0|seed20240909,6.5928
harsh,,nan,nat_081047795,9c58d80dc629914fbe5b8019e71e6944ce511c19d1e49ce6c0f1659de2fd052e,ce437da4856845a9,,3e37769f354ccdd8,B3,16,16,7fe30b1136,0,natural:81047795,ok,harsh|nat_081047795|harsh|rep0|seed20240909,3.0718
moderate,,nan,nat_081047795,9c58d80dc629914fbe5b8019e71e6944ce511c19d1e49ce6c0f1659de2fd052e,ce437da4856845a9,,7a79cbdfa8d0674f,B3,16,16,7fe30b1136,1,natural:81047795,ok,moderate|nat_081047795|moderate|rep1|seed20240909,7.2902
harsh,,nan,nat_081047795,9c58d80dc629914fbe5b8019e71e6944ce511c19d1e49ce6c0f1659de2fd052e,ce437da4856845a9,,8f1c78f8da13a656,B3,16,16,7fe30b1136,1,natural:81047795,ok,harsh|nat_081047795|harsh|rep1|seed20240909,3.0262
harsh,,nan,nat_081047795,9c58d80dc629914fbe5b8019e71e6944ce511c19d1e49ce6c0f1659de2fd052e,ce437da4856845a9,,6c7d5fc4add247ff,B3,16,16,7fe30b1136,2,natural:81047795,ok,harsh|nat_081047795|harsh|rep2|seed20240909,3.0669
harsh,,nan,nat_081047795,9c58d80dc629914fbe5b8019e71e6944ce511c19d1e49ce6c0f1659de2fd052e,ce437da4856845a9,,847ab145bb640e59,B3,16,16,7fe30b1136,3,natural:81047795,ok,harsh|nat_081047795|harsh|rep3|seed20240909,3.0804
moderate,,nan,nat_081047795,9c58d80dc629914fbe5b8019e71e6944ce511c19d1e49ce6c0f1659de2fd052e,ce437da4856845a9,,9c99560e277a7dbd,B3,16,16,7fe30b1136,2,natural:81047795,ok,moderate|nat_081047795|moderate|rep2|seed20240909,6.8946
harsh,,nan,nat_081047795,9c58d80dc629914fbe5b8019e71e6944ce511c19d1e49ce6c0f1659de2fd052e,ce437da4856845a9,,4c6d3bcd1a3d0968,B3,16,16,7fe30b1136,4,natural:81047795,ok,harsh|nat_081047795|harsh|rep4|seed20240909,3.1953
moderate,,nan,nat_081047795,9c58d80dc629914fbe5b8019e71e6944ce511c19d1e49ce6c0f1659de2fd052e,ce437da4856845a9,,48759a6bf0ce9e05,B3,16,16,7fe30b1136,3,natural:81047795,ok,moderate|nat_081047795|moderate|rep3|seed20240909,6.4758
moderate,,nan,nat_081047795,9c58d80dc629914fbe5b8019e71e6944ce511c19d1e49ce6c0f1659de2fd052e,ce437da4856845a9,,c324bc6cf8eb3cee,B3,16,16,7fe30b1136,4,natural:81047795,ok,moderate|nat_081047795|moderate|rep4|seed20240909,6.6054
clean,,nan,nat_081047795,9c58d80dc629914fbe5b8019e71e6944ce511c19d1e49ce6c0f1659de2fd052e,ce437da4856845a9,,6535a9726199084a,B4,16,16,7fe30b1136,0,natural:81047795,ok,clean|nat_081047795|clean|rep0|seed20240909,4.0728
bursty,,nan,nat_081047795,9c58d80dc629914fbe5b8019e71e6944ce511c19d1e49ce6c0f1659de2fd052e,ce437da4856845a9,,804649441f6f05f2,B3,16,16,7fe30b1136,0,natural:81047795,ok,bursty|nat_081047795|bursty|rep0|seed20240909,7.0072
bursty,,nan,nat_081047795,9c58d80dc629914fbe5b8019e71e6944ce511c19d1e49ce6c0f1659de2fd052e,ce437da4856845a9,,85880d8becbc129c,B3,16,16,7fe30b1136,3,natural:81047795,ok,bursty|nat_081047795|bursty|rep3|seed20240909,6.6302
bursty,,nan,nat_081047795,9c58d80dc629914fbe5b8019e71e6944ce511c19d1e49ce6c0f1659de2fd052e,ce437da4856845a9,,c52673b8496a13d1,B3,16,16,7fe30b1136,1,natural:81047795,ok,bursty|nat_081047795|bursty|rep1|seed20240909,7.0155
clean,,nan,nat_081047795,9c58d80dc629914fbe5b8019e71e6944ce511c19d1e49ce6c0f1659de2fd052e,ce437da4856845a9,,79661adf8b102346,B4,16,16,7fe30b1136,1,natural:81047795,ok,clean|nat_081047795|clean|rep1|seed20240909,4.0553
bursty,,nan,nat_081047795,9c58d80dc629914fbe5b8019e71e6944ce511c19d1e49ce6c0f1659de2fd052e,ce437da4856845a9,,8818085aa94d81e9,B3,16,16,7fe30b1136,4,natural:81047795,ok,bursty|nat_081047795|bursty|rep4|seed20240909,6.7517
bursty,,nan,nat_081047795,9c58d80dc629914fbe5b8019e71e6944ce511c19d1e49ce6c0f1659de2fd052e,ce437da4856845a9,,d3ad5c5a8da1dadd,B3,16,16,7fe30b1136,2,natural:81047795,ok,bursty|nat_081047795|bursty|rep2|seed20240909,7.568
clean,,nan,nat_081047795,9c58d80dc629914fbe5b8019e71e6944ce511c19d1e49ce6c0f1659de2fd052e,ce437da4856845a9,,23888ee7ca8abf55,B4,16,16,7fe30b1136,3,natural:81047795,ok,clean|nat_081047795|clean|rep3|seed20240909,4.1801
clean,,nan,nat_081047795,9c58d80dc629914fbe5b8019e71e6944ce511c19d1e49ce6c0f1659de2fd052e,ce437da4856845a9,,521bc2cd6888f45a,B4,16,16,7fe30b1136,2,natural:81047795,ok,clean|nat_081047795|clean|rep2|seed20240909,4.4114
clean,,nan,nat_081047795,9c58d80dc629914fbe5b8019e71e6944ce511c19d1e49ce6c0f1659de2fd052e,ce437da4856845a9,,ee291c0bd8de4334,B4,16,16,7fe30b1136,4,natural:81047795,ok,clean|nat_081047795|clean|rep4|seed20240909,4.2043
mild,,nan,nat_081047795,9c58d80dc629914fbe5b8019e71e6944ce511c19d1e49ce6c0f1659de2fd052e,ce437da4856845a9,,783fe02adffb34b0,B4,16,16,7fe30b1136,0,natural:81047795,ok,mild|nat_081047795|mild|rep0|seed20240909,4.5989
mild,,nan,nat_081047795,9c58d80dc629914fbe5b8019e71e6944ce511c19d1e49ce6c0f1659de2fd052e,ce437da4856845a9,,b532ed5f83c370c4,B4,16,16,7fe30b1136,2,natural:81047795,ok,mild|nat_081047795|mild|rep2|seed20240909,4.5982
mild,,nan,nat_081047795,9c58d80dc629914fbe5b8019e71e6944ce511c19d1e49ce6c0f1659de2fd052e,ce437da4856845a9,,d10b8078936ec38f,B4,16,16,7fe30b1136,1,natural:81047795,ok,mild|nat_081047795|mild|rep1|seed20240909,4.635
mild,,nan,nat_081047795,9c58d80dc629914fbe5b8019e71e6944ce511c19d1e49ce6c0f1659de2fd052e,ce437da4856845a9,,510aad5bfe581905,B4,16,16,7fe30b1136,3,natural:81047795,ok,mild|nat_081047795|mild|rep3|seed20240909,4.6448
mild,,nan,nat_081047795,9c58d80dc629914fbe5b8019e71e6944ce511c19d1e49ce6c0f1659de2fd052e,ce437da4856845a9,,18fc94bbf9fd8be4,B4,16,16,7fe30b1136,4,natural:81047795,ok,mild|nat_081047795|mild|rep4|seed20240909,4.642
harsh,,nan,nat_081047795,9c58d80dc629914fbe5b8019e71e6944ce511c19d1e49ce6c0f1659de2fd052e,ce437da4856845a9,,460e6aa8225f5f81,B4,16,16,7fe30b1136,0,natural:81047795,ok,harsh|nat_081047795|harsh|rep0|seed20240909,2.7523
harsh,,nan,nat_081047795,9c58d80dc629914fbe5b8019e71e6944ce511c19d1e49ce6c0f1659de2fd052e,ce437da4856845a9,,68797e830b7346b4,B4,16,16,7fe30b1136,1,natural:81047795,ok,harsh|nat_081047795|harsh|rep1|seed20240909,2.647
harsh,,nan,nat_081047795,9c58d80dc629914fbe5b8019e71e6944ce511c19d1e49ce6c0f1659de2fd052e,ce437da4856845a9,,7dc3338ca9ac3284,B4,16,16,7fe30b1136,4,natural:81047795,ok,harsh|nat_081047795|harsh|rep4|seed20240909,2.5411
harsh,,nan,nat_081047795,9c58d80dc629914fbe5b8019e71e6944ce511c19d1e49ce6c0f1659de2fd052e,ce437da4856845a9,,03628a3500332a24,B4,16,16,7fe30b1136,2,natural:81047795,ok,harsh|nat_081047795|harsh|rep2|seed20240909,2.7205
harsh,,nan,nat_081047795,9c58d80dc629914fbe5b8019e71e6944ce511c19d1e49ce6c0f1659de2fd052e,ce437da4856845a9,,67eca2d0f68219f8,B4,16,16,7fe30b1136,3,natural:81047795,ok,harsh|nat_081047795|harsh|rep3|seed20240909,2.8435
moderate,,nan,nat_081047795,9c58d80dc629914fbe5b8019e71e6944ce511c19d1e49ce6c0f1659de2fd052e,ce437da4856845a9,,7f1a07843dc956f5,B4,16,16,7fe30b1136,0,natural:81047795,ok,moderate|nat_081047795|moderate|rep0|seed20240909,7.1348
moderate,,nan,nat_081047795,9c58d80dc629914fbe5b8019e71e6944ce511c19d1e49ce6c0f1659de2fd052e,ce437da4856845a9,,d09082d3754a0a74,B4,16,16,7fe30b1136,2,natural:81047795,ok,moderate|nat_081047795|moderate|rep2|seed20240909,7.3071
moderate,,nan,nat_081047795,9c58d80dc629914fbe5b8019e71e6944ce511c19d1e49ce6c0f1659de2fd052e,ce437da4856845a9,,a9239d1e5297c5bb,B4,16,16,7fe30b1136,1,natural:81047795,ok,moderate|nat_081047795|moderate|rep1|seed20240909,7.7692
moderate,,nan,nat_081047795,9c58d80dc629914fbe5b8019e71e6944ce511c19d1e49ce6c0f1659de2fd052e,ce437da4856845a9,,ce139ba9630455be,B4,16,16,7fe30b1136,3,natural:81047795,ok,moderate|nat_081047795|moderate|rep3|seed20240909,7.1299
moderate,,nan,nat_081047795,9c58d80dc629914fbe5b8019e71e6944ce511c19d1e49ce6c0f1659de2fd052e,ce437da4856845a9,,8dbf0c9ebcffe4e3,B4,16,16,7fe30b1136,4,natural:81047795,ok,moderate|nat_081047795|moderate|rep4|seed20240909,7.2606
bursty,,nan,nat_081047795,9c58d80dc629914fbe5b8019e71e6944ce511c19d1e49ce6c0f1659de2fd052e,ce437da4856845a9,,531d30d7fa5cf205,B4,16,16,7fe30b1136,0,natural:81047795,ok,bursty|nat_081047795|bursty|rep0|seed20240909,7.3725
bursty,,nan,nat_081047795,9c58d80dc629914fbe5b8019e71e6944ce511c19d1e49ce6c0f1659de2fd052e,ce437da4856845a9,,32553bf1d5f5647c,B4,16,16,7fe30b1136,3,natural:81047795,ok,bursty|nat_081047795|bursty|rep3|seed20240909,6.9693
bursty,,nan,nat_081047795,9c58d80dc629914fbe5b8019e71e6944ce511c19d1e49ce6c0f1659de2fd052e,ce437da4856845a9,,cc1298ea0d4730b8,B4,16,16,7fe30b1136,1,natural:81047795,ok,bursty|nat_081047795|bursty|rep1|seed20240909,7.755
bursty,,nan,nat_081047795,9c58d80dc629914fbe5b8019e71e6944ce511c19d1e49ce6c0f1659de2fd052e,ce437da4856845a9,,0c1105d0d2a2c32b,B4,16,16,7fe30b1136,2,natural:81047795,ok,bursty|nat_081047795|bursty|rep2|seed20240909,7.9369
bursty,,nan,nat_081047795,9c58d80dc629914fbe5b8019e71e6944ce511c19d1e49ce6c0f1659de2fd052e,ce437da4856845a9,,d089342497f8c5a7,B4,16,16,7fe30b1136,4,natural:81047795,ok,bursty|nat_081047795|bursty|rep4|seed20240909,7.7878
clean,,nan,nat_081047795,9c58d80dc629914fbe5b8019e71e6944ce511c19d1e49ce6c0f1659de2fd052e,ce437da4856845a9,,ae7f106c31e22258,B4t,16,16,7e31e8b9ec,0,natural:81047795,ok,clean|nat_081047795|clean|rep0|seed20240909,6.7842
clean,,nan,nat_081047795,9c58d80dc629914fbe5b8019e71e6944ce511c19d1e49ce6c0f1659de2fd052e,ce437da4856845a9,,f3c4b8649b5d811f,B4t,16,16,7e31e8b9ec,1,natural:81047795,ok,clean|nat_081047795|clean|rep1|seed20240909,6.8136
clean,,nan,nat_081047795,9c58d80dc629914fbe5b8019e71e6944ce511c19d1e49ce6c0f1659de2fd052e,ce437da4856845a9,,3d5b0c75c39aeda8,B4t,16,16,7e31e8b9ec,2,natural:81047795,ok,clean|nat_081047795|clean|rep2|seed20240909,6.7907
clean,,nan,nat_081047795,9c58d80dc629914fbe5b8019e71e6944ce511c19d1e49ce6c0f1659de2fd052e,ce437da4856845a9,,10137ca52e3436e2,B4t,16,16,7e31e8b9ec,4,natural:81047795,ok,clean|nat_081047795|clean|rep4|seed20240909,6.6493
clean,,nan,nat_081047795,9c58d80dc629914fbe5b8019e71e6944ce511c19d1e49ce6c0f1659de2fd052e,ce437da4856845a9,,6f012a32bb71f1a7,B4t,16,16,7e31e8b9ec,3,natural:81047795,ok,clean|nat_081047795|clean|rep3|seed20240909,6.7264
mild,,nan,nat_081047795,9c58d80dc629914fbe5b8019e71e6944ce511c19d1e49ce6c0f1659de2fd052e,ce437da4856845a9,,43a2999983102923,B4t,16,16,7e31e8b9ec,0,natural:81047795,ok,mild|nat_081047795|mild|rep0|seed20240909,7.1245
mild,,nan,nat_081047795,9c58d80dc629914fbe5b8019e71e6944ce511c19d1e49ce6c0f1659de2fd052e,ce437da4856845a9,,12b1437b989af73a,B4t,16,16,7e31e8b9ec,1,natural:81047795,ok,mild|nat_081047795|mild|rep1|seed20240909,7.3189
mild,,nan,nat_081047795,9c58d80dc629914fbe5b8019e71e6944ce511c19d1e49ce6c0f1659de2fd052e,ce437da4856845a9,,bbb16aab7103fab2,B4t,16,16,7e31e8b9ec,2,natural:81047795,ok,mild|nat_081047795|mild|rep2|seed20240909,7.2502
mild,,nan,nat_081047795,9c58d80dc629914fbe5b8019e71e6944ce511c19d1e49ce6c0f1659de2fd052e,ce437da4856845a9,,37e54241181e073d,B4t,16,16,7e31e8b9ec,3,natural:81047795,ok,mild|nat_081047795|mild|rep3|seed20240909,7.0696
mild,,nan,nat_081047795,9c58d80dc629914fbe5b8019e71e6944ce511c19d1e49ce6c0f1659de2fd052e,ce437da4856845a9,,0e9b01f466c500be,B4t,16,16,7e31e8b9ec,4,natural:81047795,ok,mild|nat_081047795|mild|rep4|seed20240909,7.256
harsh,,nan,nat_081047795,9c58d80dc629914fbe5b8019e71e6944ce511c19d1e49ce6c0f1659de2fd052e,ce437da4856845a9,,67bcc31d60644615,B4t,16,16,7e31e8b9ec,0,natural:81047795,ok,harsh|nat_081047795|harsh|rep0|seed20240909,3.9933
harsh,,nan,nat_081047795,9c58d80dc629914fbe5b8019e71e6944ce511c19d1e49ce6c0f1659de2fd052e,ce437da4856845a9,,a470ba82a7667e33,B4t,16,16,7e31e8b9ec,1,natural:81047795,ok,harsh|nat_081047795|harsh|rep1|seed20240909,3.9994
harsh,,nan,nat_081047795,9c58d80dc629914fbe5b8019e71e6944ce511c19d1e49ce6c0f1659de2fd052e,ce437da4856845a9,,556c8b2e495d82da,B4t,16,16,7e31e8b9ec,2,natural:81047795,ok,harsh|nat_081047795|harsh|rep2|seed20240909,3.6366
harsh,,nan,nat_081047795,9c58d80dc629914fbe5b8019e71e6944ce511c19d1e49ce6c0f1659de2fd052e,ce437da4856845a9,,50cb10a505c4a266,B4t,16,16,7e31e8b9ec,3,natural:81047795,ok,harsh|nat_081047795|harsh|rep3|seed20240909,4.0412
harsh,,nan,nat_081047795,9c58d80dc629914fbe5b8019e71e6944ce511c19d1e49ce6c0f1659de2fd052e,ce437da4856845a9,,8a687304b03c71e3,B4t,16,16,7e31e8b9ec,4,natural:81047795,ok,harsh|nat_081047795|harsh|rep4|seed20240909,4.0094
moderate,,nan,nat_081047795,9c58d80dc629914fbe5b8019e71e6944ce511c19d1e49ce6c0f1659de2fd052e,ce437da4856845a9,,ced8a4a1d0381252,B4t,16,16,7e31e8b9ec,0,natural:81047795,ok,moderate|nat_081047795|moderate|rep0|seed20240909,12.6915
moderate,,nan,nat_081047795,9c58d80dc629914fbe5b8019e71e6944ce511c19d1e49ce6c0f1659de2fd052e,ce437da4856845a9,,cec24e67e68b34c7,B4t,16,16,7e31e8b9ec,1,natural:81047795,ok,moderate|nat_081047795|moderate|rep1|seed20240909,12.8086
moderate,,nan,nat_081047795,9c58d80dc629914fbe5b8019e71e6944ce511c19d1e49ce6c0f1659de2fd052e,ce437da4856845a9,,7f65b401db25b4b6,B4t,16,16,7e31e8b9ec,2,natural:81047795,ok,moderate|nat_081047795|moderate|rep2|seed20240909,12.8942
clean,,nan,nat_081047795,9c58d80dc629914fbe5b8019e71e6944ce511c19d1e49ce6c0f1659de2fd052e,ce437da4856845a9,,29efcfb80629203f,P,16,16,f6706417e8,0,natural:81047795,ok,clean|nat_081047795|clean|rep0|seed20240909,6.5448
moderate,,nan,nat_081047795,9c58d80dc629914fbe5b8019e71e6944ce511c19d1e49ce6c0f1659de2fd052e,ce437da4856845a9,,3d0172c1924c271b,B4t,16,16,7e31e8b9ec,3,natural:81047795,ok,moderate|nat_081047795|moderate|rep3|seed20240909,12.9656
moderate,,nan,nat_081047795,9c58d80dc629914fbe5b8019e71e6944ce511c19d1e49ce6c0f1659de2fd052e,ce437da4856845a9,,4b0447ae0b18dcf9,B4t,16,16,7e31e8b9ec,4,natural:81047795,ok,moderate|nat_081047795|moderate|rep4|seed20240909,12.543
clean,,nan,nat_081047795,9c58d80dc629914fbe5b8019e71e6944ce511c19d1e49ce6c0f1659de2fd052e,ce437da4856845a9,,fb3ee67c1e0417e5,P,16,16,f6706417e8,1,natural:81047795,ok,clean|nat_081047795|clean|rep1|seed20240909,6.7772
bursty,,nan,nat_081047795,9c58d80dc629914fbe5b8019e71e6944ce511c19d1e49ce6c0f1659de2fd052e,ce437da4856845a9,,7f5e5265293b9259,B4t,16,16,7e31e8b9ec,0,natural:81047795,ok,bursty|nat_081047795|bursty|rep0|seed20240909,13.1263
bursty,,nan,nat_081047795,9c58d80dc629914fbe5b8019e71e6944ce511c19d1e49ce6c0f1659de2fd052e,ce437da4856845a9,,83a8d297ae91d22d,B4t,16,16,7e31e8b9ec,1,natural:81047795,ok,bursty|nat_081047795|bursty|rep1|seed20240909,13.4379
clean,,nan,nat_081047795,9c58d80dc629914fbe5b8019e71e6944ce511c19d1e49ce6c0f1659de2fd052e,ce437da4856845a9,,41c83e68a0190d54,P,16,16,f6706417e8,2,natural:81047795,ok,clean|nat_081047795|clean|rep2|seed20240909,6.8204
clean,,nan,nat_081047795,9c58d80dc629914fbe5b8019e71e6944ce511c19d1e49ce6c0f1659de2fd052e,ce437da4856845a9,,f54edd67f40ffc2a,P,16,16,f6706417e8,3,natural:81047795,ok,clean|nat_081047795|clean|rep3|seed20240909,6.7339
clean,,nan,nat_081047795,9c58d80dc629914fbe5b8019e71e6944ce511c19d1e49ce6c0f1659de2fd052e,ce437da4856845a9,,cdeab75f2476b76b,P,16,16,f6706417e8,4,natural:81047795,ok,clean|nat_081047795|clean|rep4|seed20240909,6.5128
bursty,,nan,nat_081047795,9c58d80dc629914fbe5b8019e71e6944ce511c19d1e49ce6c0f1659de2fd052e,ce437da4856845a9,,b6654a38f825ac4c,B4t,16,16,7e31e8b9ec,2,natural:81047795,ok,bursty|nat_081047795|bursty|rep2|seed20240909,12.959
bursty,,nan,nat_081047795,9c58d80dc629914fbe5b8019e71e6944ce511c19d1e49ce6c0f1659de2fd052e,ce437da4856845a9,,8960998122701974,B4t,16,16,7e31e8b9ec,3,natural:81047795,ok,bursty|nat_081047795|bursty|rep3|seed20240909,12.7872
mild,,nan,nat_081047795,9c58d80dc629914fbe5b8019e71e6944ce511c19d1e49ce6c0f1659de2fd052e,ce437da4856845a9,,873efcacc67450fc,P,16,16,f6706417e8,0,natural:81047795,ok,mild|nat_081047795|mild|rep0|seed20240909,6.8281
bursty,,nan,nat_081047795,9c58d80dc629914fbe5b8019e71e6944ce511c19d1e49ce6c0f1659de2fd052e,ce437da4856845a9,,e9a734baf7788052,B4t,16,16,7e31e8b9ec,4,natural:81047795,ok,bursty|nat_081047795|bursty|rep4|seed20240909,13.4093
mild,,nan,nat_081047795,9c58d80dc629914fbe5b8019e71e6944ce511c19d1e49ce6c0f1659de2fd052e,ce437da4856845a9,,c030aca764223e37,P,16,16,f6706417e8,1,natural:81047795,ok,mild|nat_081047795|mild|rep1|seed20240909,7.1821
harsh,,nan,nat_081047795,9c58d80dc629914fbe5b8019e71e6944ce511c19d1e49ce6c0f1659de2fd052e,ce437da4856845a9,,8fb7cdb3366754c6,P,16,16,f6706417e8,0,natural:81047795,ok,harsh|nat_081047795|harsh|rep0|seed20240909,3.7353
mild,,nan,nat_081047795,9c58d80dc629914fbe5b8019e71e6944ce511c19d1e49ce6c0f1659de2fd052e,ce437da4856845a9,,c9d548daf04a2481,P,16,16,f6706417e8,2,natural:81047795,ok,mild|nat_081047795|mild|rep2|seed20240909,7.3169
mild,,nan,nat_081047795,9c58d80dc629914fbe5b8019e71e6944ce511c19d1e49ce6c0f1659de2fd052e,ce437da4856845a9,,8214d48246507f47,P,16,16,f6706417e8,3,natural:81047795,ok,mild|nat_081047795|mild|rep3|seed20240909,7.037
mild,,nan,nat_081047795,9c58d80dc629914fbe5b8019e71e6944ce511c19d1e49ce6c0f1659de2fd052e,ce437da4856845a9,,bfca62b7522bfbf4,P,16,16,f6706417e8,4,natural:81047795,ok,mild|nat_081047795|mild|rep4|seed20240909,7.008
clean,,nan,nat_097165575,1a4094b54284e94f3684cb3ad1feca102208da03681a2b01a37853fe0024ceaa,ce437da4856845a9,,d2ef3cc7ef7a7963,B0a,16,16,7fe30b1136,0,natural:97165575,ok,clean|nat_097165575|clean|rep0|seed20240909,0.3143
clean,,nan,nat_097165575,1a4094b54284e94f3684cb3ad1feca102208da03681a2b01a37853fe0024ceaa,ce437da4856845a9,,ef2ef00f81aaf76a,B0a,16,16,7fe30b1136,1,natural:97165575,ok,clean|nat_097165575|clean|rep1|seed20240909,0.3233
harsh,,nan,nat_081047795,9c58d80dc629914fbe5b8019e71e6944ce511c19d1e49ce6c0f1659de2fd052e,ce437da4856845a9,,e3e201d55a0c609a,P,16,16,f6706417e8,1,natural:81047795,ok,harsh|nat_081047795|harsh|rep1|seed20240909,3.9546
clean,,nan,nat_097165575,1a4094b54284e94f3684cb3ad1feca102208da03681a2b01a37853fe0024ceaa,ce437da4856845a9,,15040bb83fe26df5,B0a,16,16,7fe30b1136,2,natural:97165575,ok,clean|nat_097165575|clean|rep2|seed20240909,0.3601
clean,,nan,nat_097165575,1a4094b54284e94f3684cb3ad1feca102208da03681a2b01a37853fe0024ceaa,ce437da4856845a9,,644ea9e073e6e10b,B0a,16,16,7fe30b1136,3,natural:97165575,ok,clean|nat_097165575|clean|rep3|seed20240909,0.3612
clean,,nan,nat_097165575,1a4094b54284e94f3684cb3ad1feca102208da03681a2b01a37853fe0024ceaa,ce437da4856845a9,,5ede81a9d2c85adc,B0a,16,16,7fe30b1136,4,natural:97165575,ok,clean|nat_097165575|clean|rep4|seed20240909,0.4114
mild,,nan,nat_097165575,1a4094b54284e94f3684cb3ad1feca102208da03681a2b01a37853fe0024ceaa,ce437da4856845a9,,6bb1ae0790ab141c,B0a,16,16,7fe30b1136,0,natural:97165575,ok,mild|nat_097165575|mild|rep0|seed20240909,0.4688
mild,,nan,nat_097165575,1a4094b54284e94f3684cb3ad1feca102208da03681a2b01a37853fe0024ceaa,ce437da4856845a9,,3822b1faeab36707,B0a,16,16,7fe30b1136,1,natural:97165575,ok,mild|nat_097165575|mild|rep1|seed20240909,0.4403
mild,,nan,nat_097165575,1a4094b54284e94f3684cb3ad1feca102208da03681a2b01a37853fe0024ceaa,ce437da4856845a9,,38dd8cf4998d4744,B0a,16,16,7fe30b1136,2,natural:97165575,ok,mild|nat_097165575|mild|rep2|seed20240909,0.4937
mild,,nan,nat_097165575,1a4094b54284e94f3684cb3ad1feca102208da03681a2b01a37853fe0024ceaa,ce437da4856845a9,,dc98ca670eb2ce77,B0a,16,16,7fe30b1136,4,natural:97165575,ok,mild|nat_097165575|mild|rep4|seed20240909,0.4405
mild,,nan,nat_097165575,1a4094b54284e94f3684cb3ad1feca102208da03681a2b01a37853fe0024ceaa,ce437da4856845a9,,fcd0a4be9853f307,B0a,16,16,7fe30b1136,3,natural:97165575,ok,mild|nat_097165575|mild|rep3|seed20240909,0.5389
moderate,,nan,nat_097165575,1a4094b54284e94f3684cb3ad1feca102208da03681a2b01a37853fe0024ceaa,ce437da4856845a9,,2f1fb041c8991c49,B0a,16,16,7fe30b1136,0,natural:97165575,ok,moderate|nat_097165575|moderate|rep0|seed20240909,0.4786
moderate,,nan,nat_097165575,1a4094b54284e94f3684cb3ad1feca102208da03681a2b01a37853fe0024ceaa,ce437da4856845a9,,bf0c50fe4a448bf1,B0a,16,16,7fe30b1136,1,natural:97165575,ok,moderate|nat_097165575|moderate|rep1|seed20240909,0.5049
moderate,,nan,nat_097165575,1a4094b54284e94f3684cb3ad1feca102208da03681a2b01a37853fe0024ceaa,ce437da4856845a9,,03149a524985b5e2,B0a,16,16,7fe30b1136,2,natural:97165575,ok,moderate|nat_097165575|moderate|rep2|seed20240909,0.5269
moderate,,nan,nat_097165575,1a4094b54284e94f3684cb3ad1feca102208da03681a2b01a37853fe0024ceaa,ce437da4856845a9,,613e7ac6a249cfd2,B0a,16,16,7fe30b1136,3,natural:97165575,ok,moderate|nat_097165575|moderate|rep3|seed20240909,0.4806
moderate,,nan,nat_097165575,1a4094b54284e94f3684cb3ad1feca102208da03681a2b01a37853fe0024ceaa,ce437da4856845a9,,49b31d02e40f4b1a,B0a,16,16,7fe30b1136,4,natural:97165575,ok,moderate|nat_097165575|moderate|rep4|seed20240909,0.5308
bursty,,nan,nat_097165575,1a4094b54284e94f3684cb3ad1feca102208da03681a2b01a37853fe0024ceaa,ce437da4856845a9,,e698bec8b7593b76,B0a,16,16,7fe30b1136,0,natural:97165575,ok,bursty|nat_097165575|bursty|rep0|seed20240909,0.5131
bursty,,nan,nat_097165575,1a4094b54284e94f3684cb3ad1feca102208da03681a2b01a37853fe0024ceaa,ce437da4856845a9,,7116efde38b52d51,B0a,16,16,7fe30b1136,1,natural:97165575,ok,bursty|nat_097165575|bursty|rep1|seed20240909,0.4748
bursty,,nan,nat_097165575,1a4094b54284e94f3684cb3ad1feca102208da03681a2b01a37853fe0024ceaa,ce437da4856845a9,,1b4c3d0675d522b3,B0a,16,16,7fe30b1136,2,natural:97165575,ok,bursty|nat_097165575|bursty|rep2|seed20240909,0.4744
bursty,,nan,nat_097165575,1a4094b54284e94f3684cb3ad1feca102208da03681a2b01a37853fe0024ceaa,ce437da4856845a9,,74ab154e1dcafa5f,B0a,16,16,7fe30b1136,3,natural:97165575,ok,bursty|nat_097165575|bursty|rep3|seed20240909,0.5013
harsh,,nan,nat_081047795,9c58d80dc629914fbe5b8019e71e6944ce511c19d1e49ce6c0f1659de2fd052e,ce437da4856845a9,,9e8b1ba4581889ca,P,16,16,f6706417e8,2,natural:81047795,ok,harsh|nat_081047795|harsh|rep2|seed20240909,3.8601
bursty,,nan,nat_097165575,1a4094b54284e94f3684cb3ad1feca102208da03681a2b01a37853fe0024ceaa,ce437da4856845a9,,d0a3511a161c96cf,B0a,16,16,7fe30b1136,4,natural:97165575,ok,bursty|nat_097165575|bursty|rep4|seed20240909,0.5663
harsh,,nan,nat_097165575,1a4094b54284e94f3684cb3ad1feca102208da03681a2b01a37853fe0024ceaa,ce437da4856845a9,,bc1942364abd9b6a,B0a,16,16,7fe30b1136,0,natural:97165575,ok,harsh|nat_097165575|harsh|rep0|seed20240909,0.5127
harsh,,nan,nat_097165575,1a4094b54284e94f3684cb3ad1feca102208da03681a2b01a37853fe0024ceaa,ce437da4856845a9,,c82115b998a6fdd0,B0a,16,16,7fe30b1136,1,natural:97165575,ok,harsh|nat_097165575|harsh|rep1|seed20240909,0.5383
harsh,,nan,nat_081047795,9c58d80dc629914fbe5b8019e71e6944ce511c19d1e49ce6c0f1659de2fd052e,ce437da4856845a9,,bf1db836006891f4,P,16,16,f6706417e8,4,natural:81047795,ok,harsh|nat_081047795|harsh|rep4|seed20240909,4.0147
harsh,,nan,nat_097165575,1a4094b54284e94f3684cb3ad1feca102208da03681a2b01a37853fe0024ceaa,ce437da4856845a9,,d38809d75af8605c,B0a,16,16,7fe30b1136,2,natural:97165575,ok,harsh|nat_097165575|harsh|rep2|seed20240909,0.6048
harsh,,nan,nat_081047795,9c58d80dc629914fbe5b8019e71e6944ce511c19d1e49ce6c0f1659de2fd052e,ce437da4856845a9,,526a95f57e65c375,P,16,16,f6706417e8,3,natural:81047795,ok,harsh|nat_081047795|harsh|rep3|seed20240909,4.1849
harsh,,nan,nat_097165575,1a4094b54284e94f3684cb3ad1feca102208da03681a2b01a37853fe0024ceaa,ce437da4856845a9,,592770ae7a29114d,B0a,16,16,7fe30b1136,3,natural:97165575,ok,harsh|nat_097165575|harsh|rep3|seed20240909,0.5638
harsh,,nan,nat_097165575,1a4094b54284e94f3684cb3ad1feca102208da03681a2b01a37853fe0024ceaa,ce437da4856845a9,,38c93bc88199f480,B0a,16,16,7fe30b1136,4,natural:97165575,ok,harsh|nat_097165575|harsh|rep4|seed20240909,0.5508
clean,,nan,nat_097165575,1a4094b54284e94f3684cb3ad1feca102208da03681a2b01a37853fe0024ceaa,ce437da4856845a9,,b6a21271558ce16b,B0a-R,16,16,7fe30b1136,2,natural:97165575,ok,clean|nat_097165575|clean|rep2|seed20240909,0.972
clean,,nan,nat_097165575,1a4094b54284e94f3684cb3ad1feca102208da03681a2b01a37853fe0024ceaa,ce437da4856845a9,,d52b715b575c1fba,B0a-R,16,16,7fe30b1136,1,natural:97165575,ok,clean|nat_097165575|clean|rep1|seed20240909,1.0535
clean,,nan,nat_097165575,1a4094b54284e94f3684cb3ad1feca102208da03681a2b01a37853fe0024ceaa,ce437da4856845a9,,8bf835e0ea464872,B0a-R,16,16,7fe30b1136,0,natural:97165575,ok,clean|nat_097165575|clean|rep0|seed20240909,1.0871
clean,,nan,nat_097165575,1a4094b54284e94f3684cb3ad1feca102208da03681a2b01a37853fe0024ceaa,ce437da4856845a9,,939df5bbd1a32fb3,B0a-R,16,16,7fe30b1136,3,natural:97165575,ok,clean|nat_097165575|clean|rep3|seed20240909,1.032
clean,,nan,nat_097165575,1a4094b54284e94f3684cb3ad1feca102208da03681a2b01a37853fe0024ceaa,ce437da4856845a9,,6d763b4f4f35198a,B0a-R,16,16,7fe30b1136,4,natural:97165575,ok,clean|nat_097165575|clean|rep4|seed20240909,0.9801
moderate,,nan,nat_081047795,9c58d80dc629914fbe5b8019e71e6944ce511c19d1e49ce6c0f1659de2fd052e,ce437da4856845a9,,e379b327fa5437ff,P,16,16,f6706417e8,0,natural:81047795,ok,moderate|nat_081047795|moderate|rep0|seed20240909,12.4139
mild,,nan,nat_097165575,1a4094b54284e94f3684cb3ad1feca102208da03681a2b01a37853fe0024ceaa,ce437da4856845a9,,a9034e7183aa04b7,B0a-R,16,16,7fe30b1136,0,natural:97165575,ok,mild|nat_097165575|mild|rep0|seed20240909,1.4134
mild,,nan,nat_097165575,1a4094b54284e94f3684cb3ad1feca102208da03681a2b01a37853fe0024ceaa,ce437da4856845a9,,fcb543d33571ba21,B0a-R,16,16,7fe30b1136,1,natural:97165575,ok,mild|nat_097165575|mild|rep1|seed20240909,1.3132
mild,,nan,nat_097165575,1a4094b54284e94f3684cb3ad1feca102208da03681a2b01a37853fe0024ceaa,ce437da4856845a9,,df1bb441a9853697,B0a-R,16,16,7fe30b1136,2,natural:97165575,ok,mild|nat_097165575|mild|rep2|seed20240909,1.3265
mild,,nan,nat_097165575,1a4094b54284e94f3684cb3ad1feca102208da03681a2b01a37853fe0024ceaa,ce437da4856845a9,,4f81f0d9e0f45a24,B0a-R,16,16,7fe30b1136,4,natural:97165575,ok,mild|nat_097165575|mild|rep4|seed20240909,1.2914
mild,,nan,nat_097165575,1a4094b54284e94f3684cb3ad1feca102208da03681a2b01a37853fe0024ceaa,ce437da4856845a9,,37f05548273971eb,B0a-R,16,16,7fe30b1136,3,natural:97165575,ok,mild|nat_097165575|mild|rep3|seed20240909,1.4297
moderate,,nan,nat_081047795,9c58d80dc629914fbe5b8019e71e6944ce511c19d1e49ce6c0f1659de2fd052e,ce437da4856845a9,,522ee57f8d9ec8be,P,16,16,f6706417e8,1,natural:81047795,ok,moderate|nat_081047795|moderate|rep1|seed20240909,12.7423
moderate,,nan,nat_081047795,9c58d80dc629914fbe5b8019e71e6944ce511c19d1e49ce6c0f1659de2fd052e,ce437da4856845a9,,144678dbd7eecae8,P,16,16,f6706417e8,2,natural:81047795,ok,moderate|nat_081047795|moderate|rep2|seed20240909,12.4781
moderate,,nan,nat_097165575,1a4094b54284e94f3684cb3ad1feca102208da03681a2b01a37853fe0024ceaa,ce437da4856845a9,,7d80b71df99302ad,B0a-R,16,16,7fe30b1136,0,natural:97165575,ok,moderate|nat_097165575|moderate|rep0|seed20240909,1.5597
moderate,,nan,nat_081047795,9c58d80dc629914fbe5b8019e71e6944ce511c19d1e49ce6c0f1659de2fd052e,ce437da4856845a9,,1047934698d01e47,P,16,16,f6706417e8,3,natural:81047795,ok,moderate|nat_081047795|moderate|rep3|seed20240909,12.5056
moderate,,nan,nat_081047795,9c58d80dc629914fbe5b8019e71e6944ce511c19d1e49ce6c0f1659de2fd052e,ce437da4856845a9,,2acc8cf111e973c3,P,16,16,f6706417e8,4,natural:81047795,ok,moderate|nat_081047795|moderate|rep4|seed20240909,12.5732
moderate,,nan,nat_097165575,1a4094b54284e94f3684cb3ad1feca102208da03681a2b01a37853fe0024ceaa,ce437da4856845a9,,108416912670db9d,B0a-R,16,16,7fe30b1136,1,natural:97165575,ok,moderate|nat_097165575|moderate|rep1|seed20240909,1.6103
moderate,,nan,nat_097165575,1a4094b54284e94f3684cb3ad1feca102208da03681a2b01a37853fe0024ceaa,ce437da4856845a9,,1fbc36aade3ed0b8,B0a-R,16,16,7fe30b1136,2,natural:97165575,ok,moderate|nat_097165575|moderate|rep2|seed20240909,1.5613
bursty,,nan,nat_081047795,9c58d80dc629914fbe5b8019e71e6944ce511c19d1e49ce6c0f1659de2fd052e,ce437da4856845a9,,d982327a1ea865e8,P,16,16,f6706417e8,0,natural:81047795,ok,bursty|nat_081047795|bursty|rep0|seed20240909,12.7844
bursty,,nan,nat_081047795,9c58d80dc629914fbe5b8019e71e6944ce511c19d1e49ce6c0f1659de2fd052e,ce437da4856845a9,,7add1b13085c4b78,P,16,16,f6706417e8,2,natural:81047795,ok,bursty|nat_081047795|bursty|rep2|seed20240909,12.0821
moderate,,nan,nat_097165575,1a4094b54284e94f3684cb3ad1feca102208da03681a2b01a37853fe0024ceaa,ce437da4856845a9,,9593c9d322ef4cb3,B0a-R,16,16,7fe30b1136,3,natural:97165575,ok,moderate|nat_097165575|moderate|rep3|seed20240909,1.5689
bursty,,nan,nat_097165575,1a4094b54284e94f3684cb3ad1feca102208da03681a2b01a37853fe0024ceaa,ce437da4856845a9,,3233532b78608f0c,B0a-R,16,16,7fe30b1136,0,natural:97165575,ok,bursty|nat_097165575|bursty|rep0|seed20240909,1.5052
bursty,,nan,nat_097165575,1a4094b54284e94f3684cb3ad1feca102208da03681a2b01a37853fe0024ceaa,ce437da4856845a9,,13543d83033244c8,B0a-R,16,16,7fe30b1136,2,natural:97165575,ok,bursty|nat_097165575|bursty|rep2|seed20240909,1.5018
bursty,,nan,nat_097165575,1a4094b54284e94f3684cb3ad1feca102208da03681a2b01a37853fe0024ceaa,ce437da4856845a9,,eba2c2fdd65c23d2,B0a-R,16,16,7fe30b1136,1,natural:97165575,ok,bursty|nat_097165575|bursty|rep1|seed20240909,1.5536
moderate,,nan,nat_097165575,1a4094b54284e94f3684cb3ad1feca102208da03681a2b01a37853fe0024ceaa,ce437da4856845a9,,3da82c86bb184a79,B0a-R,16,16,7fe30b1136,4,natural:97165575,ok,moderate|nat_097165575|moderate|rep4|seed20240909,1.6959
bursty,,nan,nat_081047795,9c58d80dc629914fbe5b8019e71e6944ce511c19d1e49ce6c0f1659de2fd052e,ce437da4856845a9,,021ea320bf7b8ed1,P,16,16,f6706417e8,1,natural:81047795,ok,bursty|nat_081047795|bursty|rep1|seed20240909,13.1245
bursty,,nan,nat_097165575,1a4094b54284e94f3684cb3ad1feca102208da03681a2b01a37853fe0024ceaa,ce437da4856845a9,,a336a9212d19d5d2,B0a-R,16,16,7fe30b1136,3,natural:97165575,ok,bursty|nat_097165575|bursty|rep3|seed20240909,1.3467
bursty,,nan,nat_097165575,1a4094b54284e94f3684cb3ad1feca102208da03681a2b01a37853fe0024ceaa,ce437da4856845a9,,2792061055d92ccc,B0a-R,16,16,7fe30b1136,4,natural:97165575,ok,bursty|nat_097165575|bursty|rep4|seed20240909,1.5422
harsh,,nan,nat_097165575,1a4094b54284e94f3684cb3ad1feca102208da03681a2b01a37853fe0024ceaa,ce437da4856845a9,,8ff40d5442368b6e,B0a-R,16,16,7fe30b1136,0,natural:97165575,ok,harsh|nat_097165575|harsh|rep0|seed20240909,1.7058
bursty,,nan,nat_081047795,9c58d80dc629914fbe5b8019e71e6944ce511c19d1e49ce6c0f1659de2fd052e,ce437da4856845a9,,3152df9bedcc8efe,P,16,16,f6706417e8,3,natural:81047795,ok,bursty|nat_081047795|bursty|rep3|seed20240909,12.6528
harsh,,nan,nat_097165575,1a4094b54284e94f3684cb3ad1feca102208da03681a2b01a37853fe0024ceaa,ce437da4856845a9,,6c40f0d688672b24,B0a-R,16,16,7fe30b1136,1,natural:97165575,ok,harsh|nat_097165575|harsh|rep1|seed20240909,1.5985
harsh,,nan,nat_097165575,1a4094b54284e94f3684cb3ad1feca102208da03681a2b01a37853fe0024ceaa,ce437da4856845a9,,43487f131f44b788,B0a-R,16,16,7fe30b1136,2,natural:97165575,ok,harsh|nat_097165575|harsh|rep2|seed20240909,1.5359
bursty,,nan,nat_081047795,9c58d80dc629914fbe5b8019e71e6944ce511c19d1e49ce6c0f1659de2fd052e,ce437da4856845a9,,1d1c49ebdb25d139,P,16,16,f6706417e8,4,natural:81047795,ok,bursty|nat_081047795|bursty|rep4|seed20240909,12.7737
harsh,,nan,nat_097165575,1a4094b54284e94f3684cb3ad1feca102208da03681a2b01a37853fe0024ceaa,ce437da4856845a9,,edd5967a61899cda,B0a-R,16,16,7fe30b1136,3,natural:97165575,ok,harsh|nat_097165575|harsh|rep3|seed20240909,1.5728
harsh,,nan,nat_097165575,1a4094b54284e94f3684cb3ad1feca102208da03681a2b01a37853fe0024ceaa,ce437da4856845a9,,14c1f268e088f28e,B0a-R,16,16,7fe30b1136,4,natural:97165575,ok,harsh|nat_097165575|harsh|rep4|seed20240909,1.5691
clean,,nan,nat_097165575,1a4094b54284e94f3684cb3ad1feca102208da03681a2b01a37853fe0024ceaa,ce437da4856845a9,,fd6f9f7d9f2e3042,B0d,16,16,7fe30b1136,0,natural:97165575,ok,clean|nat_097165575|clean|rep0|seed20240909,3.5514
clean,,nan,nat_097165575,1a4094b54284e94f3684cb3ad1feca102208da03681a2b01a37853fe0024ceaa,ce437da4856845a9,,a58fff692c7337d3,B0d,16,16,7fe30b1136,3,natural:97165575,ok,clean|nat_097165575|clean|rep3|seed20240909,3.6796
clean,,nan,nat_097165575,1a4094b54284e94f3684cb3ad1feca102208da03681a2b01a37853fe0024ceaa,ce437da4856845a9,,62faea0b42e5c8e0,B0d,16,16,7fe30b1136,1,natural:97165575,ok,clean|nat_097165575|clean|rep1|seed20240909,3.821
clean,,nan,nat_097165575,1a4094b54284e94f3684cb3ad1feca102208da03681a2b01a37853fe0024ceaa,ce437da4856845a9,,f804b66f71f7bbc2,B0d,16,16,7fe30b1136,2,natural:97165575,ok,clean|nat_097165575|clean|rep2|seed20240909,3.7982
clean,,nan,nat_097165575,1a4094b54284e94f3684cb3ad1feca102208da03681a2b01a37853fe0024ceaa,ce437da4856845a9,,19f81d2091563958,B0d,16,16,7fe30b1136,4,natural:97165575,ok,clean|nat_097165575|clean|rep4|seed20240909,3.7982
mild,,nan,nat_097165575,1a4094b54284e94f3684cb3ad1feca102208da03681a2b01a37853fe0024ceaa,ce437da4856845a9,,68a040eb281260e9,B0d,16,16,7fe30b1136,2,natural:97165575,ok,mild|nat_097165575|mild|rep2|seed20240909,3.8549
mild,,nan,nat_097165575,1a4094b54284e94f3684cb3ad1feca102208da03681a2b01a37853fe0024ceaa,ce437da4856845a9,,8a8517bfae254684,B0d,16,16,7fe30b1136,1,natural:97165575,ok,mild|nat_097165575|mild|rep1|seed20240909,4.1408
mild,,nan,nat_097165575,1a4094b54284e94f3684cb3ad1feca102208da03681a2b01a37853fe0024ceaa,ce437da4856845a9,,1021d53370b0251d,B0d,16,16,7fe30b1136,0,natural:97165575,ok,mild|nat_097165575|mild|rep0|seed20240909,4.2057
mild,,nan,nat_097165575,1a4094b54284e94f3684cb3ad1feca102208da03681a2b01a37853fe0024ceaa,ce437da4856845a9,,3e2d703bad9d64cf,B0d,16,16,7fe30b1136,3,natural:97165575,ok,mild|nat_097165575|mild|rep3|seed20240909,3.9324
mild,,nan,nat_097165575,1a4094b54284e94f3684cb3ad1feca102208da03681a2b01a37853fe0024ceaa,ce437da4856845a9,,824bbb5e68555a89,B0d,16,16,7fe30b1136,4,natural:97165575,ok,mild|nat_097165575|mild|rep4|seed20240909,4.104
clean,,nan,nat_097165575,1a4094b54284e94f3684cb3ad1feca102208da03681a2b01a37853fe0024ceaa,ce437da4856845a9,,85eae9690e6be0e2,B1,16,16,7fe30b1136,0,natural:97165575,ok,clean|nat_097165575|clean|rep0|seed20240909,0.398
clean,,nan,nat_097165575,1a4094b54284e94f3684cb3ad1feca102208da03681a2b01a37853fe0024ceaa,ce437da4856845a9,,8b1b994ca9c5163a,B1,16,16,7fe30b1136,1,natural:97165575,ok,clean|nat_097165575|clean|rep1|seed20240909,0.3396
clean,,nan,nat_097165575,1a4094b54284e94f3684cb3ad1feca102208da03681a2b01a37853fe0024ceaa,ce437da4856845a9,,bca7ad94bb5d40ca,B1,16,16,7fe30b1136,2,natural:97165575,ok,clean|nat_097165575|clean|rep2|seed20240909,0.3556
clean,,nan,nat_097165575,1a4094b54284e94f3684cb3ad1feca102208da03681a2b01a37853fe0024ceaa,ce437da4856845a9,,2d0683cd3959b670,B1,16,16,7fe30b1136,3,natural:97165575,ok,clean|nat_097165575|clean|rep3|seed20240909,0.3047
harsh,,nan,nat_097165575,1a4094b54284e94f3684cb3ad1feca102208da03681a2b01a37853fe0024ceaa,ce437da4856845a9,,5753e7277eea6d7f,B0d,16,16,7fe30b1136,0,natural:97165575,ok,harsh|nat_097165575|harsh|rep0|seed20240909,2.4412
harsh,,nan,nat_097165575,1a4094b54284e94f3684cb3ad1feca102208da03681a2b01a37853fe0024ceaa,ce437da4856845a9,,a64cb15946ae5b0b,B0d,16,16,7fe30b1136,1,natural:97165575,ok,harsh|nat_097165575|harsh|rep1|seed20240909,2.325
clean,,nan,nat_097165575,1a4094b54284e94f3684cb3ad1feca102208da03681a2b01a37853fe0024ceaa,ce437da4856845a9,,b388866fa77b3b96,B1,16,16,7fe30b1136,4,natural:97165575,ok,clean|nat_097165575|clean|rep4|seed20240909,0.3207
harsh,,nan,nat_097165575,1a4094b54284e94f3684cb3ad1feca102208da03681a2b01a37853fe0024ceaa,ce437da4856845a9,,4f8b8a36527cf2d4,B0d,16,16,7fe30b1136,2,natural:97165575,ok,harsh|nat_097165575|harsh|rep2|seed20240909,2.2888
harsh,,nan,nat_097165575,1a4094b54284e94f3684cb3ad1feca102208da03681a2b01a37853fe0024ceaa,ce437da4856845a9,,fc8efba43417e44b,B0d,16,16,7fe30b1136,4,natural:97165575,ok,harsh|nat_097165575|harsh|rep4|seed20240909,2.3527
mild,,nan,nat_097165575,1a4094b54284e94f3684cb3ad1feca102208da03681a2b01a37853fe0024ceaa,ce437da4856845a9,,3f6d40eef72922d3,B1,16,16,7fe30b1136,0,natural:97165575,ok,mild|nat_097165575|mild|rep0|seed20240909,0.4851
harsh,,nan,nat_097165575,1a4094b54284e94f3684cb3ad1feca102208da03681a2b01a37853fe0024ceaa,ce437da4856845a9,,a345d721a28aae98,B0d,16,16,7fe30b1136,3,natural:97165575,ok,harsh|nat_097165575|harsh|rep3|seed20240909,2.6017
mild,,nan,nat_097165575,1a4094b54284e94f3684cb3ad1feca102208da03681a2b01a37853fe0024ceaa,ce437da4856845a9,,9e4a8525b611142d,B1,16,16,7fe30b1136,1,natural:97165575,ok,mild|nat_097165575|mild|rep1|seed20240909,0.5746
mild,,nan,nat_097165575,1a4094b54284e94f3684cb3ad1feca102208da03681a2b01a37853fe0024ceaa,ce437da4856845a9,,0e9ddf5da429d201,B1,16,16,7fe30b1136,2,natural:97165575,ok,mild|nat_097165575|mild|rep2|seed20240909,0.5335
mild,,nan,nat_097165575,1a4094b54284e94f3684cb3ad1feca102208da03681a2b01a37853fe0024ceaa,ce437da4856845a9,,7f28167debb38175,B1,16,16,7fe30b1136,3,natural:97165575,ok,mild|nat_097165575|mild|rep3|seed20240909,0.4809
moderate,,nan,nat_097165575,1a4094b54284e94f3684cb3ad1feca102208da03681a2b01a37853fe0024ceaa,ce437da4856845a9,,7cac7340b43f8099,B0d,16,16,7fe30b1136,0,natural:97165575,ok,moderate|nat_097165575|moderate|rep0|seed20240909,6.48
moderate,,nan,nat_097165575,1a4094b54284e94f3684cb3ad1feca102208da03681a2b01a37853fe0024ceaa,ce437da4856845a9,,28691542d6677bef,B0d,16,16,7fe30b1136,4,natural:97165575,ok,moderate|nat_097165575|moderate|rep4|seed20240909,6.1857
mild,,nan,nat_097165575,1a4094b54284e94f3684cb3ad1feca102208da03681a2b01a37853fe0024ceaa,ce437da4856845a9,,807a0f8638e43f2f,B1,16,16,7fe30b1136,4,natural:97165575,ok,mild|nat_097165575|mild|rep4|seed20240909,0.5051
moderate,,nan,nat_097165575,1a4094b54284e94f3684cb3ad1feca102208da03681a2b01a37853fe0024ceaa,ce437da4856845a9,,643323173ef13c37,B0d,16,16,7fe30b1136,1,natural:97165575,ok,moderate|nat_097165575|moderate|rep1|seed20240909,6.337
moderate,,nan,nat_097165575,1a4094b54284e94f3684cb3ad1feca102208da03681a2b01a37853fe0024ceaa,ce437da4856845a9,,fcde3fde2b8ccc5e,B0d,16,16,7fe30b1136,3,natural:97165575,ok,moderate|nat_097165575|moderate|rep3|seed20240909,6.324
moderate,,nan,nat_097165575,1a4094b54284e94f3684cb3ad1feca102208da03681a2b01a37853fe0024ceaa,ce437da4856845a9,,f621ad5cc67379ca,B0d,16,16,7fe30b1136,2,natural:97165575,ok,moderate|nat_097165575|moderate|rep2|seed20240909,6.383
moderate,,nan,nat_097165575,1a4094b54284e94f3684cb3ad1feca102208da03681a2b01a37853fe0024ceaa,ce437da4856845a9,,7a487c36bc6c4515,B1,16,16,7fe30b1136,0,natural:97165575,ok,moderate|nat_097165575|moderate|rep0|seed20240909,0.5909
moderate,,nan,nat_097165575,1a4094b54284e94f3684cb3ad1feca102208da03681a2b01a37853fe0024ceaa,ce437da4856845a9,,da7d65166a1577e4,B1,16,16,7fe30b1136,1,natural:97165575,ok,moderate|nat_097165575|moderate|rep1|seed20240909,0.5797
moderate,,nan,nat_097165575,1a4094b54284e94f3684cb3ad1feca102208da03681a2b01a37853fe0024ceaa,ce437da4856845a9,,16b73b8030a4deb3,B1,16,16,7fe30b1136,3,natural:97165575,ok,moderate|nat_097165575|moderate|rep3|seed20240909,0.5732
moderate,,nan,nat_097165575,1a4094b54284e94f3684cb3ad1feca102208da03681a2b01a37853fe0024ceaa,ce437da4856845a9,,ee9cf166ba34e6e4,B1,16,16,7fe30b1136,2,natural:97165575,ok,moderate|nat_097165575|moderate|rep2|seed20240909,0.6318
moderate,,nan,nat_097165575,1a4094b54284e94f3684cb3ad1feca102208da03681a2b01a37853fe0024ceaa,ce437da4856845a9,,f04ef82f040510e7,B1,16,16,7fe30b1136,4,natural:97165575,ok,moderate|nat_097165575|moderate|rep4|seed20240909,0.5881
bursty,,nan,nat_097165575,1a4094b54284e94f3684cb3ad1feca102208da03681a2b01a37853fe0024ceaa,ce437da4856845a9,,5890acdf84d76c67,B0d,16,16,7fe30b1136,0,natural:97165575,ok,bursty|nat_097165575|bursty|rep0|seed20240909,6.3255
bursty,,nan,nat_097165575,1a4094b54284e94f3684cb3ad1feca102208da03681a2b01a37853fe0024ceaa,ce437da4856845a9,,ed4ffeb327331ce5,B1,16,16,7fe30b1136,1,natural:97165575,ok,bursty|nat_097165575|bursty|rep1|seed20240909,0.5049
bursty,,nan,nat_097165575,1a4094b54284e94f3684cb3ad1feca102208da03681a2b01a37853fe0024ceaa,ce437da4856845a9,,af8642cb0b58a63e,B1,16,16,7fe30b1136,2,natural:97165575,ok,bursty|nat_097165575|bursty|rep2|seed20240909,0.5394
bursty,,nan,nat_097165575,1a4094b54284e94f3684cb3ad1feca102208da03681a2b01a37853fe0024ceaa,ce437da4856845a9,,1230a6c24cb583fc,B1,16,16,7fe30b1136,0,natural:97165575,ok,bursty|nat_097165575|bursty|rep0|seed20240909,0.6253
bursty,,nan,nat_097165575,1a4094b54284e94f3684cb3ad1feca102208da03681a2b01a37853fe0024ceaa,ce437da4856845a9,,b2daa1ac48470762,B1,16,16,7fe30b1136,3,natural:97165575,ok,bursty|nat_097165575|bursty|rep3|seed20240909,0.6354
bursty,,nan,nat_097165575,1a4094b54284e94f3684cb3ad1feca102208da03681a2b01a37853fe0024ceaa,ce437da4856845a9,,9a6104f3064cb7c0,B1,16,16,7fe30b1136,4,natural:97165575,ok,bursty|nat_097165575|bursty|rep4|seed20240909,0.6703
harsh,,nan,nat_097165575,1a4094b54284e94f3684cb3ad1feca102208da03681a2b01a37853fe0024ceaa,ce437da4856845a9,,deb35e938ef0f728,B1,16,16,7fe30b1136,0,natural:97165575,ok,harsh|nat_097165575|harsh|rep0|seed20240909,0.6547
harsh,,nan,nat_097165575,1a4094b54284e94f3684cb3ad1feca102208da03681a2b01a37853fe0024ceaa,ce437da4856845a9,,2e2e84214dbee32c,B1,16,16,7fe30b1136,1,natural:97165575,ok,harsh|nat_097165575|harsh|rep1|seed20240909,0.649
clean,,nan,nat_097165575,1a4094b54284e94f3684cb3ad1feca102208da03681a2b01a37853fe0024ceaa,ce437da4856845a9,,de267a153f4f9abc,B2,16,16,7fe30b1136,0,natural:97165575,ok,clean|nat_097165575|clean|rep0|seed20240909,0.467
clean,,nan,nat_097165575,1a4094b54284e94f3684cb3ad1feca102208da03681a2b01a37853fe0024ceaa,ce437da4856845a9,,e491d41ecdb63692,B2,16,16,7fe30b1136,1,natural:97165575,ok,clean|nat_097165575|clean|rep1|seed20240909,0.4537
clean,,nan,nat_097165575,1a4094b54284e94f3684cb3ad1feca102208da03681a2b01a37853fe0024ceaa,ce437da4856845a9,,9e1ff366aa06d4f2,B2,16,16,7fe30b1136,2,natural:97165575,ok,clean|nat_097165575|clean|rep2|seed20240909,0.4448
harsh,,nan,nat_097165575,1a4094b54284e94f3684cb3ad1feca102208da03681a2b01a37853fe0024ceaa,ce437da4856845a9,,302f9ee8fd111c72,B1,16,16,7fe30b1136,2,natural:97165575,ok,harsh|nat_097165575|harsh|rep2|seed20240909,0.6834
harsh,,nan,nat_097165575,1a4094b54284e94f3684cb3ad1feca102208da03681a2b01a37853fe0024ceaa,ce437da4856845a9,,5cccd5fa348fd142,B1,16,16,7fe30b1136,4,natural:97165575,ok,harsh|nat_097165575|harsh|rep4|seed20240909,0.5887
harsh,,nan,nat_097165575,1a4094b54284e94f3684cb3ad1feca102208da03681a2b01a37853fe0024ceaa,ce437da4856845a9,,4baf24b7509dbae9,B1,16,16,7fe30b1136,3,natural:97165575,ok,harsh|nat_097165575|harsh|rep3|seed20240909,0.6312
clean,,nan,nat_097165575,1a4094b54284e94f3684cb3ad1feca102208da03681a2b01a37853fe0024ceaa,ce437da4856845a9,,96b07f5c1b48a6d3,B2,16,16,7fe30b1136,3,natural:97165575,ok,clean|nat_097165575|clean|rep3|seed20240909,0.4445
clean,,nan,nat_097165575,1a4094b54284e94f3684cb3ad1feca102208da03681a2b01a37853fe0024ceaa,ce437da4856845a9,,db5e0e83e4304162,B2,16,16,7fe30b1136,4,natural:97165575,ok,clean|nat_097165575|clean|rep4|seed20240909,0.4508
mild,,nan,nat_097165575,1a4094b54284e94f3684cb3ad1feca102208da03681a2b01a37853fe0024ceaa,ce437da4856845a9,,2224d1b957fce7f1,B2,16,16,7fe30b1136,0,natural:97165575,ok,mild|nat_097165575|mild|rep0|seed20240909,0.4973
mild,,nan,nat_097165575,1a4094b54284e94f3684cb3ad1feca102208da03681a2b01a37853fe0024ceaa,ce437da4856845a9,,a30a43a52e406355,B2,16,16,7fe30b1136,2,natural:97165575,ok,mild|nat_097165575|mild|rep2|seed20240909,0.5217
mild,,nan,nat_097165575,1a4094b54284e94f3684cb3ad1feca102208da03681a2b01a37853fe0024ceaa,ce437da4856845a9,,86bacb3efc1660f3,B2,16,16,7fe30b1136,4,natural:97165575,ok,mild|nat_097165575|mild|rep4|seed20240909,0.5267
mild,,nan,nat_097165575,1a4094b54284e94f3684cb3ad1feca102208da03681a2b01a37853fe0024ceaa,ce437da4856845a9,,b789a4a9a63305cc,B2,16,16,7fe30b1136,1,natural:97165575,ok,mild|nat_097165575|mild|rep1|seed20240909,0.6605
mild,,nan,nat_097165575,1a4094b54284e94f3684cb3ad1feca102208da03681a2b01a37853fe0024ceaa,ce437da4856845a9,,fcf36c512cfb77af,B2,16,16,7fe30b1136,3,natural:97165575,ok,mild|nat_097165575|mild|rep3|seed20240909,0.634
moderate,,nan,nat_097165575,1a4094b54284e94f3684cb3ad1feca102208da03681a2b01a37853fe0024ceaa,ce437da4856845a9,,0ba4330bc45aacc9,B2,16,16,7fe30b1136,4,natural:97165575,ok,moderate|nat_097165575|moderate|rep4|seed20240909,0.5739
moderate,,nan,nat_097165575,1a4094b54284e94f3684cb3ad1feca102208da03681a2b01a37853fe0024ceaa,ce437da4856845a9,,5da0b546811fc7b8,B2,16,16,7fe30b1136,3,natural:97165575,ok,moderate|nat_097165575|moderate|rep3|seed20240909,0.6089
moderate,,nan,nat_097165575,1a4094b54284e94f3684cb3ad1feca102208da03681a2b01a37853fe0024ceaa,ce437da4856845a9,,4103beb3cd2b2b11,B2,16,16,7fe30b1136,2,natural:97165575,ok,moderate|nat_097165575|moderate|rep2|seed20240909,0.6414
moderate,,nan,nat_097165575,1a4094b54284e94f3684cb3ad1feca102208da03681a2b01a37853fe0024ceaa,ce437da4856845a9,,fb9fe44f983fce36,B2,16,16,7fe30b1136,1,natural:97165575,ok,moderate|nat_097165575|moderate|rep1|seed20240909,0.6528
bursty,,nan,nat_097165575,1a4094b54284e94f3684cb3ad1feca102208da03681a2b01a37853fe0024ceaa,ce437da4856845a9,,888a8849d708be79,B2,16,16,7fe30b1136,0,natural:97165575,ok,bursty|nat_097165575|bursty|rep0|seed20240909,0.6171
moderate,,nan,nat_097165575,1a4094b54284e94f3684cb3ad1feca102208da03681a2b01a37853fe0024ceaa,ce437da4856845a9,,37fd17902923e2eb,B2,16,16,7fe30b1136,0,natural:97165575,ok,moderate|nat_097165575|moderate|rep0|seed20240909,0.7154
bursty,,nan,nat_097165575,1a4094b54284e94f3684cb3ad1feca102208da03681a2b01a37853fe0024ceaa,ce437da4856845a9,,4928b3ad56879e96,B2,16,16,7fe30b1136,1,natural:97165575,ok,bursty|nat_097165575|bursty|rep1|seed20240909,0.6355
bursty,,nan,nat_097165575,1a4094b54284e94f3684cb3ad1feca102208da03681a2b01a37853fe0024ceaa,ce437da4856845a9,,6eaf1698d6bd7935,B2,16,16,7fe30b1136,2,natural:97165575,ok,bursty|nat_097165575|bursty|rep2|seed20240909,0.5392
bursty,,nan,nat_097165575,1a4094b54284e94f3684cb3ad1feca102208da03681a2b01a37853fe0024ceaa,ce437da4856845a9,,49b6a16bcc9026b2,B2,16,16,7fe30b1136,3,natural:97165575,ok,bursty|nat_097165575|bursty|rep3|seed20240909,0.5309
bursty,,nan,nat_097165575,1a4094b54284e94f3684cb3ad1feca102208da03681a2b01a37853fe0024ceaa,ce437da4856845a9,,82d0091935376674,B2,16,16,7fe30b1136,4,natural:97165575,ok,bursty|nat_097165575|bursty|rep4|seed20240909,0.5706
harsh,,nan,nat_097165575,1a4094b54284e94f3684cb3ad1feca102208da03681a2b01a37853fe0024ceaa,ce437da4856845a9,,94952e8ee5c0452f,B2,16,16,7fe30b1136,0,natural:97165575,ok,harsh|nat_097165575|harsh|rep0|seed20240909,0.5463
harsh,,nan,nat_097165575,1a4094b54284e94f3684cb3ad1feca102208da03681a2b01a37853fe0024ceaa,ce437da4856845a9,,ffc94d746d3be5af,B2,16,16,7fe30b1136,1,natural:97165575,ok,harsh|nat_097165575|harsh|rep1|seed20240909,0.5682
harsh,,nan,nat_097165575,1a4094b54284e94f3684cb3ad1feca102208da03681a2b01a37853fe0024ceaa,ce437da4856845a9,,fa49171cd4771450,B2,16,16,7fe30b1136,3,natural:97165575,ok,harsh|nat_097165575|harsh|rep3|seed20240909,0.481
harsh,,nan,nat_097165575,1a4094b54284e94f3684cb3ad1feca102208da03681a2b01a37853fe0024ceaa,ce437da4856845a9,,8b06498f6a0b75e5,B2,16,16,7fe30b1136,2,natural:97165575,ok,harsh|nat_097165575|harsh|rep2|seed20240909,0.6045
harsh,,nan,nat_097165575,1a4094b54284e94f3684cb3ad1feca102208da03681a2b01a37853fe0024ceaa,ce437da4856845a9,,6173f91ccb9ba92d,B2,16,16,7fe30b1136,4,natural:97165575,ok,harsh|nat_097165575|harsh|rep4|seed20240909,0.58
bursty,,nan,nat_097165575,1a4094b54284e94f3684cb3ad1feca102208da03681a2b01a37853fe0024ceaa,ce437da4856845a9,,33dd50dcd42a1959,B0d,16,16,7fe30b1136,1,natural:97165575,ok,bursty|nat_097165575|bursty|rep1|seed20240909,6.775
bursty,,nan,nat_097165575,1a4094b54284e94f3684cb3ad1feca102208da03681a2b01a37853fe0024ceaa,ce437da4856845a9,,fb1566b1086e1680,B0d,16,16,7fe30b1136,4,natural:97165575,ok,bursty|nat_097165575|bursty|rep4|seed20240909,6.6731
bursty,,nan,nat_097165575,1a4094b54284e94f3684cb3ad1feca102208da03681a2b01a37853fe0024ceaa,ce437da4856845a9,,f87fef04036295fa,B0d,16,16,7fe30b1136,2,natural:97165575,ok,bursty|nat_097165575|bursty|rep2|seed20240909,6.8222
bursty,,nan,nat_097165575,1a4094b54284e94f3684cb3ad1feca102208da03681a2b01a37853fe0024ceaa,ce437da4856845a9,,3d833580b36e5e83,B0d,16,16,7fe30b1136,3,natural:97165575,ok,bursty|nat_097165575|bursty|rep3|seed20240909,6.9645
clean,,nan,nat_097165575,1a4094b54284e94f3684cb3ad1feca102208da03681a2b01a37853fe0024ceaa,ce437da4856845a9,,88f603edc8aa9ab8,B3,16,16,7fe30b1136,1,natural:97165575,ok,clean|nat_097165575|clean|rep1|seed20240909,3.8984
clean,,nan,nat_097165575,1a4094b54284e94f3684cb3ad1feca102208da03681a2b01a37853fe0024ceaa,ce437da4856845a9,,7c37ad21aebe024e,B3,16,16,7fe30b1136,2,natural:97165575,ok,clean|nat_097165575|clean|rep2|seed20240909,3.9254
clean,,nan,nat_097165575,1a4094b54284e94f3684cb3ad1feca102208da03681a2b01a37853fe0024ceaa,ce437da4856845a9,,2e65054272de43ab,B3,16,16,7fe30b1136,3,natural:97165575,ok,clean|nat_097165575|clean|rep3|seed20240909,3.9341
clean,,nan,nat_097165575,1a4094b54284e94f3684cb3ad1feca102208da03681a2b01a37853fe0024ceaa,ce437da4856845a9,,67804d54656b2283,B3,16,16,7fe30b1136,0,natural:97165575,ok,clean|nat_097165575|clean|rep0|seed20240909,4.1447
clean,,nan,nat_097165575,1a4094b54284e94f3684cb3ad1feca102208da03681a2b01a37853fe0024ceaa,ce437da4856845a9,,9ef5fb158578ce15,B3,16,16,7fe30b1136,4,natural:97165575,ok,clean|nat_097165575|clean|rep4|seed20240909,4.0644
mild,,nan,nat_097165575,1a4094b54284e94f3684cb3ad1feca102208da03681a2b01a37853fe0024ceaa,ce437da4856845a9,,ed6399e32ddc8bc1,B3,16,16,7fe30b1136,1,natural:97165575,ok,mild|nat_097165575|mild|rep1|seed20240909,4.1998
mild,,nan,nat_097165575,1a4094b54284e94f3684cb3ad1feca102208da03681a2b01a37853fe0024ceaa,ce437da4856845a9,,4b3ee6a8c7f2e9ee,B3,16,16,7fe30b1136,2,natural:97165575,ok,mild|nat_097165575|mild|rep2|seed20240909,4.2034
mild,,nan,nat_097165575,1a4094b54284e94f3684cb3ad1feca102208da03681a2b01a37853fe0024ceaa,ce437da4856845a9,,f62ee79bbbf4a258,B3,16,16,7fe30b1136,0,natural:97165575,ok,mild|nat_097165575|mild|rep0|seed20240909,4.4747
mild,,nan,nat_097165575,1a4094b54284e94f3684cb3ad1feca102208da03681a2b01a37853fe0024ceaa,ce437da4856845a9,,96efa06be63100f8,B3,16,16,7fe30b1136,3,natural:97165575,ok,mild|nat_097165575|mild|rep3|seed20240909,4.3008
mild,,nan,nat_097165575,1a4094b54284e94f3684cb3ad1feca102208da03681a2b01a37853fe0024ceaa,ce437da4856845a9,,3707471ad57f5f6f,B3,16,16,7fe30b1136,4,natural:97165575,ok,mild|nat_097165575|mild|rep4|seed20240909,4.2873
moderate,,nan,nat_097165575,1a4094b54284e94f3684cb3ad1feca102208da03681a2b01a37853fe0024ceaa,ce437da4856845a9,,2fcb57fff3b1c072,B3,16,16,7fe30b1136,1,natural:97165575,ok,moderate|nat_097165575|moderate|rep1|seed20240909,5.3085
moderate,,nan,nat_097165575,1a4094b54284e94f3684cb3ad1feca102208da03681a2b01a37853fe0024ceaa,ce437da4856845a9,,7cd9c48f62096abd,B3,16,16,7fe30b1136,0,natural:97165575,ok,moderate|nat_097165575|moderate|rep0|seed20240909,5.9031
moderate,,nan,nat_097165575,1a4094b54284e94f3684cb3ad1feca102208da03681a2b01a37853fe0024ceaa,ce437da4856845a9,,9482ed93cec678aa,B3,16,16,7fe30b1136,2,natural:97165575,ok,moderate|nat_097165575|moderate|rep2|seed20240909,5.5517
moderate,,nan,nat_097165575,1a4094b54284e94f3684cb3ad1feca102208da03681a2b01a37853fe0024ceaa,ce437da4856845a9,,cca77ba5bfa3da28,B3,16,16,7fe30b1136,3,natural:97165575,ok,moderate|nat_097165575|moderate|rep3|seed20240909,5.3415
harsh,,nan,nat_097165575,1a4094b54284e94f3684cb3ad1feca102208da03681a2b01a37853fe0024ceaa,ce437da4856845a9,,66d8f0c7e6436c56,B3,16,16,7fe30b1136,0,natural:97165575,ok,harsh|nat_097165575|harsh|rep0|seed20240909,2.9716
moderate,,nan,nat_097165575,1a4094b54284e94f3684cb3ad1feca102208da03681a2b01a37853fe0024ceaa,ce437da4856845a9,,f6240201290f91a8,B3,16,16,7fe30b1136,4,natural:97165575,ok,moderate|nat_097165575|moderate|rep4|seed20240909,5.6258
bursty,,nan,nat_097165575,1a4094b54284e94f3684cb3ad1feca102208da03681a2b01a37853fe0024ceaa,ce437da4856845a9,,d7fb67d1930ac653,B3,16,16,7fe30b1136,0,natural:97165575,ok,bursty|nat_097165575|bursty|rep0|seed20240909,5.4732
harsh,,nan,nat_097165575,1a4094b54284e94f3684cb3ad1feca102208da03681a2b01a37853fe0024ceaa,ce437da4856845a9,,8b94b7b91d0822be,B3,16,16,7fe30b1136,1,natural:97165575,ok,harsh|nat_097165575|harsh|rep1|seed20240909,3.0079
harsh,,nan,nat_097165575,1a4094b54284e94f3684cb3ad1feca102208da03681a2b01a37853fe0024ceaa,ce437da4856845a9,,cffc2ee39e286ceb,B3,16,16,7fe30b1136,2,natural:97165575,ok,harsh|nat_097165575|harsh|rep2|seed20240909,3.0181
harsh,,nan,nat_097165575,1a4094b54284e94f3684cb3ad1feca102208da03681a2b01a37853fe0024ceaa,ce437da4856845a9,,92a7846268504943,B3,16,16,7fe30b1136,4,natural:97165575,ok,harsh|nat_097165575|harsh|rep4|seed20240909,2.9325
harsh,,nan,nat_097165575,1a4094b54284e94f3684cb3ad1feca102208da03681a2b01a37853fe0024ceaa,ce437da4856845a9,,92a09d0d2bcd3890,B3,16,16,7fe30b1136,3,natural:97165575,ok,harsh|nat_097165575|harsh|rep3|seed20240909,3.0392
clean,,nan,nat_097165575,1a4094b54284e94f3684cb3ad1feca102208da03681a2b01a37853fe0024ceaa,ce437da4856845a9,,0b9d3aba57366195,B4,16,16,7fe30b1136,0,natural:97165575,ok,clean|nat_097165575|clean|rep0|seed20240909,3.9485
bursty,,nan,nat_097165575,1a4094b54284e94f3684cb3ad1feca102208da03681a2b01a37853fe0024ceaa,ce437da4856845a9,,527046900a0d1e62,B3,16,16,7fe30b1136,4,natural:97165575,ok,bursty|nat_097165575|bursty|rep4|seed20240909,5.3963
bursty,,nan,nat_097165575,1a4094b54284e94f3684cb3ad1feca102208da03681a2b01a37853fe0024ceaa,ce437da4856845a9,,fd6896b22c124018,B3,16,16,7fe30b1136,2,natural:97165575,ok,bursty|nat_097165575|bursty|rep2|seed20240909,5.6723
bursty,,nan,nat_097165575,1a4094b54284e94f3684cb3ad1feca102208da03681a2b01a37853fe0024ceaa,ce437da4856845a9,,cb8421f66821609d,B3,16,16,7fe30b1136,1,natural:97165575,ok,bursty|nat_097165575|bursty|rep1|seed20240909,5.7059
clean,,nan,nat_097165575,1a4094b54284e94f3684cb3ad1feca102208da03681a2b01a37853fe0024ceaa,ce437da4856845a9,,b8c70669600f27e5,B4,16,16,7fe30b1136,1,natural:97165575,ok,clean|nat_097165575|clean|rep1|seed20240909,4.0385
bursty,,nan,nat_097165575,1a4094b54284e94f3684cb3ad1feca102208da03681a2b01a37853fe0024ceaa,ce437da4856845a9,,d75c5dbf3f8434b7,B3,16,16,7fe30b1136,3,natural:97165575,ok,bursty|nat_097165575|bursty|rep3|seed20240909,6.0764
clean,,nan,nat_097165575,1a4094b54284e94f3684cb3ad1feca102208da03681a2b01a37853fe0024ceaa,ce437da4856845a9,,456e0fc1509240e6,B4,16,16,7fe30b1136,2,natural:97165575,ok,clean|nat_097165575|clean|rep2|seed20240909,4.0058
clean,,nan,nat_097165575,1a4094b54284e94f3684cb3ad1feca102208da03681a2b01a37853fe0024ceaa,ce437da4856845a9,,b43edc682a19d361,B4,16,16,7fe30b1136,3,natural:97165575,ok,clean|nat_097165575|clean|rep3|seed20240909,3.9513
clean,,nan,nat_097165575,1a4094b54284e94f3684cb3ad1feca102208da03681a2b01a37853fe0024ceaa,ce437da4856845a9,,10a9719c2949b6ca,B4,16,16,7fe30b1136,4,natural:97165575,ok,clean|nat_097165575|clean|rep4|seed20240909,4.1385
mild,,nan,nat_097165575,1a4094b54284e94f3684cb3ad1feca102208da03681a2b01a37853fe0024ceaa,ce437da4856845a9,,f384bd80a97107f1,B4,16,16,7fe30b1136,1,natural:97165575,ok,mild|nat_097165575|mild|rep1|seed20240909,4.249
mild,,nan,nat_097165575,1a4094b54284e94f3684cb3ad1feca102208da03681a2b01a37853fe0024ceaa,ce437da4856845a9,,2f9373a6f3c9e989,B4,16,16,7fe30b1136,0,natural:97165575,ok,mild|nat_097165575|mild|rep0|seed20240909,4.4085
mild,,nan,nat_097165575,1a4094b54284e94f3684cb3ad1feca102208da03681a2b01a37853fe0024ceaa,ce437da4856845a9,,d79939d893164d69,B4,16,16,7fe30b1136,2,natural:97165575,ok,mild|nat_097165575|mild|rep2|seed20240909,4.3955
mild,,nan,nat_097165575,1a4094b54284e94f3684cb3ad1feca102208da03681a2b01a37853fe0024ceaa,ce437da4856845a9,,c8f71ca83c42a2de,B4,16,16,7fe30b1136,3,natural:97165575,ok,mild|nat_097165575|mild|rep3|seed20240909,4.2301
mild,,nan,nat_097165575,1a4094b54284e94f3684cb3ad1feca102208da03681a2b01a37853fe0024ceaa,ce437da4856845a9,,1d0878372467b168,B4,16,16,7fe30b1136,4,natural:97165575,ok,mild|nat_097165575|mild|rep4|seed20240909,4.3385
harsh,,nan,nat_097165575,1a4094b54284e94f3684cb3ad1feca102208da03681a2b01a37853fe0024ceaa,ce437da4856845a9,,ba2f22aa3df12e04,B4,16,16,7fe30b1136,0,natural:97165575,ok,harsh|nat_097165575|harsh|rep0|seed20240909,2.6323
harsh,,nan,nat_097165575,1a4094b54284e94f3684cb3ad1feca102208da03681a2b01a37853fe0024ceaa,ce437da4856845a9,,0e593fe2d79a9914,B4,16,16,7fe30b1136,1,natural:97165575,ok,harsh|nat_097165575|harsh|rep1|seed20240909,2.6858
harsh,,nan,nat_097165575,1a4094b54284e94f3684cb3ad1feca102208da03681a2b01a37853fe0024ceaa,ce437da4856845a9,,5ed90de3af35d268,B4,16,16,7fe30b1136,4,natural:97165575,ok,harsh|nat_097165575|harsh|rep4|seed20240909,2.6263
harsh,,nan,nat_097165575,1a4094b54284e94f3684cb3ad1feca102208da03681a2b01a37853fe0024ceaa,ce437da4856845a9,,2a21207a8366ff61,B4,16,16,7fe30b1136,2,natural:97165575,ok,harsh|nat_097165575|harsh|rep2|seed20240909,2.8375
harsh,,nan,nat_097165575,1a4094b54284e94f3684cb3ad1feca102208da03681a2b01a37853fe0024ceaa,ce437da4856845a9,,5bcc5364a4ecc082,B4,16,16,7fe30b1136,3,natural:97165575,ok,harsh|nat_097165575|harsh|rep3|seed20240909,2.6966
moderate,,nan,nat_097165575,1a4094b54284e94f3684cb3ad1feca102208da03681a2b01a37853fe0024ceaa,ce437da4856845a9,,3ac85d85195e51f0,B4,16,16,7fe30b1136,1,natural:97165575,ok,moderate|nat_097165575|moderate|rep1|seed20240909,6.9788
moderate,,nan,nat_097165575,1a4094b54284e94f3684cb3ad1feca102208da03681a2b01a37853fe0024ceaa,ce437da4856845a9,,13338d2dd6f5b4b4,B4,16,16,7fe30b1136,0,natural:97165575,ok,moderate|nat_097165575|moderate|rep0|seed20240909,7.3956
moderate,,nan,nat_097165575,1a4094b54284e94f3684cb3ad1feca102208da03681a2b01a37853fe0024ceaa,ce437da4856845a9,,2d1e9008a4120c5f,B4,16,16,7fe30b1136,2,natural:97165575,ok,moderate|nat_097165575|moderate|rep2|seed20240909,7.3459
moderate,,nan,nat_097165575,1a4094b54284e94f3684cb3ad1feca102208da03681a2b01a37853fe0024ceaa,ce437da4856845a9,,6ad76ef095581098,B4,16,16,7fe30b1136,3,natural:97165575,ok,moderate|nat_097165575|moderate|rep3|seed20240909,7.0304
clean,,nan,nat_097165575,1a4094b54284e94f3684cb3ad1feca102208da03681a2b01a37853fe0024ceaa,ce437da4856845a9,,60ee9524c93ab860,B4t,16,16,7e31e8b9ec,0,natural:97165575,ok,clean|nat_097165575|clean|rep0|seed20240909,4.7692
bursty,,nan,nat_097165575,1a4094b54284e94f3684cb3ad1feca102208da03681a2b01a37853fe0024ceaa,ce437da4856845a9,,0a1e994b380a5759,B4,16,16,7fe30b1136,0,natural:97165575,ok,bursty|nat_097165575|bursty|rep0|seed20240909,7.1413
moderate,,nan,nat_097165575,1a4094b54284e94f3684cb3ad1feca102208da03681a2b01a37853fe0024ceaa,ce437da4856845a9,,803e0bb7afa09828,B4,16,16,7fe30b1136,4,natural:97165575,ok,moderate|nat_097165575|moderate|rep4|seed20240909,7.1622
bursty,,nan,nat_097165575,1a4094b54284e94f3684cb3ad1feca102208da03681a2b01a37853fe0024ceaa,ce437da4856845a9,,d90b4c4c32c41e7c,B4,16,16,7fe30b1136,1,natural:97165575,ok,bursty|nat_097165575|bursty|rep1|seed20240909,7.0481
bursty,,nan,nat_097165575,1a4094b54284e94f3684cb3ad1feca102208da03681a2b01a37853fe0024ceaa,ce437da4856845a9,,3e30c218f157a8af,B4,16,16,7fe30b1136,2,natural:97165575,ok,bursty|nat_097165575|bursty|rep2|seed20240909,7.2776
bursty,,nan,nat_097165575,1a4094b54284e94f3684cb3ad1feca102208da03681a2b01a37853fe0024ceaa,ce437da4856845a9,,4b4e9c33c636d01e,B4,16,16,7fe30b1136,3,natural:97165575,ok,bursty|nat_097165575|bursty|rep3|seed20240909,7.2793
bursty,,nan,nat_097165575,1a4094b54284e94f3684cb3ad1feca102208da03681a2b01a37853fe0024ceaa,ce437da4856845a9,,ac40e6fef88476d9,B4,16,16,7fe30b1136,4,natural:97165575,ok,bursty|nat_097165575|bursty|rep4|seed20240909,7.2295
clean,,nan,nat_097165575,1a4094b54284e94f3684cb3ad1feca102208da03681a2b01a37853fe0024ceaa,ce437da4856845a9,,3c391306713d95a8,B4t,16,16,7e31e8b9ec,1,natural:97165575,ok,clean|nat_097165575|clean|rep1|seed20240909,5.1479
clean,,nan,nat_097165575,1a4094b54284e94f3684cb3ad1feca102208da03681a2b01a37853fe0024ceaa,ce437da4856845a9,,a7ed665bf6d65443,B4t,16,16,7e31e8b9ec,2,natural:97165575,ok,clean|nat_097165575|clean|rep2|seed20240909,5.1379
mild,,nan,nat_097165575,1a4094b54284e94f3684cb3ad1feca102208da03681a2b01a37853fe0024ceaa,ce437da4856845a9,,fc8b1d35e8f86d85,B4t,16,16,7e31e8b9ec,0,natural:97165575,ok,mild|nat_097165575|mild|rep0|seed20240909,5.3211
clean,,nan,nat_097165575,1a4094b54284e94f3684cb3ad1feca102208da03681a2b01a37853fe0024ceaa,ce437da4856845a9,,07a9f978fec18c18,B4t,16,16,7e31e8b9ec,4,natural:97165575,ok,clean|nat_097165575|clean|rep4|seed20240909,5.351
clean,,nan,nat_097165575,1a4094b54284e94f3684cb3ad1feca102208da03681a2b01a37853fe0024ceaa,ce437da4856845a9,,c710875c22c1eee5,B4t,16,16,7e31e8b9ec,3,natural:97165575,ok,clean|nat_097165575|clean|rep3|seed20240909,5.3834
mild,,nan,nat_097165575,1a4094b54284e94f3684cb3ad1feca102208da03681a2b01a37853fe0024ceaa,ce437da4856845a9,,3d4b3a214458b854,B4t,16,16,7e31e8b9ec,1,natural:97165575,ok,mild|nat_097165575|mild|rep1|seed20240909,5.403
mild,,nan,nat_097165575,1a4094b54284e94f3684cb3ad1feca102208da03681a2b01a37853fe0024ceaa,ce437da4856845a9,,f40290be7aeaf539,B4t,16,16,7e31e8b9ec,2,natural:97165575,ok,mild|nat_097165575|mild|rep2|seed20240909,5.6522
mild,,nan,nat_097165575,1a4094b54284e94f3684cb3ad1feca102208da03681a2b01a37853fe0024ceaa,ce437da4856845a9,,207f5eaecb4aca09,B4t,16,16,7e31e8b9ec,3,natural:97165575,ok,mild|nat_097165575|mild|rep3|seed20240909,5.5463
mild,,nan,nat_097165575,1a4094b54284e94f3684cb3ad1feca102208da03681a2b01a37853fe0024ceaa,ce437da4856845a9,,08e1377053bd72e2,B4t,16,16,7e31e8b9ec,4,natural:97165575,ok,mild|nat_097165575|mild|rep4|seed20240909,5.4364
harsh,,nan,nat_097165575,1a4094b54284e94f3684cb3ad1feca102208da03681a2b01a37853fe0024ceaa,ce437da4856845a9,,65912a713931bb3e,B4t,16,16,7e31e8b9ec,0,natural:97165575,ok,harsh|nat_097165575|harsh|rep0|seed20240909,2.9196
harsh,,nan,nat_097165575,1a4094b54284e94f3684cb3ad1feca102208da03681a2b01a37853fe0024ceaa,ce437da4856845a9,,ea5db40c20f6ffa4,B4t,16,16,7e31e8b9ec,1,natural:97165575,ok,harsh|nat_097165575|harsh|rep1|seed20240909,2.9375
harsh,,nan,nat_097165575,1a4094b54284e94f3684cb3ad1feca102208da03681a2b01a37853fe0024ceaa,ce437da4856845a9,,48b5410ee71e17b8,B4t,16,16,7e31e8b9ec,2,natural:97165575,ok,harsh|nat_097165575|harsh|rep2|seed20240909,2.795
harsh,,nan,nat_097165575,1a4094b54284e94f3684cb3ad1feca102208da03681a2b01a37853fe0024ceaa,ce437da4856845a9,,f4f53d0a14024575,B4t,16,16,7e31e8b9ec,3,natural:97165575,ok,harsh|nat_097165575|harsh|rep3|seed20240909,2.8272
harsh,,nan,nat_097165575,1a4094b54284e94f3684cb3ad1feca102208da03681a2b01a37853fe0024ceaa,ce437da4856845a9,,c11b2c6fc32b29d4,B4t,16,16,7e31e8b9ec,4,natural:97165575,ok,harsh|nat_097165575|harsh|rep4|seed20240909,2.6735
moderate,,nan,nat_097165575,1a4094b54284e94f3684cb3ad1feca102208da03681a2b01a37853fe0024ceaa,ce437da4856845a9,,f1b8fe087f247271,B4t,16,16,7e31e8b9ec,2,natural:97165575,ok,moderate|nat_097165575|moderate|rep2|seed20240909,8.8385
moderate,,nan,nat_097165575,1a4094b54284e94f3684cb3ad1feca102208da03681a2b01a37853fe0024ceaa,ce437da4856845a9,,f3a851e7b2dd396d,B4t,16,16,7e31e8b9ec,0,natural:97165575,ok,moderate|nat_097165575|moderate|rep0|seed20240909,9.0329
moderate,,nan,nat_097165575,1a4094b54284e94f3684cb3ad1feca102208da03681a2b01a37853fe0024ceaa,ce437da4856845a9,,e4e88a223b6f8ccb,B4t,16,16,7e31e8b9ec,1,natural:97165575,ok,moderate|nat_097165575|moderate|rep1|seed20240909,9.0881
moderate,,nan,nat_097165575,1a4094b54284e94f3684cb3ad1feca102208da03681a2b01a37853fe0024ceaa,ce437da4856845a9,,787ad62517f37cfb,B4t,16,16,7e31e8b9ec,3,natural:97165575,ok,moderate|nat_097165575|moderate|rep3|seed20240909,9.23
moderate,,nan,nat_097165575,1a4094b54284e94f3684cb3ad1feca102208da03681a2b01a37853fe0024ceaa,ce437da4856845a9,,0cff1af8e476bbe0,B4t,16,16,7e31e8b9ec,4,natural:97165575,ok,moderate|nat_097165575|moderate|rep4|seed20240909,9.8183
bursty,,nan,nat_097165575,1a4094b54284e94f3684cb3ad1feca102208da03681a2b01a37853fe0024ceaa,ce437da4856845a9,,c9e14fc2729ae63f,B4t,16,16,7e31e8b9ec,0,natural:97165575,ok,bursty|nat_097165575|bursty|rep0|seed20240909,9.6753
bursty,,nan,nat_097165575,1a4094b54284e94f3684cb3ad1feca102208da03681a2b01a37853fe0024ceaa,ce437da4856845a9,,2e57ec2dfab32bf3,B4t,16,16,7e31e8b9ec,1,natural:97165575,ok,bursty|nat_097165575|bursty|rep1|seed20240909,9.9862
bursty,,nan,nat_097165575,1a4094b54284e94f3684cb3ad1feca102208da03681a2b01a37853fe0024ceaa,ce437da4856845a9,,06b1d43a253e2489,B4t,16,16,7e31e8b9ec,2,natural:97165575,ok,bursty|nat_097165575|bursty|rep2|seed20240909,9.6549
bursty,,nan,nat_097165575,1a4094b54284e94f3684cb3ad1feca102208da03681a2b01a37853fe0024ceaa,ce437da4856845a9,,32c6bff8b3428a78,B4t,16,16,7e31e8b9ec,3,natural:97165575,ok,bursty|nat_097165575|bursty|rep3|seed20240909,9.2631
clean,,nan,nat_097165575,1a4094b54284e94f3684cb3ad1feca102208da03681a2b01a37853fe0024ceaa,ce437da4856845a9,,fab83f36571267ef,P,16,16,f6706417e8,0,natural:97165575,ok,clean|nat_097165575|clean|rep0|seed20240909,6.9626
bursty,,nan,nat_097165575,1a4094b54284e94f3684cb3ad1feca102208da03681a2b01a37853fe0024ceaa,ce437da4856845a9,,62677b7311e24a58,B4t,16,16,7e31e8b9ec,4,natural:97165575,ok,bursty|nat_097165575|bursty|rep4|seed20240909,9.2222
clean,,nan,nat_097165575,1a4094b54284e94f3684cb3ad1feca102208da03681a2b01a37853fe0024ceaa,ce437da4856845a9,,a60b2e4e2b553ff9,P,16,16,f6706417e8,2,natural:97165575,ok,clean|nat_097165575|clean|rep2|seed20240909,6.7833
clean,,nan,nat_097165575,1a4094b54284e94f3684cb3ad1feca102208da03681a2b01a37853fe0024ceaa,ce437da4856845a9,,7d17cedff62660f0,P,16,16,f6706417e8,1,natural:97165575,ok,clean|nat_097165575|clean|rep1|seed20240909,6.8366
clean,,nan,nat_097165575,1a4094b54284e94f3684cb3ad1feca102208da03681a2b01a37853fe0024ceaa,ce437da4856845a9,,7243f7dca20603b8,P,16,16,f6706417e8,3,natural:97165575,ok,clean|nat_097165575|clean|rep3|seed20240909,6.9587
clean,,nan,nat_097165575,1a4094b54284e94f3684cb3ad1feca102208da03681a2b01a37853fe0024ceaa,ce437da4856845a9,,eebeac1ff25e71b8,P,16,16,f6706417e8,4,natural:97165575,ok,clean|nat_097165575|clean|rep4|seed20240909,7.0436
mild,,nan,nat_097165575,1a4094b54284e94f3684cb3ad1feca102208da03681a2b01a37853fe0024ceaa,ce437da4856845a9,,be3e0484f5eab54e,P,16,16,f6706417e8,0,natural:97165575,ok,mild|nat_097165575|mild|rep0|seed20240909,7.1008
mild,,nan,nat_097165575,1a4094b54284e94f3684cb3ad1feca102208da03681a2b01a37853fe0024ceaa,ce437da4856845a9,,ed75729305ba9772,P,16,16,f6706417e8,1,natural:97165575,ok,mild|nat_097165575|mild|rep1|seed20240909,7.1357
mild,,nan,nat_097165575,1a4094b54284e94f3684cb3ad1feca102208da03681a2b01a37853fe0024ceaa,ce437da4856845a9,,bde2bb887e3378c0,P,16,16,f6706417e8,2,natural:97165575,ok,mild|nat_097165575|mild|rep2|seed20240909,7.2441
mild,,nan,nat_097165575,1a4094b54284e94f3684cb3ad1feca102208da03681a2b01a37853fe0024ceaa,ce437da4856845a9,,36326d309baaff30,P,16,16,f6706417e8,3,natural:97165575,ok,mild|nat_097165575|mild|rep3|seed20240909,7.216
mild,,nan,nat_097165575,1a4094b54284e94f3684cb3ad1feca102208da03681a2b01a37853fe0024ceaa,ce437da4856845a9,,96e2a2e3568064ce,P,16,16,f6706417e8,4,natural:97165575,ok,mild|nat_097165575|mild|rep4|seed20240909,7.3675
clean,,nan,nat_098913003,a59992d88b2ace18128fa81ba6ffc0f19eb7ba28d1d2195f9238ffac6291105a,ce437da4856845a9,,bbd5dac82b275fa7,B0a,16,16,7fe30b1136,0,natural:98913003,ok,clean|nat_098913003|clean|rep0|seed20240909,0.3644
clean,,nan,nat_098913003,a59992d88b2ace18128fa81ba6ffc0f19eb7ba28d1d2195f9238ffac6291105a,ce437da4856845a9,,561b89c8d3b37765,B0a,16,16,7fe30b1136,1,natural:98913003,ok,clean|nat_098913003|clean|rep1|seed20240909,0.3682
harsh,,nan,nat_097165575,1a4094b54284e94f3684cb3ad1feca102208da03681a2b01a37853fe0024ceaa,ce437da4856845a9,,4e52b839afb48260,P,16,16,f6706417e8,0,natural:97165575,ok,harsh|nat_097165575|harsh|rep0|seed20240909,4.0362
clean,,nan,nat_098913003,a59992d88b2ace18128fa81ba6ffc0f19eb7ba28d1d2195f9238ffac6291105a,ce437da4856845a9,,52d3e13dbfb06d6f,B0a,16,16,7fe30b1136,2,natural:98913003,ok,clean|nat_098913003|clean|rep2|seed20240909,0.4044
clean,,nan,nat_098913003,a59992d88b2ace18128fa81ba6ffc0f19eb7ba28d1d2195f9238ffac6291105a,ce437da4856845a9,,423c216a1ae65e84,B0a,16,16,7fe30b1136,3,natural:98913003,ok,clean|nat_098913003|clean|rep3|seed20240909,0.3956
clean,,nan,nat_098913003,a59992d88b2ace18128fa81ba6ffc0f19eb7ba28d1d2195f9238ffac6291105a,ce437da4856845a9,,e0e9db24041af6c9,B0a,16,16,7fe30b1136,4,natural:98913003,ok,clean|nat_098913003|clean|rep4|seed20240909,0.3644
harsh,,nan,nat_097165575,1a4094b54284e94f3684cb3ad1feca102208da03681a2b01a37853fe0024ceaa,ce437da4856845a9,,6a966c6f41b1c238,P,16,16,f6706417e8,1,natural:97165575,ok,harsh|nat_097165575|harsh|rep1|seed20240909,4.0464
mild,,nan,nat_098913003,a59992d88b2ace18128fa81ba6ffc0f19eb7ba28d1d2195f9238ffac6291105a,ce437da4856845a9,,460cb6796201fd96,B0a,16,16,7fe30b1136,1,natural:98913003,ok,mild|nat_098913003|mild|rep1|seed20240909,0.5228
mild,,nan,nat_098913003,a59992d88b2ace18128fa81ba6ffc0f19eb7ba28d1d2195f9238ffac6291105a,ce437da4856845a9,,d2f284ca4c1cfa94,B0a,16,16,7fe30b1136,0,natural:98913003,ok,mild|nat_098913003|mild|rep0|seed20240909,0.5943
mild,,nan,nat_098913003,a59992d88b2ace18128fa81ba6ffc0f19eb7ba28d1d2195f9238ffac6291105a,ce437da4856845a9,,ae9073ed16db8b6e,B0a,16,16,7fe30b1136,2,natural:98913003,ok,mild|nat_098913003|mild|rep2|seed20240909,0.4648
mild,,nan,nat_098913003,a59992d88b2ace18128fa81ba6ffc0f19eb7ba28d1d2195f9238ffac6291105a,ce437da4856845a9,,b46e819700c8b2a0,B0a,16,16,7fe30b1136,3,natural:98913003,ok,mild|nat_098913003|mild|rep3|seed20240909,0.501
mild,,nan,nat_098913003,a59992d88b2ace18128fa81ba6ffc0f19eb7ba28d1d2195f9238ffac6291105a,ce437da4856845a9,,033c50f3b07ae66b,B0a,16,16,7fe30b1136,4,natural:98913003,ok,mild|nat_098913003|mild|rep4|seed20240909,0.4996
moderate,,nan,nat_098913003,a59992d88b2ace18128fa81ba6ffc0f19eb7ba28d1d2195f9238ffac6291105a,ce437da4856845a9,,f31170083c21daec,B0a,16,16,7fe30b1136,0,natural:98913003,ok,moderate|nat_098913003|moderate|rep0|seed20240909,0.5021
moderate,,nan,nat_098913003,a59992d88b2ace18128fa81ba6ffc0f19eb7ba28d1d2195f9238ffac6291105a,ce437da4856845a9,,af6233b359885294,B0a,16,16,7fe30b1136,1,natural:98913003,ok,moderate|nat_098913003|moderate|rep1|seed20240909,0.555
moderate,,nan,nat_098913003,a59992d88b2ace18128fa81ba6ffc0f19eb7ba28d1d2195f9238ffac6291105a,ce437da4856845a9,,dd3af8474ccacf32,B0a,16,16,7fe30b1136,2,natural:98913003,ok,moderate|nat_098913003|moderate|rep2|seed20240909,0.534
moderate,,nan,nat_098913003,a59992d88b2ace18128fa81ba6ffc0f19eb7ba28d1d2195f9238ffac6291105a,ce437da4856845a9,,dda51ddb23c96237,B0a,16,16,7fe30b1136,3,natural:98913003,ok,moderate|nat_098913003|moderate|rep3|seed20240909,0.5112
harsh,,nan,nat_097165575,1a4094b54284e94f3684cb3ad1feca102208da03681a2b01a37853fe0024ceaa,ce437da4856845a9,,ab9d588fa4e1973e,P,16,16,f6706417e8,2,natural:97165575,ok,harsh|nat_097165575|harsh|rep2|seed20240909,4.2081
harsh,,nan,nat_097165575,1a4094b54284e94f3684cb3ad1feca102208da03681a2b01a37853fe0024ceaa,ce437da4856845a9,,d944c392da165b97,P,16,16,f6706417e8,4,natural:97165575,ok,harsh|nat_097165575|harsh|rep4|seed20240909,4.0218
moderate,,nan,nat_098913003,a59992d88b2ace18128fa81ba6ffc0f19eb7ba28d1d2195f9238ffac6291105a,ce437da4856845a9,,0f0b87e4d1d57bcd,B0a,16,16,7fe30b1136,4,natural:98913003,ok,moderate|nat_098913003|moderate|rep4|seed20240909,0.5611
harsh,,nan,nat_097165575,1a4094b54284e94f3684cb3ad1feca102208da03681a2b01a37853fe0024ceaa,ce437da4856845a9,,c87aa57a73584fe8,P,16,16,f6706417e8,3,natural:97165575,ok,harsh|nat_097165575|harsh|rep3|seed20240909,4.2771
bursty,,nan,nat_098913003,a59992d88b2ace18128fa81ba6ffc0f19eb7ba28d1d2195f9238ffac6291105a,ce437da4856845a9,,088dbad3884aeb86,B0a,16,16,7fe30b1136,0,natural:98913003,ok,bursty|nat_098913003|bursty|rep0|seed20240909,0.641
bursty,,nan,nat_098913003,a59992d88b2ace18128fa81ba6ffc0f19eb7ba28d1d2195f9238ffac6291105a,ce437da4856845a9,,5a29b255ab364a11,B0a,16,16,7fe30b1136,1,natural:98913003,ok,bursty|nat_098913003|bursty|rep1|seed20240909,0.5639
bursty,,nan,nat_098913003,a59992d88b2ace18128fa81ba6ffc0f19eb7ba28d1d2195f9238ffac6291105a,ce437da4856845a9,,231ab7400391147c,B0a,16,16,7fe30b1136,2,natural:98913003,ok,bursty|nat_098913003|bursty|rep2|seed20240909,0.6108
bursty,,nan,nat_098913003,a59992d88b2ace18128fa81ba6ffc0f19eb7ba28d1d2195f9238ffac6291105a,ce437da4856845a9,,7e0667521326cebd,B0a,16,16,7fe30b1136,3,natural:98913003,ok,bursty|nat_098913003|bursty|rep3|seed20240909,0.618
bursty,,nan,nat_098913003,a59992d88b2ace18128fa81ba6ffc0f19eb7ba28d1d2195f9238ffac6291105a,ce437da4856845a9,,56334e284b89ed87,B0a,16,16,7fe30b1136,4,natural:98913003,ok,bursty|nat_098913003|bursty|rep4|seed20240909,0.5467
harsh,,nan,nat_098913003,a59992d88b2ace18128fa81ba6ffc0f19eb7ba28d1d2195f9238ffac6291105a,ce437da4856845a9,,1c92a9ceeab8bc80,B0a,16,16,7fe30b1136,0,natural:98913003,ok,harsh|nat_098913003|harsh|rep0|seed20240909,0.5855
harsh,,nan,nat_098913003,a59992d88b2ace18128fa81ba6ffc0f19eb7ba28d1d2195f9238ffac6291105a,ce437da4856845a9,,a0ed403e3b28ea93,B0a,16,16,7fe30b1136,1,natural:98913003,ok,harsh|nat_098913003|harsh|rep1|seed20240909,0.5956
harsh,,nan,nat_098913003,a59992d88b2ace18128fa81ba6ffc0f19eb7ba28d1d2195f9238ffac6291105a,ce437da4856845a9,,948a25ed015ddb3c,B0a,16,16,7fe30b1136,2,natural:98913003,ok,harsh|nat_098913003|harsh|rep2|seed20240909,0.6013
harsh,,nan,nat_098913003,a59992d88b2ace18128fa81ba6ffc0f19eb7ba28d1d2195f9238ffac6291105a,ce437da4856845a9,,2b9584a2085e903b,B0a,16,16,7fe30b1136,3,natural:98913003,ok,harsh|nat_098913003|harsh|rep3|seed20240909,0.5923
harsh,,nan,nat_098913003,a59992d88b2ace18128fa81ba6ffc0f19eb7ba28d1d2195f9238ffac6291105a,ce437da4856845a9,,44965eba0e953c1a,B0a,16,16,7fe30b1136,4,natural:98913003,ok,harsh|nat_098913003|harsh|rep4|seed20240909,0.6206
clean,,nan,nat_098913003,a59992d88b2ace18128fa81ba6ffc0f19eb7ba28d1d2195f9238ffac6291105a,ce437da4856845a9,,0f5d1e65924f766c,B0a-R,16,16,7fe30b1136,0,natural:98913003,ok,clean|nat_098913003|clean|rep0|seed20240909,1.0988
clean,,nan,nat_098913003,a59992d88b2ace18128fa81ba6ffc0f19eb7ba28d1d2195f9238ffac6291105a,ce437da4856845a9,,b8e58e273a49988d,B0a-R,16,16,7fe30b1136,2,natural:98913003,ok,clean|nat_098913003|clean|rep2|seed20240909,1.0701
clean,,nan,nat_098913003,a59992d88b2ace18128fa81ba6ffc0f19eb7ba28d1d2195f9238ffac6291105a,ce437da4856845a9,,fd1c1573415a3ed8,B0a-R,16,16,7fe30b1136,1,natural:98913003,ok,clean|nat_098913003|clean|rep1|seed20240909,1.1338
clean,,nan,nat_098913003,a59992d88b2ace18128fa81ba6ffc0f19eb7ba28d1d2195f9238ffac6291105a,ce437da4856845a9,,9d45862b19bc569c,B0a-R,16,16,7fe30b1136,3,natural:98913003,ok,clean|nat_098913003|clean|rep3|seed20240909,1.0649
clean,,nan,nat_098913003,a59992d88b2ace18128fa81ba6ffc0f19eb7ba28d1d2195f9238ffac6291105a,ce437da4856845a9,,1946f97d40a052af,B0a-R,16,16,7fe30b1136,4,natural:98913003,ok,clean|nat_098913003|clean|rep4|seed20240909,1.0219
mild,,nan,nat_098913003,a59992d88b2ace18128fa81ba6ffc0f19eb7ba28d1d2195f9238ffac6291105a,ce437da4856845a9,,4ad01cdbfebf87a3,B0a-R,16,16,7fe30b1136,0,natural:98913003,ok,mild|nat_098913003|mild|rep0|seed20240909,1.6049
mild,,nan,nat_098913003,a59992d88b2ace18128fa81ba6ffc0f19eb7ba28d1d2195f9238ffac6291105a,ce437da4856845a9,,8580f1fe75e4972f,B0a-R,16,16,7fe30b1136,2,natural:98913003,ok,mild|nat_098913003|mild|rep2|seed20240909,1.4777
mild,,nan,nat_098913003,a59992d88b2ace18128fa81ba6ffc0f19eb7ba28d1d2195f9238ffac6291105a,ce437da4856845a9,,1d44430e76f2e918,B0a-R,16,16,7fe30b1136,1,natural:98913003,ok,mild|nat_098913003|mild|rep1|seed20240909,1.6129
moderate,,nan,nat_097165575,1a4094b54284e94f3684cb3ad1feca102208da03681a2b01a37853fe0024ceaa,ce437da4856845a9,,29f4ba4bef93e3c7,P,16,16,f6706417e8,1,natural:97165575,ok,moderate|nat_097165575|moderate|rep1|seed20240909,13.1219
mild,,nan,nat_098913003,a59992d88b2ace18128fa81ba6ffc0f19eb7ba28d1d2195f9238ffac6291105a,ce437da4856845a9,,2e89530feafd3f08,B0a-R,16,16,7fe30b1136,3,natural:98913003,ok,mild|nat_098913003|mild|rep3|seed20240909,1.5199
moderate,,nan,nat_097165575,1a4094b54284e94f3684cb3ad1feca102208da03681a2b01a37853fe0024ceaa,ce437da4856845a9,,100b68eef0c91083,P,16,16,f6706417e8,0,natural:97165575,ok,moderate|nat_097165575|moderate|rep0|seed20240909,13.4136
mild,,nan,nat_098913003,a59992d88b2ace18128fa81ba6ffc0f19eb7ba28d1d2195f9238ffac6291105a,ce437da4856845a9,,59e8b18370d223db,B0a-R,16,16,7fe30b1136,4,natural:98913003,ok,mild|nat_098913003|mild|rep4|seed20240909,1.5995
moderate,,nan,nat_098913003,a59992d88b2ace18128fa81ba6ffc0f19eb7ba28d1d2195f9238ffac6291105a,ce437da4856845a9,,a585fe28de2928b3,B0a-R,16,16,7fe30b1136,0,natural:98913003,ok,moderate|nat_098913003|moderate|rep0|seed20240909,1.655
moderate,,nan,nat_097165575,1a4094b54284e94f3684cb3ad1feca102208da03681a2b01a37853fe0024ceaa,ce437da4856845a9,,febf92b4045a40c4,P,16,16,f6706417e8,2,natural:97165575,ok,moderate|nat_097165575|moderate|rep2|seed20240909,12.8435
moderate,,nan,nat_097165575,1a4094b54284e94f3684cb3ad1feca102208da03681a2b01a37853fe0024ceaa,ce437da4856845a9,,d3c96e187c1526e5,P,16,16,f6706417e8,3,natural:97165575,ok,moderate|nat_097165575|moderate|rep3|seed20240909,12.7556
moderate,,nan,nat_098913003,a59992d88b2ace18128fa81ba6ffc0f19eb7ba28d1d2195f9238ffac6291105a,ce437da4856845a9,,d0a3e288b1f0d12a,B0a-R,16,16,7fe30b1136,1,natural:98913003,ok,moderate|nat_098913003|moderate|rep1|seed20240909,1.6745
bursty,,nan,nat_097165575,1a4094b54284e94f3684cb3ad1feca102208da03681a2b01a37853fe0024ceaa,ce437da4856845a9,,17d479862da56414,P,16,16,f6706417e8,0,natural:97165575,ok,bursty|nat_097165575|bursty|rep0|seed20240909,12.8359
bursty,,nan,nat_097165575,1a4094b54284e94f3684cb3ad1feca102208da03681a2b01a37853fe0024ceaa,ce437da4856845a9,,55a564bbcbc5408c,P,16,16,f6706417e8,1,natural:97165575,ok,bursty|nat_097165575|bursty|rep1|seed20240909,13.1219
bursty,,nan,nat_098913003,a59992d88b2ace18128fa81ba6ffc0f19eb7ba28d1d2195f9238ffac6291105a,ce437da4856845a9,,1107e04ae3d929f3,B0a-R,16,16,7fe30b1136,0,natural:98913003,ok,bursty|nat_098913003|bursty|rep0|seed20240909,1.7087
moderate,,nan,nat_098913003,a59992d88b2ace18128fa81ba6ffc0f19eb7ba28d1d2195f9238ffac6291105a,ce437da4856845a9,,89cbff3b93b7de08,B0a-R,16,16,7fe30b1136,2,natural:98913003,ok,moderate|nat_098913003|moderate|rep2|seed20240909,1.7908
bursty,,nan,nat_098913003,a59992d88b2ace18128fa81ba6ffc0f19eb7ba28d1d2195f9238ffac6291105a,ce437da4856845a9,,e17c636d7044908f,B0a-R,16,16,7fe30b1136,1,natural:98913003,ok,bursty|nat_098913003|bursty|rep1|seed20240909,1.6518
moderate,,nan,nat_098913003,a59992d88b2ace18128fa81ba6ffc0f19eb7ba28d1d2195f9238ffac6291105a,ce437da4856845a9,,3944e8e5d840bce2,B0a-R,16,16,7fe30b1136,3,natural:98913003,ok,moderate|nat_098913003|moderate|rep3|seed20240909,1.8315
moderate,,nan,nat_098913003,a59992d88b2ace18128fa81ba6ffc0f19eb7ba28d1d2195f9238ffac6291105a,ce437da4856845a9,,8eb981ad7ad193a8,B0a-R,16,16,7fe30b1136,4,natural:98913003,ok,moderate|nat_098913003|moderate|rep4|seed20240909,1.838
bursty,,nan,nat_098913003,a59992d88b2ace18128fa81ba6ffc0f19eb7ba28d1d2195f9238ffac6291105a,ce437da4856845a9,,007e6eee49fed065,B0a-R,16,16,7fe30b1136,2,natural:98913003,ok,bursty|nat_098913003|bursty|rep2|seed20240909,1.6661
bursty,,nan,nat_098913003,a59992d88b2ace18128fa81ba6ffc0f19eb7ba28d1d2195f9238ffac6291105a,ce437da4856845a9,,e1d21fd1f4bd998f,B0a-R,16,16,7fe30b1136,4,natural:98913003,ok,bursty|nat_098913003|bursty|rep4|seed20240909,1.462
bursty,,nan,nat_097165575,1a4094b54284e94f3684cb3ad1feca102208da03681a2b01a37853fe0024ceaa,ce437da4856845a9,,52e4bb44f6f50662,P,16,16,f6706417e8,3,natural:97165575,ok,bursty|nat_097165575|bursty|rep3|seed20240909,13.1039
bursty,,nan,nat_098913003,a59992d88b2ace18128fa81ba6ffc0f19eb7ba28d1d2195f9238ffac6291105a,ce437da4856845a9,,ac38a8b353d46319,B0a-R,16,16,7fe30b1136,3,natural:98913003,ok,bursty|nat_098913003|bursty|rep3|seed20240909,1.8531
moderate,,nan,nat_097165575,1a4094b54284e94f3684cb3ad1feca102208da03681a2b01a37853fe0024ceaa,ce437da4856845a9,,609196613ae76d2a,P,16,16,f6706417e8,4,natural:97165575,ok,moderate|nat_097165575|moderate|rep4|seed20240909,14.0586
harsh,,nan,nat_098913003,a59992d88b2ace18128fa81ba6ffc0f19eb7ba28d1d2195f9238ffac6291105a,ce437da4856845a9,,4fa720da78f141ff,B0a-R,16,16,7fe30b1136,0,natural:98913003,ok,harsh|nat_098913003|harsh|rep0|seed20240909,1.8134
bursty,,nan,nat_097165575,1a4094b54284e94f3684cb3ad1feca102208da03681a2b01a37853fe0024ceaa,ce437da4856845a9,,c3edb970677f5cdf,P,16,16,f6706417e8,4,natural:97165575,ok,bursty|nat_097165575|bursty|rep4|seed20240909,13.2447
bursty,,nan,nat_097165575,1a4094b54284e94f3684cb3ad1feca102208da03681a2b01a37853fe0024ceaa,ce437da4856845a9,,0f9551dde36df46f,P,16,16,f6706417e8,2,natural:97165575,ok,bursty|nat_097165575|bursty|rep2|seed20240909,13.7737
harsh,,nan,nat_098913003,a59992d88b2ace18128fa81ba6ffc0f19eb7ba28d1d2195f9238ffac6291105a,ce437da4856845a9,,e3810de32f30a1b1,B0a-R,16,16,7fe30b1136,1,natural:98913003,ok,harsh|nat_098913003|harsh|rep1|seed20240909,1.7576
harsh,,nan,nat_098913003,a59992d88b2ace18128fa81ba6ffc0f19eb7ba28d1d2195f9238ffac6291105a,ce437da4856845a9,,0c20ff84f6e3b7da,B0a-R,16,16,7fe30b1136,2,natural:98913003,ok,harsh|nat_098913003|harsh|rep2|seed20240909,1.617
harsh,,nan,nat_098913003,a59992d88b2ace18128fa81ba6ffc0f19eb7ba28d1d2195f9238ffac6291105a,ce437da4856845a9,,f3e33d37a04efc1f,B0a-R,16,16,7fe30b1136,3,natural:98913003,ok,harsh|nat_098913003|harsh|rep3|seed20240909,1.6635
harsh,,nan,nat_098913003,a59992d88b2ace18128fa81ba6ffc0f19eb7ba28d1d2195f9238ffac6291105a,ce437da4856845a9,,7a6cd795e5c502c3,B0a-R,16,16,7fe30b1136,4,natural:98913003,ok,harsh|nat_098913003|harsh|rep4|seed20240909,1.6545
clean,,nan,nat_098913003,a59992d88b2ace18128fa81ba6ffc0f19eb7ba28d1d2195f9238ffac6291105a,ce437da4856845a9,,42650cb2fd226344,B0d,16,16,7fe30b1136,1,natural:98913003,ok,clean|nat_098913003|clean|rep1|seed20240909,3.9956
clean,,nan,nat_098913003,a59992d88b2ace18128fa81ba6ffc0f19eb7ba28d1d2195f9238ffac6291105a,ce437da4856845a9,,f5888cb445d6adf6,B0d,16,16,7fe30b1136,0,natural:98913003,ok,clean|nat_098913003|clean|rep0|seed20240909,4.1589
clean,,nan,nat_098913003,a59992d88b2ace18128fa81ba6ffc0f19eb7ba28d1d2195f9238ffac6291105a,ce437da4856845a9,,29798e0d6a7b3170,B0d,16,16,7fe30b1136,4,natural:98913003,ok,clean|nat_098913003|clean|rep4|seed20240909,4.0922
clean,,nan,nat_098913003,a59992d88b2ace18128fa81ba6ffc0f19eb7ba28d1d2195f9238ffac6291105a,ce437da4856845a9,,6a227a7eec6f5a89,B0d,16,16,7fe30b1136,2,natural:98913003,ok,clean|nat_098913003|clean|rep2|seed20240909,4.1797
clean,,nan,nat_098913003,a59992d88b2ace18128fa81ba6ffc0f19eb7ba28d1d2195f9238ffac6291105a,ce437da4856845a9,,3d5a328713b46586,B0d,16,16,7fe30b1136,3,natural:98913003,ok,clean|nat_098913003|clean|rep3|seed20240909,4.1613
mild,,nan,nat_098913003,a59992d88b2ace18128fa81ba6ffc0f19eb7ba28d1d2195f9238ffac6291105a,ce437da4856845a9,,296cedb635cbdc6e,B0d,16,16,7fe30b1136,0,natural:98913003,ok,mild|nat_098913003|mild|rep0|seed20240909,4.492
mild,,nan,nat_098913003,a59992d88b2ace18128fa81ba6ffc0f19eb7ba28d1d2195f9238ffac6291105a,ce437da4856845a9,,c51f47c1c6631cad,B0d,16,16,7fe30b1136,1,natural:98913003,ok,mild|nat_098913003|mild|rep1|seed20240909,4.2755
mild,,nan,nat_098913003,a59992d88b2ace18128fa81ba6ffc0f19eb7ba28d1d2195f9238ffac6291105a,ce437da4856845a9,,010312d77c63cebb,B0d,16,16,7fe30b1136,2,natural:98913003,ok,mild|nat_098913003|mild|rep2|seed20240909,4.5209
mild,,nan,nat_098913003,a59992d88b2ace18128fa81ba6ffc0f19eb7ba28d1d2195f9238ffac6291105a,ce437da4856845a9,,52647d8b1c39074b,B0d,16,16,7fe30b1136,3,natural:98913003,ok,mild|nat_098913003|mild|rep3|seed20240909,4.6422
mild,,nan,nat_098913003,a59992d88b2ace18128fa81ba6ffc0f19eb7ba28d1d2195f9238ffac6291105a,ce437da4856845a9,,5145b72d183008f7,B0d,16,16,7fe30b1136,4,natural:98913003,ok,mild|nat_098913003|mild|rep4|seed20240909,4.7118
clean,,nan,nat_098913003,a59992d88b2ace18128fa81ba6ffc0f19eb7ba28d1d2195f9238ffac6291105a,ce437da4856845a9,,e76263772fed02a2,B1,16,16,7fe30b1136,0,natural:98913003,ok,clean|nat_098913003|clean|rep0|seed20240909,0.4395
clean,,nan,nat_098913003,a59992d88b2ace18128fa81ba6ffc0f19eb7ba28d1d2195f9238ffac6291105a,ce437da4856845a9,,e98b3598750f8e54,B1,16,16,7fe30b1136,1,natural:98913003,ok,clean|nat_098913003|clean|rep1|seed20240909,0.484
clean,,nan,nat_098913003,a59992d88b2ace18128fa81ba6ffc0f19eb7ba28d1d2195f9238ffac6291105a,ce437da4856845a9,,8a7a757dd3756575,B1,16,16,7fe30b1136,2,natural:98913003,ok,clean|nat_098913003|clean|rep2|seed20240909,0.4652
clean,,nan,nat_098913003,a59992d88b2ace18128fa81ba6ffc0f19eb7ba28d1d2195f9238ffac6291105a,ce437da4856845a9,,9aef516d8d72aa7b,B1,16,16,7fe30b1136,3,natural:98913003,ok,clean|nat_098913003|clean|rep3|seed20240909,0.4729
harsh,,nan,nat_098913003,a59992d88b2ace18128fa81ba6ffc0f19eb7ba28d1d2195f9238ffac6291105a,ce437da4856845a9,,ef588d584b914d10,B0d,16,16,7fe30b1136,0,natural:98913003,ok,harsh|nat_098913003|harsh|rep0|seed20240909,3.361
clean,,nan,nat_098913003,a59992d88b2ace18128fa81ba6ffc0f19eb7ba28d1d2195f9238ffac6291105a,ce437da4856845a9,,6c3d0e1f92c39317,B1,16,16,7fe30b1136,4,natural:98913003,ok,clean|nat_098913003|clean|rep4|seed20240909,0.4599
harsh,,nan,nat_098913003,a59992d88b2ace18128fa81ba6ffc0f19eb7ba28d1d2195f9238ffac6291105a,ce437da4856845a9,,3908625c66b58dd4,B0d,16,16,7fe30b1136,2,natural:98913003,ok,harsh|nat_098913003|harsh|rep2|seed20240909,3.2464
harsh,,nan,nat_098913003,a59992d88b2ace18128fa81ba6ffc0f19eb7ba28d1d2195f9238ffac6291105a,ce437da4856845a9,,c17b2fbb7292c30b,B0d,16,16,7fe30b1136,1,natural:98913003,ok,harsh|nat_098913003|harsh|rep1|seed20240909,3.3013
mild,,nan,nat_098913003,a59992d88b2ace18128fa81ba6ffc0f19eb7ba28d1d2195f9238ffac6291105a,ce437da4856845a9,,d978b3e90268400c,B1,16,16,7fe30b1136,0,natural:98913003,ok,mild|nat_098913003|mild|rep0|seed20240909,0.6052
harsh,,nan,nat_098913003,a59992d88b2ace18128fa81ba6ffc0f19eb7ba28d1d2195f9238ffac6291105a,ce437da4856845a9,,ff8b25654c8f8bc3,B0d,16,16,7fe30b1136,3,natural:98913003,ok,harsh|nat_098913003|harsh|rep3|seed20240909,3.3392
harsh,,nan,nat_098913003,a59992d88b2ace18128fa81ba6ffc0f19eb7ba28d1d2195f9238ffac6291105a,ce437da4856845a9,,5c6b581ef2264c24,B0d,16,16,7fe30b1136,4,natural:98913003,ok,harsh|nat_098913003|harsh|rep4|seed20240909,3.3645
mild,,nan,nat_098913003,a59992d88b2ace18128fa81ba6ffc0f19eb7ba28d1d2195f9238ffac6291105a,ce437da4856845a9,,824cc5c51604fae8,B1,16,16,7fe30b1136,3,natural:98913003,ok,mild|nat_098913003|mild|rep3|seed20240909,0.5578
mild,,nan,nat_098913003,a59992d88b2ace18128fa81ba6ffc0f19eb7ba28d1d2195f9238ffac6291105a,ce437da4856845a9,,79e9f0848059bb94,B1,16,16,7fe30b1136,1,natural:98913003,ok,mild|nat_098913003|mild|rep1|seed20240909,0.6375
mild,,nan,nat_098913003,a59992d88b2ace18128fa81ba6ffc0f19eb7ba28d1d2195f9238ffac6291105a,ce437da4856845a9,,ce6395b2b654f66d,B1,16,16,7fe30b1136,2,natural:98913003,ok,mild|nat_098913003|mild|rep2|seed20240909,0.7117
moderate,,nan,nat_098913003,a59992d88b2ace18128fa81ba6ffc0f19eb7ba28d1d2195f9238ffac6291105a,ce437da4856845a9,,1d8482797645ddb2,B0d,16,16,7fe30b1136,0,natural:98913003,ok,moderate|nat_098913003|moderate|rep0|seed20240909,7.8863
mild,,nan,nat_098913003,a59992d88b2ace18128fa81ba6ffc0f19eb7ba28d1d2195f9238ffac6291105a,ce437da4856845a9,,9c0fd1bdd4c69620,B1,16,16,7fe30b1136,4,natural:98913003,ok,mild|nat_098913003|mild|rep4|seed20240909,0.5795
moderate,,nan,nat_098913003,a59992d88b2ace18128fa81ba6ffc0f19eb7ba28d1d2195f9238ffac6291105a,ce437da4856845a9,,9c9ca354f9d8a5c2,B0d,16,16,7fe30b1136,2,natural:98913003,ok,moderate|nat_098913003|moderate|rep2|seed20240909,7.7327
moderate,,nan,nat_098913003,a59992d88b2ace18128fa81ba6ffc0f19eb7ba28d1d2195f9238ffac6291105a,ce437da4856845a9,,978bac2134263ae4,B1,16,16,7fe30b1136,0,natural:98913003,ok,moderate|nat_098913003|moderate|rep0|seed20240909,0.7049
moderate,,nan,nat_098913003,a59992d88b2ace18128fa81ba6ffc0f19eb7ba28d1d2195f9238ffac6291105a,ce437da4856845a9,,3e77d74327525f05,B1,16,16,7fe30b1136,2,natural:98913003,ok,moderate|nat_098913003|moderate|rep2|seed20240909,0.6972
moderate,,nan,nat_098913003,a59992d88b2ace18128fa81ba6ffc0f19eb7ba28d1d2195f9238ffac6291105a,ce437da4856845a9,,8f5896dfb11b8456,B1,16,16,7fe30b1136,1,natural:98913003,ok,moderate|nat_098913003|moderate|rep1|seed20240909,0.7569
moderate,,nan,nat_098913003,a59992d88b2ace18128fa81ba6ffc0f19eb7ba28d1d2195f9238ffac6291105a,ce437da4856845a9,,3541bf932a9ade26,B1,16,16,7fe30b1136,3,natural:98913003,ok,moderate|nat_098913003|moderate|rep3|seed20240909,0.703
moderate,,nan,nat_098913003,a59992d88b2ace18128fa81ba6ffc0f19eb7ba28d1d2195f9238ffac6291105a,ce437da4856845a9,,671df1b0ad6f6200,B0d,16,16,7fe30b1136,3,natural:98913003,ok,moderate|nat_098913003|moderate|rep3|seed20240909,8.1355
moderate,,nan,nat_098913003,a59992d88b2ace18128fa81ba6ffc0f19eb7ba28d1d2195f9238ffac6291105a,ce437da4856845a9,,61fb26ba1c41d1bf,B0d,16,16,7fe30b1136,1,natural:98913003,ok,moderate|nat_098913003|moderate|rep1|seed20240909,8.2521
moderate,,nan,nat_098913003,a59992d88b2ace18128fa81ba6ffc0f19eb7ba28d1d2195f9238ffac6291105a,ce437da4856845a9,,5b1c7488e629a05c,B1,16,16,7fe30b1136,4,natural:98913003,ok,moderate|nat_098913003|moderate|rep4|seed20240909,0.724
bursty,,nan,nat_098913003,a59992d88b2ace18128fa81ba6ffc0f19eb7ba28d1d2195f9238ffac6291105a,ce437da4856845a9,,ceb3b242ec5dbed4,B1,16,16,7fe30b1136,0,natural:98913003,ok,bursty|nat_098913003|bursty|rep0|seed20240909,0.6685
bursty,,nan,nat_098913003,a59992d88b2ace18128fa81ba6ffc0f19eb7ba28d1d2195f9238ffac6291105a,ce437da4856845a9,,2ab1f95692923c21,B1,16,16,7fe30b1136,1,natural:98913003,ok,bursty|nat_098913003|bursty|rep1|seed20240909,0.7224
bursty,,nan,nat_098913003,a59992d88b2ace18128fa81ba6ffc0f19eb7ba28d1d2195f9238ffac6291105a,ce437da4856845a9,,febdac903f1b4860,B1,16,16,7fe30b1136,2,natural:98913003,ok,bursty|nat_098913003|bursty|rep2|seed20240909,0.746
bursty,,nan,nat_098913003,a59992d88b2ace18128fa81ba6ffc0f19eb7ba28d1d2195f9238ffac6291105a,ce437da4856845a9,,02343fe8ca61d5a6,B1,16,16,7fe30b1136,3,natural:98913003,ok,bursty|nat_098913003|bursty|rep3|seed20240909,0.662
bursty,,nan,nat_098913003,a59992d88b2ace18128fa81ba6ffc0f19eb7ba28d1d2195f9238ffac6291105a,ce437da4856845a9,,5127430aa99983be,B1,16,16,7fe30b1136,4,natural:98913003,ok,bursty|nat_098913003|bursty|rep4|seed20240909,0.6684
harsh,,nan,nat_098913003,a59992d88b2ace18128fa81ba6ffc0f19eb7ba28d1d2195f9238ffac6291105a,ce437da4856845a9,,77c55513d8e2bd76,B1,16,16,7fe30b1136,2,natural:98913003,ok,harsh|nat_098913003|harsh|rep2|seed20240909,0.6692
clean,,nan,nat_098913003,a59992d88b2ace18128fa81ba6ffc0f19eb7ba28d1d2195f9238ffac6291105a,ce437da4856845a9,,297e3a4d32304fb1,B2,16,16,7fe30b1136,0,natural:98913003,ok,clean|nat_098913003|clean|rep0|seed20240909,0.5343
harsh,,nan,nat_098913003,a59992d88b2ace18128fa81ba6ffc0f19eb7ba28d1d2195f9238ffac6291105a,ce437da4856845a9,,fdb45c027177eef5,B1,16,16,7fe30b1136,0,natural:98913003,ok,harsh|nat_098913003|harsh|rep0|seed20240909,0.7405
harsh,,nan,nat_098913003,a59992d88b2ace18128fa81ba6ffc0f19eb7ba28d1d2195f9238ffac6291105a,ce437da4856845a9,,9ad838fdf913632f,B1,16,16,7fe30b1136,1,natural:98913003,ok,harsh|nat_098913003|harsh|rep1|seed20240909,0.781
clean,,nan,nat_098913003,a59992d88b2ace18128fa81ba6ffc0f19eb7ba28d1d2195f9238ffac6291105a,ce437da4856845a9,,c09dde24163dd56c,B2,16,16,7fe30b1136,1,natural:98913003,ok,clean|nat_098913003|clean|rep1|seed20240909,0.5313
clean,,nan,nat_098913003,a59992d88b2ace18128fa81ba6ffc0f19eb7ba28d1d2195f9238ffac6291105a,ce437da4856845a9,,45c3e601538cf301,B2,16,16,7fe30b1136,2,natural:98913003,ok,clean|nat_098913003|clean|rep2|seed20240909,0.5063
harsh,,nan,nat_098913003,a59992d88b2ace18128fa81ba6ffc0f19eb7ba28d1d2195f9238ffac6291105a,ce437da4856845a9,,fe7abb703f5b651b,B1,16,16,7fe30b1136,3,natural:98913003,ok,harsh|nat_098913003|harsh|rep3|seed20240909,0.7986
harsh,,nan,nat_098913003,a59992d88b2ace18128fa81ba6ffc0f19eb7ba28d1d2195f9238ffac6291105a,ce437da4856845a9,,2fbe9647cf36b748,B1,16,16,7fe30b1136,4,natural:98913003,ok,harsh|nat_098913003|harsh|rep4|seed20240909,0.7995
clean,,nan,nat_098913003,a59992d88b2ace18128fa81ba6ffc0f19eb7ba28d1d2195f9238ffac6291105a,ce437da4856845a9,,6a9c8d84d9fca87d,B2,16,16,7fe30b1136,3,natural:98913003,ok,clean|nat_098913003|clean|rep3|seed20240909,0.5188
moderate,,nan,nat_098913003,a59992d88b2ace18128fa81ba6ffc0f19eb7ba28d1d2195f9238ffac6291105a,ce437da4856845a9,,3a8f2b682643f1c1,B0d,16,16,7fe30b1136,4,natural:98913003,ok,moderate|nat_098913003|moderate|rep4|seed20240909,8.6588
bursty,,nan,nat_098913003,a59992d88b2ace18128fa81ba6ffc0f19eb7ba28d1d2195f9238ffac6291105a,ce437da4856845a9,,939e72986eadccda,B0d,16,16,7fe30b1136,0,natural:98913003,ok,bursty|nat_098913003|bursty|rep0|seed20240909,8.5758
clean,,nan,nat_098913003,a59992d88b2ace18128fa81ba6ffc0f19eb7ba28d1d2195f9238ffac6291105a,ce437da4856845a9,,f74580962279a60a,B2,16,16,7fe30b1136,4,natural:98913003,ok,clean|nat_098913003|clean|rep4|seed20240909,0.5696
mild,,nan,nat_098913003,a59992d88b2ace18128fa81ba6ffc0f19eb7ba28d1d2195f9238ffac6291105a,ce437da4856845a9,,84adcf918f4868d6,B2,16,16,7fe30b1136,0,natural:98913003,ok,mild|nat_098913003|mild|rep0|seed20240909,0.6826
mild,,nan,nat_098913003,a59992d88b2ace18128fa81ba6ffc0f19eb7ba28d1d2195f9238ffac6291105a,ce437da4856845a9,,26642b1b9b5b91cb,B2,16,16,7fe30b1136,2,natural:98913003,ok,mild|nat_098913003|mild|rep2|seed20240909,0.7202
mild,,nan,nat_098913003,a59992d88b2ace18128fa81ba6ffc0f19eb7ba28d1d2195f9238ffac6291105a,ce437da4856845a9,,3b94befda7763047,B2,16,16,7fe30b1136,1,natural:98913003,ok,mild|nat_098913003|mild|rep1|seed20240909,0.7596
mild,,nan,nat_098913003,a59992d88b2ace18128fa81ba6ffc0f19eb7ba28d1d2195f9238ffac6291105a,ce437da4856845a9,,d3e4af31c7f69bd3,B2,16,16,7fe30b1136,4,natural:98913003,ok,mild|nat_098913003|mild|rep4|seed20240909,0.6758
moderate,,nan,nat_098913003,a59992d88b2ace18128fa81ba6ffc0f19eb7ba28d1d2195f9238ffac6291105a,ce437da4856845a9,,d28062696197ce4f,B2,16,16,7fe30b1136,0,natural:98913003,ok,moderate|nat_098913003|moderate|rep0|seed20240909,0.7577
mild,,nan,nat_098913003,a59992d88b2ace18128fa81ba6ffc0f19eb7ba28d1d2195f9238ffac6291105a,ce437da4856845a9,,7b665e4206ebd87f,B2,16,16,7fe30b1136,3,natural:98913003,ok,mild|nat_098913003|mild|rep3|seed20240909,0.8183
bursty,,nan,nat_098913003,a59992d88b2ace18128fa81ba6ffc0f19eb7ba28d1d2195f9238ffac6291105a,ce437da4856845a9,,58c641a32722b5ce,B2,16,16,7fe30b1136,0,natural:98913003,ok,bursty|nat_098913003|bursty|rep0|seed20240909,0.7226
moderate,,nan,nat_098913003,a59992d88b2ace18128fa81ba6ffc0f19eb7ba28d1d2195f9238ffac6291105a,ce437da4856845a9,,b02d6175407a77a3,B2,16,16,7fe30b1136,1,natural:98913003,ok,moderate|nat_098913003|moderate|rep1|seed20240909,0.8218
moderate,,nan,nat_098913003,a59992d88b2ace18128fa81ba6ffc0f19eb7ba28d1d2195f9238ffac6291105a,ce437da4856845a9,,c4c38b24efe7d112,B2,16,16,7fe30b1136,2,natural:98913003,ok,moderate|nat_098913003|moderate|rep2|seed20240909,0.7686
moderate,,nan,nat_098913003,a59992d88b2ace18128fa81ba6ffc0f19eb7ba28d1d2195f9238ffac6291105a,ce437da4856845a9,,d0a4f8d2bd0b3fc3,B2,16,16,7fe30b1136,4,natural:98913003,ok,moderate|nat_098913003|moderate|rep4|seed20240909,0.7597
moderate,,nan,nat_098913003,a59992d88b2ace18128fa81ba6ffc0f19eb7ba28d1d2195f9238ffac6291105a,ce437da4856845a9,,bc5eb7f0a8166dbc,B2,16,16,7fe30b1136,3,natural:98913003,ok,moderate|nat_098913003|moderate|rep3|seed20240909,0.8191
bursty,,nan,nat_098913003,a59992d88b2ace18128fa81ba6ffc0f19eb7ba28d1d2195f9238ffac6291105a,ce437da4856845a9,,dd871af50b582481,B2,16,16,7fe30b1136,1,natural:98913003,ok,bursty|nat_098913003|bursty|rep1|seed20240909,0.6861
bursty,,nan,nat_098913003,a59992d88b2ace18128fa81ba6ffc0f19eb7ba28d1d2195f9238ffac6291105a,ce437da4856845a9,,fa90cc01a236875e,B2,16,16,7fe30b1136,2,natural:98913003,ok,bursty|nat_098913003|bursty|rep2|seed20240909,0.6959
bursty,,nan,nat_098913003,a59992d88b2ace18128fa81ba6ffc0f19eb7ba28d1d2195f9238ffac6291105a,ce437da4856845a9,,f3ab6f82f1fc9b6a,B2,16,16,7fe30b1136,4,natural:98913003,ok,bursty|nat_098913003|bursty|rep4|seed20240909,0.6838
bursty,,nan,nat_098913003,a59992d88b2ace18128fa81ba6ffc0f19eb7ba28d1d2195f9238ffac6291105a,ce437da4856845a9,,6c1a2d85dc681f1c,B2,16,16,7fe30b1136,3,natural:98913003,ok,bursty|nat_098913003|bursty|rep3|seed20240909,0.7386
harsh,,nan,nat_098913003,a59992d88b2ace18128fa81ba6ffc0f19eb7ba28d1d2195f9238ffac6291105a,ce437da4856845a9,,7a49c4626b978be4,B2,16,16,7fe30b1136,0,natural:98913003,ok,harsh|nat_098913003|harsh|rep0|seed20240909,0.7533
harsh,,nan,nat_098913003,a59992d88b2ace18128fa81ba6ffc0f19eb7ba28d1d2195f9238ffac6291105a,ce437da4856845a9,,97ddaf74286c6d8e,B2,16,16,7fe30b1136,2,natural:98913003,ok,harsh|nat_098913003|harsh|rep2|seed20240909,0.7022
harsh,,nan,nat_098913003,a59992d88b2ace18128fa81ba6ffc0f19eb7ba28d1d2195f9238ffac6291105a,ce437da4856845a9,,91c0fa5f49ce1ea3,B2,16,16,7fe30b1136,1,natural:98913003,ok,harsh|nat_098913003|harsh|rep1|seed20240909,0.7699
harsh,,nan,nat_098913003,a59992d88b2ace18128fa81ba6ffc0f19eb7ba28d1d2195f9238ffac6291105a,ce437da4856845a9,,5a568e42a9024659,B2,16,16,7fe30b1136,4,natural:98913003,ok,harsh|nat_098913003|harsh|rep4|seed20240909,0.702
harsh,,nan,nat_098913003,a59992d88b2ace18128fa81ba6ffc0f19eb7ba28d1d2195f9238ffac6291105a,ce437da4856845a9,,99853673b258e101,B2,16,16,7fe30b1136,3,natural:98913003,ok,harsh|nat_098913003|harsh|rep3|seed20240909,0.7459
bursty,,nan,nat_098913003,a59992d88b2ace18128fa81ba6ffc0f19eb7ba28d1d2195f9238ffac6291105a,ce437da4856845a9,,3aa8be7ad369bc0d,B0d,16,16,7fe30b1136,2,natural:98913003,ok,bursty|nat_098913003|bursty|rep2|seed20240909,8.1972
bursty,,nan,nat_098913003,a59992d88b2ace18128fa81ba6ffc0f19eb7ba28d1d2195f9238ffac6291105a,ce437da4856845a9,,6092197edd5f23a1,B0d,16,16,7fe30b1136,1,natural:98913003,ok,bursty|nat_098913003|bursty|rep1|seed20240909,8.3642
bursty,,nan,nat_098913003,a59992d88b2ace18128fa81ba6ffc0f19eb7ba28d1d2195f9238ffac6291105a,ce437da4856845a9,,3c78e77b73c8e787,B0d,16,16,7fe30b1136,4,natural:98913003,ok,bursty|nat_098913003|bursty|rep4|seed20240909,8.1639
bursty,,nan,nat_098913003,a59992d88b2ace18128fa81ba6ffc0f19eb7ba28d1d2195f9238ffac6291105a,ce437da4856845a9,,fe70a6b0de227f1e,B0d,16,16,7fe30b1136,3,natural:98913003,ok,bursty|nat_098913003|bursty|rep3|seed20240909,8.4811
clean,,nan,nat_098913003,a59992d88b2ace18128fa81ba6ffc0f19eb7ba28d1d2195f9238ffac6291105a,ce437da4856845a9,,1fdaeec48e8d9f85,B3,16,16,7fe30b1136,1,natural:98913003,ok,clean|nat_098913003|clean|rep1|seed20240909,5.2886
clean,,nan,nat_098913003,a59992d88b2ace18128fa81ba6ffc0f19eb7ba28d1d2195f9238ffac6291105a,ce437da4856845a9,,da8d93c51e9a5a78,B3,16,16,7fe30b1136,0,natural:98913003,ok,clean|nat_098913003|clean|rep0|seed20240909,5.3633
clean,,nan,nat_098913003,a59992d88b2ace18128fa81ba6ffc0f19eb7ba28d1d2195f9238ffac6291105a,ce437da4856845a9,,f4f9466ddbb97d1f,B3,16,16,7fe30b1136,2,natural:98913003,ok,clean|nat_098913003|clean|rep2|seed20240909,5.4098
clean,,nan,nat_098913003,a59992d88b2ace18128fa81ba6ffc0f19eb7ba28d1d2195f9238ffac6291105a,ce437da4856845a9,,dd8ff0b5e9d225c4,B3,16,16,7fe30b1136,3,natural:98913003,ok,clean|nat_098913003|clean|rep3|seed20240909,5.2814
clean,,nan,nat_098913003,a59992d88b2ace18128fa81ba6ffc0f19eb7ba28d1d2195f9238ffac6291105a,ce437da4856845a9,,a7dfbdf4385f3fa7,B3,16,16,7fe30b1136,4,natural:98913003,ok,clean|nat_098913003|clean|rep4|seed20240909,5.3084
mild,,nan,nat_098913003,a59992d88b2ace18128fa81ba6ffc0f19eb7ba28d1d2195f9238ffac6291105a,ce437da4856845a9,,24b838e751726988,B3,16,16,7fe30b1136,0,natural:98913003,ok,mild|nat_098913003|mild|rep0|seed20240909,5.6543
mild,,nan,nat_098913003,a59992d88b2ace18128fa81ba6ffc0f19eb7ba28d1d2195f9238ffac6291105a,ce437da4856845a9,,0a495e82d3223740,B3,16,16,7fe30b1136,1,natural:98913003,ok,mild|nat_098913003|mild|rep1|seed20240909,5.7121
mild,,nan,nat_098913003,a59992d88b2ace18128fa81ba6ffc0f19eb7ba28d1d2195f9238ffac6291105a,ce437da4856845a9,,b87b8171892bf522,B3,16,16,7fe30b1136,2,natural:98913003,ok,mild|nat_098913003|mild|rep2|seed20240909,5.6754
mild,,nan,nat_098913003,a59992d88b2ace18128fa81ba6ffc0f19eb7ba28d1d2195f9238ffac6291105a,ce437da4856845a9,,c7077b4e6ff0b383,B3,16,16,7fe30b1136,3,natural:98913003,ok,mild|nat_098913003|mild|rep3|seed20240909,5.6824
mild,,nan,nat_098913003,a59992d88b2ace18128fa81ba6ffc0f19eb7ba28d1d2195f9238ffac6291105a,ce437da4856845a9,,12cb0582313b0e81,B3,16,16,7fe30b1136,4,natural:98913003,ok,mild|nat_098913003|mild|rep4|seed20240909,5.6648
moderate,,nan,nat_098913003,a59992d88b2ace18128fa81ba6ffc0f19eb7ba28d1d2195f9238ffac6291105a,ce437da4856845a9,,ad7141b93277d6a4,B3,16,16,7fe30b1136,0,natural:98913003,ok,moderate|nat_098913003|moderate|rep0|seed20240909,7.4232
moderate,,nan,nat_098913003,a59992d88b2ace18128fa81ba6ffc0f19eb7ba28d1d2195f9238ffac6291105a,ce437da4856845a9,,536e9e338c9f6cb9,B3,16,16,7fe30b1136,1,natural:98913003,ok,moderate|nat_098913003|moderate|rep1|seed20240909,7.8615
moderate,,nan,nat_098913003,a59992d88b2ace18128fa81ba6ffc0f19eb7ba28d1d2195f9238ffac6291105a,ce437da4856845a9,,dd287933f4c7c06d,B3,16,16,7fe30b1136,2,natural:98913003,ok,moderate|nat_098913003|moderate|rep2|seed20240909,7.623
moderate,,nan,nat_098913003,a59992d88b2ace18128fa81ba6ffc0f19eb7ba28d1d2195f9238ffac6291105a,ce437da4856845a9,,e6617ef811cff127,B3,16,16,7fe30b1136,3,natural:98913003,ok,moderate|nat_098913003|moderate|rep3|seed20240909,7.8074
moderate,,nan,nat_098913003,a59992d88b2ace18128fa81ba6ffc0f19eb7ba28d1d2195f9238ffac6291105a,ce437da4856845a9,,d319868c3d6783b1,B3,16,16,7fe30b1136,4,natural:98913003,ok,moderate|nat_098913003|moderate|rep4|seed20240909,7.9039
harsh,,nan,nat_098913003,a59992d88b2ace18128fa81ba6ffc0f19eb7ba28d1d2195f9238ffac6291105a,ce437da4856845a9,,d06a1f4dcc4081af,B3,16,16,7fe30b1136,0,natural:98913003,ok,harsh|nat_098913003|harsh|rep0|seed20240909,4.1644
bursty,,nan,nat_098913003,a59992d88b2ace18128fa81ba6ffc0f19eb7ba28d1d2195f9238ffac6291105a,ce437da4856845a9,,be7eff214536474e,B3,16,16,7fe30b1136,0,natural:98913003,ok,bursty|nat_098913003|bursty|rep0|seed20240909,8.3831
harsh,,nan,nat_098913003,a59992d88b2ace18128fa81ba6ffc0f19eb7ba28d1d2195f9238ffac6291105a,ce437da4856845a9,,9336b008783f7ac1,B3,16,16,7fe30b1136,2,natural:98913003,ok,harsh|nat_098913003|harsh|rep2|seed20240909,4.1353
harsh,,nan,nat_098913003,a59992d88b2ace18128fa81ba6ffc0f19eb7ba28d1d2195f9238ffac6291105a,ce437da4856845a9,,836804ac1ba2157b,B3,16,16,7fe30b1136,1,natural:98913003,ok,harsh|nat_098913003|harsh|rep1|seed20240909,4.2556
harsh,,nan,nat_098913003,a59992d88b2ace18128fa81ba6ffc0f19eb7ba28d1d2195f9238ffac6291105a,ce437da4856845a9,,f5224347935ed7b3,B3,16,16,7fe30b1136,4,natural:98913003,ok,harsh|nat_098913003|harsh|rep4|seed20240909,4.151
harsh,,nan,nat_098913003,a59992d88b2ace18128fa81ba6ffc0f19eb7ba28d1d2195f9238ffac6291105a,ce437da4856845a9,,42b049f36866e371,B3,16,16,7fe30b1136,3,natural:98913003,ok,harsh|nat_098913003|harsh|rep3|seed20240909,4.331
clean,,nan,nat_098913003,a59992d88b2ace18128fa81ba6ffc0f19eb7ba28d1d2195f9238ffac6291105a,ce437da4856845a9,,97efc01e0d9e18bb,B4,16,16,7fe30b1136,0,natural:98913003,ok,clean|nat_098913003|clean|rep0|seed20240909,5.1601
bursty,,nan,nat_098913003,a59992d88b2ace18128fa81ba6ffc0f19eb7ba28d1d2195f9238ffac6291105a,ce437da4856845a9,,ac2d6f17d18d7f15,B3,16,16,7fe30b1136,1,natural:98913003,ok,bursty|nat_098913003|bursty|rep1|seed20240909,7.564
bursty,,nan,nat_098913003,a59992d88b2ace18128fa81ba6ffc0f19eb7ba28d1d2195f9238ffac6291105a,ce437da4856845a9,,5797e33eca945b2d,B3,16,16,7fe30b1136,4,natural:98913003,ok,bursty|nat_098913003|bursty|rep4|seed20240909,7.7197
clean,,nan,nat_098913003,a59992d88b2ace18128fa81ba6ffc0f19eb7ba28d1d2195f9238ffac6291105a,ce437da4856845a9,,5333df08423851ef,B4,16,16,7fe30b1136,1,natural:98913003,ok,clean|nat_098913003|clean|rep1|seed20240909,5.1232
bursty,,nan,nat_098913003,a59992d88b2ace18128fa81ba6ffc0f19eb7ba28d1d2195f9238ffac6291105a,ce437da4856845a9,,aad76eee158b8355,B3,16,16,7fe30b1136,2,natural:98913003,ok,bursty|nat_098913003|bursty|rep2|seed20240909,7.9162
bursty,,nan,nat_098913003,a59992d88b2ace18128fa81ba6ffc0f19eb7ba28d1d2195f9238ffac6291105a,ce437da4856845a9,,a6d9c5dd2b69f473,B3,16,16,7fe30b1136,3,natural:98913003,ok,bursty|nat_098913003|bursty|rep3|seed20240909,7.9453
clean,,nan,nat_098913003,a59992d88b2ace18128fa81ba6ffc0f19eb7ba28d1d2195f9238ffac6291105a,ce437da4856845a9,,7851a77e222b0226,B4,16,16,7fe30b1136,2,natural:98913003,ok,clean|nat_098913003|clean|rep2|seed20240909,5.2354
clean,,nan,nat_098913003,a59992d88b2ace18128fa81ba6ffc0f19eb7ba28d1d2195f9238ffac6291105a,ce437da4856845a9,,390d834ce16099ef,B4,16,16,7fe30b1136,3,natural:98913003,ok,clean|nat_098913003|clean|rep3|seed20240909,5.3092
clean,,nan,nat_098913003,a59992d88b2ace18128fa81ba6ffc0f19eb7ba28d1d2195f9238ffac6291105a,ce437da4856845a9,,d11a9fe8bb848fb8,B4,16,16,7fe30b1136,4,natural:98913003,ok,clean|nat_098913003|clean|rep4|seed20240909,5.219
mild,,nan,nat_098913003,a59992d88b2ace18128fa81ba6ffc0f19eb7ba28d1d2195f9238ffac6291105a,ce437da4856845a9,,75155f1e138666b5,B4,16,16,7fe30b1136,0,natural:98913003,ok,mild|nat_098913003|mild|rep0|seed20240909,5.5497
mild,,nan,nat_098913003,a59992d88b2ace18128fa81ba6ffc0f19eb7ba28d1d2195f9238ffac6291105a,ce437da4856845a9,,e7863063af41a1d6,B4,16,16,7fe30b1136,1,natural:98913003,ok,mild|nat_098913003|mild|rep1|seed20240909,5.4561
mild,,nan,nat_098913003,a59992d88b2ace18128fa81ba6ffc0f19eb7ba28d1d2195f9238ffac6291105a,ce437da4856845a9,,3f4b2dee6203c3c8,B4,16,16,7fe30b1136,2,natural:98913003,ok,mild|nat_098913003|mild|rep2|seed20240909,5.4422
mild,,nan,nat_098913003,a59992d88b2ace18128fa81ba6ffc0f19eb7ba28d1d2195f9238ffac6291105a,ce437da4856845a9,,29f242fa85f78034,B4,16,16,7fe30b1136,3,natural:98913003,ok,mild|nat_098913003|mild|rep3|seed20240909,5.4858
mild,,nan,nat_098913003,a59992d88b2ace18128fa81ba6ffc0f19eb7ba28d1d2195f9238ffac6291105a,ce437da4856845a9,,5fa10e8375bf57d5,B4,16,16,7fe30b1136,4,natural:98913003,ok,mild|nat_098913003|mild|rep4|seed20240909,5.464
harsh,,nan,nat_098913003,a59992d88b2ace18128fa81ba6ffc0f19eb7ba28d1d2195f9238ffac6291105a,ce437da4856845a9,,a1acce987ef3fbff,B4,16,16,7fe30b1136,0,natural:98913003,ok,harsh|nat_098913003|harsh|rep0|seed20240909,3.4083
harsh,,nan,nat_098913003,a59992d88b2ace18128fa81ba6ffc0f19eb7ba28d1d2195f9238ffac6291105a,ce437da4856845a9,,f63ce5398c6be983,B4,16,16,7fe30b1136,1,natural:98913003,ok,harsh|nat_098913003|harsh|rep1|seed20240909,3.4501
harsh,,nan,nat_098913003,a59992d88b2ace18128fa81ba6ffc0f19eb7ba28d1d2195f9238ffac6291105a,ce437da4856845a9,,64f2259f0db71b9e,B4,16,16,7fe30b1136,2,natural:98913003,ok,harsh|nat_098913003|harsh|rep2|seed20240909,3.2954
harsh,,nan,nat_098913003,a59992d88b2ace18128fa81ba6ffc0f19eb7ba28d1d2195f9238ffac6291105a,ce437da4856845a9,,58f300411014d7b3,B4,16,16,7fe30b1136,3,natural:98913003,ok,harsh|nat_098913003|harsh|rep3|seed20240909,3.4084
moderate,,nan,nat_098913003,a59992d88b2ace18128fa81ba6ffc0f19eb7ba28d1d2195f9238ffac6291105a,ce437da4856845a9,,7c90db9756b28077,B4,16,16,7fe30b1136,0,natural:98913003,ok,moderate|nat_098913003|moderate|rep0|seed20240909,8.7154
harsh,,nan,nat_098913003,a59992d88b2ace18128fa81ba6ffc0f19eb7ba28d1d2195f9238ffac6291105a,ce437da4856845a9,,bda6c10e7e8324de,B4,16,16,7fe30b1136,4,natural:98913003,ok,harsh|nat_098913003|harsh|rep4|seed20240909,3.4215
moderate,,nan,nat_098913003,a59992d88b2ace18128fa81ba6ffc0f19eb7ba28d1d2195f9238ffac6291105a,ce437da4856845a9,,79481d7fa2382455,B4,16,16,7fe30b1136,1,natural:98913003,ok,moderate|nat_098913003|moderate|rep1|seed20240909,9.0278
moderate,,nan,nat_098913003,a59992d88b2ace18128fa81ba6ffc0f19eb7ba28d1d2195f9238ffac6291105a,ce437da4856845a9,,9c2d5f7107737604,B4,16,16,7fe30b1136,2,natural:98913003,ok,moderate|nat_098913003|moderate|rep2|seed20240909,8.6044
bursty,,nan,nat_098913003,a59992d88b2ace18128fa81ba6ffc0f19eb7ba28d1d2195f9238ffac6291105a,ce437da4856845a9,,a963f9ccd28d33d1,B4,16,16,7fe30b1136,2,natural:98913003,ok,bursty|nat_098913003|bursty|rep2|seed20240909,8.1239
bursty,,nan,nat_098913003,a59992d88b2ace18128fa81ba6ffc0f19eb7ba28d1d2195f9238ffac6291105a,ce437da4856845a9,,34573ec5a5634bce,B4,16,16,7fe30b1136,1,natural:98913003,ok,bursty|nat_098913003|bursty|rep1|seed20240909,8.3857
moderate,,nan,nat_098913003,a59992d88b2ace18128fa81ba6ffc0f19eb7ba28d1d2195f9238ffac6291105a,ce437da4856845a9,,539d1beaca60a208,B4,16,16,7fe30b1136,3,natural:98913003,ok,moderate|nat_098913003|moderate|rep3|seed20240909,8.9355
bursty,,nan,nat_098913003,a59992d88b2ace18128fa81ba6ffc0f19eb7ba28d1d2195f9238ffac6291105a,ce437da4856845a9,,e621f2bc938017e7,B4,16,16,7fe30b1136,0,natural:98913003,ok,bursty|nat_098913003|bursty|rep0|seed20240909,9.0685
bursty,,nan,nat_098913003,a59992d88b2ace18128fa81ba6ffc0f19eb7ba28d1d2195f9238ffac6291105a,ce437da4856845a9,,f2ef910fe7f7b846,B4,16,16,7fe30b1136,4,natural:98913003,ok,bursty|nat_098913003|bursty|rep4|seed20240909,8.0432
bursty,,nan,nat_098913003,a59992d88b2ace18128fa81ba6ffc0f19eb7ba28d1d2195f9238ffac6291105a,ce437da4856845a9,,65004c7de4d17c32,B4,16,16,7fe30b1136,3,natural:98913003,ok,bursty|nat_098913003|bursty|rep3|seed20240909,8.5831
moderate,,nan,nat_098913003,a59992d88b2ace18128fa81ba6ffc0f19eb7ba28d1d2195f9238ffac6291105a,ce437da4856845a9,,fd5e5aa74579abae,B4,16,16,7fe30b1136,4,natural:98913003,ok,moderate|nat_098913003|moderate|rep4|seed20240909,9.3122
clean,,nan,nat_098913003,a59992d88b2ace18128fa81ba6ffc0f19eb7ba28d1d2195f9238ffac6291105a,ce437da4856845a9,,82c844bc568a278d,B4t,16,16,7e31e8b9ec,0,natural:98913003,ok,clean|nat_098913003|clean|rep0|seed20240909,8.245
clean,,nan,nat_098913003,a59992d88b2ace18128fa81ba6ffc0f19eb7ba28d1d2195f9238ffac6291105a,ce437da4856845a9,,e6458e8d689c9b56,B4t,16,16,7e31e8b9ec,1,natural:98913003,ok,clean|nat_098913003|clean|rep1|seed20240909,8.1525
clean,,nan,nat_098913003,a59992d88b2ace18128fa81ba6ffc0f19eb7ba28d1d2195f9238ffac6291105a,ce437da4856845a9,,4a5827e4f6fca004,B4t,16,16,7e31e8b9ec,2,natural:98913003,ok,clean|nat_098913003|clean|rep2|seed20240909,8.2502
clean,,nan,nat_098913003,a59992d88b2ace18128fa81ba6ffc0f19eb7ba28d1d2195f9238ffac6291105a,ce437da4856845a9,,902905d303dcc3dc,B4t,16,16,7e31e8b9ec,3,natural:98913003,ok,clean|nat_098913003|clean|rep3|seed20240909,8.1819
clean,,nan,nat_098913003,a59992d88b2ace18128fa81ba6ffc0f19eb7ba28d1d2195f9238ffac6291105a,ce437da4856845a9,,af9eac11fde167cc,B4t,16,16,7e31e8b9ec,4,natural:98913003,ok,clean|nat_098913003|clean|rep4|seed20240909,8.201
mild,,nan,nat_098913003,a59992d88b2ace18128fa81ba6ffc0f19eb7ba28d1d2195f9238ffac6291105a,ce437da4856845a9,,763c551d257283d4,B4t,16,16,7e31e8b9ec,0,natural:98913003,ok,mild|nat_098913003|mild|rep0|seed20240909,8.6076
mild,,nan,nat_098913003,a59992d88b2ace18128fa81ba6ffc0f19eb7ba28d1d2195f9238ffac6291105a,ce437da4856845a9,,23db66b5f646616a,B4t,16,16,7e31e8b9ec,1,natural:98913003,ok,mild|nat_098913003|mild|rep1|seed20240909,8.6758
mild,,nan,nat_098913003,a59992d88b2ace18128fa81ba6ffc0f19eb7ba28d1d2195f9238ffac6291105a,ce437da4856845a9,,2c0f0f9f58f35433,B4t,16,16,7e31e8b9ec,2,natural:98913003,ok,mild|nat_098913003|mild|rep2|seed20240909,8.719
mild,,nan,nat_098913003,a59992d88b2ace18128fa81ba6ffc0f19eb7ba28d1d2195f9238ffac6291105a,ce437da4856845a9,,fa9891c9c84d07ce,B4t,16,16,7e31e8b9ec,3,natural:98913003,ok,mild|nat_098913003|mild|rep3|seed20240909,8.726
mild,,nan,nat_098913003,a59992d88b2ace18128fa81ba6ffc0f19eb7ba28d1d2195f9238ffac6291105a,ce437da4856845a9,,d28cc6e8eedd7772,B4t,16,16,7e31e8b9ec,4,natural:98913003,ok,mild|nat_098913003|mild|rep4|seed20240909,8.7702
harsh,,nan,nat_098913003,a59992d88b2ace18128fa81ba6ffc0f19eb7ba28d1d2195f9238ffac6291105a,ce437da4856845a9,,69050676cc41bb60,B4t,16,16,7e31e8b9ec,0,natural:98913003,ok,harsh|nat_098913003|harsh|rep0|seed20240909,4.8657
harsh,,nan,nat_098913003,a59992d88b2ace18128fa81ba6ffc0f19eb7ba28d1d2195f9238ffac6291105a,ce437da4856845a9,,cc4f8ff4d900bdca,B4t,16,16,7e31e8b9ec,1,natural:98913003,ok,harsh|nat_098913003|harsh|rep1|seed20240909,5.0502
harsh,,nan,nat_098913003,a59992d88b2ace18128fa81ba6ffc0f19eb7ba28d1d2195f9238ffac6291105a,ce437da4856845a9,,95728981d2536bdd,B4t,16,16,7e31e8b9ec,2,natural:98913003,ok,harsh|nat_098913003|harsh|rep2|seed20240909,4.9564
harsh,,nan,nat_098913003,a59992d88b2ace18128fa81ba6ffc0f19eb7ba28d1d2195f9238ffac6291105a,ce437da4856845a9,,fd93eedca850c197,B4t,16,16,7e31e8b9ec,3,natural:98913003,ok,harsh|nat_098913003|harsh|rep3|seed20240909,4.9794
harsh,,nan,nat_098913003,a59992d88b2ace18128fa81ba6ffc0f19eb7ba28d1d2195f9238ffac6291105a,ce437da4856845a9,,443d99ae4393a0e9,B4t,16,16,7e31e8b9ec,4,natural:98913003,ok,harsh|nat_098913003|harsh|rep4|seed20240909,4.8772
moderate,,nan,nat_098913003,a59992d88b2ace18128fa81ba6ffc0f19eb7ba28d1d2195f9238ffac6291105a,ce437da4856845a9,,1781458277c2d97c,B4t,16,16,7e31e8b9ec,3,natural:98913003,ok,moderate|nat_098913003|moderate|rep3|seed20240909,15.0193
moderate,,nan,nat_098913003,a59992d88b2ace18128fa81ba6ffc0f19eb7ba28d1d2195f9238ffac6291105a,ce437da4856845a9,,2d6d2e9e4377065b,B4t,16,16,7e31e8b9ec,0,natural:98913003,ok,moderate|nat_098913003|moderate|rep0|seed20240909,16.0063
moderate,,nan,nat_098913003,a59992d88b2ace18128fa81ba6ffc0f19eb7ba28d1d2195f9238ffac6291105a,ce437da4856845a9,,dbcce1806f9ef9b6,B4t,16,16,7e31e8b9ec,1,natural:98913003,ok,moderate|nat_098913003|moderate|rep1|seed20240909,16.017
moderate,,nan,nat_098913003,a59992d88b2ace18128fa81ba6ffc0f19eb7ba28d1d2195f9238ffac6291105a,ce437da4856845a9,,1f89ea00104fbd95,B4t,16,16,7e31e8b9ec,2,natural:98913003,ok,moderate|nat_098913003|moderate|rep2|seed20240909,15.5347
moderate,,nan,nat_098913003,a59992d88b2ace18128fa81ba6ffc0f19eb7ba28d1d2195f9238ffac6291105a,ce437da4856845a9,,d1da96abc22b2f9f,B4t,16,16,7e31e8b9ec,4,natural:98913003,ok,moderate|nat_098913003|moderate|rep4|seed20240909,16.0014
clean,,nan,nat_098913003,a59992d88b2ace18128fa81ba6ffc0f19eb7ba28d1d2195f9238ffac6291105a,ce437da4856845a9,,08b0e2fbdf67509c,P,16,16,f6706417e8,0,natural:98913003,ok,clean|nat_098913003|clean|rep0|seed20240909,8.3823
bursty,,nan,nat_098913003,a59992d88b2ace18128fa81ba6ffc0f19eb7ba28d1d2195f9238ffac6291105a,ce437da4856845a9,,b07e63c5208c2e43,B4t,16,16,7e31e8b9ec,1,natural:98913003,ok,bursty|nat_098913003|bursty|rep1|seed20240909,15.3902
bursty,,nan,nat_098913003,a59992d88b2ace18128fa81ba6ffc0f19eb7ba28d1d2195f9238ffac6291105a,ce437da4856845a9,,7b8ccf6480854033,B4t,16,16,7e31e8b9ec,0,natural:98913003,ok,bursty|nat_098913003|bursty|rep0|seed20240909,17.1068
clean,,nan,nat_098913003,a59992d88b2ace18128fa81ba6ffc0f19eb7ba28d1d2195f9238ffac6291105a,ce437da4856845a9,,1c75b0da0cebfcd9,P,16,16,f6706417e8,1,natural:98913003,ok,clean|nat_098913003|clean|rep1|seed20240909,8.3695
clean,,nan,nat_098913003,a59992d88b2ace18128fa81ba6ffc0f19eb7ba28d1d2195f9238ffac6291105a,ce437da4856845a9,,c4b2d9c02371f587,P,16,16,f6706417e8,2,natural:98913003,ok,clean|nat_098913003|clean|rep2|seed20240909,8.3096
clean,,nan,nat_098913003,a59992d88b2ace18128fa81ba6ffc0f19eb7ba28d1d2195f9238ffac6291105a,ce437da4856845a9,,53ce8cf4f9b3fbf4,P,16,16,f6706417e8,3,natural:98913003,ok,clean|nat_098913003|clean|rep3|seed20240909,8.3919
bursty,,nan,nat_098913003,a59992d88b2ace18128fa81ba6ffc0f19eb7ba28d1d2195f9238ffac6291105a,ce437da4856845a9,,71bd886191f8d55c,B4t,16,16,7e31e8b9ec,4,natural:98913003,ok,bursty|nat_098913003|bursty|rep4|seed20240909,14.7964
clean,,nan,nat_098913003,a59992d88b2ace18128fa81ba6ffc0f19eb7ba28d1d2195f9238ffac6291105a,ce437da4856845a9,,f820b8423dae7050,P,16,16,f6706417e8,4,natural:98913003,ok,clean|nat_098913003|clean|rep4|seed20240909,8.3266
bursty,,nan,nat_098913003,a59992d88b2ace18128fa81ba6ffc0f19eb7ba28d1d2195f9238ffac6291105a,ce437da4856845a9,,2a850a664269df29,B4t,16,16,7e31e8b9ec,2,natural:98913003,ok,bursty|nat_098913003|bursty|rep2|seed20240909,16.0032
mild,,nan,nat_098913003,a59992d88b2ace18128fa81ba6ffc0f19eb7ba28d1d2195f9238ffac6291105a,ce437da4856845a9,,bc890d5a70e21390,P,16,16,f6706417e8,0,natural:98913003,ok,mild|nat_098913003|mild|rep0|seed20240909,8.8041
bursty,,nan,nat_098913003,a59992d88b2ace18128fa81ba6ffc0f19eb7ba28d1d2195f9238ffac6291105a,ce437da4856845a9,,686b3d0399e0ba53,B4t,16,16,7e31e8b9ec,3,natural:98913003,ok,bursty|nat_098913003|bursty|rep3|seed20240909,16.3
mild,,nan,nat_098913003,a59992d88b2ace18128fa81ba6ffc0f19eb7ba28d1d2195f9238ffac6291105a,ce437da4856845a9,,b55aac57b7d640e8,P,16,16,f6706417e8,1,natural:98913003,ok,mild|nat_098913003|mild|rep1|seed20240909,8.7686
mild,,nan,nat_098913003,a59992d88b2ace18128fa81ba6ffc0f19eb7ba28d1d2195f9238ffac6291105a,ce437da4856845a9,,c14ea16dd313b25d,P,16,16,f6706417e8,2,natural:98913003,ok,mild|nat_098913003|mild|rep2|seed20240909,8.7166
mild,,nan,nat_098913003,a59992d88b2ace18128fa81ba6ffc0f19eb7ba28d1d2195f9238ffac6291105a,ce437da4856845a9,,3520b65d69c499f5,P,16,16,f6706417e8,3,natural:98913003,ok,mild|nat_098913003|mild|rep3|seed20240909,8.6378
mild,,nan,nat_098913003,a59992d88b2ace18128fa81ba6ffc0f19eb7ba28d1d2195f9238ffac6291105a,ce437da4856845a9,,1ef11c5fa0c413cb,P,16,16,f6706417e8,4,natural:98913003,ok,mild|nat_098913003|mild|rep4|seed20240909,8.8505
clean,,nan,nat_099599833,5a7eee8c71fd8457b39f0dbef8f77dc776bce318d6494a9b0645b4ea722f0486,ce437da4856845a9,,d692671126cf135f,B0a,16,16,7fe30b1136,0,natural:99599833,ok,clean|nat_099599833|clean|rep0|seed20240909,0.4564
harsh,,nan,nat_098913003,a59992d88b2ace18128fa81ba6ffc0f19eb7ba28d1d2195f9238ffac6291105a,ce437da4856845a9,,d8571f92490ddc64,P,16,16,f6706417e8,0,natural:98913003,ok,harsh|nat_098913003|harsh|rep0|seed20240909,4.9917
clean,,nan,nat_099599833,5a7eee8c71fd8457b39f0dbef8f77dc776bce318d6494a9b0645b4ea722f0486,ce437da4856845a9,,0b116162f01eadd4,B0a,16,16,7fe30b1136,1,natural:99599833,ok,clean|nat_099599833|clean|rep1|seed20240909,0.4776
clean,,nan,nat_099599833,5a7eee8c71fd8457b39f0dbef8f77dc776bce318d6494a9b0645b4ea722f0486,ce437da4856845a9,,e98759e405245c6b,B0a,16,16,7fe30b1136,2,natural:99599833,ok,clean|nat_099599833|clean|rep2|seed20240909,0.4756
harsh,,nan,nat_098913003,a59992d88b2ace18128fa81ba6ffc0f19eb7ba28d1d2195f9238ffac6291105a,ce437da4856845a9,,765b4203ff50343e,P,16,16,f6706417e8,1,natural:98913003,ok,harsh|nat_098913003|harsh|rep1|seed20240909,5.1128
clean,,nan,nat_099599833,5a7eee8c71fd8457b39f0dbef8f77dc776bce318d6494a9b0645b4ea722f0486,ce437da4856845a9,,29ecc8edbe8c0ccd,B0a,16,16,7fe30b1136,3,natural:99599833,ok,clean|nat_099599833|clean|rep3|seed20240909,0.4801
clean,,nan,nat_099599833,5a7eee8c71fd8457b39f0dbef8f77dc776bce318d6494a9b0645b4ea722f0486,ce437da4856845a9,,e167ace5a98a0484,B0a,16,16,7fe30b1136,4,natural:99599833,ok,clean|nat_099599833|clean|rep4|seed20240909,0.4798
mild,,nan,nat_099599833,5a7eee8c71fd8457b39f0dbef8f77dc776bce318d6494a9b0645b4ea722f0486,ce437da4856845a9,,f578a791d9fa9557,B0a,16,16,7fe30b1136,0,natural:99599833,ok,mild|nat_099599833|mild|rep0|seed20240909,0.6463
mild,,nan,nat_099599833,5a7eee8c71fd8457b39f0dbef8f77dc776bce318d6494a9b0645b4ea722f0486,ce437da4856845a9,,9f0ad21102a2a702,B0a,16,16,7fe30b1136,1,natural:99599833,ok,mild|nat_099599833|mild|rep1|seed20240909,0.6156
mild,,nan,nat_099599833,5a7eee8c71fd8457b39f0dbef8f77dc776bce318d6494a9b0645b4ea722f0486,ce437da4856845a9,,1b8fd991a10507d8,B0a,16,16,7fe30b1136,2,natural:99599833,ok,mild|nat_099599833|mild|rep2|seed20240909,0.5902
mild,,nan,nat_099599833,5a7eee8c71fd8457b39f0dbef8f77dc776bce318d6494a9b0645b4ea722f0486,ce437da4856845a9,,6116ab74c8e818d2,B0a,16,16,7fe30b1136,3,natural:99599833,ok,mild|nat_099599833|mild|rep3|seed20240909,0.6139
mild,,nan,nat_099599833,5a7eee8c71fd8457b39f0dbef8f77dc776bce318d6494a9b0645b4ea722f0486,ce437da4856845a9,,c33a3e0484906d44,B0a,16,16,7fe30b1136,4,natural:99599833,ok,mild|nat_099599833|mild|rep4|seed20240909,0.6604
moderate,,nan,nat_099599833,5a7eee8c71fd8457b39f0dbef8f77dc776bce318d6494a9b0645b4ea722f0486,ce437da4856845a9,,4f3cb154571ebfc5,B0a,16,16,7fe30b1136,0,natural:99599833,ok,moderate|nat_099599833|moderate|rep0|seed20240909,0.6341
moderate,,nan,nat_099599833,5a7eee8c71fd8457b39f0dbef8f77dc776bce318d6494a9b0645b4ea722f0486,ce437da4856845a9,,2038fd7b8c70b713,B0a,16,16,7fe30b1136,1,natural:99599833,ok,moderate|nat_099599833|moderate|rep1|seed20240909,0.6482
moderate,,nan,nat_099599833,5a7eee8c71fd8457b39f0dbef8f77dc776bce318d6494a9b0645b4ea722f0486,ce437da4856845a9,,d96012000fee05b3,B0a,16,16,7fe30b1136,2,natural:99599833,ok,moderate|nat_099599833|moderate|rep2|seed20240909,0.7262
moderate,,nan,nat_099599833,5a7eee8c71fd8457b39f0dbef8f77dc776bce318d6494a9b0645b4ea722f0486,ce437da4856845a9,,e3410a6180249c4c,B0a,16,16,7fe30b1136,3,natural:99599833,ok,moderate|nat_099599833|moderate|rep3|seed20240909,0.6315
moderate,,nan,nat_099599833,5a7eee8c71fd8457b39f0dbef8f77dc776bce318d6494a9b0645b4ea722f0486,ce437da4856845a9,,5b1b69e08dc3d275,B0a,16,16,7fe30b1136,4,natural:99599833,ok,moderate|nat_099599833|moderate|rep4|seed20240909,0.6692
bursty,,nan,nat_099599833,5a7eee8c71fd8457b39f0dbef8f77dc776bce318d6494a9b0645b4ea722f0486,ce437da4856845a9,,392dcdc8c1ebc370,B0a,16,16,7fe30b1136,0,natural:99599833,ok,bursty|nat_099599833|bursty|rep0|seed20240909,0.6565
bursty,,nan,nat_099599833,5a7eee8c71fd8457b39f0dbef8f77dc776bce318d6494a9b0645b4ea722f0486,ce437da4856845a9,,1c0dbf719a07cfdc,B0a,16,16,7fe30b1136,1,natural:99599833,ok,bursty|nat_099599833|bursty|rep1|seed20240909,0.6398
harsh,,nan,nat_098913003,a59992d88b2ace18128fa81ba6ffc0f19eb7ba28d1d2195f9238ffac6291105a,ce437da4856845a9,,d71c9a0e2d067b69,P,16,16,f6706417e8,2,natural:98913003,ok,harsh|nat_098913003|harsh|rep2|seed20240909,5.0488
bursty,,nan,nat_099599833,5a7eee8c71fd8457b39f0dbef8f77dc776bce318d6494a9b0645b4ea722f0486,ce437da4856845a9,,53ddcae0785faa84,B0a,16,16,7fe30b1136,2,natural:99599833,ok,bursty|nat_099599833|bursty|rep2|seed20240909,0.6548
bursty,,nan,nat_099599833,5a7eee8c71fd8457b39f0dbef8f77dc776bce318d6494a9b0645b4ea722f0486,ce437da4856845a9,,19302fe2531ddada,B0a,16,16,7fe30b1136,3,natural:99599833,ok,bursty|nat_099599833|bursty|rep3|seed20240909,0.6162
harsh,,nan,nat_098913003,a59992d88b2ace18128fa81ba6ffc0f19eb7ba28d1d2195f9238ffac6291105a,ce437da4856845a9,,3390479433915c14,P,16,16,f6706417e8,4,natural:98913003,ok,harsh|nat_098913003|harsh|rep4|seed20240909,4.9469
harsh,,nan,nat_098913003,a59992d88b2ace18128fa81ba6ffc0f19eb7ba28d1d2195f9238ffac6291105a,ce437da4856845a9,,242bc715da692e7e,P,16,16,f6706417e8,3,natural:98913003,ok,harsh|nat_098913003|harsh|rep3|seed20240909,5.0628
bursty,,nan,nat_099599833,5a7eee8c71fd8457b39f0dbef8f77dc776bce318d6494a9b0645b4ea722f0486,ce437da4856845a9,,e5723db4b648ed79,B0a,16,16,7fe30b1136,4,natural:99599833,ok,bursty|nat_099599833|bursty|rep4|seed20240909,0.6446
harsh,,nan,nat_099599833,5a7eee8c71fd8457b39f0dbef8f77dc776bce318d6494a9b0645b4ea722f0486,ce437da4856845a9,,a0c2054eac680d6b,B0a,16,16,7fe30b1136,0,natural:99599833,ok,harsh|nat_099599833|harsh|rep0|seed20240909,0.6965
harsh,,nan,nat_099599833,5a7eee8c71fd8457b39f0dbef8f77dc776bce318d6494a9b0645b4ea722f0486,ce437da4856845a9,,9d32b4d6803f6fe5,B0a,16,16,7fe30b1136,1,natural:99599833,ok,harsh|nat_099599833|harsh|rep1|seed20240909,0.7025
harsh,,nan,nat_099599833,5a7eee8c71fd8457b39f0dbef8f77dc776bce318d6494a9b0645b4ea722f0486,ce437da4856845a9,,1e20c1df488ede6c,B0a,16,16,7fe30b1136,2,natural:99599833,ok,harsh|nat_099599833|harsh|rep2|seed20240909,0.6733
harsh,,nan,nat_099599833,5a7eee8c71fd8457b39f0dbef8f77dc776bce318d6494a9b0645b4ea722f0486,ce437da4856845a9,,96697e67dbbf53af,B0a,16,16,7fe30b1136,3,natural:99599833,ok,harsh|nat_099599833|harsh|rep3|seed20240909,0.6606
harsh,,nan,nat_099599833,5a7eee8c71fd8457b39f0dbef8f77dc776bce318d6494a9b0645b4ea722f0486,ce437da4856845a9,,405c304df521efac,B0a,16,16,7fe30b1136,4,natural:99599833,ok,harsh|nat_099599833|harsh|rep4|seed20240909,0.6877
clean,,nan,nat_099599833,5a7eee8c71fd8457b39f0dbef8f77dc776bce318d6494a9b0645b4ea722f0486,ce437da4856845a9,,a4427b4c2c663952,B0a-R,16,16,7fe30b1136,0,natural:99599833,ok,clean|nat_099599833|clean|rep0|seed20240909,1.2122
clean,,nan,nat_099599833,5a7eee8c71fd8457b39f0dbef8f77dc776bce318d6494a9b0645b4ea722f0486,ce437da4856845a9,,3d2095d17e2f6d8a,B0a-R,16,16,7fe30b1136,1,natural:99599833,ok,clean|nat_099599833|clean|rep1|seed20240909,1.2279
clean,,nan,nat_099599833,5a7eee8c71fd8457b39f0dbef8f77dc776bce318d6494a9b0645b4ea722f0486,ce437da4856845a9,,3728de872f59fc31,B0a-R,16,16,7fe30b1136,2,natural:99599833,ok,clean|nat_099599833|clean|rep2|seed20240909,1.2807
clean,,nan,nat_099599833,5a7eee8c71fd8457b39f0dbef8f77dc776bce318d6494a9b0645b4ea722f0486,ce437da4856845a9,,ea1cb333a9b6fcd2,B0a-R,16,16,7fe30b1136,4,natural:99599833,ok,clean|nat_099599833|clean|rep4|seed20240909,1.1997
clean,,nan,nat_099599833,5a7eee8c71fd8457b39f0dbef8f77dc776bce318d6494a9b0645b4ea722f0486,ce437da4856845a9,,7a586e476d10ee07,B0a-R,16,16,7fe30b1136,3,natural:99599833,ok,clean|nat_099599833|clean|rep3|seed20240909,1.3078
mild,,nan,nat_099599833,5a7eee8c71fd8457b39f0dbef8f77dc776bce318d6494a9b0645b4ea722f0486,ce437da4856845a9,,fae94bf72ec4b3c7,B0a-R,16,16,7fe30b1136,0,natural:99599833,ok,mild|nat_099599833|mild|rep0|seed20240909,1.8038
mild,,nan,nat_099599833,5a7eee8c71fd8457b39f0dbef8f77dc776bce318d6494a9b0645b4ea722f0486,ce437da4856845a9,,72e97f63f7a1d08c,B0a-R,16,16,7fe30b1136,1,natural:99599833,ok,mild|nat_099599833|mild|rep1|seed20240909,1.7588
moderate,,nan,nat_098913003,a59992d88b2ace18128fa81ba6ffc0f19eb7ba28d1d2195f9238ffac6291105a,ce437da4856845a9,,f1d1f6e62b5c7ce3,P,16,16,f6706417e8,0,natural:98913003,ok,moderate|nat_098913003|moderate|rep0|seed20240909,16.2265
mild,,nan,nat_099599833,5a7eee8c71fd8457b39f0dbef8f77dc776bce318d6494a9b0645b4ea722f0486,ce437da4856845a9,,777c54c060c2ba1a,B0a-R,16,16,7fe30b1136,2,natural:99599833,ok,mild|nat_099599833|mild|rep2|seed20240909,1.7267
mild,,nan,nat_099599833,5a7eee8c71fd8457b39f0dbef8f77dc776bce318d6494a9b0645b4ea722f0486,ce437da4856845a9,,75593a83d1c52fa8,B0a-R,16,16,7fe30b1136,4,natural:99599833,ok,mild|nat_099599833|mild|rep4|seed20240909,1.6117
moderate,,nan,nat_098913003,a59992d88b2ace18128fa81ba6ffc0f19eb7ba28d1d2195f9238ffac6291105a,ce437da4856845a9,,91e7122d344b806a,P,16,16,f6706417e8,2,natural:98913003,ok,moderate|nat_098913003|moderate|rep2|seed20240909,15.4547
moderate,,nan,nat_098913003,a59992d88b2ace18128fa81ba6ffc0f19eb7ba28d1d2195f9238ffac6291105a,ce437da4856845a9,,3aff4c6e59cb6118,P,16,16,f6706417e8,1,natural:98913003,ok,moderate|nat_098913003|moderate|rep1|seed20240909,16.2614
mild,,nan,nat_099599833,5a7eee8c71fd8457b39f0dbef8f77dc776bce318d6494a9b0645b4ea722f0486,ce437da4856845a9,,f5c3d1ed53628b81,B0a-R,16,16,7fe30b1136,3,natural:99599833,ok,mild|nat_099599833|mild|rep3|seed20240909,1.7748
moderate,,nan,nat_098913003,a59992d88b2ace18128fa81ba6ffc0f19eb7ba28d1d2195f9238ffac6291105a,ce437da4856845a9,,62dc1c3fa1ae1cee,P,16,16,f6706417e8,3,natural:98913003,ok,moderate|nat_098913003|moderate|rep3|seed20240909,15.5512
moderate,,nan,nat_099599833,5a7eee8c71fd8457b39f0dbef8f77dc776bce318d6494a9b0645b4ea722f0486,ce437da4856845a9,,b02c5ff31c7d5b7f,B0a-R,16,16,7fe30b1136,0,natural:99599833,ok,moderate|nat_099599833|moderate|rep0|seed20240909,1.8708
moderate,,nan,nat_099599833,5a7eee8c71fd8457b39f0dbef8f77dc776bce318d6494a9b0645b4ea722f0486,ce437da4856845a9,,7060a7cde07d8b82,B0a-R,16,16,7fe30b1136,1,natural:99599833,ok,moderate|nat_099599833|moderate|rep1|seed20240909,2.0083
bursty,,nan,nat_098913003,a59992d88b2ace18128fa81ba6ffc0f19eb7ba28d1d2195f9238ffac6291105a,ce437da4856845a9,,aafeebd72cb1f99c,P,16,16,f6706417e8,1,natural:98913003,ok,bursty|nat_098913003|bursty|rep1|seed20240909,14.7465
bursty,,nan,nat_098913003,a59992d88b2ace18128fa81ba6ffc0f19eb7ba28d1d2195f9238ffac6291105a,ce437da4856845a9,,42981950c5c38b58,P,16,16,f6706417e8,4,natural:98913003,ok,bursty|nat_098913003|bursty|rep4|seed20240909,14.4751
moderate,,nan,nat_098913003,a59992d88b2ace18128fa81ba6ffc0f19eb7ba28d1d2195f9238ffac6291105a,ce437da4856845a9,,3e47bf637d09daba,P,16,16,f6706417e8,4,natural:98913003,ok,moderate|nat_098913003|moderate|rep4|seed20240909,16.0861
moderate,,nan,nat_099599833,5a7eee8c71fd8457b39f0dbef8f77dc776bce318d6494a9b0645b4ea722f0486,ce437da4856845a9,,8033c58d12bd9dda,B0a-R,16,16,7fe30b1136,2,natural:99599833,ok,moderate|nat_099599833|moderate|rep2|seed20240909,2.0091
bursty,,nan,nat_099599833,5a7eee8c71fd8457b39f0dbef8f77dc776bce318d6494a9b0645b4ea722f0486,ce437da4856845a9,,02430e84a6c20b33,B0a-R,16,16,7fe30b1136,0,natural:99599833,ok,bursty|nat_099599833|bursty|rep0|seed20240909,1.7095
moderate,,nan,nat_099599833,5a7eee8c71fd8457b39f0dbef8f77dc776bce318d6494a9b0645b4ea722f0486,ce437da4856845a9,,39668cfbbceb9b2e,B0a-R,16,16,7fe30b1136,3,natural:99599833,ok,moderate|nat_099599833|moderate|rep3|seed20240909,2.0842
bursty,,nan,nat_099599833,5a7eee8c71fd8457b39f0dbef8f77dc776bce318d6494a9b0645b4ea722f0486,ce437da4856845a9,,4f3b7dfea089520f,B0a-R,16,16,7fe30b1136,1,natural:99599833,ok,bursty|nat_099599833|bursty|rep1|seed20240909,1.8884
bursty,,nan,nat_099599833,5a7eee8c71fd8457b39f0dbef8f77dc776bce318d6494a9b0645b4ea722f0486,ce437da4856845a9,,3aeac3ba3bb4d22d,B0a-R,16,16,7fe30b1136,2,natural:99599833,ok,bursty|nat_099599833|bursty|rep2|seed20240909,1.8806
moderate,,nan,nat_099599833,5a7eee8c71fd8457b39f0dbef8f77dc776bce318d6494a9b0645b4ea722f0486,ce437da4856845a9,,fcd557facec8f9d1,B0a-R,16,16,7fe30b1136,4,natural:99599833,ok,moderate|nat_099599833|moderate|rep4|seed20240909,2.0113
bursty,,nan,nat_099599833,5a7eee8c71fd8457b39f0dbef8f77dc776bce318d6494a9b0645b4ea722f0486,ce437da4856845a9,,6382fe9da3455016,B0a-R,16,16,7fe30b1136,4,natural:99599833,ok,bursty|nat_099599833|bursty|rep4|seed20240909,1.7427
bursty,,nan,nat_099599833,5a7eee8c71fd8457b39f0dbef8f77dc776bce318d6494a9b0645b4ea722f0486,ce437da4856845a9,,bcf4968c58011b67,B0a-R,16,16,7fe30b1136,3,natural:99599833,ok,bursty|nat_099599833|bursty|rep3|seed20240909,1.9256
harsh,,nan,nat_099599833,5a7eee8c71fd8457b39f0dbef8f77dc776bce318d6494a9b0645b4ea722f0486,ce437da4856845a9,,306009ebb89d21db,B0a-R,16,16,7fe30b1136,0,natural:99599833,ok,harsh|nat_099599833|harsh|rep0|seed20240909,1.9803
bursty,,nan,nat_098913003,a59992d88b2ace18128fa81ba6ffc0f19eb7ba28d1d2195f9238ffac6291105a,ce437da4856845a9,,978f1bfb6ffda81e,P,16,16,f6706417e8,0,natural:98913003,ok,bursty|nat_098913003|bursty|rep0|seed20240909,16.298
bursty,,nan,nat_098913003,a59992d88b2ace18128fa81ba6ffc0f19eb7ba28d1d2195f9238ffac6291105a,ce437da4856845a9,,c58fbb149dcc025c,P,16,16,f6706417e8,2,natural:98913003,ok,bursty|nat_098913003|bursty|rep2|seed20240909,15.9048
bursty,,nan,nat_098913003,a59992d88b2ace18128fa81ba6ffc0f19eb7ba28d1d2195f9238ffac6291105a,ce437da4856845a9,,9614c4bba045d5ab,P,16,16,f6706417e8,3,natural:98913003,ok,bursty|nat_098913003|bursty|rep3|seed20240909,16.0256
harsh,,nan,nat_099599833,5a7eee8c71fd8457b39f0dbef8f77dc776bce318d6494a9b0645b4ea722f0486,ce437da4856845a9,,82e9c20ce24270ad,B0a-R,16,16,7fe30b1136,1,natural:99599833,ok,harsh|nat_099599833|harsh|rep1|seed20240909,2.0373
harsh,,nan,nat_099599833,5a7eee8c71fd8457b39f0dbef8f77dc776bce318d6494a9b0645b4ea722f0486,ce437da4856845a9,,105d277959c1b89b,B0a-R,16,16,7fe30b1136,2,natural:99599833,ok,harsh|nat_099599833|harsh|rep2|seed20240909,1.9358
harsh,,nan,nat_099599833,5a7eee8c71fd8457b39f0dbef8f77dc776bce318d6494a9b0645b4ea722f0486,ce437da4856845a9,,cabf66386236d1e2,B0a-R,16,16,7fe30b1136,3,natural:99599833,ok,harsh|nat_099599833|harsh|rep3|seed20240909,1.8505
harsh,,nan,nat_099599833,5a7eee8c71fd8457b39f0dbef8f77dc776bce318d6494a9b0645b4ea722f0486,ce437da4856845a9,,9f81d7984ef92978,B0a-R,16,16,7fe30b1136,4,natural:99599833,ok,harsh|nat_099599833|harsh|rep4|seed20240909,1.8386
clean,,nan,nat_099599833,5a7eee8c71fd8457b39f0dbef8f77dc776bce318d6494a9b0645b4ea722f0486,ce437da4856845a9,,e6d76e0e96560a74,B0d,16,16,7fe30b1136,1,natural:99599833,ok,clean|nat_099599833|clean|rep1|seed20240909,4.1816
clean,,nan,nat_099599833,5a7eee8c71fd8457b39f0dbef8f77dc776bce318d6494a9b0645b4ea722f0486,ce437da4856845a9,,490c40652d3a989c,B0d,16,16,7fe30b1136,0,natural:99599833,ok,clean|nat_099599833|clean|rep0|seed20240909,4.1936
clean,,nan,nat_099599833,5a7eee8c71fd8457b39f0dbef8f77dc776bce318d6494a9b0645b4ea722f0486,ce437da4856845a9,,111c11f52409a428,B0d,16,16,7fe30b1136,2,natural:99599833,ok,clean|nat_099599833|clean|rep2|seed20240909,4.2188
clean,,nan,nat_099599833,5a7eee8c71fd8457b39f0dbef8f77dc776bce318d6494a9b0645b4ea722f0486,ce437da4856845a9,,47fffd5e4f64eca9,B0d,16,16,7fe30b1136,3,natural:99599833,ok,clean|nat_099599833|clean|rep3|seed20240909,4.221
clean,,nan,nat_099599833,5a7eee8c71fd8457b39f0dbef8f77dc776bce318d6494a9b0645b4ea722f0486,ce437da4856845a9,,beba27350780e286,B0d,16,16,7fe30b1136,4,natural:99599833,ok,clean|nat_099599833|clean|rep4|seed20240909,4.2406
mild,,nan,nat_099599833,5a7eee8c71fd8457b39f0dbef8f77dc776bce318d6494a9b0645b4ea722f0486,ce437da4856845a9,,c40ee3d0cf7ee5c9,B0d,16,16,7fe30b1136,1,natural:99599833,ok,mild|nat_099599833|mild|rep1|seed20240909,4.3543
mild,,nan,nat_099599833,5a7eee8c71fd8457b39f0dbef8f77dc776bce318d6494a9b0645b4ea722f0486,ce437da4856845a9,,4b12600da6bf9544,B0d,16,16,7fe30b1136,0,natural:99599833,ok,mild|nat_099599833|mild|rep0|seed20240909,4.5163
mild,,nan,nat_099599833,5a7eee8c71fd8457b39f0dbef8f77dc776bce318d6494a9b0645b4ea722f0486,ce437da4856845a9,,1c17890fe44c7132,B0d,16,16,7fe30b1136,2,natural:99599833,ok,mild|nat_099599833|mild|rep2|seed20240909,4.5798
mild,,nan,nat_099599833,5a7eee8c71fd8457b39f0dbef8f77dc776bce318d6494a9b0645b4ea722f0486,ce437da4856845a9,,9462547227accbd8,B0d,16,16,7fe30b1136,3,natural:99599833,ok,mild|nat_099599833|mild|rep3|seed20240909,4.5112
mild,,nan,nat_099599833,5a7eee8c71fd8457b39f0dbef8f77dc776bce318d6494a9b0645b4ea722f0486,ce437da4856845a9,,9341fc908f1a5825,B0d,16,16,7fe30b1136,4,natural:99599833,ok,mild|nat_099599833|mild|rep4|seed20240909,4.5217
clean,,nan,nat_099599833,5a7eee8c71fd8457b39f0dbef8f77dc776bce318d6494a9b0645b4ea722f0486,ce437da4856845a9,,92586c526681279f,B1,16,16,7fe30b1136,0,natural:99599833,ok,clean|nat_099599833|clean|rep0|seed20240909,0.4755
clean,,nan,nat_099599833,5a7eee8c71fd8457b39f0dbef8f77dc776bce318d6494a9b0645b4ea722f0486,ce437da4856845a9,,4c708a3d5da29e8b,B1,16,16,7fe30b1136,1,natural:99599833,ok,clean|nat_099599833|clean|rep1|seed20240909,0.4673
clean,,nan,nat_099599833,5a7eee8c71fd8457b39f0dbef8f77dc776bce318d6494a9b0645b4ea722f0486,ce437da4856845a9,,256ff2bb3bf5804f,B1,16,16,7fe30b1136,2,natural:99599833,ok,clean|nat_099599833|clean|rep2|seed20240909,0.4233
clean,,nan,nat_099599833,5a7eee8c71fd8457b39f0dbef8f77dc776bce318d6494a9b0645b4ea722f0486,ce437da4856845a9,,d0ab98623ab553da,B1,16,16,7fe30b1136,3,natural:99599833,ok,clean|nat_099599833|clean|rep3|seed20240909,0.4887
harsh,,nan,nat_099599833,5a7eee8c71fd8457b39f0dbef8f77dc776bce318d6494a9b0645b4ea722f0486,ce437da4856845a9,,999b7d46cbbd16be,B0d,16,16,7fe30b1136,0,natural:99599833,ok,harsh|nat_099599833|harsh|rep0|seed20240909,2.92
harsh,,nan,nat_099599833,5a7eee8c71fd8457b39f0dbef8f77dc776bce318d6494a9b0645b4ea722f0486,ce437da4856845a9,,70974861fe8279ee,B0d,16,16,7fe30b1136,1,natural:99599833,ok,harsh|nat_099599833|harsh|rep1|seed20240909,2.9693
clean,,nan,nat_099599833,5a7eee8c71fd8457b39f0dbef8f77dc776bce318d6494a9b0645b4ea722f0486,ce437da4856845a9,,c2d672b52d4de6e8,B1,16,16,7fe30b1136,4,natural:99599833,ok,clean|nat_099599833|clean|rep4|seed20240909,0.4694
harsh,,nan,nat_099599833,5a7eee8c71fd8457b39f0dbef8f77dc776bce318d6494a9b0645b4ea722f0486,ce437da4856845a9,,24c40028d262ff78,B0d,16,16,7fe30b1136,2,natural:99599833,ok,harsh|nat_099599833|harsh|rep2|seed20240909,2.9998
harsh,,nan,nat_099599833,5a7eee8c71fd8457b39f0dbef8f77dc776bce318d6494a9b0645b4ea722f0486,ce437da4856845a9,,7f6063b0e4ba3d2a,B0d,16,16,7fe30b1136,4,natural:99599833,ok,harsh|nat_099599833|harsh|rep4|seed20240909,2.7754
harsh,,nan,nat_099599833,5a7eee8c71fd8457b39f0dbef8f77dc776bce318d6494a9b0645b4ea722f0486,ce437da4856845a9,,0351919ec5023473,B0d,16,16,7fe30b1136,3,natural:99599833,ok,harsh|nat_099599833|harsh|rep3|seed20240909,3.0445
mild,,nan,nat_099599833,5a7eee8c71fd8457b39f0dbef8f77dc776bce318d6494a9b0645b4ea722f0486,ce437da4856845a9,,4d573df76fed5d3b,B1,16,16,7fe30b1136,0,natural:99599833,ok,mild|nat_099599833|mild|rep0|seed20240909,0.6827
mild,,nan,nat_099599833,5a7eee8c71fd8457b39f0dbef8f77dc776bce318d6494a9b0645b4ea722f0486,ce437da4856845a9,,74263a3ffdda4140,B1,16,16,7fe30b1136,1,natural:99599833,ok,mild|nat_099599833|mild|rep1|seed20240909,0.589
moderate,,nan,nat_099599833,5a7eee8c71fd8457b39f0dbef8f77dc776bce318d6494a9b0645b4ea722f0486,ce437da4856845a9,,5cf6c7a4ff5efc89,B0d,16,16,7fe30b1136,0,natural:99599833,ok,moderate|nat_099599833|moderate|rep0|seed20240909,7.3322
mild,,nan,nat_099599833,5a7eee8c71fd8457b39f0dbef8f77dc776bce318d6494a9b0645b4ea722f0486,ce437da4856845a9,,81ed9bb81029b9fe,B1,16,16,7fe30b1136,2,natural:99599833,ok,mild|nat_099599833|mild|rep2|seed20240909,0.6387
mild,,nan,nat_099599833,5a7eee8c71fd8457b39f0dbef8f77dc776bce318d6494a9b0645b4ea722f0486,ce437da4856845a9,,eb229477357007ab,B1,16,16,7fe30b1136,3,natural:99599833,ok,mild|nat_099599833|mild|rep3|seed20240909,0.7258
mild,,nan,nat_099599833,5a7eee8c71fd8457b39f0dbef8f77dc776bce318d6494a9b0645b4ea722f0486,ce437da4856845a9,,e65c03f56b769386,B1,16,16,7fe30b1136,4,natural:99599833,ok,mild|nat_099599833|mild|rep4|seed20240909,0.7558
moderate,,nan,nat_099599833,5a7eee8c71fd8457b39f0dbef8f77dc776bce318d6494a9b0645b4ea722f0486,ce437da4856845a9,,a9c023a267759c80,B1,16,16,7fe30b1136,0,natural:99599833,ok,moderate|nat_099599833|moderate|rep0|seed20240909,0.7673
moderate,,nan,nat_099599833,5a7eee8c71fd8457b39f0dbef8f77dc776bce318d6494a9b0645b4ea722f0486,ce437da4856845a9,,96ffca926e7edc07,B0d,16,16,7fe30b1136,2,natural:99599833,ok,moderate|nat_099599833|moderate|rep2|seed20240909,7.3464
moderate,,nan,nat_099599833,5a7eee8c71fd8457b39f0dbef8f77dc776bce318d6494a9b0645b4ea722f0486,ce437da4856845a9,,67fed8284cc19090,B0d,16,16,7fe30b1136,1,natural:99599833,ok,moderate|nat_099599833|moderate|rep1|seed20240909,7.7138
moderate,,nan,nat_099599833,5a7eee8c71fd8457b39f0dbef8f77dc776bce318d6494a9b0645b4ea722f0486,ce437da4856845a9,,929844089971bd35,B1,16,16,7fe30b1136,1,natural:99599833,ok,moderate|nat_099599833|moderate|rep1|seed20240909,0.6964
moderate,,nan,nat_099599833,5a7eee8c71fd8457b39f0dbef8f77dc776bce318d6494a9b0645b4ea722f0486,ce437da4856845a9,,49d9bbe3c60879b0,B1,16,16,7fe30b1136,2,natural:99599833,ok,moderate|nat_099599833|moderate|rep2|seed20240909,0.7261
moderate,,nan,nat_099599833,5a7eee8c71fd8457b39f0dbef8f77dc776bce318d6494a9b0645b4ea722f0486,ce437da4856845a9,,ba7fce7a97b04072,B1,16,16,7fe30b1136,3,natural:99599833,ok,moderate|nat_099599833|moderate|rep3|seed20240909,0.7225
moderate,,nan,nat_099599833,5a7eee8c71fd8457b39f0dbef8f77dc776bce318d6494a9b0645b4ea722f0486,ce437da4856845a9,,6bd8969073247695,B1,16,16,7fe30b1136,4,natural:99599833,ok,moderate|nat_099599833|moderate|rep4|seed20240909,0.7199
moderate,,nan,nat_099599833,5a7eee8c71fd8457b39f0dbef8f77dc776bce318d6494a9b0645b4ea722f0486,ce437da4856845a9,,019e8d8bb39565f0,B0d,16,16,7fe30b1136,4,natural:99599833,ok,moderate|nat_099599833|moderate|rep4|seed20240909,7.4601
moderate,,nan,nat_099599833,5a7eee8c71fd8457b39f0dbef8f77dc776bce318d6494a9b0645b4ea722f0486,ce437da4856845a9,,97e60d01d58f1c42,B0d,16,16,7fe30b1136,3,natural:99599833,ok,moderate|nat_099599833|moderate|rep3|seed20240909,7.8532
bursty,,nan,nat_099599833,5a7eee8c71fd8457b39f0dbef8f77dc776bce318d6494a9b0645b4ea722f0486,ce437da4856845a9,,050d5c6d5402f52d,B1,16,16,7fe30b1136,0,natural:99599833,ok,bursty|nat_099599833|bursty|rep0|seed20240909,0.7477
bursty,,nan,nat_099599833,5a7eee8c71fd8457b39f0dbef8f77dc776bce318d6494a9b0645b4ea722f0486,ce437da4856845a9,,22a217642779235a,B1,16,16,7fe30b1136,1,natural:99599833,ok,bursty|nat_099599833|bursty|rep1|seed20240909,0.7121
bursty,,nan,nat_099599833,5a7eee8c71fd8457b39f0dbef8f77dc776bce318d6494a9b0645b4ea722f0486,ce437da4856845a9,,b07683611cbbcdc0,B1,16,16,7fe30b1136,2,natural:99599833,ok,bursty|nat_099599833|bursty|rep2|seed20240909,0.7272
bursty,,nan,nat_099599833,5a7eee8c71fd8457b39f0dbef8f77dc776bce318d6494a9b0645b4ea722f0486,ce437da4856845a9,,6b2de88136a14954,B1,16,16,7fe30b1136,3,natural:99599833,ok,bursty|nat_099599833|bursty|rep3|seed20240909,0.7276
bursty,,nan,nat_099599833,5a7eee8c71fd8457b39f0dbef8f77dc776bce318d6494a9b0645b4ea722f0486,ce437da4856845a9,,0f8ff37603d5eda0,B1,16,16,7fe30b1136,4,natural:99599833,ok,bursty|nat_099599833|bursty|rep4|seed20240909,0.7279
bursty,,nan,nat_099599833,5a7eee8c71fd8457b39f0dbef8f77dc776bce318d6494a9b0645b4ea722f0486,ce437da4856845a9,,4a8dc3308402cd09,B0d,16,16,7fe30b1136,0,natural:99599833,ok,bursty|nat_099599833|bursty|rep0|seed20240909,7.7496
harsh,,nan,nat_099599833,5a7eee8c71fd8457b39f0dbef8f77dc776bce318d6494a9b0645b4ea722f0486,ce437da4856845a9,,d56ff274b27b3d12,B1,16,16,7fe30b1136,0,natural:99599833,ok,harsh|nat_099599833|harsh|rep0|seed20240909,0.7869
harsh,,nan,nat_099599833,5a7eee8c71fd8457b39f0dbef8f77dc776bce318d6494a9b0645b4ea722f0486,ce437da4856845a9,,31155f33a2ff584b,B1,16,16,7fe30b1136,2,natural:99599833,ok,harsh|nat_099599833|harsh|rep2|seed20240909,0.7215
harsh,,nan,nat_099599833,5a7eee8c71fd8457b39f0dbef8f77dc776bce318d6494a9b0645b4ea722f0486,ce437da4856845a9,,14ed95a8b06b55a8,B1,16,16,7fe30b1136,1,natural:99599833,ok,harsh|nat_099599833|harsh|rep1|seed20240909,0.7292
clean,,nan,nat_099599833,5a7eee8c71fd8457b39f0dbef8f77dc776bce318d6494a9b0645b4ea722f0486,ce437da4856845a9,,af4dbbfad0a9f712,B2,16,16,7fe30b1136,1,natural:99599833,ok,clean|nat_099599833|clean|rep1|seed20240909,0.5128
clean,,nan,nat_099599833,5a7eee8c71fd8457b39f0dbef8f77dc776bce318d6494a9b0645b4ea722f0486,ce437da4856845a9,,208ffa07c6c3a653,B2,16,16,7fe30b1136,0,natural:99599833,ok,clean|nat_099599833|clean|rep0|seed20240909,0.5511
harsh,,nan,nat_099599833,5a7eee8c71fd8457b39f0dbef8f77dc776bce318d6494a9b0645b4ea722f0486,ce437da4856845a9,,790853dc1cc5b0f2,B1,16,16,7fe30b1136,3,natural:99599833,ok,harsh|nat_099599833|harsh|rep3|seed20240909,0.7816
clean,,nan,nat_099599833,5a7eee8c71fd8457b39f0dbef8f77dc776bce318d6494a9b0645b4ea722f0486,ce437da4856845a9,,cb2499dbed85f184,B2,16,16,7fe30b1136,2,natural:99599833,ok,clean|nat_099599833|clean|rep2|seed20240909,0.5645
harsh,,nan,nat_099599833,5a7eee8c71fd8457b39f0dbef8f77dc776bce318d6494a9b0645b4ea722f0486,ce437da4856845a9,,08fd3736b9ced94c,B1,16,16,7fe30b1136,4,natural:99599833,ok,harsh|nat_099599833|harsh|rep4|seed20240909,0.7462
clean,,nan,nat_099599833,5a7eee8c71fd8457b39f0dbef8f77dc776bce318d6494a9b0645b4ea722f0486,ce437da4856845a9,,e255b72f0141cdf7,B2,16,16,7fe30b1136,4,natural:99599833,ok,clean|nat_099599833|clean|rep4|seed20240909,0.5156
clean,,nan,nat_099599833,5a7eee8c71fd8457b39f0dbef8f77dc776bce318d6494a9b0645b4ea722f0486,ce437da4856845a9,,857670b82d0a9260,B2,16,16,7fe30b1136,3,natural:99599833,ok,clean|nat_099599833|clean|rep3|seed20240909,0.5556
mild,,nan,nat_099599833,5a7eee8c71fd8457b39f0dbef8f77dc776bce318d6494a9b0645b4ea722f0486,ce437da4856845a9,,177ff615762280b1,B2,16,16,7fe30b1136,1,natural:99599833,ok,mild|nat_099599833|mild|rep1|seed20240909,0.7174
mild,,nan,nat_099599833,5a7eee8c71fd8457b39f0dbef8f77dc776bce318d6494a9b0645b4ea722f0486,ce437da4856845a9,,65228beb5dd14f55,B2,16,16,7fe30b1136,0,natural:99599833,ok,mild|nat_099599833|mild|rep0|seed20240909,0.7387
mild,,nan,nat_099599833,5a7eee8c71fd8457b39f0dbef8f77dc776bce318d6494a9b0645b4ea722f0486,ce437da4856845a9,,ae429aed68c4b9bf,B2,16,16,7fe30b1136,2,natural:99599833,ok,mild|nat_099599833|mild|rep2|seed20240909,0.7459
mild,,nan,nat_099599833,5a7eee8c71fd8457b39f0dbef8f77dc776bce318d6494a9b0645b4ea722f0486,ce437da4856845a9,,1006ea2d29305193,B2,16,16,7fe30b1136,3,natural:99599833,ok,mild|nat_099599833|mild|rep3|seed20240909,0.6404
mild,,nan,nat_099599833,5a7eee8c71fd8457b39f0dbef8f77dc776bce318d6494a9b0645b4ea722f0486,ce437da4856845a9,,96b2dae92fcc6486,B2,16,16,7fe30b1136,4,natural:99599833,ok,mild|nat_099599833|mild|rep4|seed20240909,0.6726
bursty,,nan,nat_099599833,5a7eee8c71fd8457b39f0dbef8f77dc776bce318d6494a9b0645b4ea722f0486,ce437da4856845a9,,e6bcb7f7a94a5a4b,B0d,16,16,7fe30b1136,3,natural:99599833,ok,bursty|nat_099599833|bursty|rep3|seed20240909,6.0785
moderate,,nan,nat_099599833,5a7eee8c71fd8457b39f0dbef8f77dc776bce318d6494a9b0645b4ea722f0486,ce437da4856845a9,,1b2e5f72252eeab6,B2,16,16,7fe30b1136,0,natural:99599833,ok,moderate|nat_099599833|moderate|rep0|seed20240909,0.7724
moderate,,nan,nat_099599833,5a7eee8c71fd8457b39f0dbef8f77dc776bce318d6494a9b0645b4ea722f0486,ce437da4856845a9,,1f7e8c09b6c0f5fc,B2,16,16,7fe30b1136,1,natural:99599833,ok,moderate|nat_099599833|moderate|rep1|seed20240909,0.7888
moderate,,nan,nat_099599833,5a7eee8c71fd8457b39f0dbef8f77dc776bce318d6494a9b0645b4ea722f0486,ce437da4856845a9,,3fb025e80f360187,B2,16,16,7fe30b1136,2,natural:99599833,ok,moderate|nat_099599833|moderate|rep2|seed20240909,0.7657
moderate,,nan,nat_099599833,5a7eee8c71fd8457b39f0dbef8f77dc776bce318d6494a9b0645b4ea722f0486,ce437da4856845a9,,9b53b5d9f17de9af,B2,16,16,7fe30b1136,3,natural:99599833,ok,moderate|nat_099599833|moderate|rep3|seed20240909,0.7554
moderate,,nan,nat_099599833,5a7eee8c71fd8457b39f0dbef8f77dc776bce318d6494a9b0645b4ea722f0486,ce437da4856845a9,,dd2484585b0a792d,B2,16,16,7fe30b1136,4,natural:99599833,ok,moderate|nat_099599833|moderate|rep4|seed20240909,0.7605
bursty,,nan,nat_099599833,5a7eee8c71fd8457b39f0dbef8f77dc776bce318d6494a9b0645b4ea722f0486,ce437da4856845a9,,34048661b2e5941d,B2,16,16,7fe30b1136,1,natural:99599833,ok,bursty|nat_099599833|bursty|rep1|seed20240909,0.7247
bursty,,nan,nat_099599833,5a7eee8c71fd8457b39f0dbef8f77dc776bce318d6494a9b0645b4ea722f0486,ce437da4856845a9,,9b7174db25d10585,B2,16,16,7fe30b1136,0,natural:99599833,ok,bursty|nat_099599833|bursty|rep0|seed20240909,0.7635
bursty,,nan,nat_099599833,5a7eee8c71fd8457b39f0dbef8f77dc776bce318d6494a9b0645b4ea722f0486,ce437da4856845a9,,f7b7c6131236b1fe,B2,16,16,7fe30b1136,3,natural:99599833,ok,bursty|nat_099599833|bursty|rep3|seed20240909,0.6676
bursty,,nan,nat_099599833,5a7eee8c71fd8457b39f0dbef8f77dc776bce318d6494a9b0645b4ea722f0486,ce437da4856845a9,,07bd4206dca64630,B0d,16,16,7fe30b1136,1,natural:99599833,ok,bursty|nat_099599833|bursty|rep1|seed20240909,6.8087
bursty,,nan,nat_099599833,5a7eee8c71fd8457b39f0dbef8f77dc776bce318d6494a9b0645b4ea722f0486,ce437da4856845a9,,d1539044db977f8d,B2,16,16,7fe30b1136,4,natural:99599833,ok,bursty|nat_099599833|bursty|rep4|seed20240909,0.6858
bursty,,nan,nat_099599833,5a7eee8c71fd8457b39f0dbef8f77dc776bce318d6494a9b0645b4ea722f0486,ce437da4856845a9,,c887134b114f0455,B2,16,16,7fe30b1136,2,natural:99599833,ok,bursty|nat_099599833|bursty|rep2|seed20240909,0.8126
harsh,,nan,nat_099599833,5a7eee8c71fd8457b39f0dbef8f77dc776bce318d6494a9b0645b4ea722f0486,ce437da4856845a9,,6f67d94c51a38987,B2,16,16,7fe30b1136,0,natural:99599833,ok,harsh|nat_099599833|harsh|rep0|seed20240909,0.7502
harsh,,nan,nat_099599833,5a7eee8c71fd8457b39f0dbef8f77dc776bce318d6494a9b0645b4ea722f0486,ce437da4856845a9,,fda3e06edd88313e,B2,16,16,7fe30b1136,1,natural:99599833,ok,harsh|nat_099599833|harsh|rep1|seed20240909,0.7821
harsh,,nan,nat_099599833,5a7eee8c71fd8457b39f0dbef8f77dc776bce318d6494a9b0645b4ea722f0486,ce437da4856845a9,,59d3a7917a6b8a42,B2,16,16,7fe30b1136,2,natural:99599833,ok,harsh|nat_099599833|harsh|rep2|seed20240909,0.7569
harsh,,nan,nat_099599833,5a7eee8c71fd8457b39f0dbef8f77dc776bce318d6494a9b0645b4ea722f0486,ce437da4856845a9,,d12d23ad19627c4a,B2,16,16,7fe30b1136,3,natural:99599833,ok,harsh|nat_099599833|harsh|rep3|seed20240909,0.6939
harsh,,nan,nat_099599833,5a7eee8c71fd8457b39f0dbef8f77dc776bce318d6494a9b0645b4ea722f0486,ce437da4856845a9,,912e5ee410665b23,B2,16,16,7fe30b1136,4,natural:99599833,ok,harsh|nat_099599833|harsh|rep4|seed20240909,0.6948
bursty,,nan,nat_099599833,5a7eee8c71fd8457b39f0dbef8f77dc776bce318d6494a9b0645b4ea722f0486,ce437da4856845a9,,a0c931b6b2d38d7e,B0d,16,16,7fe30b1136,2,natural:99599833,ok,bursty|nat_099599833|bursty|rep2|seed20240909,7.4143
bursty,,nan,nat_099599833,5a7eee8c71fd8457b39f0dbef8f77dc776bce318d6494a9b0645b4ea722f0486,ce437da4856845a9,,312a3916cdf2854e,B0d,16,16,7fe30b1136,4,natural:99599833,ok,bursty|nat_099599833|bursty|rep4|seed20240909,7.7618
clean,,nan,nat_099599833,5a7eee8c71fd8457b39f0dbef8f77dc776bce318d6494a9b0645b4ea722f0486,ce437da4856845a9,,f0df81157bebd5e7,B3,16,16,7fe30b1136,3,natural:99599833,ok,clean|nat_099599833|clean|rep3|seed20240909,2.835
clean,,nan,nat_099599833,5a7eee8c71fd8457b39f0dbef8f77dc776bce318d6494a9b0645b4ea722f0486,ce437da4856845a9,,3e5f6e438e496895,B3,16,16,7fe30b1136,0,natural:99599833,ok,clean|nat_099599833|clean|rep0|seed20240909,2.9954
clean,,nan,nat_099599833,5a7eee8c71fd8457b39f0dbef8f77dc776bce318d6494a9b0645b4ea722f0486,ce437da4856845a9,,8ba1325c7a29fcf5,B3,16,16,7fe30b1136,1,natural:99599833,ok,clean|nat_099599833|clean|rep1|seed20240909,2.9162
clean,,nan,nat_099599833,5a7eee8c71fd8457b39f0dbef8f77dc776bce318d6494a9b0645b4ea722f0486,ce437da4856845a9,,8d8c8d4a5af97ca3,B3,16,16,7fe30b1136,4,natural:99599833,ok,clean|nat_099599833|clean|rep4|seed20240909,2.9012
clean,,nan,nat_099599833,5a7eee8c71fd8457b39f0dbef8f77dc776bce318d6494a9b0645b4ea722f0486,ce437da4856845a9,,a5c58ba6497c7715,B3,16,16,7fe30b1136,2,natural:99599833,ok,clean|nat_099599833|clean|rep2|seed20240909,2.9457
mild,,nan,nat_099599833,5a7eee8c71fd8457b39f0dbef8f77dc776bce318d6494a9b0645b4ea722f0486,ce437da4856845a9,,f4e77c47d45e9fb7,B3,16,16,7fe30b1136,0,natural:99599833,ok,mild|nat_099599833|mild|rep0|seed20240909,2.9515
mild,,nan,nat_099599833,5a7eee8c71fd8457b39f0dbef8f77dc776bce318d6494a9b0645b4ea722f0486,ce437da4856845a9,,5a6e6f784e809bc2,B3,16,16,7fe30b1136,1,natural:99599833,ok,mild|nat_099599833|mild|rep1|seed20240909,2.9817
mild,,nan,nat_099599833,5a7eee8c71fd8457b39f0dbef8f77dc776bce318d6494a9b0645b4ea722f0486,ce437da4856845a9,,779170af6ac11e1b,B3,16,16,7fe30b1136,3,natural:99599833,ok,mild|nat_099599833|mild|rep3|seed20240909,3.0145
mild,,nan,nat_099599833,5a7eee8c71fd8457b39f0dbef8f77dc776bce318d6494a9b0645b4ea722f0486,ce437da4856845a9,,0e6f61de184a748b,B3,16,16,7fe30b1136,2,natural:99599833,ok,mild|nat_099599833|mild|rep2|seed20240909,3.0761
mild,,nan,nat_099599833,5a7eee8c71fd8457b39f0dbef8f77dc776bce318d6494a9b0645b4ea722f0486,ce437da4856845a9,,8b67e521c0d67281,B3,16,16,7fe30b1136,4,natural:99599833,ok,mild|nat_099599833|mild|rep4|seed20240909,3.0156
moderate,,nan,nat_099599833,5a7eee8c71fd8457b39f0dbef8f77dc776bce318d6494a9b0645b4ea722f0486,ce437da4856845a9,,d09cebd7e0f2631b,B3,16,16,7fe30b1136,1,natural:99599833,ok,moderate|nat_099599833|moderate|rep1|seed20240909,4.2092
moderate,,nan,nat_099599833,5a7eee8c71fd8457b39f0dbef8f77dc776bce318d6494a9b0645b4ea722f0486,ce437da4856845a9,,b553d7dee2c79f10,B3,16,16,7fe30b1136,2,natural:99599833,ok,moderate|nat_099599833|moderate|rep2|seed20240909,4.226
moderate,,nan,nat_099599833,5a7eee8c71fd8457b39f0dbef8f77dc776bce318d6494a9b0645b4ea722f0486,ce437da4856845a9,,4a964c2479fa0b39,B3,16,16,7fe30b1136,0,natural:99599833,ok,moderate|nat_099599833|moderate|rep0|seed20240909,4.3347
moderate,,nan,nat_099599833,5a7eee8c71fd8457b39f0dbef8f77dc776bce318d6494a9b0645b4ea722f0486,ce437da4856845a9,,7d6c36daf4869cee,B3,16,16,7fe30b1136,3,natural:99599833,ok,moderate|nat_099599833|moderate|rep3|seed20240909,4.2988
moderate,,nan,nat_099599833,5a7eee8c71fd8457b39f0dbef8f77dc776bce318d6494a9b0645b4ea722f0486,ce437da4856845a9,,330732a06f319783,B3,16,16,7fe30b1136,4,natural:99599833,ok,moderate|nat_099599833|moderate|rep4|seed20240909,4.0326
harsh,,nan,nat_099599833,5a7eee8c71fd8457b39f0dbef8f77dc776bce318d6494a9b0645b4ea722f0486,ce437da4856845a9,,d67742e2ffe29236,B3,16,16,7fe30b1136,1,natural:99599833,ok,harsh|nat_099599833|harsh|rep1|seed20240909,1.9786
harsh,,nan,nat_099599833,5a7eee8c71fd8457b39f0dbef8f77dc776bce318d6494a9b0645b4ea722f0486,ce437da4856845a9,,a36117f6ce540c3a,B3,16,16,7fe30b1136,0,natural:99599833,ok,harsh|nat_099599833|harsh|rep0|seed20240909,2.1685
harsh,,nan,nat_099599833,5a7eee8c71fd8457b39f0dbef8f77dc776bce318d6494a9b0645b4ea722f0486,ce437da4856845a9,,c64fc588805eadcd,B3,16,16,7fe30b1136,2,natural:99599833,ok,harsh|nat_099599833|harsh|rep2|seed20240909,1.9871
harsh,,nan,nat_099599833,5a7eee8c71fd8457b39f0dbef8f77dc776bce318d6494a9b0645b4ea722f0486,ce437da4856845a9,,5c20ba9af79f47b6,B3,16,16,7fe30b1136,4,natural:99599833,ok,harsh|nat_099599833|harsh|rep4|seed20240909,2.0107
harsh,,nan,nat_099599833,5a7eee8c71fd8457b39f0dbef8f77dc776bce318d6494a9b0645b4ea722f0486,ce437da4856845a9,,f01aed180c6fdf26,B3,16,16,7fe30b1136,3,natural:99599833,ok,harsh|nat_099599833|harsh|rep3|seed20240909,2.2434
bursty,,nan,nat_099599833,5a7eee8c71fd8457b39f0dbef8f77dc776bce318d6494a9b0645b4ea722f0486,ce437da4856845a9,,6825b445bc737e14,B3,16,16,7fe30b1136,0,natural:99599833,ok,bursty|nat_099599833|bursty|rep0|seed20240909,4.6085
bursty,,nan,nat_099599833,5a7eee8c71fd8457b39f0dbef8f77dc776bce318d6494a9b0645b4ea722f0486,ce437da4856845a9,,8cfb59cea81de28d,B3,16,16,7fe30b1136,3,natural:99599833,ok,bursty|nat_099599833|bursty|rep3|seed20240909,3.5487
bursty,,nan,nat_099599833,5a7eee8c71fd8457b39f0dbef8f77dc776bce318d6494a9b0645b4ea722f0486,ce437da4856845a9,,9e7c4f379ae617b7,B3,16,16,7fe30b1136,2,natural:99599833,ok,bursty|nat_099599833|bursty|rep2|seed20240909,4.0531
bursty,,nan,nat_099599833,5a7eee8c71fd8457b39f0dbef8f77dc776bce318d6494a9b0645b4ea722f0486,ce437da4856845a9,,957953cf5f8691eb,B3,16,16,7fe30b1136,1,natural:99599833,ok,bursty|nat_099599833|bursty|rep1|seed20240909,4.1257
bursty,,nan,nat_099599833,5a7eee8c71fd8457b39f0dbef8f77dc776bce318d6494a9b0645b4ea722f0486,ce437da4856845a9,,62cdf7acc78b6081,B3,16,16,7fe30b1136,4,natural:99599833,ok,bursty|nat_099599833|bursty|rep4|seed20240909,4.1966
clean,,nan,nat_099599833,5a7eee8c71fd8457b39f0dbef8f77dc776bce318d6494a9b0645b4ea722f0486,ce437da4856845a9,,1bd6adb68fcfc2e3,B4,16,16,7fe30b1136,0,natural:99599833,ok,clean|nat_099599833|clean|rep0|seed20240909,4.9068
clean,,nan,nat_099599833,5a7eee8c71fd8457b39f0dbef8f77dc776bce318d6494a9b0645b4ea722f0486,ce437da4856845a9,,b8924793c4f747c6,B4,16,16,7fe30b1136,1,natural:99599833,ok,clean|nat_099599833|clean|rep1|seed20240909,5.0202
clean,,nan,nat_099599833,5a7eee8c71fd8457b39f0dbef8f77dc776bce318d6494a9b0645b4ea722f0486,ce437da4856845a9,,5d67e7d48f22aed9,B4,16,16,7fe30b1136,2,natural:99599833,ok,clean|nat_099599833|clean|rep2|seed20240909,4.9701
clean,,nan,nat_099599833,5a7eee8c71fd8457b39f0dbef8f77dc776bce318d6494a9b0645b4ea722f0486,ce437da4856845a9,,480fff4c6bf4f1f5,B4,16,16,7fe30b1136,3,natural:99599833,ok,clean|nat_099599833|clean|rep3|seed20240909,5.0311
clean,,nan,nat_099599833,5a7eee8c71fd8457b39f0dbef8f77dc776bce318d6494a9b0645b4ea722f0486,ce437da4856845a9,,6c642638337ce35e,B4,16,16,7fe30b1136,4,natural:99599833,ok,clean|nat_099599833|clean|rep4|seed20240909,4.9377
mild,,nan,nat_099599833,5a7eee8c71fd8457b39f0dbef8f77dc776bce318d6494a9b0645b4ea722f0486,ce437da4856845a9,,87df1e576f855ea6,B4,16,16,7fe30b1136,0,natural:99599833,ok,mild|nat_099599833|mild|rep0|seed20240909,5.2881
mild,,nan,nat_099599833,5a7eee8c71fd8457b39f0dbef8f77dc776bce318d6494a9b0645b4ea722f0486,ce437da4856845a9,,411c9693f9dab03c,B4,16,16,7fe30b1136,2,natural:99599833,ok,mild|nat_099599833|mild|rep2|seed20240909,5.2428
mild,,nan,nat_099599833,5a7eee8c71fd8457b39f0dbef8f77dc776bce318d6494a9b0645b4ea722f0486,ce437da4856845a9,,f7fd2a869b3f8b00,B4,16,16,7fe30b1136,1,natural:99599833,ok,mild|nat_099599833|mild|rep1|seed20240909,5.4224
mild,,nan,nat_099599833,5a7eee8c71fd8457b39f0dbef8f77dc776bce318d6494a9b0645b4ea722f0486,ce437da4856845a9,,1d8ffe923db3c475,B4,16,16,7fe30b1136,3,natural:99599833,ok,mild|nat_099599833|mild|rep3|seed20240909,5.2958
mild,,nan,nat_099599833,5a7eee8c71fd8457b39f0dbef8f77dc776bce318d6494a9b0645b4ea722f0486,ce437da4856845a9,,e7ec10733741dc0f,B4,16,16,7fe30b1136,4,natural:99599833,ok,mild|nat_099599833|mild|rep4|seed20240909,5.362
harsh,,nan,nat_099599833,5a7eee8c71fd8457b39f0dbef8f77dc776bce318d6494a9b0645b4ea722f0486,ce437da4856845a9,,46f165acd4d8bf81,B4,16,16,7fe30b1136,0,natural:99599833,ok,harsh|nat_099599833|harsh|rep0|seed20240909,3.1879
harsh,,nan,nat_099599833,5a7eee8c71fd8457b39f0dbef8f77dc776bce318d6494a9b0645b4ea722f0486,ce437da4856845a9,,a365f0458bd644c2,B4,16,16,7fe30b1136,1,natural:99599833,ok,harsh|nat_099599833|harsh|rep1|seed20240909,3.1181
harsh,,nan,nat_099599833,5a7eee8c71fd8457b39f0dbef8f77dc776bce318d6494a9b0645b4ea722f0486,ce437da4856845a9,,2bbad3cdf4fac412,B4,16,16,7fe30b1136,4,natural:99599833,ok,harsh|nat_099599833|harsh|rep4|seed20240909,2.8584
harsh,,nan,nat_099599833,5a7eee8c71fd8457b39f0dbef8f77dc776bce318d6494a9b0645b4ea722f0486,ce437da4856845a9,,61030f200864c8e0,B4,16,16,7fe30b1136,2,natural:99599833,ok,harsh|nat_099599833|harsh|rep2|seed20240909,3.1158
harsh,,nan,nat_099599833,5a7eee8c71fd8457b39f0dbef8f77dc776bce318d6494a9b0645b4ea722f0486,ce437da4856845a9,,6fa6ecd6a965b6fc,B4,16,16,7fe30b1136,3,natural:99599833,ok,harsh|nat_099599833|harsh|rep3|seed20240909,3.0555
moderate,,nan,nat_099599833,5a7eee8c71fd8457b39f0dbef8f77dc776bce318d6494a9b0645b4ea722f0486,ce437da4856845a9,,4cf322db7f67a3e2,B4,16,16,7fe30b1136,0,natural:99599833,ok,moderate|nat_099599833|moderate|rep0|seed20240909,8.408
moderate,,nan,nat_099599833,5a7eee8c71fd8457b39f0dbef8f77dc776bce318d6494a9b0645b4ea722f0486,ce437da4856845a9,,52e214f392dd1ccf,B4,16,16,7fe30b1136,2,natural:99599833,ok,moderate|nat_099599833|moderate|rep2|seed20240909,8.2076
moderate,,nan,nat_099599833,5a7eee8c71fd8457b39f0dbef8f77dc776bce318d6494a9b0645b4ea722f0486,ce437da4856845a9,,d7ba70e6632475fe,B4,16,16,7fe30b1136,1,natural:99599833,ok,moderate|nat_099599833|moderate|rep1|seed20240909,8.6469
bursty,,nan,nat_099599833,5a7eee8c71fd8457b39f0dbef8f77dc776bce318d6494a9b0645b4ea722f0486,ce437da4856845a9,,70c0f08406287a4f,B4,16,16,7fe30b1136,1,natural:99599833,ok,bursty|nat_099599833|bursty|rep1|seed20240909,6.9058
moderate,,nan,nat_099599833,5a7eee8c71fd8457b39f0dbef8f77dc776bce318d6494a9b0645b4ea722f0486,ce437da4856845a9,,c4f88d63ba7f3205,B4,16,16,7fe30b1136,4,natural:99599833,ok,moderate|nat_099599833|moderate|rep4|seed20240909,8.315
bursty,,nan,nat_099599833,5a7eee8c71fd8457b39f0dbef8f77dc776bce318d6494a9b0645b4ea722f0486,ce437da4856845a9,,be7b9c06bfcf9ccf,B4,16,16,7fe30b1136,0,natural:99599833,ok,bursty|nat_099599833|bursty|rep0|seed20240909,8.2014
moderate,,nan,nat_099599833,5a7eee8c71fd8457b39f0dbef8f77dc776bce318d6494a9b0645b4ea722f0486,ce437da4856845a9,,d84f7db5532a6370,B4,16,16,7fe30b1136,3,natural:99599833,ok,moderate|nat_099599833|moderate|rep3|seed20240909,8.4071
bursty,,nan,nat_099599833,5a7eee8c71fd8457b39f0dbef8f77dc776bce318d6494a9b0645b4ea722f0486,ce437da4856845a9,,233998ae7ffe46d1,B4,16,16,7fe30b1136,3,natural:99599833,ok,bursty|nat_099599833|bursty|rep3|seed20240909,5.985
clean,,nan,nat_099599833,5a7eee8c71fd8457b39f0dbef8f77dc776bce318d6494a9b0645b4ea722f0486,ce437da4856845a9,,214b16267fd1e282,B4t,16,16,7e31e8b9ec,0,natural:99599833,ok,clean|nat_099599833|clean|rep0|seed20240909,5.1484
bursty,,nan,nat_099599833,5a7eee8c71fd8457b39f0dbef8f77dc776bce318d6494a9b0645b4ea722f0486,ce437da4856845a9,,88ea4df6bcfa6fb8,B4,16,16,7fe30b1136,2,natural:99599833,ok,bursty|nat_099599833|bursty|rep2|seed20240909,7.3219
bursty,,nan,nat_099599833,5a7eee8c71fd8457b39f0dbef8f77dc776bce318d6494a9b0645b4ea722f0486,ce437da4856845a9,,22c4f2ab05d38db1,B4,16,16,7fe30b1136,4,natural:99599833,ok,bursty|nat_099599833|bursty|rep4|seed20240909,7.541
clean,,nan,nat_099599833,5a7eee8c71fd8457b39f0dbef8f77dc776bce318d6494a9b0645b4ea722f0486,ce437da4856845a9,,0da7b7dd60076bdb,B4t,16,16,7e31e8b9ec,1,natural:99599833,ok,clean|nat_099599833|clean|rep1|seed20240909,4.7315
clean,,nan,nat_099599833,5a7eee8c71fd8457b39f0dbef8f77dc776bce318d6494a9b0645b4ea722f0486,ce437da4856845a9,,d43837d03bb10f83,B4t,16,16,7e31e8b9ec,3,natural:99599833,ok,clean|nat_099599833|clean|rep3|seed20240909,4.5218
clean,,nan,nat_099599833,5a7eee8c71fd8457b39f0dbef8f77dc776bce318d6494a9b0645b4ea722f0486,ce437da4856845a9,,599c1421e33767f2,B4t,16,16,7e31e8b9ec,2,natural:99599833,ok,clean|nat_099599833|clean|rep2|seed20240909,4.7756
clean,,nan,nat_099599833,5a7eee8c71fd8457b39f0dbef8f77dc776bce318d6494a9b0645b4ea722f0486,ce437da4856845a9,,23110a4d580801a1,B4t,16,16,7e31e8b9ec,4,natural:99599833,ok,clean|nat_099599833|clean|rep4|seed20240909,4.6324
mild,,nan,nat_099599833,5a7eee8c71fd8457b39f0dbef8f77dc776bce318d6494a9b0645b4ea722f0486,ce437da4856845a9,,90bb796a918b9cde,B4t,16,16,7e31e8b9ec,0,natural:99599833,ok,mild|nat_099599833|mild|rep0|seed20240909,4.9913
mild,,nan,nat_099599833,5a7eee8c71fd8457b39f0dbef8f77dc776bce318d6494a9b0645b4ea722f0486,ce437da4856845a9,,72cee55272d9edec,B4t,16,16,7e31e8b9ec,1,natural:99599833,ok,mild|nat_099599833|mild|rep1|seed20240909,5.0009
mild,,nan,nat_099599833,5a7eee8c71fd8457b39f0dbef8f77dc776bce318d6494a9b0645b4ea722f0486,ce437da4856845a9,,943921b0bd1af22e,B4t,16,16,7e31e8b9ec,3,natural:99599833,ok,mild|nat_099599833|mild|rep3|seed20240909,5.1915
mild,,nan,nat_099599833,5a7eee8c71fd8457b39f0dbef8f77dc776bce318d6494a9b0645b4ea722f0486,ce437da4856845a9,,bc1f277b3a0c63d5,B4t,16,16,7e31e8b9ec,2,natural:99599833,ok,mild|nat_099599833|mild|rep2|seed20240909,5.3016
mild,,nan,nat_099599833,5a7eee8c71fd8457b39f0dbef8f77dc776bce318d6494a9b0645b4ea722f0486,ce437da4856845a9,,0657e95278a2cb43,B4t,16,16,7e31e8b9ec,4,natural:99599833,ok,mild|nat_099599833|mild|rep4|seed20240909,5.3503
harsh,,nan,nat_099599833,5a7eee8c71fd8457b39f0dbef8f77dc776bce318d6494a9b0645b4ea722f0486,ce437da4856845a9,,774f4b22eb0f2bc7,B4t,16,16,7e31e8b9ec,0,natural:99599833,ok,harsh|nat_099599833|harsh|rep0|seed20240909,3.4431
harsh,,nan,nat_099599833,5a7eee8c71fd8457b39f0dbef8f77dc776bce318d6494a9b0645b4ea722f0486,ce437da4856845a9,,42df28b4a4b6809e,B4t,16,16,7e31e8b9ec,1,natural:99599833,ok,harsh|nat_099599833|harsh|rep1|seed20240909,3.5689
harsh,,nan,nat_099599833,5a7eee8c71fd8457b39f0dbef8f77dc776bce318d6494a9b0645b4ea722f0486,ce437da4856845a9,,2f57123d02e5c01b,B4t,16,16,7e31e8b9ec,2,natural:99599833,ok,harsh|nat_099599833|harsh|rep2|seed20240909,3.601
harsh,,nan,nat_099599833,5a7eee8c71fd8457b39f0dbef8f77dc776bce318d6494a9b0645b4ea722f0486,ce437da4856845a9,,465120075ebe9f22,B4t,16,16,7e31e8b9ec,4,natural:99599833,ok,harsh|nat_099599833|harsh|rep4|seed20240909,3.3079
harsh,,nan,nat_099599833,5a7eee8c71fd8457b39f0dbef8f77dc776bce318d6494a9b0645b4ea722f0486,ce437da4856845a9,,e5623f074cffaa18,B4t,16,16,7e31e8b9ec,3,natural:99599833,ok,harsh|nat_099599833|harsh|rep3|seed20240909,3.6429
moderate,,nan,nat_099599833,5a7eee8c71fd8457b39f0dbef8f77dc776bce318d6494a9b0645b4ea722f0486,ce437da4856845a9,,d1d7eef52201587e,B4t,16,16,7e31e8b9ec,0,natural:99599833,ok,moderate|nat_099599833|moderate|rep0|seed20240909,9.7688
moderate,,nan,nat_099599833,5a7eee8c71fd8457b39f0dbef8f77dc776bce318d6494a9b0645b4ea722f0486,ce437da4856845a9,,43ef04bc344ce0da,B4t,16,16,7e31e8b9ec,2,natural:99599833,ok,moderate|nat_099599833|moderate|rep2|seed20240909,10.2885
moderate,,nan,nat_099599833,5a7eee8c71fd8457b39f0dbef8f77dc776bce318d6494a9b0645b4ea722f0486,ce437da4856845a9,,044123a76fa7515e,B4t,16,16,7e31e8b9ec,1,natural:99599833,ok,moderate|nat_099599833|moderate|rep1|seed20240909,10.4947
moderate,,nan,nat_099599833,5a7eee8c71fd8457b39f0dbef8f77dc776bce318d6494a9b0645b4ea722f0486,ce437da4856845a9,,8b5e7809369370d9,B4t,16,16,7e31e8b9ec,3,natural:99599833,ok,moderate|nat_099599833|moderate|rep3|seed20240909,10.4527
moderate,,nan,nat_099599833,5a7eee8c71fd8457b39f0dbef8f77dc776bce318d6494a9b0645b4ea722f0486,ce437da4856845a9,,964552e1aee7f0cf,B4t,16,16,7e31e8b9ec,4,natural:99599833,ok,moderate|nat_099599833|moderate|rep4|seed20240909,10.459
bursty,,nan,nat_099599833,5a7eee8c71fd8457b39f0dbef8f77dc776bce318d6494a9b0645b4ea722f0486,ce437da4856845a9,,99de40e075815131,B4t,16,16,7e31e8b9ec,3,natural:99599833,ok,bursty|nat_099599833|bursty|rep3|seed20240909,9.3849
bursty,,nan,nat_099599833,5a7eee8c71fd8457b39f0dbef8f77dc776bce318d6494a9b0645b4ea722f0486,ce437da4856845a9,,04198cb3f67b5198,B4t,16,16,7e31e8b9ec,1,natural:99599833,ok,bursty|nat_099599833|bursty|rep1|seed20240909,10.0756
bursty,,nan,nat_099599833,5a7eee8c71fd8457b39f0dbef8f77dc776bce318d6494a9b0645b4ea722f0486,ce437da4856845a9,,fd6d3ed6020f1486,B4t,16,16,7e31e8b9ec,0,natural:99599833,ok,bursty|nat_099599833|bursty|rep0|seed20240909,11.0466
bursty,,nan,nat_099599833,5a7eee8c71fd8457b39f0dbef8f77dc776bce318d6494a9b0645b4ea722f0486,ce437da4856845a9,,06389d064bc1babe,B4t,16,16,7e31e8b9ec,2,natural:99599833,ok,bursty|nat_099599833|bursty|rep2|seed20240909,10.8675
bursty,,nan,nat_099599833,5a7eee8c71fd8457b39f0dbef8f77dc776bce318d6494a9b0645b4ea722f0486,ce437da4856845a9,,37c822b67d8d9df0,B4t,16,16,7e31e8b9ec,4,natural:99599833,ok,bursty|nat_099599833|bursty|rep4|seed20240909,10.7309
clean,,nan,nat_099599833,5a7eee8c71fd8457b39f0dbef8f77dc776bce318d6494a9b0645b4ea722f0486,ce437da4856845a9,,7335d0e128878159,P,16,16,f6706417e8,0,natural:99599833,ok,clean|nat_099599833|clean|rep0|seed20240909,8.4706
clean,,nan,nat_099599833,5a7eee8c71fd8457b39f0dbef8f77dc776bce318d6494a9b0645b4ea722f0486,ce437da4856845a9,,99eb6b76ebe22ed3,P,16,16,f6706417e8,1,natural:99599833,ok,clean|nat_099599833|clean|rep1|seed20240909,8.695
clean,,nan,nat_099599833,5a7eee8c71fd8457b39f0dbef8f77dc776bce318d6494a9b0645b4ea722f0486,ce437da4856845a9,,c8a891b9356470a7,P,16,16,f6706417e8,2,natural:99599833,ok,clean|nat_099599833|clean|rep2|seed20240909,8.6352
clean,,nan,nat_099599833,5a7eee8c71fd8457b39f0dbef8f77dc776bce318d6494a9b0645b4ea722f0486,ce437da4856845a9,,b2cf50d277b989ca,P,16,16,f6706417e8,3,natural:99599833,ok,clean|nat_099599833|clean|rep3|seed20240909,8.6458
clean,,nan,nat_099599833,5a7eee8c71fd8457b39f0dbef8f77dc776bce318d6494a9b0645b4ea722f0486,ce437da4856845a9,,786530295bddb455,P,16,16,f6706417e8,4,natural:99599833,ok,clean|nat_099599833|clean|rep4|seed20240909,8.5934
mild,,nan,nat_099599833,5a7eee8c71fd8457b39f0dbef8f77dc776bce318d6494a9b0645b4ea722f0486,ce437da4856845a9,,283e43c770c11487,P,16,16,f6706417e8,0,natural:99599833,ok,mild|nat_099599833|mild|rep0|seed20240909,8.9897
mild,,nan,nat_099599833,5a7eee8c71fd8457b39f0dbef8f77dc776bce318d6494a9b0645b4ea722f0486,ce437da4856845a9,,05dae643a4351a8b,P,16,16,f6706417e8,1,natural:99599833,ok,mild|nat_099599833|mild|rep1|seed20240909,9.0488
mild,,nan,nat_099599833,5a7eee8c71fd8457b39f0dbef8f77dc776bce318d6494a9b0645b4ea722f0486,ce437da4856845a9,,0fc90ef5bceff8c1,P,16,16,f6706417e8,3,natural:99599833,ok,mild|nat_099599833|mild|rep3|seed20240909,8.8621
mild,,nan,nat_099599833,5a7eee8c71fd8457b39f0dbef8f77dc776bce318d6494a9b0645b4ea722f0486,ce437da4856845a9,,3e4f5fa73fc18bdc,P,16,16,f6706417e8,2,natural:99599833,ok,mild|nat_099599833|mild|rep2|seed20240909,9.0781
mild,,nan,nat_099599833,5a7eee8c71fd8457b39f0dbef8f77dc776bce318d6494a9b0645b4ea722f0486,ce437da4856845a9,,ccfd827a24ad7403,P,16,16,f6706417e8,4,natural:99599833,ok,mild|nat_099599833|mild|rep4|seed20240909,8.9387
clean,,nan,nat_105627169,48808486030d86d26ad811df40509a68e77f10dba6c751c9c46a36dc4e95e77b,ce437da4856845a9,,47b711532d9421fd,B0a,16,16,7fe30b1136,0,natural:105627169,ok,clean|nat_105627169|clean|rep0|seed20240909,0.5245
clean,,nan,nat_105627169,48808486030d86d26ad811df40509a68e77f10dba6c751c9c46a36dc4e95e77b,ce437da4856845a9,,7fb4d4f8462738f5,B0a,16,16,7fe30b1136,1,natural:105627169,ok,clean|nat_105627169|clean|rep1|seed20240909,0.4791
clean,,nan,nat_105627169,48808486030d86d26ad811df40509a68e77f10dba6c751c9c46a36dc4e95e77b,ce437da4856845a9,,ee83a6720b550b72,B0a,16,16,7fe30b1136,2,natural:105627169,ok,clean|nat_105627169|clean|rep2|seed20240909,0.4904
harsh,,nan,nat_099599833,5a7eee8c71fd8457b39f0dbef8f77dc776bce318d6494a9b0645b4ea722f0486,ce437da4856845a9,,d16584cc9507ae59,P,16,16,f6706417e8,0,natural:99599833,ok,harsh|nat_099599833|harsh|rep0|seed20240909,5.1383
clean,,nan,nat_105627169,48808486030d86d26ad811df40509a68e77f10dba6c751c9c46a36dc4e95e77b,ce437da4856845a9,,4c018bf66a66e7cb,B0a,16,16,7fe30b1136,3,natural:105627169,ok,clean|nat_105627169|clean|rep3|seed20240909,0.4422
clean,,nan,nat_105627169,48808486030d86d26ad811df40509a68e77f10dba6c751c9c46a36dc4e95e77b,ce437da4856845a9,,65bfa75dec4bc390,B0a,16,16,7fe30b1136,4,natural:105627169,ok,clean|nat_105627169|clean|rep4|seed20240909,0.5313
harsh,,nan,nat_099599833,5a7eee8c71fd8457b39f0dbef8f77dc776bce318d6494a9b0645b4ea722f0486,ce437da4856845a9,,ff24a89a413292d2,P,16,16,f6706417e8,1,natural:99599833,ok,harsh|nat_099599833|harsh|rep1|seed20240909,5.1228
mild,,nan,nat_105627169,48808486030d86d26ad811df40509a68e77f10dba6c751c9c46a36dc4e95e77b,ce437da4856845a9,,0bb426d531b8c097,B0a,16,16,7fe30b1136,0,natural:105627169,ok,mild|nat_105627169|mild|rep0|seed20240909,0.6746
mild,,nan,nat_105627169,48808486030d86d26ad811df40509a68e77f10dba6c751c9c46a36dc4e95e77b,ce437da4856845a9,,a5ffbd051ff53945,B0a,16,16,7fe30b1136,1,natural:105627169,ok,mild|nat_105627169|mild|rep1|seed20240909,0.6813
mild,,nan,nat_105627169,48808486030d86d26ad811df40509a68e77f10dba6c751c9c46a36dc4e95e77b,ce437da4856845a9,,ebcdea30024a2805,B0a,16,16,7fe30b1136,3,natural:105627169,ok,mild|nat_105627169|mild|rep3|seed20240909,0.6871
mild,,nan,nat_105627169,48808486030d86d26ad811df40509a68e77f10dba6c751c9c46a36dc4e95e77b,ce437da4856845a9,,dcbd2604a40bdc2d,B0a,16,16,7fe30b1136,2,natural:105627169,ok,mild|nat_105627169|mild|rep2|seed20240909,0.7158
mild,,nan,nat_105627169,48808486030d86d26ad811df40509a68e77f10dba6c751c9c46a36dc4e95e77b,ce437da4856845a9,,fd7945dacbf917dc,B0a,16,16,7fe30b1136,4,natural:105627169,ok,mild|nat_105627169|mild|rep4|seed20240909,0.6888
moderate,,nan,nat_105627169,48808486030d86d26ad811df40509a68e77f10dba6c751c9c46a36dc4e95e77b,ce437da4856845a9,,a7f1dca0b32f7314,B0a,16,16,7fe30b1136,1,natural:105627169,ok,moderate|nat_105627169|moderate|rep1|seed20240909,0.7027
moderate,,nan,nat_105627169,48808486030d86d26ad811df40509a68e77f10dba6c751c9c46a36dc4e95e77b,ce437da4856845a9,,e2e710a5195eddf7,B0a,16,16,7fe30b1136,0,natural:105627169,ok,moderate|nat_105627169|moderate|rep0|seed20240909,0.737
harsh,,nan,nat_099599833,5a7eee8c71fd8457b39f0dbef8f77dc776bce318d6494a9b0645b4ea722f0486,ce437da4856845a9,,31f18d99af3bd1c8,P,16,16,f6706417e8,2,natural:99599833,ok,harsh|nat_099599833|harsh|rep2|seed20240909,5.1272
moderate,,nan,nat_105627169,48808486030d86d26ad811df40509a68e77f10dba6c751c9c46a36dc4e95e77b,ce437da4856845a9,,73907d3a705a424d,B0a,16,16,7fe30b1136,2,natural:105627169,ok,moderate|nat_105627169|moderate|rep2|seed20240909,0.7054
harsh,,nan,nat_099599833,5a7eee8c71fd8457b39f0dbef8f77dc776bce318d6494a9b0645b4ea722f0486,ce437da4856845a9,,ab921eca30117cf7,P,16,16,f6706417e8,4,natural:99599833,ok,harsh|nat_099599833|harsh|rep4|seed20240909,5.0465
moderate,,nan,nat_105627169,48808486030d86d26ad811df40509a68e77f10dba6c751c9c46a36dc4e95e77b,ce437da4856845a9,,5d448d19959666ba,B0a,16,16,7fe30b1136,3,natural:105627169,ok,moderate|nat_105627169|moderate|rep3|seed20240909,0.6617
harsh,,nan,nat_099599833,5a7eee8c71fd8457b39f0dbef8f77dc776bce318d6494a9b0645b4ea722f0486,ce437da4856845a9,,fa079e4378c54474,P,16,16,f6706417e8,3,natural:99599833,ok,harsh|nat_099599833|harsh|rep3|seed20240909,5.1465
moderate,,nan,nat_105627169,48808486030d86d26ad811df40509a68e77f10dba6c751c9c46a36dc4e95e77b,ce437da4856845a9,,6377d61711e3d18f,B0a,16,16,7fe30b1136,4,natural:105627169,ok,moderate|nat_105627169|moderate|rep4|seed20240909,0.7085
bursty,,nan,nat_105627169,48808486030d86d26ad811df40509a68e77f10dba6c751c9c46a36dc4e95e77b,ce437da4856845a9,,6f050bc54df2c1d8,B0a,16,16,7fe30b1136,0,natural:105627169,ok,bursty|nat_105627169|bursty|rep0|seed20240909,0.7076
bursty,,nan,nat_105627169,48808486030d86d26ad811df40509a68e77f10dba6c751c9c46a36dc4e95e77b,ce437da4856845a9,,fa8fdfdb9913a0c5,B0a,16,16,7fe30b1136,1,natural:105627169,ok,bursty|nat_105627169|bursty|rep1|seed20240909,0.6885
bursty,,nan,nat_105627169,48808486030d86d26ad811df40509a68e77f10dba6c751c9c46a36dc4e95e77b,ce437da4856845a9,,05d27f8780102d04,B0a,16,16,7fe30b1136,3,natural:105627169,ok,bursty|nat_105627169|bursty|rep3|seed20240909,0.6146
bursty,,nan,nat_105627169,48808486030d86d26ad811df40509a68e77f10dba6c751c9c46a36dc4e95e77b,ce437da4856845a9,,73f0faf4e9375d60,B0a,16,16,7fe30b1136,2,natural:105627169,ok,bursty|nat_105627169|bursty|rep2|seed20240909,0.68
harsh,,nan,nat_105627169,48808486030d86d26ad811df40509a68e77f10dba6c751c9c46a36dc4e95e77b,ce437da4856845a9,,62320b56ca13a6a1,B0a,16,16,7fe30b1136,0,natural:105627169,ok,harsh|nat_105627169|harsh|rep0|seed20240909,0.6924
bursty,,nan,nat_105627169,48808486030d86d26ad811df40509a68e77f10dba6c751c9c46a36dc4e95e77b,ce437da4856845a9,,7492cd2eb322d9ef,B0a,16,16,7fe30b1136,4,natural:105627169,ok,bursty|nat_105627169|bursty|rep4|seed20240909,0.7158
harsh,,nan,nat_105627169,48808486030d86d26ad811df40509a68e77f10dba6c751c9c46a36dc4e95e77b,ce437da4856845a9,,ce738a9f52365018,B0a,16,16,7fe30b1136,1,natural:105627169,ok,harsh|nat_105627169|harsh|rep1|seed20240909,0.6824
harsh,,nan,nat_105627169,48808486030d86d26ad811df40509a68e77f10dba6c751c9c46a36dc4e95e77b,ce437da4856845a9,,fcbc93f60c6bf59b,B0a,16,16,7fe30b1136,2,natural:105627169,ok,harsh|nat_105627169|harsh|rep2|seed20240909,0.6908
harsh,,nan,nat_105627169,48808486030d86d26ad811df40509a68e77f10dba6c751c9c46a36dc4e95e77b,ce437da4856845a9,,ff2972204daa522a,B0a,16,16,7fe30b1136,4,natural:105627169,ok,harsh|nat_105627169|harsh|rep4|seed20240909,0.6856
harsh,,nan,nat_105627169,48808486030d86d26ad811df40509a68e77f10dba6c751c9c46a36dc4e95e77b,ce437da4856845a9,,d7ac5edb65e23ef3,B0a,16,16,7fe30b1136,3,natural:105627169,ok,harsh|nat_105627169|harsh|rep3|seed20240909,0.7491
clean,,nan,nat_105627169,48808486030d86d26ad811df40509a68e77f10dba6c751c9c46a36dc4e95e77b,ce437da4856845a9,,844798a084a5e83a,B0a-R,16,16,7fe30b1136,1,natural:105627169,ok,clean|nat_105627169|clean|rep1|seed20240909,1.3283
moderate,,nan,nat_099599833,5a7eee8c71fd8457b39f0dbef8f77dc776bce318d6494a9b0645b4ea722f0486,ce437da4856845a9,,8049e7f326fcf45d,P,16,16,f6706417e8,0,natural:99599833,ok,moderate|nat_099599833|moderate|rep0|seed20240909,15.5547
clean,,nan,nat_105627169,48808486030d86d26ad811df40509a68e77f10dba6c751c9c46a36dc4e95e77b,ce437da4856845a9,,0a258a5b0970fc18,B0a-R,16,16,7fe30b1136,0,natural:105627169,ok,clean|nat_105627169|clean|rep0|seed20240909,1.3649
clean,,nan,nat_105627169,48808486030d86d26ad811df40509a68e77f10dba6c751c9c46a36dc4e95e77b,ce437da4856845a9,,bc0880313b7f813e,B0a-R,16,16,7fe30b1136,2,natural:105627169,ok,clean|nat_105627169|clean|rep2|seed20240909,1.3307
clean,,nan,nat_105627169,48808486030d86d26ad811df40509a68e77f10dba6c751c9c46a36dc4e95e77b,ce437da4856845a9,,44d51980b28973a3,B0a-R,16,16,7fe30b1136,3,natural:105627169,ok,clean|nat_105627169|clean|rep3|seed20240909,1.2871
clean,,nan,nat_105627169,48808486030d86d26ad811df40509a68e77f10dba6c751c9c46a36dc4e95e77b,ce437da4856845a9,,aaccf4e6871dbfa8,B0a-R,16,16,7fe30b1136,4,natural:105627169,ok,clean|nat_105627169|clean|rep4|seed20240909,1.329
moderate,,nan,nat_099599833,5a7eee8c71fd8457b39f0dbef8f77dc776bce318d6494a9b0645b4ea722f0486,ce437da4856845a9,,2f7ca0f54335b1fe,P,16,16,f6706417e8,1,natural:99599833,ok,moderate|nat_099599833|moderate|rep1|seed20240909,15.3794
bursty,,nan,nat_099599833,5a7eee8c71fd8457b39f0dbef8f77dc776bce318d6494a9b0645b4ea722f0486,ce437da4856845a9,,5b6878808301cbf0,P,16,16,f6706417e8,1,natural:99599833,ok,bursty|nat_099599833|bursty|rep1|seed20240909,13.8811
moderate,,nan,nat_099599833,5a7eee8c71fd8457b39f0dbef8f77dc776bce318d6494a9b0645b4ea722f0486,ce437da4856845a9,,796b65359bc33bd1,P,16,16,f6706417e8,2,natural:99599833,ok,moderate|nat_099599833|moderate|rep2|seed20240909,15.6767
mild,,nan,nat_105627169,48808486030d86d26ad811df40509a68e77f10dba6c751c9c46a36dc4e95e77b,ce437da4856845a9,,a0cb8de6cae96c3f,B0a-R,16,16,7fe30b1136,0,natural:105627169,ok,mild|nat_105627169|mild|rep0|seed20240909,1.9736
mild,,nan,nat_105627169,48808486030d86d26ad811df40509a68e77f10dba6c751c9c46a36dc4e95e77b,ce437da4856845a9,,d32884edaabf57f5,B0a-R,16,16,7fe30b1136,3,natural:105627169,ok,mild|nat_105627169|mild|rep3|seed20240909,1.8339
mild,,nan,nat_105627169,48808486030d86d26ad811df40509a68e77f10dba6c751c9c46a36dc4e95e77b,ce437da4856845a9,,37e25fb9d49254bb,B0a-R,16,16,7fe30b1136,1,natural:105627169,ok,mild|nat_105627169|mild|rep1|seed20240909,1.8977
mild,,nan,nat_105627169,48808486030d86d26ad811df40509a68e77f10dba6c751c9c46a36dc4e95e77b,ce437da4856845a9,,74c40647e308b16c,B0a-R,16,16,7fe30b1136,2,natural:105627169,ok,mild|nat_105627169|mild|rep2|seed20240909,1.9224
mild,,nan,nat_105627169,48808486030d86d26ad811df40509a68e77f10dba6c751c9c46a36dc4e95e77b,ce437da4856845a9,,ed560e7ac7c743c0,B0a-R,16,16,7fe30b1136,4,natural:105627169,ok,mild|nat_105627169|mild|rep4|seed20240909,1.874
moderate,,nan,nat_099599833,5a7eee8c71fd8457b39f0dbef8f77dc776bce318d6494a9b0645b4ea722f0486,ce437da4856845a9,,870833286ab357d4,P,16,16,f6706417e8,3,natural:99599833,ok,moderate|nat_099599833|moderate|rep3|seed20240909,16.204
moderate,,nan,nat_105627169,48808486030d86d26ad811df40509a68e77f10dba6c751c9c46a36dc4e95e77b,ce437da4856845a9,,a9e40de93a30954e,B0a-R,16,16,7fe30b1136,0,natural:105627169,ok,moderate|nat_105627169|moderate|rep0|seed20240909,2.0447
moderate,,nan,nat_105627169,48808486030d86d26ad811df40509a68e77f10dba6c751c9c46a36dc4e95e77b,ce437da4856845a9,,ae3cef61175b4589,B0a-R,16,16,7fe30b1136,1,natural:105627169,ok,moderate|nat_105627169|moderate|rep1|seed20240909,2.011
bursty,,nan,nat_099599833,5a7eee8c71fd8457b39f0dbef8f77dc776bce318d6494a9b0645b4ea722f0486,ce437da4856845a9,,edb1b6f862753428,P,16,16,f6706417e8,0,natural:99599833,ok,bursty|nat_099599833|bursty|rep0|seed20240909,15.8604
moderate,,nan,nat_099599833,5a7eee8c71fd8457b39f0dbef8f77dc776bce318d6494a9b0645b4ea722f0486,ce437da4856845a9,,cc9363c238c5f5ce,P,16,16,f6706417e8,4,natural:99599833,ok,moderate|nat_099599833|moderate|rep4|seed20240909,16.1101
moderate,,nan,nat_105627169,48808486030d86d26ad811df40509a68e77f10dba6c751c9c46a36dc4e95e77b,ce437da4856845a9,,42d25db30de6d236,B0a-R,16,16,7fe30b1136,2,natural:105627169,ok,moderate|nat_105627169|moderate|rep2|seed20240909,2.0862
bursty,,nan,nat_099599833,5a7eee8c71fd8457b39f0dbef8f77dc776bce318d6494a9b0645b4ea722f0486,ce437da4856845a9,,aaa92577572a3719,P,16,16,f6706417e8,2,natural:99599833,ok,bursty|nat_099599833|bursty|rep2|seed20240909,14.7057
moderate,,nan,nat_105627169,48808486030d86d26ad811df40509a68e77f10dba6c751c9c46a36dc4e95e77b,ce437da4856845a9,,33fe50707f07c540,B0a-R,16,16,7fe30b1136,3,natural:105627169,ok,moderate|nat_105627169|moderate|rep3|seed20240909,2.088
bursty,,nan,nat_105627169,48808486030d86d26ad811df40509a68e77f10dba6c751c9c46a36dc4e95e77b,ce437da4856845a9,,1b58669f8bf03f67,B0a-R,16,16,7fe30b1136,0,natural:105627169,ok,bursty|nat_105627169|bursty|rep0|seed20240909,1.8665
moderate,,nan,nat_105627169,48808486030d86d26ad811df40509a68e77f10dba6c751c9c46a36dc4e95e77b,ce437da4856845a9,,d6ae64b31852f5c9,B0a-R,16,16,7fe30b1136,4,natural:105627169,ok,moderate|nat_105627169|moderate|rep4|seed20240909,2.0554
bursty,,nan,nat_099599833,5a7eee8c71fd8457b39f0dbef8f77dc776bce318d6494a9b0645b4ea722f0486,ce437da4856845a9,,e1c449d348acf6a3,P,16,16,f6706417e8,3,natural:99599833,ok,bursty|nat_099599833|bursty|rep3|seed20240909,14.3694
bursty,,nan,nat_105627169,48808486030d86d26ad811df40509a68e77f10dba6c751c9c46a36dc4e95e77b,ce437da4856845a9,,40ee1f2f9a206593,B0a-R,16,16,7fe30b1136,1,natural:105627169,ok,bursty|nat_105627169|bursty|rep1|seed20240909,1.9049
bursty,,nan,nat_105627169,48808486030d86d26ad811df40509a68e77f10dba6c751c9c46a36dc4e95e77b,ce437da4856845a9,,927860262c5e79b4,B0a-R,16,16,7fe30b1136,2,natural:105627169,ok,bursty|nat_105627169|bursty|rep2|seed20240909,1.9277
bursty,,nan,nat_105627169,48808486030d86d26ad811df40509a68e77f10dba6c751c9c46a36dc4e95e77b,ce437da4856845a9,,09319c7d1cf90044,B0a-R,16,16,7fe30b1136,3,natural:105627169,ok,bursty|nat_105627169|bursty|rep3|seed20240909,1.9357
bursty,,nan,nat_105627169,48808486030d86d26ad811df40509a68e77f10dba6c751c9c46a36dc4e95e77b,ce437da4856845a9,,a1e0a5623131eba6,B0a-R,16,16,7fe30b1136,4,natural:105627169,ok,bursty|nat_105627169|bursty|rep4|seed20240909,1.9949
harsh,,nan,nat_105627169,48808486030d86d26ad811df40509a68e77f10dba6c751c9c46a36dc4e95e77b,ce437da4856845a9,,e5fc3df1c039c0a8,B0a-R,16,16,7fe30b1136,0,natural:105627169,ok,harsh|nat_105627169|harsh|rep0|seed20240909,2.0362
harsh,,nan,nat_105627169,48808486030d86d26ad811df40509a68e77f10dba6c751c9c46a36dc4e95e77b,ce437da4856845a9,,74311ed0cc419e07,B0a-R,16,16,7fe30b1136,1,natural:105627169,ok,harsh|nat_105627169|harsh|rep1|seed20240909,2.1169
harsh,,nan,nat_105627169,48808486030d86d26ad811df40509a68e77f10dba6c751c9c46a36dc4e95e77b,ce437da4856845a9,,e5091d749a80ddf8,B0a-R,16,16,7fe30b1136,2,natural:105627169,ok,harsh|nat_105627169|harsh|rep2|seed20240909,2.0338
bursty,,nan,nat_099599833,5a7eee8c71fd8457b39f0dbef8f77dc776bce318d6494a9b0645b4ea722f0486,ce437da4856845a9,,9753050c4bd71ec9,P,16,16,f6706417e8,4,natural:99599833,ok,bursty|nat_099599833|bursty|rep4|seed20240909,15.3926
harsh,,nan,nat_105627169,48808486030d86d26ad811df40509a68e77f10dba6c751c9c46a36dc4e95e77b,ce437da4856845a9,,8d73e35599ce6c39,B0a-R,16,16,7fe30b1136,4,natural:105627169,ok,harsh|nat_105627169|harsh|rep4|seed20240909,1.9614
harsh,,nan,nat_105627169,48808486030d86d26ad811df40509a68e77f10dba6c751c9c46a36dc4e95e77b,ce437da4856845a9,,6f03eb65795755da,B0a-R,16,16,7fe30b1136,3,natural:105627169,ok,harsh|nat_105627169|harsh|rep3|seed20240909,2.0419
clean,,nan,nat_105627169,48808486030d86d26ad811df40509a68e77f10dba6c751c9c46a36dc4e95e77b,ce437da4856845a9,,7267d1066241ad28,B0d,16,16,7fe30b1136,0,natural:105627169,ok,clean|nat_105627169|clean|rep0|seed20240909,3.7076
clean,,nan,nat_105627169,48808486030d86d26ad811df40509a68e77f10dba6c751c9c46a36dc4e95e77b,ce437da4856845a9,,5ad4c57429c39b40,B0d,16,16,7fe30b1136,2,natural:105627169,ok,clean|nat_105627169|clean|rep2|seed20240909,3.6021
clean,,nan,nat_105627169,48808486030d86d26ad811df40509a68e77f10dba6c751c9c46a36dc4e95e77b,ce437da4856845a9,,d75aa4c69e89532c,B0d,16,16,7fe30b1136,1,natural:105627169,ok,clean|nat_105627169|clean|rep1|seed20240909,3.7584
clean,,nan,nat_105627169,48808486030d86d26ad811df40509a68e77f10dba6c751c9c46a36dc4e95e77b,ce437da4856845a9,,c47a28b21514d9fc,B0d,16,16,7fe30b1136,3,natural:105627169,ok,clean|nat_105627169|clean|rep3|seed20240909,3.7298
clean,,nan,nat_105627169,48808486030d86d26ad811df40509a68e77f10dba6c751c9c46a36dc4e95e77b,ce437da4856845a9,,62d3e282594b6610,B0d,16,16,7fe30b1136,4,natural:105627169,ok,clean|nat_105627169|clean|rep4|seed20240909,3.657
mild,,nan,nat_105627169,48808486030d86d26ad811df40509a68e77f10dba6c751c9c46a36dc4e95e77b,ce437da4856845a9,,ea778eb1402e82a2,B0d,16,16,7fe30b1136,0,natural:105627169,ok,mild|nat_105627169|mild|rep0|seed20240909,4.0758
mild,,nan,nat_105627169,48808486030d86d26ad811df40509a68e77f10dba6c751c9c46a36dc4e95e77b,ce437da4856845a9,,b06f265293fe369f,B0d,16,16,7fe30b1136,1,natural:105627169,ok,mild|nat_105627169|mild|rep1|seed20240909,4.01
mild,,nan,nat_105627169,48808486030d86d26ad811df40509a68e77f10dba6c751c9c46a36dc4e95e77b,ce437da4856845a9,,2df7c9350dca05bd,B0d,16,16,7fe30b1136,2,natural:105627169,ok,mild|nat_105627169|mild|rep2|seed20240909,4.047
mild,,nan,nat_105627169,48808486030d86d26ad811df40509a68e77f10dba6c751c9c46a36dc4e95e77b,ce437da4856845a9,,53e45baf1e69ffa4,B0d,16,16,7fe30b1136,3,natural:105627169,ok,mild|nat_105627169|mild|rep3|seed20240909,4.1125
mild,,nan,nat_105627169,48808486030d86d26ad811df40509a68e77f10dba6c751c9c46a36dc4e95e77b,ce437da4856845a9,,e0e49c2fe9ed5f87,B0d,16,16,7fe30b1136,4,natural:105627169,ok,mild|nat_105627169|mild|rep4|seed20240909,4.0614
clean,,nan,nat_105627169,48808486030d86d26ad811df40509a68e77f10dba6c751c9c46a36dc4e95e77b,ce437da4856845a9,,cf9a83311e59bb9e,B1,16,16,7fe30b1136,0,natural:105627169,ok,clean|nat_105627169|clean|rep0|seed20240909,0.4934
clean,,nan,nat_105627169,48808486030d86d26ad811df40509a68e77f10dba6c751c9c46a36dc4e95e77b,ce437da4856845a9,,b1621b5bf675295f,B1,16,16,7fe30b1136,1,natural:105627169,ok,clean|nat_105627169|clean|rep1|seed20240909,0.4509
clean,,nan,nat_105627169,48808486030d86d26ad811df40509a68e77f10dba6c751c9c46a36dc4e95e77b,ce437da4856845a9,,d1d7c820e5ab2f51,B1,16,16,7fe30b1136,2,natural:105627169,ok,clean|nat_105627169|clean|rep2|seed20240909,0.5084
harsh,,nan,nat_105627169,48808486030d86d26ad811df40509a68e77f10dba6c751c9c46a36dc4e95e77b,ce437da4856845a9,,9b9a9cbd2717ff1c,B0d,16,16,7fe30b1136,0,natural:105627169,ok,harsh|nat_105627169|harsh|rep0|seed20240909,2.7263
clean,,nan,nat_105627169,48808486030d86d26ad811df40509a68e77f10dba6c751c9c46a36dc4e95e77b,ce437da4856845a9,,33cd11c8e114643b,B1,16,16,7fe30b1136,3,natural:105627169,ok,clean|nat_105627169|clean|rep3|seed20240909,0.5173
harsh,,nan,nat_105627169,48808486030d86d26ad811df40509a68e77f10dba6c751c9c46a36dc4e95e77b,ce437da4856845a9,,439fbad082d79dce,B0d,16,16,7fe30b1136,1,natural:105627169,ok,harsh|nat_105627169|harsh|rep1|seed20240909,2.7665
clean,,nan,nat_105627169,48808486030d86d26ad811df40509a68e77f10dba6c751c9c46a36dc4e95e77b,ce437da4856845a9,,6a3b349abd735b5f,B1,16,16,7fe30b1136,4,natural:105627169,ok,clean|nat_105627169|clean|rep4|seed20240909,0.5037
mild,,nan,nat_105627169,48808486030d86d26ad811df40509a68e77f10dba6c751c9c46a36dc4e95e77b,ce437da4856845a9,,d7ddc5a9fc3015d8,B1,16,16,7fe30b1136,0,natural:105627169,ok,mild|nat_105627169|mild|rep0|seed20240909,0.5535
harsh,,nan,nat_105627169,48808486030d86d26ad811df40509a68e77f10dba6c751c9c46a36dc4e95e77b,ce437da4856845a9,,21974fce41416b65,B0d,16,16,7fe30b1136,4,natural:105627169,ok,harsh|nat_105627169|harsh|rep4|seed20240909,2.5907
harsh,,nan,nat_105627169,48808486030d86d26ad811df40509a68e77f10dba6c751c9c46a36dc4e95e77b,ce437da4856845a9,,823c04a67a9b6239,B0d,16,16,7fe30b1136,2,natural:105627169,ok,harsh|nat_105627169|harsh|rep2|seed20240909,2.8237
harsh,,nan,nat_105627169,48808486030d86d26ad811df40509a68e77f10dba6c751c9c46a36dc4e95e77b,ce437da4856845a9,,55f45fc03213cf32,B0d,16,16,7fe30b1136,3,natural:105627169,ok,harsh|nat_105627169|harsh|rep3|seed20240909,2.7685
moderate,,nan,nat_105627169,48808486030d86d26ad811df40509a68e77f10dba6c751c9c46a36dc4e95e77b,ce437da4856845a9,,63a390b0216c74c9,B0d,16,16,7fe30b1136,0,natural:105627169,ok,moderate|nat_105627169|moderate|rep0|seed20240909,6.3286
mild,,nan,nat_105627169,48808486030d86d26ad811df40509a68e77f10dba6c751c9c46a36dc4e95e77b,ce437da4856845a9,,e03b9555a53411b7,B1,16,16,7fe30b1136,2,natural:105627169,ok,mild|nat_105627169|mild|rep2|seed20240909,0.6347
mild,,nan,nat_105627169,48808486030d86d26ad811df40509a68e77f10dba6c751c9c46a36dc4e95e77b,ce437da4856845a9,,804449880bc2d972,B1,16,16,7fe30b1136,1,natural:105627169,ok,mild|nat_105627169|mild|rep1|seed20240909,0.7488
moderate,,nan,nat_105627169,48808486030d86d26ad811df40509a68e77f10dba6c751c9c46a36dc4e95e77b,ce437da4856845a9,,37507c290599b0de,B0d,16,16,7fe30b1136,2,natural:105627169,ok,moderate|nat_105627169|moderate|rep2|seed20240909,6.4326
mild,,nan,nat_105627169,48808486030d86d26ad811df40509a68e77f10dba6c751c9c46a36dc4e95e77b,ce437da4856845a9,,f70952004b3d3e9f,B1,16,16,7fe30b1136,3,natural:105627169,ok,mild|nat_105627169|mild|rep3|seed20240909,0.6555
moderate,,nan,nat_105627169,48808486030d86d26ad811df40509a68e77f10dba6c751c9c46a36dc4e95e77b,ce437da4856845a9,,404aac8f803fbb9e,B0d,16,16,7fe30b1136,3,natural:105627169,ok,moderate|nat_105627169|moderate|rep3|seed20240909,6.5529
moderate,,nan,nat_105627169,48808486030d86d26ad811df40509a68e77f10dba6c751c9c46a36dc4e95e77b,ce437da4856845a9,,ff674d97ea4c3177,B1,16,16,7fe30b1136,1,natural:105627169,ok,moderate|nat_105627169|moderate|rep1|seed20240909,0.6818
moderate,,nan,nat_105627169,48808486030d86d26ad811df40509a68e77f10dba6c751c9c46a36dc4e95e77b,ce437da4856845a9,,2805f483249b6435,B1,16,16,7fe30b1136,0,natural:105627169,ok,moderate|nat_105627169|moderate|rep0|seed20240909,0.7247
mild,,nan,nat_105627169,48808486030d86d26ad811df40509a68e77f10dba6c751c9c46a36dc4e95e77b,ce437da4856845a9,,38223d281068ac51,B1,16,16,7fe30b1136,4,natural:105627169,ok,mild|nat_105627169|mild|rep4|seed20240909,0.7501
moderate,,nan,nat_105627169,48808486030d86d26ad811df40509a68e77f10dba6c751c9c46a36dc4e95e77b,ce437da4856845a9,,2403c9706b53db70,B0d,16,16,7fe30b1136,4,natural:105627169,ok,moderate|nat_105627169|moderate|rep4|seed20240909,6.6948
moderate,,nan,nat_105627169,48808486030d86d26ad811df40509a68e77f10dba6c751c9c46a36dc4e95e77b,ce437da4856845a9,,ab5ef59cd2f4c7ab,B1,16,16,7fe30b1136,2,natural:105627169,ok,moderate|nat_105627169|moderate|rep2|seed20240909,0.7612
moderate,,nan,nat_105627169,48808486030d86d26ad811df40509a68e77f10dba6c751c9c46a36dc4e95e77b,ce437da4856845a9,,bf8d3bd36c86ea26,B1,16,16,7fe30b1136,3,natural:105627169,ok,moderate|nat_105627169|moderate|rep3|seed20240909,0.707
moderate,,nan,nat_105627169,48808486030d86d26ad811df40509a68e77f10dba6c751c9c46a36dc4e95e77b,ce437da4856845a9,,1fb30b32f8170fa2,B0d,16,16,7fe30b1136,1,natural:105627169,ok,moderate|nat_105627169|moderate|rep1|seed20240909,6.9493
moderate,,nan,nat_105627169,48808486030d86d26ad811df40509a68e77f10dba6c751c9c46a36dc4e95e77b,ce437da4856845a9,,5a205cb28c5c1a8a,B1,16,16,7fe30b1136,4,natural:105627169,ok,moderate|nat_105627169|moderate|rep4|seed20240909,0.7391
bursty,,nan,nat_105627169,48808486030d86d26ad811df40509a68e77f10dba6c751c9c46a36dc4e95e77b,ce437da4856845a9,,06b3107ca71d31ae,B1,16,16,7fe30b1136,0,natural:105627169,ok,bursty|nat_105627169|bursty|rep0|seed20240909,0.7334
bursty,,nan,nat_105627169,48808486030d86d26ad811df40509a68e77f10dba6c751c9c46a36dc4e95e77b,ce437da4856845a9,,da8d34f25f935db5,B1,16,16,7fe30b1136,1,natural:105627169,ok,bursty|nat_105627169|bursty|rep1|seed20240909,0.6673
bursty,,nan,nat_105627169,48808486030d86d26ad811df40509a68e77f10dba6c751c9c46a36dc4e95e77b,ce437da4856845a9,,58e1fb026661c8f8,B1,16,16,7fe30b1136,3,natural:105627169,ok,bursty|nat_105627169|bursty|rep3|seed20240909,0.7315
bursty,,nan,nat_105627169,48808486030d86d26ad811df40509a68e77f10dba6c751c9c46a36dc4e95e77b,ce437da4856845a9,,2ecfc5fd8d4fa29e,B1,16,16,7fe30b1136,2,natural:105627169,ok,bursty|nat_105627169|bursty|rep2|seed20240909,0.763
harsh,,nan,nat_105627169,48808486030d86d26ad811df40509a68e77f10dba6c751c9c46a36dc4e95e77b,ce437da4856845a9,,bad319949ae6fc59,B1,16,16,7fe30b1136,0,natural:105627169,ok,harsh|nat_105627169|harsh|rep0|seed20240909,0.7296
bursty,,nan,nat_105627169,48808486030d86d26ad811df40509a68e77f10dba6c751c9c46a36dc4e95e77b,ce437da4856845a9,,7624787c0b3dcf1e,B1,16,16,7fe30b1136,4,natural:105627169,ok,bursty|nat_105627169|bursty|rep4|seed20240909,0.7601
clean,,nan,nat_105627169,48808486030d86d26ad811df40509a68e77f10dba6c751c9c46a36dc4e95e77b,ce437da4856845a9,,06e3d03595d8f377,B2,16,16,7fe30b1136,0,natural:105627169,ok,clean|nat_105627169|clean|rep0|seed20240909,0.5702
bursty,,nan,nat_105627169,48808486030d86d26ad811df40509a68e77f10dba6c751c9c46a36dc4e95e77b,ce437da4856845a9,,544ca5bf45038fc8,B0d,16,16,7fe30b1136,0,natural:105627169,ok,bursty|nat_105627169|bursty|rep0|seed20240909,7.3916
harsh,,nan,nat_105627169,48808486030d86d26ad811df40509a68e77f10dba6c751c9c46a36dc4e95e77b,ce437da4856845a9,,7b1e74acf2e546be,B1,16,16,7fe30b1136,1,natural:105627169,ok,harsh|nat_105627169|harsh|rep1|seed20240909,0.7825
harsh,,nan,nat_105627169,48808486030d86d26ad811df40509a68e77f10dba6c751c9c46a36dc4e95e77b,ce437da4856845a9,,350b55040315b612,B1,16,16,7fe30b1136,2,natural:105627169,ok,harsh|nat_105627169|harsh|rep2|seed20240909,0.7638
harsh,,nan,nat_105627169,48808486030d86d26ad811df40509a68e77f10dba6c751c9c46a36dc4e95e77b,ce437da4856845a9,,24eee69a727fc585,B1,16,16,7fe30b1136,3,natural:105627169,ok,harsh|nat_105627169|harsh|rep3|seed20240909,0.7689
harsh,,nan,nat_105627169,48808486030d86d26ad811df40509a68e77f10dba6c751c9c46a36dc4e95e77b,ce437da4856845a9,,cc3acb85cc8268de,B1,16,16,7fe30b1136,4,natural:105627169,ok,harsh|nat_105627169|harsh|rep4|seed20240909,0.7692
clean,,nan,nat_105627169,48808486030d86d26ad811df40509a68e77f10dba6c751c9c46a36dc4e95e77b,ce437da4856845a9,,55415aa8a4d7ef63,B2,16,16,7fe30b1136,1,natural:105627169,ok,clean|nat_105627169|clean|rep1|seed20240909,0.5162
clean,,nan,nat_105627169,48808486030d86d26ad811df40509a68e77f10dba6c751c9c46a36dc4e95e77b,ce437da4856845a9,,89d55894cf2ac105,B2,16,16,7fe30b1136,2,natural:105627169,ok,clean|nat_105627169|clean|rep2|seed20240909,0.55
clean,,nan,nat_105627169,48808486030d86d26ad811df40509a68e77f10dba6c751c9c46a36dc4e95e77b,ce437da4856845a9,,0f21f38526b61987,B2,16,16,7fe30b1136,3,natural:105627169,ok,clean|nat_105627169|clean|rep3|seed20240909,0.5272
clean,,nan,nat_105627169,48808486030d86d26ad811df40509a68e77f10dba6c751c9c46a36dc4e95e77b,ce437da4856845a9,,8b989a962cc262c6,B2,16,16,7fe30b1136,4,natural:105627169,ok,clean|nat_105627169|clean|rep4|seed20240909,0.5586
mild,,nan,nat_105627169,48808486030d86d26ad811df40509a68e77f10dba6c751c9c46a36dc4e95e77b,ce437da4856845a9,,49cef9d87e7737cc,B2,16,16,7fe30b1136,0,natural:105627169,ok,mild|nat_105627169|mild|rep0|seed20240909,0.7565
mild,,nan,nat_105627169,48808486030d86d26ad811df40509a68e77f10dba6c751c9c46a36dc4e95e77b,ce437da4856845a9,,3b6914add8757069,B2,16,16,7fe30b1136,1,natural:105627169,ok,mild|nat_105627169|mild|rep1|seed20240909,0.7569
mild,,nan,nat_105627169,48808486030d86d26ad811df40509a68e77f10dba6c751c9c46a36dc4e95e77b,ce437da4856845a9,,7f8fad37fdc1a12d,B2,16,16,7fe30b1136,2,natural:105627169,ok,mild|nat_105627169|mild|rep2|seed20240909,0.6743
mild,,nan,nat_105627169,48808486030d86d26ad811df40509a68e77f10dba6c751c9c46a36dc4e95e77b,ce437da4856845a9,,4b7d48c78a6b0e4b,B2,16,16,7fe30b1136,4,natural:105627169,ok,mild|nat_105627169|mild|rep4|seed20240909,0.7085
mild,,nan,nat_105627169,48808486030d86d26ad811df40509a68e77f10dba6c751c9c46a36dc4e95e77b,ce437da4856845a9,,5d99bebb50f4a736,B2,16,16,7fe30b1136,3,natural:105627169,ok,mild|nat_105627169|mild|rep3|seed20240909,0.734
moderate,,nan,nat_105627169,48808486030d86d26ad811df40509a68e77f10dba6c751c9c46a36dc4e95e77b,ce437da4856845a9,,2b7c9b39e738025e,B2,16,16,7fe30b1136,1,natural:105627169,ok,moderate|nat_105627169|moderate|rep1|seed20240909,0.779
moderate,,nan,nat_105627169,48808486030d86d26ad811df40509a68e77f10dba6c751c9c46a36dc4e95e77b,ce437da4856845a9,,753527d7f7bbf9f7,B2,16,16,7fe30b1136,0,natural:105627169,ok,moderate|nat_105627169|moderate|rep0|seed20240909,0.7931
moderate,,nan,nat_105627169,48808486030d86d26ad811df40509a68e77f10dba6c751c9c46a36dc4e95e77b,ce437da4856845a9,,923d7f273620b14f,B2,16,16,7fe30b1136,2,natural:105627169,ok,moderate|nat_105627169|moderate|rep2|seed20240909,0.7655
moderate,,nan,nat_105627169,48808486030d86d26ad811df40509a68e77f10dba6c751c9c46a36dc4e95e77b,ce437da4856845a9,,9c0cfcdecac3affc,B2,16,16,7fe30b1136,3,natural:105627169,ok,moderate|nat_105627169|moderate|rep3|seed20240909,0.7851
moderate,,nan,nat_105627169,48808486030d86d26ad811df40509a68e77f10dba6c751c9c46a36dc4e95e77b,ce437da4856845a9,,9db89e5003460809,B2,16,16,7fe30b1136,4,natural:105627169,ok,moderate|nat_105627169|moderate|rep4|seed20240909,0.7497
bursty,,nan,nat_105627169,48808486030d86d26ad811df40509a68e77f10dba6c751c9c46a36dc4e95e77b,ce437da4856845a9,,8b3ddfffae3734aa,B2,16,16,7fe30b1136,0,natural:105627169,ok,bursty|nat_105627169|bursty|rep0|seed20240909,0.7139
bursty,,nan,nat_105627169,48808486030d86d26ad811df40509a68e77f10dba6c751c9c46a36dc4e95e77b,ce437da4856845a9,,afbe3a68d247b529,B2,16,16,7fe30b1136,1,natural:105627169,ok,bursty|nat_105627169|bursty|rep1|seed20240909,0.7419
bursty,,nan,nat_105627169,48808486030d86d26ad811df40509a68e77f10dba6c751c9c46a36dc4e95e77b,ce437da4856845a9,,7b891c707662df32,B0d,16,16,7fe30b1136,4,natural:105627169,ok,bursty|nat_105627169|bursty|rep4|seed20240909,6.6122
bursty,,nan,nat_105627169,48808486030d86d26ad811df40509a68e77f10dba6c751c9c46a36dc4e95e77b,ce437da4856845a9,,47e01d78165bf854,B2,16,16,7fe30b1136,3,natural:105627169,ok,bursty|nat_105627169|bursty|rep3|seed20240909,0.686
bursty,,nan,nat_105627169,48808486030d86d26ad811df40509a68e77f10dba6c751c9c46a36dc4e95e77b,ce437da4856845a9,,c72a32cec79048a7,B2,16,16,7fe30b1136,4,natural:105627169,ok,bursty|nat_105627169|bursty|rep4|seed20240909,0.6834
bursty,,nan,nat_105627169,48808486030d86d26ad811df40509a68e77f10dba6c751c9c46a36dc4e95e77b,ce437da4856845a9,,5cca1ca2573825ef,B2,16,16,7fe30b1136,2,natural:105627169,ok,bursty|nat_105627169|bursty|rep2|seed20240909,0.7272
bursty,,nan,nat_105627169,48808486030d86d26ad811df40509a68e77f10dba6c751c9c46a36dc4e95e77b,ce437da4856845a9,,1e0190e3ed657141,B0d,16,16,7fe30b1136,3,natural:105627169,ok,bursty|nat_105627169|bursty|rep3|seed20240909,6.7191
harsh,,nan,nat_105627169,48808486030d86d26ad811df40509a68e77f10dba6c751c9c46a36dc4e95e77b,ce437da4856845a9,,ba865216b36c7b58,B2,16,16,7fe30b1136,0,natural:105627169,ok,harsh|nat_105627169|harsh|rep0|seed20240909,0.7197
harsh,,nan,nat_105627169,48808486030d86d26ad811df40509a68e77f10dba6c751c9c46a36dc4e95e77b,ce437da4856845a9,,5ebd859486248b54,B2,16,16,7fe30b1136,1,natural:105627169,ok,harsh|nat_105627169|harsh|rep1|seed20240909,0.7843
harsh,,nan,nat_105627169,48808486030d86d26ad811df40509a68e77f10dba6c751c9c46a36dc4e95e77b,ce437da4856845a9,,4386c1f2494dbc78,B2,16,16,7fe30b1136,2,natural:105627169,ok,harsh|nat_105627169|harsh|rep2|seed20240909,0.7278
harsh,,nan,nat_105627169,48808486030d86d26ad811df40509a68e77f10dba6c751c9c46a36dc4e95e77b,ce437da4856845a9,,393de4552be603f7,B2,16,16,7fe30b1136,4,natural:105627169,ok,harsh|nat_105627169|harsh|rep4|seed20240909,0.7417
harsh,,nan,nat_105627169,48808486030d86d26ad811df40509a68e77f10dba6c751c9c46a36dc4e95e77b,ce437da4856845a9,,247dc1e150536418,B2,16,16,7fe30b1136,3,natural:105627169,ok,harsh|nat_105627169|harsh|rep3|seed20240909,0.7661
bursty,,nan,nat_105627169,48808486030d86d26ad811df40509a68e77f10dba6c751c9c46a36dc4e95e77b,ce437da4856845a9,,94d8d351a104fd7a,B0d,16,16,7fe30b1136,2,natural:105627169,ok,bursty|nat_105627169|bursty|rep2|seed20240909,7.1355
bursty,,nan,nat_105627169,48808486030d86d26ad811df40509a68e77f10dba6c751c9c46a36dc4e95e77b,ce437da4856845a9,,7bf0cf2300d542c1,B0d,16,16,7fe30b1136,1,natural:105627169,ok,bursty|nat_105627169|bursty|rep1|seed20240909,7.655
clean,,nan,nat_105627169,48808486030d86d26ad811df40509a68e77f10dba6c751c9c46a36dc4e95e77b,ce437da4856845a9,,bf73527158897ed8,B3,16,16,7fe30b1136,0,natural:105627169,ok,clean|nat_105627169|clean|rep0|seed20240909,2.0231
clean,,nan,nat_105627169,48808486030d86d26ad811df40509a68e77f10dba6c751c9c46a36dc4e95e77b,ce437da4856845a9,,12b6fea7d043b344,B3,16,16,7fe30b1136,1,natural:105627169,ok,clean|nat_105627169|clean|rep1|seed20240909,2.0644
clean,,nan,nat_105627169,48808486030d86d26ad811df40509a68e77f10dba6c751c9c46a36dc4e95e77b,ce437da4856845a9,,a203f0d351760dc2,B3,16,16,7fe30b1136,2,natural:105627169,ok,clean|nat_105627169|clean|rep2|seed20240909,2.0727
clean,,nan,nat_105627169,48808486030d86d26ad811df40509a68e77f10dba6c751c9c46a36dc4e95e77b,ce437da4856845a9,,a0a4bf56830622d6,B3,16,16,7fe30b1136,3,natural:105627169,ok,clean|nat_105627169|clean|rep3|seed20240909,2.0599
clean,,nan,nat_105627169,48808486030d86d26ad811df40509a68e77f10dba6c751c9c46a36dc4e95e77b,ce437da4856845a9,,f653de550ad0e8cf,B3,16,16,7fe30b1136,4,natural:105627169,ok,clean|nat_105627169|clean|rep4|seed20240909,2.0728
mild,,nan,nat_105627169,48808486030d86d26ad811df40509a68e77f10dba6c751c9c46a36dc4e95e77b,ce437da4856845a9,,a1a182f548b15953,B3,16,16,7fe30b1136,0,natural:105627169,ok,mild|nat_105627169|mild|rep0|seed20240909,2.2149
mild,,nan,nat_105627169,48808486030d86d26ad811df40509a68e77f10dba6c751c9c46a36dc4e95e77b,ce437da4856845a9,,91af385c7e69bae4,B3,16,16,7fe30b1136,1,natural:105627169,ok,mild|nat_105627169|mild|rep1|seed20240909,2.2355
mild,,nan,nat_105627169,48808486030d86d26ad811df40509a68e77f10dba6c751c9c46a36dc4e95e77b,ce437da4856845a9,,d7f768064e6e686b,B3,16,16,7fe30b1136,3,natural:105627169,ok,mild|nat_105627169|mild|rep3|seed20240909,2.2828
mild,,nan,nat_105627169,48808486030d86d26ad811df40509a68e77f10dba6c751c9c46a36dc4e95e77b,ce437da4856845a9,,570be38af0fcf549,B3,16,16,7fe30b1136,4,natural:105627169,ok,mild|nat_105627169|mild|rep4|seed20240909,2.2064
mild,,nan,nat_105627169,48808486030d86d26ad811df40509a68e77f10dba6c751c9c46a36dc4e95e77b,ce437da4856845a9,,812bdabdf91c4cca,B3,16,16,7fe30b1136,2,natural:105627169,ok,mild|nat_105627169|mild|rep2|seed20240909,2.3274
moderate,,nan,nat_105627169,48808486030d86d26ad811df40509a68e77f10dba6c751c9c46a36dc4e95e77b,ce437da4856845a9,,a9c42df993b67b4c,B3,16,16,7fe30b1136,2,natural:105627169,ok,moderate|nat_105627169|moderate|rep2|seed20240909,2.4546
moderate,,nan,nat_105627169,48808486030d86d26ad811df40509a68e77f10dba6c751c9c46a36dc4e95e77b,ce437da4856845a9,,cf7ba97721c47e2f,B3,16,16,7fe30b1136,3,natural:105627169,ok,moderate|nat_105627169|moderate|rep3|seed20240909,2.5992
moderate,,nan,nat_105627169,48808486030d86d26ad811df40509a68e77f10dba6c751c9c46a36dc4e95e77b,ce437da4856845a9,,e35364bea0b24d95,B3,16,16,7fe30b1136,0,natural:105627169,ok,moderate|nat_105627169|moderate|rep0|seed20240909,2.67
moderate,,nan,nat_105627169,48808486030d86d26ad811df40509a68e77f10dba6c751c9c46a36dc4e95e77b,ce437da4856845a9,,274780c044a5091e,B3,16,16,7fe30b1136,1,natural:105627169,ok,moderate|nat_105627169|moderate|rep1|seed20240909,2.6585
moderate,,nan,nat_105627169,48808486030d86d26ad811df40509a68e77f10dba6c751c9c46a36dc4e95e77b,ce437da4856845a9,,db914a745df57ee6,B3,16,16,7fe30b1136,4,natural:105627169,ok,moderate|nat_105627169|moderate|rep4|seed20240909,2.5865
bursty,,nan,nat_105627169,48808486030d86d26ad811df40509a68e77f10dba6c751c9c46a36dc4e95e77b,ce437da4856845a9,,f268f29238fcaef7,B3,16,16,7fe30b1136,0,natural:105627169,ok,bursty|nat_105627169|bursty|rep0|seed20240909,2.6928
harsh,,nan,nat_105627169,48808486030d86d26ad811df40509a68e77f10dba6c751c9c46a36dc4e95e77b,ce437da4856845a9,,0baf481cbad919bd,B3,16,16,7fe30b1136,0,natural:105627169,ok,harsh|nat_105627169|harsh|rep0|seed20240909,1.8442
harsh,,nan,nat_105627169,48808486030d86d26ad811df40509a68e77f10dba6c751c9c46a36dc4e95e77b,ce437da4856845a9,,18e3baa25a1a6ff9,B3,16,16,7fe30b1136,1,natural:105627169,ok,harsh|nat_105627169|harsh|rep1|seed20240909,1.9189
bursty,,nan,nat_105627169,48808486030d86d26ad811df40509a68e77f10dba6c751c9c46a36dc4e95e77b,ce437da4856845a9,,3576e40721c4b248,B3,16,16,7fe30b1136,1,natural:105627169,ok,bursty|nat_105627169|bursty|rep1|seed20240909,2.6482
harsh,,nan,nat_105627169,48808486030d86d26ad811df40509a68e77f10dba6c751c9c46a36dc4e95e77b,ce437da4856845a9,,1c662070a90fb175,B3,16,16,7fe30b1136,4,natural:105627169,ok,harsh|nat_105627169|harsh|rep4|seed20240909,1.8775
bursty,,nan,nat_105627169,48808486030d86d26ad811df40509a68e77f10dba6c751c9c46a36dc4e95e77b,ce437da4856845a9,,4968c75cdead2c56,B3,16,16,7fe30b1136,2,natural:105627169,ok,bursty|nat_105627169|bursty|rep2|seed20240909,2.5434
harsh,,nan,nat_105627169,48808486030d86d26ad811df40509a68e77f10dba6c751c9c46a36dc4e95e77b,ce437da4856845a9,,c82348764cb94adb,B3,16,16,7fe30b1136,2,natural:105627169,ok,harsh|nat_105627169|harsh|rep2|seed20240909,2.0231
harsh,,nan,nat_105627169,48808486030d86d26ad811df40509a68e77f10dba6c751c9c46a36dc4e95e77b,ce437da4856845a9,,df52d6b44ea5ce21,B3,16,16,7fe30b1136,3,natural:105627169,ok,harsh|nat_105627169|harsh|rep3|seed20240909,1.9795
bursty,,nan,nat_105627169,48808486030d86d26ad811df40509a68e77f10dba6c751c9c46a36dc4e95e77b,ce437da4856845a9,,5da937db5a2771e4,B3,16,16,7fe30b1136,4,natural:105627169,ok,bursty|nat_105627169|bursty|rep4|seed20240909,2.4252
bursty,,nan,nat_105627169,48808486030d86d26ad811df40509a68e77f10dba6c751c9c46a36dc4e95e77b,ce437da4856845a9,,0d5c498383ff9081,B3,16,16,7fe30b1136,3,natural:105627169,ok,bursty|nat_105627169|bursty|rep3|seed20240909,2.5703
clean,,nan,nat_105627169,48808486030d86d26ad811df40509a68e77f10dba6c751c9c46a36dc4e95e77b,ce437da4856845a9,,7e2578fe165dce99,B4,16,16,7fe30b1136,0,natural:105627169,ok,clean|nat_105627169|clean|rep0|seed20240909,5.0075
clean,,nan,nat_105627169,48808486030d86d26ad811df40509a68e77f10dba6c751c9c46a36dc4e95e77b,ce437da4856845a9,,3fdb31cc27e487f2,B4,16,16,7fe30b1136,1,natural:105627169,ok,clean|nat_105627169|clean|rep1|seed20240909,4.9893
clean,,nan,nat_105627169,48808486030d86d26ad811df40509a68e77f10dba6c751c9c46a36dc4e95e77b,ce437da4856845a9,,9f0ad2cddf8f280e,B4,16,16,7fe30b1136,4,natural:105627169,ok,clean|nat_105627169|clean|rep4|seed20240909,4.9351
clean,,nan,nat_105627169,48808486030d86d26ad811df40509a68e77f10dba6c751c9c46a36dc4e95e77b,ce437da4856845a9,,00aa271fb16a803d,B4,16,16,7fe30b1136,2,natural:105627169,ok,clean|nat_105627169|clean|rep2|seed20240909,5.0189
clean,,nan,nat_105627169,48808486030d86d26ad811df40509a68e77f10dba6c751c9c46a36dc4e95e77b,ce437da4856845a9,,54a45c3f35e66d02,B4,16,16,7fe30b1136,3,natural:105627169,ok,clean|nat_105627169|clean|rep3|seed20240909,5.0425
mild,,nan,nat_105627169,48808486030d86d26ad811df40509a68e77f10dba6c751c9c46a36dc4e95e77b,ce437da4856845a9,,331b11c47ebac069,B4,16,16,7fe30b1136,0,natural:105627169,ok,mild|nat_105627169|mild|rep0|seed20240909,5.2231
mild,,nan,nat_105627169,48808486030d86d26ad811df40509a68e77f10dba6c751c9c46a36dc4e95e77b,ce437da4856845a9,,cfb3c60052743432,B4,16,16,7fe30b1136,1,natural:105627169,ok,mild|nat_105627169|mild|rep1|seed20240909,5.2457
mild,,nan,nat_105627169,48808486030d86d26ad811df40509a68e77f10dba6c751c9c46a36dc4e95e77b,ce437da4856845a9,,ca680a12f7329258,B4,16,16,7fe30b1136,2,natural:105627169,ok,mild|nat_105627169|mild|rep2|seed20240909,5.2843
mild,,nan,nat_105627169,48808486030d86d26ad811df40509a68e77f10dba6c751c9c46a36dc4e95e77b,ce437da4856845a9,,ff8d9a26ae72f77e,B4,16,16,7fe30b1136,3,natural:105627169,ok,mild|nat_105627169|mild|rep3|seed20240909,5.3796
mild,,nan,nat_105627169,48808486030d86d26ad811df40509a68e77f10dba6c751c9c46a36dc4e95e77b,ce437da4856845a9,,46e387b65e7e168f,B4,16,16,7fe30b1136,4,natural:105627169,ok,mild|nat_105627169|mild|rep4|seed20240909,5.3296
harsh,,nan,nat_105627169,48808486030d86d26ad811df40509a68e77f10dba6c751c9c46a36dc4e95e77b,ce437da4856845a9,,e24d3359b60d5cd5,B4,16,16,7fe30b1136,0,natural:105627169,ok,harsh|nat_105627169|harsh|rep0|seed20240909,3.311
harsh,,nan,nat_105627169,48808486030d86d26ad811df40509a68e77f10dba6c751c9c46a36dc4e95e77b,ce437da4856845a9,,553068c50abb6aca,B4,16,16,7fe30b1136,1,natural:105627169,ok,harsh|nat_105627169|harsh|rep1|seed20240909,3.3214
harsh,,nan,nat_105627169,48808486030d86d26ad811df40509a68e77f10dba6c751c9c46a36dc4e95e77b,ce437da4856845a9,,10fc2edc84070855,B4,16,16,7fe30b1136,2,natural:105627169,ok,harsh|nat_105627169|harsh|rep2|seed20240909,3.3025
harsh,,nan,nat_105627169,48808486030d86d26ad811df40509a68e77f10dba6c751c9c46a36dc4e95e77b,ce437da4856845a9,,1f00d521995a8e8d,B4,16,16,7fe30b1136,3,natural:105627169,ok,harsh|nat_105627169|harsh|rep3|seed20240909,3.3828
harsh,,nan,nat_105627169,48808486030d86d26ad811df40509a68e77f10dba6c751c9c46a36dc4e95e77b,ce437da4856845a9,,ea55763c3fe11604,B4,16,16,7fe30b1136,4,natural:105627169,ok,harsh|nat_105627169|harsh|rep4|seed20240909,3.114
moderate,,nan,nat_105627169,48808486030d86d26ad811df40509a68e77f10dba6c751c9c46a36dc4e95e77b,ce437da4856845a9,,98a1611926294ccd,B4,16,16,7fe30b1136,2,natural:105627169,ok,moderate|nat_105627169|moderate|rep2|seed20240909,8.3786
moderate,,nan,nat_105627169,48808486030d86d26ad811df40509a68e77f10dba6c751c9c46a36dc4e95e77b,ce437da4856845a9,,a3ebf6062892497e,B4,16,16,7fe30b1136,4,natural:105627169,ok,moderate|nat_105627169|moderate|rep4|seed20240909,8.7393
moderate,,nan,nat_105627169,48808486030d86d26ad811df40509a68e77f10dba6c751c9c46a36dc4e95e77b,ce437da4856845a9,,4bfb3c944cfebd8f,B4,16,16,7fe30b1136,3,natural:105627169,ok,moderate|nat_105627169|moderate|rep3|seed20240909,8.8143
moderate,,nan,nat_105627169,48808486030d86d26ad811df40509a68e77f10dba6c751c9c46a36dc4e95e77b,ce437da4856845a9,,d20096d94dca4d2b,B4,16,16,7fe30b1136,0,natural:105627169,ok,moderate|nat_105627169|moderate|rep0|seed20240909,8.8903
moderate,,nan,nat_105627169,48808486030d86d26ad811df40509a68e77f10dba6c751c9c46a36dc4e95e77b,ce437da4856845a9,,d942f2da9c958254,B4,16,16,7fe30b1136,1,natural:105627169,ok,moderate|nat_105627169|moderate|rep1|seed20240909,8.9553
bursty,,nan,nat_105627169,48808486030d86d26ad811df40509a68e77f10dba6c751c9c46a36dc4e95e77b,ce437da4856845a9,,e3cf0ce337797e76,B4,16,16,7fe30b1136,0,natural:105627169,ok,bursty|nat_105627169|bursty|rep0|seed20240909,9.0301
clean,,nan,nat_105627169,48808486030d86d26ad811df40509a68e77f10dba6c751c9c46a36dc4e95e77b,ce437da4856845a9,,c49e11ad41d78d25,B4t,16,16,7e31e8b9ec,0,natural:105627169,ok,clean|nat_105627169|clean|rep0|seed20240909,5.617
bursty,,nan,nat_105627169,48808486030d86d26ad811df40509a68e77f10dba6c751c9c46a36dc4e95e77b,ce437da4856845a9,,bf506e240ee71581,B4,16,16,7fe30b1136,3,natural:105627169,ok,bursty|nat_105627169|bursty|rep3|seed20240909,7.543
bursty,,nan,nat_105627169,48808486030d86d26ad811df40509a68e77f10dba6c751c9c46a36dc4e95e77b,ce437da4856845a9,,591e8cf9901cc29d,B4,16,16,7fe30b1136,4,natural:105627169,ok,bursty|nat_105627169|bursty|rep4|seed20240909,8.032
bursty,,nan,nat_105627169,48808486030d86d26ad811df40509a68e77f10dba6c751c9c46a36dc4e95e77b,ce437da4856845a9,,0a83e1e16e528a34,B4,16,16,7fe30b1136,2,natural:105627169,ok,bursty|nat_105627169|bursty|rep2|seed20240909,8.2826
bursty,,nan,nat_105627169,48808486030d86d26ad811df40509a68e77f10dba6c751c9c46a36dc4e95e77b,ce437da4856845a9,,b8509b2280831562,B4,16,16,7fe30b1136,1,natural:105627169,ok,bursty|nat_105627169|bursty|rep1|seed20240909,9.0877
clean,,nan,nat_105627169,48808486030d86d26ad811df40509a68e77f10dba6c751c9c46a36dc4e95e77b,ce437da4856845a9,,cb48b7180a1aa0a7,B4t,16,16,7e31e8b9ec,1,natural:105627169,ok,clean|nat_105627169|clean|rep1|seed20240909,5.5361
clean,,nan,nat_105627169,48808486030d86d26ad811df40509a68e77f10dba6c751c9c46a36dc4e95e77b,ce437da4856845a9,,b16ae70c2af928c1,B4t,16,16,7e31e8b9ec,2,natural:105627169,ok,clean|nat_105627169|clean|rep2|seed20240909,5.5036
clean,,nan,nat_105627169,48808486030d86d26ad811df40509a68e77f10dba6c751c9c46a36dc4e95e77b,ce437da4856845a9,,4a588a016950756a,B4t,16,16,7e31e8b9ec,3,natural:105627169,ok,clean|nat_105627169|clean|rep3|seed20240909,5.5666
clean,,nan,nat_105627169,48808486030d86d26ad811df40509a68e77f10dba6c751c9c46a36dc4e95e77b,ce437da4856845a9,,922ea8b797e40542,B4t,16,16,7e31e8b9ec,4,natural:105627169,ok,clean|nat_105627169|clean|rep4|seed20240909,5.5893
mild,,nan,nat_105627169,48808486030d86d26ad811df40509a68e77f10dba6c751c9c46a36dc4e95e77b,ce437da4856845a9,,fff8a398b8b9905d,B4t,16,16,7e31e8b9ec,0,natural:105627169,ok,mild|nat_105627169|mild|rep0|seed20240909,5.8388
mild,,nan,nat_105627169,48808486030d86d26ad811df40509a68e77f10dba6c751c9c46a36dc4e95e77b,ce437da4856845a9,,daf4a98b3092a9b3,B4t,16,16,7e31e8b9ec,1,natural:105627169,ok,mild|nat_105627169|mild|rep1|seed20240909,5.9022
mild,,nan,nat_105627169,48808486030d86d26ad811df40509a68e77f10dba6c751c9c46a36dc4e95e77b,ce437da4856845a9,,632741b494c794c4,B4t,16,16,7e31e8b9ec,2,natural:105627169,ok,mild|nat_105627169|mild|rep2|seed20240909,5.8742
mild,,nan,nat_105627169,48808486030d86d26ad811df40509a68e77f10dba6c751c9c46a36dc4e95e77b,ce437da4856845a9,,9924ce75d987e7ed,B4t,16,16,7e31e8b9ec,4,natural:105627169,ok,mild|nat_105627169|mild|rep4|seed20240909,5.8324
mild,,nan,nat_105627169,48808486030d86d26ad811df40509a68e77f10dba6c751c9c46a36dc4e95e77b,ce437da4856845a9,,2403b0a336f53fd5,B4t,16,16,7e31e8b9ec,3,natural:105627169,ok,mild|nat_105627169|mild|rep3|seed20240909,5.8708
harsh,,nan,nat_105627169,48808486030d86d26ad811df40509a68e77f10dba6c751c9c46a36dc4e95e77b,ce437da4856845a9,,517ed457c3e55515,B4t,16,16,7e31e8b9ec,0,natural:105627169,ok,harsh|nat_105627169|harsh|rep0|seed20240909,3.4199
harsh,,nan,nat_105627169,48808486030d86d26ad811df40509a68e77f10dba6c751c9c46a36dc4e95e77b,ce437da4856845a9,,15994030ed961dae,B4t,16,16,7e31e8b9ec,1,natural:105627169,ok,harsh|nat_105627169|harsh|rep1|seed20240909,3.356
harsh,,nan,nat_105627169,48808486030d86d26ad811df40509a68e77f10dba6c751c9c46a36dc4e95e77b,ce437da4856845a9,,58f6dddc0b954c73,B4t,16,16,7e31e8b9ec,2,natural:105627169,ok,harsh|nat_105627169|harsh|rep2|seed20240909,3.3782
harsh,,nan,nat_105627169,48808486030d86d26ad811df40509a68e77f10dba6c751c9c46a36dc4e95e77b,ce437da4856845a9,,255195884ccb0cb3,B4t,16,16,7e31e8b9ec,4,natural:105627169,ok,harsh|nat_105627169|harsh|rep4|seed20240909,3.2825
harsh,,nan,nat_105627169,48808486030d86d26ad811df40509a68e77f10dba6c751c9c46a36dc4e95e77b,ce437da4856845a9,,7eb3376712857760,B4t,16,16,7e31e8b9ec,3,natural:105627169,ok,harsh|nat_105627169|harsh|rep3|seed20240909,3.3577
moderate,,nan,nat_105627169,48808486030d86d26ad811df40509a68e77f10dba6c751c9c46a36dc4e95e77b,ce437da4856845a9,,2884ef4c16e387fb,B4t,16,16,7e31e8b9ec,0,natural:105627169,ok,moderate|nat_105627169|moderate|rep0|seed20240909,10.3565
moderate,,nan,nat_105627169,48808486030d86d26ad811df40509a68e77f10dba6c751c9c46a36dc4e95e77b,ce437da4856845a9,,c5d82cf3e991c97b,B4t,16,16,7e31e8b9ec,1,natural:105627169,ok,moderate|nat_105627169|moderate|rep1|seed20240909,10.6693
moderate,,nan,nat_105627169,48808486030d86d26ad811df40509a68e77f10dba6c751c9c46a36dc4e95e77b,ce437da4856845a9,,38af4f80a43dce5b,B4t,16,16,7e31e8b9ec,2,natural:105627169,ok,moderate|nat_105627169|moderate|rep2|seed20240909,10.226
moderate,,nan,nat_105627169,48808486030d86d26ad811df40509a68e77f10dba6c751c9c46a36dc4e95e77b,ce437da4856845a9,,1066d794e7653602,B4t,16,16,7e31e8b9ec,3,natural:105627169,ok,moderate|nat_105627169|moderate|rep3|seed20240909,10.6311
moderate,,nan,nat_105627169,48808486030d86d26ad811df40509a68e77f10dba6c751c9c46a36dc4e95e77b,ce437da4856845a9,,c2b96c18e46ef486,B4t,16,16,7e31e8b9ec,4,natural:105627169,ok,moderate|nat_105627169|moderate|rep4|seed20240909,10.5316
bursty,,nan,nat_105627169,48808486030d86d26ad811df40509a68e77f10dba6c751c9c46a36dc4e95e77b,ce437da4856845a9,,4053ddf77f01fe6a,B4t,16,16,7e31e8b9ec,0,natural:105627169,ok,bursty|nat_105627169|bursty|rep0|seed20240909,11.2784
clean,,nan,nat_105627169,48808486030d86d26ad811df40509a68e77f10dba6c751c9c46a36dc4e95e77b,ce437da4856845a9,,70090f90d4720803,P,16,16,f6706417e8,0,natural:105627169,ok,clean|nat_105627169|clean|rep0|seed20240909,8.2811
bursty,,nan,nat_105627169,48808486030d86d26ad811df40509a68e77f10dba6c751c9c46a36dc4e95e77b,ce437da4856845a9,,f955802e6eb8e905,B4t,16,16,7e31e8b9ec,2,natural:105627169,ok,bursty|nat_105627169|bursty|rep2|seed20240909,10.5125
bursty,,nan,nat_105627169,48808486030d86d26ad811df40509a68e77f10dba6c751c9c46a36dc4e95e77b,ce437da4856845a9,,a51c2a12568aecf9,B4t,16,16,7e31e8b9ec,1,natural:105627169,ok,bursty|nat_105627169|bursty|rep1|seed20240909,11.6274
bursty,,nan,nat_105627169,48808486030d86d26ad811df40509a68e77f10dba6c751c9c46a36dc4e95e77b,ce437da4856845a9,,f1eb0f7147a18970,B4t,16,16,7e31e8b9ec,3,natural:105627169,ok,bursty|nat_105627169|bursty|rep3|seed20240909,11.165
bursty,,nan,nat_105627169,48808486030d86d26ad811df40509a68e77f10dba6c751c9c46a36dc4e95e77b,ce437da4856845a9,,96bb54a28ee76fad,B4t,16,16,7e31e8b9ec,4,natural:105627169,ok,bursty|nat_105627169|bursty|rep4|seed20240909,10.6336
clean,,nan,nat_105627169,48808486030d86d26ad811df40509a68e77f10dba6c751c9c46a36dc4e95e77b,ce437da4856845a9,,5e7395e1b70e9548,P,16,16,f6706417e8,1,natural:105627169,ok,clean|nat_105627169|clean|rep1|seed20240909,8.2813
clean,,nan,nat_105627169,48808486030d86d26ad811df40509a68e77f10dba6c751c9c46a36dc4e95e77b,ce437da4856845a9,,9d6a4f9ddceb5f09,P,16,16,f6706417e8,2,natural:105627169,ok,clean|nat_105627169|clean|rep2|seed20240909,8.1938
clean,,nan,nat_105627169,48808486030d86d26ad811df40509a68e77f10dba6c751c9c46a36dc4e95e77b,ce437da4856845a9,,354c18ec494725e8,P,16,16,f6706417e8,3,natural:105627169,ok,clean|nat_105627169|clean|rep3|seed20240909,8.143
clean,,nan,nat_105627169,48808486030d86d26ad811df40509a68e77f10dba6c751c9c46a36dc4e95e77b,ce437da4856845a9,,1415d8f019de4bf1,P,16,16,f6706417e8,4,natural:105627169,ok,clean|nat_105627169|clean|rep4|seed20240909,8.2753
mild,,nan,nat_105627169,48808486030d86d26ad811df40509a68e77f10dba6c751c9c46a36dc4e95e77b,ce437da4856845a9,,b781d88b736aa374,P,16,16,f6706417e8,0,natural:105627169,ok,mild|nat_105627169|mild|rep0|seed20240909,8.7035
mild,,nan,nat_105627169,48808486030d86d26ad811df40509a68e77f10dba6c751c9c46a36dc4e95e77b,ce437da4856845a9,,8bcbc91468885e9c,P,16,16,f6706417e8,1,natural:105627169,ok,mild|nat_105627169|mild|rep1|seed20240909,8.7334
mild,,nan,nat_105627169,48808486030d86d26ad811df40509a68e77f10dba6c751c9c46a36dc4e95e77b,ce437da4856845a9,,e549dddfcee8f0a9,P,16,16,f6706417e8,2,natural:105627169,ok,mild|nat_105627169|mild|rep2|seed20240909,8.6645
mild,,nan,nat_105627169,48808486030d86d26ad811df40509a68e77f10dba6c751c9c46a36dc4e95e77b,ce437da4856845a9,,9f7123892d0f2cfe,P,16,16,f6706417e8,3,natural:105627169,ok,mild|nat_105627169|mild|rep3|seed20240909,8.6289
mild,,nan,nat_105627169,48808486030d86d26ad811df40509a68e77f10dba6c751c9c46a36dc4e95e77b,ce437da4856845a9,,d22faf2374c5a819,P,16,16,f6706417e8,4,natural:105627169,ok,mild|nat_105627169|mild|rep4|seed20240909,8.7187
clean,,nan,nat_106651461,1d19d1edba9feb1a52bf348e7299d759383824d4c758417d55045749cf110f36,ce437da4856845a9,,7dcfc4e63b9e194c,B0a,16,16,7fe30b1136,0,natural:106651461,ok,clean|nat_106651461|clean|rep0|seed20240909,0.4275
harsh,,nan,nat_105627169,48808486030d86d26ad811df40509a68e77f10dba6c751c9c46a36dc4e95e77b,ce437da4856845a9,,bef8126c9ca65b05,P,16,16,f6706417e8,0,natural:105627169,ok,harsh|nat_105627169|harsh|rep0|seed20240909,4.9925
clean,,nan,nat_106651461,1d19d1edba9feb1a52bf348e7299d759383824d4c758417d55045749cf110f36,ce437da4856845a9,,eb739c0d823caeac,B0a,16,16,7fe30b1136,1,natural:106651461,ok,clean|nat_106651461|clean|rep1|seed20240909,0.4444
harsh,,nan,nat_105627169,48808486030d86d26ad811df40509a68e77f10dba6c751c9c46a36dc4e95e77b,ce437da4856845a9,,46df4c7260996dc1,P,16,16,f6706417e8,1,natural:105627169,ok,harsh|nat_105627169|harsh|rep1|seed20240909,4.9278
clean,,nan,nat_106651461,1d19d1edba9feb1a52bf348e7299d759383824d4c758417d55045749cf110f36,ce437da4856845a9,,661c82f3d9660d56,B0a,16,16,7fe30b1136,2,natural:106651461,ok,clean|nat_106651461|clean|rep2|seed20240909,0.4987
clean,,nan,nat_106651461,1d19d1edba9feb1a52bf348e7299d759383824d4c758417d55045749cf110f36,ce437da4856845a9,,92db644dc26fc3cc,B0a,16,16,7fe30b1136,3,natural:106651461,ok,clean|nat_106651461|clean|rep3|seed20240909,0.4489
clean,,nan,nat_106651461,1d19d1edba9feb1a52bf348e7299d759383824d4c758417d55045749cf110f36,ce437da4856845a9,,6b45acada00095f4,B0a,16,16,7fe30b1136,4,natural:106651461,ok,clean|nat_106651461|clean|rep4|seed20240909,0.4955
mild,,nan,nat_106651461,1d19d1edba9feb1a52bf348e7299d759383824d4c758417d55045749cf110f36,ce437da4856845a9,,814884cfbfe269b9,B0a,16,16,7fe30b1136,1,natural:106651461,ok,mild|nat_106651461|mild|rep1|seed20240909,0.5909
mild,,nan,nat_106651461,1d19d1edba9feb1a52bf348e7299d759383824d4c758417d55045749cf110f36,ce437da4856845a9,,77cc37ae8c7a8de7,B0a,16,16,7fe30b1136,0,natural:106651461,ok,mild|nat_106651461|mild|rep0|seed20240909,0.6402
mild,,nan,nat_106651461,1d19d1edba9feb1a52bf348e7299d759383824d4c758417d55045749cf110f36,ce437da4856845a9,,e1c42087971c2785,B0a,16,16,7fe30b1136,2,natural:106651461,ok,mild|nat_106651461|mild|rep2|seed20240909,0.6075
mild,,nan,nat_106651461,1d19d1edba9feb1a52bf348e7299d759383824d4c758417d55045749cf110f36,ce437da4856845a9,,52a2df05bac56be4,B0a,16,16,7fe30b1136,3,natural:106651461,ok,mild|nat_106651461|mild|rep3|seed20240909,0.608
harsh,,nan,nat_105627169,48808486030d86d26ad811df40509a68e77f10dba6c751c9c46a36dc4e95e77b,ce437da4856845a9,,21e6bc9c660604d4,P,16,16,f6706417e8,2,natural:105627169,ok,harsh|nat_105627169|harsh|rep2|seed20240909,4.9856
mild,,nan,nat_106651461,1d19d1edba9feb1a52bf348e7299d759383824d4c758417d55045749cf110f36,ce437da4856845a9,,5296b344cf85dbda,B0a,16,16,7fe30b1136,4,natural:106651461,ok,mild|nat_106651461|mild|rep4|seed20240909,0.6602
moderate,,nan,nat_106651461,1d19d1edba9feb1a52bf348e7299d759383824d4c758417d55045749cf110f36,ce437da4856845a9,,9ac732b751181574,B0a,16,16,7fe30b1136,0,natural:106651461,ok,moderate|nat_106651461|moderate|rep0|seed20240909,0.6193
harsh,,nan,nat_105627169,48808486030d86d26ad811df40509a68e77f10dba6c751c9c46a36dc4e95e77b,ce437da4856845a9,,c2f2c7f9be10b9d5,P,16,16,f6706417e8,3,natural:105627169,ok,harsh|nat_105627169|harsh|rep3|seed20240909,5.0186
moderate,,nan,nat_106651461,1d19d1edba9feb1a52bf348e7299d759383824d4c758417d55045749cf110f36,ce437da4856845a9,,6f52b710713ce217,B0a,16,16,7fe30b1136,1,natural:106651461,ok,moderate|nat_106651461|moderate|rep1|seed20240909,0.6543
moderate,,nan,nat_106651461,1d19d1edba9feb1a52bf348e7299d759383824d4c758417d55045749cf110f36,ce437da4856845a9,,3c34da20eddc312c,B0a,16,16,7fe30b1136,3,natural:106651461,ok,moderate|nat_106651461|moderate|rep3|seed20240909,0.6152
moderate,,nan,nat_106651461,1d19d1edba9feb1a52bf348e7299d759383824d4c758417d55045749cf110f36,ce437da4856845a9,,3ac9f5169f4b43c5,B0a,16,16,7fe30b1136,2,natural:106651461,ok,moderate|nat_106651461|moderate|rep2|seed20240909,0.7322
moderate,,nan,nat_106651461,1d19d1edba9feb1a52bf348e7299d759383824d4c758417d55045749cf110f36,ce437da4856845a9,,a05e0605a836e1dd,B0a,16,16,7fe30b1136,4,natural:106651461,ok,moderate|nat_106651461|moderate|rep4|seed20240909,0.6543
bursty,,nan,nat_106651461,1d19d1edba9feb1a52bf348e7299d759383824d4c758417d55045749cf110f36,ce437da4856845a9,,9603ae0d231b769b,B0a,16,16,7fe30b1136,0,natural:106651461,ok,bursty|nat_106651461|bursty|rep0|seed20240909,0.6455
bursty,,nan,nat_106651461,1d19d1edba9feb1a52bf348e7299d759383824d4c758417d55045749cf110f36,ce437da4856845a9,,f94282c8b8452a12,B0a,16,16,7fe30b1136,1,natural:106651461,ok,bursty|nat_106651461|bursty|rep1|seed20240909,0.5726
bursty,,nan,nat_106651461,1d19d1edba9feb1a52bf348e7299d759383824d4c758417d55045749cf110f36,ce437da4856845a9,,15a694a8282d927b,B0a,16,16,7fe30b1136,2,natural:106651461,ok,bursty|nat_106651461|bursty|rep2|seed20240909,0.6186
bursty,,nan,nat_106651461,1d19d1edba9feb1a52bf348e7299d759383824d4c758417d55045749cf110f36,ce437da4856845a9,,1f906195a463eae8,B0a,16,16,7fe30b1136,3,natural:106651461,ok,bursty|nat_106651461|bursty|rep3|seed20240909,0.7098
harsh,,nan,nat_105627169,48808486030d86d26ad811df40509a68e77f10dba6c751c9c46a36dc4e95e77b,ce437da4856845a9,,da22c6f76a7524e1,P,16,16,f6706417e8,4,natural:105627169,ok,harsh|nat_105627169|harsh|rep4|seed20240909,4.9317
bursty,,nan,nat_106651461,1d19d1edba9feb1a52bf348e7299d759383824d4c758417d55045749cf110f36,ce437da4856845a9,,5ae70d826f5009b8,B0a,16,16,7fe30b1136,4,natural:106651461,ok,bursty|nat_106651461|bursty|rep4|seed20240909,0.665
harsh,,nan,nat_106651461,1d19d1edba9feb1a52bf348e7299d759383824d4c758417d55045749cf110f36,ce437da4856845a9,,7b7221488b79b9f3,B0a,16,16,7fe30b1136,0,natural:106651461,ok,harsh|nat_106651461|harsh|rep0|seed20240909,0.7004
harsh,,nan,nat_106651461,1d19d1edba9feb1a52bf348e7299d759383824d4c758417d55045749cf110f36,ce437da4856845a9,,93168122ef917996,B0a,16,16,7fe30b1136,1,natural:106651461,ok,harsh|nat_106651461|harsh|rep1|seed20240909,0.7593
harsh,,nan,nat_106651461,1d19d1edba9feb1a52bf348e7299d759383824d4c758417d55045749cf110f36,ce437da4856845a9,,3958ea3929d9757c,B0a,16,16,7fe30b1136,2,natural:106651461,ok,harsh|nat_106651461|harsh|rep2|seed20240909,0.703
harsh,,nan,nat_106651461,1d19d1edba9feb1a52bf348e7299d759383824d4c758417d55045749cf110f36,ce437da4856845a9,,be0bef3844c6c216,B0a,16,16,7fe30b1136,3,natural:106651461,ok,harsh|nat_106651461|harsh|rep3|seed20240909,0.6718
harsh,,nan,nat_106651461,1d19d1edba9feb1a52bf348e7299d759383824d4c758417d55045749cf110f36,ce437da4856845a9,,0be77a64b0fbceee,B0a,16,16,7fe30b1136,4,natural:106651461,ok,harsh|nat_106651461|harsh|rep4|seed20240909,0.6881
clean,,nan,nat_106651461,1d19d1edba9feb1a52bf348e7299d759383824d4c758417d55045749cf110f36,ce437da4856845a9,,523e1525fb02b5c4,B0a-R,16,16,7fe30b1136,0,natural:106651461,ok,clean|nat_106651461|clean|rep0|seed20240909,1.1687
clean,,nan,nat_106651461,1d19d1edba9feb1a52bf348e7299d759383824d4c758417d55045749cf110f36,ce437da4856845a9,,8e15d76951fbe91b,B0a-R,16,16,7fe30b1136,1,natural:106651461,ok,clean|nat_106651461|clean|rep1|seed20240909,1.2807
clean,,nan,nat_106651461,1d19d1edba9feb1a52bf348e7299d759383824d4c758417d55045749cf110f36,ce437da4856845a9,,02248aaf22f56715,B0a-R,16,16,7fe30b1136,2,natural:106651461,ok,clean|nat_106651461|clean|rep2|seed20240909,1.2325
clean,,nan,nat_106651461,1d19d1edba9feb1a52bf348e7299d759383824d4c758417d55045749cf110f36,ce437da4856845a9,,82d35b4d6c769856,B0a-R,16,16,7fe30b1136,3,natural:106651461,ok,clean|nat_106651461|clean|rep3|seed20240909,1.215
clean,,nan,nat_106651461,1d19d1edba9feb1a52bf348e7299d759383824d4c758417d55045749cf110f36,ce437da4856845a9,,cc662159719e0a56,B0a-R,16,16,7fe30b1136,4,natural:106651461,ok,clean|nat_106651461|clean|rep4|seed20240909,1.2645
mild,,nan,nat_106651461,1d19d1edba9feb1a52bf348e7299d759383824d4c758417d55045749cf110f36,ce437da4856845a9,,d313f7a95e83b857,B0a-R,16,16,7fe30b1136,0,natural:106651461,ok,mild|nat_106651461|mild|rep0|seed20240909,1.8504
mild,,nan,nat_106651461,1d19d1edba9feb1a52bf348e7299d759383824d4c758417d55045749cf110f36,ce437da4856845a9,,9f6ce971e948ea94,B0a-R,16,16,7fe30b1136,1,natural:106651461,ok,mild|nat_106651461|mild|rep1|seed20240909,1.7757
mild,,nan,nat_106651461,1d19d1edba9feb1a52bf348e7299d759383824d4c758417d55045749cf110f36,ce437da4856845a9,,5c31066843f87082,B0a-R,16,16,7fe30b1136,3,natural:106651461,ok,mild|nat_106651461|mild|rep3|seed20240909,1.6305
mild,,nan,nat_106651461,1d19d1edba9feb1a52bf348e7299d759383824d4c758417d55045749cf110f36,ce437da4856845a9,,4ff8742127eba040,B0a-R,16,16,7fe30b1136,2,natural:106651461,ok,mild|nat_106651461|mild|rep2|seed20240909,1.7522
mild,,nan,nat_106651461,1d19d1edba9feb1a52bf348e7299d759383824d4c758417d55045749cf110f36,ce437da4856845a9,,1d5deffd526a9e06,B0a-R,16,16,7fe30b1136,4,natural:106651461,ok,mild|nat_106651461|mild|rep4|seed20240909,1.7518
moderate,,nan,nat_105627169,48808486030d86d26ad811df40509a68e77f10dba6c751c9c46a36dc4e95e77b,ce437da4856845a9,,d5ac738601dfd1d3,P,16,16,f6706417e8,0,natural:105627169,ok,moderate|nat_105627169|moderate|rep0|seed20240909,15.8152
moderate,,nan,nat_106651461,1d19d1edba9feb1a52bf348e7299d759383824d4c758417d55045749cf110f36,ce437da4856845a9,,0f98a03cec8e67bd,B0a-R,16,16,7fe30b1136,0,natural:106651461,ok,moderate|nat_106651461|moderate|rep0|seed20240909,1.9087
moderate,,nan,nat_105627169,48808486030d86d26ad811df40509a68e77f10dba6c751c9c46a36dc4e95e77b,ce437da4856845a9,,91b9717472b9ab0e,P,16,16,f6706417e8,2,natural:105627169,ok,moderate|nat_105627169|moderate|rep2|seed20240909,15.6068
moderate,,nan,nat_105627169,48808486030d86d26ad811df40509a68e77f10dba6c751c9c46a36dc4e95e77b,ce437da4856845a9,,6a345bdaa1c6eae0,P,16,16,f6706417e8,1,natural:105627169,ok,moderate|nat_105627169|moderate|rep1|seed20240909,15.6953
moderate,,nan,nat_106651461,1d19d1edba9feb1a52bf348e7299d759383824d4c758417d55045749cf110f36,ce437da4856845a9,,ce8b813a63b7db1a,B0a-R,16,16,7fe30b1136,1,natural:106651461,ok,moderate|nat_106651461|moderate|rep1|seed20240909,1.9644
moderate,,nan,nat_105627169,48808486030d86d26ad811df40509a68e77f10dba6c751c9c46a36dc4e95e77b,ce437da4856845a9,,26157403636ba16d,P,16,16,f6706417e8,4,natural:105627169,ok,moderate|nat_105627169|moderate|rep4|seed20240909,15.4631
bursty,,nan,nat_105627169,48808486030d86d26ad811df40509a68e77f10dba6c751c9c46a36dc4e95e77b,ce437da4856845a9,,5ca92e78e7fa21fe,P,16,16,f6706417e8,0,natural:105627169,ok,bursty|nat_105627169|bursty|rep0|seed20240909,15.5718
moderate,,nan,nat_105627169,48808486030d86d26ad811df40509a68e77f10dba6c751c9c46a36dc4e95e77b,ce437da4856845a9,,0bfc60df4a921e0b,P,16,16,f6706417e8,3,natural:105627169,ok,moderate|nat_105627169|moderate|rep3|seed20240909,16.5278
moderate,,nan,nat_106651461,1d19d1edba9feb1a52bf348e7299d759383824d4c758417d55045749cf110f36,ce437da4856845a9,,d2a448c479dc080b,B0a-R,16,16,7fe30b1136,2,natural:106651461,ok,moderate|nat_106651461|moderate|rep2|seed20240909,1.9489
moderate,,nan,nat_106651461,1d19d1edba9feb1a52bf348e7299d759383824d4c758417d55045749cf110f36,ce437da4856845a9,,bf522ac1cbb143fb,B0a-R,16,16,7fe30b1136,3,natural:106651461,ok,moderate|nat_106651461|moderate|rep3|seed20240909,1.9364
bursty,,nan,nat_106651461,1d19d1edba9feb1a52bf348e7299d759383824d4c758417d55045749cf110f36,ce437da4856845a9,,952e50cdf6decebe,B0a-R,16,16,7fe30b1136,0,natural:106651461,ok,bursty|nat_106651461|bursty|rep0|seed20240909,1.8082
bursty,,nan,nat_106651461,1d19d1edba9feb1a52bf348e7299d759383824d4c758417d55045749cf110f36,ce437da4856845a9,,464e1c41a0ef253d,B0a-R,16,16,7fe30b1136,1,natural:106651461,ok,bursty|nat_106651461|bursty|rep1|seed20240909,1.8868
moderate,,nan,nat_106651461,1d19d1edba9feb1a52bf348e7299d759383824d4c758417d55045749cf110f36,ce437da4856845a9,,4afb27934780f81d,B0a-R,16,16,7fe30b1136,4,natural:106651461,ok,moderate|nat_106651461|moderate|rep4|seed20240909,2.0247
bursty,,nan,nat_105627169,48808486030d86d26ad811df40509a68e77f10dba6c751c9c46a36dc4e95e77b,ce437da4856845a9,,880974d181910bb9,P,16,16,f6706417e8,1,natural:105627169,ok,bursty|nat_105627169|bursty|rep1|seed20240909,16.1463
bursty,,nan,nat_106651461,1d19d1edba9feb1a52bf348e7299d759383824d4c758417d55045749cf110f36,ce437da4856845a9,,41818dd84554e291,B0a-R,16,16,7fe30b1136,2,natural:106651461,ok,bursty|nat_106651461|bursty|rep2|seed20240909,1.9161
bursty,,nan,nat_106651461,1d19d1edba9feb1a52bf348e7299d759383824d4c758417d55045749cf110f36,ce437da4856845a9,,387ab9f8dc7f06cc,B0a-R,16,16,7fe30b1136,3,natural:106651461,ok,bursty|nat_106651461|bursty|rep3|seed20240909,1.8925
bursty,,nan,nat_106651461,1d19d1edba9feb1a52bf348e7299d759383824d4c758417d55045749cf110f36,ce437da4856845a9,,ee43b35ba026c6ee,B0a-R,16,16,7fe30b1136,4,natural:106651461,ok,bursty|nat_106651461|bursty|rep4|seed20240909,1.9339
harsh,,nan,nat_106651461,1d19d1edba9feb1a52bf348e7299d759383824d4c758417d55045749cf110f36,ce437da4856845a9,,640e3aea6f8a66ce,B0a-R,16,16,7fe30b1136,1,natural:106651461,ok,harsh|nat_106651461|harsh|rep1|seed20240909,1.9661
harsh,,nan,nat_106651461,1d19d1edba9feb1a52bf348e7299d759383824d4c758417d55045749cf110f36,ce437da4856845a9,,b82202a83b9d07e0,B0a-R,16,16,7fe30b1136,0,natural:106651461,ok,harsh|nat_106651461|harsh|rep0|seed20240909,2.0551
bursty,,nan,nat_105627169,48808486030d86d26ad811df40509a68e77f10dba6c751c9c46a36dc4e95e77b,ce437da4856845a9,,201505ed2a151e8e,P,16,16,f6706417e8,3,natural:105627169,ok,bursty|nat_105627169|bursty|rep3|seed20240909,15.5533
harsh,,nan,nat_106651461,1d19d1edba9feb1a52bf348e7299d759383824d4c758417d55045749cf110f36,ce437da4856845a9,,d9965d89e2b8c353,B0a-R,16,16,7fe30b1136,2,natural:106651461,ok,harsh|nat_106651461|harsh|rep2|seed20240909,1.9278
bursty,,nan,nat_105627169,48808486030d86d26ad811df40509a68e77f10dba6c751c9c46a36dc4e95e77b,ce437da4856845a9,,515dc32ea6ee7e9b,P,16,16,f6706417e8,4,natural:105627169,ok,bursty|nat_105627169|bursty|rep4|seed20240909,15.5953
harsh,,nan,nat_106651461,1d19d1edba9feb1a52bf348e7299d759383824d4c758417d55045749cf110f36,ce437da4856845a9,,adcf45f053d4878c,B0a-R,16,16,7fe30b1136,3,natural:106651461,ok,harsh|nat_106651461|harsh|rep3|seed20240909,2.0045
harsh,,nan,nat_106651461,1d19d1edba9feb1a52bf348e7299d759383824d4c758417d55045749cf110f36,ce437da4856845a9,,b8091b9a9d5bb235,B0a-R,16,16,7fe30b1136,4,natural:106651461,ok,harsh|nat_106651461|harsh|rep4|seed20240909,1.991
bursty,,nan,nat_105627169,48808486030d86d26ad811df40509a68e77f10dba6c751c9c46a36dc4e95e77b,ce437da4856845a9,,f43124f68a5e196b,P,16,16,f6706417e8,2,natural:105627169,ok,bursty|nat_105627169|bursty|rep2|seed20240909,16.1724
clean,,nan,nat_106651461,1d19d1edba9feb1a52bf348e7299d759383824d4c758417d55045749cf110f36,ce437da4856845a9,,431c63de9a282172,B0d,16,16,7fe30b1136,0,natural:106651461,ok,clean|nat_106651461|clean|rep0|seed20240909,4.3081
clean,,nan,nat_106651461,1d19d1edba9feb1a52bf348e7299d759383824d4c758417d55045749cf110f36,ce437da4856845a9,,0958f17b6c60517f,B0d,16,16,7fe30b1136,1,natural:106651461,ok,clean|nat_106651461|clean|rep1|seed20240909,4.3346
clean,,nan,nat_106651461,1d19d1edba9feb1a52bf348e7299d759383824d4c758417d55045749cf110f36,ce437da4856845a9,,423cbba51ec6d865,B0d,16,16,7fe30b1136,2,natural:106651461,ok,clean|nat_106651461|clean|rep2|seed20240909,4.2706
clean,,nan,nat_106651461,1d19d1edba9feb1a52bf348e7299d759383824d4c758417d55045749cf110f36,ce437da4856845a9,,d359b96fdeb4b0c3,B0d,16,16,7fe30b1136,3,natural:106651461,ok,clean|nat_106651461|clean|rep3|seed20240909,4.31
clean,,nan,nat_106651461,1d19d1edba9feb1a52bf348e7299d759383824d4c758417d55045749cf110f36,ce437da4856845a9,,c03c3a6c766df6b3,B0d,16,16,7fe30b1136,4,natural:106651461,ok,clean|nat_106651461|clean|rep4|seed20240909,4.2675
mild,,nan,nat_106651461,1d19d1edba9feb1a52bf348e7299d759383824d4c758417d55045749cf110f36,ce437da4856845a9,,f7b04611fd0213ba,B0d,16,16,7fe30b1136,0,natural:106651461,ok,mild|nat_106651461|mild|rep0|seed20240909,4.7022
mild,,nan,nat_106651461,1d19d1edba9feb1a52bf348e7299d759383824d4c758417d55045749cf110f36,ce437da4856845a9,,9ef06e463b192895,B0d,16,16,7fe30b1136,1,natural:106651461,ok,mild|nat_106651461|mild|rep1|seed20240909,4.6508
mild,,nan,nat_106651461,1d19d1edba9feb1a52bf348e7299d759383824d4c758417d55045749cf110f36,ce437da4856845a9,,553f206faa66c6b1,B0d,16,16,7fe30b1136,2,natural:106651461,ok,mild|nat_106651461|mild|rep2|seed20240909,4.554
mild,,nan,nat_106651461,1d19d1edba9feb1a52bf348e7299d759383824d4c758417d55045749cf110f36,ce437da4856845a9,,5b011226c9bb3cd1,B0d,16,16,7fe30b1136,3,natural:106651461,ok,mild|nat_106651461|mild|rep3|seed20240909,4.5141
mild,,nan,nat_106651461,1d19d1edba9feb1a52bf348e7299d759383824d4c758417d55045749cf110f36,ce437da4856845a9,,997b512cabbbc5b8,B0d,16,16,7fe30b1136,4,natural:106651461,ok,mild|nat_106651461|mild|rep4|seed20240909,4.5863
clean,,nan,nat_106651461,1d19d1edba9feb1a52bf348e7299d759383824d4c758417d55045749cf110f36,ce437da4856845a9,,ca3891941d8b79bb,B1,16,16,7fe30b1136,0,natural:106651461,ok,clean|nat_106651461|clean|rep0|seed20240909,0.5
clean,,nan,nat_106651461,1d19d1edba9feb1a52bf348e7299d759383824d4c758417d55045749cf110f36,ce437da4856845a9,,ab0dfb779b9cc6e7,B1,16,16,7fe30b1136,1,natural:106651461,ok,clean|nat_106651461|clean|rep1|seed20240909,0.444
clean,,nan,nat_106651461,1d19d1edba9feb1a52bf348e7299d759383824d4c758417d55045749cf110f36,ce437da4856845a9,,fb99a7a4e62117e3,B1,16,16,7fe30b1136,2,natural:106651461,ok,clean|nat_106651461|clean|rep2|seed20240909,0.499
harsh,,nan,nat_106651461,1d19d1edba9feb1a52bf348e7299d759383824d4c758417d55045749cf110f36,ce437da4856845a9,,b4e188b61eb15616,B0d,16,16,7fe30b1136,0,natural:106651461,ok,harsh|nat_106651461|harsh|rep0|seed20240909,3.0133
clean,,nan,nat_106651461,1d19d1edba9feb1a52bf348e7299d759383824d4c758417d55045749cf110f36,ce437da4856845a9,,5385522c1615f827,B1,16,16,7fe30b1136,3,natural:106651461,ok,clean|nat_106651461|clean|rep3|seed20240909,0.4243
clean,,nan,nat_106651461,1d19d1edba9feb1a52bf348e7299d759383824d4c758417d55045749cf110f36,ce437da4856845a9,,c49a7ca5548d8184,B1,16,16,7fe30b1136,4,natural:106651461,ok,clean|nat_106651461|clean|rep4|seed20240909,0.442
harsh,,nan,nat_106651461,1d19d1edba9feb1a52bf348e7299d759383824d4c758417d55045749cf110f36,ce437da4856845a9,,f1e9a975c3265f59,B0d,16,16,7fe30b1136,1,natural:106651461,ok,harsh|nat_106651461|harsh|rep1|seed20240909,2.9771
harsh,,nan,nat_106651461,1d19d1edba9feb1a52bf348e7299d759383824d4c758417d55045749cf110f36,ce437da4856845a9,,859edb2d4f51ce94,B0d,16,16,7fe30b1136,2,natural:106651461,ok,harsh|nat_106651461|harsh|rep2|seed20240909,2.9679
harsh,,nan,nat_106651461,1d19d1edba9feb1a52bf348e7299d759383824d4c758417d55045749cf110f36,ce437da4856845a9,,2ae69a9f1dc90207,B0d,16,16,7fe30b1136,3,natural:106651461,ok,harsh|nat_106651461|harsh|rep3|seed20240909,3.0628
mild,,nan,nat_106651461,1d19d1edba9feb1a52bf348e7299d759383824d4c758417d55045749cf110f36,ce437da4856845a9,,dbab435efd232c57,B1,16,16,7fe30b1136,0,natural:106651461,ok,mild|nat_106651461|mild|rep0|seed20240909,0.5982
mild,,nan,nat_106651461,1d19d1edba9feb1a52bf348e7299d759383824d4c758417d55045749cf110f36,ce437da4856845a9,,330fd6acc68df37c,B1,16,16,7fe30b1136,1,natural:106651461,ok,mild|nat_106651461|mild|rep1|seed20240909,0.6119
mild,,nan,nat_106651461,1d19d1edba9feb1a52bf348e7299d759383824d4c758417d55045749cf110f36,ce437da4856845a9,,37d52807cf84f371,B1,16,16,7fe30b1136,2,natural:106651461,ok,mild|nat_106651461|mild|rep2|seed20240909,0.6852
moderate,,nan,nat_106651461,1d19d1edba9feb1a52bf348e7299d759383824d4c758417d55045749cf110f36,ce437da4856845a9,,c5fa1bdb199157d7,B0d,16,16,7fe30b1136,1,natural:106651461,ok,moderate|nat_106651461|moderate|rep1|seed20240909,7.2478
harsh,,nan,nat_106651461,1d19d1edba9feb1a52bf348e7299d759383824d4c758417d55045749cf110f36,ce437da4856845a9,,4c3baf91ec91883e,B0d,16,16,7fe30b1136,4,natural:106651461,ok,harsh|nat_106651461|harsh|rep4|seed20240909,2.9853
mild,,nan,nat_106651461,1d19d1edba9feb1a52bf348e7299d759383824d4c758417d55045749cf110f36,ce437da4856845a9,,b803e27a65795213,B1,16,16,7fe30b1136,3,natural:106651461,ok,mild|nat_106651461|mild|rep3|seed20240909,0.6386
moderate,,nan,nat_106651461,1d19d1edba9feb1a52bf348e7299d759383824d4c758417d55045749cf110f36,ce437da4856845a9,,355cc3352dd58d42,B0d,16,16,7fe30b1136,2,natural:106651461,ok,moderate|nat_106651461|moderate|rep2|seed20240909,7.4621
mild,,nan,nat_106651461,1d19d1edba9feb1a52bf348e7299d759383824d4c758417d55045749cf110f36,ce437da4856845a9,,403300911f205346,B1,16,16,7fe30b1136,4,natural:106651461,ok,mild|nat_106651461|mild|rep4|seed20240909,0.6938
moderate,,nan,nat_106651461,1d19d1edba9feb1a52bf348e7299d759383824d4c758417d55045749cf110f36,ce437da4856845a9,,33c7136155063c09,B0d,16,16,7fe30b1136,3,natural:106651461,ok,moderate|nat_106651461|moderate|rep3|seed20240909,7.4595
moderate,,nan,nat_106651461,1d19d1edba9feb1a52bf348e7299d759383824d4c758417d55045749cf110f36,ce437da4856845a9,,e5c4028027fe5988,B1,16,16,7fe30b1136,0,natural:106651461,ok,moderate|nat_106651461|moderate|rep0|seed20240909,0.704
moderate,,nan,nat_106651461,1d19d1edba9feb1a52bf348e7299d759383824d4c758417d55045749cf110f36,ce437da4856845a9,,7f9b3f3c11e4faec,B0d,16,16,7fe30b1136,0,natural:106651461,ok,moderate|nat_106651461|moderate|rep0|seed20240909,7.7155
bursty,,nan,nat_106651461,1d19d1edba9feb1a52bf348e7299d759383824d4c758417d55045749cf110f36,ce437da4856845a9,,2120978d05bbc991,B0d,16,16,7fe30b1136,0,natural:106651461,ok,bursty|nat_106651461|bursty|rep0|seed20240909,7.3674
moderate,,nan,nat_106651461,1d19d1edba9feb1a52bf348e7299d759383824d4c758417d55045749cf110f36,ce437da4856845a9,,0d894d484a0a0006,B1,16,16,7fe30b1136,1,natural:106651461,ok,moderate|nat_106651461|moderate|rep1|seed20240909,0.7336
moderate,,nan,nat_106651461,1d19d1edba9feb1a52bf348e7299d759383824d4c758417d55045749cf110f36,ce437da4856845a9,,201a9bf040ad932c,B1,16,16,7fe30b1136,2,natural:106651461,ok,moderate|nat_106651461|moderate|rep2|seed20240909,0.72
moderate,,nan,nat_106651461,1d19d1edba9feb1a52bf348e7299d759383824d4c758417d55045749cf110f36,ce437da4856845a9,,cda051cabbb2fd3d,B1,16,16,7fe30b1136,3,natural:106651461,ok,moderate|nat_106651461|moderate|rep3|seed20240909,0.762
bursty,,nan,nat_106651461,1d19d1edba9feb1a52bf348e7299d759383824d4c758417d55045749cf110f36,ce437da4856845a9,,18e610ac9bf9fc1a,B1,16,16,7fe30b1136,0,natural:106651461,ok,bursty|nat_106651461|bursty|rep0|seed20240909,0.65
moderate,,nan,nat_106651461,1d19d1edba9feb1a52bf348e7299d759383824d4c758417d55045749cf110f36,ce437da4856845a9,,b2f263b08f9372a6,B1,16,16,7fe30b1136,4,natural:106651461,ok,moderate|nat_106651461|moderate|rep4|seed20240909,0.7559
moderate,,nan,nat_106651461,1d19d1edba9feb1a52bf348e7299d759383824d4c758417d55045749cf110f36,ce437da4856845a9,,87165efdb6ab00db,B0d,16,16,7fe30b1136,4,natural:106651461,ok,moderate|nat_106651461|moderate|rep4|seed20240909,7.9133
bursty,,nan,nat_106651461,1d19d1edba9feb1a52bf348e7299d759383824d4c758417d55045749cf110f36,ce437da4856845a9,,aef8acffe9dcdeec,B1,16,16,7fe30b1136,1,natural:106651461,ok,bursty|nat_106651461|bursty|rep1|seed20240909,0.6909
bursty,,nan,nat_106651461,1d19d1edba9feb1a52bf348e7299d759383824d4c758417d55045749cf110f36,ce437da4856845a9,,e8e5bd727b37173b,B1,16,16,7fe30b1136,2,natural:106651461,ok,bursty|nat_106651461|bursty|rep2|seed20240909,0.7211
bursty,,nan,nat_106651461,1d19d1edba9feb1a52bf348e7299d759383824d4c758417d55045749cf110f36,ce437da4856845a9,,792ea8a4cef2b5e2,B1,16,16,7fe30b1136,4,natural:106651461,ok,bursty|nat_106651461|bursty|rep4|seed20240909,0.7309
bursty,,nan,nat_106651461,1d19d1edba9feb1a52bf348e7299d759383824d4c758417d55045749cf110f36,ce437da4856845a9,,cbf6e36f25a52ca0,B1,16,16,7fe30b1136,3,natural:106651461,ok,bursty|nat_106651461|bursty|rep3|seed20240909,0.7854
harsh,,nan,nat_106651461,1d19d1edba9feb1a52bf348e7299d759383824d4c758417d55045749cf110f36,ce437da4856845a9,,42fe899660e25393,B1,16,16,7fe30b1136,0,natural:106651461,ok,harsh|nat_106651461|harsh|rep0|seed20240909,0.7801
harsh,,nan,nat_106651461,1d19d1edba9feb1a52bf348e7299d759383824d4c758417d55045749cf110f36,ce437da4856845a9,,e158e390a96ef603,B1,16,16,7fe30b1136,1,natural:106651461,ok,harsh|nat_106651461|harsh|rep1|seed20240909,0.7883
harsh,,nan,nat_106651461,1d19d1edba9feb1a52bf348e7299d759383824d4c758417d55045749cf110f36,ce437da4856845a9,,a2987bacbe6b619a,B1,16,16,7fe30b1136,2,natural:106651461,ok,harsh|nat_106651461|harsh|rep2|seed20240909,0.8146
clean,,nan,nat_106651461,1d19d1edba9feb1a52bf348e7299d759383824d4c758417d55045749cf110f36,ce437da4856845a9,,a4a95e7a93981cb8,B2,16,16,7fe30b1136,0,natural:106651461,ok,clean|nat_106651461|clean|rep0|seed20240909,0.5588
clean,,nan,nat_106651461,1d19d1edba9feb1a52bf348e7299d759383824d4c758417d55045749cf110f36,ce437da4856845a9,,d6cc0814024ac166,B2,16,16,7fe30b1136,1,natural:106651461,ok,clean|nat_106651461|clean|rep1|seed20240909,0.5499
harsh,,nan,nat_106651461,1d19d1edba9feb1a52bf348e7299d759383824d4c758417d55045749cf110f36,ce437da4856845a9,,62aac9d810bdb52c,B1,16,16,7fe30b1136,3,natural:106651461,ok,harsh|nat_106651461|harsh|rep3|seed20240909,0.7579
clean,,nan,nat_106651461,1d19d1edba9feb1a52bf348e7299d759383824d4c758417d55045749cf110f36,ce437da4856845a9,,e7e6b1c818022f2b,B2,16,16,7fe30b1136,2,natural:106651461,ok,clean|nat_106651461|clean|rep2|seed20240909,0.5635
clean,,nan,nat_106651461,1d19d1edba9feb1a52bf348e7299d759383824d4c758417d55045749cf110f36,ce437da4856845a9,,c8602ccab8a4e8d3,B2,16,16,7fe30b1136,3,natural:106651461,ok,clean|nat_106651461|clean|rep3|seed20240909,0.5248
harsh,,nan,nat_106651461,1d19d1edba9feb1a52bf348e7299d759383824d4c758417d55045749cf110f36,ce437da4856845a9,,b7f1e6c10cbda6fa,B1,16,16,7fe30b1136,4,natural:106651461,ok,harsh|nat_106651461|harsh|rep4|seed20240909,0.78
clean,,nan,nat_106651461,1d19d1edba9feb1a52bf348e7299d759383824d4c758417d55045749cf110f36,ce437da4856845a9,,266172df90fea98b,B2,16,16,7fe30b1136,4,natural:106651461,ok,clean|nat_106651461|clean|rep4|seed20240909,0.5629
mild,,nan,nat_106651461,1d19d1edba9feb1a52bf348e7299d759383824d4c758417d55045749cf110f36,ce437da4856845a9,,38836118b33528ee,B2,16,16,7fe30b1136,0,natural:106651461,ok,mild|nat_106651461|mild|rep0|seed20240909,0.7242
mild,,nan,nat_106651461,1d19d1edba9feb1a52bf348e7299d759383824d4c758417d55045749cf110f36,ce437da4856845a9,,b31b9cb213f3bca8,B2,16,16,7fe30b1136,1,natural:106651461,ok,mild|nat_106651461|mild|rep1|seed20240909,0.7546
mild,,nan,nat_106651461,1d19d1edba9feb1a52bf348e7299d759383824d4c758417d55045749cf110f36,ce437da4856845a9,,41dd1ba78bddbc8a,B2,16,16,7fe30b1136,2,natural:106651461,ok,mild|nat_106651461|mild|rep2|seed20240909,0.7701
mild,,nan,nat_106651461,1d19d1edba9feb1a52bf348e7299d759383824d4c758417d55045749cf110f36,ce437da4856845a9,,97718f0a942475a2,B2,16,16,7fe30b1136,3,natural:106651461,ok,mild|nat_106651461|mild|rep3|seed20240909,0.7389
mild,,nan,nat_106651461,1d19d1edba9feb1a52bf348e7299d759383824d4c758417d55045749cf110f36,ce437da4856845a9,,55be003e4f874681,B2,16,16,7fe30b1136,4,natural:106651461,ok,mild|nat_106651461|mild|rep4|seed20240909,0.7327
moderate,,nan,nat_106651461,1d19d1edba9feb1a52bf348e7299d759383824d4c758417d55045749cf110f36,ce437da4856845a9,,93e7e70d5c285bc9,B2,16,16,7fe30b1136,0,natural:106651461,ok,moderate|nat_106651461|moderate|rep0|seed20240909,0.7431
moderate,,nan,nat_106651461,1d19d1edba9feb1a52bf348e7299d759383824d4c758417d55045749cf110f36,ce437da4856845a9,,b3f890af47b544d0,B2,16,16,7fe30b1136,1,natural:106651461,ok,moderate|nat_106651461|moderate|rep1|seed20240909,0.7622
moderate,,nan,nat_106651461,1d19d1edba9feb1a52bf348e7299d759383824d4c758417d55045749cf110f36,ce437da4856845a9,,681c0e1bbcf48fcb,B2,16,16,7fe30b1136,2,natural:106651461,ok,moderate|nat_106651461|moderate|rep2|seed20240909,0.763
bursty,,nan,nat_106651461,1d19d1edba9feb1a52bf348e7299d759383824d4c758417d55045749cf110f36,ce437da4856845a9,,9079f27e76b3b000,B2,16,16,7fe30b1136,0,natural:106651461,ok,bursty|nat_106651461|bursty|rep0|seed20240909,0.6883
moderate,,nan,nat_106651461,1d19d1edba9feb1a52bf348e7299d759383824d4c758417d55045749cf110f36,ce437da4856845a9,,12843fae82346840,B2,16,16,7fe30b1136,4,natural:106651461,ok,moderate|nat_106651461|moderate|rep4|seed20240909,0.7522
moderate,,nan,nat_106651461,1d19d1edba9feb1a52bf348e7299d759383824d4c758417d55045749cf110f36,ce437da4856845a9,,8be5395f1f1fa4bf,B2,16,16,7fe30b1136,3,natural:106651461,ok,moderate|nat_106651461|moderate|rep3|seed20240909,0.8096
bursty,,nan,nat_106651461,1d19d1edba9feb1a52bf348e7299d759383824d4c758417d55045749cf110f36,ce437da4856845a9,,e9abf43b055f7302,B2,16,16,7fe30b1136,1,natural:106651461,ok,bursty|nat_106651461|bursty|rep1|seed20240909,0.728
bursty,,nan,nat_106651461,1d19d1edba9feb1a52bf348e7299d759383824d4c758417d55045749cf110f36,ce437da4856845a9,,a3098beb0f7db6bb,B2,16,16,7fe30b1136,2,natural:106651461,ok,bursty|nat_106651461|bursty|rep2|seed20240909,0.6627
bursty,,nan,nat_106651461,1d19d1edba9feb1a52bf348e7299d759383824d4c758417d55045749cf110f36,ce437da4856845a9,,3c7b9346ee18d37a,B2,16,16,7fe30b1136,3,natural:106651461,ok,bursty|nat_106651461|bursty|rep3|seed20240909,0.7168
bursty,,nan,nat_106651461,1d19d1edba9feb1a52bf348e7299d759383824d4c758417d55045749cf110f36,ce437da4856845a9,,97ad9d985d2a1525,B2,16,16,7fe30b1136,4,natural:106651461,ok,bursty|nat_106651461|bursty|rep4|seed20240909,0.7174
harsh,,nan,nat_106651461,1d19d1edba9feb1a52bf348e7299d759383824d4c758417d55045749cf110f36,ce437da4856845a9,,b3efb56ad7557ac4,B2,16,16,7fe30b1136,0,natural:106651461,ok,harsh|nat_106651461|harsh|rep0|seed20240909,0.7373
harsh,,nan,nat_106651461,1d19d1edba9feb1a52bf348e7299d759383824d4c758417d55045749cf110f36,ce437da4856845a9,,60379089f938b6d5,B2,16,16,7fe30b1136,1,natural:106651461,ok,harsh|nat_106651461|harsh|rep1|seed20240909,0.7258
harsh,,nan,nat_106651461,1d19d1edba9feb1a52bf348e7299d759383824d4c758417d55045749cf110f36,ce437da4856845a9,,1a81e34256fd9dbb,B2,16,16,7fe30b1136,2,natural:106651461,ok,harsh|nat_106651461|harsh|rep2|seed20240909,0.7089
harsh,,nan,nat_106651461,1d19d1edba9feb1a52bf348e7299d759383824d4c758417d55045749cf110f36,ce437da4856845a9,,7aa12e1ede355458,B2,16,16,7fe30b1136,3,natural:106651461,ok,harsh|nat_106651461|harsh|rep3|seed20240909,0.7081
harsh,,nan,nat_106651461,1d19d1edba9feb1a52bf348e7299d759383824d4c758417d55045749cf110f36,ce437da4856845a9,,461cece17a75a6f7,B2,16,16,7fe30b1136,4,natural:106651461,ok,harsh|nat_106651461|harsh|rep4|seed20240909,0.6899
bursty,,nan,nat_106651461,1d19d1edba9feb1a52bf348e7299d759383824d4c758417d55045749cf110f36,ce437da4856845a9,,ff0242f4527b71f7,B0d,16,16,7fe30b1136,2,natural:106651461,ok,bursty|nat_106651461|bursty|rep2|seed20240909,7.7626
bursty,,nan,nat_106651461,1d19d1edba9feb1a52bf348e7299d759383824d4c758417d55045749cf110f36,ce437da4856845a9,,e86ebb9bf69d4828,B0d,16,16,7fe30b1136,1,natural:106651461,ok,bursty|nat_106651461|bursty|rep1|seed20240909,7.8552
bursty,,nan,nat_106651461,1d19d1edba9feb1a52bf348e7299d759383824d4c758417d55045749cf110f36,ce437da4856845a9,,5ba7f89160e545c8,B0d,16,16,7fe30b1136,4,natural:106651461,ok,bursty|nat_106651461|bursty|rep4|seed20240909,7.7124
bursty,,nan,nat_106651461,1d19d1edba9feb1a52bf348e7299d759383824d4c758417d55045749cf110f36,ce437da4856845a9,,1765bde2b797d122,B0d,16,16,7fe30b1136,3,natural:106651461,ok,bursty|nat_106651461|bursty|rep3|seed20240909,7.873
clean,,nan,nat_106651461,1d19d1edba9feb1a52bf348e7299d759383824d4c758417d55045749cf110f36,ce437da4856845a9,,cdb47d0f1f19aa0e,B3,16,16,7fe30b1136,0,natural:106651461,ok,clean|nat_106651461|clean|rep0|seed20240909,3.0355
clean,,nan,nat_106651461,1d19d1edba9feb1a52bf348e7299d759383824d4c758417d55045749cf110f36,ce437da4856845a9,,d6f9fdc9f3809e6d,B3,16,16,7fe30b1136,1,natural:106651461,ok,clean|nat_106651461|clean|rep1|seed20240909,3.0931
clean,,nan,nat_106651461,1d19d1edba9feb1a52bf348e7299d759383824d4c758417d55045749cf110f36,ce437da4856845a9,,84296d51efad3ab2,B3,16,16,7fe30b1136,2,natural:106651461,ok,clean|nat_106651461|clean|rep2|seed20240909,3.1254
clean,,nan,nat_106651461,1d19d1edba9feb1a52bf348e7299d759383824d4c758417d55045749cf110f36,ce437da4856845a9,,be3c129216ceab31,B3,16,16,7fe30b1136,3,natural:106651461,ok,clean|nat_106651461|clean|rep3|seed20240909,3.1409
clean,,nan,nat_106651461,1d19d1edba9feb1a52bf348e7299d759383824d4c758417d55045749cf110f36,ce437da4856845a9,,4503f04da41e2b54,B3,16,16,7fe30b1136,4,natural:106651461,ok,clean|nat_106651461|clean|rep4|seed20240909,3.0966
mild,,nan,nat_106651461,1d19d1edba9feb1a52bf348e7299d759383824d4c758417d55045749cf110f36,ce437da4856845a9,,31d5f2162087fd22,B3,16,16,7fe30b1136,0,natural:106651461,ok,mild|nat_106651461|mild|rep0|seed20240909,3.194
mild,,nan,nat_106651461,1d19d1edba9feb1a52bf348e7299d759383824d4c758417d55045749cf110f36,ce437da4856845a9,,9adc39a4d79bebb0,B3,16,16,7fe30b1136,1,natural:106651461,ok,mild|nat_106651461|mild|rep1|seed20240909,3.1831
mild,,nan,nat_106651461,1d19d1edba9feb1a52bf348e7299d759383824d4c758417d55045749cf110f36,ce437da4856845a9,,ed01a964bf40cf49,B3,16,16,7fe30b1136,3,natural:106651461,ok,mild|nat_106651461|mild|rep3|seed20240909,3.1601
mild,,nan,nat_106651461,1d19d1edba9feb1a52bf348e7299d759383824d4c758417d55045749cf110f36,ce437da4856845a9,,b98eb1939667703c,B3,16,16,7fe30b1136,4,natural:106651461,ok,mild|nat_106651461|mild|rep4|seed20240909,3.1575
mild,,nan,nat_106651461,1d19d1edba9feb1a52bf348e7299d759383824d4c758417d55045749cf110f36,ce437da4856845a9,,2f6db3b421647322,B3,16,16,7fe30b1136,2,natural:106651461,ok,mild|nat_106651461|mild|rep2|seed20240909,3.2842
moderate,,nan,nat_106651461,1d19d1edba9feb1a52bf348e7299d759383824d4c758417d55045749cf110f36,ce437da4856845a9,,ff0362b3c50977ae,B3,16,16,7fe30b1136,1,natural:106651461,ok,moderate|nat_106651461|moderate|rep1|seed20240909,4.6734
moderate,,nan,nat_106651461,1d19d1edba9feb1a52bf348e7299d759383824d4c758417d55045749cf110f36,ce437da4856845a9,,4d445054a6045a4a,B3,16,16,7fe30b1136,0,natural:106651461,ok,moderate|nat_106651461|moderate|rep0|seed20240909,4.9001
harsh,,nan,nat_106651461,1d19d1edba9feb1a52bf348e7299d759383824d4c758417d55045749cf110f36,ce437da4856845a9,,088217b783c3d9a3,B3,16,16,7fe30b1136,0,natural:106651461,ok,harsh|nat_106651461|harsh|rep0|seed20240909,2.1756
moderate,,nan,nat_106651461,1d19d1edba9feb1a52bf348e7299d759383824d4c758417d55045749cf110f36,ce437da4856845a9,,53bed32125a5512a,B3,16,16,7fe30b1136,3,natural:106651461,ok,moderate|nat_106651461|moderate|rep3|seed20240909,4.5227
moderate,,nan,nat_106651461,1d19d1edba9feb1a52bf348e7299d759383824d4c758417d55045749cf110f36,ce437da4856845a9,,cc21c8fb05ee8bc4,B3,16,16,7fe30b1136,4,natural:106651461,ok,moderate|nat_106651461|moderate|rep4|seed20240909,4.4934
bursty,,nan,nat_106651461,1d19d1edba9feb1a52bf348e7299d759383824d4c758417d55045749cf110f36,ce437da4856845a9,,7d34e98002654e75,B3,16,16,7fe30b1136,0,natural:106651461,ok,bursty|nat_106651461|bursty|rep0|seed20240909,4.4584
harsh,,nan,nat_106651461,1d19d1edba9feb1a52bf348e7299d759383824d4c758417d55045749cf110f36,ce437da4856845a9,,0442493b630e0551,B3,16,16,7fe30b1136,1,natural:106651461,ok,harsh|nat_106651461|harsh|rep1|seed20240909,2.0769
moderate,,nan,nat_106651461,1d19d1edba9feb1a52bf348e7299d759383824d4c758417d55045749cf110f36,ce437da4856845a9,,5690f9a30e414c59,B3,16,16,7fe30b1136,2,natural:106651461,ok,moderate|nat_106651461|moderate|rep2|seed20240909,4.7631
harsh,,nan,nat_106651461,1d19d1edba9feb1a52bf348e7299d759383824d4c758417d55045749cf110f36,ce437da4856845a9,,c201c289a957b56c,B3,16,16,7fe30b1136,2,natural:106651461,ok,harsh|nat_106651461|harsh|rep2|seed20240909,2.2347
harsh,,nan,nat_106651461,1d19d1edba9feb1a52bf348e7299d759383824d4c758417d55045749cf110f36,ce437da4856845a9,,341a410f6f4fcc65,B3,16,16,7fe30b1136,4,natural:106651461,ok,harsh|nat_106651461|harsh|rep4|seed20240909,2.1674
harsh,,nan,nat_106651461,1d19d1edba9feb1a52bf348e7299d759383824d4c758417d55045749cf110f36,ce437da4856845a9,,5bb08d7405479331,B3,16,16,7fe30b1136,3,natural:106651461,ok,harsh|nat_106651461|harsh|rep3|seed20240909,2.2176
bursty,,nan,nat_106651461,1d19d1edba9feb1a52bf348e7299d759383824d4c758417d55045749cf110f36,ce437da4856845a9,,003b8b8def569350,B3,16,16,7fe30b1136,2,natural:106651461,ok,bursty|nat_106651461|bursty|rep2|seed20240909,4.3807
bursty,,nan,nat_106651461,1d19d1edba9feb1a52bf348e7299d759383824d4c758417d55045749cf110f36,ce437da4856845a9,,3e7dbc7390a9d260,B3,16,16,7fe30b1136,1,natural:106651461,ok,bursty|nat_106651461|bursty|rep1|seed20240909,4.4727
bursty,,nan,nat_106651461,1d19d1edba9feb1a52bf348e7299d759383824d4c758417d55045749cf110f36,ce437da4856845a9,,e35ed44594a4f888,B3,16,16,7fe30b1136,3,natural:106651461,ok,bursty|nat_106651461|bursty|rep3|seed20240909,4.4443
bursty,,nan,nat_106651461,1d19d1edba9feb1a52bf348e7299d759383824d4c758417d55045749cf110f36,ce437da4856845a9,,c5d39cbd0bd7230c,B3,16,16,7fe30b1136,4,natural:106651461,ok,bursty|nat_106651461|bursty|rep4|seed20240909,4.4591
clean,,nan,nat_106651461,1d19d1edba9feb1a52bf348e7299d759383824d4c758417d55045749cf110f36,ce437da4856845a9,,ec9033f149bd925c,B4,16,16,7fe30b1136,0,natural:106651461,ok,clean|nat_106651461|clean|rep0|seed20240909,5.0128
clean,,nan,nat_106651461,1d19d1edba9feb1a52bf348e7299d759383824d4c758417d55045749cf110f36,ce437da4856845a9,,925687db75d332c9,B4,16,16,7fe30b1136,1,natural:106651461,ok,clean|nat_106651461|clean|rep1|seed20240909,4.9795
clean,,nan,nat_106651461,1d19d1edba9feb1a52bf348e7299d759383824d4c758417d55045749cf110f36,ce437da4856845a9,,563a86d1f3199e51,B4,16,16,7fe30b1136,3,natural:106651461,ok,clean|nat_106651461|clean|rep3|seed20240909,4.9772
clean,,nan,nat_106651461,1d19d1edba9feb1a52bf348e7299d759383824d4c758417d55045749cf110f36,ce437da4856845a9,,18b81aeec6f23035,B4,16,16,7fe30b1136,4,natural:106651461,ok,clean|nat_106651461|clean|rep4|seed20240909,4.9572
clean,,nan,nat_106651461,1d19d1edba9feb1a52bf348e7299d759383824d4c758417d55045749cf110f36,ce437da4856845a9,,76285f400bf6fcc3,B4,16,16,7fe30b1136,2,natural:106651461,ok,clean|nat_106651461|clean|rep2|seed20240909,5.0809
mild,,nan,nat_106651461,1d19d1edba9feb1a52bf348e7299d759383824d4c758417d55045749cf110f36,ce437da4856845a9,,3389994a0b00599d,B4,16,16,7fe30b1136,0,natural:106651461,ok,mild|nat_106651461|mild|rep0|seed20240909,5.2691
mild,,nan,nat_106651461,1d19d1edba9feb1a52bf348e7299d759383824d4c758417d55045749cf110f36,ce437da4856845a9,,73c1026e138f7a1c,B4,16,16,7fe30b1136,1,natural:106651461,ok,mild|nat_106651461|mild|rep1|seed20240909,5.29
mild,,nan,nat_106651461,1d19d1edba9feb1a52bf348e7299d759383824d4c758417d55045749cf110f36,ce437da4856845a9,,2ea4f83a4a0560fc,B4,16,16,7fe30b1136,2,natural:106651461,ok,mild|nat_106651461|mild|rep2|seed20240909,5.3267
mild,,nan,nat_106651461,1d19d1edba9feb1a52bf348e7299d759383824d4c758417d55045749cf110f36,ce437da4856845a9,,9d52016dbf315f5e,B4,16,16,7fe30b1136,4,natural:106651461,ok,mild|nat_106651461|mild|rep4|seed20240909,5.2467
mild,,nan,nat_106651461,1d19d1edba9feb1a52bf348e7299d759383824d4c758417d55045749cf110f36,ce437da4856845a9,,cb81afa478c6a2da,B4,16,16,7fe30b1136,3,natural:106651461,ok,mild|nat_106651461|mild|rep3|seed20240909,5.351
harsh,,nan,nat_106651461,1d19d1edba9feb1a52bf348e7299d759383824d4c758417d55045749cf110f36,ce437da4856845a9,,f8c8c920fd65b65a,B4,16,16,7fe30b1136,0,natural:106651461,ok,harsh|nat_106651461|harsh|rep0|seed20240909,3.3899
harsh,,nan,nat_106651461,1d19d1edba9feb1a52bf348e7299d759383824d4c758417d55045749cf110f36,ce437da4856845a9,,afca6a98064438eb,B4,16,16,7fe30b1136,1,natural:106651461,ok,harsh|nat_106651461|harsh|rep1|seed20240909,3.2219
harsh,,nan,nat_106651461,1d19d1edba9feb1a52bf348e7299d759383824d4c758417d55045749cf110f36,ce437da4856845a9,,7bc48f62cb8224ab,B4,16,16,7fe30b1136,2,natural:106651461,ok,harsh|nat_106651461|harsh|rep2|seed20240909,3.2523
harsh,,nan,nat_106651461,1d19d1edba9feb1a52bf348e7299d759383824d4c758417d55045749cf110f36,ce437da4856845a9,,4968ee2276aecdca,B4,16,16,7fe30b1136,3,natural:106651461,ok,harsh|nat_106651461|harsh|rep3|seed20240909,3.3033
harsh,,nan,nat_106651461,1d19d1edba9feb1a52bf348e7299d759383824d4c758417d55045749cf110f36,ce437da4856845a9,,7f2031aa32b163b2,B4,16,16,7fe30b1136,4,natural:106651461,ok,harsh|nat_106651461|harsh|rep4|seed20240909,3.294
moderate,,nan,nat_106651461,1d19d1edba9feb1a52bf348e7299d759383824d4c758417d55045749cf110f36,ce437da4856845a9,,db4b129030ea29fe,B4,16,16,7fe30b1136,1,natural:106651461,ok,moderate|nat_106651461|moderate|rep1|seed20240909,8.6077
moderate,,nan,nat_106651461,1d19d1edba9feb1a52bf348e7299d759383824d4c758417d55045749cf110f36,ce437da4856845a9,,c068854968a3e407,B4,16,16,7fe30b1136,0,natural:106651461,ok,moderate|nat_106651461|moderate|rep0|seed20240909,8.9709
bursty,,nan,nat_106651461,1d19d1edba9feb1a52bf348e7299d759383824d4c758417d55045749cf110f36,ce437da4856845a9,,5c398713bafa8d39,B4,16,16,7fe30b1136,0,natural:106651461,ok,bursty|nat_106651461|bursty|rep0|seed20240909,8.0859
moderate,,nan,nat_106651461,1d19d1edba9feb1a52bf348e7299d759383824d4c758417d55045749cf110f36,ce437da4856845a9,,3ea749f309722ed1,B4,16,16,7fe30b1136,3,natural:106651461,ok,moderate|nat_106651461|moderate|rep3|seed20240909,8.511
moderate,,nan,nat_106651461,1d19d1edba9feb1a52bf348e7299d759383824d4c758417d55045749cf110f36,ce437da4856845a9,,d6856a73a294a471,B4,16,16,7fe30b1136,2,natural:106651461,ok,moderate|nat_106651461|moderate|rep2|seed20240909,8.6141
moderate,,nan,nat_106651461,1d19d1edba9feb1a52bf348e7299d759383824d4c758417d55045749cf110f36,ce437da4856845a9,,fb3c13b8db8b0b19,B4,16,16,7fe30b1136,4,natural:106651461,ok,moderate|nat_106651461|moderate|rep4|seed20240909,9.1445
clean,,nan,nat_106651461,1d19d1edba9feb1a52bf348e7299d759383824d4c758417d55045749cf110f36,ce437da4856845a9,,65c2eef795847d50,B4t,16,16,7e31e8b9ec,0,natural:106651461,ok,clean|nat_106651461|clean|rep0|seed20240909,5.7304
bursty,,nan,nat_106651461,1d19d1edba9feb1a52bf348e7299d759383824d4c758417d55045749cf110f36,ce437da4856845a9,,5677e907261dedd1,B4,16,16,7fe30b1136,1,natural:106651461,ok,bursty|nat_106651461|bursty|rep1|seed20240909,8.6991
bursty,,nan,nat_106651461,1d19d1edba9feb1a52bf348e7299d759383824d4c758417d55045749cf110f36,ce437da4856845a9,,8c4657847ca83bae,B4,16,16,7fe30b1136,2,natural:106651461,ok,bursty|nat_106651461|bursty|rep2|seed20240909,8.427
bursty,,nan,nat_106651461,1d19d1edba9feb1a52bf348e7299d759383824d4c758417d55045749cf110f36,ce437da4856845a9,,f31dd78253be093d,B4,16,16,7fe30b1136,4,natural:106651461,ok,bursty|nat_106651461|bursty|rep4|seed20240909,8.2376
bursty,,nan,nat_106651461,1d19d1edba9feb1a52bf348e7299d759383824d4c758417d55045749cf110f36,ce437da4856845a9,,29500d1c5f961376,B4,16,16,7fe30b1136,3,natural:106651461,ok,bursty|nat_106651461|bursty|rep3|seed20240909,8.504
clean,,nan,nat_106651461,1d19d1edba9feb1a52bf348e7299d759383824d4c758417d55045749cf110f36,ce437da4856845a9,,2c54c0d992868079,B4t,16,16,7e31e8b9ec,1,natural:106651461,ok,clean|nat_106651461|clean|rep1|seed20240909,5.6695
clean,,nan,nat_106651461,1d19d1edba9feb1a52bf348e7299d759383824d4c758417d55045749cf110f36,ce437da4856845a9,,b3631f1e903c3b26,B4t,16,16,7e31e8b9ec,2,natural:106651461,ok,clean|nat_106651461|clean|rep2|seed20240909,5.6281
clean,,nan,nat_106651461,1d19d1edba9feb1a52bf348e7299d759383824d4c758417d55045749cf110f36,ce437da4856845a9,,86efeda58420f959,B4t,16,16,7e31e8b9ec,4,natural:106651461,ok,clean|nat_106651461|clean|rep4|seed20240909,5.4913
clean,,nan,nat_106651461,1d19d1edba9feb1a52bf348e7299d759383824d4c758417d55045749cf110f36,ce437da4856845a9,,240dd18abc18da81,B4t,16,16,7e31e8b9ec,3,natural:106651461,ok,clean|nat_106651461|clean|rep3|seed20240909,5.6515
mild,,nan,nat_106651461,1d19d1edba9feb1a52bf348e7299d759383824d4c758417d55045749cf110f36,ce437da4856845a9,,fd64e9b59edd27fd,B4t,16,16,7e31e8b9ec,0,natural:106651461,ok,mild|nat_106651461|mild|rep0|seed20240909,5.908
mild,,nan,nat_106651461,1d19d1edba9feb1a52bf348e7299d759383824d4c758417d55045749cf110f36,ce437da4856845a9,,eb5feb7ee5805f80,B4t,16,16,7e31e8b9ec,1,natural:106651461,ok,mild|nat_106651461|mild|rep1|seed20240909,5.9129
mild,,nan,nat_106651461,1d19d1edba9feb1a52bf348e7299d759383824d4c758417d55045749cf110f36,ce437da4856845a9,,4fc93614004046f0,B4t,16,16,7e31e8b9ec,2,natural:106651461,ok,mild|nat_106651461|mild|rep2|seed20240909,5.868
mild,,nan,nat_106651461,1d19d1edba9feb1a52bf348e7299d759383824d4c758417d55045749cf110f36,ce437da4856845a9,,486436551e71e45b,B4t,16,16,7e31e8b9ec,3,natural:106651461,ok,mild|nat_106651461|mild|rep3|seed20240909,5.8907
mild,,nan,nat_106651461,1d19d1edba9feb1a52bf348e7299d759383824d4c758417d55045749cf110f36,ce437da4856845a9,,bd171604aebac97f,B4t,16,16,7e31e8b9ec,4,natural:106651461,ok,mild|nat_106651461|mild|rep4|seed20240909,5.922
harsh,,nan,nat_106651461,1d19d1edba9feb1a52bf348e7299d759383824d4c758417d55045749cf110f36,ce437da4856845a9,,79cf944275679f85,B4t,16,16,7e31e8b9ec,0,natural:106651461,ok,harsh|nat_106651461|harsh|rep0|seed20240909,3.4014
harsh,,nan,nat_106651461,1d19d1edba9feb1a52bf348e7299d759383824d4c758417d55045749cf110f36,ce437da4856845a9,,e6b0b8cf2d2574cf,B4t,16,16,7e31e8b9ec,1,natural:106651461,ok,harsh|nat_106651461|harsh|rep1|seed20240909,3.2929
harsh,,nan,nat_106651461,1d19d1edba9feb1a52bf348e7299d759383824d4c758417d55045749cf110f36,ce437da4856845a9,,75909d68d50ed1ea,B4t,16,16,7e31e8b9ec,2,natural:106651461,ok,harsh|nat_106651461|harsh|rep2|seed20240909,3.4402
harsh,,nan,nat_106651461,1d19d1edba9feb1a52bf348e7299d759383824d4c758417d55045749cf110f36,ce437da4856845a9,,fb2d75933acb6af4,B4t,16,16,7e31e8b9ec,3,natural:106651461,ok,harsh|nat_106651461|harsh|rep3|seed20240909,3.4474
harsh,,nan,nat_106651461,1d19d1edba9feb1a52bf348e7299d759383824d4c758417d55045749cf110f36,ce437da4856845a9,,11d59a4da6422555,B4t,16,16,7e31e8b9ec,4,natural:106651461,ok,harsh|nat_106651461|harsh|rep4|seed20240909,3.3294
moderate,,nan,nat_106651461,1d19d1edba9feb1a52bf348e7299d759383824d4c758417d55045749cf110f36,ce437da4856845a9,,b42e198192f21df8,B4t,16,16,7e31e8b9ec,0,natural:106651461,ok,moderate|nat_106651461|moderate|rep0|seed20240909,10.8184
moderate,,nan,nat_106651461,1d19d1edba9feb1a52bf348e7299d759383824d4c758417d55045749cf110f36,ce437da4856845a9,,6a656e0a8c0d8e25,B4t,16,16,7e31e8b9ec,2,natural:106651461,ok,moderate|nat_106651461|moderate|rep2|seed20240909,10.2432
moderate,,nan,nat_106651461,1d19d1edba9feb1a52bf348e7299d759383824d4c758417d55045749cf110f36,ce437da4856845a9,,54f1d6b63589c502,B4t,16,16,7e31e8b9ec,1,natural:106651461,ok,moderate|nat_106651461|moderate|rep1|seed20240909,10.5022
moderate,,nan,nat_106651461,1d19d1edba9feb1a52bf348e7299d759383824d4c758417d55045749cf110f36,ce437da4856845a9,,c1c823e9825654c9,B4t,16,16,7e31e8b9ec,3,natural:106651461,ok,moderate|nat_106651461|moderate|rep3|seed20240909,10.0167
moderate,,nan,nat_106651461,1d19d1edba9feb1a52bf348e7299d759383824d4c758417d55045749cf110f36,ce437da4856845a9,,7c333ab6f756fd8e,B4t,16,16,7e31e8b9ec,4,natural:106651461,ok,moderate|nat_106651461|moderate|rep4|seed20240909,10.9581
bursty,,nan,nat_106651461,1d19d1edba9feb1a52bf348e7299d759383824d4c758417d55045749cf110f36,ce437da4856845a9,,196b49f107341ccf,B4t,16,16,7e31e8b9ec,0,natural:106651461,ok,bursty|nat_106651461|bursty|rep0|seed20240909,10.9179
bursty,,nan,nat_106651461,1d19d1edba9feb1a52bf348e7299d759383824d4c758417d55045749cf110f36,ce437da4856845a9,,5b8956cd3ee0fcb1,B4t,16,16,7e31e8b9ec,1,natural:106651461,ok,bursty|nat_106651461|bursty|rep1|seed20240909,11.0284
clean,,nan,nat_106651461,1d19d1edba9feb1a52bf348e7299d759383824d4c758417d55045749cf110f36,ce437da4856845a9,,cde7f37bcc4a666c,P,16,16,f6706417e8,0,natural:106651461,ok,clean|nat_106651461|clean|rep0|seed20240909,8.2737
bursty,,nan,nat_106651461,1d19d1edba9feb1a52bf348e7299d759383824d4c758417d55045749cf110f36,ce437da4856845a9,,dcea27cadef6d3f7,B4t,16,16,7e31e8b9ec,3,natural:106651461,ok,bursty|nat_106651461|bursty|rep3|seed20240909,10.8912
bursty,,nan,nat_106651461,1d19d1edba9feb1a52bf348e7299d759383824d4c758417d55045749cf110f36,ce437da4856845a9,,3d17583b0f67cd50,B4t,16,16,7e31e8b9ec,4,natural:106651461,ok,bursty|nat_106651461|bursty|rep4|seed20240909,10.8158
bursty,,nan,nat_106651461,1d19d1edba9feb1a52bf348e7299d759383824d4c758417d55045749cf110f36,ce437da4856845a9,,3e299d712a27e2e2,B4t,16,16,7e31e8b9ec,2,natural:106651461,ok,bursty|nat_106651461|bursty|rep2|seed20240909,11.0135
clean,,nan,nat_106651461,1d19d1edba9feb1a52bf348e7299d759383824d4c758417d55045749cf110f36,ce437da4856845a9,,89750c7526ff1677,P,16,16,f6706417e8,1,natural:106651461,ok,clean|nat_106651461|clean|rep1|seed20240909,8.2651
clean,,nan,nat_106651461,1d19d1edba9feb1a52bf348e7299d759383824d4c758417d55045749cf110f36,ce437da4856845a9,,42913cf55a6e90cc,P,16,16,f6706417e8,2,natural:106651461,ok,clean|nat_106651461|clean|rep2|seed20240909,8.2691
clean,,nan,nat_106651461,1d19d1edba9feb1a52bf348e7299d759383824d4c758417d55045749cf110f36,ce437da4856845a9,,65517a14c8533997,P,16,16,f6706417e8,3,natural:106651461,ok,clean|nat_106651461|clean|rep3|seed20240909,8.2533
clean,,nan,nat_106651461,1d19d1edba9feb1a52bf348e7299d759383824d4c758417d55045749cf110f36,ce437da4856845a9,,a09b3f37c310c0be,P,16,16,f6706417e8,4,natural:106651461,ok,clean|nat_106651461|clean|rep4|seed20240909,8.3438
mild,,nan,nat_106651461,1d19d1edba9feb1a52bf348e7299d759383824d4c758417d55045749cf110f36,ce437da4856845a9,,54e1b6c8ff363760,P,16,16,f6706417e8,0,natural:106651461,ok,mild|nat_106651461|mild|rep0|seed20240909,8.8449
mild,,nan,nat_106651461,1d19d1edba9feb1a52bf348e7299d759383824d4c758417d55045749cf110f36,ce437da4856845a9,,c8b779d1338aba51,P,16,16,f6706417e8,1,natural:106651461,ok,mild|nat_106651461|mild|rep1|seed20240909,8.6451
mild,,nan,nat_106651461,1d19d1edba9feb1a52bf348e7299d759383824d4c758417d55045749cf110f36,ce437da4856845a9,,4d70669036c6baf0,P,16,16,f6706417e8,2,natural:106651461,ok,mild|nat_106651461|mild|rep2|seed20240909,8.7794
mild,,nan,nat_106651461,1d19d1edba9feb1a52bf348e7299d759383824d4c758417d55045749cf110f36,ce437da4856845a9,,88b7ecea67e6a415,P,16,16,f6706417e8,3,natural:106651461,ok,mild|nat_106651461|mild|rep3|seed20240909,8.7536
mild,,nan,nat_106651461,1d19d1edba9feb1a52bf348e7299d759383824d4c758417d55045749cf110f36,ce437da4856845a9,,5f95a151d6aa0d43,P,16,16,f6706417e8,4,natural:106651461,ok,mild|nat_106651461|mild|rep4|seed20240909,8.6998
clean,,nan,nat_108911529,a0397d7cd43cc939ac32b29f2b9cfa8c44991d5c913600ecf69ab048ad2a5baa,ce437da4856845a9,,159f8b01e9dcb492,B0a,16,16,7fe30b1136,0,natural:108911529,ok,clean|nat_108911529|clean|rep0|seed20240909,0.4698
clean,,nan,nat_108911529,a0397d7cd43cc939ac32b29f2b9cfa8c44991d5c913600ecf69ab048ad2a5baa,ce437da4856845a9,,a6e4abbb1672ac15,B0a,16,16,7fe30b1136,1,natural:108911529,ok,clean|nat_108911529|clean|rep1|seed20240909,0.4637
clean,,nan,nat_108911529,a0397d7cd43cc939ac32b29f2b9cfa8c44991d5c913600ecf69ab048ad2a5baa,ce437da4856845a9,,0c7bdc48ec4a8339,B0a,16,16,7fe30b1136,2,natural:108911529,ok,clean|nat_108911529|clean|rep2|seed20240909,0.4474
harsh,,nan,nat_106651461,1d19d1edba9feb1a52bf348e7299d759383824d4c758417d55045749cf110f36,ce437da4856845a9,,d70b8163a328620f,P,16,16,f6706417e8,0,natural:106651461,ok,harsh|nat_106651461|harsh|rep0|seed20240909,5.1314
clean,,nan,nat_108911529,a0397d7cd43cc939ac32b29f2b9cfa8c44991d5c913600ecf69ab048ad2a5baa,ce437da4856845a9,,9689519bebbef28e,B0a,16,16,7fe30b1136,3,natural:108911529,ok,clean|nat_108911529|clean|rep3|seed20240909,0.4576
clean,,nan,nat_108911529,a0397d7cd43cc939ac32b29f2b9cfa8c44991d5c913600ecf69ab048ad2a5baa,ce437da4856845a9,,08546501d3b798bb,B0a,16,16,7fe30b1136,4,natural:108911529,ok,clean|nat_108911529|clean|rep4|seed20240909,0.5311
mild,,nan,nat_108911529,a0397d7cd43cc939ac32b29f2b9cfa8c44991d5c913600ecf69ab048ad2a5baa,ce437da4856845a9,,6382b618aae46a95,B0a,16,16,7fe30b1136,0,natural:108911529,ok,mild|nat_108911529|mild|rep0|seed20240909,0.6128
harsh,,nan,nat_106651461,1d19d1edba9feb1a52bf348e7299d759383824d4c758417d55045749cf110f36,ce437da4856845a9,,bce844be619ae82b,P,16,16,f6706417e8,1,natural:106651461,ok,harsh|nat_106651461|harsh|rep1|seed20240909,4.8634
mild,,nan,nat_108911529,a0397d7cd43cc939ac32b29f2b9cfa8c44991d5c913600ecf69ab048ad2a5baa,ce437da4856845a9,,342e237779bcba1e,B0a,16,16,7fe30b1136,1,natural:108911529,ok,mild|nat_108911529|mild|rep1|seed20240909,0.6101
mild,,nan,nat_108911529,a0397d7cd43cc939ac32b29f2b9cfa8c44991d5c913600ecf69ab048ad2a5baa,ce437da4856845a9,,1fa0113a2bd86d51,B0a,16,16,7fe30b1136,2,natural:108911529,ok,mild|nat_108911529|mild|rep2|seed20240909,0.6264
mild,,nan,nat_108911529,a0397d7cd43cc939ac32b29f2b9cfa8c44991d5c913600ecf69ab048ad2a5baa,ce437da4856845a9,,715817254d70eada,B0a,16,16,7fe30b1136,4,natural:108911529,ok,mild|nat_108911529|mild|rep4|seed20240909,0.6143
mild,,nan,nat_108911529,a0397d7cd43cc939ac32b29f2b9cfa8c44991d5c913600ecf69ab048ad2a5baa,ce437da4856845a9,,0302c51f82c5fb13,B0a,16,16,7fe30b1136,3,natural:108911529,ok,mild|nat_108911529|mild|rep3|seed20240909,0.7271
moderate,,nan,nat_108911529,a0397d7cd43cc939ac32b29f2b9cfa8c44991d5c913600ecf69ab048ad2a5baa,ce437da4856845a9,,8cde92666047992b,B0a,16,16,7fe30b1136,0,natural:108911529,ok,moderate|nat_108911529|moderate|rep0|seed20240909,0.6511
moderate,,nan,nat_108911529,a0397d7cd43cc939ac32b29f2b9cfa8c44991d5c913600ecf69ab048ad2a5baa,ce437da4856845a9,,2bb1989188e9f949,B0a,16,16,7fe30b1136,2,natural:108911529,ok,moderate|nat_108911529|moderate|rep2|seed20240909,0.6315
moderate,,nan,nat_108911529,a0397d7cd43cc939ac32b29f2b9cfa8c44991d5c913600ecf69ab048ad2a5baa,ce437da4856845a9,,f58616082eefaa1a,B0a,16,16,7fe30b1136,1,natural:108911529,ok,moderate|nat_108911529|moderate|rep1|seed20240909,0.6922
harsh,,nan,nat_106651461,1d19d1edba9feb1a52bf348e7299d759383824d4c758417d55045749cf110f36,ce437da4856845a9,,8a59a7a377207b93,P,16,16,f6706417e8,2,natural:106651461,ok,harsh|nat_106651461|harsh|rep2|seed20240909,4.9963
moderate,,nan,nat_108911529,a0397d7cd43cc939ac32b29f2b9cfa8c44991d5c913600ecf69ab048ad2a5baa,ce437da4856845a9,,174686d2b8cd99f3,B0a,16,16,7fe30b1136,3,natural:108911529,ok,moderate|nat_108911529|moderate|rep3|seed20240909,0.6863
moderate,,nan,nat_108911529,a0397d7cd43cc939ac32b29f2b9cfa8c44991d5c913600ecf69ab048ad2a5baa,ce437da4856845a9,,b56647da89b66252,B0a,16,16,7fe30b1136,4,natural:108911529,ok,moderate|nat_108911529|moderate|rep4|seed20240909,0.6608
bursty,,nan,nat_108911529,a0397d7cd43cc939ac32b29f2b9cfa8c44991d5c913600ecf69ab048ad2a5baa,ce437da4856845a9,,5c92865ae0f5fcfb,B0a,16,16,7fe30b1136,0,natural:108911529,ok,bursty|nat_108911529|bursty|rep0|seed20240909,0.6882
harsh,,nan,nat_106651461,1d19d1edba9feb1a52bf348e7299d759383824d4c758417d55045749cf110f36,ce437da4856845a9,,8d4d68d277811861,P,16,16,f6706417e8,3,natural:106651461,ok,harsh|nat_106651461|harsh|rep3|seed20240909,4.9351
harsh,,nan,nat_106651461,1d19d1edba9feb1a52bf348e7299d759383824d4c758417d55045749cf110f36,ce437da4856845a9,,f620e3263a04cee1,P,16,16,f6706417e8,4,natural:106651461,ok,harsh|nat_106651461|harsh|rep4|seed20240909,5.1006
bursty,,nan,nat_108911529,a0397d7cd43cc939ac32b29f2b9cfa8c44991d5c913600ecf69ab048ad2a5baa,ce437da4856845a9,,d29d666064b8e777,B0a,16,16,7fe30b1136,1,natural:108911529,ok,bursty|nat_108911529|bursty|rep1|seed20240909,0.6084
bursty,,nan,nat_108911529,a0397d7cd43cc939ac32b29f2b9cfa8c44991d5c913600ecf69ab048ad2a5baa,ce437da4856845a9,,872a95a57bf31552,B0a,16,16,7fe30b1136,2,natural:108911529,ok,bursty|nat_108911529|bursty|rep2|seed20240909,0.661
bursty,,nan,nat_108911529,a0397d7cd43cc939ac32b29f2b9cfa8c44991d5c913600ecf69ab048ad2a5baa,ce437da4856845a9,,d711013fcca187ba,B0a,16,16,7fe30b1136,3,natural:108911529,ok,bursty|nat_108911529|bursty|rep3|seed20240909,0.658
bursty,,nan,nat_108911529,a0397d7cd43cc939ac32b29f2b9cfa8c44991d5c913600ecf69ab048ad2a5baa,ce437da4856845a9,,888960e9ecf6d351,B0a,16,16,7fe30b1136,4,natural:108911529,ok,bursty|nat_108911529|bursty|rep4|seed20240909,0.6082
harsh,,nan,nat_108911529,a0397d7cd43cc939ac32b29f2b9cfa8c44991d5c913600ecf69ab048ad2a5baa,ce437da4856845a9,,9d771534a3cc8777,B0a,16,16,7fe30b1136,0,natural:108911529,ok,harsh|nat_108911529|harsh|rep0|seed20240909,0.7301
harsh,,nan,nat_108911529,a0397d7cd43cc939ac32b29f2b9cfa8c44991d5c913600ecf69ab048ad2a5baa,ce437da4856845a9,,a8bb901264f957db,B0a,16,16,7fe30b1136,2,natural:108911529,ok,harsh|nat_108911529|harsh|rep2|seed20240909,0.6841
harsh,,nan,nat_108911529,a0397d7cd43cc939ac32b29f2b9cfa8c44991d5c913600ecf69ab048ad2a5baa,ce437da4856845a9,,0c7942dc4d9ab0e3,B0a,16,16,7fe30b1136,1,natural:108911529,ok,harsh|nat_108911529|harsh|rep1|seed20240909,0.7243
harsh,,nan,nat_108911529,a0397d7cd43cc939ac32b29f2b9cfa8c44991d5c913600ecf69ab048ad2a5baa,ce437da4856845a9,,654586ccc1602803,B0a,16,16,7fe30b1136,3,natural:108911529,ok,harsh|nat_108911529|harsh|rep3|seed20240909,0.647
harsh,,nan,nat_108911529,a0397d7cd43cc939ac32b29f2b9cfa8c44991d5c913600ecf69ab048ad2a5baa,ce437da4856845a9,,076d772c72dd0eb0,B0a,16,16,7fe30b1136,4,natural:108911529,ok,harsh|nat_108911529|harsh|rep4|seed20240909,0.6896
clean,,nan,nat_108911529,a0397d7cd43cc939ac32b29f2b9cfa8c44991d5c913600ecf69ab048ad2a5baa,ce437da4856845a9,,e2d137bcf3331043,B0a-R,16,16,7fe30b1136,0,natural:108911529,ok,clean|nat_108911529|clean|rep0|seed20240909,1.2034
clean,,nan,nat_108911529,a0397d7cd43cc939ac32b29f2b9cfa8c44991d5c913600ecf69ab048ad2a5baa,ce437da4856845a9,,db23563d0634141b,B0a-R,16,16,7fe30b1136,1,natural:108911529,ok,clean|nat_108911529|clean|rep1|seed20240909,1.2443
clean,,nan,nat_108911529,a0397d7cd43cc939ac32b29f2b9cfa8c44991d5c913600ecf69ab048ad2a5baa,ce437da4856845a9,,9d1008491822d0d6,B0a-R,16,16,7fe30b1136,2,natural:108911529,ok,clean|nat_108911529|clean|rep2|seed20240909,1.2511
clean,,nan,nat_108911529,a0397d7cd43cc939ac32b29f2b9cfa8c44991d5c913600ecf69ab048ad2a5baa,ce437da4856845a9,,e7de9367011d8a79,B0a-R,16,16,7fe30b1136,3,natural:108911529,ok,clean|nat_108911529|clean|rep3|seed20240909,1.3373
clean,,nan,nat_108911529,a0397d7cd43cc939ac32b29f2b9cfa8c44991d5c913600ecf69ab048ad2a5baa,ce437da4856845a9,,2078487e7b25d34c,B0a-R,16,16,7fe30b1136,4,natural:108911529,ok,clean|nat_108911529|clean|rep4|seed20240909,1.3099
mild,,nan,nat_108911529,a0397d7cd43cc939ac32b29f2b9cfa8c44991d5c913600ecf69ab048ad2a5baa,ce437da4856845a9,,b570a974fc8c7ecd,B0a-R,16,16,7fe30b1136,0,natural:108911529,ok,mild|nat_108911529|mild|rep0|seed20240909,1.7766
mild,,nan,nat_108911529,a0397d7cd43cc939ac32b29f2b9cfa8c44991d5c913600ecf69ab048ad2a5baa,ce437da4856845a9,,69ca303c170f1990,B0a-R,16,16,7fe30b1136,1,natural:108911529,ok,mild|nat_108911529|mild|rep1|seed20240909,1.7553
mild,,nan,nat_108911529,a0397d7cd43cc939ac32b29f2b9cfa8c44991d5c913600ecf69ab048ad2a5baa,ce437da4856845a9,,bba1aab048318a25,B0a-R,16,16,7fe30b1136,2,natural:108911529,ok,mild|nat_108911529|mild|rep2|seed20240909,1.7239
mild,,nan,nat_108911529,a0397d7cd43cc939ac32b29f2b9cfa8c44991d5c913600ecf69ab048ad2a5baa,ce437da4856845a9,,8b7589fd7977244c,B0a-R,16,16,7fe30b1136,3,natural:108911529,ok,mild|nat_108911529|mild|rep3|seed20240909,1.7719
moderate,,nan,nat_106651461,1d19d1edba9feb1a52bf348e7299d759383824d4c758417d55045749cf110f36,ce437da4856845a9,,77dcb60362a04b4a,P,16,16,f6706417e8,1,natural:106651461,ok,moderate|nat_106651461|moderate|rep1|seed20240909,15.1567
mild,,nan,nat_108911529,a0397d7cd43cc939ac32b29f2b9cfa8c44991d5c913600ecf69ab048ad2a5baa,ce437da4856845a9,,b6256692f333be31,B0a-R,16,16,7fe30b1136,4,natural:108911529,ok,mild|nat_108911529|mild|rep4|seed20240909,1.7118
moderate,,nan,nat_108911529,a0397d7cd43cc939ac32b29f2b9cfa8c44991d5c913600ecf69ab048ad2a5baa,ce437da4856845a9,,a19c8a3e92e3b226,B0a-R,16,16,7fe30b1136,0,natural:108911529,ok,moderate|nat_108911529|moderate|rep0|seed20240909,1.9299
moderate,,nan,nat_106651461,1d19d1edba9feb1a52bf348e7299d759383824d4c758417d55045749cf110f36,ce437da4856845a9,,8bf4d35dfda4287c,P,16,16,f6706417e8,0,natural:106651461,ok,moderate|nat_106651461|moderate|rep0|seed20240909,15.8137
moderate,,nan,nat_106651461,1d19d1edba9feb1a52bf348e7299d759383824d4c758417d55045749cf110f36,ce437da4856845a9,,0e4ba3bc9d6f20e4,P,16,16,f6706417e8,3,natural:106651461,ok,moderate|nat_106651461|moderate|rep3|seed20240909,15.4082
moderate,,nan,nat_106651461,1d19d1edba9feb1a52bf348e7299d759383824d4c758417d55045749cf110f36,ce437da4856845a9,,2e9fef513b7a960f,P,16,16,f6706417e8,2,natural:106651461,ok,moderate|nat_106651461|moderate|rep2|seed20240909,15.7151
moderate,,nan,nat_108911529,a0397d7cd43cc939ac32b29f2b9cfa8c44991d5c913600ecf69ab048ad2a5baa,ce437da4856845a9,,32ed3673b63ea861,B0a-R,16,16,7fe30b1136,1,natural:108911529,ok,moderate|nat_108911529|moderate|rep1|seed20240909,1.9207
bursty,,nan,nat_106651461,1d19d1edba9feb1a52bf348e7299d759383824d4c758417d55045749cf110f36,ce437da4856845a9,,d25227f90194fba4,P,16,16,f6706417e8,0,natural:106651461,ok,bursty|nat_106651461|bursty|rep0|seed20240909,15.3617
bursty,,nan,nat_106651461,1d19d1edba9feb1a52bf348e7299d759383824d4c758417d55045749cf110f36,ce437da4856845a9,,30d28e95d8059aa7,P,16,16,f6706417e8,1,natural:106651461,ok,bursty|nat_106651461|bursty|rep1|seed20240909,15.4858
moderate,,nan,nat_108911529,a0397d7cd43cc939ac32b29f2b9cfa8c44991d5c913600ecf69ab048ad2a5baa,ce437da4856845a9,,580c6d7b3767e93b,B0a-R,16,16,7fe30b1136,2,natural:108911529,ok,moderate|nat_108911529|moderate|rep2|seed20240909,2.0077
moderate,,nan,nat_108911529,a0397d7cd43cc939ac32b29f2b9cfa8c44991d5c913600ecf69ab048ad2a5baa,ce437da4856845a9,,aeaad1d2c2b17038,B0a-R,16,16,7fe30b1136,3,natural:108911529,ok,moderate|nat_108911529|moderate|rep3|seed20240909,2.0043
bursty,,nan,nat_108911529,a0397d7cd43cc939ac32b29f2b9cfa8c44991d5c913600ecf69ab048ad2a5baa,ce437da4856845a9,,2f51056efebc6129,B0a-R,16,16,7fe30b1136,0,natural:108911529,ok,bursty|nat_108911529|bursty|rep0|seed20240909,1.7634
bursty,,nan,nat_106651461,1d19d1edba9feb1a52bf348e7299d759383824d4c758417d55045749cf110f36,ce437da4856845a9,,4c163745c739525c,P,16,16,f6706417e8,2,natural:106651461,ok,bursty|nat_106651461|bursty|rep2|seed20240909,15.1461
bursty,,nan,nat_108911529,a0397d7cd43cc939ac32b29f2b9cfa8c44991d5c913600ecf69ab048ad2a5baa,ce437da4856845a9,,a2345ae47744c4b7,B0a-R,16,16,7fe30b1136,1,natural:108911529,ok,bursty|nat_108911529|bursty|rep1|seed20240909,1.95
moderate,,nan,nat_108911529,a0397d7cd43cc939ac32b29f2b9cfa8c44991d5c913600ecf69ab048ad2a5baa,ce437da4856845a9,,409b9704af683985,B0a-R,16,16,7fe30b1136,4,natural:108911529,ok,moderate|nat_108911529|moderate|rep4|seed20240909,2.0301
bursty,,nan,nat_108911529,a0397d7cd43cc939ac32b29f2b9cfa8c44991d5c913600ecf69ab048ad2a5baa,ce437da4856845a9,,b554c6d33983d113,B0a-R,16,16,7fe30b1136,2,natural:108911529,ok,bursty|nat_108911529|bursty|rep2|seed20240909,1.9257
moderate,,nan,nat_106651461,1d19d1edba9feb1a52bf348e7299d759383824d4c758417d55045749cf110f36,ce437da4856845a9,,801926ca58ecf4ea,P,16,16,f6706417e8,4,natural:106651461,ok,moderate|nat_106651461|moderate|rep4|seed20240909,16.6424
bursty,,nan,nat_108911529,a0397d7cd43cc939ac32b29f2b9cfa8c44991d5c913600ecf69ab048ad2a5baa,ce437da4856845a9,,08ec7829889ae7ae,B0a-R,16,16,7fe30b1136,4,natural:108911529,ok,bursty|nat_108911529|bursty|rep4|seed20240909,1.7817
bursty,,nan,nat_108911529,a0397d7cd43cc939ac32b29f2b9cfa8c44991d5c913600ecf69ab048ad2a5baa,ce437da4856845a9,,d869b9f8306935bb,B0a-R,16,16,7fe30b1136,3,natural:108911529,ok,bursty|nat_108911529|bursty|rep3|seed20240909,1.9424
bursty,,nan,nat_106651461,1d19d1edba9feb1a52bf348e7299d759383824d4c758417d55045749cf110f36,ce437da4856845a9,,9cb813c47e49c68f,P,16,16,f6706417e8,4,natural:106651461,ok,bursty|nat_106651461|bursty|rep4|seed20240909,15.3161
bursty,,nan,nat_106651461,1d19d1edba9feb1a52bf348e7299d759383824d4c758417d55045749cf110f36,ce437da4856845a9,,429e8247322c468c,P,16,16,f6706417e8,3,natural:106651461,ok,bursty|nat_106651461|bursty|rep3|seed20240909,15.8152
harsh,,nan,nat_108911529,a0397d7cd43cc939ac32b29f2b9cfa8c44991d5c913600ecf69ab048ad2a5baa,ce437da4856845a9,,4cb8236dccb055f0,B0a-R,16,16,7fe30b1136,0,natural:108911529,ok,harsh|nat_108911529|harsh|rep0|seed20240909,2.0872
harsh,,nan,nat_108911529,a0397d7cd43cc939ac32b29f2b9cfa8c44991d5c913600ecf69ab048ad2a5baa,ce437da4856845a9,,f1ae640d2d56fb2d,B0a-R,16,16,7fe30b1136,1,natural:108911529,ok,harsh|nat_108911529|harsh|rep1|seed20240909,2.0899
harsh,,nan,nat_108911529,a0397d7cd43cc939ac32b29f2b9cfa8c44991d5c913600ecf69ab048ad2a5baa,ce437da4856845a9,,b46a87c13127b602,B0a-R,16,16,7fe30b1136,2,natural:108911529,ok,harsh|nat_108911529|harsh|rep2|seed20240909,2.069
harsh,,nan,nat_108911529,a0397d7cd43cc939ac32b29f2b9cfa8c44991d5c913600ecf69ab048ad2a5baa,ce437da4856845a9,,9f7fab61edb42b4a,B0a-R,16,16,7fe30b1136,3,natural:108911529,ok,harsh|nat_108911529|harsh|rep3|seed20240909,2.0254
harsh,,nan,nat_108911529,a0397d7cd43cc939ac32b29f2b9cfa8c44991d5c913600ecf69ab048ad2a5baa,ce437da4856845a9,,70c42e4bc0fefb24,B0a-R,16,16,7fe30b1136,4,natural:108911529,ok,harsh|nat_108911529|harsh|rep4|seed20240909,1.9397
clean,,nan,nat_108911529,a0397d7cd43cc939ac32b29f2b9cfa8c44991d5c913600ecf69ab048ad2a5baa,ce437da4856845a9,,5d904f66abf8f137,B0d,16,16,7fe30b1136,0,natural:108911529,ok,clean|nat_108911529|clean|rep0|seed20240909,4.5866
clean,,nan,nat_108911529,a0397d7cd43cc939ac32b29f2b9cfa8c44991d5c913600ecf69ab048ad2a5baa,ce437da4856845a9,,df5a1e05e9c3563b,B0d,16,16,7fe30b1136,1,natural:108911529,ok,clean|nat_108911529|clean|rep1|seed20240909,4.5747
clean,,nan,nat_108911529,a0397d7cd43cc939ac32b29f2b9cfa8c44991d5c913600ecf69ab048ad2a5baa,ce437da4856845a9,,245a1699ae73ae23,B0d,16,16,7fe30b1136,2,natural:108911529,ok,clean|nat_108911529|clean|rep2|seed20240909,4.6124
clean,,nan,nat_108911529,a0397d7cd43cc939ac32b29f2b9cfa8c44991d5c913600ecf69ab048ad2a5baa,ce437da4856845a9,,c43c82be74823ba5,B0d,16,16,7fe30b1136,4,natural:108911529,ok,clean|nat_108911529|clean|rep4|seed20240909,4.5464
clean,,nan,nat_108911529,a0397d7cd43cc939ac32b29f2b9cfa8c44991d5c913600ecf69ab048ad2a5baa,ce437da4856845a9,,5c3cbaee467e5437,B0d,16,16,7fe30b1136,3,natural:108911529,ok,clean|nat_108911529|clean|rep3|seed20240909,4.6112
mild,,nan,nat_108911529,a0397d7cd43cc939ac32b29f2b9cfa8c44991d5c913600ecf69ab048ad2a5baa,ce437da4856845a9,,292b664274eca8ca,B0d,16,16,7fe30b1136,0,natural:108911529,ok,mild|nat_108911529|mild|rep0|seed20240909,4.788
mild,,nan,nat_108911529,a0397d7cd43cc939ac32b29f2b9cfa8c44991d5c913600ecf69ab048ad2a5baa,ce437da4856845a9,,99e07ec533a51cc8,B0d,16,16,7fe30b1136,1,natural:108911529,ok,mild|nat_108911529|mild|rep1|seed20240909,4.7894
mild,,nan,nat_108911529,a0397d7cd43cc939ac32b29f2b9cfa8c44991d5c913600ecf69ab048ad2a5baa,ce437da4856845a9,,c2e5c464ec2749cc,B0d,16,16,7fe30b1136,2,natural:108911529,ok,mild|nat_108911529|mild|rep2|seed20240909,4.7416
mild,,nan,nat_108911529,a0397d7cd43cc939ac32b29f2b9cfa8c44991d5c913600ecf69ab048ad2a5baa,ce437da4856845a9,,0d7ceb69c707ffa8,B0d,16,16,7fe30b1136,4,natural:108911529,ok,mild|nat_108911529|mild|rep4|seed20240909,4.7644
mild,,nan,nat_108911529,a0397d7cd43cc939ac32b29f2b9cfa8c44991d5c913600ecf69ab048ad2a5baa,ce437da4856845a9,,ec658755e309dc6c,B0d,16,16,7fe30b1136,3,natural:108911529,ok,mild|nat_108911529|mild|rep3|seed20240909,4.8073
clean,,nan,nat_108911529,a0397d7cd43cc939ac32b29f2b9cfa8c44991d5c913600ecf69ab048ad2a5baa,ce437da4856845a9,,87208e9ee47c2a5b,B1,16,16,7fe30b1136,0,natural:108911529,ok,clean|nat_108911529|clean|rep0|seed20240909,0.4485
clean,,nan,nat_108911529,a0397d7cd43cc939ac32b29f2b9cfa8c44991d5c913600ecf69ab048ad2a5baa,ce437da4856845a9,,693b77393e70a6b8,B1,16,16,7fe30b1136,1,natural:108911529,ok,clean|nat_108911529|clean|rep1|seed20240909,0.4569
clean,,nan,nat_108911529,a0397d7cd43cc939ac32b29f2b9cfa8c44991d5c913600ecf69ab048ad2a5baa,ce437da4856845a9,,0ddc59961dd365c2,B1,16,16,7fe30b1136,2,natural:108911529,ok,clean|nat_108911529|clean|rep2|seed20240909,0.4845
clean,,nan,nat_108911529,a0397d7cd43cc939ac32b29f2b9cfa8c44991d5c913600ecf69ab048ad2a5baa,ce437da4856845a9,,4c9f7be4f85e6c06,B1,16,16,7fe30b1136,3,natural:108911529,ok,clean|nat_108911529|clean|rep3|seed20240909,0.4425
harsh,,nan,nat_108911529,a0397d7cd43cc939ac32b29f2b9cfa8c44991d5c913600ecf69ab048ad2a5baa,ce437da4856845a9,,ba7f317a1f27a959,B0d,16,16,7fe30b1136,0,natural:108911529,ok,harsh|nat_108911529|harsh|rep0|seed20240909,2.9894
clean,,nan,nat_108911529,a0397d7cd43cc939ac32b29f2b9cfa8c44991d5c913600ecf69ab048ad2a5baa,ce437da4856845a9,,bb51187a990e58c2,B1,16,16,7fe30b1136,4,natural:108911529,ok,clean|nat_108911529|clean|rep4|seed20240909,0.4876
moderate,,nan,nat_108911529,a0397d7cd43cc939ac32b29f2b9cfa8c44991d5c913600ecf69ab048ad2a5baa,ce437da4856845a9,,8886938b76bf6394,B0d,16,16,7fe30b1136,0,natural:108911529,ok,moderate|nat_108911529|moderate|rep0|seed20240909,7.1978
harsh,,nan,nat_108911529,a0397d7cd43cc939ac32b29f2b9cfa8c44991d5c913600ecf69ab048ad2a5baa,ce437da4856845a9,,23be27c9bfad64e8,B0d,16,16,7fe30b1136,1,natural:108911529,ok,harsh|nat_108911529|harsh|rep1|seed20240909,3.0635
harsh,,nan,nat_108911529,a0397d7cd43cc939ac32b29f2b9cfa8c44991d5c913600ecf69ab048ad2a5baa,ce437da4856845a9,,e5b12fe3f5c5852e,B0d,16,16,7fe30b1136,3,natural:108911529,ok,harsh|nat_108911529|harsh|rep3|seed20240909,2.8934
mild,,nan,nat_108911529,a0397d7cd43cc939ac32b29f2b9cfa8c44991d5c913600ecf69ab048ad2a5baa,ce437da4856845a9,,b9d39a4771d18b70,B1,16,16,7fe30b1136,0,natural:108911529,ok,mild|nat_108911529|mild|rep0|seed20240909,0.5834
harsh,,nan,nat_108911529,a0397d7cd43cc939ac32b29f2b9cfa8c44991d5c913600ecf69ab048ad2a5baa,ce437da4856845a9,,4455ac4c7d2c4d70,B0d,16,16,7fe30b1136,4,natural:108911529,ok,harsh|nat_108911529|harsh|rep4|seed20240909,2.9606
mild,,nan,nat_108911529,a0397d7cd43cc939ac32b29f2b9cfa8c44991d5c913600ecf69ab048ad2a5baa,ce437da4856845a9,,42d63566e307d987,B1,16,16,7fe30b1136,1,natural:108911529,ok,mild|nat_108911529|mild|rep1|seed20240909,0.6387
harsh,,nan,nat_108911529,a0397d7cd43cc939ac32b29f2b9cfa8c44991d5c913600ecf69ab048ad2a5baa,ce437da4856845a9,,b8ac65a49aad2925,B0d,16,16,7fe30b1136,2,natural:108911529,ok,harsh|nat_108911529|harsh|rep2|seed20240909,3.2055
moderate,,nan,nat_108911529,a0397d7cd43cc939ac32b29f2b9cfa8c44991d5c913600ecf69ab048ad2a5baa,ce437da4856845a9,,ba4ff70201e50ec5,B0d,16,16,7fe30b1136,1,natural:108911529,ok,moderate|nat_108911529|moderate|rep1|seed20240909,7.6121
mild,,nan,nat_108911529,a0397d7cd43cc939ac32b29f2b9cfa8c44991d5c913600ecf69ab048ad2a5baa,ce437da4856845a9,,85924f84fc164337,B1,16,16,7fe30b1136,2,natural:108911529,ok,mild|nat_108911529|mild|rep2|seed20240909,0.7365
mild,,nan,nat_108911529,a0397d7cd43cc939ac32b29f2b9cfa8c44991d5c913600ecf69ab048ad2a5baa,ce437da4856845a9,,51907fabf1712140,B1,16,16,7fe30b1136,4,natural:108911529,ok,mild|nat_108911529|mild|rep4|seed20240909,0.6286
mild,,nan,nat_108911529,a0397d7cd43cc939ac32b29f2b9cfa8c44991d5c913600ecf69ab048ad2a5baa,ce437da4856845a9,,24b479eebca8f2f0,B1,16,16,7fe30b1136,3,natural:108911529,ok,mild|nat_108911529|mild|rep3|seed20240909,0.6912
moderate,,nan,nat_108911529,a0397d7cd43cc939ac32b29f2b9cfa8c44991d5c913600ecf69ab048ad2a5baa,ce437da4856845a9,,3f02125d0d356a32,B1,16,16,7fe30b1136,0,natural:108911529,ok,moderate|nat_108911529|moderate|rep0|seed20240909,0.7091
moderate,,nan,nat_108911529,a0397d7cd43cc939ac32b29f2b9cfa8c44991d5c913600ecf69ab048ad2a5baa,ce437da4856845a9,,dd83af5ada3c582a,B0d,16,16,7fe30b1136,3,natural:108911529,ok,moderate|nat_108911529|moderate|rep3|seed20240909,7.7433
moderate,,nan,nat_108911529,a0397d7cd43cc939ac32b29f2b9cfa8c44991d5c913600ecf69ab048ad2a5baa,ce437da4856845a9,,d78cf25ae609b4e4,B1,16,16,7fe30b1136,2,natural:108911529,ok,moderate|nat_108911529|moderate|rep2|seed20240909,0.6635
moderate,,nan,nat_108911529,a0397d7cd43cc939ac32b29f2b9cfa8c44991d5c913600ecf69ab048ad2a5baa,ce437da4856845a9,,ee7aade5ccd0ff3f,B1,16,16,7fe30b1136,1,natural:108911529,ok,moderate|nat_108911529|moderate|rep1|seed20240909,0.7099
moderate,,nan,nat_108911529,a0397d7cd43cc939ac32b29f2b9cfa8c44991d5c913600ecf69ab048ad2a5baa,ce437da4856845a9,,148920e52be38d94,B0d,16,16,7fe30b1136,2,natural:108911529,ok,moderate|nat_108911529|moderate|rep2|seed20240909,8.1365
moderate,,nan,nat_108911529,a0397d7cd43cc939ac32b29f2b9cfa8c44991d5c913600ecf69ab048ad2a5baa,ce437da4856845a9,,0d6123ddd1a28e5b,B1,16,16,7fe30b1136,3,natural:108911529,ok,moderate|nat_108911529|moderate|rep3|seed20240909,0.7608
moderate,,nan,nat_108911529,a0397d7cd43cc939ac32b29f2b9cfa8c44991d5c913600ecf69ab048ad2a5baa,ce437da4856845a9,,443114789b1d0105,B1,16,16,7fe30b1136,4,natural:108911529,ok,moderate|nat_108911529|moderate|rep4|seed20240909,0.7647
bursty,,nan,nat_108911529,a0397d7cd43cc939ac32b29f2b9cfa8c44991d5c913600ecf69ab048ad2a5baa,ce437da4856845a9,,9dbb582005fd4ce7,B1,16,16,7fe30b1136,1,natural:108911529,ok,bursty|nat_108911529|bursty|rep1|seed20240909,0.6365
bursty,,nan,nat_108911529,a0397d7cd43cc939ac32b29f2b9cfa8c44991d5c913600ecf69ab048ad2a5baa,ce437da4856845a9,,58b733d69da0443f,B1,16,16,7fe30b1136,2,natural:108911529,ok,bursty|nat_108911529|bursty|rep2|seed20240909,0.7081
bursty,,nan,nat_108911529,a0397d7cd43cc939ac32b29f2b9cfa8c44991d5c913600ecf69ab048ad2a5baa,ce437da4856845a9,,1840b50ef108f857,B1,16,16,7fe30b1136,0,natural:108911529,ok,bursty|nat_108911529|bursty|rep0|seed20240909,0.7356
bursty,,nan,nat_108911529,a0397d7cd43cc939ac32b29f2b9cfa8c44991d5c913600ecf69ab048ad2a5baa,ce437da4856845a9,,4281af4c61d6be47,B1,16,16,7fe30b1136,3,natural:108911529,ok,bursty|nat_108911529|bursty|rep3|seed20240909,0.6965
moderate,,nan,nat_108911529,a0397d7cd43cc939ac32b29f2b9cfa8c44991d5c913600ecf69ab048ad2a5baa,ce437da4856845a9,,8e0d220a0f982845,B0d,16,16,7fe30b1136,4,natural:108911529,ok,moderate|nat_108911529|moderate|rep4|seed20240909,8.2648
bursty,,nan,nat_108911529,a0397d7cd43cc939ac32b29f2b9cfa8c44991d5c913600ecf69ab048ad2a5baa,ce437da4856845a9,,60f7ac44f9f4a00d,B1,16,16,7fe30b1136,4,natural:108911529,ok,bursty|nat_108911529|bursty|rep4|seed20240909,0.7573
harsh,,nan,nat_108911529,a0397d7cd43cc939ac32b29f2b9cfa8c44991d5c913600ecf69ab048ad2a5baa,ce437da4856845a9,,2029a6f93bf26de4,B1,16,16,7fe30b1136,0,natural:108911529,ok,harsh|nat_108911529|harsh|rep0|seed20240909,0.7567
bursty,,nan,nat_108911529,a0397d7cd43cc939ac32b29f2b9cfa8c44991d5c913600ecf69ab048ad2a5baa,ce437da4856845a9,,bfb84e3be07d9d77,B0d,16,16,7fe30b1136,0,natural:108911529,ok,bursty|nat_108911529|bursty|rep0|seed20240909,8.3353
harsh,,nan,nat_108911529,a0397d7cd43cc939ac32b29f2b9cfa8c44991d5c913600ecf69ab048ad2a5baa,ce437da4856845a9,,0bf3f6cb461130db,B1,16,16,7fe30b1136,1,natural:108911529,ok,harsh|nat_108911529|harsh|rep1|seed20240909,0.7648
harsh,,nan,nat_108911529,a0397d7cd43cc939ac32b29f2b9cfa8c44991d5c913600ecf69ab048ad2a5baa,ce437da4856845a9,,444800277b5f326b,B1,16,16,7fe30b1136,3,natural:108911529,ok,harsh|nat_108911529|harsh|rep3|seed20240909,0.7474
clean,,nan,nat_108911529,a0397d7cd43cc939ac32b29f2b9cfa8c44991d5c913600ecf69ab048ad2a5baa,ce437da4856845a9,,5b8c92dde3d0d109,B2,16,16,7fe30b1136,0,natural:108911529,ok,clean|nat_108911529|clean|rep0|seed20240909,0.5217
harsh,,nan,nat_108911529,a0397d7cd43cc939ac32b29f2b9cfa8c44991d5c913600ecf69ab048ad2a5baa,ce437da4856845a9,,f5e367b9f3f8e2c0,B1,16,16,7fe30b1136,2,natural:108911529,ok,harsh|nat_108911529|harsh|rep2|seed20240909,0.8151
clean,,nan,nat_108911529,a0397d7cd43cc939ac32b29f2b9cfa8c44991d5c913600ecf69ab048ad2a5baa,ce437da4856845a9,,0c59dfabca0b7959,B2,16,16,7fe30b1136,1,natural:108911529,ok,clean|nat_108911529|clean|rep1|seed20240909,0.5362
clean,,nan,nat_108911529,a0397d7cd43cc939ac32b29f2b9cfa8c44991d5c913600ecf69ab048ad2a5baa,ce437da4856845a9,,245da7d939384f96,B2,16,16,7fe30b1136,2,natural:108911529,ok,clean|nat_108911529|clean|rep2|seed20240909,0.538
clean,,nan,nat_108911529,a0397d7cd43cc939ac32b29f2b9cfa8c44991d5c913600ecf69ab048ad2a5baa,ce437da4856845a9,,a98820b830e4c6b6,B2,16,16,7fe30b1136,3,natural:108911529,ok,clean|nat_108911529|clean|rep3|seed20240909,0.5376
harsh,,nan,nat_108911529,a0397d7cd43cc939ac32b29f2b9cfa8c44991d5c913600ecf69ab048ad2a5baa,ce437da4856845a9,,fb9f7e15739f3df3,B1,16,16,7fe30b1136,4,natural:108911529,ok,harsh|nat_108911529|harsh|rep4|seed20240909,0.7469
clean,,nan,nat_108911529,a0397d7cd43cc939ac32b29f2b9cfa8c44991d5c913600ecf69ab048ad2a5baa,ce437da4856845a9,,14181e7b2ac79d44,B2,16,16,7fe30b1136,4,natural:108911529,ok,clean|nat_108911529|clean|rep4|seed20240909,0.5721
mild,,nan,nat_108911529,a0397d7cd43cc939ac32b29f2b9cfa8c44991d5c913600ecf69ab048ad2a5baa,ce437da4856845a9,,c3773a8bfeff7130,B2,16,16,7fe30b1136,0,natural:108911529,ok,mild|nat_108911529|mild|rep0|seed20240909,0.7123
mild,,nan,nat_108911529,a0397d7cd43cc939ac32b29f2b9cfa8c44991d5c913600ecf69ab048ad2a5baa,ce437da4856845a9,,7516c6e29754a551,B2,16,16,7fe30b1136,3,natural:108911529,ok,mild|nat_108911529|mild|rep3|seed20240909,0.6931
mild,,nan,nat_108911529,a0397d7cd43cc939ac32b29f2b9cfa8c44991d5c913600ecf69ab048ad2a5baa,ce437da4856845a9,,8a3dcaab76fbce3a,B2,16,16,7fe30b1136,2,natural:108911529,ok,mild|nat_108911529|mild|rep2|seed20240909,0.739
mild,,nan,nat_108911529,a0397d7cd43cc939ac32b29f2b9cfa8c44991d5c913600ecf69ab048ad2a5baa,ce437da4856845a9,,bd978c51c188349d,B2,16,16,7fe30b1136,1,natural:108911529,ok,mild|nat_108911529|mild|rep1|seed20240909,0.8169
mild,,nan,nat_108911529,a0397d7cd43cc939ac32b29f2b9cfa8c44991d5c913600ecf69ab048ad2a5baa,ce437da4856845a9,,e1fda8466f0fc9e9,B2,16,16,7fe30b1136,4,natural:108911529,ok,mild|nat_108911529|mild|rep4|seed20240909,0.7855
moderate,,nan,nat_108911529,a0397d7cd43cc939ac32b29f2b9cfa8c44991d5c913600ecf69ab048ad2a5baa,ce437da4856845a9,,ba1eaaba01fa777c,B2,16,16,7fe30b1136,1,natural:108911529,ok,moderate|nat_108911529|moderate|rep1|seed20240909,0.7717
moderate,,nan,nat_108911529,a0397d7cd43cc939ac32b29f2b9cfa8c44991d5c913600ecf69ab048ad2a5baa,ce437da4856845a9,,775ae0c30363b1d9,B2,16,16,7fe30b1136,0,natural:108911529,ok,moderate|nat_108911529|moderate|rep0|seed20240909,0.8183
moderate,,nan,nat_108911529,a0397d7cd43cc939ac32b29f2b9cfa8c44991d5c913600ecf69ab048ad2a5baa,ce437da4856845a9,,12fcbb2276ac5d16,B2,16,16,7fe30b1136,3,natural:108911529,ok,moderate|nat_108911529|moderate|rep3|seed20240909,0.7787
moderate,,nan,nat_108911529,a0397d7cd43cc939ac32b29f2b9cfa8c44991d5c913600ecf69ab048ad2a5baa,ce437da4856845a9,,c53c35e69cd2baaa,B2,16,16,7fe30b1136,2,natural:108911529,ok,moderate|nat_108911529|moderate|rep2|seed20240909,0.7991
bursty,,nan,nat_108911529,a0397d7cd43cc939ac32b29f2b9cfa8c44991d5c913600ecf69ab048ad2a5baa,ce437da4856845a9,,490bdd895438fb24,B2,16,16,7fe30b1136,1,natural:108911529,ok,bursty|nat_108911529|bursty|rep1|seed20240909,0.679
moderate,,nan,nat_108911529,a0397d7cd43cc939ac32b29f2b9cfa8c44991d5c913600ecf69ab048ad2a5baa,ce437da4856845a9,,0473aad73a90599f,B2,16,16,7fe30b1136,4,natural:108911529,ok,moderate|nat_108911529|moderate|rep4|seed20240909,0.7784
bursty,,nan,nat_108911529,a0397d7cd43cc939ac32b29f2b9cfa8c44991d5c913600ecf69ab048ad2a5baa,ce437da4856845a9,,a30f93ba7eb08ed1,B2,16,16,7fe30b1136,0,natural:108911529,ok,bursty|nat_108911529|bursty|rep0|seed20240909,0.7678
bursty,,nan,nat_108911529,a0397d7cd43cc939ac32b29f2b9cfa8c44991d5c913600ecf69ab048ad2a5baa,ce437da4856845a9,,4577ff217be80f39,B2,16,16,7fe30b1136,2,natural:108911529,ok,bursty|nat_108911529|bursty|rep2|seed20240909,0.7087
bursty,,nan,nat_108911529,a0397d7cd43cc939ac32b29f2b9cfa8c44991d5c913600ecf69ab048ad2a5baa,ce437da4856845a9,,d0a7f2ac7d4bdb3d,B2,16,16,7fe30b1136,3,natural:108911529,ok,bursty|nat_108911529|bursty|rep3|seed20240909,0.6695
bursty,,nan,nat_108911529,a0397d7cd43cc939ac32b29f2b9cfa8c44991d5c913600ecf69ab048ad2a5baa,ce437da4856845a9,,a97984b4f31c69d8,B2,16,16,7fe30b1136,4,natural:108911529,ok,bursty|nat_108911529|bursty|rep4|seed20240909,0.7238
harsh,,nan,nat_108911529,a0397d7cd43cc939ac32b29f2b9cfa8c44991d5c913600ecf69ab048ad2a5baa,ce437da4856845a9,,0cbc03603b2552c9,B2,16,16,7fe30b1136,0,natural:108911529,ok,harsh|nat_108911529|harsh|rep0|seed20240909,0.7395
harsh,,nan,nat_108911529,a0397d7cd43cc939ac32b29f2b9cfa8c44991d5c913600ecf69ab048ad2a5baa,ce437da4856845a9,,7869a1361c4f433f,B2,16,16,7fe30b1136,1,natural:108911529,ok,harsh|nat_108911529|harsh|rep1|seed20240909,0.7183
bursty,,nan,nat_108911529,a0397d7cd43cc939ac32b29f2b9cfa8c44991d5c913600ecf69ab048ad2a5baa,ce437da4856845a9,,0cd551cc03ef756a,B0d,16,16,7fe30b1136,3,natural:108911529,ok,bursty|nat_108911529|bursty|rep3|seed20240909,7.025
harsh,,nan,nat_108911529,a0397d7cd43cc939ac32b29f2b9cfa8c44991d5c913600ecf69ab048ad2a5baa,ce437da4856845a9,,719594999f6c9559,B2,16,16,7fe30b1136,3,natural:108911529,ok,harsh|nat_108911529|harsh|rep3|seed20240909,0.6941
harsh,,nan,nat_108911529,a0397d7cd43cc939ac32b29f2b9cfa8c44991d5c913600ecf69ab048ad2a5baa,ce437da4856845a9,,92acbea7ce02022f,B2,16,16,7fe30b1136,2,natural:108911529,ok,harsh|nat_108911529|harsh|rep2|seed20240909,0.7482
harsh,,nan,nat_108911529,a0397d7cd43cc939ac32b29f2b9cfa8c44991d5c913600ecf69ab048ad2a5baa,ce437da4856845a9,,0053c8824e581e39,B2,16,16,7fe30b1136,4,natural:108911529,ok,harsh|nat_108911529|harsh|rep4|seed20240909,0.7065
bursty,,nan,nat_108911529,a0397d7cd43cc939ac32b29f2b9cfa8c44991d5c913600ecf69ab048ad2a5baa,ce437da4856845a9,,7d73fec8175b1e56,B0d,16,16,7fe30b1136,2,natural:108911529,ok,bursty|nat_108911529|bursty|rep2|seed20240909,8.3684
bursty,,nan,nat_108911529,a0397d7cd43cc939ac32b29f2b9cfa8c44991d5c913600ecf69ab048ad2a5baa,ce437da4856845a9,,c5e9698b53d3504c,B0d,16,16,7fe30b1136,1,natural:108911529,ok,bursty|nat_108911529|bursty|rep1|seed20240909,8.6844
bursty,,nan,nat_108911529,a0397d7cd43cc939ac32b29f2b9cfa8c44991d5c913600ecf69ab048ad2a5baa,ce437da4856845a9,,630499bbb8b70cfe,B0d,16,16,7fe30b1136,4,natural:108911529,ok,bursty|nat_108911529|bursty|rep4|seed20240909,8.4087
clean,,nan,nat_108911529,a0397d7cd43cc939ac32b29f2b9cfa8c44991d5c913600ecf69ab048ad2a5baa,ce437da4856845a9,,302eea27f2388929,B3,16,16,7fe30b1136,1,natural:108911529,ok,clean|nat_108911529|clean|rep1|seed20240909,3.1868
clean,,nan,nat_108911529,a0397d7cd43cc939ac32b29f2b9cfa8c44991d5c913600ecf69ab048ad2a5baa,ce437da4856845a9,,77264e9b657a75cd,B3,16,16,7fe30b1136,3,natural:108911529,ok,clean|nat_108911529|clean|rep3|seed20240909,3.1963
clean,,nan,nat_108911529,a0397d7cd43cc939ac32b29f2b9cfa8c44991d5c913600ecf69ab048ad2a5baa,ce437da4856845a9,,4ebbf694afd6f1fb,B3,16,16,7fe30b1136,0,natural:108911529,ok,clean|nat_108911529|clean|rep0|seed20240909,3.2726
clean,,nan,nat_108911529,a0397d7cd43cc939ac32b29f2b9cfa8c44991d5c913600ecf69ab048ad2a5baa,ce437da4856845a9,,9f08f1b8503fdc96,B3,16,16,7fe30b1136,2,natural:108911529,ok,clean|nat_108911529|clean|rep2|seed20240909,3.2559
clean,,nan,nat_108911529,a0397d7cd43cc939ac32b29f2b9cfa8c44991d5c913600ecf69ab048ad2a5baa,ce437da4856845a9,,77b90e39ec1c3765,B3,16,16,7fe30b1136,4,natural:108911529,ok,clean|nat_108911529|clean|rep4|seed20240909,3.2751
mild,,nan,nat_108911529,a0397d7cd43cc939ac32b29f2b9cfa8c44991d5c913600ecf69ab048ad2a5baa,ce437da4856845a9,,e16ebb82207969a1,B3,16,16,7fe30b1136,0,natural:108911529,ok,mild|nat_108911529|mild|rep0|seed20240909,3.3403
mild,,nan,nat_108911529,a0397d7cd43cc939ac32b29f2b9cfa8c44991d5c913600ecf69ab048ad2a5baa,ce437da4856845a9,,02c0c821c90958c1,B3,16,16,7fe30b1136,1,natural:108911529,ok,mild|nat_108911529|mild|rep1|seed20240909,3.3704
mild,,nan,nat_108911529,a0397d7cd43cc939ac32b29f2b9cfa8c44991d5c913600ecf69ab048ad2a5baa,ce437da4856845a9,,929a6e44bdcf5e93,B3,16,16,7fe30b1136,2,natural:108911529,ok,mild|nat_108911529|mild|rep2|seed20240909,3.3744
mild,,nan,nat_108911529,a0397d7cd43cc939ac32b29f2b9cfa8c44991d5c913600ecf69ab048ad2a5baa,ce437da4856845a9,,0bf7a4f94f8578fe,B3,16,16,7fe30b1136,3,natural:108911529,ok,mild|nat_108911529|mild|rep3|seed20240909,3.3365
mild,,nan,nat_108911529,a0397d7cd43cc939ac32b29f2b9cfa8c44991d5c913600ecf69ab048ad2a5baa,ce437da4856845a9,,e6fd9cbb376b6d94,B3,16,16,7fe30b1136,4,natural:108911529,ok,mild|nat_108911529|mild|rep4|seed20240909,3.3722
moderate,,nan,nat_108911529,a0397d7cd43cc939ac32b29f2b9cfa8c44991d5c913600ecf69ab048ad2a5baa,ce437da4856845a9,,b15f00e716da4c80,B3,16,16,7fe30b1136,0,natural:108911529,ok,moderate|nat_108911529|moderate|rep0|seed20240909,4.375
moderate,,nan,nat_108911529,a0397d7cd43cc939ac32b29f2b9cfa8c44991d5c913600ecf69ab048ad2a5baa,ce437da4856845a9,,e7fcaa0abca713ce,B3,16,16,7fe30b1136,1,natural:108911529,ok,moderate|nat_108911529|moderate|rep1|seed20240909,4.6724
harsh,,nan,nat_108911529,a0397d7cd43cc939ac32b29f2b9cfa8c44991d5c913600ecf69ab048ad2a5baa,ce437da4856845a9,,4e0e77cdccee2664,B3,16,16,7fe30b1136,0,natural:108911529,ok,harsh|nat_108911529|harsh|rep0|seed20240909,2.1631
moderate,,nan,nat_108911529,a0397d7cd43cc939ac32b29f2b9cfa8c44991d5c913600ecf69ab048ad2a5baa,ce437da4856845a9,,3425f23289fa4b2b,B3,16,16,7fe30b1136,2,natural:108911529,ok,moderate|nat_108911529|moderate|rep2|seed20240909,5.1268
harsh,,nan,nat_108911529,a0397d7cd43cc939ac32b29f2b9cfa8c44991d5c913600ecf69ab048ad2a5baa,ce437da4856845a9,,f9d6b60960ea3295,B3,16,16,7fe30b1136,1,natural:108911529,ok,harsh|nat_108911529|harsh|rep1|seed20240909,2.1921
harsh,,nan,nat_108911529,a0397d7cd43cc939ac32b29f2b9cfa8c44991d5c913600ecf69ab048ad2a5baa,ce437da4856845a9,,d0d780b55c31f773,B3,16,16,7fe30b1136,4,natural:108911529,ok,harsh|nat_108911529|harsh|rep4|seed20240909,2.1338
harsh,,nan,nat_108911529,a0397d7cd43cc939ac32b29f2b9cfa8c44991d5c913600ecf69ab048ad2a5baa,ce437da4856845a9,,ab28deaf319e0453,B3,16,16,7fe30b1136,2,natural:108911529,ok,harsh|nat_108911529|harsh|rep2|seed20240909,2.3077
harsh,,nan,nat_108911529,a0397d7cd43cc939ac32b29f2b9cfa8c44991d5c913600ecf69ab048ad2a5baa,ce437da4856845a9,,7a05c9fe283de88a,B3,16,16,7fe30b1136,3,natural:108911529,ok,harsh|nat_108911529|harsh|rep3|seed20240909,2.2946
moderate,,nan,nat_108911529,a0397d7cd43cc939ac32b29f2b9cfa8c44991d5c913600ecf69ab048ad2a5baa,ce437da4856845a9,,96db96e64553f876,B3,16,16,7fe30b1136,3,natural:108911529,ok,moderate|nat_108911529|moderate|rep3|seed20240909,4.8109
moderate,,nan,nat_108911529,a0397d7cd43cc939ac32b29f2b9cfa8c44991d5c913600ecf69ab048ad2a5baa,ce437da4856845a9,,33681b7df16348cf,B3,16,16,7fe30b1136,4,natural:108911529,ok,moderate|nat_108911529|moderate|rep4|seed20240909,4.8409
bursty,,nan,nat_108911529,a0397d7cd43cc939ac32b29f2b9cfa8c44991d5c913600ecf69ab048ad2a5baa,ce437da4856845a9,,b56728246900f655,B3,16,16,7fe30b1136,0,natural:108911529,ok,bursty|nat_108911529|bursty|rep0|seed20240909,5.01
bursty,,nan,nat_108911529,a0397d7cd43cc939ac32b29f2b9cfa8c44991d5c913600ecf69ab048ad2a5baa,ce437da4856845a9,,f9c84722019f71a7,B3,16,16,7fe30b1136,3,natural:108911529,ok,bursty|nat_108911529|bursty|rep3|seed20240909,4.5705
bursty,,nan,nat_108911529,a0397d7cd43cc939ac32b29f2b9cfa8c44991d5c913600ecf69ab048ad2a5baa,ce437da4856845a9,,9797b98d93f42578,B3,16,16,7fe30b1136,4,natural:108911529,ok,bursty|nat_108911529|bursty|rep4|seed20240909,5.0091
bursty,,nan,nat_108911529,a0397d7cd43cc939ac32b29f2b9cfa8c44991d5c913600ecf69ab048ad2a5baa,ce437da4856845a9,,cfd1c850bb7f3151,B3,16,16,7fe30b1136,2,natural:108911529,ok,bursty|nat_108911529|bursty|rep2|seed20240909,5.3338
bursty,,nan,nat_108911529,a0397d7cd43cc939ac32b29f2b9cfa8c44991d5c913600ecf69ab048ad2a5baa,ce437da4856845a9,,b1f29eec690fb1b4,B3,16,16,7fe30b1136,1,natural:108911529,ok,bursty|nat_108911529|bursty|rep1|seed20240909,5.524
clean,,nan,nat_108911529,a0397d7cd43cc939ac32b29f2b9cfa8c44991d5c913600ecf69ab048ad2a5baa,ce437da4856845a9,,da029d9222db12b2,B4,16,16,7fe30b1136,0,natural:108911529,ok,clean|nat_108911529|clean|rep0|seed20240909,4.9313
clean,,nan,nat_108911529,a0397d7cd43cc939ac32b29f2b9cfa8c44991d5c913600ecf69ab048ad2a5baa,ce437da4856845a9,,4b90f78c7145e2e0,B4,16,16,7fe30b1136,1,natural:108911529,ok,clean|nat_108911529|clean|rep1|seed20240909,4.9179
clean,,nan,nat_108911529,a0397d7cd43cc939ac32b29f2b9cfa8c44991d5c913600ecf69ab048ad2a5baa,ce437da4856845a9,,1ae19f35bcfae92d,B4,16,16,7fe30b1136,2,natural:108911529,ok,clean|nat_108911529|clean|rep2|seed20240909,4.9936
clean,,nan,nat_108911529,a0397d7cd43cc939ac32b29f2b9cfa8c44991d5c913600ecf69ab048ad2a5baa,ce437da4856845a9,,f22b32c9f79c436d,B4,16,16,7fe30b1136,3,natural:108911529,ok,clean|nat_108911529|clean|rep3|seed20240909,4.9644
clean,,nan,nat_108911529,a0397d7cd43cc939ac32b29f2b9cfa8c44991d5c913600ecf69ab048ad2a5baa,ce437da4856845a9,,c913389c4138b1ea,B4,16,16,7fe30b1136,4,natural:108911529,ok,clean|nat_108911529|clean|rep4|seed20240909,4.9486
mild,,nan,nat_108911529,a0397d7cd43cc939ac32b29f2b9cfa8c44991d5c913600ecf69ab048ad2a5baa,ce437da4856845a9,,69f82eba7777c0ae,B4,16,16,7fe30b1136,0,natural:108911529,ok,mild|nat_108911529|mild|rep0|seed20240909,5.1856
mild,,nan,nat_108911529,a0397d7cd43cc939ac32b29f2b9cfa8c44991d5c913600ecf69ab048ad2a5baa,ce437da4856845a9,,745bd53c8b99aa01,B4,16,16,7fe30b1136,2,natural:108911529,ok,mild|nat_108911529|mild|rep2|seed20240909,5.2802
mild,,nan,nat_108911529,a0397d7cd43cc939ac32b29f2b9cfa8c44991d5c913600ecf69ab048ad2a5baa,ce437da4856845a9,,efa5a96568a2c5e5,B4,16,16,7fe30b1136,1,natural:108911529,ok,mild|nat_108911529|mild|rep1|seed20240909,5.3416
mild,,nan,nat_108911529,a0397d7cd43cc939ac32b29f2b9cfa8c44991d5c913600ecf69ab048ad2a5baa,ce437da4856845a9,,9c1d83f02016450e,B4,16,16,7fe30b1136,3,natural:108911529,ok,mild|nat_108911529|mild|rep3|seed20240909,5.2939
mild,,nan,nat_108911529,a0397d7cd43cc939ac32b29f2b9cfa8c44991d5c913600ecf69ab048ad2a5baa,ce437da4856845a9,,3b15714f20b9ed92,B4,16,16,7fe30b1136,4,natural:108911529,ok,mild|nat_108911529|mild|rep4|seed20240909,5.239
harsh,,nan,nat_108911529,a0397d7cd43cc939ac32b29f2b9cfa8c44991d5c913600ecf69ab048ad2a5baa,ce437da4856845a9,,a8f6996fd1a9df1c,B4,16,16,7fe30b1136,0,natural:108911529,ok,harsh|nat_108911529|harsh|rep0|seed20240909,3.2401
harsh,,nan,nat_108911529,a0397d7cd43cc939ac32b29f2b9cfa8c44991d5c913600ecf69ab048ad2a5baa,ce437da4856845a9,,5c9e54b8a4ba4e32,B4,16,16,7fe30b1136,1,natural:108911529,ok,harsh|nat_108911529|harsh|rep1|seed20240909,3.281
harsh,,nan,nat_108911529,a0397d7cd43cc939ac32b29f2b9cfa8c44991d5c913600ecf69ab048ad2a5baa,ce437da4856845a9,,74937084106e32cb,B4,16,16,7fe30b1136,3,natural:108911529,ok,harsh|nat_108911529|harsh|rep3|seed20240909,3.1416
harsh,,nan,nat_108911529,a0397d7cd43cc939ac32b29f2b9cfa8c44991d5c913600ecf69ab048ad2a5baa,ce437da4856845a9,,90ff921683aff832,B4,16,16,7fe30b1136,4,natural:108911529,ok,harsh|nat_108911529|harsh|rep4|seed20240909,3.255
harsh,,nan,nat_108911529,a0397d7cd43cc939ac32b29f2b9cfa8c44991d5c913600ecf69ab048ad2a5baa,ce437da4856845a9,,d800f5b6ff911d69,B4,16,16,7fe30b1136,2,natural:108911529,ok,harsh|nat_108911529|harsh|rep2|seed20240909,3.3338
moderate,,nan,nat_108911529,a0397d7cd43cc939ac32b29f2b9cfa8c44991d5c913600ecf69ab048ad2a5baa,ce437da4856845a9,,1c1ba59869880ba3,B4,16,16,7fe30b1136,0,natural:108911529,ok,moderate|nat_108911529|moderate|rep0|seed20240909,7.8247
moderate,,nan,nat_108911529,a0397d7cd43cc939ac32b29f2b9cfa8c44991d5c913600ecf69ab048ad2a5baa,ce437da4856845a9,,c0291fcc7b36e782,B4,16,16,7fe30b1136,1,natural:108911529,ok,moderate|nat_108911529|moderate|rep1|seed20240909,8.4378
moderate,,nan,nat_108911529,a0397d7cd43cc939ac32b29f2b9cfa8c44991d5c913600ecf69ab048ad2a5baa,ce437da4856845a9,,79f0a584b9735db1,B4,16,16,7fe30b1136,2,natural:108911529,ok,moderate|nat_108911529|moderate|rep2|seed20240909,8.776
moderate,,nan,nat_108911529,a0397d7cd43cc939ac32b29f2b9cfa8c44991d5c913600ecf69ab048ad2a5baa,ce437da4856845a9,,15ce9a69a618fea7,B4,16,16,7fe30b1136,3,natural:108911529,ok,moderate|nat_108911529|moderate|rep3|seed20240909,8.5467
moderate,,nan,nat_108911529,a0397d7cd43cc939ac32b29f2b9cfa8c44991d5c913600ecf69ab048ad2a5baa,ce437da4856845a9,,988edb9f8a762f58,B4,16,16,7fe30b1136,4,natural:108911529,ok,moderate|nat_108911529|moderate|rep4|seed20240909,8.8098
clean,,nan,nat_108911529,a0397d7cd43cc939ac32b29f2b9cfa8c44991d5c913600ecf69ab048ad2a5baa,ce437da4856845a9,,ff3e46a53a5bd2d8,B4t,16,16,7e31e8b9ec,0,natural:108911529,ok,clean|nat_108911529|clean|rep0|seed20240909,5.6038
bursty,,nan,nat_108911529,a0397d7cd43cc939ac32b29f2b9cfa8c44991d5c913600ecf69ab048ad2a5baa,ce437da4856845a9,,0cd661ff13f45f10,B4,16,16,7fe30b1136,0,natural:108911529,ok,bursty|nat_108911529|bursty|rep0|seed20240909,8.8088
bursty,,nan,nat_108911529,a0397d7cd43cc939ac32b29f2b9cfa8c44991d5c913600ecf69ab048ad2a5baa,ce437da4856845a9,,a75f38b6213a6d8e,B4,16,16,7fe30b1136,3,natural:108911529,ok,bursty|nat_108911529|bursty|rep3|seed20240909,7.4851
bursty,,nan,nat_108911529,a0397d7cd43cc939ac32b29f2b9cfa8c44991d5c913600ecf69ab048ad2a5baa,ce437da4856845a9,,749a9c8ddeb3f59f,B4,16,16,7fe30b1136,1,natural:108911529,ok,bursty|nat_108911529|bursty|rep1|seed20240909,9.1962
bursty,,nan,nat_108911529,a0397d7cd43cc939ac32b29f2b9cfa8c44991d5c913600ecf69ab048ad2a5baa,ce437da4856845a9,,4431167fe9575f5d,B4,16,16,7fe30b1136,2,natural:108911529,ok,bursty|nat_108911529|bursty|rep2|seed20240909,8.6811
bursty,,nan,nat_108911529,a0397d7cd43cc939ac32b29f2b9cfa8c44991d5c913600ecf69ab048ad2a5baa,ce437da4856845a9,,7c65753902a36e3b,B4,16,16,7fe30b1136,4,natural:108911529,ok,bursty|nat_108911529|bursty|rep4|seed20240909,8.4971
clean,,nan,nat_108911529,a0397d7cd43cc939ac32b29f2b9cfa8c44991d5c913600ecf69ab048ad2a5baa,ce437da4856845a9,,c4199a20c15955c6,B4t,16,16,7e31e8b9ec,1,natural:108911529,ok,clean|nat_108911529|clean|rep1|seed20240909,5.6424
clean,,nan,nat_108911529,a0397d7cd43cc939ac32b29f2b9cfa8c44991d5c913600ecf69ab048ad2a5baa,ce437da4856845a9,,35f645a27a6aedb0,B4t,16,16,7e31e8b9ec,2,natural:108911529,ok,clean|nat_108911529|clean|rep2|seed20240909,5.519
clean,,nan,nat_108911529,a0397d7cd43cc939ac32b29f2b9cfa8c44991d5c913600ecf69ab048ad2a5baa,ce437da4856845a9,,f11d5ac8570ecadc,B4t,16,16,7e31e8b9ec,3,natural:108911529,ok,clean|nat_108911529|clean|rep3|seed20240909,5.5713
clean,,nan,nat_108911529,a0397d7cd43cc939ac32b29f2b9cfa8c44991d5c913600ecf69ab048ad2a5baa,ce437da4856845a9,,afb3991cf9846f82,B4t,16,16,7e31e8b9ec,4,natural:108911529,ok,clean|nat_108911529|clean|rep4|seed20240909,5.5788
mild,,nan,nat_108911529,a0397d7cd43cc939ac32b29f2b9cfa8c44991d5c913600ecf69ab048ad2a5baa,ce437da4856845a9,,3ede914a560ffe65,B4t,16,16,7e31e8b9ec,0,natural:108911529,ok,mild|nat_108911529|mild|rep0|seed20240909,5.9678
mild,,nan,nat_108911529,a0397d7cd43cc939ac32b29f2b9cfa8c44991d5c913600ecf69ab048ad2a5baa,ce437da4856845a9,,69e6ea1448908b26,B4t,16,16,7e31e8b9ec,1,natural:108911529,ok,mild|nat_108911529|mild|rep1|seed20240909,5.9953
mild,,nan,nat_108911529,a0397d7cd43cc939ac32b29f2b9cfa8c44991d5c913600ecf69ab048ad2a5baa,ce437da4856845a9,,922ee527af1ffd51,B4t,16,16,7e31e8b9ec,2,natural:108911529,ok,mild|nat_108911529|mild|rep2|seed20240909,5.9154
mild,,nan,nat_108911529,a0397d7cd43cc939ac32b29f2b9cfa8c44991d5c913600ecf69ab048ad2a5baa,ce437da4856845a9,,e0c8138e77a768f7,B4t,16,16,7e31e8b9ec,3,natural:108911529,ok,mild|nat_108911529|mild|rep3|seed20240909,5.962
mild,,nan,nat_108911529,a0397d7cd43cc939ac32b29f2b9cfa8c44991d5c913600ecf69ab048ad2a5baa,ce437da4856845a9,,7629df3b935f5300,B4t,16,16,7e31e8b9ec,4,natural:108911529,ok,mild|nat_108911529|mild|rep4|seed20240909,5.98
harsh,,nan,nat_108911529,a0397d7cd43cc939ac32b29f2b9cfa8c44991d5c913600ecf69ab048ad2a5baa,ce437da4856845a9,,1dbacd4133056ed9,B4t,16,16,7e31e8b9ec,0,natural:108911529,ok,harsh|nat_108911529|harsh|rep0|seed20240909,3.2538
harsh,,nan,nat_108911529,a0397d7cd43cc939ac32b29f2b9cfa8c44991d5c913600ecf69ab048ad2a5baa,ce437da4856845a9,,23597b54e879bb6d,B4t,16,16,7e31e8b9ec,1,natural:108911529,ok,harsh|nat_108911529|harsh|rep1|seed20240909,3.3936
harsh,,nan,nat_108911529,a0397d7cd43cc939ac32b29f2b9cfa8c44991d5c913600ecf69ab048ad2a5baa,ce437da4856845a9,,09cfadfc8f3cb14d,B4t,16,16,7e31e8b9ec,2,natural:108911529,ok,harsh|nat_108911529|harsh|rep2|seed20240909,3.5339
harsh,,nan,nat_108911529,a0397d7cd43cc939ac32b29f2b9cfa8c44991d5c913600ecf69ab048ad2a5baa,ce437da4856845a9,,772a6df515f11e74,B4t,16,16,7e31e8b9ec,3,natural:108911529,ok,harsh|nat_108911529|harsh|rep3|seed20240909,3.2419
harsh,,nan,nat_108911529,a0397d7cd43cc939ac32b29f2b9cfa8c44991d5c913600ecf69ab048ad2a5baa,ce437da4856845a9,,daf29c65bd9dd0c8,B4t,16,16,7e31e8b9ec,4,natural:108911529,ok,harsh|nat_108911529|harsh|rep4|seed20240909,3.3172
moderate,,nan,nat_108911529,a0397d7cd43cc939ac32b29f2b9cfa8c44991d5c913600ecf69ab048ad2a5baa,ce437da4856845a9,,ac612569e7b7e197,B4t,16,16,7e31e8b9ec,0,natural:108911529,ok,moderate|nat_108911529|moderate|rep0|seed20240909,10.4697
moderate,,nan,nat_108911529,a0397d7cd43cc939ac32b29f2b9cfa8c44991d5c913600ecf69ab048ad2a5baa,ce437da4856845a9,,b1be632f4425feb8,B4t,16,16,7e31e8b9ec,3,natural:108911529,ok,moderate|nat_108911529|moderate|rep3|seed20240909,10.3216
moderate,,nan,nat_108911529,a0397d7cd43cc939ac32b29f2b9cfa8c44991d5c913600ecf69ab048ad2a5baa,ce437da4856845a9,,83a192a6ca3ac0ef,B4t,16,16,7e31e8b9ec,1,natural:108911529,ok,moderate|nat_108911529|moderate|rep1|seed20240909,10.768
moderate,,nan,nat_108911529,a0397d7cd43cc939ac32b29f2b9cfa8c44991d5c913600ecf69ab048ad2a5baa,ce437da4856845a9,,b500570ebf44a0a7,B4t,16,16,7e31e8b9ec,2,natural:108911529,ok,moderate|nat_108911529|moderate|rep2|seed20240909,10.9387
moderate,,nan,nat_108911529,a0397d7cd43cc939ac32b29f2b9cfa8c44991d5c913600ecf69ab048ad2a5baa,ce437da4856845a9,,b42a6d6e63a83dc0,B4t,16,16,7e31e8b9ec,4,natural:108911529,ok,moderate|nat_108911529|moderate|rep4|seed20240909,10.5934
bursty,,nan,nat_108911529,a0397d7cd43cc939ac32b29f2b9cfa8c44991d5c913600ecf69ab048ad2a5baa,ce437da4856845a9,,86b178f649a61b98,B4t,16,16,7e31e8b9ec,0,natural:108911529,ok,bursty|nat_108911529|bursty|rep0|seed20240909,11.3537
bursty,,nan,nat_108911529,a0397d7cd43cc939ac32b29f2b9cfa8c44991d5c913600ecf69ab048ad2a5baa,ce437da4856845a9,,c7889a27f9e72f5c,B4t,16,16,7e31e8b9ec,1,natural:108911529,ok,bursty|nat_108911529|bursty|rep1|seed20240909,11.2151
bursty,,nan,nat_108911529,a0397d7cd43cc939ac32b29f2b9cfa8c44991d5c913600ecf69ab048ad2a5baa,ce437da4856845a9,,16f2388eb4b94458,B4t,16,16,7e31e8b9ec,2,natural:108911529,ok,bursty|nat_108911529|bursty|rep2|seed20240909,11.0802
bursty,,nan,nat_108911529,a0397d7cd43cc939ac32b29f2b9cfa8c44991d5c913600ecf69ab048ad2a5baa,ce437da4856845a9,,3a161fa49c6faad2,B4t,16,16,7e31e8b9ec,3,natural:108911529,ok,bursty|nat_108911529|bursty|rep3|seed20240909,10.8756
clean,,nan,nat_108911529,a0397d7cd43cc939ac32b29f2b9cfa8c44991d5c913600ecf69ab048ad2a5baa,ce437da4856845a9,,78b7eaf43f42febc,P,16,16,f6706417e8,0,natural:108911529,ok,clean|nat_108911529|clean|rep0|seed20240909,8.3352
clean,,nan,nat_108911529,a0397d7cd43cc939ac32b29f2b9cfa8c44991d5c913600ecf69ab048ad2a5baa,ce437da4856845a9,,2b4a5a9625907f31,P,16,16,f6706417e8,1,natural:108911529,ok,clean|nat_108911529|clean|rep1|seed20240909,8.146
bursty,,nan,nat_108911529,a0397d7cd43cc939ac32b29f2b9cfa8c44991d5c913600ecf69ab048ad2a5baa,ce437da4856845a9,,1b48e3127b749391,B4t,16,16,7e31e8b9ec,4,natural:108911529,ok,bursty|nat_108911529|bursty|rep4|seed20240909,11.6267
clean,,nan,nat_108911529,a0397d7cd43cc939ac32b29f2b9cfa8c44991d5c913600ecf69ab048ad2a5baa,ce437da4856845a9,,56642fdd19597138,P,16,16,f6706417e8,2,natural:108911529,ok,clean|nat_108911529|clean|rep2|seed20240909,8.3976
clean,,nan,nat_108911529,a0397d7cd43cc939ac32b29f2b9cfa8c44991d5c913600ecf69ab048ad2a5baa,ce437da4856845a9,,9a339de39d2ef7c7,P,16,16,f6706417e8,3,natural:108911529,ok,clean|nat_108911529|clean|rep3|seed20240909,8.334
clean,,nan,nat_108911529,a0397d7cd43cc939ac32b29f2b9cfa8c44991d5c913600ecf69ab048ad2a5baa,ce437da4856845a9,,5cb38181fa8f8d86,P,16,16,f6706417e8,4,natural:108911529,ok,clean|nat_108911529|clean|rep4|seed20240909,8.403
mild,,nan,nat_108911529,a0397d7cd43cc939ac32b29f2b9cfa8c44991d5c913600ecf69ab048ad2a5baa,ce437da4856845a9,,6a4ccc29ed49abb6,P,16,16,f6706417e8,0,natural:108911529,ok,mild|nat_108911529|mild|rep0|seed20240909,8.5675
mild,,nan,nat_108911529,a0397d7cd43cc939ac32b29f2b9cfa8c44991d5c913600ecf69ab048ad2a5baa,ce437da4856845a9,,956cdfa9c84f88ee,P,16,16,f6706417e8,1,natural:108911529,ok,mild|nat_108911529|mild|rep1|seed20240909,8.781
mild,,nan,nat_108911529,a0397d7cd43cc939ac32b29f2b9cfa8c44991d5c913600ecf69ab048ad2a5baa,ce437da4856845a9,,4390343a0ed91b3a,P,16,16,f6706417e8,2,natural:108911529,ok,mild|nat_108911529|mild|rep2|seed20240909,8.6309
mild,,nan,nat_108911529,a0397d7cd43cc939ac32b29f2b9cfa8c44991d5c913600ecf69ab048ad2a5baa,ce437da4856845a9,,af32d13cdff33f90,P,16,16,f6706417e8,3,natural:108911529,ok,mild|nat_108911529|mild|rep3|seed20240909,8.6411
mild,,nan,nat_108911529,a0397d7cd43cc939ac32b29f2b9cfa8c44991d5c913600ecf69ab048ad2a5baa,ce437da4856845a9,,45958d8e0919012a,P,16,16,f6706417e8,4,natural:108911529,ok,mild|nat_108911529|mild|rep4|seed20240909,8.7045
clean,,nan,nat_116466520,699b6f23d90e451f4476cc734b9634a68d5c619c724ecca30b0bcddb202a23f4,ce437da4856845a9,,6e5749ac6ac341d4,B0a,16,16,7fe30b1136,0,natural:116466520,ok,clean|nat_116466520|clean|rep0|seed20240909,0.4752
clean,,nan,nat_116466520,699b6f23d90e451f4476cc734b9634a68d5c619c724ecca30b0bcddb202a23f4,ce437da4856845a9,,cd317d85e0a81def,B0a,16,16,7fe30b1136,1,natural:116466520,ok,clean|nat_116466520|clean|rep1|seed20240909,0.4781
harsh,,nan,nat_108911529,a0397d7cd43cc939ac32b29f2b9cfa8c44991d5c913600ecf69ab048ad2a5baa,ce437da4856845a9,,9b1a34097167003c,P,16,16,f6706417e8,0,natural:108911529,ok,harsh|nat_108911529|harsh|rep0|seed20240909,5.0057
clean,,nan,nat_116466520,699b6f23d90e451f4476cc734b9634a68d5c619c724ecca30b0bcddb202a23f4,ce437da4856845a9,,8701a1c0a6f8bf53,B0a,16,16,7fe30b1136,2,natural:116466520,ok,clean|nat_116466520|clean|rep2|seed20240909,0.4574
clean,,nan,nat_116466520,699b6f23d90e451f4476cc734b9634a68d5c619c724ecca30b0bcddb202a23f4,ce437da4856845a9,,7feb6c08224f7cb4,B0a,16,16,7fe30b1136,3,natural:116466520,ok,clean|nat_116466520|clean|rep3|seed20240909,0.4649
clean,,nan,nat_116466520,699b6f23d90e451f4476cc734b9634a68d5c619c724ecca30b0bcddb202a23f4,ce437da4856845a9,,9cb79bb282e9695e,B0a,16,16,7fe30b1136,4,natural:116466520,ok,clean|nat_116466520|clean|rep4|seed20240909,0.4803
mild,,nan,nat_116466520,699b6f23d90e451f4476cc734b9634a68d5c619c724ecca30b0bcddb202a23f4,ce437da4856845a9,,bd8ca88c085266dd,B0a,16,16,7fe30b1136,0,natural:116466520,ok,mild|nat_116466520|mild|rep0|seed20240909,0.6186
harsh,,nan,nat_108911529,a0397d7cd43cc939ac32b29f2b9cfa8c44991d5c913600ecf69ab048ad2a5baa,ce437da4856845a9,,d3e1b19a8615ceeb,P,16,16,f6706417e8,1,natural:108911529,ok,harsh|nat_108911529|harsh|rep1|seed20240909,4.9783
mild,,nan,nat_116466520,699b6f23d90e451f4476cc734b9634a68d5c619c724ecca30b0bcddb202a23f4,ce437da4856845a9,,5771ae853dfe8c19,B0a,16,16,7fe30b1136,1,natural:116466520,ok,mild|nat_116466520|mild|rep1|seed20240909,0.6198
mild,,nan,nat_116466520,699b6f23d90e451f4476cc734b9634a68d5c619c724ecca30b0bcddb202a23f4,ce437da4856845a9,,b968397dd839ae4c,B0a,16,16,7fe30b1136,2,natural:116466520,ok,mild|nat_116466520|mild|rep2|seed20240909,0.5879
mild,,nan,nat_116466520,699b6f23d90e451f4476cc734b9634a68d5c619c724ecca30b0bcddb202a23f4,ce437da4856845a9,,fda8cb9b82fc1c5c,B0a,16,16,7fe30b1136,3,natural:116466520,ok,mild|nat_116466520|mild|rep3|seed20240909,0.6114
mild,,nan,nat_116466520,699b6f23d90e451f4476cc734b9634a68d5c619c724ecca30b0bcddb202a23f4,ce437da4856845a9,,32bba8a02f77203e,B0a,16,16,7fe30b1136,4,natural:116466520,ok,mild|nat_116466520|mild|rep4|seed20240909,0.6424
moderate,,nan,nat_116466520,699b6f23d90e451f4476cc734b9634a68d5c619c724ecca30b0bcddb202a23f4,ce437da4856845a9,,5d5f0b7f2d0b6a2b,B0a,16,16,7fe30b1136,0,natural:116466520,ok,moderate|nat_116466520|moderate|rep0|seed20240909,0.6222
moderate,,nan,nat_116466520,699b6f23d90e451f4476cc734b9634a68d5c619c724ecca30b0bcddb202a23f4,ce437da4856845a9,,6cfccf2e301ce0ae,B0a,16,16,7fe30b1136,1,natural:116466520,ok,moderate|nat_116466520|moderate|rep1|seed20240909,0.6488
moderate,,nan,nat_116466520,699b6f23d90e451f4476cc734b9634a68d5c619c724ecca30b0bcddb202a23f4,ce437da4856845a9,,d30a11c5c55db1f6,B0a,16,16,7fe30b1136,2,natural:116466520,ok,moderate|nat_116466520|moderate|rep2|seed20240909,0.6789
moderate,,nan,nat_116466520,699b6f23d90e451f4476cc734b9634a68d5c619c724ecca30b0bcddb202a23f4,ce437da4856845a9,,16df2e87717339fc,B0a,16,16,7fe30b1136,3,natural:116466520,ok,moderate|nat_116466520|moderate|rep3|seed20240909,0.6689
moderate,,nan,nat_116466520,699b6f23d90e451f4476cc734b9634a68d5c619c724ecca30b0bcddb202a23f4,ce437da4856845a9,,dea66a06d2d72dd0,B0a,16,16,7fe30b1136,4,natural:116466520,ok,moderate|nat_116466520|moderate|rep4|seed20240909,0.6368
bursty,,nan,nat_116466520,699b6f23d90e451f4476cc734b9634a68d5c619c724ecca30b0bcddb202a23f4,ce437da4856845a9,,7199ff10a3634bd8,B0a,16,16,7fe30b1136,0,natural:116466520,ok,bursty|nat_116466520|bursty|rep0|seed20240909,0.6233
harsh,,nan,nat_108911529,a0397d7cd43cc939ac32b29f2b9cfa8c44991d5c913600ecf69ab048ad2a5baa,ce437da4856845a9,,ad38f2e1e8424f22,P,16,16,f6706417e8,3,natural:108911529,ok,harsh|nat_108911529|harsh|rep3|seed20240909,4.9271
harsh,,nan,nat_108911529,a0397d7cd43cc939ac32b29f2b9cfa8c44991d5c913600ecf69ab048ad2a5baa,ce437da4856845a9,,69b8cffbe9900fc2,P,16,16,f6706417e8,4,natural:108911529,ok,harsh|nat_108911529|harsh|rep4|seed20240909,4.7663
harsh,,nan,nat_108911529,a0397d7cd43cc939ac32b29f2b9cfa8c44991d5c913600ecf69ab048ad2a5baa,ce437da4856845a9,,fd03b572398e1ebd,P,16,16,f6706417e8,2,natural:108911529,ok,harsh|nat_108911529|harsh|rep2|seed20240909,5.1021
bursty,,nan,nat_116466520,699b6f23d90e451f4476cc734b9634a68d5c619c724ecca30b0bcddb202a23f4,ce437da4856845a9,,d7e01847115290fa,B0a,16,16,7fe30b1136,1,natural:116466520,ok,bursty|nat_116466520|bursty|rep1|seed20240909,0.6486
bursty,,nan,nat_116466520,699b6f23d90e451f4476cc734b9634a68d5c619c724ecca30b0bcddb202a23f4,ce437da4856845a9,,3d89eac62a666b63,B0a,16,16,7fe30b1136,2,natural:116466520,ok,bursty|nat_116466520|bursty|rep2|seed20240909,0.694
bursty,,nan,nat_116466520,699b6f23d90e451f4476cc734b9634a68d5c619c724ecca30b0bcddb202a23f4,ce437da4856845a9,,6f1c1732725f5b28,B0a,16,16,7fe30b1136,3,natural:116466520,ok,bursty|nat_116466520|bursty|rep3|seed20240909,0.6411
harsh,,nan,nat_116466520,699b6f23d90e451f4476cc734b9634a68d5c619c724ecca30b0bcddb202a23f4,ce437da4856845a9,,805f66e1101e0fc9,B0a,16,16,7fe30b1136,0,natural:116466520,ok,harsh|nat_116466520|harsh|rep0|seed20240909,0.6794
bursty,,nan,nat_116466520,699b6f23d90e451f4476cc734b9634a68d5c619c724ecca30b0bcddb202a23f4,ce437da4856845a9,,bfc1c884b16d980b,B0a,16,16,7fe30b1136,4,natural:116466520,ok,bursty|nat_116466520|bursty|rep4|seed20240909,0.7335
harsh,,nan,nat_116466520,699b6f23d90e451f4476cc734b9634a68d5c619c724ecca30b0bcddb202a23f4,ce437da4856845a9,,b8faddc3215123bb,B0a,16,16,7fe30b1136,1,natural:116466520,ok,harsh|nat_116466520|harsh|rep1|seed20240909,0.6942
harsh,,nan,nat_116466520,699b6f23d90e451f4476cc734b9634a68d5c619c724ecca30b0bcddb202a23f4,ce437da4856845a9,,6d8c547d736a88c2,B0a,16,16,7fe30b1136,2,natural:116466520,ok,harsh|nat_116466520|harsh|rep2|seed20240909,0.687
harsh,,nan,nat_116466520,699b6f23d90e451f4476cc734b9634a68d5c619c724ecca30b0bcddb202a23f4,ce437da4856845a9,,dd31f14b509e740b,B0a,16,16,7fe30b1136,3,natural:116466520,ok,harsh|nat_116466520|harsh|rep3|seed20240909,0.7276
harsh,,nan,nat_116466520,699b6f23d90e451f4476cc734b9634a68d5c619c724ecca30b0bcddb202a23f4,ce437da4856845a9,,fe2bad61d0a869fa,B0a,16,16,7fe30b1136,4,natural:116466520,ok,harsh|nat_116466520|harsh|rep4|seed20240909,0.6641
clean,,nan,nat_116466520,699b6f23d90e451f4476cc734b9634a68d5c619c724ecca30b0bcddb202a23f4,ce437da4856845a9,,fda5f0bcc3ee0e39,B0a-R,16,16,7fe30b1136,0,natural:116466520,ok,clean|nat_116466520|clean|rep0|seed20240909,1.1778
clean,,nan,nat_116466520,699b6f23d90e451f4476cc734b9634a68d5c619c724ecca30b0bcddb202a23f4,ce437da4856845a9,,f9fd3e9225176e16,B0a-R,16,16,7fe30b1136,2,natural:116466520,ok,clean|nat_116466520|clean|rep2|seed20240909,1.2317
clean,,nan,nat_116466520,699b6f23d90e451f4476cc734b9634a68d5c619c724ecca30b0bcddb202a23f4,ce437da4856845a9,,9cfe96b8c0c9dab9,B0a-R,16,16,7fe30b1136,1,natural:116466520,ok,clean|nat_116466520|clean|rep1|seed20240909,1.2776
clean,,nan,nat_116466520,699b6f23d90e451f4476cc734b9634a68d5c619c724ecca30b0bcddb202a23f4,ce437da4856845a9,,1fd62f7e494e0022,B0a-R,16,16,7fe30b1136,3,natural:116466520,ok,clean|nat_116466520|clean|rep3|seed20240909,1.2508
moderate,,nan,nat_108911529,a0397d7cd43cc939ac32b29f2b9cfa8c44991d5c913600ecf69ab048ad2a5baa,ce437da4856845a9,,cf0bf80d2df70364,P,16,16,f6706417e8,0,natural:108911529,ok,moderate|nat_108911529|moderate|rep0|seed20240909,15.3634
clean,,nan,nat_116466520,699b6f23d90e451f4476cc734b9634a68d5c619c724ecca30b0bcddb202a23f4,ce437da4856845a9,,368fbbe0baa22ffe,B0a-R,16,16,7fe30b1136,4,natural:116466520,ok,clean|nat_116466520|clean|rep4|seed20240909,1.3114
mild,,nan,nat_116466520,699b6f23d90e451f4476cc734b9634a68d5c619c724ecca30b0bcddb202a23f4,ce437da4856845a9,,0a428194df1b6782,B0a-R,16,16,7fe30b1136,0,natural:116466520,ok,mild|nat_116466520|mild|rep0|seed20240909,1.7381
mild,,nan,nat_116466520,699b6f23d90e451f4476cc734b9634a68d5c619c724ecca30b0bcddb202a23f4,ce437da4856845a9,,e34e01312a60223b,B0a-R,16,16,7fe30b1136,1,natural:116466520,ok,mild|nat_116466520|mild|rep1|seed20240909,1.6721
moderate,,nan,nat_108911529,a0397d7cd43cc939ac32b29f2b9cfa8c44991d5c913600ecf69ab048ad2a5baa,ce437da4856845a9,,a231d700d8e73a14,P,16,16,f6706417e8,1,natural:108911529,ok,moderate|nat_108911529|moderate|rep1|seed20240909,15.4831
mild,,nan,nat_116466520,699b6f23d90e451f4476cc734b9634a68d5c619c724ecca30b0bcddb202a23f4,ce437da4856845a9,,b3c5e9360f296618,B0a-R,16,16,7fe30b1136,3,natural:116466520,ok,mild|nat_116466520|mild|rep3|seed20240909,1.7708
mild,,nan,nat_116466520,699b6f23d90e451f4476cc734b9634a68d5c619c724ecca30b0bcddb202a23f4,ce437da4856845a9,,08a5920fd13e7ff7,B0a-R,16,16,7fe30b1136,2,natural:116466520,ok,mild|nat_116466520|mild|rep2|seed20240909,1.7974
mild,,nan,nat_116466520,699b6f23d90e451f4476cc734b9634a68d5c619c724ecca30b0bcddb202a23f4,ce437da4856845a9,,9247cae13c257cf8,B0a-R,16,16,7fe30b1136,4,natural:116466520,ok,mild|nat_116466520|mild|rep4|seed20240909,1.8483
moderate,,nan,nat_108911529,a0397d7cd43cc939ac32b29f2b9cfa8c44991d5c913600ecf69ab048ad2a5baa,ce437da4856845a9,,4a22c49c5688cc29,P,16,16,f6706417e8,3,natural:108911529,ok,moderate|nat_108911529|moderate|rep3|seed20240909,15.1425
moderate,,nan,nat_116466520,699b6f23d90e451f4476cc734b9634a68d5c619c724ecca30b0bcddb202a23f4,ce437da4856845a9,,d54ec1f10b09f3ad,B0a-R,16,16,7fe30b1136,0,natural:116466520,ok,moderate|nat_116466520|moderate|rep0|seed20240909,1.9287
moderate,,nan,nat_116466520,699b6f23d90e451f4476cc734b9634a68d5c619c724ecca30b0bcddb202a23f4,ce437da4856845a9,,006569425d0c787b,B0a-R,16,16,7fe30b1136,1,natural:116466520,ok,moderate|nat_116466520|moderate|rep1|seed20240909,1.9786
moderate,,nan,nat_116466520,699b6f23d90e451f4476cc734b9634a68d5c619c724ecca30b0bcddb202a23f4,ce437da4856845a9,,1e18db49f98e588d,B0a-R,16,16,7fe30b1136,2,natural:116466520,ok,moderate|nat_116466520|moderate|rep2|seed20240909,2.0033
moderate,,nan,nat_108911529,a0397d7cd43cc939ac32b29f2b9cfa8c44991d5c913600ecf69ab048ad2a5baa,ce437da4856845a9,,be1a0a651775b5f0,P,16,16,f6706417e8,4,natural:108911529,ok,moderate|nat_108911529|moderate|rep4|seed20240909,16.0442
moderate,,nan,nat_108911529,a0397d7cd43cc939ac32b29f2b9cfa8c44991d5c913600ecf69ab048ad2a5baa,ce437da4856845a9,,aa4b5ff1fb667bd8,P,16,16,f6706417e8,2,natural:108911529,ok,moderate|nat_108911529|moderate|rep2|seed20240909,16.6173
bursty,,nan,nat_108911529,a0397d7cd43cc939ac32b29f2b9cfa8c44991d5c913600ecf69ab048ad2a5baa,ce437da4856845a9,,ed3f4b3ac8089f78,P,16,16,f6706417e8,1,natural:108911529,ok,bursty|nat_108911529|bursty|rep1|seed20240909,15.431
moderate,,nan,nat_116466520,699b6f23d90e451f4476cc734b9634a68d5c619c724ecca30b0bcddb202a23f4,ce437da4856845a9,,66a9021ddfcb18fd,B0a-R,16,16,7fe30b1136,3,natural:116466520,ok,moderate|nat_116466520|moderate|rep3|seed20240909,2.0517
bursty,,nan,nat_116466520,699b6f23d90e451f4476cc734b9634a68d5c619c724ecca30b0bcddb202a23f4,ce437da4856845a9,,666ffe7e97a4394c,B0a-R,16,16,7fe30b1136,0,natural:116466520,ok,bursty|nat_116466520|bursty|rep0|seed20240909,1.8764
moderate,,nan,nat_116466520,699b6f23d90e451f4476cc734b9634a68d5c619c724ecca30b0bcddb202a23f4,ce437da4856845a9,,c3e82894ac9e91da,B0a-R,16,16,7fe30b1136,4,natural:116466520,ok,moderate|nat_116466520|moderate|rep4|seed20240909,1.9715
bursty,,nan,nat_116466520,699b6f23d90e451f4476cc734b9634a68d5c619c724ecca30b0bcddb202a23f4,ce437da4856845a9,,01269c6a7cc4fc7f,B0a-R,16,16,7fe30b1136,1,natural:116466520,ok,bursty|nat_116466520|bursty|rep1|seed20240909,1.9149
bursty,,nan,nat_108911529,a0397d7cd43cc939ac32b29f2b9cfa8c44991d5c913600ecf69ab048ad2a5baa,ce437da4856845a9,,480873909a706618,P,16,16,f6706417e8,2,natural:108911529,ok,bursty|nat_108911529|bursty|rep2|seed20240909,15.721
bursty,,nan,nat_116466520,699b6f23d90e451f4476cc734b9634a68d5c619c724ecca30b0bcddb202a23f4,ce437da4856845a9,,8bfcac62ee718cca,B0a-R,16,16,7fe30b1136,2,natural:116466520,ok,bursty|nat_116466520|bursty|rep2|seed20240909,1.9471
bursty,,nan,nat_108911529,a0397d7cd43cc939ac32b29f2b9cfa8c44991d5c913600ecf69ab048ad2a5baa,ce437da4856845a9,,74fec3885005ca01,P,16,16,f6706417e8,0,natural:108911529,ok,bursty|nat_108911529|bursty|rep0|seed20240909,16.5212
bursty,,nan,nat_108911529,a0397d7cd43cc939ac32b29f2b9cfa8c44991d5c913600ecf69ab048ad2a5baa,ce437da4856845a9,,2e77c5dd663ae50c,P,16,16,f6706417e8,3,natural:108911529,ok,bursty|nat_108911529|bursty|rep3|seed20240909,15.2683
bursty,,nan,nat_116466520,699b6f23d90e451f4476cc734b9634a68d5c619c724ecca30b0bcddb202a23f4,ce437da4856845a9,,873990a24fc67842,B0a-R,16,16,7fe30b1136,3,natural:116466520,ok,bursty|nat_116466520|bursty|rep3|seed20240909,1.8879
bursty,,nan,nat_116466520,699b6f23d90e451f4476cc734b9634a68d5c619c724ecca30b0bcddb202a23f4,ce437da4856845a9,,2a3c55fb692bea36,B0a-R,16,16,7fe30b1136,4,natural:116466520,ok,bursty|nat_116466520|bursty|rep4|seed20240909,1.9395
harsh,,nan,nat_116466520,699b6f23d90e451f4476cc734b9634a68d5c619c724ecca30b0bcddb202a23f4,ce437da4856845a9,,9fe6578844124c81,B0a-R,16,16,7fe30b1136,0,natural:116466520,ok,harsh|nat_116466520|harsh|rep0|seed20240909,2.0364
bursty,,nan,nat_108911529,a0397d7cd43cc939ac32b29f2b9cfa8c44991d5c913600ecf69ab048ad2a5baa,ce437da4856845a9,,d124f365f1be6b0b,P,16,16,f6706417e8,4,natural:108911529,ok,bursty|nat_108911529|bursty|rep4|seed20240909,15.9129
harsh,,nan,nat_116466520,699b6f23d90e451f4476cc734b9634a68d5c619c724ecca30b0bcddb202a23f4,ce437da4856845a9,,ad76eebae099fb11,B0a-R,16,16,7fe30b1136,1,natural:116466520,ok,harsh|nat_116466520|harsh|rep1|seed20240909,1.99
harsh,,nan,nat_116466520,699b6f23d90e451f4476cc734b9634a68d5c619c724ecca30b0bcddb202a23f4,ce437da4856845a9,,2f98b442742f1ea2,B0a-R,16,16,7fe30b1136,2,natural:116466520,ok,harsh|nat_116466520|harsh|rep2|seed20240909,1.9302
harsh,,nan,nat_116466520,699b6f23d90e451f4476cc734b9634a68d5c619c724ecca30b0bcddb202a23f4,ce437da4856845a9,,20c0207baf9e310b,B0a-R,16,16,7fe30b1136,3,natural:116466520,ok,harsh|nat_116466520|harsh|rep3|seed20240909,1.9175
harsh,,nan,nat_116466520,699b6f23d90e451f4476cc734b9634a68d5c619c724ecca30b0bcddb202a23f4,ce437da4856845a9,,d1d819dca4ec3402,B0a-R,16,16,7fe30b1136,4,natural:116466520,ok,harsh|nat_116466520|harsh|rep4|seed20240909,2.0091
clean,,nan,nat_116466520,699b6f23d90e451f4476cc734b9634a68d5c619c724ecca30b0bcddb202a23f4,ce437da4856845a9,,b2f262733e567130,B0d,16,16,7fe30b1136,0,natural:116466520,ok,clean|nat_116466520|clean|rep0|seed20240909,4.04
clean,,nan,nat_116466520,699b6f23d90e451f4476cc734b9634a68d5c619c724ecca30b0bcddb202a23f4,ce437da4856845a9,,0fd90f7c2ef2f847,B0d,16,16,7fe30b1136,2,natural:116466520,ok,clean|nat_116466520|clean|rep2|seed20240909,3.9346
clean,,nan,nat_116466520,699b6f23d90e451f4476cc734b9634a68d5c619c724ecca30b0bcddb202a23f4,ce437da4856845a9,,fc0b4ee0a7b207de,B0d,16,16,7fe30b1136,3,natural:116466520,ok,clean|nat_116466520|clean|rep3|seed20240909,4.0224
clean,,nan,nat_116466520,699b6f23d90e451f4476cc734b9634a68d5c619c724ecca30b0bcddb202a23f4,ce437da4856845a9,,60e20c758510e453,B0d,16,16,7fe30b1136,1,natural:116466520,ok,clean|nat_116466520|clean|rep1|seed20240909,4.0908
clean,,nan,nat_116466520,699b6f23d90e451f4476cc734b9634a68d5c619c724ecca30b0bcddb202a23f4,ce437da4856845a9,,04a5fa329d498d28,B0d,16,16,7fe30b1136,4,natural:116466520,ok,clean|nat_116466520|clean|rep4|seed20240909,4.0294
mild,,nan,nat_116466520,699b6f23d90e451f4476cc734b9634a68d5c619c724ecca30b0bcddb202a23f4,ce437da4856845a9,,ab356821bddec9e5,B0d,16,16,7fe30b1136,0,natural:116466520,ok,mild|nat_116466520|mild|rep0|seed20240909,4.286
mild,,nan,nat_116466520,699b6f23d90e451f4476cc734b9634a68d5c619c724ecca30b0bcddb202a23f4,ce437da4856845a9,,905b55f532e765bf,B0d,16,16,7fe30b1136,2,natural:116466520,ok,mild|nat_116466520|mild|rep2|seed20240909,4.2172
mild,,nan,nat_116466520,699b6f23d90e451f4476cc734b9634a68d5c619c724ecca30b0bcddb202a23f4,ce437da4856845a9,,df9e28b632c250d3,B0d,16,16,7fe30b1136,1,natural:116466520,ok,mild|nat_116466520|mild|rep1|seed20240909,4.3478
mild,,nan,nat_116466520,699b6f23d90e451f4476cc734b9634a68d5c619c724ecca30b0bcddb202a23f4,ce437da4856845a9,,3b97b4f669408da4,B0d,16,16,7fe30b1136,3,natural:116466520,ok,mild|nat_116466520|mild|rep3|seed20240909,4.3178
mild,,nan,nat_116466520,699b6f23d90e451f4476cc734b9634a68d5c619c724ecca30b0bcddb202a23f4,ce437da4856845a9,,47a11c040ac1dce4,B0d,16,16,7fe30b1136,4,natural:116466520,ok,mild|nat_116466520|mild|rep4|seed20240909,4.3641
clean,,nan,nat_116466520,699b6f23d90e451f4476cc734b9634a68d5c619c724ecca30b0bcddb202a23f4,ce437da4856845a9,,8dc1859be5662255,B1,16,16,7fe30b1136,0,natural:116466520,ok,clean|nat_116466520|clean|rep0|seed20240909,0.4914
clean,,nan,nat_116466520,699b6f23d90e451f4476cc734b9634a68d5c619c724ecca30b0bcddb202a23f4,ce437da4856845a9,,7f7bfe0b6e086758,B1,16,16,7fe30b1136,1,natural:116466520,ok,clean|nat_116466520|clean|rep1|seed20240909,0.4695
clean,,nan,nat_116466520,699b6f23d90e451f4476cc734b9634a68d5c619c724ecca30b0bcddb202a23f4,ce437da4856845a9,,b81132d203b74700,B1,16,16,7fe30b1136,2,natural:116466520,ok,clean|nat_116466520|clean|rep2|seed20240909,0.4729
clean,,nan,nat_116466520,699b6f23d90e451f4476cc734b9634a68d5c619c724ecca30b0bcddb202a23f4,ce437da4856845a9,,e186b6d7e4a18adc,B1,16,16,7fe30b1136,3,natural:116466520,ok,clean|nat_116466520|clean|rep3|seed20240909,0.4791
harsh,,nan,nat_116466520,699b6f23d90e451f4476cc734b9634a68d5c619c724ecca30b0bcddb202a23f4,ce437da4856845a9,,7a4b47c9fdaff201,B0d,16,16,7fe30b1136,0,natural:116466520,ok,harsh|nat_116466520|harsh|rep0|seed20240909,2.801
clean,,nan,nat_116466520,699b6f23d90e451f4476cc734b9634a68d5c619c724ecca30b0bcddb202a23f4,ce437da4856845a9,,1128c14953685dab,B1,16,16,7fe30b1136,4,natural:116466520,ok,clean|nat_116466520|clean|rep4|seed20240909,0.4863
harsh,,nan,nat_116466520,699b6f23d90e451f4476cc734b9634a68d5c619c724ecca30b0bcddb202a23f4,ce437da4856845a9,,27289a27cd4b7be9,B0d,16,16,7fe30b1136,1,natural:116466520,ok,harsh|nat_116466520|harsh|rep1|seed20240909,2.967
harsh,,nan,nat_116466520,699b6f23d90e451f4476cc734b9634a68d5c619c724ecca30b0bcddb202a23f4,ce437da4856845a9,,a1ffacd7e187c3de,B0d,16,16,7fe30b1136,3,natural:116466520,ok,harsh|nat_116466520|harsh|rep3|seed20240909,2.7906
harsh,,nan,nat_116466520,699b6f23d90e451f4476cc734b9634a68d5c619c724ecca30b0bcddb202a23f4,ce437da4856845a9,,0319b5774dbf727a,B0d,16,16,7fe30b1136,2,natural:116466520,ok,harsh|nat_116466520|harsh|rep2|seed20240909,2.856
mild,,nan,nat_116466520,699b6f23d90e451f4476cc734b9634a68d5c619c724ecca30b0bcddb202a23f4,ce437da4856845a9,,ae643abd882a01fb,B1,16,16,7fe30b1136,0,natural:116466520,ok,mild|nat_116466520|mild|rep0|seed20240909,0.6434
harsh,,nan,nat_116466520,699b6f23d90e451f4476cc734b9634a68d5c619c724ecca30b0bcddb202a23f4,ce437da4856845a9,,a6c7e5741db5b7b3,B0d,16,16,7fe30b1136,4,natural:116466520,ok,harsh|nat_116466520|harsh|rep4|seed20240909,2.9198
mild,,nan,nat_116466520,699b6f23d90e451f4476cc734b9634a68d5c619c724ecca30b0bcddb202a23f4,ce437da4856845a9,,584aa0546fee7291,B1,16,16,7fe30b1136,1,natural:116466520,ok,mild|nat_116466520|mild|rep1|seed20240909,0.6039
mild,,nan,nat_116466520,699b6f23d90e451f4476cc734b9634a68d5c619c724ecca30b0bcddb202a23f4,ce437da4856845a9,,e39b0de52785beb9,B1,16,16,7fe30b1136,2,natural:116466520,ok,mild|nat_116466520|mild|rep2|seed20240909,0.7328
mild,,nan,nat_116466520,699b6f23d90e451f4476cc734b9634a68d5c619c724ecca30b0bcddb202a23f4,ce437da4856845a9,,70b00266b226097f,B1,16,16,7fe30b1136,4,natural:116466520,ok,mild|nat_116466520|mild|rep4|seed20240909,0.7035
mild,,nan,nat_116466520,699b6f23d90e451f4476cc734b9634a68d5c619c724ecca30b0bcddb202a23f4,ce437da4856845a9,,64039f445d5512fb,B1,16,16,7fe30b1136,3,natural:116466520,ok,mild|nat_116466520|mild|rep3|seed20240909,0.7335
moderate,,nan,nat_116466520,699b6f23d90e451f4476cc734b9634a68d5c619c724ecca30b0bcddb202a23f4,ce437da4856845a9,,87a3dc7fba4a5dcb,B0d,16,16,7fe30b1136,1,natural:116466520,ok,moderate|nat_116466520|moderate|rep1|seed20240909,7.0431
moderate,,nan,nat_116466520,699b6f23d90e451f4476cc734b9634a68d5c619c724ecca30b0bcddb202a23f4,ce437da4856845a9,,8399400a71a5490a,B1,16,16,7fe30b1136,0,natural:116466520,ok,moderate|nat_116466520|moderate|rep0|seed20240909,0.7292
moderate,,nan,nat_116466520,699b6f23d90e451f4476cc734b9634a68d5c619c724ecca30b0bcddb202a23f4,ce437da4856845a9,,861a7787841b4ff3,B1,16,16,7fe30b1136,1,natural:116466520,ok,moderate|nat_116466520|moderate|rep1|seed20240909,0.7122
moderate,,nan,nat_116466520,699b6f23d90e451f4476cc734b9634a68d5c619c724ecca30b0bcddb202a23f4,ce437da4856845a9,,1b7285577a83fc40,B0d,16,16,7fe30b1136,0,natural:116466520,ok,moderate|nat_116466520|moderate|rep0|seed20240909,7.6525
moderate,,nan,nat_116466520,699b6f23d90e451f4476cc734b9634a68d5c619c724ecca30b0bcddb202a23f4,ce437da4856845a9,,52a5b3fc978f27f7,B0d,16,16,7fe30b1136,2,natural:116466520,ok,moderate|nat_116466520|moderate|rep2|seed20240909,7.0747
moderate,,nan,nat_116466520,699b6f23d90e451f4476cc734b9634a68d5c619c724ecca30b0bcddb202a23f4,ce437da4856845a9,,4871959803f0b64f,B0d,16,16,7fe30b1136,4,natural:116466520,ok,moderate|nat_116466520|moderate|rep4|seed20240909,6.8437
moderate,,nan,nat_116466520,699b6f23d90e451f4476cc734b9634a68d5c619c724ecca30b0bcddb202a23f4,ce437da4856845a9,,8d6f5e4c5f90804b,B0d,16,16,7fe30b1136,3,natural:116466520,ok,moderate|nat_116466520|moderate|rep3|seed20240909,7.2614
moderate,,nan,nat_116466520,699b6f23d90e451f4476cc734b9634a68d5c619c724ecca30b0bcddb202a23f4,ce437da4856845a9,,50d6b4145771f15d,B1,16,16,7fe30b1136,2,natural:116466520,ok,moderate|nat_116466520|moderate|rep2|seed20240909,0.6912
moderate,,nan,nat_116466520,699b6f23d90e451f4476cc734b9634a68d5c619c724ecca30b0bcddb202a23f4,ce437da4856845a9,,40e5881780013cfd,B1,16,16,7fe30b1136,3,natural:116466520,ok,moderate|nat_116466520|moderate|rep3|seed20240909,0.7546
moderate,,nan,nat_116466520,699b6f23d90e451f4476cc734b9634a68d5c619c724ecca30b0bcddb202a23f4,ce437da4856845a9,,614c1372cd24ebd0,B1,16,16,7fe30b1136,4,natural:116466520,ok,moderate|nat_116466520|moderate|rep4|seed20240909,0.7267
bursty,,nan,nat_116466520,699b6f23d90e451f4476cc734b9634a68d5c619c724ecca30b0bcddb202a23f4,ce437da4856845a9,,85d7e9c5f59972e9,B1,16,16,7fe30b1136,1,natural:116466520,ok,bursty|nat_116466520|bursty|rep1|seed20240909,0.7139
bursty,,nan,nat_116466520,699b6f23d90e451f4476cc734b9634a68d5c619c724ecca30b0bcddb202a23f4,ce437da4856845a9,,a0e383b3f08c45e2,B1,16,16,7fe30b1136,0,natural:116466520,ok,bursty|nat_116466520|bursty|rep0|seed20240909,0.7764
bursty,,nan,nat_116466520,699b6f23d90e451f4476cc734b9634a68d5c619c724ecca30b0bcddb202a23f4,ce437da4856845a9,,48909007a03974c5,B1,16,16,7fe30b1136,2,natural:116466520,ok,bursty|nat_116466520|bursty|rep2|seed20240909,0.7237
bursty,,nan,nat_116466520,699b6f23d90e451f4476cc734b9634a68d5c619c724ecca30b0bcddb202a23f4,ce437da4856845a9,,7d38880819cf24df,B1,16,16,7fe30b1136,3,natural:116466520,ok,bursty|nat_116466520|bursty|rep3|seed20240909,0.7523
bursty,,nan,nat_116466520,699b6f23d90e451f4476cc734b9634a68d5c619c724ecca30b0bcddb202a23f4,ce437da4856845a9,,b2e17b49db91087f,B1,16,16,7fe30b1136,4,natural:116466520,ok,bursty|nat_116466520|bursty|rep4|seed20240909,0.7605
bursty,,nan,nat_116466520,699b6f23d90e451f4476cc734b9634a68d5c619c724ecca30b0bcddb202a23f4,ce437da4856845a9,,86c14f39854d728a,B0d,16,16,7fe30b1136,0,natural:116466520,ok,bursty|nat_116466520|bursty|rep0|seed20240909,7.3974
harsh,,nan,nat_116466520,699b6f23d90e451f4476cc734b9634a68d5c619c724ecca30b0bcddb202a23f4,ce437da4856845a9,,ce66f0d9eb54f117,B1,16,16,7fe30b1136,1,natural:116466520,ok,harsh|nat_116466520|harsh|rep1|seed20240909,0.802
harsh,,nan,nat_116466520,699b6f23d90e451f4476cc734b9634a68d5c619c724ecca30b0bcddb202a23f4,ce437da4856845a9,,e53f0343c496244e,B1,16,16,7fe30b1136,0,natural:116466520,ok,harsh|nat_116466520|harsh|rep0|seed20240909,0.8539
harsh,,nan,nat_116466520,699b6f23d90e451f4476cc734b9634a68d5c619c724ecca30b0bcddb202a23f4,ce437da4856845a9,,7187dcbb3c145105,B1,16,16,7fe30b1136,3,natural:116466520,ok,harsh|nat_116466520|harsh|rep3|seed20240909,0.7971
harsh,,nan,nat_116466520,699b6f23d90e451f4476cc734b9634a68d5c619c724ecca30b0bcddb202a23f4,ce437da4856845a9,,3bdf0e78ecae7956,B1,16,16,7fe30b1136,2,natural:116466520,ok,harsh|nat_116466520|harsh|rep2|seed20240909,0.8074
clean,,nan,nat_116466520,699b6f23d90e451f4476cc734b9634a68d5c619c724ecca30b0bcddb202a23f4,ce437da4856845a9,,3246f19fe95e1bd1,B2,16,16,7fe30b1136,1,natural:116466520,ok,clean|nat_116466520|clean|rep1|seed20240909,0.5368
clean,,nan,nat_116466520,699b6f23d90e451f4476cc734b9634a68d5c619c724ecca30b0bcddb202a23f4,ce437da4856845a9,,70397ca9cb69416f,B2,16,16,7fe30b1136,0,natural:116466520,ok,clean|nat_116466520|clean|rep0|seed20240909,0.5784
clean,,nan,nat_116466520,699b6f23d90e451f4476cc734b9634a68d5c619c724ecca30b0bcddb202a23f4,ce437da4856845a9,,07d15613bc003569,B2,16,16,7fe30b1136,2,natural:116466520,ok,clean|nat_116466520|clean|rep2|seed20240909,0.5156
clean,,nan,nat_116466520,699b6f23d90e451f4476cc734b9634a68d5c619c724ecca30b0bcddb202a23f4,ce437da4856845a9,,35a1254f85c7ea15,B2,16,16,7fe30b1136,3,natural:116466520,ok,clean|nat_116466520|clean|rep3|seed20240909,0.5502
harsh,,nan,nat_116466520,699b6f23d90e451f4476cc734b9634a68d5c619c724ecca30b0bcddb202a23f4,ce437da4856845a9,,f8a76d617420e400,B1,16,16,7fe30b1136,4,natural:116466520,ok,harsh|nat_116466520|harsh|rep4|seed20240909,0.7468
clean,,nan,nat_116466520,699b6f23d90e451f4476cc734b9634a68d5c619c724ecca30b0bcddb202a23f4,ce437da4856845a9,,86eedf3b856bcde7,B2,16,16,7fe30b1136,4,natural:116466520,ok,clean|nat_116466520|clean|rep4|seed20240909,0.5626
mild,,nan,nat_116466520,699b6f23d90e451f4476cc734b9634a68d5c619c724ecca30b0bcddb202a23f4,ce437da4856845a9,,71f5e6bec195ea87,B2,16,16,7fe30b1136,1,natural:116466520,ok,mild|nat_116466520|mild|rep1|seed20240909,0.6684
mild,,nan,nat_116466520,699b6f23d90e451f4476cc734b9634a68d5c619c724ecca30b0bcddb202a23f4,ce437da4856845a9,,c75f9a9d309d7263,B2,16,16,7fe30b1136,0,natural:116466520,ok,mild|nat_116466520|mild|rep0|seed20240909,0.7473
mild,,nan,nat_116466520,699b6f23d90e451f4476cc734b9634a68d5c619c724ecca30b0bcddb202a23f4,ce437da4856845a9,,88e73b9b05cdb158,B2,16,16,7fe30b1136,2,natural:116466520,ok,mild|nat_116466520|mild|rep2|seed20240909,0.7505
mild,,nan,nat_116466520,699b6f23d90e451f4476cc734b9634a68d5c619c724ecca30b0bcddb202a23f4,ce437da4856845a9,,2161496f00a6d1d1,B2,16,16,7fe30b1136,3,natural:116466520,ok,mild|nat_116466520|mild|rep3|seed20240909,0.7388
mild,,nan,nat_116466520,699b6f23d90e451f4476cc734b9634a68d5c619c724ecca30b0bcddb202a23f4,ce437da4856845a9,,45564db7b434cf5f,B2,16,16,7fe30b1136,4,natural:116466520,ok,mild|nat_116466520|mild|rep4|seed20240909,0.7127
moderate,,nan,nat_116466520,699b6f23d90e451f4476cc734b9634a68d5c619c724ecca30b0bcddb202a23f4,ce437da4856845a9,,362e1e01a97e0cfa,B2,16,16,7fe30b1136,0,natural:116466520,ok,moderate|nat_116466520|moderate|rep0|seed20240909,0.8099
moderate,,nan,nat_116466520,699b6f23d90e451f4476cc734b9634a68d5c619c724ecca30b0bcddb202a23f4,ce437da4856845a9,,a09509b0a3dfbdc8,B2,16,16,7fe30b1136,1,natural:116466520,ok,moderate|nat_116466520|moderate|rep1|seed20240909,0.7868
moderate,,nan,nat_116466520,699b6f23d90e451f4476cc734b9634a68d5c619c724ecca30b0bcddb202a23f4,ce437da4856845a9,,73ccb887b1e75df8,B2,16,16,7fe30b1136,2,natural:116466520,ok,moderate|nat_116466520|moderate|rep2|seed20240909,0.7928
moderate,,nan,nat_116466520,699b6f23d90e451f4476cc734b9634a68d5c619c724ecca30b0bcddb202a23f4,ce437da4856845a9,,aac67bdfc7be32ff,B2,16,16,7fe30b1136,3,natural:116466520,ok,moderate|nat_116466520|moderate|rep3|seed20240909,0.787
moderate,,nan,nat_116466520,699b6f23d90e451f4476cc734b9634a68d5c619c724ecca30b0bcddb202a23f4,ce437da4856845a9,,1f781fc70338fd39,B2,16,16,7fe30b1136,4,natural:116466520,ok,moderate|nat_116466520|moderate|rep4|seed20240909,0.7742
bursty,,nan,nat_116466520,699b6f23d90e451f4476cc734b9634a68d5c619c724ecca30b0bcddb202a23f4,ce437da4856845a9,,f247244541304d3e,B2,16,16,7fe30b1136,0,natural:116466520,ok,bursty|nat_116466520|bursty|rep0|seed20240909,0.7188
bursty,,nan,nat_116466520,699b6f23d90e451f4476cc734b9634a68d5c619c724ecca30b0bcddb202a23f4,ce437da4856845a9,,9fac9fe5a0bd22e0,B2,16,16,7fe30b1136,1,natural:116466520,ok,bursty|nat_116466520|bursty|rep1|seed20240909,0.7456
bursty,,nan,nat_116466520,699b6f23d90e451f4476cc734b9634a68d5c619c724ecca30b0bcddb202a23f4,ce437da4856845a9,,e8af83d9cc7dda1c,B2,16,16,7fe30b1136,2,natural:116466520,ok,bursty|nat_116466520|bursty|rep2|seed20240909,0.7307
bursty,,nan,nat_116466520,699b6f23d90e451f4476cc734b9634a68d5c619c724ecca30b0bcddb202a23f4,ce437da4856845a9,,9db7dbda21bb8db1,B2,16,16,7fe30b1136,3,natural:116466520,ok,bursty|nat_116466520|bursty|rep3|seed20240909,0.7263
bursty,,nan,nat_116466520,699b6f23d90e451f4476cc734b9634a68d5c619c724ecca30b0bcddb202a23f4,ce437da4856845a9,,5d861906c251e213,B2,16,16,7fe30b1136,4,natural:116466520,ok,bursty|nat_116466520|bursty|rep4|seed20240909,0.75
harsh,,nan,nat_116466520,699b6f23d90e451f4476cc734b9634a68d5c619c724ecca30b0bcddb202a23f4,ce437da4856845a9,,473b24f3bcad9c69,B2,16,16,7fe30b1136,0,natural:116466520,ok,harsh|nat_116466520|harsh|rep0|seed20240909,0.7717
harsh,,nan,nat_116466520,699b6f23d90e451f4476cc734b9634a68d5c619c724ecca30b0bcddb202a23f4,ce437da4856845a9,,110488b54aacd944,B2,16,16,7fe30b1136,1,natural:116466520,ok,harsh|nat_116466520|harsh|rep1|seed20240909,0.7268
harsh,,nan,nat_116466520,699b6f23d90e451f4476cc734b9634a68d5c619c724ecca30b0bcddb202a23f4,ce437da4856845a9,,820a1535443f372b,B2,16,16,7fe30b1136,2,natural:116466520,ok,harsh|nat_116466520|harsh|rep2|seed20240909,0.6992
harsh,,nan,nat_116466520,699b6f23d90e451f4476cc734b9634a68d5c619c724ecca30b0bcddb202a23f4,ce437da4856845a9,,c8d505197197f624,B2,16,16,7fe30b1136,3,natural:116466520,ok,harsh|nat_116466520|harsh|rep3|seed20240909,0.6961
harsh,,nan,nat_116466520,699b6f23d90e451f4476cc734b9634a68d5c619c724ecca30b0bcddb202a23f4,ce437da4856845a9,,a8d51b68a02df4ca,B2,16,16,7fe30b1136,4,natural:116466520,ok,harsh|nat_116466520|harsh|rep4|seed20240909,0.7236
bursty,,nan,nat_116466520,699b6f23d90e451f4476cc734b9634a68d5c619c724ecca30b0bcddb202a23f4,ce437da4856845a9,,06abc1e636556a01,B0d,16,16,7fe30b1136,2,natural:116466520,ok,bursty|nat_116466520|bursty|rep2|seed20240909,7.1493
bursty,,nan,nat_116466520,699b6f23d90e451f4476cc734b9634a68d5c619c724ecca30b0bcddb202a23f4,ce437da4856845a9,,7f00b09bbc4f923f,B0d,16,16,7fe30b1136,3,natural:116466520,ok,bursty|nat_116466520|bursty|rep3|seed20240909,7.3632
bursty,,nan,nat_116466520,699b6f23d90e451f4476cc734b9634a68d5c619c724ecca30b0bcddb202a23f4,ce437da4856845a9,,f9f9c57d9d87be13,B0d,16,16,7fe30b1136,1,natural:116466520,ok,bursty|nat_116466520|bursty|rep1|seed20240909,7.6142
bursty,,nan,nat_116466520,699b6f23d90e451f4476cc734b9634a68d5c619c724ecca30b0bcddb202a23f4,ce437da4856845a9,,f09d259b44f4f5b0,B0d,16,16,7fe30b1136,4,natural:116466520,ok,bursty|nat_116466520|bursty|rep4|seed20240909,7.8115
clean,,nan,nat_116466520,699b6f23d90e451f4476cc734b9634a68d5c619c724ecca30b0bcddb202a23f4,ce437da4856845a9,,ec409dee8f54ecd4,B3,16,16,7fe30b1136,0,natural:116466520,ok,clean|nat_116466520|clean|rep0|seed20240909,2.6875
clean,,nan,nat_116466520,699b6f23d90e451f4476cc734b9634a68d5c619c724ecca30b0bcddb202a23f4,ce437da4856845a9,,8e0b862f6bba1154,B3,16,16,7fe30b1136,2,natural:116466520,ok,clean|nat_116466520|clean|rep2|seed20240909,2.6227
clean,,nan,nat_116466520,699b6f23d90e451f4476cc734b9634a68d5c619c724ecca30b0bcddb202a23f4,ce437da4856845a9,,bd40b9dfcd1a9dcd,B3,16,16,7fe30b1136,3,natural:116466520,ok,clean|nat_116466520|clean|rep3|seed20240909,2.5897
clean,,nan,nat_116466520,699b6f23d90e451f4476cc734b9634a68d5c619c724ecca30b0bcddb202a23f4,ce437da4856845a9,,42a41a56818bb759,B3,16,16,7fe30b1136,1,natural:116466520,ok,clean|nat_116466520|clean|rep1|seed20240909,2.7274
clean,,nan,nat_116466520,699b6f23d90e451f4476cc734b9634a68d5c619c724ecca30b0bcddb202a23f4,ce437da4856845a9,,509d27c7544e93c8,B3,16,16,7fe30b1136,4,natural:116466520,ok,clean|nat_116466520|clean|rep4|seed20240909,2.6815
mild,,nan,nat_116466520,699b6f23d90e451f4476cc734b9634a68d5c619c724ecca30b0bcddb202a23f4,ce437da4856845a9,,d442ada7116b8042,B3,16,16,7fe30b1136,0,natural:116466520,ok,mild|nat_116466520|mild|rep0|seed20240909,2.7805
mild,,nan,nat_116466520,699b6f23d90e451f4476cc734b9634a68d5c619c724ecca30b0bcddb202a23f4,ce437da4856845a9,,623626f5dc613a8d,B3,16,16,7fe30b1136,1,natural:116466520,ok,mild|nat_116466520|mild|rep1|seed20240909,2.7862
mild,,nan,nat_116466520,699b6f23d90e451f4476cc734b9634a68d5c619c724ecca30b0bcddb202a23f4,ce437da4856845a9,,0f5e4c942c0eab5b,B3,16,16,7fe30b1136,2,natural:116466520,ok,mild|nat_116466520|mild|rep2|seed20240909,2.7984
mild,,nan,nat_116466520,699b6f23d90e451f4476cc734b9634a68d5c619c724ecca30b0bcddb202a23f4,ce437da4856845a9,,8574c49ea5a9e884,B3,16,16,7fe30b1136,4,natural:116466520,ok,mild|nat_116466520|mild|rep4|seed20240909,2.7276
mild,,nan,nat_116466520,699b6f23d90e451f4476cc734b9634a68d5c619c724ecca30b0bcddb202a23f4,ce437da4856845a9,,77ca1b64c9e535b7,B3,16,16,7fe30b1136,3,natural:116466520,ok,mild|nat_116466520|mild|rep3|seed20240909,2.8581
moderate,,nan,nat_116466520,699b6f23d90e451f4476cc734b9634a68d5c619c724ecca30b0bcddb202a23f4,ce437da4856845a9,,dabf6d9380611311,B3,16,16,7fe30b1136,0,natural:116466520,ok,moderate|nat_116466520|moderate|rep0|seed20240909,3.5433
moderate,,nan,nat_116466520,699b6f23d90e451f4476cc734b9634a68d5c619c724ecca30b0bcddb202a23f4,ce437da4856845a9,,97289c6e6ffbfb78,B3,16,16,7fe30b1136,2,natural:116466520,ok,moderate|nat_116466520|moderate|rep2|seed20240909,3.5591
moderate,,nan,nat_116466520,699b6f23d90e451f4476cc734b9634a68d5c619c724ecca30b0bcddb202a23f4,ce437da4856845a9,,cbe73e016a7ff45f,B3,16,16,7fe30b1136,1,natural:116466520,ok,moderate|nat_116466520|moderate|rep1|seed20240909,3.7003
moderate,,nan,nat_116466520,699b6f23d90e451f4476cc734b9634a68d5c619c724ecca30b0bcddb202a23f4,ce437da4856845a9,,0889f2b53ef5a6b6,B3,16,16,7fe30b1136,3,natural:116466520,ok,moderate|nat_116466520|moderate|rep3|seed20240909,3.7326
harsh,,nan,nat_116466520,699b6f23d90e451f4476cc734b9634a68d5c619c724ecca30b0bcddb202a23f4,ce437da4856845a9,,81e35b7fd8dbf9f2,B3,16,16,7fe30b1136,0,natural:116466520,ok,harsh|nat_116466520|harsh|rep0|seed20240909,2.1144
moderate,,nan,nat_116466520,699b6f23d90e451f4476cc734b9634a68d5c619c724ecca30b0bcddb202a23f4,ce437da4856845a9,,60dbe89182227a9b,B3,16,16,7fe30b1136,4,natural:116466520,ok,moderate|nat_116466520|moderate|rep4|seed20240909,3.8593
bursty,,nan,nat_116466520,699b6f23d90e451f4476cc734b9634a68d5c619c724ecca30b0bcddb202a23f4,ce437da4856845a9,,bec7398240a71610,B3,16,16,7fe30b1136,0,natural:116466520,ok,bursty|nat_116466520|bursty|rep0|seed20240909,3.5746
harsh,,nan,nat_116466520,699b6f23d90e451f4476cc734b9634a68d5c619c724ecca30b0bcddb202a23f4,ce437da4856845a9,,635333d44e932918,B3,16,16,7fe30b1136,1,natural:116466520,ok,harsh|nat_116466520|harsh|rep1|seed20240909,2.0621
harsh,,nan,nat_116466520,699b6f23d90e451f4476cc734b9634a68d5c619c724ecca30b0bcddb202a23f4,ce437da4856845a9,,9e7a130f79f40652,B3,16,16,7fe30b1136,2,natural:116466520,ok,harsh|nat_116466520|harsh|rep2|seed20240909,1.9781
harsh,,nan,nat_116466520,699b6f23d90e451f4476cc734b9634a68d5c619c724ecca30b0bcddb202a23f4,ce437da4856845a9,,75b7096c51201aef,B3,16,16,7fe30b1136,3,natural:116466520,ok,harsh|nat_116466520|harsh|rep3|seed20240909,2.0379
harsh,,nan,nat_116466520,699b6f23d90e451f4476cc734b9634a68d5c619c724ecca30b0bcddb202a23f4,ce437da4856845a9,,6d040e3e691180d5,B3,16,16,7fe30b1136,4,natural:116466520,ok,harsh|nat_116466520|harsh|rep4|seed20240909,2.0868
bursty,,nan,nat_116466520,699b6f23d90e451f4476cc734b9634a68d5c619c724ecca30b0bcddb202a23f4,ce437da4856845a9,,533541ee72778278,B3,16,16,7fe30b1136,3,natural:116466520,ok,bursty|nat_116466520|bursty|rep3|seed20240909,3.637
bursty,,nan,nat_116466520,699b6f23d90e451f4476cc734b9634a68d5c619c724ecca30b0bcddb202a23f4,ce437da4856845a9,,a4ac96f338208147,B3,16,16,7fe30b1136,2,natural:116466520,ok,bursty|nat_116466520|bursty|rep2|seed20240909,3.725
bursty,,nan,nat_116466520,699b6f23d90e451f4476cc734b9634a68d5c619c724ecca30b0bcddb202a23f4,ce437da4856845a9,,d39a323db23cfb69,B3,16,16,7fe30b1136,1,natural:116466520,ok,bursty|nat_116466520|bursty|rep1|seed20240909,3.7555
bursty,,nan,nat_116466520,699b6f23d90e451f4476cc734b9634a68d5c619c724ecca30b0bcddb202a23f4,ce437da4856845a9,,987a4b92eaa8f7ff,B3,16,16,7fe30b1136,4,natural:116466520,ok,bursty|nat_116466520|bursty|rep4|seed20240909,3.7934
clean,,nan,nat_116466520,699b6f23d90e451f4476cc734b9634a68d5c619c724ecca30b0bcddb202a23f4,ce437da4856845a9,,48b3ecadf30a18af,B4,16,16,7fe30b1136,0,natural:116466520,ok,clean|nat_116466520|clean|rep0|seed20240909,4.9867
clean,,nan,nat_116466520,699b6f23d90e451f4476cc734b9634a68d5c619c724ecca30b0bcddb202a23f4,ce437da4856845a9,,263e14b18d37849c,B4,16,16,7fe30b1136,1,natural:116466520,ok,clean|nat_116466520|clean|rep1|seed20240909,4.9647
clean,,nan,nat_116466520,699b6f23d90e451f4476cc734b9634a68d5c619c724ecca30b0bcddb202a23f4,ce437da4856845a9,,295efdc620fed6e5,B4,16,16,7fe30b1136,2,natural:116466520,ok,clean|nat_116466520|clean|rep2|seed20240909,4.9011
clean,,nan,nat_116466520,699b6f23d90e451f4476cc734b9634a68d5c619c724ecca30b0bcddb202a23f4,ce437da4856845a9,,8e7950b5bc72171d,B4,16,16,7fe30b1136,3,natural:116466520,ok,clean|nat_116466520|clean|rep3|seed20240909,4.8864
clean,,nan,nat_116466520,699b6f23d90e451f4476cc734b9634a68d5c619c724ecca30b0bcddb202a23f4,ce437da4856845a9,,d6d6b12d46167fb2,B4,16,16,7fe30b1136,4,natural:116466520,ok,clean|nat_116466520|clean|rep4|seed20240909,4.8896
mild,,nan,nat_116466520,699b6f23d90e451f4476cc734b9634a68d5c619c724ecca30b0bcddb202a23f4,ce437da4856845a9,,1764c3912305f042,B4,16,16,7fe30b1136,1,natural:116466520,ok,mild|nat_116466520|mild|rep1|seed20240909,5.0982
mild,,nan,nat_116466520,699b6f23d90e451f4476cc734b9634a68d5c619c724ecca30b0bcddb202a23f4,ce437da4856845a9,,60e03968a39f82e2,B4,16,16,7fe30b1136,0,natural:116466520,ok,mild|nat_116466520|mild|rep0|seed20240909,5.2107
mild,,nan,nat_116466520,699b6f23d90e451f4476cc734b9634a68d5c619c724ecca30b0bcddb202a23f4,ce437da4856845a9,,de07b23122590941,B4,16,16,7fe30b1136,2,natural:116466520,ok,mild|nat_116466520|mild|rep2|seed20240909,5.2324
mild,,nan,nat_116466520,699b6f23d90e451f4476cc734b9634a68d5c619c724ecca30b0bcddb202a23f4,ce437da4856845a9,,eff6a876924e32ab,B4,16,16,7fe30b1136,4,natural:116466520,ok,mild|nat_116466520|mild|rep4|seed20240909,5.2006
mild,,nan,nat_116466520,699b6f23d90e451f4476cc734b9634a68d5c619c724ecca30b0bcddb202a23f4,ce437da4856845a9,,129d0b653bea45ec,B4,16,16,7fe30b1136,3,natural:116466520,ok,mild|nat_116466520|mild|rep3|seed20240909,5.2228
harsh,,nan,nat_116466520,699b6f23d90e451f4476cc734b9634a68d5c619c724ecca30b0bcddb202a23f4,ce437da4856845a9,,e2f44c27fa5a9916,B4,16,16,7fe30b1136,0,natural:116466520,ok,harsh|nat_116466520|harsh|rep0|seed20240909,3.1356
harsh,,nan,nat_116466520,699b6f23d90e451f4476cc734b9634a68d5c619c724ecca30b0bcddb202a23f4,ce437da4856845a9,,664f44233e0a4455,B4,16,16,7fe30b1136,1,natural:116466520,ok,harsh|nat_116466520|harsh|rep1|seed20240909,3.3205
harsh,,nan,nat_116466520,699b6f23d90e451f4476cc734b9634a68d5c619c724ecca30b0bcddb202a23f4,ce437da4856845a9,,8175c80755c689b6,B4,16,16,7fe30b1136,3,natural:116466520,ok,harsh|nat_116466520|harsh|rep3|seed20240909,3.1907
harsh,,nan,nat_116466520,699b6f23d90e451f4476cc734b9634a68d5c619c724ecca30b0bcddb202a23f4,ce437da4856845a9,,48b2832e4ae27851,B4,16,16,7fe30b1136,2,natural:116466520,ok,harsh|nat_116466520|harsh|rep2|seed20240909,3.3519
harsh,,nan,nat_116466520,699b6f23d90e451f4476cc734b9634a68d5c619c724ecca30b0bcddb202a23f4,ce437da4856845a9,,94e277548e1d932b,B4,16,16,7fe30b1136,4,natural:116466520,ok,harsh|nat_116466520|harsh|rep4|seed20240909,3.2778
moderate,,nan,nat_116466520,699b6f23d90e451f4476cc734b9634a68d5c619c724ecca30b0bcddb202a23f4,ce437da4856845a9,,e9b58b7e3067fc6b,B4,16,16,7fe30b1136,1,natural:116466520,ok,moderate|nat_116466520|moderate|rep1|seed20240909,8.6041
moderate,,nan,nat_116466520,699b6f23d90e451f4476cc734b9634a68d5c619c724ecca30b0bcddb202a23f4,ce437da4856845a9,,1a6153e7c6e2b4ec,B4,16,16,7fe30b1136,0,natural:116466520,ok,moderate|nat_116466520|moderate|rep0|seed20240909,8.873
moderate,,nan,nat_116466520,699b6f23d90e451f4476cc734b9634a68d5c619c724ecca30b0bcddb202a23f4,ce437da4856845a9,,0475cac3c8716fbd,B4,16,16,7fe30b1136,2,natural:116466520,ok,moderate|nat_116466520|moderate|rep2|seed20240909,8.4338
moderate,,nan,nat_116466520,699b6f23d90e451f4476cc734b9634a68d5c619c724ecca30b0bcddb202a23f4,ce437da4856845a9,,384dbbe2dc0801ef,B4,16,16,7fe30b1136,4,natural:116466520,ok,moderate|nat_116466520|moderate|rep4|seed20240909,8.4934
bursty,,nan,nat_116466520,699b6f23d90e451f4476cc734b9634a68d5c619c724ecca30b0bcddb202a23f4,ce437da4856845a9,,fde7adfc7816d6e8,B4,16,16,7fe30b1136,0,natural:116466520,ok,bursty|nat_116466520|bursty|rep0|seed20240909,8.5247
moderate,,nan,nat_116466520,699b6f23d90e451f4476cc734b9634a68d5c619c724ecca30b0bcddb202a23f4,ce437da4856845a9,,ddcb2b0d85087042,B4,16,16,7fe30b1136,3,natural:116466520,ok,moderate|nat_116466520|moderate|rep3|seed20240909,8.7526
clean,,nan,nat_116466520,699b6f23d90e451f4476cc734b9634a68d5c619c724ecca30b0bcddb202a23f4,ce437da4856845a9,,278e90dffcf9fb30,B4t,16,16,7e31e8b9ec,0,natural:116466520,ok,clean|nat_116466520|clean|rep0|seed20240909,5.5983
bursty,,nan,nat_116466520,699b6f23d90e451f4476cc734b9634a68d5c619c724ecca30b0bcddb202a23f4,ce437da4856845a9,,f8c6b32b6076bd87,B4,16,16,7fe30b1136,1,natural:116466520,ok,bursty|nat_116466520|bursty|rep1|seed20240909,8.6248
bursty,,nan,nat_116466520,699b6f23d90e451f4476cc734b9634a68d5c619c724ecca30b0bcddb202a23f4,ce437da4856845a9,,0c185110d2f84e96,B4,16,16,7fe30b1136,2,natural:116466520,ok,bursty|nat_116466520|bursty|rep2|seed20240909,8.1215
bursty,,nan,nat_116466520,699b6f23d90e451f4476cc734b9634a68d5c619c724ecca30b0bcddb202a23f4,ce437da4856845a9,,056db770af33f83f,B4,16,16,7fe30b1136,3,natural:116466520,ok,bursty|nat_116466520|bursty|rep3|seed20240909,8.4832
bursty,,nan,nat_116466520,699b6f23d90e451f4476cc734b9634a68d5c619c724ecca30b0bcddb202a23f4,ce437da4856845a9,,9fb08195c71aa7c8,B4,16,16,7fe30b1136,4,natural:116466520,ok,bursty|nat_116466520|bursty|rep4|seed20240909,8.7667
clean,,nan,nat_116466520,699b6f23d90e451f4476cc734b9634a68d5c619c724ecca30b0bcddb202a23f4,ce437da4856845a9,,e54a0b2db0a78521,B4t,16,16,7e31e8b9ec,1,natural:116466520,ok,clean|nat_116466520|clean|rep1|seed20240909,5.5788
clean,,nan,nat_116466520,699b6f23d90e451f4476cc734b9634a68d5c619c724ecca30b0bcddb202a23f4,ce437da4856845a9,,9cc690c5488c5fb4,B4t,16,16,7e31e8b9ec,3,natural:116466520,ok,clean|nat_116466520|clean|rep3|seed20240909,5.585
clean,,nan,nat_116466520,699b6f23d90e451f4476cc734b9634a68d5c619c724ecca30b0bcddb202a23f4,ce437da4856845a9,,b58036317c34c22c,B4t,16,16,7e31e8b9ec,2,natural:116466520,ok,clean|nat_116466520|clean|rep2|seed20240909,5.6101
clean,,nan,nat_116466520,699b6f23d90e451f4476cc734b9634a68d5c619c724ecca30b0bcddb202a23f4,ce437da4856845a9,,85294a2c2beb2b08,B4t,16,16,7e31e8b9ec,4,natural:116466520,ok,clean|nat_116466520|clean|rep4|seed20240909,5.5684
mild,,nan,nat_116466520,699b6f23d90e451f4476cc734b9634a68d5c619c724ecca30b0bcddb202a23f4,ce437da4856845a9,,c99dc96994cc40b8,B4t,16,16,7e31e8b9ec,0,natural:116466520,ok,mild|nat_116466520|mild|rep0|seed20240909,5.9253
mild,,nan,nat_116466520,699b6f23d90e451f4476cc734b9634a68d5c619c724ecca30b0bcddb202a23f4,ce437da4856845a9,,d511fd34e3f6f3d7,B4t,16,16,7e31e8b9ec,1,natural:116466520,ok,mild|nat_116466520|mild|rep1|seed20240909,5.7341
mild,,nan,nat_116466520,699b6f23d90e451f4476cc734b9634a68d5c619c724ecca30b0bcddb202a23f4,ce437da4856845a9,,c549c88c767d9fe2,B4t,16,16,7e31e8b9ec,2,natural:116466520,ok,mild|nat_116466520|mild|rep2|seed20240909,5.9185
mild,,nan,nat_116466520,699b6f23d90e451f4476cc734b9634a68d5c619c724ecca30b0bcddb202a23f4,ce437da4856845a9,,ae14652521c06a08,B4t,16,16,7e31e8b9ec,3,natural:116466520,ok,mild|nat_116466520|mild|rep3|seed20240909,5.9499
mild,,nan,nat_116466520,699b6f23d90e451f4476cc734b9634a68d5c619c724ecca30b0bcddb202a23f4,ce437da4856845a9,,50f085d1a2ace7bc,B4t,16,16,7e31e8b9ec,4,natural:116466520,ok,mild|nat_116466520|mild|rep4|seed20240909,5.8618
harsh,,nan,nat_116466520,699b6f23d90e451f4476cc734b9634a68d5c619c724ecca30b0bcddb202a23f4,ce437da4856845a9,,e62042aef7ad7f6b,B4t,16,16,7e31e8b9ec,0,natural:116466520,ok,harsh|nat_116466520|harsh|rep0|seed20240909,3.2969
harsh,,nan,nat_116466520,699b6f23d90e451f4476cc734b9634a68d5c619c724ecca30b0bcddb202a23f4,ce437da4856845a9,,308b641997963c5a,B4t,16,16,7e31e8b9ec,1,natural:116466520,ok,harsh|nat_116466520|harsh|rep1|seed20240909,3.351
harsh,,nan,nat_116466520,699b6f23d90e451f4476cc734b9634a68d5c619c724ecca30b0bcddb202a23f4,ce437da4856845a9,,5474d729a3494a4c,B4t,16,16,7e31e8b9ec,2,natural:116466520,ok,harsh|nat_116466520|harsh|rep2|seed20240909,3.3997
harsh,,nan,nat_116466520,699b6f23d90e451f4476cc734b9634a68d5c619c724ecca30b0bcddb202a23f4,ce437da4856845a9,,62b045a988eb3447,B4t,16,16,7e31e8b9ec,3,natural:116466520,ok,harsh|nat_116466520|harsh|rep3|seed20240909,3.3189
harsh,,nan,nat_116466520,699b6f23d90e451f4476cc734b9634a68d5c619c724ecca30b0bcddb202a23f4,ce437da4856845a9,,d9a92684e32ea9a2,B4t,16,16,7e31e8b9ec,4,natural:116466520,ok,harsh|nat_116466520|harsh|rep4|seed20240909,3.4034
moderate,,nan,nat_116466520,699b6f23d90e451f4476cc734b9634a68d5c619c724ecca30b0bcddb202a23f4,ce437da4856845a9,,992f02d8df01f836,B4t,16,16,7e31e8b9ec,1,natural:116466520,ok,moderate|nat_116466520|moderate|rep1|seed20240909,10.3502
moderate,,nan,nat_116466520,699b6f23d90e451f4476cc734b9634a68d5c619c724ecca30b0bcddb202a23f4,ce437da4856845a9,,9e0933899e233508,B4t,16,16,7e31e8b9ec,0,natural:116466520,ok,moderate|nat_116466520|moderate|rep0|seed20240909,11.4938
moderate,,nan,nat_116466520,699b6f23d90e451f4476cc734b9634a68d5c619c724ecca30b0bcddb202a23f4,ce437da4856845a9,,b1894899d70a3c0a,B4t,16,16,7e31e8b9ec,2,natural:116466520,ok,moderate|nat_116466520|moderate|rep2|seed20240909,10.7274
moderate,,nan,nat_116466520,699b6f23d90e451f4476cc734b9634a68d5c619c724ecca30b0bcddb202a23f4,ce437da4856845a9,,0b4978e4d4f2f52a,B4t,16,16,7e31e8b9ec,4,natural:116466520,ok,moderate|nat_116466520|moderate|rep4|seed20240909,10.0379
moderate,,nan,nat_116466520,699b6f23d90e451f4476cc734b9634a68d5c619c724ecca30b0bcddb202a23f4,ce437da4856845a9,,5d774fc91a0ac540,B4t,16,16,7e31e8b9ec,3,natural:116466520,ok,moderate|nat_116466520|moderate|rep3|seed20240909,10.3946
bursty,,nan,nat_116466520,699b6f23d90e451f4476cc734b9634a68d5c619c724ecca30b0bcddb202a23f4,ce437da4856845a9,,bd1ce51ecb156e8b,B4t,16,16,7e31e8b9ec,0,natural:116466520,ok,bursty|nat_116466520|bursty|rep0|seed20240909,10.7103
bursty,,nan,nat_116466520,699b6f23d90e451f4476cc734b9634a68d5c619c724ecca30b0bcddb202a23f4,ce437da4856845a9,,dce5f5d0c0ea195d,B4t,16,16,7e31e8b9ec,1,natural:116466520,ok,bursty|nat_116466520|bursty|rep1|seed20240909,10.7131
clean,,nan,nat_116466520,699b6f23d90e451f4476cc734b9634a68d5c619c724ecca30b0bcddb202a23f4,ce437da4856845a9,,977b81c37da31b13,P,16,16,f6706417e8,0,natural:116466520,ok,clean|nat_116466520|clean|rep0|seed20240909,8.3345
bursty,,nan,nat_116466520,699b6f23d90e451f4476cc734b9634a68d5c619c724ecca30b0bcddb202a23f4,ce437da4856845a9,,62313ac561f92019,B4t,16,16,7e31e8b9ec,3,natural:116466520,ok,bursty|nat_116466520|bursty|rep3|seed20240909,10.1298
bursty,,nan,nat_116466520,699b6f23d90e451f4476cc734b9634a68d5c619c724ecca30b0bcddb202a23f4,ce437da4856845a9,,45b279eef099bd8c,B4t,16,16,7e31e8b9ec,2,natural:116466520,ok,bursty|nat_116466520|bursty|rep2|seed20240909,11.5466
bursty,,nan,nat_116466520,699b6f23d90e451f4476cc734b9634a68d5c619c724ecca30b0bcddb202a23f4,ce437da4856845a9,,22fc26cce0489f8c,B4t,16,16,7e31e8b9ec,4,natural:116466520,ok,bursty|nat_116466520|bursty|rep4|seed20240909,11.1645
clean,,nan,nat_116466520,699b6f23d90e451f4476cc734b9634a68d5c619c724ecca30b0bcddb202a23f4,ce437da4856845a9,,55c7e3c403d98abb,P,16,16,f6706417e8,1,natural:116466520,ok,clean|nat_116466520|clean|rep1|seed20240909,8.2607
clean,,nan,nat_116466520,699b6f23d90e451f4476cc734b9634a68d5c619c724ecca30b0bcddb202a23f4,ce437da4856845a9,,756f14f6921ff159,P,16,16,f6706417e8,2,natural:116466520,ok,clean|nat_116466520|clean|rep2|seed20240909,8.2073
clean,,nan,nat_116466520,699b6f23d90e451f4476cc734b9634a68d5c619c724ecca30b0bcddb202a23f4,ce437da4856845a9,,962a2be7f46def03,P,16,16,f6706417e8,3,natural:116466520,ok,clean|nat_116466520|clean|rep3|seed20240909,8.269
clean,,nan,nat_116466520,699b6f23d90e451f4476cc734b9634a68d5c619c724ecca30b0bcddb202a23f4,ce437da4856845a9,,3dc7e78ef1d1a5f7,P,16,16,f6706417e8,4,natural:116466520,ok,clean|nat_116466520|clean|rep4|seed20240909,8.1735
mild,,nan,nat_116466520,699b6f23d90e451f4476cc734b9634a68d5c619c724ecca30b0bcddb202a23f4,ce437da4856845a9,,12b1eefdb5dacc2d,P,16,16,f6706417e8,0,natural:116466520,ok,mild|nat_116466520|mild|rep0|seed20240909,8.7407
mild,,nan,nat_116466520,699b6f23d90e451f4476cc734b9634a68d5c619c724ecca30b0bcddb202a23f4,ce437da4856845a9,,e43d8f4b54c780ad,P,16,16,f6706417e8,1,natural:116466520,ok,mild|nat_116466520|mild|rep1|seed20240909,8.6652
mild,,nan,nat_116466520,699b6f23d90e451f4476cc734b9634a68d5c619c724ecca30b0bcddb202a23f4,ce437da4856845a9,,8149b706b4f44efb,P,16,16,f6706417e8,2,natural:116466520,ok,mild|nat_116466520|mild|rep2|seed20240909,8.7043
mild,,nan,nat_116466520,699b6f23d90e451f4476cc734b9634a68d5c619c724ecca30b0bcddb202a23f4,ce437da4856845a9,,ea59c03a636ba8ab,P,16,16,f6706417e8,3,natural:116466520,ok,mild|nat_116466520|mild|rep3|seed20240909,8.7197
mild,,nan,nat_116466520,699b6f23d90e451f4476cc734b9634a68d5c619c724ecca30b0bcddb202a23f4,ce437da4856845a9,,b316433af0e275d5,P,16,16,f6706417e8,4,natural:116466520,ok,mild|nat_116466520|mild|rep4|seed20240909,8.7051
harsh,,nan,nat_116466520,699b6f23d90e451f4476cc734b9634a68d5c619c724ecca30b0bcddb202a23f4,ce437da4856845a9,,8533c287059dab07,P,16,16,f6706417e8,0,natural:116466520,ok,harsh|nat_116466520|harsh|rep0|seed20240909,4.8184
clean,,nan,nat_122435702,38a92a80080b9aa99e8276db981a6e545a74667e9e4a53d1c7227b098028f5c9,ce437da4856845a9,,f190add625ac331d,B0a,16,16,7fe30b1136,0,natural:122435702,ok,clean|nat_122435702|clean|rep0|seed20240909,0.5024
clean,,nan,nat_122435702,38a92a80080b9aa99e8276db981a6e545a74667e9e4a53d1c7227b098028f5c9,ce437da4856845a9,,a61452eb366a6c4c,B0a,16,16,7fe30b1136,1,natural:122435702,ok,clean|nat_122435702|clean|rep1|seed20240909,0.4501
clean,,nan,nat_122435702,38a92a80080b9aa99e8276db981a6e545a74667e9e4a53d1c7227b098028f5c9,ce437da4856845a9,,673b08c53a9aec17,B0a,16,16,7fe30b1136,2,natural:122435702,ok,clean|nat_122435702|clean|rep2|seed20240909,0.4877
clean,,nan,nat_122435702,38a92a80080b9aa99e8276db981a6e545a74667e9e4a53d1c7227b098028f5c9,ce437da4856845a9,,0cb948b369a1e18b,B0a,16,16,7fe30b1136,3,natural:122435702,ok,clean|nat_122435702|clean|rep3|seed20240909,0.4656
clean,,nan,nat_122435702,38a92a80080b9aa99e8276db981a6e545a74667e9e4a53d1c7227b098028f5c9,ce437da4856845a9,,210e009e25da30f9,B0a,16,16,7fe30b1136,4,natural:122435702,ok,clean|nat_122435702|clean|rep4|seed20240909,0.4738
harsh,,nan,nat_116466520,699b6f23d90e451f4476cc734b9634a68d5c619c724ecca30b0bcddb202a23f4,ce437da4856845a9,,1140be895cd325ee,P,16,16,f6706417e8,1,natural:116466520,ok,harsh|nat_116466520|harsh|rep1|seed20240909,4.9417
mild,,nan,nat_122435702,38a92a80080b9aa99e8276db981a6e545a74667e9e4a53d1c7227b098028f5c9,ce437da4856845a9,,d0e84a3f21272540,B0a,16,16,7fe30b1136,0,natural:122435702,ok,mild|nat_122435702|mild|rep0|seed20240909,0.636
mild,,nan,nat_122435702,38a92a80080b9aa99e8276db981a6e545a74667e9e4a53d1c7227b098028f5c9,ce437da4856845a9,,04debc2a6730e60c,B0a,16,16,7fe30b1136,1,natural:122435702,ok,mild|nat_122435702|mild|rep1|seed20240909,0.624
mild,,nan,nat_122435702,38a92a80080b9aa99e8276db981a6e545a74667e9e4a53d1c7227b098028f5c9,ce437da4856845a9,,cd295fe074fe567f,B0a,16,16,7fe30b1136,2,natural:122435702,ok,mild|nat_122435702|mild|rep2|seed20240909,0.6666
mild,,nan,nat_122435702,38a92a80080b9aa99e8276db981a6e545a74667e9e4a53d1c7227b098028f5c9,ce437da4856845a9,,b5b4e5d8141804e5,B0a,16,16,7fe30b1136,3,natural:122435702,ok,mild|nat_122435702|mild|rep3|seed20240909,0.6251
mild,,nan,nat_122435702,38a92a80080b9aa99e8276db981a6e545a74667e9e4a53d1c7227b098028f5c9,ce437da4856845a9,,c282057cf4150ccd,B0a,16,16,7fe30b1136,4,natural:122435702,ok,mild|nat_122435702|mild|rep4|seed20240909,0.5952
moderate,,nan,nat_122435702,38a92a80080b9aa99e8276db981a6e545a74667e9e4a53d1c7227b098028f5c9,ce437da4856845a9,,a2c96b8e2daad4ee,B0a,16,16,7fe30b1136,0,natural:122435702,ok,moderate|nat_122435702|moderate|rep0|seed20240909,0.7037
harsh,,nan,nat_116466520,699b6f23d90e451f4476cc734b9634a68d5c619c724ecca30b0bcddb202a23f4,ce437da4856845a9,,9ea897d1d8c33533,P,16,16,f6706417e8,2,natural:116466520,ok,harsh|nat_116466520|harsh|rep2|seed20240909,5.0487
moderate,,nan,nat_122435702,38a92a80080b9aa99e8276db981a6e545a74667e9e4a53d1c7227b098028f5c9,ce437da4856845a9,,5d0b75803b463a0b,B0a,16,16,7fe30b1136,1,natural:122435702,ok,moderate|nat_122435702|moderate|rep1|seed20240909,0.6826
moderate,,nan,nat_122435702,38a92a80080b9aa99e8276db981a6e545a74667e9e4a53d1c7227b098028f5c9,ce437da4856845a9,,0f48a3230b1dfb1c,B0a,16,16,7fe30b1136,2,natural:122435702,ok,moderate|nat_122435702|moderate|rep2|seed20240909,0.6776
moderate,,nan,nat_122435702,38a92a80080b9aa99e8276db981a6e545a74667e9e4a53d1c7227b098028f5c9,ce437da4856845a9,,808d5b9bbc6d78ce,B0a,16,16,7fe30b1136,3,natural:122435702,ok,moderate|nat_122435702|moderate|rep3|seed20240909,0.6842
moderate,,nan,nat_122435702,38a92a80080b9aa99e8276db981a6e545a74667e9e4a53d1c7227b098028f5c9,ce437da4856845a9,,9ee789e038d26d78,B0a,16,16,7fe30b1136,4,natural:122435702,ok,moderate|nat_122435702|moderate|rep4|seed20240909,0.6721
bursty,,nan,nat_122435702,38a92a80080b9aa99e8276db981a6e545a74667e9e4a53d1c7227b098028f5c9,ce437da4856845a9,,48601d07ebdbd6a1,B0a,16,16,7fe30b1136,0,natural:122435702,ok,bursty|nat_122435702|bursty|rep0|seed20240909,0.6373
bursty,,nan,nat_122435702,38a92a80080b9aa99e8276db981a6e545a74667e9e4a53d1c7227b098028f5c9,ce437da4856845a9,,dcd1cbddf90f2b3e,B0a,16,16,7fe30b1136,1,natural:122435702,ok,bursty|nat_122435702|bursty|rep1|seed20240909,0.653
harsh,,nan,nat_116466520,699b6f23d90e451f4476cc734b9634a68d5c619c724ecca30b0bcddb202a23f4,ce437da4856845a9,,94c114f2e8cf50d2,P,16,16,f6706417e8,3,natural:116466520,ok,harsh|nat_116466520|harsh|rep3|seed20240909,4.908
bursty,,nan,nat_122435702,38a92a80080b9aa99e8276db981a6e545a74667e9e4a53d1c7227b098028f5c9,ce437da4856845a9,,ee553fe1cbffbeb6,B0a,16,16,7fe30b1136,2,natural:122435702,ok,bursty|nat_122435702|bursty|rep2|seed20240909,0.6336
bursty,,nan,nat_122435702,38a92a80080b9aa99e8276db981a6e545a74667e9e4a53d1c7227b098028f5c9,ce437da4856845a9,,8b0f2271be4feefd,B0a,16,16,7fe30b1136,4,natural:122435702,ok,bursty|nat_122435702|bursty|rep4|seed20240909,0.6276
bursty,,nan,nat_122435702,38a92a80080b9aa99e8276db981a6e545a74667e9e4a53d1c7227b098028f5c9,ce437da4856845a9,,dd5f2a5cea4fd377,B0a,16,16,7fe30b1136,3,natural:122435702,ok,bursty|nat_122435702|bursty|rep3|seed20240909,0.6405
harsh,,nan,nat_116466520,699b6f23d90e451f4476cc734b9634a68d5c619c724ecca30b0bcddb202a23f4,ce437da4856845a9,,3ac5bf00be6bc773,P,16,16,f6706417e8,4,natural:116466520,ok,harsh|nat_116466520|harsh|rep4|seed20240909,5.2224
harsh,,nan,nat_122435702,38a92a80080b9aa99e8276db981a6e545a74667e9e4a53d1c7227b098028f5c9,ce437da4856845a9,,bf7cbdfb44e298b6,B0a,16,16,7fe30b1136,0,natural:122435702,ok,harsh|nat_122435702|harsh|rep0|seed20240909,0.694
harsh,,nan,nat_122435702,38a92a80080b9aa99e8276db981a6e545a74667e9e4a53d1c7227b098028f5c9,ce437da4856845a9,,d9662c254c809cc2,B0a,16,16,7fe30b1136,1,natural:122435702,ok,harsh|nat_122435702|harsh|rep1|seed20240909,0.659
harsh,,nan,nat_122435702,38a92a80080b9aa99e8276db981a6e545a74667e9e4a53d1c7227b098028f5c9,ce437da4856845a9,,863ededb31812b9d,B0a,16,16,7fe30b1136,3,natural:122435702,ok,harsh|nat_122435702|harsh|rep3|seed20240909,0.6623
harsh,,nan,nat_122435702,38a92a80080b9aa99e8276db981a6e545a74667e9e4a53d1c7227b098028f5c9,ce437da4856845a9,,5ae8a49804b83407,B0a,16,16,7fe30b1136,2,natural:122435702,ok,harsh|nat_122435702|harsh|rep2|seed20240909,0.7128
harsh,,nan,nat_122435702,38a92a80080b9aa99e8276db981a6e545a74667e9e4a53d1c7227b098028f5c9,ce437da4856845a9,,068e5ff70b8d8a36,B0a,16,16,7fe30b1136,4,natural:122435702,ok,harsh|nat_122435702|harsh|rep4|seed20240909,0.7221
clean,,nan,nat_122435702,38a92a80080b9aa99e8276db981a6e545a74667e9e4a53d1c7227b098028f5c9,ce437da4856845a9,,99c3ba3fd721b9b5,B0a-R,16,16,7fe30b1136,0,natural:122435702,ok,clean|nat_122435702|clean|rep0|seed20240909,1.27
clean,,nan,nat_122435702,38a92a80080b9aa99e8276db981a6e545a74667e9e4a53d1c7227b098028f5c9,ce437da4856845a9,,18919191efc07336,B0a-R,16,16,7fe30b1136,1,natural:122435702,ok,clean|nat_122435702|clean|rep1|seed20240909,1.2956
clean,,nan,nat_122435702,38a92a80080b9aa99e8276db981a6e545a74667e9e4a53d1c7227b098028f5c9,ce437da4856845a9,,11386ede5e56edb6,B0a-R,16,16,7fe30b1136,2,natural:122435702,ok,clean|nat_122435702|clean|rep2|seed20240909,1.332
clean,,nan,nat_122435702,38a92a80080b9aa99e8276db981a6e545a74667e9e4a53d1c7227b098028f5c9,ce437da4856845a9,,f8d4f86ca3602e67,B0a-R,16,16,7fe30b1136,4,natural:122435702,ok,clean|nat_122435702|clean|rep4|seed20240909,1.2309
clean,,nan,nat_122435702,38a92a80080b9aa99e8276db981a6e545a74667e9e4a53d1c7227b098028f5c9,ce437da4856845a9,,ba71877e9e72398c,B0a-R,16,16,7fe30b1136,3,natural:122435702,ok,clean|nat_122435702|clean|rep3|seed20240909,1.2915
mild,,nan,nat_122435702,38a92a80080b9aa99e8276db981a6e545a74667e9e4a53d1c7227b098028f5c9,ce437da4856845a9,,8583e07e966853b1,B0a-R,16,16,7fe30b1136,0,natural:122435702,ok,mild|nat_122435702|mild|rep0|seed20240909,1.7845
mild,,nan,nat_122435702,38a92a80080b9aa99e8276db981a6e545a74667e9e4a53d1c7227b098028f5c9,ce437da4856845a9,,1659c8d2786b2847,B0a-R,16,16,7fe30b1136,1,natural:122435702,ok,mild|nat_122435702|mild|rep1|seed20240909,1.7344
moderate,,nan,nat_116466520,699b6f23d90e451f4476cc734b9634a68d5c619c724ecca30b0bcddb202a23f4,ce437da4856845a9,,c321248d60a3d4d5,P,16,16,f6706417e8,1,natural:116466520,ok,moderate|nat_116466520|moderate|rep1|seed20240909,15.2677
mild,,nan,nat_122435702,38a92a80080b9aa99e8276db981a6e545a74667e9e4a53d1c7227b098028f5c9,ce437da4856845a9,,a54957c94caabfb2,B0a-R,16,16,7fe30b1136,2,natural:122435702,ok,mild|nat_122435702|mild|rep2|seed20240909,1.8021
mild,,nan,nat_122435702,38a92a80080b9aa99e8276db981a6e545a74667e9e4a53d1c7227b098028f5c9,ce437da4856845a9,,c7729495117332c9,B0a-R,16,16,7fe30b1136,3,natural:122435702,ok,mild|nat_122435702|mild|rep3|seed20240909,1.7598
moderate,,nan,nat_116466520,699b6f23d90e451f4476cc734b9634a68d5c619c724ecca30b0bcddb202a23f4,ce437da4856845a9,,907cc068dbe0efd2,P,16,16,f6706417e8,0,natural:116466520,ok,moderate|nat_116466520|moderate|rep0|seed20240909,16.552
mild,,nan,nat_122435702,38a92a80080b9aa99e8276db981a6e545a74667e9e4a53d1c7227b098028f5c9,ce437da4856845a9,,138902de6b44a913,B0a-R,16,16,7fe30b1136,4,natural:122435702,ok,mild|nat_122435702|mild|rep4|seed20240909,1.8704
moderate,,nan,nat_122435702,38a92a80080b9aa99e8276db981a6e545a74667e9e4a53d1c7227b098028f5c9,ce437da4856845a9,,c9c15ebf5fcf85ef,B0a-R,16,16,7fe30b1136,0,natural:122435702,ok,moderate|nat_122435702|moderate|rep0|seed20240909,1.9896
moderate,,nan,nat_116466520,699b6f23d90e451f4476cc734b9634a68d5c619c724ecca30b0bcddb202a23f4,ce437da4856845a9,,c84efceb3ea0bd5f,P,16,16,f6706417e8,3,natural:116466520,ok,moderate|nat_116466520|moderate|rep3|seed20240909,15.5632
moderate,,nan,nat_116466520,699b6f23d90e451f4476cc734b9634a68d5c619c724ecca30b0bcddb202a23f4,ce437da4856845a9,,c24f03c35446989d,P,16,16,f6706417e8,2,natural:116466520,ok,moderate|nat_116466520|moderate|rep2|seed20240909,15.9644
moderate,,nan,nat_116466520,699b6f23d90e451f4476cc734b9634a68d5c619c724ecca30b0bcddb202a23f4,ce437da4856845a9,,d99aff1a30c62ab6,P,16,16,f6706417e8,4,natural:116466520,ok,moderate|nat_116466520|moderate|rep4|seed20240909,15.5925
moderate,,nan,nat_122435702,38a92a80080b9aa99e8276db981a6e545a74667e9e4a53d1c7227b098028f5c9,ce437da4856845a9,,0410be4948c1b7ca,B0a-R,16,16,7fe30b1136,1,natural:122435702,ok,moderate|nat_122435702|moderate|rep1|seed20240909,2.052
bursty,,nan,nat_116466520,699b6f23d90e451f4476cc734b9634a68d5c619c724ecca30b0bcddb202a23f4,ce437da4856845a9,,8e9548728c792ce7,P,16,16,f6706417e8,0,natural:116466520,ok,bursty|nat_116466520|bursty|rep0|seed20240909,15.2211
moderate,,nan,nat_122435702,38a92a80080b9aa99e8276db981a6e545a74667e9e4a53d1c7227b098028f5c9,ce437da4856845a9,,9e3c6df836a08e18,B0a-R,16,16,7fe30b1136,2,natural:122435702,ok,moderate|nat_122435702|moderate|rep2|seed20240909,2.0641
bursty,,nan,nat_122435702,38a92a80080b9aa99e8276db981a6e545a74667e9e4a53d1c7227b098028f5c9,ce437da4856845a9,,72f4f3a19c7026c0,B0a-R,16,16,7fe30b1136,0,natural:122435702,ok,bursty|nat_122435702|bursty|rep0|seed20240909,1.8573
moderate,,nan,nat_122435702,38a92a80080b9aa99e8276db981a6e545a74667e9e4a53d1c7227b098028f5c9,ce437da4856845a9,,b6d4eea03d48ac83,B0a-R,16,16,7fe30b1136,3,natural:122435702,ok,moderate|nat_122435702|moderate|rep3|seed20240909,2.1236
bursty,,nan,nat_122435702,38a92a80080b9aa99e8276db981a6e545a74667e9e4a53d1c7227b098028f5c9,ce437da4856845a9,,ddae95d667ee8f56,B0a-R,16,16,7fe30b1136,1,natural:122435702,ok,bursty|nat_122435702|bursty|rep1|seed20240909,1.9268
moderate,,nan,nat_122435702,38a92a80080b9aa99e8276db981a6e545a74667e9e4a53d1c7227b098028f5c9,ce437da4856845a9,,1e5ef510f1856cca,B0a-R,16,16,7fe30b1136,4,natural:122435702,ok,moderate|nat_122435702|moderate|rep4|seed20240909,2.0689
bursty,,nan,nat_116466520,699b6f23d90e451f4476cc734b9634a68d5c619c724ecca30b0bcddb202a23f4,ce437da4856845a9,,9cbc9a9eee08d598,P,16,16,f6706417e8,2,natural:116466520,ok,bursty|nat_116466520|bursty|rep2|seed20240909,15.1451
bursty,,nan,nat_122435702,38a92a80080b9aa99e8276db981a6e545a74667e9e4a53d1c7227b098028f5c9,ce437da4856845a9,,58f40346bd7131c4,B0a-R,16,16,7fe30b1136,2,natural:122435702,ok,bursty|nat_122435702|bursty|rep2|seed20240909,1.9072
bursty,,nan,nat_122435702,38a92a80080b9aa99e8276db981a6e545a74667e9e4a53d1c7227b098028f5c9,ce437da4856845a9,,1735ce026d37abdf,B0a-R,16,16,7fe30b1136,3,natural:122435702,ok,bursty|nat_122435702|bursty|rep3|seed20240909,1.9376
bursty,,nan,nat_122435702,38a92a80080b9aa99e8276db981a6e545a74667e9e4a53d1c7227b098028f5c9,ce437da4856845a9,,b38e5f09f832f488,B0a-R,16,16,7fe30b1136,4,natural:122435702,ok,bursty|nat_122435702|bursty|rep4|seed20240909,1.9941
bursty,,nan,nat_116466520,699b6f23d90e451f4476cc734b9634a68d5c619c724ecca30b0bcddb202a23f4,ce437da4856845a9,,37590e3d783f0eab,P,16,16,f6706417e8,1,natural:116466520,ok,bursty|nat_116466520|bursty|rep1|seed20240909,16.4406
harsh,,nan,nat_122435702,38a92a80080b9aa99e8276db981a6e545a74667e9e4a53d1c7227b098028f5c9,ce437da4856845a9,,ff5d072978eefb9d,B0a-R,16,16,7fe30b1136,0,natural:122435702,ok,harsh|nat_122435702|harsh|rep0|seed20240909,2.0813
bursty,,nan,nat_116466520,699b6f23d90e451f4476cc734b9634a68d5c619c724ecca30b0bcddb202a23f4,ce437da4856845a9,,48b597db6effc4cf,P,16,16,f6706417e8,3,natural:116466520,ok,bursty|nat_116466520|bursty|rep3|seed20240909,15.6748
harsh,,nan,nat_122435702,38a92a80080b9aa99e8276db981a6e545a74667e9e4a53d1c7227b098028f5c9,ce437da4856845a9,,f2320dbaac56a35a,B0a-R,16,16,7fe30b1136,1,natural:122435702,ok,harsh|nat_122435702|harsh|rep1|seed20240909,2.0256
harsh,,nan,nat_122435702,38a92a80080b9aa99e8276db981a6e545a74667e9e4a53d1c7227b098028f5c9,ce437da4856845a9,,28ec2ecb89971ce4,B0a-R,16,16,7fe30b1136,2,natural:122435702,ok,harsh|nat_122435702|harsh|rep2|seed20240909,2.0491
harsh,,nan,nat_122435702,38a92a80080b9aa99e8276db981a6e545a74667e9e4a53d1c7227b098028f5c9,ce437da4856845a9,,0d85ddb899096a63,B0a-R,16,16,7fe30b1136,3,natural:122435702,ok,harsh|nat_122435702|harsh|rep3|seed20240909,1.9954
harsh,,nan,nat_122435702,38a92a80080b9aa99e8276db981a6e545a74667e9e4a53d1c7227b098028f5c9,ce437da4856845a9,,a34ea8a9ce63074a,B0a-R,16,16,7fe30b1136,4,natural:122435702,ok,harsh|nat_122435702|harsh|rep4|seed20240909,1.9855
bursty,,nan,nat_116466520,699b6f23d90e451f4476cc734b9634a68d5c619c724ecca30b0bcddb202a23f4,ce437da4856845a9,,5a81fc7e2c4a7e05,P,16,16,f6706417e8,4,natural:116466520,ok,bursty|nat_116466520|bursty|rep4|seed20240909,16.3789
clean,,nan,nat_122435702,38a92a80080b9aa99e8276db981a6e545a74667e9e4a53d1c7227b098028f5c9,ce437da4856845a9,,73096fab1280781c,B0d,16,16,7fe30b1136,1,natural:122435702,ok,clean|nat_122435702|clean|rep1|seed20240909,6.7275
clean,,nan,nat_122435702,38a92a80080b9aa99e8276db981a6e545a74667e9e4a53d1c7227b098028f5c9,ce437da4856845a9,,da1b771edf008fcb,B0d,16,16,7fe30b1136,2,natural:122435702,ok,clean|nat_122435702|clean|rep2|seed20240909,6.8495
clean,,nan,nat_122435702,38a92a80080b9aa99e8276db981a6e545a74667e9e4a53d1c7227b098028f5c9,ce437da4856845a9,,c69aa67fc1987fb6,B0d,16,16,7fe30b1136,0,natural:122435702,ok,clean|nat_122435702|clean|rep0|seed20240909,6.9944
clean,,nan,nat_122435702,38a92a80080b9aa99e8276db981a6e545a74667e9e4a53d1c7227b098028f5c9,ce437da4856845a9,,1561a4eb5f0b28c1,B0d,16,16,7fe30b1136,4,natural:122435702,ok,clean|nat_122435702|clean|rep4|seed20240909,6.9094
clean,,nan,nat_122435702,38a92a80080b9aa99e8276db981a6e545a74667e9e4a53d1c7227b098028f5c9,ce437da4856845a9,,feb17dbbf2d0a76e,B0d,16,16,7fe30b1136,3,natural:122435702,ok,clean|nat_122435702|clean|rep3|seed20240909,6.9999
mild,,nan,nat_122435702,38a92a80080b9aa99e8276db981a6e545a74667e9e4a53d1c7227b098028f5c9,ce437da4856845a9,,adfb381d4381c382,B0d,16,16,7fe30b1136,1,natural:122435702,ok,mild|nat_122435702|mild|rep1|seed20240909,7.1238
mild,,nan,nat_122435702,38a92a80080b9aa99e8276db981a6e545a74667e9e4a53d1c7227b098028f5c9,ce437da4856845a9,,8fb1c97909fc62fa,B0d,16,16,7fe30b1136,0,natural:122435702,ok,mild|nat_122435702|mild|rep0|seed20240909,7.3018
mild,,nan,nat_122435702,38a92a80080b9aa99e8276db981a6e545a74667e9e4a53d1c7227b098028f5c9,ce437da4856845a9,,ce6d12e57b96f630,B0d,16,16,7fe30b1136,3,natural:122435702,ok,mild|nat_122435702|mild|rep3|seed20240909,7.2419
mild,,nan,nat_122435702,38a92a80080b9aa99e8276db981a6e545a74667e9e4a53d1c7227b098028f5c9,ce437da4856845a9,,8fcf2e8d9ab95983,B0d,16,16,7fe30b1136,2,natural:122435702,ok,mild|nat_122435702|mild|rep2|seed20240909,7.3544
mild,,nan,nat_122435702,38a92a80080b9aa99e8276db981a6e545a74667e9e4a53d1c7227b098028f5c9,ce437da4856845a9,,e433ba8bc464e663,B0d,16,16,7fe30b1136,4,natural:122435702,ok,mild|nat_122435702|mild|rep4|seed20240909,7.3487
clean,,nan,nat_122435702,38a92a80080b9aa99e8276db981a6e545a74667e9e4a53d1c7227b098028f5c9,ce437da4856845a9,,aa0cd7c7a904edae,B1,16,16,7fe30b1136,0,natural:122435702,ok,clean|nat_122435702|clean|rep0|seed20240909,0.4846
clean,,nan,nat_122435702,38a92a80080b9aa99e8276db981a6e545a74667e9e4a53d1c7227b098028f5c9,ce437da4856845a9,,cba4da9848009d81,B1,16,16,7fe30b1136,1,natural:122435702,ok,clean|nat_122435702|clean|rep1|seed20240909,0.44
clean,,nan,nat_122435702,38a92a80080b9aa99e8276db981a6e545a74667e9e4a53d1c7227b098028f5c9,ce437da4856845a9,,1001e58ce9934138,B1,16,16,7fe30b1136,2,natural:122435702,ok,clean|nat_122435702|clean|rep2|seed20240909,0.4773
clean,,nan,nat_122435702,38a92a80080b9aa99e8276db981a6e545a74667e9e4a53d1c7227b098028f5c9,ce437da4856845a9,,2e008c001080e0b3,B1,16,16,7fe30b1136,3,natural:122435702,ok,clean|nat_122435702|clean|rep3|seed20240909,0.4921
clean,,nan,nat_122435702,38a92a80080b9aa99e8276db981a6e545a74667e9e4a53d1c7227b098028f5c9,ce437da4856845a9,,5aab2afefe0cd3d8,B1,16,16,7fe30b1136,4,natural:122435702,ok,clean|nat_122435702|clean|rep4|seed20240909,0.5005
mild,,nan,nat_122435702,38a92a80080b9aa99e8276db981a6e545a74667e9e4a53d1c7227b098028f5c9,ce437da4856845a9,,1b78c3427e02a904,B1,16,16,7fe30b1136,0,natural:122435702,ok,mild|nat_122435702|mild|rep0|seed20240909,0.6448
harsh,,nan,nat_122435702,38a92a80080b9aa99e8276db981a6e545a74667e9e4a53d1c7227b098028f5c9,ce437da4856845a9,,c998179649620437,B0d,16,16,7fe30b1136,0,natural:122435702,ok,harsh|nat_122435702|harsh|rep0|seed20240909,4.6297
mild,,nan,nat_122435702,38a92a80080b9aa99e8276db981a6e545a74667e9e4a53d1c7227b098028f5c9,ce437da4856845a9,,cab99dd94d368e34,B1,16,16,7fe30b1136,1,natural:122435702,ok,mild|nat_122435702|mild|rep1|seed20240909,0.6011
harsh,,nan,nat_122435702,38a92a80080b9aa99e8276db981a6e545a74667e9e4a53d1c7227b098028f5c9,ce437da4856845a9,,d2f8a206625058ab,B0d,16,16,7fe30b1136,1,natural:122435702,ok,harsh|nat_122435702|harsh|rep1|seed20240909,4.5174
harsh,,nan,nat_122435702,38a92a80080b9aa99e8276db981a6e545a74667e9e4a53d1c7227b098028f5c9,ce437da4856845a9,,4afa5df0be1dae42,B0d,16,16,7fe30b1136,2,natural:122435702,ok,harsh|nat_122435702|harsh|rep2|seed20240909,4.5882
mild,,nan,nat_122435702,38a92a80080b9aa99e8276db981a6e545a74667e9e4a53d1c7227b098028f5c9,ce437da4856845a9,,92935c0cbd25034b,B1,16,16,7fe30b1136,2,natural:122435702,ok,mild|nat_122435702|mild|rep2|seed20240909,0.7003
mild,,nan,nat_122435702,38a92a80080b9aa99e8276db981a6e545a74667e9e4a53d1c7227b098028f5c9,ce437da4856845a9,,fd9aeac5cfc63b67,B1,16,16,7fe30b1136,3,natural:122435702,ok,mild|nat_122435702|mild|rep3|seed20240909,0.5981
harsh,,nan,nat_122435702,38a92a80080b9aa99e8276db981a6e545a74667e9e4a53d1c7227b098028f5c9,ce437da4856845a9,,b2c5386cdd71e8b8,B0d,16,16,7fe30b1136,3,natural:122435702,ok,harsh|nat_122435702|harsh|rep3|seed20240909,4.6058
moderate,,nan,nat_122435702,38a92a80080b9aa99e8276db981a6e545a74667e9e4a53d1c7227b098028f5c9,ce437da4856845a9,,450ddaef0855c592,B0d,16,16,7fe30b1136,0,natural:122435702,ok,moderate|nat_122435702|moderate|rep0|seed20240909,11.8337
harsh,,nan,nat_122435702,38a92a80080b9aa99e8276db981a6e545a74667e9e4a53d1c7227b098028f5c9,ce437da4856845a9,,1673f833aff8372f,B0d,16,16,7fe30b1136,4,natural:122435702,ok,harsh|nat_122435702|harsh|rep4|seed20240909,4.7422
moderate,,nan,nat_122435702,38a92a80080b9aa99e8276db981a6e545a74667e9e4a53d1c7227b098028f5c9,ce437da4856845a9,,3120691bf451cc21,B0d,16,16,7fe30b1136,1,natural:122435702,ok,moderate|nat_122435702|moderate|rep1|seed20240909,11.8817
mild,,nan,nat_122435702,38a92a80080b9aa99e8276db981a6e545a74667e9e4a53d1c7227b098028f5c9,ce437da4856845a9,,d466fcf1a99af4e0,B1,16,16,7fe30b1136,4,natural:122435702,ok,mild|nat_122435702|mild|rep4|seed20240909,0.7214
moderate,,nan,nat_122435702,38a92a80080b9aa99e8276db981a6e545a74667e9e4a53d1c7227b098028f5c9,ce437da4856845a9,,c568fbacdb368862,B1,16,16,7fe30b1136,0,natural:122435702,ok,moderate|nat_122435702|moderate|rep0|seed20240909,0.7001
moderate,,nan,nat_122435702,38a92a80080b9aa99e8276db981a6e545a74667e9e4a53d1c7227b098028f5c9,ce437da4856845a9,,1d39fc4328b944f4,B0d,16,16,7fe30b1136,2,natural:122435702,ok,moderate|nat_122435702|moderate|rep2|seed20240909,11.7212
moderate,,nan,nat_122435702,38a92a80080b9aa99e8276db981a6e545a74667e9e4a53d1c7227b098028f5c9,ce437da4856845a9,,c489c369c57a9b3d,B1,16,16,7fe30b1136,1,natural:122435702,ok,moderate|nat_122435702|moderate|rep1|seed20240909,0.6897
moderate,,nan,nat_122435702,38a92a80080b9aa99e8276db981a6e545a74667e9e4a53d1c7227b098028f5c9,ce437da4856845a9,,854a8afe910f93f2,B1,16,16,7fe30b1136,2,natural:122435702,ok,moderate|nat_122435702|moderate|rep2|seed20240909,0.7155
moderate,,nan,nat_122435702,38a92a80080b9aa99e8276db981a6e545a74667e9e4a53d1c7227b098028f5c9,ce437da4856845a9,,023a32cd41afef66,B0d,16,16,7fe30b1136,3,natural:122435702,ok,moderate|nat_122435702|moderate|rep3|seed20240909,11.939
moderate,,nan,nat_122435702,38a92a80080b9aa99e8276db981a6e545a74667e9e4a53d1c7227b098028f5c9,ce437da4856845a9,,3cd09cde471c1490,B1,16,16,7fe30b1136,3,natural:122435702,ok,moderate|nat_122435702|moderate|rep3|seed20240909,0.7014
bursty,,nan,nat_122435702,38a92a80080b9aa99e8276db981a6e545a74667e9e4a53d1c7227b098028f5c9,ce437da4856845a9,,bd8ac3bcc664f639,B1,16,16,7fe30b1136,2,natural:122435702,ok,bursty|nat_122435702|bursty|rep2|seed20240909,0.6751
moderate,,nan,nat_122435702,38a92a80080b9aa99e8276db981a6e545a74667e9e4a53d1c7227b098028f5c9,ce437da4856845a9,,5f7927ce635fb4c1,B1,16,16,7fe30b1136,4,natural:122435702,ok,moderate|nat_122435702|moderate|rep4|seed20240909,0.8152
bursty,,nan,nat_122435702,38a92a80080b9aa99e8276db981a6e545a74667e9e4a53d1c7227b098028f5c9,ce437da4856845a9,,8181958d6e42bdbc,B1,16,16,7fe30b1136,1,natural:122435702,ok,bursty|nat_122435702|bursty|rep1|seed20240909,0.7381
bursty,,nan,nat_122435702,38a92a80080b9aa99e8276db981a6e545a74667e9e4a53d1c7227b098028f5c9,ce437da4856845a9,,e9513d4a1a0ba8ec,B0d,16,16,7fe30b1136,0,natural:122435702,ok,bursty|nat_122435702|bursty|rep0|seed20240909,11.7392
bursty,,nan,nat_122435702,38a92a80080b9aa99e8276db981a6e545a74667e9e4a53d1c7227b098028f5c9,ce437da4856845a9,,f973c1b3e8e59a05,B1,16,16,7fe30b1136,0,natural:122435702,ok,bursty|nat_122435702|bursty|rep0|seed20240909,0.7893
bursty,,nan,nat_122435702,38a92a80080b9aa99e8276db981a6e545a74667e9e4a53d1c7227b098028f5c9,ce437da4856845a9,,fbb06ffa6d95103d,B1,16,16,7fe30b1136,3,natural:122435702,ok,bursty|nat_122435702|bursty|rep3|seed20240909,0.7396
bursty,,nan,nat_122435702,38a92a80080b9aa99e8276db981a6e545a74667e9e4a53d1c7227b098028f5c9,ce437da4856845a9,,dae62fd0425c4e49,B1,16,16,7fe30b1136,4,natural:122435702,ok,bursty|nat_122435702|bursty|rep4|seed20240909,0.7554
harsh,,nan,nat_122435702,38a92a80080b9aa99e8276db981a6e545a74667e9e4a53d1c7227b098028f5c9,ce437da4856845a9,,c3eeab99cebb8086,B1,16,16,7fe30b1136,0,natural:122435702,ok,harsh|nat_122435702|harsh|rep0|seed20240909,0.8089
moderate,,nan,nat_122435702,38a92a80080b9aa99e8276db981a6e545a74667e9e4a53d1c7227b098028f5c9,ce437da4856845a9,,cc44a0e2cb0d9cad,B0d,16,16,7fe30b1136,4,natural:122435702,ok,moderate|nat_122435702|moderate|rep4|seed20240909,12.1365
harsh,,nan,nat_122435702,38a92a80080b9aa99e8276db981a6e545a74667e9e4a53d1c7227b098028f5c9,ce437da4856845a9,,4a517bc723c11ec1,B1,16,16,7fe30b1136,1,natural:122435702,ok,harsh|nat_122435702|harsh|rep1|seed20240909,0.8002
harsh,,nan,nat_122435702,38a92a80080b9aa99e8276db981a6e545a74667e9e4a53d1c7227b098028f5c9,ce437da4856845a9,,ec213d32043fcd58,B1,16,16,7fe30b1136,2,natural:122435702,ok,harsh|nat_122435702|harsh|rep2|seed20240909,0.7827
clean,,nan,nat_122435702,38a92a80080b9aa99e8276db981a6e545a74667e9e4a53d1c7227b098028f5c9,ce437da4856845a9,,2ba7423e3ad39db6,B2,16,16,7fe30b1136,0,natural:122435702,ok,clean|nat_122435702|clean|rep0|seed20240909,0.5585
harsh,,nan,nat_122435702,38a92a80080b9aa99e8276db981a6e545a74667e9e4a53d1c7227b098028f5c9,ce437da4856845a9,,59e77c39cbfd15d2,B1,16,16,7fe30b1136,3,natural:122435702,ok,harsh|nat_122435702|harsh|rep3|seed20240909,0.7419
clean,,nan,nat_122435702,38a92a80080b9aa99e8276db981a6e545a74667e9e4a53d1c7227b098028f5c9,ce437da4856845a9,,74fb3bf23d22622f,B2,16,16,7fe30b1136,1,natural:122435702,ok,clean|nat_122435702|clean|rep1|seed20240909,0.5409
clean,,nan,nat_122435702,38a92a80080b9aa99e8276db981a6e545a74667e9e4a53d1c7227b098028f5c9,ce437da4856845a9,,f63c6db2a6801d1c,B2,16,16,7fe30b1136,4,natural:122435702,ok,clean|nat_122435702|clean|rep4|seed20240909,0.5201
clean,,nan,nat_122435702,38a92a80080b9aa99e8276db981a6e545a74667e9e4a53d1c7227b098028f5c9,ce437da4856845a9,,0701e12c11bb605d,B2,16,16,7fe30b1136,3,natural:122435702,ok,clean|nat_122435702|clean|rep3|seed20240909,0.533
clean,,nan,nat_122435702,38a92a80080b9aa99e8276db981a6e545a74667e9e4a53d1c7227b098028f5c9,ce437da4856845a9,,a082131b94d0e30f,B2,16,16,7fe30b1136,2,natural:122435702,ok,clean|nat_122435702|clean|rep2|seed20240909,0.5841
harsh,,nan,nat_122435702,38a92a80080b9aa99e8276db981a6e545a74667e9e4a53d1c7227b098028f5c9,ce437da4856845a9,,e256ea45aab3eca2,B1,16,16,7fe30b1136,4,natural:122435702,ok,harsh|nat_122435702|harsh|rep4|seed20240909,0.8082
mild,,nan,nat_122435702,38a92a80080b9aa99e8276db981a6e545a74667e9e4a53d1c7227b098028f5c9,ce437da4856845a9,,a41c5006087184aa,B2,16,16,7fe30b1136,0,natural:122435702,ok,mild|nat_122435702|mild|rep0|seed20240909,0.7381
mild,,nan,nat_122435702,38a92a80080b9aa99e8276db981a6e545a74667e9e4a53d1c7227b098028f5c9,ce437da4856845a9,,76d123d8e156faea,B2,16,16,7fe30b1136,1,natural:122435702,ok,mild|nat_122435702|mild|rep1|seed20240909,0.7569
mild,,nan,nat_122435702,38a92a80080b9aa99e8276db981a6e545a74667e9e4a53d1c7227b098028f5c9,ce437da4856845a9,,1feb4386b4fea921,B2,16,16,7fe30b1136,2,natural:122435702,ok,mild|nat_122435702|mild|rep2|seed20240909,0.6462
mild,,nan,nat_122435702,38a92a80080b9aa99e8276db981a6e545a74667e9e4a53d1c7227b098028f5c9,ce437da4856845a9,,308284dfaa98a628,B2,16,16,7fe30b1136,3,natural:122435702,ok,mild|nat_122435702|mild|rep3|seed20240909,0.7266
mild,,nan,nat_122435702,38a92a80080b9aa99e8276db981a6e545a74667e9e4a53d1c7227b098028f5c9,ce437da4856845a9,,a02f5fb904e65b12,B2,16,16,7fe30b1136,4,natural:122435702,ok,mild|nat_122435702|mild|rep4|seed20240909,0.7807
moderate,,nan,nat_122435702,38a92a80080b9aa99e8276db981a6e545a74667e9e4a53d1c7227b098028f5c9,ce437da4856845a9,,c36c97c8dc37e1cb,B2,16,16,7fe30b1136,0,natural:122435702,ok,moderate|nat_122435702|moderate|rep0|seed20240909,0.7329
moderate,,nan,nat_122435702,38a92a80080b9aa99e8276db981a6e545a74667e9e4a53d1c7227b098028f5c9,ce437da4856845a9,,82b975214d80d198,B2,16,16,7fe30b1136,1,natural:122435702,ok,moderate|nat_122435702|moderate|rep1|seed20240909,0.7498
bursty,,nan,nat_122435702,38a92a80080b9aa99e8276db981a6e545a74667e9e4a53d1c7227b098028f5c9,ce437da4856845a9,,32acaf2615c5e425,B2,16,16,7fe30b1136,0,natural:122435702,ok,bursty|nat_122435702|bursty|rep0|seed20240909,0.6888
moderate,,nan,nat_122435702,38a92a80080b9aa99e8276db981a6e545a74667e9e4a53d1c7227b098028f5c9,ce437da4856845a9,,5fd96e0d9768a31f,B2,16,16,7fe30b1136,2,natural:122435702,ok,moderate|nat_122435702|moderate|rep2|seed20240909,0.7908
moderate,,nan,nat_122435702,38a92a80080b9aa99e8276db981a6e545a74667e9e4a53d1c7227b098028f5c9,ce437da4856845a9,,0a90ab118de6d35f,B2,16,16,7fe30b1136,4,natural:122435702,ok,moderate|nat_122435702|moderate|rep4|seed20240909,0.7812
moderate,,nan,nat_122435702,38a92a80080b9aa99e8276db981a6e545a74667e9e4a53d1c7227b098028f5c9,ce437da4856845a9,,99581fa8b624c147,B2,16,16,7fe30b1136,3,natural:122435702,ok,moderate|nat_122435702|moderate|rep3|seed20240909,0.7968
bursty,,nan,nat_122435702,38a92a80080b9aa99e8276db981a6e545a74667e9e4a53d1c7227b098028f5c9,ce437da4856845a9,,69e625d6439db61b,B2,16,16,7fe30b1136,1,natural:122435702,ok,bursty|nat_122435702|bursty|rep1|seed20240909,0.7491
bursty,,nan,nat_122435702,38a92a80080b9aa99e8276db981a6e545a74667e9e4a53d1c7227b098028f5c9,ce437da4856845a9,,2b4aeca4a101056b,B2,16,16,7fe30b1136,2,natural:122435702,ok,bursty|nat_122435702|bursty|rep2|seed20240909,0.7108
bursty,,nan,nat_122435702,38a92a80080b9aa99e8276db981a6e545a74667e9e4a53d1c7227b098028f5c9,ce437da4856845a9,,132bbf4da95e1b79,B2,16,16,7fe30b1136,3,natural:122435702,ok,bursty|nat_122435702|bursty|rep3|seed20240909,0.6991
bursty,,nan,nat_122435702,38a92a80080b9aa99e8276db981a6e545a74667e9e4a53d1c7227b098028f5c9,ce437da4856845a9,,01e44b245a70e96f,B2,16,16,7fe30b1136,4,natural:122435702,ok,bursty|nat_122435702|bursty|rep4|seed20240909,0.7419
harsh,,nan,nat_122435702,38a92a80080b9aa99e8276db981a6e545a74667e9e4a53d1c7227b098028f5c9,ce437da4856845a9,,987e33032b93522c,B2,16,16,7fe30b1136,0,natural:122435702,ok,harsh|nat_122435702|harsh|rep0|seed20240909,0.7348
harsh,,nan,nat_122435702,38a92a80080b9aa99e8276db981a6e545a74667e9e4a53d1c7227b098028f5c9,ce437da4856845a9,,176b42afaead722a,B2,16,16,7fe30b1136,1,natural:122435702,ok,harsh|nat_122435702|harsh|rep1|seed20240909,0.7264
harsh,,nan,nat_122435702,38a92a80080b9aa99e8276db981a6e545a74667e9e4a53d1c7227b098028f5c9,ce437da4856845a9,,dffb22729c4247c3,B2,16,16,7fe30b1136,3,natural:122435702,ok,harsh|nat_122435702|harsh|rep3|seed20240909,0.6935
harsh,,nan,nat_122435702,38a92a80080b9aa99e8276db981a6e545a74667e9e4a53d1c7227b098028f5c9,ce437da4856845a9,,c203fade9768ac5a,B2,16,16,7fe30b1136,2,natural:122435702,ok,harsh|nat_122435702|harsh|rep2|seed20240909,0.7576
harsh,,nan,nat_122435702,38a92a80080b9aa99e8276db981a6e545a74667e9e4a53d1c7227b098028f5c9,ce437da4856845a9,,1777f09f0911a764,B2,16,16,7fe30b1136,4,natural:122435702,ok,harsh|nat_122435702|harsh|rep4|seed20240909,0.753
bursty,,nan,nat_122435702,38a92a80080b9aa99e8276db981a6e545a74667e9e4a53d1c7227b098028f5c9,ce437da4856845a9,,5601c912d369e3a6,B0d,16,16,7fe30b1136,1,natural:122435702,ok,bursty|nat_122435702|bursty|rep1|seed20240909,11.4825
bursty,,nan,nat_122435702,38a92a80080b9aa99e8276db981a6e545a74667e9e4a53d1c7227b098028f5c9,ce437da4856845a9,,cabc8500ba2a53c4,B0d,16,16,7fe30b1136,2,natural:122435702,ok,bursty|nat_122435702|bursty|rep2|seed20240909,11.9191
bursty,,nan,nat_122435702,38a92a80080b9aa99e8276db981a6e545a74667e9e4a53d1c7227b098028f5c9,ce437da4856845a9,,9772d5b105066eba,B0d,16,16,7fe30b1136,3,natural:122435702,ok,bursty|nat_122435702|bursty|rep3|seed20240909,12.0097
bursty,,nan,nat_122435702,38a92a80080b9aa99e8276db981a6e545a74667e9e4a53d1c7227b098028f5c9,ce437da4856845a9,,4becfc0a352093bc,B0d,16,16,7fe30b1136,4,natural:122435702,ok,bursty|nat_122435702|bursty|rep4|seed20240909,12.6149
clean,,nan,nat_122435702,38a92a80080b9aa99e8276db981a6e545a74667e9e4a53d1c7227b098028f5c9,ce437da4856845a9,,3609271da2ec16ba,B3,16,16,7fe30b1136,2,natural:122435702,ok,clean|nat_122435702|clean|rep2|seed20240909,5.5993
clean,,nan,nat_122435702,38a92a80080b9aa99e8276db981a6e545a74667e9e4a53d1c7227b098028f5c9,ce437da4856845a9,,5de499a4304f5d78,B3,16,16,7fe30b1136,0,natural:122435702,ok,clean|nat_122435702|clean|rep0|seed20240909,5.7311
clean,,nan,nat_122435702,38a92a80080b9aa99e8276db981a6e545a74667e9e4a53d1c7227b098028f5c9,ce437da4856845a9,,a35d5c8219aefc82,B3,16,16,7fe30b1136,3,natural:122435702,ok,clean|nat_122435702|clean|rep3|seed20240909,5.5785
clean,,nan,nat_122435702,38a92a80080b9aa99e8276db981a6e545a74667e9e4a53d1c7227b098028f5c9,ce437da4856845a9,,235b7c92f5b434eb,B3,16,16,7fe30b1136,4,natural:122435702,ok,clean|nat_122435702|clean|rep4|seed20240909,5.5317
clean,,nan,nat_122435702,38a92a80080b9aa99e8276db981a6e545a74667e9e4a53d1c7227b098028f5c9,ce437da4856845a9,,2f639a22e4ee4cbb,B3,16,16,7fe30b1136,1,natural:122435702,ok,clean|nat_122435702|clean|rep1|seed20240909,5.8086
mild,,nan,nat_122435702,38a92a80080b9aa99e8276db981a6e545a74667e9e4a53d1c7227b098028f5c9,ce437da4856845a9,,f954c7c3dc0e0c9a,B3,16,16,7fe30b1136,0,natural:122435702,ok,mild|nat_122435702|mild|rep0|seed20240909,5.8764
mild,,nan,nat_122435702,38a92a80080b9aa99e8276db981a6e545a74667e9e4a53d1c7227b098028f5c9,ce437da4856845a9,,f778218855d29634,B3,16,16,7fe30b1136,1,natural:122435702,ok,mild|nat_122435702|mild|rep1|seed20240909,5.878
mild,,nan,nat_122435702,38a92a80080b9aa99e8276db981a6e545a74667e9e4a53d1c7227b098028f5c9,ce437da4856845a9,,93d4f69a5117bb0d,B3,16,16,7fe30b1136,4,natural:122435702,ok,mild|nat_122435702|mild|rep4|seed20240909,5.6818
mild,,nan,nat_122435702,38a92a80080b9aa99e8276db981a6e545a74667e9e4a53d1c7227b098028f5c9,ce437da4856845a9,,f2fe3f08e367b7fe,B3,16,16,7fe30b1136,2,natural:122435702,ok,mild|nat_122435702|mild|rep2|seed20240909,5.8318
mild,,nan,nat_122435702,38a92a80080b9aa99e8276db981a6e545a74667e9e4a53d1c7227b098028f5c9,ce437da4856845a9,,7377fda2bf80997c,B3,16,16,7fe30b1136,3,natural:122435702,ok,mild|nat_122435702|mild|rep3|seed20240909,5.8272
moderate,,nan,nat_122435702,38a92a80080b9aa99e8276db981a6e545a74667e9e4a53d1c7227b098028f5c9,ce437da4856845a9,,4f2e81aae5f97b35,B3,16,16,7fe30b1136,0,natural:122435702,ok,moderate|nat_122435702|moderate|rep0|seed20240909,7.9137
moderate,,nan,nat_122435702,38a92a80080b9aa99e8276db981a6e545a74667e9e4a53d1c7227b098028f5c9,ce437da4856845a9,,b15e3e51a92f958c,B3,16,16,7fe30b1136,1,natural:122435702,ok,moderate|nat_122435702|moderate|rep1|seed20240909,8.0509
harsh,,nan,nat_122435702,38a92a80080b9aa99e8276db981a6e545a74667e9e4a53d1c7227b098028f5c9,ce437da4856845a9,,0cf364bc645c3d0a,B3,16,16,7fe30b1136,0,natural:122435702,ok,harsh|nat_122435702|harsh|rep0|seed20240909,3.4322
harsh,,nan,nat_122435702,38a92a80080b9aa99e8276db981a6e545a74667e9e4a53d1c7227b098028f5c9,ce437da4856845a9,,90e22ac4c557bf91,B3,16,16,7fe30b1136,1,natural:122435702,ok,harsh|nat_122435702|harsh|rep1|seed20240909,3.4022
harsh,,nan,nat_122435702,38a92a80080b9aa99e8276db981a6e545a74667e9e4a53d1c7227b098028f5c9,ce437da4856845a9,,3cbe4fb25f72b7b6,B3,16,16,7fe30b1136,3,natural:122435702,ok,harsh|nat_122435702|harsh|rep3|seed20240909,3.3883
harsh,,nan,nat_122435702,38a92a80080b9aa99e8276db981a6e545a74667e9e4a53d1c7227b098028f5c9,ce437da4856845a9,,ce87ba60dab14e11,B3,16,16,7fe30b1136,2,natural:122435702,ok,harsh|nat_122435702|harsh|rep2|seed20240909,3.4776
harsh,,nan,nat_122435702,38a92a80080b9aa99e8276db981a6e545a74667e9e4a53d1c7227b098028f5c9,ce437da4856845a9,,60c39b971be99073,B3,16,16,7fe30b1136,4,natural:122435702,ok,harsh|nat_122435702|harsh|rep4|seed20240909,3.556
moderate,,nan,nat_122435702,38a92a80080b9aa99e8276db981a6e545a74667e9e4a53d1c7227b098028f5c9,ce437da4856845a9,,189d7e7cbddbbc35,B3,16,16,7fe30b1136,2,natural:122435702,ok,moderate|nat_122435702|moderate|rep2|seed20240909,6.9614
moderate,,nan,nat_122435702,38a92a80080b9aa99e8276db981a6e545a74667e9e4a53d1c7227b098028f5c9,ce437da4856845a9,,4dc14db5f16b6d12,B3,16,16,7fe30b1136,3,natural:122435702,ok,moderate|nat_122435702|moderate|rep3|seed20240909,7.4387
moderate,,nan,nat_122435702,38a92a80080b9aa99e8276db981a6e545a74667e9e4a53d1c7227b098028f5c9,ce437da4856845a9,,ad7f496558f85357,B3,16,16,7fe30b1136,4,natural:122435702,ok,moderate|nat_122435702|moderate|rep4|seed20240909,7.6142
bursty,,nan,nat_122435702,38a92a80080b9aa99e8276db981a6e545a74667e9e4a53d1c7227b098028f5c9,ce437da4856845a9,,da471d79c5cbf688,B3,16,16,7fe30b1136,0,natural:122435702,ok,bursty|nat_122435702|bursty|rep0|seed20240909,7.8152
clean,,nan,nat_122435702,38a92a80080b9aa99e8276db981a6e545a74667e9e4a53d1c7227b098028f5c9,ce437da4856845a9,,2631f4d46fb219dd,B4,16,16,7fe30b1136,0,natural:122435702,ok,clean|nat_122435702|clean|rep0|seed20240909,6.2631
bursty,,nan,nat_122435702,38a92a80080b9aa99e8276db981a6e545a74667e9e4a53d1c7227b098028f5c9,ce437da4856845a9,,eda46f1cd9b571bf,B3,16,16,7fe30b1136,1,natural:122435702,ok,bursty|nat_122435702|bursty|rep1|seed20240909,7.161
bursty,,nan,nat_122435702,38a92a80080b9aa99e8276db981a6e545a74667e9e4a53d1c7227b098028f5c9,ce437da4856845a9,,eb89dc4899c596f8,B3,16,16,7fe30b1136,3,natural:122435702,ok,bursty|nat_122435702|bursty|rep3|seed20240909,7.5825
bursty,,nan,nat_122435702,38a92a80080b9aa99e8276db981a6e545a74667e9e4a53d1c7227b098028f5c9,ce437da4856845a9,,0803c8d1ba6126f4,B3,16,16,7fe30b1136,2,natural:122435702,ok,bursty|nat_122435702|bursty|rep2|seed20240909,7.767
bursty,,nan,nat_122435702,38a92a80080b9aa99e8276db981a6e545a74667e9e4a53d1c7227b098028f5c9,ce437da4856845a9,,d3096700950cdeec,B3,16,16,7fe30b1136,4,natural:122435702,ok,bursty|nat_122435702|bursty|rep4|seed20240909,8.5623
clean,,nan,nat_122435702,38a92a80080b9aa99e8276db981a6e545a74667e9e4a53d1c7227b098028f5c9,ce437da4856845a9,,693589c3966398bc,B4,16,16,7fe30b1136,1,natural:122435702,ok,clean|nat_122435702|clean|rep1|seed20240909,6.1971
clean,,nan,nat_122435702,38a92a80080b9aa99e8276db981a6e545a74667e9e4a53d1c7227b098028f5c9,ce437da4856845a9,,66116400f3f43383,B4,16,16,7fe30b1136,2,natural:122435702,ok,clean|nat_122435702|clean|rep2|seed20240909,6.3301
clean,,nan,nat_122435702,38a92a80080b9aa99e8276db981a6e545a74667e9e4a53d1c7227b098028f5c9,ce437da4856845a9,,d8e7230612f1c7db,B4,16,16,7fe30b1136,3,natural:122435702,ok,clean|nat_122435702|clean|rep3|seed20240909,6.127
clean,,nan,nat_122435702,38a92a80080b9aa99e8276db981a6e545a74667e9e4a53d1c7227b098028f5c9,ce437da4856845a9,,6c9379a65aed9794,B4,16,16,7fe30b1136,4,natural:122435702,ok,clean|nat_122435702|clean|rep4|seed20240909,6.0411
mild,,nan,nat_122435702,38a92a80080b9aa99e8276db981a6e545a74667e9e4a53d1c7227b098028f5c9,ce437da4856845a9,,d6cb682872d76696,B4,16,16,7fe30b1136,0,natural:122435702,ok,mild|nat_122435702|mild|rep0|seed20240909,6.4928
mild,,nan,nat_122435702,38a92a80080b9aa99e8276db981a6e545a74667e9e4a53d1c7227b098028f5c9,ce437da4856845a9,,dbb05940a2823de5,B4,16,16,7fe30b1136,1,natural:122435702,ok,mild|nat_122435702|mild|rep1|seed20240909,6.7298
mild,,nan,nat_122435702,38a92a80080b9aa99e8276db981a6e545a74667e9e4a53d1c7227b098028f5c9,ce437da4856845a9,,6a00c6deee9ec01c,B4,16,16,7fe30b1136,2,natural:122435702,ok,mild|nat_122435702|mild|rep2|seed20240909,6.6801
mild,,nan,nat_122435702,38a92a80080b9aa99e8276db981a6e545a74667e9e4a53d1c7227b098028f5c9,ce437da4856845a9,,1478e95b0dd479f0,B4,16,16,7fe30b1136,3,natural:122435702,ok,mild|nat_122435702|mild|rep3|seed20240909,6.5776
mild,,nan,nat_122435702,38a92a80080b9aa99e8276db981a6e545a74667e9e4a53d1c7227b098028f5c9,ce437da4856845a9,,4487a76d49fb3bd1,B4,16,16,7fe30b1136,4,natural:122435702,ok,mild|nat_122435702|mild|rep4|seed20240909,6.6131
harsh,,nan,nat_122435702,38a92a80080b9aa99e8276db981a6e545a74667e9e4a53d1c7227b098028f5c9,ce437da4856845a9,,117498a2fb00f58a,B4,16,16,7fe30b1136,0,natural:122435702,ok,harsh|nat_122435702|harsh|rep0|seed20240909,4.2326
harsh,,nan,nat_122435702,38a92a80080b9aa99e8276db981a6e545a74667e9e4a53d1c7227b098028f5c9,ce437da4856845a9,,46b9f1d69b972736,B4,16,16,7fe30b1136,1,natural:122435702,ok,harsh|nat_122435702|harsh|rep1|seed20240909,3.879
harsh,,nan,nat_122435702,38a92a80080b9aa99e8276db981a6e545a74667e9e4a53d1c7227b098028f5c9,ce437da4856845a9,,3bbad3069f4eb33b,B4,16,16,7fe30b1136,2,natural:122435702,ok,harsh|nat_122435702|harsh|rep2|seed20240909,4.1081
harsh,,nan,nat_122435702,38a92a80080b9aa99e8276db981a6e545a74667e9e4a53d1c7227b098028f5c9,ce437da4856845a9,,a2108ead588fbae0,B4,16,16,7fe30b1136,3,natural:122435702,ok,harsh|nat_122435702|harsh|rep3|seed20240909,4.0097
harsh,,nan,nat_122435702,38a92a80080b9aa99e8276db981a6e545a74667e9e4a53d1c7227b098028f5c9,ce437da4856845a9,,6f37bf0a505570e9,B4,16,16,7fe30b1136,4,natural:122435702,ok,harsh|nat_122435702|harsh|rep4|seed20240909,4.0178
moderate,,nan,nat_122435702,38a92a80080b9aa99e8276db981a6e545a74667e9e4a53d1c7227b098028f5c9,ce437da4856845a9,,5f7af6490c12ab0a,B4,16,16,7fe30b1136,0,natural:122435702,ok,moderate|nat_122435702|moderate|rep0|seed20240909,10.7111
moderate,,nan,nat_122435702,38a92a80080b9aa99e8276db981a6e545a74667e9e4a53d1c7227b098028f5c9,ce437da4856845a9,,499613618944515b,B4,16,16,7fe30b1136,1,natural:122435702,ok,moderate|nat_122435702|moderate|rep1|seed20240909,10.6658
moderate,,nan,nat_122435702,38a92a80080b9aa99e8276db981a6e545a74667e9e4a53d1c7227b098028f5c9,ce437da4856845a9,,acc7c19121ae3f61,B4,16,16,7fe30b1136,3,natural:122435702,ok,moderate|nat_122435702|moderate|rep3|seed20240909,10.52
moderate,,nan,nat_122435702,38a92a80080b9aa99e8276db981a6e545a74667e9e4a53d1c7227b098028f5c9,ce437da4856845a9,,3cba6c20e086f947,B4,16,16,7fe30b1136,2,natural:122435702,ok,moderate|nat_122435702|moderate|rep2|seed20240909,10.7387
moderate,,nan,nat_122435702,38a92a80080b9aa99e8276db981a6e545a74667e9e4a53d1c7227b098028f5c9,ce437da4856845a9,,09f7650ba449be05,B4,16,16,7fe30b1136,4,natural:122435702,ok,moderate|nat_122435702|moderate|rep4|seed20240909,10.5303
bursty,,nan,nat_122435702,38a92a80080b9aa99e8276db981a6e545a74667e9e4a53d1c7227b098028f5c9,ce437da4856845a9,,217d341de34240b6,B4,16,16,7fe30b1136,0,natural:122435702,ok,bursty|nat_122435702|bursty|rep0|seed20240909,10.4711
bursty,,nan,nat_122435702,38a92a80080b9aa99e8276db981a6e545a74667e9e4a53d1c7227b098028f5c9,ce437da4856845a9,,1877a6c90475e4a0,B4,16,16,7fe30b1136,1,natural:122435702,ok,bursty|nat_122435702|bursty|rep1|seed20240909,10.114
clean,,nan,nat_122435702,38a92a80080b9aa99e8276db981a6e545a74667e9e4a53d1c7227b098028f5c9,ce437da4856845a9,,381b7ac560ac7bf8,B4t,16,16,7e31e8b9ec,0,natural:122435702,ok,clean|nat_122435702|clean|rep0|seed20240909,7.0985
bursty,,nan,nat_122435702,38a92a80080b9aa99e8276db981a6e545a74667e9e4a53d1c7227b098028f5c9,ce437da4856845a9,,f4b03c2a283fc967,B4,16,16,7fe30b1136,3,natural:122435702,ok,bursty|nat_122435702|bursty|rep3|seed20240909,10.3427
bursty,,nan,nat_122435702,38a92a80080b9aa99e8276db981a6e545a74667e9e4a53d1c7227b098028f5c9,ce437da4856845a9,,835b24e94dd74eec,B4,16,16,7fe30b1136,2,natural:122435702,ok,bursty|nat_122435702|bursty|rep2|seed20240909,10.7863
bursty,,nan,nat_122435702,38a92a80080b9aa99e8276db981a6e545a74667e9e4a53d1c7227b098028f5c9,ce437da4856845a9,,0939e5ca6a7b2f70,B4,16,16,7fe30b1136,4,natural:122435702,ok,bursty|nat_122435702|bursty|rep4|seed20240909,11.0469
clean,,nan,nat_122435702,38a92a80080b9aa99e8276db981a6e545a74667e9e4a53d1c7227b098028f5c9,ce437da4856845a9,,7d3756a7c71b8f23,B4t,16,16,7e31e8b9ec,1,natural:122435702,ok,clean|nat_122435702|clean|rep1|seed20240909,7.0633
clean,,nan,nat_122435702,38a92a80080b9aa99e8276db981a6e545a74667e9e4a53d1c7227b098028f5c9,ce437da4856845a9,,d7e66cba711879fe,B4t,16,16,7e31e8b9ec,2,natural:122435702,ok,clean|nat_122435702|clean|rep2|seed20240909,7.142
clean,,nan,nat_122435702,38a92a80080b9aa99e8276db981a6e545a74667e9e4a53d1c7227b098028f5c9,ce437da4856845a9,,e1b15281dbc724b6,B4t,16,16,7e31e8b9ec,3,natural:122435702,ok,clean|nat_122435702|clean|rep3|seed20240909,7.2138
clean,,nan,nat_122435702,38a92a80080b9aa99e8276db981a6e545a74667e9e4a53d1c7227b098028f5c9,ce437da4856845a9,,88dec3e1f0065ce0,B4t,16,16,7e31e8b9ec,4,natural:122435702,ok,clean|nat_122435702|clean|rep4|seed20240909,7.3496
mild,,nan,nat_122435702,38a92a80080b9aa99e8276db981a6e545a74667e9e4a53d1c7227b098028f5c9,ce437da4856845a9,,6f88b5d6cd483b61,B4t,16,16,7e31e8b9ec,0,natural:122435702,ok,mild|nat_122435702|mild|rep0|seed20240909,7.3878
mild,,nan,nat_122435702,38a92a80080b9aa99e8276db981a6e545a74667e9e4a53d1c7227b098028f5c9,ce437da4856845a9,,96e166c8693bb1ae,B4t,16,16,7e31e8b9ec,1,natural:122435702,ok,mild|nat_122435702|mild|rep1|seed20240909,7.3974
mild,,nan,nat_122435702,38a92a80080b9aa99e8276db981a6e545a74667e9e4a53d1c7227b098028f5c9,ce437da4856845a9,,b06d27e2520eefd1,B4t,16,16,7e31e8b9ec,2,natural:122435702,ok,mild|nat_122435702|mild|rep2|seed20240909,7.573
mild,,nan,nat_122435702,38a92a80080b9aa99e8276db981a6e545a74667e9e4a53d1c7227b098028f5c9,ce437da4856845a9,,962225a293f41d60,B4t,16,16,7e31e8b9ec,4,natural:122435702,ok,mild|nat_122435702|mild|rep4|seed20240909,7.2157
mild,,nan,nat_122435702,38a92a80080b9aa99e8276db981a6e545a74667e9e4a53d1c7227b098028f5c9,ce437da4856845a9,,d48e4d42ff9bbc61,B4t,16,16,7e31e8b9ec,3,natural:122435702,ok,mild|nat_122435702|mild|rep3|seed20240909,7.4728
harsh,,nan,nat_122435702,38a92a80080b9aa99e8276db981a6e545a74667e9e4a53d1c7227b098028f5c9,ce437da4856845a9,,9a3b501bb6f23614,B4t,16,16,7e31e8b9ec,1,natural:122435702,ok,harsh|nat_122435702|harsh|rep1|seed20240909,4.0193
harsh,,nan,nat_122435702,38a92a80080b9aa99e8276db981a6e545a74667e9e4a53d1c7227b098028f5c9,ce437da4856845a9,,83dbbb76e580d88f,B4t,16,16,7e31e8b9ec,0,natural:122435702,ok,harsh|nat_122435702|harsh|rep0|seed20240909,4.2704
harsh,,nan,nat_122435702,38a92a80080b9aa99e8276db981a6e545a74667e9e4a53d1c7227b098028f5c9,ce437da4856845a9,,c5067b4bbdccc812,B4t,16,16,7e31e8b9ec,2,natural:122435702,ok,harsh|nat_122435702|harsh|rep2|seed20240909,4.3942
harsh,,nan,nat_122435702,38a92a80080b9aa99e8276db981a6e545a74667e9e4a53d1c7227b098028f5c9,ce437da4856845a9,,2088f00ba9a38214,B4t,16,16,7e31e8b9ec,4,natural:122435702,ok,harsh|nat_122435702|harsh|rep4|seed20240909,4.0771
harsh,,nan,nat_122435702,38a92a80080b9aa99e8276db981a6e545a74667e9e4a53d1c7227b098028f5c9,ce437da4856845a9,,bf8d8bac04369103,B4t,16,16,7e31e8b9ec,3,natural:122435702,ok,harsh|nat_122435702|harsh|rep3|seed20240909,4.1696
moderate,,nan,nat_122435702,38a92a80080b9aa99e8276db981a6e545a74667e9e4a53d1c7227b098028f5c9,ce437da4856845a9,,d5a9d5c128973e1f,B4t,16,16,7e31e8b9ec,0,natural:122435702,ok,moderate|nat_122435702|moderate|rep0|seed20240909,12.8051
moderate,,nan,nat_122435702,38a92a80080b9aa99e8276db981a6e545a74667e9e4a53d1c7227b098028f5c9,ce437da4856845a9,,4a643b5a993ff3e8,B4t,16,16,7e31e8b9ec,1,natural:122435702,ok,moderate|nat_122435702|moderate|rep1|seed20240909,13.9202
clean,,nan,nat_122435702,38a92a80080b9aa99e8276db981a6e545a74667e9e4a53d1c7227b098028f5c9,ce437da4856845a9,,64946d2b602a6730,P,16,16,f6706417e8,0,natural:122435702,ok,clean|nat_122435702|clean|rep0|seed20240909,7.1001
moderate,,nan,nat_122435702,38a92a80080b9aa99e8276db981a6e545a74667e9e4a53d1c7227b098028f5c9,ce437da4856845a9,,e4a2f3f511ea9dd8,B4t,16,16,7e31e8b9ec,3,natural:122435702,ok,moderate|nat_122435702|moderate|rep3|seed20240909,13.0885
moderate,,nan,nat_122435702,38a92a80080b9aa99e8276db981a6e545a74667e9e4a53d1c7227b098028f5c9,ce437da4856845a9,,15057d3db2e148f7,B4t,16,16,7e31e8b9ec,2,natural:122435702,ok,moderate|nat_122435702|moderate|rep2|seed20240909,14.2927
moderate,,nan,nat_122435702,38a92a80080b9aa99e8276db981a6e545a74667e9e4a53d1c7227b098028f5c9,ce437da4856845a9,,4bd5fd6b70ea0cc3,B4t,16,16,7e31e8b9ec,4,natural:122435702,ok,moderate|nat_122435702|moderate|rep4|seed20240909,13.497
clean,,nan,nat_122435702,38a92a80080b9aa99e8276db981a6e545a74667e9e4a53d1c7227b098028f5c9,ce437da4856845a9,,e099e6901125f7f0,P,16,16,f6706417e8,1,natural:122435702,ok,clean|nat_122435702|clean|rep1|seed20240909,6.9633
clean,,nan,nat_122435702,38a92a80080b9aa99e8276db981a6e545a74667e9e4a53d1c7227b098028f5c9,ce437da4856845a9,,c80b178cdab75b60,P,16,16,f6706417e8,2,natural:122435702,ok,clean|nat_122435702|clean|rep2|seed20240909,7.0486
bursty,,nan,nat_122435702,38a92a80080b9aa99e8276db981a6e545a74667e9e4a53d1c7227b098028f5c9,ce437da4856845a9,,3840a6e4810bae57,B4t,16,16,7e31e8b9ec,1,natural:122435702,ok,bursty|nat_122435702|bursty|rep1|seed20240909,13.0137
bursty,,nan,nat_122435702,38a92a80080b9aa99e8276db981a6e545a74667e9e4a53d1c7227b098028f5c9,ce437da4856845a9,,5141c3cd22c475b8,B4t,16,16,7e31e8b9ec,0,natural:122435702,ok,bursty|nat_122435702|bursty|rep0|seed20240909,14.0525
bursty,,nan,nat_122435702,38a92a80080b9aa99e8276db981a6e545a74667e9e4a53d1c7227b098028f5c9,ce437da4856845a9,,e0548ca690abcfbc,B4t,16,16,7e31e8b9ec,2,natural:122435702,ok,bursty|nat_122435702|bursty|rep2|seed20240909,13.5648
bursty,,nan,nat_122435702,38a92a80080b9aa99e8276db981a6e545a74667e9e4a53d1c7227b098028f5c9,ce437da4856845a9,,baec256d4ccc0bd8,B4t,16,16,7e31e8b9ec,3,natural:122435702,ok,bursty|nat_122435702|bursty|rep3|seed20240909,13.5485
clean,,nan,nat_122435702,38a92a80080b9aa99e8276db981a6e545a74667e9e4a53d1c7227b098028f5c9,ce437da4856845a9,,94b54f4ec60c020c,P,16,16,f6706417e8,3,natural:122435702,ok,clean|nat_122435702|clean|rep3|seed20240909,7.0551
clean,,nan,nat_122435702,38a92a80080b9aa99e8276db981a6e545a74667e9e4a53d1c7227b098028f5c9,ce437da4856845a9,,043e7160e875e3c2,P,16,16,f6706417e8,4,natural:122435702,ok,clean|nat_122435702|clean|rep4|seed20240909,7.1335
bursty,,nan,nat_122435702,38a92a80080b9aa99e8276db981a6e545a74667e9e4a53d1c7227b098028f5c9,ce437da4856845a9,,40235ff797aaf307,B4t,16,16,7e31e8b9ec,4,natural:122435702,ok,bursty|nat_122435702|bursty|rep4|seed20240909,14.1414
mild,,nan,nat_122435702,38a92a80080b9aa99e8276db981a6e545a74667e9e4a53d1c7227b098028f5c9,ce437da4856845a9,,74a50b9f9dcaa735,P,16,16,f6706417e8,0,natural:122435702,ok,mild|nat_122435702|mild|rep0|seed20240909,7.3173
mild,,nan,nat_122435702,38a92a80080b9aa99e8276db981a6e545a74667e9e4a53d1c7227b098028f5c9,ce437da4856845a9,,9c3252ad6a6a00c5,P,16,16,f6706417e8,1,natural:122435702,ok,mild|nat_122435702|mild|rep1|seed20240909,7.404
mild,,nan,nat_122435702,38a92a80080b9aa99e8276db981a6e545a74667e9e4a53d1c7227b098028f5c9,ce437da4856845a9,,d8ca5d4987300d5f,P,16,16,f6706417e8,2,natural:122435702,ok,mild|nat_122435702|mild|rep2|seed20240909,7.2961
mild,,nan,nat_122435702,38a92a80080b9aa99e8276db981a6e545a74667e9e4a53d1c7227b098028f5c9,ce437da4856845a9,,bde55aec29f1864e,P,16,16,f6706417e8,3,natural:122435702,ok,mild|nat_122435702|mild|rep3|seed20240909,7.3182
mild,,nan,nat_122435702,38a92a80080b9aa99e8276db981a6e545a74667e9e4a53d1c7227b098028f5c9,ce437da4856845a9,,eaa6a4d32578cb71,P,16,16,f6706417e8,4,natural:122435702,ok,mild|nat_122435702|mild|rep4|seed20240909,7.4412
clean,,nan,nat_123079448,bf961d34452b247889279424299361126860e4579614b8c7c93f857b116d0b0d,ce437da4856845a9,,255e80e4742847fc,B0a,16,16,7fe30b1136,0,natural:123079448,ok,clean|nat_123079448|clean|rep0|seed20240909,0.3828
harsh,,nan,nat_122435702,38a92a80080b9aa99e8276db981a6e545a74667e9e4a53d1c7227b098028f5c9,ce437da4856845a9,,18b71ef2c45c16d0,P,16,16,f6706417e8,0,natural:122435702,ok,harsh|nat_122435702|harsh|rep0|seed20240909,4.1956
clean,,nan,nat_123079448,bf961d34452b247889279424299361126860e4579614b8c7c93f857b116d0b0d,ce437da4856845a9,,bfd87e5f206714b2,B0a,16,16,7fe30b1136,1,natural:123079448,ok,clean|nat_123079448|clean|rep1|seed20240909,0.407
harsh,,nan,nat_122435702,38a92a80080b9aa99e8276db981a6e545a74667e9e4a53d1c7227b098028f5c9,ce437da4856845a9,,d504ffa7ba0ceb95,P,16,16,f6706417e8,1,natural:122435702,ok,harsh|nat_122435702|harsh|rep1|seed20240909,4.1467
clean,,nan,nat_123079448,bf961d34452b247889279424299361126860e4579614b8c7c93f857b116d0b0d,ce437da4856845a9,,8bc5cfe48d6d4857,B0a,16,16,7fe30b1136,2,natural:123079448,ok,clean|nat_123079448|clean|rep2|seed20240909,0.4204
clean,,nan,nat_123079448,bf961d34452b247889279424299361126860e4579614b8c7c93f857b116d0b0d,ce437da4856845a9,,a487dfa7651c3f8f,B0a,16,16,7fe30b1136,3,natural:123079448,ok,clean|nat_123079448|clean|rep3|seed20240909,0.3652
clean,,nan,nat_123079448,bf961d34452b247889279424299361126860e4579614b8c7c93f857b116d0b0d,ce437da4856845a9,,b223fe43d20dbf1a,B0a,16,16,7fe30b1136,4,natural:123079448,ok,clean|nat_123079448|clean|rep4|seed20240909,0.3644
mild,,nan,nat_123079448,bf961d34452b247889279424299361126860e4579614b8c7c93f857b116d0b0d,ce437da4856845a9,,19481ccea720ce5f,B0a,16,16,7fe30b1136,0,natural:123079448,ok,mild|nat_123079448|mild|rep0|seed20240909,0.5014
mild,,nan,nat_123079448,bf961d34452b247889279424299361126860e4579614b8c7c93f857b116d0b0d,ce437da4856845a9,,3e74d9378e19537f,B0a,16,16,7fe30b1136,1,natural:123079448,ok,mild|nat_123079448|mild|rep1|seed20240909,0.534
mild,,nan,nat_123079448,bf961d34452b247889279424299361126860e4579614b8c7c93f857b116d0b0d,ce437da4856845a9,,12412ad399b09cf4,B0a,16,16,7fe30b1136,2,natural:123079448,ok,mild|nat_123079448|mild|rep2|seed20240909,0.5335
mild,,nan,nat_123079448,bf961d34452b247889279424299361126860e4579614b8c7c93f857b116d0b0d,ce437da4856845a9,,521c0ff88529029a,B0a,16,16,7fe30b1136,3,natural:123079448,ok,mild|nat_123079448|mild|rep3|seed20240909,0.5207
mild,,nan,nat_123079448,bf961d34452b247889279424299361126860e4579614b8c7c93f857b116d0b0d,ce437da4856845a9,,8682eb80b9b0439b,B0a,16,16,7fe30b1136,4,natural:123079448,ok,mild|nat_123079448|mild|rep4|seed20240909,0.4747
moderate,,nan,nat_123079448,bf961d34452b247889279424299361126860e4579614b8c7c93f857b116d0b0d,ce437da4856845a9,,0937428de8485f1f,B0a,16,16,7fe30b1136,0,natural:123079448,ok,moderate|nat_123079448|moderate|rep0|seed20240909,0.5756
moderate,,nan,nat_123079448,bf961d34452b247889279424299361126860e4579614b8c7c93f857b116d0b0d,ce437da4856845a9,,f64475320e099a08,B0a,16,16,7fe30b1136,1,natural:123079448,ok,moderate|nat_123079448|moderate|rep1|seed20240909,0.5943
moderate,,nan,nat_123079448,bf961d34452b247889279424299361126860e4579614b8c7c93f857b116d0b0d,ce437da4856845a9,,f0b6c6b5c02a68af,B0a,16,16,7fe30b1136,2,natural:123079448,ok,moderate|nat_123079448|moderate|rep2|seed20240909,0.567
moderate,,nan,nat_123079448,bf961d34452b247889279424299361126860e4579614b8c7c93f857b116d0b0d,ce437da4856845a9,,a0804952c563d779,B0a,16,16,7fe30b1136,3,natural:123079448,ok,moderate|nat_123079448|moderate|rep3|seed20240909,0.5271
harsh,,nan,nat_122435702,38a92a80080b9aa99e8276db981a6e545a74667e9e4a53d1c7227b098028f5c9,ce437da4856845a9,,856022a8b3316443,P,16,16,f6706417e8,2,natural:122435702,ok,harsh|nat_122435702|harsh|rep2|seed20240909,4.2852
bursty,,nan,nat_123079448,bf961d34452b247889279424299361126860e4579614b8c7c93f857b116d0b0d,ce437da4856845a9,,d7d548e83ed45449,B0a,16,16,7fe30b1136,0,natural:123079448,ok,bursty|nat_123079448|bursty|rep0|seed20240909,0.5601
moderate,,nan,nat_123079448,bf961d34452b247889279424299361126860e4579614b8c7c93f857b116d0b0d,ce437da4856845a9,,437b8104faa70696,B0a,16,16,7fe30b1136,4,natural:123079448,ok,moderate|nat_123079448|moderate|rep4|seed20240909,0.6106
bursty,,nan,nat_123079448,bf961d34452b247889279424299361126860e4579614b8c7c93f857b116d0b0d,ce437da4856845a9,,98f68fe9fc575842,B0a,16,16,7fe30b1136,1,natural:123079448,ok,bursty|nat_123079448|bursty|rep1|seed20240909,0.6126
bursty,,nan,nat_123079448,bf961d34452b247889279424299361126860e4579614b8c7c93f857b116d0b0d,ce437da4856845a9,,11fca6787630dbf0,B0a,16,16,7fe30b1136,2,natural:123079448,ok,bursty|nat_123079448|bursty|rep2|seed20240909,0.558
bursty,,nan,nat_123079448,bf961d34452b247889279424299361126860e4579614b8c7c93f857b116d0b0d,ce437da4856845a9,,954ae584d918d1ca,B0a,16,16,7fe30b1136,3,natural:123079448,ok,bursty|nat_123079448|bursty|rep3|seed20240909,0.5391
harsh,,nan,nat_122435702,38a92a80080b9aa99e8276db981a6e545a74667e9e4a53d1c7227b098028f5c9,ce437da4856845a9,,9992a77749b5ab21,P,16,16,f6706417e8,3,natural:122435702,ok,harsh|nat_122435702|harsh|rep3|seed20240909,4.1673
bursty,,nan,nat_123079448,bf961d34452b247889279424299361126860e4579614b8c7c93f857b116d0b0d,ce437da4856845a9,,be8b39f00037ebe8,B0a,16,16,7fe30b1136,4,natural:123079448,ok,bursty|nat_123079448|bursty|rep4|seed20240909,0.5742
harsh,,nan,nat_123079448,bf961d34452b247889279424299361126860e4579614b8c7c93f857b116d0b0d,ce437da4856845a9,,3e64b48b3909e4f8,B0a,16,16,7fe30b1136,0,natural:123079448,ok,harsh|nat_123079448|harsh|rep0|seed20240909,0.5447
harsh,,nan,nat_123079448,bf961d34452b247889279424299361126860e4579614b8c7c93f857b116d0b0d,ce437da4856845a9,,34cf74c0e6b98589,B0a,16,16,7fe30b1136,1,natural:123079448,ok,harsh|nat_123079448|harsh|rep1|seed20240909,0.5661
harsh,,nan,nat_122435702,38a92a80080b9aa99e8276db981a6e545a74667e9e4a53d1c7227b098028f5c9,ce437da4856845a9,,a21fef310c6ff5c2,P,16,16,f6706417e8,4,natural:122435702,ok,harsh|nat_122435702|harsh|rep4|seed20240909,4.3109
harsh,,nan,nat_123079448,bf961d34452b247889279424299361126860e4579614b8c7c93f857b116d0b0d,ce437da4856845a9,,d8a4c71cd3e72cf6,B0a,16,16,7fe30b1136,2,natural:123079448,ok,harsh|nat_123079448|harsh|rep2|seed20240909,0.6022
harsh,,nan,nat_123079448,bf961d34452b247889279424299361126860e4579614b8c7c93f857b116d0b0d,ce437da4856845a9,,48975a20c13d8bf9,B0a,16,16,7fe30b1136,3,natural:123079448,ok,harsh|nat_123079448|harsh|rep3|seed20240909,0.6019
harsh,,nan,nat_123079448,bf961d34452b247889279424299361126860e4579614b8c7c93f857b116d0b0d,ce437da4856845a9,,d089247869f88cb7,B0a,16,16,7fe30b1136,4,natural:123079448,ok,harsh|nat_123079448|harsh|rep4|seed20240909,0.6064
clean,,nan,nat_123079448,bf961d34452b247889279424299361126860e4579614b8c7c93f857b116d0b0d,ce437da4856845a9,,5fa87ea4529f489f,B0a-R,16,16,7fe30b1136,0,natural:123079448,ok,clean|nat_123079448|clean|rep0|seed20240909,1.1167
clean,,nan,nat_123079448,bf961d34452b247889279424299361126860e4579614b8c7c93f857b116d0b0d,ce437da4856845a9,,97dfb6d583748d56,B0a-R,16,16,7fe30b1136,2,natural:123079448,ok,clean|nat_123079448|clean|rep2|seed20240909,1.0459
clean,,nan,nat_123079448,bf961d34452b247889279424299361126860e4579614b8c7c93f857b116d0b0d,ce437da4856845a9,,5a875197b660f498,B0a-R,16,16,7fe30b1136,1,natural:123079448,ok,clean|nat_123079448|clean|rep1|seed20240909,1.1523
clean,,nan,nat_123079448,bf961d34452b247889279424299361126860e4579614b8c7c93f857b116d0b0d,ce437da4856845a9,,5ceb8fa126ee7643,B0a-R,16,16,7fe30b1136,4,natural:123079448,ok,clean|nat_123079448|clean|rep4|seed20240909,1.1006
clean,,nan,nat_123079448,bf961d34452b247889279424299361126860e4579614b8c7c93f857b116d0b0d,ce437da4856845a9,,07e61782f2770b0e,B0a-R,16,16,7fe30b1136,3,natural:123079448,ok,clean|nat_123079448|clean|rep3|seed20240909,1.1619
mild,,nan,nat_123079448,bf961d34452b247889279424299361126860e4579614b8c7c93f857b116d0b0d,ce437da4856845a9,,06d75cc8e9d15065,B0a-R,16,16,7fe30b1136,0,natural:123079448,ok,mild|nat_123079448|mild|rep0|seed20240909,1.5888
moderate,,nan,nat_122435702,38a92a80080b9aa99e8276db981a6e545a74667e9e4a53d1c7227b098028f5c9,ce437da4856845a9,,b0a4aa858b07b06c,P,16,16,f6706417e8,0,natural:122435702,ok,moderate|nat_122435702|moderate|rep0|seed20240909,13.0501
mild,,nan,nat_123079448,bf961d34452b247889279424299361126860e4579614b8c7c93f857b116d0b0d,ce437da4856845a9,,de1aa739e9593685,B0a-R,16,16,7fe30b1136,2,natural:123079448,ok,mild|nat_123079448|mild|rep2|seed20240909,1.5585
moderate,,nan,nat_122435702,38a92a80080b9aa99e8276db981a6e545a74667e9e4a53d1c7227b098028f5c9,ce437da4856845a9,,852d66597ecfc5c9,P,16,16,f6706417e8,3,natural:122435702,ok,moderate|nat_122435702|moderate|rep3|seed20240909,12.8752
mild,,nan,nat_123079448,bf961d34452b247889279424299361126860e4579614b8c7c93f857b116d0b0d,ce437da4856845a9,,a68d591dead96abb,B0a-R,16,16,7fe30b1136,3,natural:123079448,ok,mild|nat_123079448|mild|rep3|seed20240909,1.519
mild,,nan,nat_123079448,bf961d34452b247889279424299361126860e4579614b8c7c93f857b116d0b0d,ce437da4856845a9,,018c79e5d0e4ce67,B0a-R,16,16,7fe30b1136,1,natural:123079448,ok,mild|nat_123079448|mild|rep1|seed20240909,1.6345
mild,,nan,nat_123079448,bf961d34452b247889279424299361126860e4579614b8c7c93f857b116d0b0d,ce437da4856845a9,,9f34cd6561deaa47,B0a-R,16,16,7fe30b1136,4,natural:123079448,ok,mild|nat_123079448|mild|rep4|seed20240909,1.555
moderate,,nan,nat_122435702,38a92a80080b9aa99e8276db981a6e545a74667e9e4a53d1c7227b098028f5c9,ce437da4856845a9,,f0ba8a2930674a1b,P,16,16,f6706417e8,1,natural:122435702,ok,moderate|nat_122435702|moderate|rep1|seed20240909,13.855
moderate,,nan,nat_123079448,bf961d34452b247889279424299361126860e4579614b8c7c93f857b116d0b0d,ce437da4856845a9,,2d155ad96edba8df,B0a-R,16,16,7fe30b1136,0,natural:123079448,ok,moderate|nat_123079448|moderate|rep0|seed20240909,1.746
bursty,,nan,nat_122435702,38a92a80080b9aa99e8276db981a6e545a74667e9e4a53d1c7227b098028f5c9,ce437da4856845a9,,14c87d03a7b374a4,P,16,16,f6706417e8,0,natural:122435702,ok,bursty|nat_122435702|bursty|rep0|seed20240909,13.3138
moderate,,nan,nat_122435702,38a92a80080b9aa99e8276db981a6e545a74667e9e4a53d1c7227b098028f5c9,ce437da4856845a9,,2a8ac5f612a308b7,P,16,16,f6706417e8,2,natural:122435702,ok,moderate|nat_122435702|moderate|rep2|seed20240909,13.9846
moderate,,nan,nat_122435702,38a92a80080b9aa99e8276db981a6e545a74667e9e4a53d1c7227b098028f5c9,ce437da4856845a9,,4c5f84ec2eebb5bd,P,16,16,f6706417e8,4,natural:122435702,ok,moderate|nat_122435702|moderate|rep4|seed20240909,13.677
bursty,,nan,nat_122435702,38a92a80080b9aa99e8276db981a6e545a74667e9e4a53d1c7227b098028f5c9,ce437da4856845a9,,22dd3aaa065f4550,P,16,16,f6706417e8,1,natural:122435702,ok,bursty|nat_122435702|bursty|rep1|seed20240909,12.6303
moderate,,nan,nat_123079448,bf961d34452b247889279424299361126860e4579614b8c7c93f857b116d0b0d,ce437da4856845a9,,d26e2574f50d07ae,B0a-R,16,16,7fe30b1136,1,natural:123079448,ok,moderate|nat_123079448|moderate|rep1|seed20240909,1.7473
moderate,,nan,nat_123079448,bf961d34452b247889279424299361126860e4579614b8c7c93f857b116d0b0d,ce437da4856845a9,,f33b590f217b7daa,B0a-R,16,16,7fe30b1136,2,natural:123079448,ok,moderate|nat_123079448|moderate|rep2|seed20240909,1.862
bursty,,nan,nat_122435702,38a92a80080b9aa99e8276db981a6e545a74667e9e4a53d1c7227b098028f5c9,ce437da4856845a9,,976b77b21e1025e5,P,16,16,f6706417e8,3,natural:122435702,ok,bursty|nat_122435702|bursty|rep3|seed20240909,12.512
bursty,,nan,nat_123079448,bf961d34452b247889279424299361126860e4579614b8c7c93f857b116d0b0d,ce437da4856845a9,,5fe56374b6fb351e,B0a-R,16,16,7fe30b1136,0,natural:123079448,ok,bursty|nat_123079448|bursty|rep0|seed20240909,1.582
bursty,,nan,nat_123079448,bf961d34452b247889279424299361126860e4579614b8c7c93f857b116d0b0d,ce437da4856845a9,,953954343606cb16,B0a-R,16,16,7fe30b1136,1,natural:123079448,ok,bursty|nat_123079448|bursty|rep1|seed20240909,1.7388
moderate,,nan,nat_123079448,bf961d34452b247889279424299361126860e4579614b8c7c93f857b116d0b0d,ce437da4856845a9,,d370198446be897d,B0a-R,16,16,7fe30b1136,4,natural:123079448,ok,moderate|nat_123079448|moderate|rep4|seed20240909,1.8181
moderate,,nan,nat_123079448,bf961d34452b247889279424299361126860e4579614b8c7c93f857b116d0b0d,ce437da4856845a9,,55c965451c57600f,B0a-R,16,16,7fe30b1136,3,natural:123079448,ok,moderate|nat_123079448|moderate|rep3|seed20240909,1.8876
bursty,,nan,nat_122435702,38a92a80080b9aa99e8276db981a6e545a74667e9e4a53d1c7227b098028f5c9,ce437da4856845a9,,662dfa94ba9393fe,P,16,16,f6706417e8,2,natural:122435702,ok,bursty|nat_122435702|bursty|rep2|seed20240909,13.4538
bursty,,nan,nat_123079448,bf961d34452b247889279424299361126860e4579614b8c7c93f857b116d0b0d,ce437da4856845a9,,344e78ef7aa8bfce,B0a-R,16,16,7fe30b1136,2,natural:123079448,ok,bursty|nat_123079448|bursty|rep2|seed20240909,1.732
bursty,,nan,nat_123079448,bf961d34452b247889279424299361126860e4579614b8c7c93f857b116d0b0d,ce437da4856845a9,,a7989069cc45c6ad,B0a-R,16,16,7fe30b1136,3,natural:123079448,ok,bursty|nat_123079448|bursty|rep3|seed20240909,1.6218
bursty,,nan,nat_123079448,bf961d34452b247889279424299361126860e4579614b8c7c93f857b116d0b0d,ce437da4856845a9,,702e8c74cf70cf86,B0a-R,16,16,7fe30b1136,4,natural:123079448,ok,bursty|nat_123079448|bursty|rep4|seed20240909,1.7008
harsh,,nan,nat_123079448,bf961d34452b247889279424299361126860e4579614b8c7c93f857b116d0b0d,ce437da4856845a9,,8556a98208ca17de,B0a-R,16,16,7fe30b1136,0,natural:123079448,ok,harsh|nat_123079448|harsh|rep0|seed20240909,1.9088
harsh,,nan,nat_123079448,bf961d34452b247889279424299361126860e4579614b8c7c93f857b116d0b0d,ce437da4856845a9,,9be3969ae65d8287,B0a-R,16,16,7fe30b1136,1,natural:123079448,ok,harsh|nat_123079448|harsh|rep1|seed20240909,1.8261
harsh,,nan,nat_123079448,bf961d34452b247889279424299361126860e4579614b8c7c93f857b116d0b0d,ce437da4856845a9,,072a7fdf4ac43a63,B0a-R,16,16,7fe30b1136,2,natural:123079448,ok,harsh|nat_123079448|harsh|rep2|seed20240909,1.8369
harsh,,nan,nat_123079448,bf961d34452b247889279424299361126860e4579614b8c7c93f857b116d0b0d,ce437da4856845a9,,7ef8f263b1d8e9ae,B0a-R,16,16,7fe30b1136,3,natural:123079448,ok,harsh|nat_123079448|harsh|rep3|seed20240909,1.8502
harsh,,nan,nat_123079448,bf961d34452b247889279424299361126860e4579614b8c7c93f857b116d0b0d,ce437da4856845a9,,98b4cba9d8cec71e,B0a-R,16,16,7fe30b1136,4,natural:123079448,ok,harsh|nat_123079448|harsh|rep4|seed20240909,1.7753
bursty,,nan,nat_122435702,38a92a80080b9aa99e8276db981a6e545a74667e9e4a53d1c7227b098028f5c9,ce437da4856845a9,,ed8cc894e8e2bcc1,P,16,16,f6706417e8,4,natural:122435702,ok,bursty|nat_122435702|bursty|rep4|seed20240909,13.2472
clean,,nan,nat_123079448,bf961d34452b247889279424299361126860e4579614b8c7c93f857b116d0b0d,ce437da4856845a9,,1ce82064d4d51971,B0d,16,16,7fe30b1136,1,natural:123079448,ok,clean|nat_123079448|clean|rep1|seed20240909,4.2033
clean,,nan,nat_123079448,bf961d34452b247889279424299361126860e4579614b8c7c93f857b116d0b0d,ce437da4856845a9,,a61a941c659b91de,B0d,16,16,7fe30b1136,2,natural:123079448,ok,clean|nat_123079448|clean|rep2|seed20240909,4.3656
clean,,nan,nat_123079448,bf961d34452b247889279424299361126860e4579614b8c7c93f857b116d0b0d,ce437da4856845a9,,0166fff49feb5b51,B0d,16,16,7fe30b1136,0,natural:123079448,ok,clean|nat_123079448|clean|rep0|seed20240909,4.5011
clean,,nan,nat_123079448,bf961d34452b247889279424299361126860e4579614b8c7c93f857b116d0b0d,ce437da4856845a9,,808937fb28ddfa58,B0d,16,16,7fe30b1136,3,natural:123079448,ok,clean|nat_123079448|clean|rep3|seed20240909,4.3501
clean,,nan,nat_123079448,bf961d34452b247889279424299361126860e4579614b8c7c93f857b116d0b0d,ce437da4856845a9,,3c6969bd842f7a1e,B0d,16,16,7fe30b1136,4,natural:123079448,ok,clean|nat_123079448|clean|rep4|seed20240909,4.3146
mild,,nan,nat_123079448,bf961d34452b247889279424299361126860e4579614b8c7c93f857b116d0b0d,ce437da4856845a9,,86b823c35ee94b44,B0d,16,16,7fe30b1136,1,natural:123079448,ok,mild|nat_123079448|mild|rep1|seed20240909,4.4826
mild,,nan,nat_123079448,bf961d34452b247889279424299361126860e4579614b8c7c93f857b116d0b0d,ce437da4856845a9,,ae63f4dec7bd956c,B0d,16,16,7fe30b1136,0,natural:123079448,ok,mild|nat_123079448|mild|rep0|seed20240909,4.78
mild,,nan,nat_123079448,bf961d34452b247889279424299361126860e4579614b8c7c93f857b116d0b0d,ce437da4856845a9,,8a83a56fed7dcfc9,B0d,16,16,7fe30b1136,2,natural:123079448,ok,mild|nat_123079448|mild|rep2|seed20240909,4.5764
mild,,nan,nat_123079448,bf961d34452b247889279424299361126860e4579614b8c7c93f857b116d0b0d,ce437da4856845a9,,fd385a724a839ffa,B0d,16,16,7fe30b1136,3,natural:123079448,ok,mild|nat_123079448|mild|rep3|seed20240909,4.5183
mild,,nan,nat_123079448,bf961d34452b247889279424299361126860e4579614b8c7c93f857b116d0b0d,ce437da4856845a9,,9b0e17eac2721477,B0d,16,16,7fe30b1136,4,natural:123079448,ok,mild|nat_123079448|mild|rep4|seed20240909,4.5115
clean,,nan,nat_123079448,bf961d34452b247889279424299361126860e4579614b8c7c93f857b116d0b0d,ce437da4856845a9,,1efb146e15ebdba4,B1,16,16,7fe30b1136,0,natural:123079448,ok,clean|nat_123079448|clean|rep0|seed20240909,0.3587
clean,,nan,nat_123079448,bf961d34452b247889279424299361126860e4579614b8c7c93f857b116d0b0d,ce437da4856845a9,,1d70f60554d8e3d8,B1,16,16,7fe30b1136,1,natural:123079448,ok,clean|nat_123079448|clean|rep1|seed20240909,0.3833
clean,,nan,nat_123079448,bf961d34452b247889279424299361126860e4579614b8c7c93f857b116d0b0d,ce437da4856845a9,,5e8d7e3e1b6a3a2b,B1,16,16,7fe30b1136,2,natural:123079448,ok,clean|nat_123079448|clean|rep2|seed20240909,0.3553
clean,,nan,nat_123079448,bf961d34452b247889279424299361126860e4579614b8c7c93f857b116d0b0d,ce437da4856845a9,,395d762e2bb0ab00,B1,16,16,7fe30b1136,3,natural:123079448,ok,clean|nat_123079448|clean|rep3|seed20240909,0.3409
clean,,nan,nat_123079448,bf961d34452b247889279424299361126860e4579614b8c7c93f857b116d0b0d,ce437da4856845a9,,f7583bccd1eb0140,B1,16,16,7fe30b1136,4,natural:123079448,ok,clean|nat_123079448|clean|rep4|seed20240909,0.3349
mild,,nan,nat_123079448,bf961d34452b247889279424299361126860e4579614b8c7c93f857b116d0b0d,ce437da4856845a9,,285bc0f17d41d674,B1,16,16,7fe30b1136,0,natural:123079448,ok,mild|nat_123079448|mild|rep0|seed20240909,0.4537
harsh,,nan,nat_123079448,bf961d34452b247889279424299361126860e4579614b8c7c93f857b116d0b0d,ce437da4856845a9,,23dba3a48aff4d0d,B0d,16,16,7fe30b1136,0,natural:123079448,ok,harsh|nat_123079448|harsh|rep0|seed20240909,3.0669
harsh,,nan,nat_123079448,bf961d34452b247889279424299361126860e4579614b8c7c93f857b116d0b0d,ce437da4856845a9,,ddaf14bfd17f4073,B0d,16,16,7fe30b1136,1,natural:123079448,ok,harsh|nat_123079448|harsh|rep1|seed20240909,2.8713
moderate,,nan,nat_123079448,bf961d34452b247889279424299361126860e4579614b8c7c93f857b116d0b0d,ce437da4856845a9,,b4089a5f70043434,B0d,16,16,7fe30b1136,0,natural:123079448,ok,moderate|nat_123079448|moderate|rep0|seed20240909,6.8305
harsh,,nan,nat_123079448,bf961d34452b247889279424299361126860e4579614b8c7c93f857b116d0b0d,ce437da4856845a9,,f0963265ef4b26fc,B0d,16,16,7fe30b1136,2,natural:123079448,ok,harsh|nat_123079448|harsh|rep2|seed20240909,2.9589
mild,,nan,nat_123079448,bf961d34452b247889279424299361126860e4579614b8c7c93f857b116d0b0d,ce437da4856845a9,,f35929bf0e09ec7b,B1,16,16,7fe30b1136,1,natural:123079448,ok,mild|nat_123079448|mild|rep1|seed20240909,0.542
harsh,,nan,nat_123079448,bf961d34452b247889279424299361126860e4579614b8c7c93f857b116d0b0d,ce437da4856845a9,,2c9cbbde3f2d5699,B0d,16,16,7fe30b1136,3,natural:123079448,ok,harsh|nat_123079448|harsh|rep3|seed20240909,2.9936
mild,,nan,nat_123079448,bf961d34452b247889279424299361126860e4579614b8c7c93f857b116d0b0d,ce437da4856845a9,,fc5695e7bcde02bc,B1,16,16,7fe30b1136,2,natural:123079448,ok,mild|nat_123079448|mild|rep2|seed20240909,0.6133
harsh,,nan,nat_123079448,bf961d34452b247889279424299361126860e4579614b8c7c93f857b116d0b0d,ce437da4856845a9,,d96f68fe1bf4d69d,B0d,16,16,7fe30b1136,4,natural:123079448,ok,harsh|nat_123079448|harsh|rep4|seed20240909,3.0738
mild,,nan,nat_123079448,bf961d34452b247889279424299361126860e4579614b8c7c93f857b116d0b0d,ce437da4856845a9,,44833e6427fe1e6a,B1,16,16,7fe30b1136,3,natural:123079448,ok,mild|nat_123079448|mild|rep3|seed20240909,0.5223
mild,,nan,nat_123079448,bf961d34452b247889279424299361126860e4579614b8c7c93f857b116d0b0d,ce437da4856845a9,,e3a2506cd4c55806,B1,16,16,7fe30b1136,4,natural:123079448,ok,mild|nat_123079448|mild|rep4|seed20240909,0.5944
moderate,,nan,nat_123079448,bf961d34452b247889279424299361126860e4579614b8c7c93f857b116d0b0d,ce437da4856845a9,,db30b9590a1ccb7c,B1,16,16,7fe30b1136,0,natural:123079448,ok,moderate|nat_123079448|moderate|rep0|seed20240909,0.5843
moderate,,nan,nat_123079448,bf961d34452b247889279424299361126860e4579614b8c7c93f857b116d0b0d,ce437da4856845a9,,19c394e5a3e93662,B1,16,16,7fe30b1136,1,natural:123079448,ok,moderate|nat_123079448|moderate|rep1|seed20240909,0.592
moderate,,nan,nat_123079448,bf961d34452b247889279424299361126860e4579614b8c7c93f857b116d0b0d,ce437da4856845a9,,8a1792fa0cf2f684,B0d,16,16,7fe30b1136,1,natural:123079448,ok,moderate|nat_123079448|moderate|rep1|seed20240909,7.475
moderate,,nan,nat_123079448,bf961d34452b247889279424299361126860e4579614b8c7c93f857b116d0b0d,ce437da4856845a9,,679d0d21034d61f2,B0d,16,16,7fe30b1136,2,natural:123079448,ok,moderate|nat_123079448|moderate|rep2|seed20240909,7.4526
moderate,,nan,nat_123079448,bf961d34452b247889279424299361126860e4579614b8c7c93f857b116d0b0d,ce437da4856845a9,,689250ae496f59d3,B1,16,16,7fe30b1136,2,natural:123079448,ok,moderate|nat_123079448|moderate|rep2|seed20240909,0.6137
moderate,,nan,nat_123079448,bf961d34452b247889279424299361126860e4579614b8c7c93f857b116d0b0d,ce437da4856845a9,,88ad9d1daaf82602,B1,16,16,7fe30b1136,3,natural:123079448,ok,moderate|nat_123079448|moderate|rep3|seed20240909,0.607
moderate,,nan,nat_123079448,bf961d34452b247889279424299361126860e4579614b8c7c93f857b116d0b0d,ce437da4856845a9,,497c86bf81d5a7b7,B0d,16,16,7fe30b1136,3,natural:123079448,ok,moderate|nat_123079448|moderate|rep3|seed20240909,7.6118
bursty,,nan,nat_123079448,bf961d34452b247889279424299361126860e4579614b8c7c93f857b116d0b0d,ce437da4856845a9,,a81a6aecc008e78b,B1,16,16,7fe30b1136,0,natural:123079448,ok,bursty|nat_123079448|bursty|rep0|seed20240909,0.5049
moderate,,nan,nat_123079448,bf961d34452b247889279424299361126860e4579614b8c7c93f857b116d0b0d,ce437da4856845a9,,6a9f32db986d3e58,B1,16,16,7fe30b1136,4,natural:123079448,ok,moderate|nat_123079448|moderate|rep4|seed20240909,0.6091
bursty,,nan,nat_123079448,bf961d34452b247889279424299361126860e4579614b8c7c93f857b116d0b0d,ce437da4856845a9,,f95f15423ffbb9e2,B0d,16,16,7fe30b1136,0,natural:123079448,ok,bursty|nat_123079448|bursty|rep0|seed20240909,7.7023
moderate,,nan,nat_123079448,bf961d34452b247889279424299361126860e4579614b8c7c93f857b116d0b0d,ce437da4856845a9,,e89a57c0bd3177c1,B0d,16,16,7fe30b1136,4,natural:123079448,ok,moderate|nat_123079448|moderate|rep4|seed20240909,7.7402
bursty,,nan,nat_123079448,bf961d34452b247889279424299361126860e4579614b8c7c93f857b116d0b0d,ce437da4856845a9,,3a1257d4cc76ca30,B1,16,16,7fe30b1136,1,natural:123079448,ok,bursty|nat_123079448|bursty|rep1|seed20240909,0.6741
bursty,,nan,nat_123079448,bf961d34452b247889279424299361126860e4579614b8c7c93f857b116d0b0d,ce437da4856845a9,,7171e564411c33c7,B1,16,16,7fe30b1136,2,natural:123079448,ok,bursty|nat_123079448|bursty|rep2|seed20240909,0.6478
harsh,,nan,nat_123079448,bf961d34452b247889279424299361126860e4579614b8c7c93f857b116d0b0d,ce437da4856845a9,,0acb75d0d337ff6c,B1,16,16,7fe30b1136,0,natural:123079448,ok,harsh|nat_123079448|harsh|rep0|seed20240909,0.6115
bursty,,nan,nat_123079448,bf961d34452b247889279424299361126860e4579614b8c7c93f857b116d0b0d,ce437da4856845a9,,cba5e8b8b975f2af,B1,16,16,7fe30b1136,4,natural:123079448,ok,bursty|nat_123079448|bursty|rep4|seed20240909,0.6237
bursty,,nan,nat_123079448,bf961d34452b247889279424299361126860e4579614b8c7c93f857b116d0b0d,ce437da4856845a9,,b7582bccb375ee01,B1,16,16,7fe30b1136,3,natural:123079448,ok,bursty|nat_123079448|bursty|rep3|seed20240909,0.6627
clean,,nan,nat_123079448,bf961d34452b247889279424299361126860e4579614b8c7c93f857b116d0b0d,ce437da4856845a9,,61fba177dcc11803,B2,16,16,7fe30b1136,0,natural:123079448,ok,clean|nat_123079448|clean|rep0|seed20240909,0.5193
harsh,,nan,nat_123079448,bf961d34452b247889279424299361126860e4579614b8c7c93f857b116d0b0d,ce437da4856845a9,,232f2d08393fddc5,B1,16,16,7fe30b1136,1,natural:123079448,ok,harsh|nat_123079448|harsh|rep1|seed20240909,0.6794
clean,,nan,nat_123079448,bf961d34452b247889279424299361126860e4579614b8c7c93f857b116d0b0d,ce437da4856845a9,,b5b22c6ebd4605ac,B2,16,16,7fe30b1136,1,natural:123079448,ok,clean|nat_123079448|clean|rep1|seed20240909,0.4648
harsh,,nan,nat_123079448,bf961d34452b247889279424299361126860e4579614b8c7c93f857b116d0b0d,ce437da4856845a9,,ffd978b4248490b7,B1,16,16,7fe30b1136,2,natural:123079448,ok,harsh|nat_123079448|harsh|rep2|seed20240909,0.7102
harsh,,nan,nat_123079448,bf961d34452b247889279424299361126860e4579614b8c7c93f857b116d0b0d,ce437da4856845a9,,b8f3b7d4622662c5,B1,16,16,7fe30b1136,3,natural:123079448,ok,harsh|nat_123079448|harsh|rep3|seed20240909,0.6769
harsh,,nan,nat_123079448,bf961d34452b247889279424299361126860e4579614b8c7c93f857b116d0b0d,ce437da4856845a9,,13e9dea2f8f458d9,B1,16,16,7fe30b1136,4,natural:123079448,ok,harsh|nat_123079448|harsh|rep4|seed20240909,0.6936
clean,,nan,nat_123079448,bf961d34452b247889279424299361126860e4579614b8c7c93f857b116d0b0d,ce437da4856845a9,,cceb6db09c321a08,B2,16,16,7fe30b1136,3,natural:123079448,ok,clean|nat_123079448|clean|rep3|seed20240909,0.4
clean,,nan,nat_123079448,bf961d34452b247889279424299361126860e4579614b8c7c93f857b116d0b0d,ce437da4856845a9,,26e6571992eb3587,B2,16,16,7fe30b1136,2,natural:123079448,ok,clean|nat_123079448|clean|rep2|seed20240909,0.5135
clean,,nan,nat_123079448,bf961d34452b247889279424299361126860e4579614b8c7c93f857b116d0b0d,ce437da4856845a9,,6fc1da05b7979365,B2,16,16,7fe30b1136,4,natural:123079448,ok,clean|nat_123079448|clean|rep4|seed20240909,0.4328
mild,,nan,nat_123079448,bf961d34452b247889279424299361126860e4579614b8c7c93f857b116d0b0d,ce437da4856845a9,,0a0171c830d8f085,B2,16,16,7fe30b1136,1,natural:123079448,ok,mild|nat_123079448|mild|rep1|seed20240909,0.5969
mild,,nan,nat_123079448,bf961d34452b247889279424299361126860e4579614b8c7c93f857b116d0b0d,ce437da4856845a9,,81390ea2c841da2f,B2,16,16,7fe30b1136,2,natural:123079448,ok,mild|nat_123079448|mild|rep2|seed20240909,0.5991
mild,,nan,nat_123079448,bf961d34452b247889279424299361126860e4579614b8c7c93f857b116d0b0d,ce437da4856845a9,,327b451a1a5efa8b,B2,16,16,7fe30b1136,0,natural:123079448,ok,mild|nat_123079448|mild|rep0|seed20240909,0.6231
mild,,nan,nat_123079448,bf961d34452b247889279424299361126860e4579614b8c7c93f857b116d0b0d,ce437da4856845a9,,fb5aee231e24726b,B2,16,16,7fe30b1136,3,natural:123079448,ok,mild|nat_123079448|mild|rep3|seed20240909,0.5747
mild,,nan,nat_123079448,bf961d34452b247889279424299361126860e4579614b8c7c93f857b116d0b0d,ce437da4856845a9,,05f5f71a6778adb6,B2,16,16,7fe30b1136,4,natural:123079448,ok,mild|nat_123079448|mild|rep4|seed20240909,0.6701
moderate,,nan,nat_123079448,bf961d34452b247889279424299361126860e4579614b8c7c93f857b116d0b0d,ce437da4856845a9,,62c9f2393257a77b,B2,16,16,7fe30b1136,1,natural:123079448,ok,moderate|nat_123079448|moderate|rep1|seed20240909,0.6772
moderate,,nan,nat_123079448,bf961d34452b247889279424299361126860e4579614b8c7c93f857b116d0b0d,ce437da4856845a9,,693ad58d5b704ec4,B2,16,16,7fe30b1136,0,natural:123079448,ok,moderate|nat_123079448|moderate|rep0|seed20240909,0.7041
moderate,,nan,nat_123079448,bf961d34452b247889279424299361126860e4579614b8c7c93f857b116d0b0d,ce437da4856845a9,,0add4cf93255b0cd,B2,16,16,7fe30b1136,3,natural:123079448,ok,moderate|nat_123079448|moderate|rep3|seed20240909,0.6824
moderate,,nan,nat_123079448,bf961d34452b247889279424299361126860e4579614b8c7c93f857b116d0b0d,ce437da4856845a9,,008b302424e3dbb2,B2,16,16,7fe30b1136,2,natural:123079448,ok,moderate|nat_123079448|moderate|rep2|seed20240909,0.718
moderate,,nan,nat_123079448,bf961d34452b247889279424299361126860e4579614b8c7c93f857b116d0b0d,ce437da4856845a9,,3f98822d3f813391,B2,16,16,7fe30b1136,4,natural:123079448,ok,moderate|nat_123079448|moderate|rep4|seed20240909,0.7033
bursty,,nan,nat_123079448,bf961d34452b247889279424299361126860e4579614b8c7c93f857b116d0b0d,ce437da4856845a9,,24e09c213150c255,B2,16,16,7fe30b1136,0,natural:123079448,ok,bursty|nat_123079448|bursty|rep0|seed20240909,0.6973
bursty,,nan,nat_123079448,bf961d34452b247889279424299361126860e4579614b8c7c93f857b116d0b0d,ce437da4856845a9,,6d707f434cf712e7,B2,16,16,7fe30b1136,1,natural:123079448,ok,bursty|nat_123079448|bursty|rep1|seed20240909,0.6659
bursty,,nan,nat_123079448,bf961d34452b247889279424299361126860e4579614b8c7c93f857b116d0b0d,ce437da4856845a9,,cc0c1585450fc636,B2,16,16,7fe30b1136,2,natural:123079448,ok,bursty|nat_123079448|bursty|rep2|seed20240909,0.5254
bursty,,nan,nat_123079448,bf961d34452b247889279424299361126860e4579614b8c7c93f857b116d0b0d,ce437da4856845a9,,23262cbcad5989ac,B2,16,16,7fe30b1136,3,natural:123079448,ok,bursty|nat_123079448|bursty|rep3|seed20240909,0.5581
bursty,,nan,nat_123079448,bf961d34452b247889279424299361126860e4579614b8c7c93f857b116d0b0d,ce437da4856845a9,,8e064c81921e74f8,B2,16,16,7fe30b1136,4,natural:123079448,ok,bursty|nat_123079448|bursty|rep4|seed20240909,0.6575
harsh,,nan,nat_123079448,bf961d34452b247889279424299361126860e4579614b8c7c93f857b116d0b0d,ce437da4856845a9,,154cc7174fe66efb,B2,16,16,7fe30b1136,0,natural:123079448,ok,harsh|nat_123079448|harsh|rep0|seed20240909,0.6573
harsh,,nan,nat_123079448,bf961d34452b247889279424299361126860e4579614b8c7c93f857b116d0b0d,ce437da4856845a9,,f737e7b1875fc0dd,B2,16,16,7fe30b1136,1,natural:123079448,ok,harsh|nat_123079448|harsh|rep1|seed20240909,0.6135
harsh,,nan,nat_123079448,bf961d34452b247889279424299361126860e4579614b8c7c93f857b116d0b0d,ce437da4856845a9,,99b00f5bb709a2bf,B2,16,16,7fe30b1136,3,natural:123079448,ok,harsh|nat_123079448|harsh|rep3|seed20240909,0.5855
harsh,,nan,nat_123079448,bf961d34452b247889279424299361126860e4579614b8c7c93f857b116d0b0d,ce437da4856845a9,,b292a35f7a130326,B2,16,16,7fe30b1136,2,natural:123079448,ok,harsh|nat_123079448|harsh|rep2|seed20240909,0.6396
harsh,,nan,nat_123079448,bf961d34452b247889279424299361126860e4579614b8c7c93f857b116d0b0d,ce437da4856845a9,,e8030f1f3b22facf,B2,16,16,7fe30b1136,4,natural:123079448,ok,harsh|nat_123079448|harsh|rep4|seed20240909,0.6395
bursty,,nan,nat_123079448,bf961d34452b247889279424299361126860e4579614b8c7c93f857b116d0b0d,ce437da4856845a9,,67be366f87b98a96,B0d,16,16,7fe30b1136,1,natural:123079448,ok,bursty|nat_123079448|bursty|rep1|seed20240909,7.5222
bursty,,nan,nat_123079448,bf961d34452b247889279424299361126860e4579614b8c7c93f857b116d0b0d,ce437da4856845a9,,a659c1e0bc00c339,B0d,16,16,7fe30b1136,3,natural:123079448,ok,bursty|nat_123079448|bursty|rep3|seed20240909,7.3352
bursty,,nan,nat_123079448,bf961d34452b247889279424299361126860e4579614b8c7c93f857b116d0b0d,ce437da4856845a9,,02fd136592a593d9,B0d,16,16,7fe30b1136,2,natural:123079448,ok,bursty|nat_123079448|bursty|rep2|seed20240909,7.6631
bursty,,nan,nat_123079448,bf961d34452b247889279424299361126860e4579614b8c7c93f857b116d0b0d,ce437da4856845a9,,3dbbf4b9fb18c23d,B0d,16,16,7fe30b1136,4,natural:123079448,ok,bursty|nat_123079448|bursty|rep4|seed20240909,8.376
clean,,nan,nat_123079448,bf961d34452b247889279424299361126860e4579614b8c7c93f857b116d0b0d,ce437da4856845a9,,41fa6b2773155416,B3,16,16,7fe30b1136,1,natural:123079448,ok,clean|nat_123079448|clean|rep1|seed20240909,4.2143
clean,,nan,nat_123079448,bf961d34452b247889279424299361126860e4579614b8c7c93f857b116d0b0d,ce437da4856845a9,,23c9ab19cb10c1c5,B3,16,16,7fe30b1136,2,natural:123079448,ok,clean|nat_123079448|clean|rep2|seed20240909,4.2384
clean,,nan,nat_123079448,bf961d34452b247889279424299361126860e4579614b8c7c93f857b116d0b0d,ce437da4856845a9,,de5e4153e471685a,B3,16,16,7fe30b1136,0,natural:123079448,ok,clean|nat_123079448|clean|rep0|seed20240909,4.3255
clean,,nan,nat_123079448,bf961d34452b247889279424299361126860e4579614b8c7c93f857b116d0b0d,ce437da4856845a9,,88fe9b81cbcb1439,B3,16,16,7fe30b1136,3,natural:123079448,ok,clean|nat_123079448|clean|rep3|seed20240909,4.3423
clean,,nan,nat_123079448,bf961d34452b247889279424299361126860e4579614b8c7c93f857b116d0b0d,ce437da4856845a9,,760cb86b1295035c,B3,16,16,7fe30b1136,4,natural:123079448,ok,clean|nat_123079448|clean|rep4|seed20240909,4.3096
mild,,nan,nat_123079448,bf961d34452b247889279424299361126860e4579614b8c7c93f857b116d0b0d,ce437da4856845a9,,632457944e60a1e9,B3,16,16,7fe30b1136,2,natural:123079448,ok,mild|nat_123079448|mild|rep2|seed20240909,4.3412
mild,,nan,nat_123079448,bf961d34452b247889279424299361126860e4579614b8c7c93f857b116d0b0d,ce437da4856845a9,,eeacc4b722458335,B3,16,16,7fe30b1136,0,natural:123079448,ok,mild|nat_123079448|mild|rep0|seed20240909,4.5905
mild,,nan,nat_123079448,bf961d34452b247889279424299361126860e4579614b8c7c93f857b116d0b0d,ce437da4856845a9,,06d718b55b41f605,B3,16,16,7fe30b1136,1,natural:123079448,ok,mild|nat_123079448|mild|rep1|seed20240909,4.5975
mild,,nan,nat_123079448,bf961d34452b247889279424299361126860e4579614b8c7c93f857b116d0b0d,ce437da4856845a9,,6540986911540b6a,B3,16,16,7fe30b1136,3,natural:123079448,ok,mild|nat_123079448|mild|rep3|seed20240909,4.567
mild,,nan,nat_123079448,bf961d34452b247889279424299361126860e4579614b8c7c93f857b116d0b0d,ce437da4856845a9,,2ed922f97367b4a7,B3,16,16,7fe30b1136,4,natural:123079448,ok,mild|nat_123079448|mild|rep4|seed20240909,4.5459
moderate,,nan,nat_123079448,bf961d34452b247889279424299361126860e4579614b8c7c93f857b116d0b0d,ce437da4856845a9,,e03079221e8ae1fe,B3,16,16,7fe30b1136,0,natural:123079448,ok,moderate|nat_123079448|moderate|rep0|seed20240909,5.7833
moderate,,nan,nat_123079448,bf961d34452b247889279424299361126860e4579614b8c7c93f857b116d0b0d,ce437da4856845a9,,ea0b32259ef83991,B3,16,16,7fe30b1136,1,natural:123079448,ok,moderate|nat_123079448|moderate|rep1|seed20240909,6.1097
moderate,,nan,nat_123079448,bf961d34452b247889279424299361126860e4579614b8c7c93f857b116d0b0d,ce437da4856845a9,,433e86b14a3ce0b1,B3,16,16,7fe30b1136,2,natural:123079448,ok,moderate|nat_123079448|moderate|rep2|seed20240909,5.9086
harsh,,nan,nat_123079448,bf961d34452b247889279424299361126860e4579614b8c7c93f857b116d0b0d,ce437da4856845a9,,81de8a845298b703,B3,16,16,7fe30b1136,0,natural:123079448,ok,harsh|nat_123079448|harsh|rep0|seed20240909,3.2869
moderate,,nan,nat_123079448,bf961d34452b247889279424299361126860e4579614b8c7c93f857b116d0b0d,ce437da4856845a9,,ce92fef473f24e87,B3,16,16,7fe30b1136,3,natural:123079448,ok,moderate|nat_123079448|moderate|rep3|seed20240909,6.4533
harsh,,nan,nat_123079448,bf961d34452b247889279424299361126860e4579614b8c7c93f857b116d0b0d,ce437da4856845a9,,a9ec0c6f093b80d7,B3,16,16,7fe30b1136,1,natural:123079448,ok,harsh|nat_123079448|harsh|rep1|seed20240909,3.2221
moderate,,nan,nat_123079448,bf961d34452b247889279424299361126860e4579614b8c7c93f857b116d0b0d,ce437da4856845a9,,b18158245aa9a5a0,B3,16,16,7fe30b1136,4,natural:123079448,ok,moderate|nat_123079448|moderate|rep4|seed20240909,6.2323
harsh,,nan,nat_123079448,bf961d34452b247889279424299361126860e4579614b8c7c93f857b116d0b0d,ce437da4856845a9,,dc3503134b2cab7e,B3,16,16,7fe30b1136,2,natural:123079448,ok,harsh|nat_123079448|harsh|rep2|seed20240909,3.2825
harsh,,nan,nat_123079448,bf961d34452b247889279424299361126860e4579614b8c7c93f857b116d0b0d,ce437da4856845a9,,619d8fdc60041e8b,B3,16,16,7fe30b1136,3,natural:123079448,ok,harsh|nat_123079448|harsh|rep3|seed20240909,3.2635
harsh,,nan,nat_123079448,bf961d34452b247889279424299361126860e4579614b8c7c93f857b116d0b0d,ce437da4856845a9,,57637b2b8f1e8260,B3,16,16,7fe30b1136,4,natural:123079448,ok,harsh|nat_123079448|harsh|rep4|seed20240909,3.3155
bursty,,nan,nat_123079448,bf961d34452b247889279424299361126860e4579614b8c7c93f857b116d0b0d,ce437da4856845a9,,ed552169ad69de09,B3,16,16,7fe30b1136,0,natural:123079448,ok,bursty|nat_123079448|bursty|rep0|seed20240909,6.3737
clean,,nan,nat_123079448,bf961d34452b247889279424299361126860e4579614b8c7c93f857b116d0b0d,ce437da4856845a9,,aaf8ba5bafd45c92,B4,16,16,7fe30b1136,0,natural:123079448,ok,clean|nat_123079448|clean|rep0|seed20240909,4.7476
bursty,,nan,nat_123079448,bf961d34452b247889279424299361126860e4579614b8c7c93f857b116d0b0d,ce437da4856845a9,,b7ebc7edfa8481a5,B3,16,16,7fe30b1136,2,natural:123079448,ok,bursty|nat_123079448|bursty|rep2|seed20240909,5.8772
bursty,,nan,nat_123079448,bf961d34452b247889279424299361126860e4579614b8c7c93f857b116d0b0d,ce437da4856845a9,,a2b8c94f270eb49b,B3,16,16,7fe30b1136,3,natural:123079448,ok,bursty|nat_123079448|bursty|rep3|seed20240909,5.8503
bursty,,nan,nat_123079448,bf961d34452b247889279424299361126860e4579614b8c7c93f857b116d0b0d,ce437da4856845a9,,33ab7f6ba94beb07,B3,16,16,7fe30b1136,1,natural:123079448,ok,bursty|nat_123079448|bursty|rep1|seed20240909,6.045
bursty,,nan,nat_123079448,bf961d34452b247889279424299361126860e4579614b8c7c93f857b116d0b0d,ce437da4856845a9,,101b619f071fa655,B3,16,16,7fe30b1136,4,natural:123079448,ok,bursty|nat_123079448|bursty|rep4|seed20240909,6.6434
clean,,nan,nat_123079448,bf961d34452b247889279424299361126860e4579614b8c7c93f857b116d0b0d,ce437da4856845a9,,c01bc8cc861f7ead,B4,16,16,7fe30b1136,1,natural:123079448,ok,clean|nat_123079448|clean|rep1|seed20240909,4.7992
clean,,nan,nat_123079448,bf961d34452b247889279424299361126860e4579614b8c7c93f857b116d0b0d,ce437da4856845a9,,cde9364e4ae7e455,B4,16,16,7fe30b1136,2,natural:123079448,ok,clean|nat_123079448|clean|rep2|seed20240909,4.8585
clean,,nan,nat_123079448,bf961d34452b247889279424299361126860e4579614b8c7c93f857b116d0b0d,ce437da4856845a9,,5a9a57a95a23887f,B4,16,16,7fe30b1136,3,natural:123079448,ok,clean|nat_123079448|clean|rep3|seed20240909,4.628
clean,,nan,nat_123079448,bf961d34452b247889279424299361126860e4579614b8c7c93f857b116d0b0d,ce437da4856845a9,,b2bef4fdf862ec25,B4,16,16,7fe30b1136,4,natural:123079448,ok,clean|nat_123079448|clean|rep4|seed20240909,4.7273
mild,,nan,nat_123079448,bf961d34452b247889279424299361126860e4579614b8c7c93f857b116d0b0d,ce437da4856845a9,,3ce62d55e5cb1256,B4,16,16,7fe30b1136,0,natural:123079448,ok,mild|nat_123079448|mild|rep0|seed20240909,5.0336
mild,,nan,nat_123079448,bf961d34452b247889279424299361126860e4579614b8c7c93f857b116d0b0d,ce437da4856845a9,,bd7f680327579889,B4,16,16,7fe30b1136,3,natural:123079448,ok,mild|nat_123079448|mild|rep3|seed20240909,4.927
mild,,nan,nat_123079448,bf961d34452b247889279424299361126860e4579614b8c7c93f857b116d0b0d,ce437da4856845a9,,58fb3bdef73c5d20,B4,16,16,7fe30b1136,2,natural:123079448,ok,mild|nat_123079448|mild|rep2|seed20240909,5.0523
mild,,nan,nat_123079448,bf961d34452b247889279424299361126860e4579614b8c7c93f857b116d0b0d,ce437da4856845a9,,ab4b6bb8ed8b6493,B4,16,16,7fe30b1136,1,natural:123079448,ok,mild|nat_123079448|mild|rep1|seed20240909,5.1308
mild,,nan,nat_123079448,bf961d34452b247889279424299361126860e4579614b8c7c93f857b116d0b0d,ce437da4856845a9,,668ad096fcb549a5,B4,16,16,7fe30b1136,4,natural:123079448,ok,mild|nat_123079448|mild|rep4|seed20240909,5.1247
harsh,,nan,nat_123079448,bf961d34452b247889279424299361126860e4579614b8c7c93f857b116d0b0d,ce437da4856845a9,,5fc656733bb100ec,B4,16,16,7fe30b1136,0,natural:123079448,ok,harsh|nat_123079448|harsh|rep0|seed20240909,3.0866
harsh,,nan,nat_123079448,bf961d34452b247889279424299361126860e4579614b8c7c93f857b116d0b0d,ce437da4856845a9,,c269c0ceff008c19,B4,16,16,7fe30b1136,2,natural:123079448,ok,harsh|nat_123079448|harsh|rep2|seed20240909,2.9772
harsh,,nan,nat_123079448,bf961d34452b247889279424299361126860e4579614b8c7c93f857b116d0b0d,ce437da4856845a9,,495ec67a4719bda9,B4,16,16,7fe30b1136,1,natural:123079448,ok,harsh|nat_123079448|harsh|rep1|seed20240909,3.0757
moderate,,nan,nat_123079448,bf961d34452b247889279424299361126860e4579614b8c7c93f857b116d0b0d,ce437da4856845a9,,6ad6883deb054ef2,B4,16,16,7fe30b1136,0,natural:123079448,ok,moderate|nat_123079448|moderate|rep0|seed20240909,7.7228
harsh,,nan,nat_123079448,bf961d34452b247889279424299361126860e4579614b8c7c93f857b116d0b0d,ce437da4856845a9,,e76f1c05b64a185b,B4,16,16,7fe30b1136,4,natural:123079448,ok,harsh|nat_123079448|harsh|rep4|seed20240909,3.0246
harsh,,nan,nat_123079448,bf961d34452b247889279424299361126860e4579614b8c7c93f857b116d0b0d,ce437da4856845a9,,ea6e21057d7cfe96,B4,16,16,7fe30b1136,3,natural:123079448,ok,harsh|nat_123079448|harsh|rep3|seed20240909,3.1555
moderate,,nan,nat_123079448,bf961d34452b247889279424299361126860e4579614b8c7c93f857b116d0b0d,ce437da4856845a9,,78a7067666f66c9a,B4,16,16,7fe30b1136,1,natural:123079448,ok,moderate|nat_123079448|moderate|rep1|seed20240909,8.66
moderate,,nan,nat_123079448,bf961d34452b247889279424299361126860e4579614b8c7c93f857b116d0b0d,ce437da4856845a9,,285e342c40304644,B4,16,16,7fe30b1136,2,natural:123079448,ok,moderate|nat_123079448|moderate|rep2|seed20240909,8.2663
clean,,nan,nat_123079448,bf961d34452b247889279424299361126860e4579614b8c7c93f857b116d0b0d,ce437da4856845a9,,f97aeaafc11eca5a,B4t,16,16,7e31e8b9ec,0,natural:123079448,ok,clean|nat_123079448|clean|rep0|seed20240909,4.8445
moderate,,nan,nat_123079448,bf961d34452b247889279424299361126860e4579614b8c7c93f857b116d0b0d,ce437da4856845a9,,2b5193cb9a0e272d,B4,16,16,7fe30b1136,4,natural:123079448,ok,moderate|nat_123079448|moderate|rep4|seed20240909,8.3225
moderate,,nan,nat_123079448,bf961d34452b247889279424299361126860e4579614b8c7c93f857b116d0b0d,ce437da4856845a9,,c5b9eb5aab6b88b2,B4,16,16,7fe30b1136,3,natural:123079448,ok,moderate|nat_123079448|moderate|rep3|seed20240909,8.4316
bursty,,nan,nat_123079448,bf961d34452b247889279424299361126860e4579614b8c7c93f857b116d0b0d,ce437da4856845a9,,57c19f6d298625a5,B4,16,16,7fe30b1136,0,natural:123079448,ok,bursty|nat_123079448|bursty|rep0|seed20240909,8.322
bursty,,nan,nat_123079448,bf961d34452b247889279424299361126860e4579614b8c7c93f857b116d0b0d,ce437da4856845a9,,a048dcfca50251dc,B4,16,16,7fe30b1136,1,natural:123079448,ok,bursty|nat_123079448|bursty|rep1|seed20240909,7.7895
bursty,,nan,nat_123079448,bf961d34452b247889279424299361126860e4579614b8c7c93f857b116d0b0d,ce437da4856845a9,,c6c054dc2fe9b123,B4,16,16,7fe30b1136,3,natural:123079448,ok,bursty|nat_123079448|bursty|rep3|seed20240909,7.3958
bursty,,nan,nat_123079448,bf961d34452b247889279424299361126860e4579614b8c7c93f857b116d0b0d,ce437da4856845a9,,bb82b8a5b5d1ac0a,B4,16,16,7fe30b1136,2,natural:123079448,ok,bursty|nat_123079448|bursty|rep2|seed20240909,7.8499
clean,,nan,nat_123079448,bf961d34452b247889279424299361126860e4579614b8c7c93f857b116d0b0d,ce437da4856845a9,,1b3376a93724361d,B4t,16,16,7e31e8b9ec,1,natural:123079448,ok,clean|nat_123079448|clean|rep1|seed20240909,4.6487
bursty,,nan,nat_123079448,bf961d34452b247889279424299361126860e4579614b8c7c93f857b116d0b0d,ce437da4856845a9,,c058fcc1a45885fa,B4,16,16,7fe30b1136,4,natural:123079448,ok,bursty|nat_123079448|bursty|rep4|seed20240909,8.6253
clean,,nan,nat_123079448,bf961d34452b247889279424299361126860e4579614b8c7c93f857b116d0b0d,ce437da4856845a9,,a382290b29cfdb88,B4t,16,16,7e31e8b9ec,2,natural:123079448,ok,clean|nat_123079448|clean|rep2|seed20240909,4.798
clean,,nan,nat_123079448,bf961d34452b247889279424299361126860e4579614b8c7c93f857b116d0b0d,ce437da4856845a9,,7bbb17ddf2a2dd32,B4t,16,16,7e31e8b9ec,4,natural:123079448,ok,clean|nat_123079448|clean|rep4|seed20240909,4.8606
clean,,nan,nat_123079448,bf961d34452b247889279424299361126860e4579614b8c7c93f857b116d0b0d,ce437da4856845a9,,b34f7beb2e30fba8,B4t,16,16,7e31e8b9ec,3,natural:123079448,ok,clean|nat_123079448|clean|rep3|seed20240909,4.9617
mild,,nan,nat_123079448,bf961d34452b247889279424299361126860e4579614b8c7c93f857b116d0b0d,ce437da4856845a9,,6fb35b6ba38818a7,B4t,16,16,7e31e8b9ec,0,natural:123079448,ok,mild|nat_123079448|mild|rep0|seed20240909,4.9361
mild,,nan,nat_123079448,bf961d34452b247889279424299361126860e4579614b8c7c93f857b116d0b0d,ce437da4856845a9,,e2e53862d3e38fd3,B4t,16,16,7e31e8b9ec,1,natural:123079448,ok,mild|nat_123079448|mild|rep1|seed20240909,5.1784
mild,,nan,nat_123079448,bf961d34452b247889279424299361126860e4579614b8c7c93f857b116d0b0d,ce437da4856845a9,,b68c1167beb06461,B4t,16,16,7e31e8b9ec,2,natural:123079448,ok,mild|nat_123079448|mild|rep2|seed20240909,5.1394
mild,,nan,nat_123079448,bf961d34452b247889279424299361126860e4579614b8c7c93f857b116d0b0d,ce437da4856845a9,,cd990d1e30edd1ee,B4t,16,16,7e31e8b9ec,4,natural:123079448,ok,mild|nat_123079448|mild|rep4|seed20240909,4.9415
mild,,nan,nat_123079448,bf961d34452b247889279424299361126860e4579614b8c7c93f857b116d0b0d,ce437da4856845a9,,ac40049be6f65890,B4t,16,16,7e31e8b9ec,3,natural:123079448,ok,mild|nat_123079448|mild|rep3|seed20240909,5.1539
harsh,,nan,nat_123079448,bf961d34452b247889279424299361126860e4579614b8c7c93f857b116d0b0d,ce437da4856845a9,,7ae636327efd4fd5,B4t,16,16,7e31e8b9ec,1,natural:123079448,ok,harsh|nat_123079448|harsh|rep1|seed20240909,2.7697
harsh,,nan,nat_123079448,bf961d34452b247889279424299361126860e4579614b8c7c93f857b116d0b0d,ce437da4856845a9,,1949a679b923bbba,B4t,16,16,7e31e8b9ec,0,natural:123079448,ok,harsh|nat_123079448|harsh|rep0|seed20240909,2.966
harsh,,nan,nat_123079448,bf961d34452b247889279424299361126860e4579614b8c7c93f857b116d0b0d,ce437da4856845a9,,3974e6c8ea535329,B4t,16,16,7e31e8b9ec,2,natural:123079448,ok,harsh|nat_123079448|harsh|rep2|seed20240909,2.9055
harsh,,nan,nat_123079448,bf961d34452b247889279424299361126860e4579614b8c7c93f857b116d0b0d,ce437da4856845a9,,17cd0f22cab46b9c,B4t,16,16,7e31e8b9ec,3,natural:123079448,ok,harsh|nat_123079448|harsh|rep3|seed20240909,2.8667
harsh,,nan,nat_123079448,bf961d34452b247889279424299361126860e4579614b8c7c93f857b116d0b0d,ce437da4856845a9,,bcd884132f067f68,B4t,16,16,7e31e8b9ec,4,natural:123079448,ok,harsh|nat_123079448|harsh|rep4|seed20240909,2.7111
moderate,,nan,nat_123079448,bf961d34452b247889279424299361126860e4579614b8c7c93f857b116d0b0d,ce437da4856845a9,,506eb90315b30e28,B4t,16,16,7e31e8b9ec,0,natural:123079448,ok,moderate|nat_123079448|moderate|rep0|seed20240909,9.1464
moderate,,nan,nat_123079448,bf961d34452b247889279424299361126860e4579614b8c7c93f857b116d0b0d,ce437da4856845a9,,c196ad3ea740dc0c,B4t,16,16,7e31e8b9ec,3,natural:123079448,ok,moderate|nat_123079448|moderate|rep3|seed20240909,8.8498
bursty,,nan,nat_123079448,bf961d34452b247889279424299361126860e4579614b8c7c93f857b116d0b0d,ce437da4856845a9,,c732ae5b7dbb42a2,B4t,16,16,7e31e8b9ec,0,natural:123079448,ok,bursty|nat_123079448|bursty|rep0|seed20240909,8.7962
moderate,,nan,nat_123079448,bf961d34452b247889279424299361126860e4579614b8c7c93f857b116d0b0d,ce437da4856845a9,,c581a746ff964f2a,B4t,16,16,7e31e8b9ec,1,natural:123079448,ok,moderate|nat_123079448|moderate|rep1|seed20240909,9.5101
moderate,,nan,nat_123079448,bf961d34452b247889279424299361126860e4579614b8c7c93f857b116d0b0d,ce437da4856845a9,,20941370af985010,B4t,16,16,7e31e8b9ec,2,natural:123079448,ok,moderate|nat_123079448|moderate|rep2|seed20240909,9.633
moderate,,nan,nat_123079448,bf961d34452b247889279424299361126860e4579614b8c7c93f857b116d0b0d,ce437da4856845a9,,8456baf0f589791f,B4t,16,16,7e31e8b9ec,4,natural:123079448,ok,moderate|nat_123079448|moderate|rep4|seed20240909,9.3583
bursty,,nan,nat_123079448,bf961d34452b247889279424299361126860e4579614b8c7c93f857b116d0b0d,ce437da4856845a9,,5628c02c0c5c13da,B4t,16,16,7e31e8b9ec,1,natural:123079448,ok,bursty|nat_123079448|bursty|rep1|seed20240909,9.0478
bursty,,nan,nat_123079448,bf961d34452b247889279424299361126860e4579614b8c7c93f857b116d0b0d,ce437da4856845a9,,63a0ab7e00d18171,B4t,16,16,7e31e8b9ec,3,natural:123079448,ok,bursty|nat_123079448|bursty|rep3|seed20240909,9.0604
clean,,nan,nat_123079448,bf961d34452b247889279424299361126860e4579614b8c7c93f857b116d0b0d,ce437da4856845a9,,009839b3931f29c6,P,16,16,f6706417e8,0,natural:123079448,ok,clean|nat_123079448|clean|rep0|seed20240909,7.0066
bursty,,nan,nat_123079448,bf961d34452b247889279424299361126860e4579614b8c7c93f857b116d0b0d,ce437da4856845a9,,64a4b72fde1ae0d3,B4t,16,16,7e31e8b9ec,2,natural:123079448,ok,bursty|nat_123079448|bursty|rep2|seed20240909,9.9913
clean,,nan,nat_123079448,bf961d34452b247889279424299361126860e4579614b8c7c93f857b116d0b0d,ce437da4856845a9,,67403b07d4c689ae,P,16,16,f6706417e8,1,natural:123079448,ok,clean|nat_123079448|clean|rep1|seed20240909,6.7608
bursty,,nan,nat_123079448,bf961d34452b247889279424299361126860e4579614b8c7c93f857b116d0b0d,ce437da4856845a9,,9022258e476247ed,B4t,16,16,7e31e8b9ec,4,natural:123079448,ok,bursty|nat_123079448|bursty|rep4|seed20240909,9.8804
clean,,nan,nat_123079448,bf961d34452b247889279424299361126860e4579614b8c7c93f857b116d0b0d,ce437da4856845a9,,7d0652043afc5620,P,16,16,f6706417e8,2,natural:123079448,ok,clean|nat_123079448|clean|rep2|seed20240909,6.9591
clean,,nan,nat_123079448,bf961d34452b247889279424299361126860e4579614b8c7c93f857b116d0b0d,ce437da4856845a9,,502f6c2cd1a1b374,P,16,16,f6706417e8,3,natural:123079448,ok,clean|nat_123079448|clean|rep3|seed20240909,7.0378
clean,,nan,nat_123079448,bf961d34452b247889279424299361126860e4579614b8c7c93f857b116d0b0d,ce437da4856845a9,,53eb3c90d72770b2,P,16,16,f6706417e8,4,natural:123079448,ok,clean|nat_123079448|clean|rep4|seed20240909,6.8955
mild,,nan,nat_123079448,bf961d34452b247889279424299361126860e4579614b8c7c93f857b116d0b0d,ce437da4856845a9,,c7a4028300736643,P,16,16,f6706417e8,0,natural:123079448,ok,mild|nat_123079448|mild|rep0|seed20240909,7.4456
mild,,nan,nat_123079448,bf961d34452b247889279424299361126860e4579614b8c7c93f857b116d0b0d,ce437da4856845a9,,394a8e4233fd70b3,P,16,16,f6706417e8,1,natural:123079448,ok,mild|nat_123079448|mild|rep1|seed20240909,7.5147
mild,,nan,nat_123079448,bf961d34452b247889279424299361126860e4579614b8c7c93f857b116d0b0d,ce437da4856845a9,,c527a67c52debd23,P,16,16,f6706417e8,3,natural:123079448,ok,mild|nat_123079448|mild|rep3|seed20240909,7.3331
mild,,nan,nat_123079448,bf961d34452b247889279424299361126860e4579614b8c7c93f857b116d0b0d,ce437da4856845a9,,99688071504639ed,P,16,16,f6706417e8,2,natural:123079448,ok,mild|nat_123079448|mild|rep2|seed20240909,7.4875
mild,,nan,nat_123079448,bf961d34452b247889279424299361126860e4579614b8c7c93f857b116d0b0d,ce437da4856845a9,,6edf22d9788a0883,P,16,16,f6706417e8,4,natural:123079448,ok,mild|nat_123079448|mild|rep4|seed20240909,7.2526
clean,,nan,nat_123689542,66da1a437c030ee508a122dfbb77ffe19b8ce3dc19627ba6cec5453eedf332b2,ce437da4856845a9,,14221d018f165e44,B0a,16,16,7fe30b1136,0,natural:123689542,ok,clean|nat_123689542|clean|rep0|seed20240909,0.3392
clean,,nan,nat_123689542,66da1a437c030ee508a122dfbb77ffe19b8ce3dc19627ba6cec5453eedf332b2,ce437da4856845a9,,ea3a3516bf0fd702,B0a,16,16,7fe30b1136,1,natural:123689542,ok,clean|nat_123689542|clean|rep1|seed20240909,0.4069
clean,,nan,nat_123689542,66da1a437c030ee508a122dfbb77ffe19b8ce3dc19627ba6cec5453eedf332b2,ce437da4856845a9,,36ec2cc389de1745,B0a,16,16,7fe30b1136,2,natural:123689542,ok,clean|nat_123689542|clean|rep2|seed20240909,0.3683
harsh,,nan,nat_123079448,bf961d34452b247889279424299361126860e4579614b8c7c93f857b116d0b0d,ce437da4856845a9,,a8790ae9492d9ddb,P,16,16,f6706417e8,0,natural:123079448,ok,harsh|nat_123079448|harsh|rep0|seed20240909,4.0968
clean,,nan,nat_123689542,66da1a437c030ee508a122dfbb77ffe19b8ce3dc19627ba6cec5453eedf332b2,ce437da4856845a9,,bb4bb093c2c33cfc,B0a,16,16,7fe30b1136,3,natural:123689542,ok,clean|nat_123689542|clean|rep3|seed20240909,0.3395
clean,,nan,nat_123689542,66da1a437c030ee508a122dfbb77ffe19b8ce3dc19627ba6cec5453eedf332b2,ce437da4856845a9,,2d9e17d4e4d28af4,B0a,16,16,7fe30b1136,4,natural:123689542,ok,clean|nat_123689542|clean|rep4|seed20240909,0.3832
harsh,,nan,nat_123079448,bf961d34452b247889279424299361126860e4579614b8c7c93f857b116d0b0d,ce437da4856845a9,,17070b16d41b68be,P,16,16,f6706417e8,1,natural:123079448,ok,harsh|nat_123079448|harsh|rep1|seed20240909,4.032
mild,,nan,nat_123689542,66da1a437c030ee508a122dfbb77ffe19b8ce3dc19627ba6cec5453eedf332b2,ce437da4856845a9,,3fa2e4b960c3904f,B0a,16,16,7fe30b1136,0,natural:123689542,ok,mild|nat_123689542|mild|rep0|seed20240909,0.539
mild,,nan,nat_123689542,66da1a437c030ee508a122dfbb77ffe19b8ce3dc19627ba6cec5453eedf332b2,ce437da4856845a9,,cfd16412de00318e,B0a,16,16,7fe30b1136,1,natural:123689542,ok,mild|nat_123689542|mild|rep1|seed20240909,0.5534
mild,,nan,nat_123689542,66da1a437c030ee508a122dfbb77ffe19b8ce3dc19627ba6cec5453eedf332b2,ce437da4856845a9,,9af1a6456ffec2e8,B0a,16,16,7fe30b1136,3,natural:123689542,ok,mild|nat_123689542|mild|rep3|seed20240909,0.4874
mild,,nan,nat_123689542,66da1a437c030ee508a122dfbb77ffe19b8ce3dc19627ba6cec5453eedf332b2,ce437da4856845a9,,4beea809bb5dba94,B0a,16,16,7fe30b1136,2,natural:123689542,ok,mild|nat_123689542|mild|rep2|seed20240909,0.5804
mild,,nan,nat_123689542,66da1a437c030ee508a122dfbb77ffe19b8ce3dc19627ba6cec5453eedf332b2,ce437da4856845a9,,3d65336e58ebd24a,B0a,16,16,7fe30b1136,4,natural:123689542,ok,mild|nat_123689542|mild|rep4|seed20240909,0.482
moderate,,nan,nat_123689542,66da1a437c030ee508a122dfbb77ffe19b8ce3dc19627ba6cec5453eedf332b2,ce437da4856845a9,,67c3fa496ef56cea,B0a,16,16,7fe30b1136,0,natural:123689542,ok,moderate|nat_123689542|moderate|rep0|seed20240909,0.539
moderate,,nan,nat_123689542,66da1a437c030ee508a122dfbb77ffe19b8ce3dc19627ba6cec5453eedf332b2,ce437da4856845a9,,2498532bcc2b2884,B0a,16,16,7fe30b1136,1,natural:123689542,ok,moderate|nat_123689542|moderate|rep1|seed20240909,0.6372
moderate,,nan,nat_123689542,66da1a437c030ee508a122dfbb77ffe19b8ce3dc19627ba6cec5453eedf332b2,ce437da4856845a9,,f20e82f02c44d619,B0a,16,16,7fe30b1136,2,natural:123689542,ok,moderate|nat_123689542|moderate|rep2|seed20240909,0.5545
moderate,,nan,nat_123689542,66da1a437c030ee508a122dfbb77ffe19b8ce3dc19627ba6cec5453eedf332b2,ce437da4856845a9,,f033c135341e62fe,B0a,16,16,7fe30b1136,3,natural:123689542,ok,moderate|nat_123689542|moderate|rep3|seed20240909,0.582
moderate,,nan,nat_123689542,66da1a437c030ee508a122dfbb77ffe19b8ce3dc19627ba6cec5453eedf332b2,ce437da4856845a9,,d189a02a26423e65,B0a,16,16,7fe30b1136,4,natural:123689542,ok,moderate|nat_123689542|moderate|rep4|seed20240909,0.5637
bursty,,nan,nat_123689542,66da1a437c030ee508a122dfbb77ffe19b8ce3dc19627ba6cec5453eedf332b2,ce437da4856845a9,,dd9356c49a6267c0,B0a,16,16,7fe30b1136,0,natural:123689542,ok,bursty|nat_123689542|bursty|rep0|seed20240909,0.5727
harsh,,nan,nat_123079448,bf961d34452b247889279424299361126860e4579614b8c7c93f857b116d0b0d,ce437da4856845a9,,d566832aafb4b9df,P,16,16,f6706417e8,3,natural:123079448,ok,harsh|nat_123079448|harsh|rep3|seed20240909,4.2185
harsh,,nan,nat_123079448,bf961d34452b247889279424299361126860e4579614b8c7c93f857b116d0b0d,ce437da4856845a9,,86b64212ad945c0d,P,16,16,f6706417e8,4,natural:123079448,ok,harsh|nat_123079448|harsh|rep4|seed20240909,4.2015
harsh,,nan,nat_123079448,bf961d34452b247889279424299361126860e4579614b8c7c93f857b116d0b0d,ce437da4856845a9,,efd80dea700adb37,P,16,16,f6706417e8,2,natural:123079448,ok,harsh|nat_123079448|harsh|rep2|seed20240909,4.2867
bursty,,nan,nat_123689542,66da1a437c030ee508a122dfbb77ffe19b8ce3dc19627ba6cec5453eedf332b2,ce437da4856845a9,,49da643460e7e9cd,B0a,16,16,7fe30b1136,1,natural:123689542,ok,bursty|nat_123689542|bursty|rep1|seed20240909,0.5705
bursty,,nan,nat_123689542,66da1a437c030ee508a122dfbb77ffe19b8ce3dc19627ba6cec5453eedf332b2,ce437da4856845a9,,cfce991170c5e2cb,B0a,16,16,7fe30b1136,2,natural:123689542,ok,bursty|nat_123689542|bursty|rep2|seed20240909,0.5474
bursty,,nan,nat_123689542,66da1a437c030ee508a122dfbb77ffe19b8ce3dc19627ba6cec5453eedf332b2,ce437da4856845a9,,0e66400386292cc2,B0a,16,16,7fe30b1136,3,natural:123689542,ok,bursty|nat_123689542|bursty|rep3|seed20240909,0.5352
bursty,,nan,nat_123689542,66da1a437c030ee508a122dfbb77ffe19b8ce3dc19627ba6cec5453eedf332b2,ce437da4856845a9,,8f6bce0dd10e076c,B0a,16,16,7fe30b1136,4,natural:123689542,ok,bursty|nat_123689542|bursty|rep4|seed20240909,0.5719
harsh,,nan,nat_123689542,66da1a437c030ee508a122dfbb77ffe19b8ce3dc19627ba6cec5453eedf332b2,ce437da4856845a9,,470320e120e30471,B0a,16,16,7fe30b1136,0,natural:123689542,ok,harsh|nat_123689542|harsh|rep0|seed20240909,0.5674
harsh,,nan,nat_123689542,66da1a437c030ee508a122dfbb77ffe19b8ce3dc19627ba6cec5453eedf332b2,ce437da4856845a9,,c4ca2af855af3e88,B0a,16,16,7fe30b1136,1,natural:123689542,ok,harsh|nat_123689542|harsh|rep1|seed20240909,0.5613
harsh,,nan,nat_123689542,66da1a437c030ee508a122dfbb77ffe19b8ce3dc19627ba6cec5453eedf332b2,ce437da4856845a9,,98400a14eec1e6e8,B0a,16,16,7fe30b1136,2,natural:123689542,ok,harsh|nat_123689542|harsh|rep2|seed20240909,0.581
harsh,,nan,nat_123689542,66da1a437c030ee508a122dfbb77ffe19b8ce3dc19627ba6cec5453eedf332b2,ce437da4856845a9,,4762ff81795a321c,B0a,16,16,7fe30b1136,3,natural:123689542,ok,harsh|nat_123689542|harsh|rep3|seed20240909,0.5955
harsh,,nan,nat_123689542,66da1a437c030ee508a122dfbb77ffe19b8ce3dc19627ba6cec5453eedf332b2,ce437da4856845a9,,16c48332ee39e0af,B0a,16,16,7fe30b1136,4,natural:123689542,ok,harsh|nat_123689542|harsh|rep4|seed20240909,0.5852
clean,,nan,nat_123689542,66da1a437c030ee508a122dfbb77ffe19b8ce3dc19627ba6cec5453eedf332b2,ce437da4856845a9,,6120eb56bb9efdc2,B0a-R,16,16,7fe30b1136,0,natural:123689542,ok,clean|nat_123689542|clean|rep0|seed20240909,1.044
moderate,,nan,nat_123079448,bf961d34452b247889279424299361126860e4579614b8c7c93f857b116d0b0d,ce437da4856845a9,,e494c5135cd27fd5,P,16,16,f6706417e8,0,natural:123079448,ok,moderate|nat_123079448|moderate|rep0|seed20240909,12.777
clean,,nan,nat_123689542,66da1a437c030ee508a122dfbb77ffe19b8ce3dc19627ba6cec5453eedf332b2,ce437da4856845a9,,a6e7bd8ba6c7ba11,B0a-R,16,16,7fe30b1136,1,natural:123689542,ok,clean|nat_123689542|clean|rep1|seed20240909,1.0386
clean,,nan,nat_123689542,66da1a437c030ee508a122dfbb77ffe19b8ce3dc19627ba6cec5453eedf332b2,ce437da4856845a9,,00cb0f9415120d98,B0a-R,16,16,7fe30b1136,2,natural:123689542,ok,clean|nat_123689542|clean|rep2|seed20240909,1.1324
clean,,nan,nat_123689542,66da1a437c030ee508a122dfbb77ffe19b8ce3dc19627ba6cec5453eedf332b2,ce437da4856845a9,,360e84e27928beca,B0a-R,16,16,7fe30b1136,3,natural:123689542,ok,clean|nat_123689542|clean|rep3|seed20240909,1.0776
clean,,nan,nat_123689542,66da1a437c030ee508a122dfbb77ffe19b8ce3dc19627ba6cec5453eedf332b2,ce437da4856845a9,,45b93eb4b2d79f54,B0a-R,16,16,7fe30b1136,4,natural:123689542,ok,clean|nat_123689542|clean|rep4|seed20240909,1.1039
moderate,,nan,nat_123079448,bf961d34452b247889279424299361126860e4579614b8c7c93f857b116d0b0d,ce437da4856845a9,,69144f192f88b725,P,16,16,f6706417e8,1,natural:123079448,ok,moderate|nat_123079448|moderate|rep1|seed20240909,13.1855
mild,,nan,nat_123689542,66da1a437c030ee508a122dfbb77ffe19b8ce3dc19627ba6cec5453eedf332b2,ce437da4856845a9,,6680bd9ac24629cc,B0a-R,16,16,7fe30b1136,0,natural:123689542,ok,mild|nat_123689542|mild|rep0|seed20240909,1.67
bursty,,nan,nat_123079448,bf961d34452b247889279424299361126860e4579614b8c7c93f857b116d0b0d,ce437da4856845a9,,6fc4fc58229b2544,P,16,16,f6706417e8,3,natural:123079448,ok,bursty|nat_123079448|bursty|rep3|seed20240909,11.5845
mild,,nan,nat_123689542,66da1a437c030ee508a122dfbb77ffe19b8ce3dc19627ba6cec5453eedf332b2,ce437da4856845a9,,20380b6b64ec79e7,B0a-R,16,16,7fe30b1136,3,natural:123689542,ok,mild|nat_123689542|mild|rep3|seed20240909,1.5071
mild,,nan,nat_123689542,66da1a437c030ee508a122dfbb77ffe19b8ce3dc19627ba6cec5453eedf332b2,ce437da4856845a9,,dbb6e56649e77bae,B0a-R,16,16,7fe30b1136,1,natural:123689542,ok,mild|nat_123689542|mild|rep1|seed20240909,1.5899
mild,,nan,nat_123689542,66da1a437c030ee508a122dfbb77ffe19b8ce3dc19627ba6cec5453eedf332b2,ce437da4856845a9,,209bec29aa9288d8,B0a-R,16,16,7fe30b1136,2,natural:123689542,ok,mild|nat_123689542|mild|rep2|seed20240909,1.6341
mild,,nan,nat_123689542,66da1a437c030ee508a122dfbb77ffe19b8ce3dc19627ba6cec5453eedf332b2,ce437da4856845a9,,0f78d35b0f751b85,B0a-R,16,16,7fe30b1136,4,natural:123689542,ok,mild|nat_123689542|mild|rep4|seed20240909,1.5799
moderate,,nan,nat_123689542,66da1a437c030ee508a122dfbb77ffe19b8ce3dc19627ba6cec5453eedf332b2,ce437da4856845a9,,06dfd006a01d4ab0,B0a-R,16,16,7fe30b1136,0,natural:123689542,ok,moderate|nat_123689542|moderate|rep0|seed20240909,1.664
moderate,,nan,nat_123689542,66da1a437c030ee508a122dfbb77ffe19b8ce3dc19627ba6cec5453eedf332b2,ce437da4856845a9,,707b8f28c857c606,B0a-R,16,16,7fe30b1136,1,natural:123689542,ok,moderate|nat_123689542|moderate|rep1|seed20240909,1.6887
moderate,,nan,nat_123079448,bf961d34452b247889279424299361126860e4579614b8c7c93f857b116d0b0d,ce437da4856845a9,,71cf04a08328d876,P,16,16,f6706417e8,2,natural:123079448,ok,moderate|nat_123079448|moderate|rep2|seed20240909,13.9342
moderate,,nan,nat_123689542,66da1a437c030ee508a122dfbb77ffe19b8ce3dc19627ba6cec5453eedf332b2,ce437da4856845a9,,2a961bbe2127defe,B0a-R,16,16,7fe30b1136,2,natural:123689542,ok,moderate|nat_123689542|moderate|rep2|seed20240909,1.6819
moderate,,nan,nat_123079448,bf961d34452b247889279424299361126860e4579614b8c7c93f857b116d0b0d,ce437da4856845a9,,be2bbda86ddb0a65,P,16,16,f6706417e8,3,natural:123079448,ok,moderate|nat_123079448|moderate|rep3|seed20240909,13.4164
bursty,,nan,nat_123079448,bf961d34452b247889279424299361126860e4579614b8c7c93f857b116d0b0d,ce437da4856845a9,,d06ae507d026bf01,P,16,16,f6706417e8,0,natural:123079448,ok,bursty|nat_123079448|bursty|rep0|seed20240909,12.9331
bursty,,nan,nat_123079448,bf961d34452b247889279424299361126860e4579614b8c7c93f857b116d0b0d,ce437da4856845a9,,7725a7ff15cf0211,P,16,16,f6706417e8,1,natural:123079448,ok,bursty|nat_123079448|bursty|rep1|seed20240909,13.1053
moderate,,nan,nat_123689542,66da1a437c030ee508a122dfbb77ffe19b8ce3dc19627ba6cec5453eedf332b2,ce437da4856845a9,,421d298cd8009dbb,B0a-R,16,16,7fe30b1136,3,natural:123689542,ok,moderate|nat_123689542|moderate|rep3|seed20240909,1.7798
bursty,,nan,nat_123079448,bf961d34452b247889279424299361126860e4579614b8c7c93f857b116d0b0d,ce437da4856845a9,,d1a993a1bb5a329a,P,16,16,f6706417e8,2,natural:123079448,ok,bursty|nat_123079448|bursty|rep2|seed20240909,13.2653
bursty,,nan,nat_123689542,66da1a437c030ee508a122dfbb77ffe19b8ce3dc19627ba6cec5453eedf332b2,ce437da4856845a9,,c60445ae4a25cf25,B0a-R,16,16,7fe30b1136,0,natural:123689542,ok,bursty|nat_123689542|bursty|rep0|seed20240909,1.6478
moderate,,nan,nat_123079448,bf961d34452b247889279424299361126860e4579614b8c7c93f857b116d0b0d,ce437da4856845a9,,a3c15bce69afeee2,P,16,16,f6706417e8,4,natural:123079448,ok,moderate|nat_123079448|moderate|rep4|seed20240909,13.9797
bursty,,nan,nat_123689542,66da1a437c030ee508a122dfbb77ffe19b8ce3dc19627ba6cec5453eedf332b2,ce437da4856845a9,,1532b88fbb32f416,B0a-R,16,16,7fe30b1136,1,natural:123689542,ok,bursty|nat_123689542|bursty|rep1|seed20240909,1.6897
moderate,,nan,nat_123689542,66da1a437c030ee508a122dfbb77ffe19b8ce3dc19627ba6cec5453eedf332b2,ce437da4856845a9,,05b30d03bd363e53,B0a-R,16,16,7fe30b1136,4,natural:123689542,ok,moderate|nat_123689542|moderate|rep4|seed20240909,1.8274
bursty,,nan,nat_123689542,66da1a437c030ee508a122dfbb77ffe19b8ce3dc19627ba6cec5453eedf332b2,ce437da4856845a9,,82d2e81385e386f5,B0a-R,16,16,7fe30b1136,3,natural:123689542,ok,bursty|nat_123689542|bursty|rep3|seed20240909,1.6573
bursty,,nan,nat_123689542,66da1a437c030ee508a122dfbb77ffe19b8ce3dc19627ba6cec5453eedf332b2,ce437da4856845a9,,1645c5059f494523,B0a-R,16,16,7fe30b1136,2,natural:123689542,ok,bursty|nat_123689542|bursty|rep2|seed20240909,1.7397
bursty,,nan,nat_123689542,66da1a437c030ee508a122dfbb77ffe19b8ce3dc19627ba6cec5453eedf332b2,ce437da4856845a9,,c42437612c4952d5,B0a-R,16,16,7fe30b1136,4,natural:123689542,ok,bursty|nat_123689542|bursty|rep4|seed20240909,1.7713
harsh,,nan,nat_123689542,66da1a437c030ee508a122dfbb77ffe19b8ce3dc19627ba6cec5453eedf332b2,ce437da4856845a9,,f4dd9f49df0b46ce,B0a-R,16,16,7fe30b1136,0,natural:123689542,ok,harsh|nat_123689542|harsh|rep0|seed20240909,1.8052
harsh,,nan,nat_123689542,66da1a437c030ee508a122dfbb77ffe19b8ce3dc19627ba6cec5453eedf332b2,ce437da4856845a9,,fb5ccc45f34de07b,B0a-R,16,16,7fe30b1136,1,natural:123689542,ok,harsh|nat_123689542|harsh|rep1|seed20240909,1.7372
harsh,,nan,nat_123689542,66da1a437c030ee508a122dfbb77ffe19b8ce3dc19627ba6cec5453eedf332b2,ce437da4856845a9,,c0cfbadca0816636,B0a-R,16,16,7fe30b1136,2,natural:123689542,ok,harsh|nat_123689542|harsh|rep2|seed20240909,1.7349
harsh,,nan,nat_123689542,66da1a437c030ee508a122dfbb77ffe19b8ce3dc19627ba6cec5453eedf332b2,ce437da4856845a9,,06bbd2edffdda0e1,B0a-R,16,16,7fe30b1136,3,natural:123689542,ok,harsh|nat_123689542|harsh|rep3|seed20240909,1.7642
bursty,,nan,nat_123079448,bf961d34452b247889279424299361126860e4579614b8c7c93f857b116d0b0d,ce437da4856845a9,,20b61f7adc9ed7e6,P,16,16,f6706417e8,4,natural:123079448,ok,bursty|nat_123079448|bursty|rep4|seed20240909,13.8253
harsh,,nan,nat_123689542,66da1a437c030ee508a122dfbb77ffe19b8ce3dc19627ba6cec5453eedf332b2,ce437da4856845a9,,0442fd9e8c864ffb,B0a-R,16,16,7fe30b1136,4,natural:123689542,ok,harsh|nat_123689542|harsh|rep4|seed20240909,1.7605
clean,,nan,nat_123689542,66da1a437c030ee508a122dfbb77ffe19b8ce3dc19627ba6cec5453eedf332b2,ce437da4856845a9,,3689bffd1fce2198,B0d,16,16,7fe30b1136,0,natural:123689542,ok,clean|nat_123689542|clean|rep0|seed20240909,5.4479
clean,,nan,nat_123689542,66da1a437c030ee508a122dfbb77ffe19b8ce3dc19627ba6cec5453eedf332b2,ce437da4856845a9,,3445e8919047ff5e,B0d,16,16,7fe30b1136,1,natural:123689542,ok,clean|nat_123689542|clean|rep1|seed20240909,5.4428
clean,,nan,nat_123689542,66da1a437c030ee508a122dfbb77ffe19b8ce3dc19627ba6cec5453eedf332b2,ce437da4856845a9,,5a83c9a697416571,B0d,16,16,7fe30b1136,2,natural:123689542,ok,clean|nat_123689542|clean|rep2|seed20240909,5.4558
clean,,nan,nat_123689542,66da1a437c030ee508a122dfbb77ffe19b8ce3dc19627ba6cec5453eedf332b2,ce437da4856845a9,,b12a67d4ca350285,B0d,16,16,7fe30b1136,3,natural:123689542,ok,clean|nat_123689542|clean|rep3|seed20240909,5.3892
clean,,nan,nat_123689542,66da1a437c030ee508a122dfbb77ffe19b8ce3dc19627ba6cec5453eedf332b2,ce437da4856845a9,,3098aebc647704b1,B0d,16,16,7fe30b1136,4,natural:123689542,ok,clean|nat_123689542|clean|rep4|seed20240909,5.5206
mild,,nan,nat_123689542,66da1a437c030ee508a122dfbb77ffe19b8ce3dc19627ba6cec5453eedf332b2,ce437da4856845a9,,ba326815952d72cb,B0d,16,16,7fe30b1136,0,natural:123689542,ok,mild|nat_123689542|mild|rep0|seed20240909,5.813
mild,,nan,nat_123689542,66da1a437c030ee508a122dfbb77ffe19b8ce3dc19627ba6cec5453eedf332b2,ce437da4856845a9,,0ea13c0111282a0a,B0d,16,16,7fe30b1136,2,natural:123689542,ok,mild|nat_123689542|mild|rep2|seed20240909,5.7679
mild,,nan,nat_123689542,66da1a437c030ee508a122dfbb77ffe19b8ce3dc19627ba6cec5453eedf332b2,ce437da4856845a9,,4b1b47c6e853c218,B0d,16,16,7fe30b1136,3,natural:123689542,ok,mild|nat_123689542|mild|rep3|seed20240909,5.7849
mild,,nan,nat_123689542,66da1a437c030ee508a122dfbb77ffe19b8ce3dc19627ba6cec5453eedf332b2,ce437da4856845a9,,0d4292c09d3d4a6d,B0d,16,16,7fe30b1136,1,natural:123689542,ok,mild|nat_123689542|mild|rep1|seed20240909,5.8664
mild,,nan,nat_123689542,66da1a437c030ee508a122dfbb77ffe19b8ce3dc19627ba6cec5453eedf332b2,ce437da4856845a9,,8f6e06fbd55abf06,B0d,16,16,7fe30b1136,4,natural:123689542,ok,mild|nat_123689542|mild|rep4|seed20240909,5.7264
clean,,nan,nat_123689542,66da1a437c030ee508a122dfbb77ffe19b8ce3dc19627ba6cec5453eedf332b2,ce437da4856845a9,,b06bad6807532b8e,B1,16,16,7fe30b1136,0,natural:123689542,ok,clean|nat_123689542|clean|rep0|seed20240909,0.3847
clean,,nan,nat_123689542,66da1a437c030ee508a122dfbb77ffe19b8ce3dc19627ba6cec5453eedf332b2,ce437da4856845a9,,8d8a24efde1913d5,B1,16,16,7fe30b1136,1,natural:123689542,ok,clean|nat_123689542|clean|rep1|seed20240909,0.3761
clean,,nan,nat_123689542,66da1a437c030ee508a122dfbb77ffe19b8ce3dc19627ba6cec5453eedf332b2,ce437da4856845a9,,6db5c97dc36e9a93,B1,16,16,7fe30b1136,2,natural:123689542,ok,clean|nat_123689542|clean|rep2|seed20240909,0.3597
clean,,nan,nat_123689542,66da1a437c030ee508a122dfbb77ffe19b8ce3dc19627ba6cec5453eedf332b2,ce437da4856845a9,,876366a98a77f2b4,B1,16,16,7fe30b1136,3,natural:123689542,ok,clean|nat_123689542|clean|rep3|seed20240909,0.4156
clean,,nan,nat_123689542,66da1a437c030ee508a122dfbb77ffe19b8ce3dc19627ba6cec5453eedf332b2,ce437da4856845a9,,086a98bf32fa9cfb,B1,16,16,7fe30b1136,4,natural:123689542,ok,clean|nat_123689542|clean|rep4|seed20240909,0.3341
mild,,nan,nat_123689542,66da1a437c030ee508a122dfbb77ffe19b8ce3dc19627ba6cec5453eedf332b2,ce437da4856845a9,,9112de294c9b7abc,B1,16,16,7fe30b1136,0,natural:123689542,ok,mild|nat_123689542|mild|rep0|seed20240909,0.5063
mild,,nan,nat_123689542,66da1a437c030ee508a122dfbb77ffe19b8ce3dc19627ba6cec5453eedf332b2,ce437da4856845a9,,7aaf4e249e3b4983,B1,16,16,7fe30b1136,1,natural:123689542,ok,mild|nat_123689542|mild|rep1|seed20240909,0.4811
harsh,,nan,nat_123689542,66da1a437c030ee508a122dfbb77ffe19b8ce3dc19627ba6cec5453eedf332b2,ce437da4856845a9,,d54e45200c1db39b,B0d,16,16,7fe30b1136,0,natural:123689542,ok,harsh|nat_123689542|harsh|rep0|seed20240909,3.5501
mild,,nan,nat_123689542,66da1a437c030ee508a122dfbb77ffe19b8ce3dc19627ba6cec5453eedf332b2,ce437da4856845a9,,cd82f52a2d575c6c,B1,16,16,7fe30b1136,2,natural:123689542,ok,mild|nat_123689542|mild|rep2|seed20240909,0.4838
harsh,,nan,nat_123689542,66da1a437c030ee508a122dfbb77ffe19b8ce3dc19627ba6cec5453eedf332b2,ce437da4856845a9,,40276953ec5a19ab,B0d,16,16,7fe30b1136,1,natural:123689542,ok,harsh|nat_123689542|harsh|rep1|seed20240909,3.602
harsh,,nan,nat_123689542,66da1a437c030ee508a122dfbb77ffe19b8ce3dc19627ba6cec5453eedf332b2,ce437da4856845a9,,50a152d58b3704b9,B0d,16,16,7fe30b1136,2,natural:123689542,ok,harsh|nat_123689542|harsh|rep2|seed20240909,3.6397
harsh,,nan,nat_123689542,66da1a437c030ee508a122dfbb77ffe19b8ce3dc19627ba6cec5453eedf332b2,ce437da4856845a9,,204d45a36aaf2dc3,B0d,16,16,7fe30b1136,3,natural:123689542,ok,harsh|nat_123689542|harsh|rep3|seed20240909,3.6114
moderate,,nan,nat_123689542,66da1a437c030ee508a122dfbb77ffe19b8ce3dc19627ba6cec5453eedf332b2,ce437da4856845a9,,2205b30075609820,B0d,16,16,7fe30b1136,0,natural:123689542,ok,moderate|nat_123689542|moderate|rep0|seed20240909,8.9856
harsh,,nan,nat_123689542,66da1a437c030ee508a122dfbb77ffe19b8ce3dc19627ba6cec5453eedf332b2,ce437da4856845a9,,fb21801cfa98a4d5,B0d,16,16,7fe30b1136,4,natural:123689542,ok,harsh|nat_123689542|harsh|rep4|seed20240909,3.6687
mild,,nan,nat_123689542,66da1a437c030ee508a122dfbb77ffe19b8ce3dc19627ba6cec5453eedf332b2,ce437da4856845a9,,ce398c10a59150ec,B1,16,16,7fe30b1136,3,natural:123689542,ok,mild|nat_123689542|mild|rep3|seed20240909,0.6055
moderate,,nan,nat_123689542,66da1a437c030ee508a122dfbb77ffe19b8ce3dc19627ba6cec5453eedf332b2,ce437da4856845a9,,0e14ccbfd4b2a2a3,B0d,16,16,7fe30b1136,3,natural:123689542,ok,moderate|nat_123689542|moderate|rep3|seed20240909,9.0657
mild,,nan,nat_123689542,66da1a437c030ee508a122dfbb77ffe19b8ce3dc19627ba6cec5453eedf332b2,ce437da4856845a9,,7cf758dc9fd96dd2,B1,16,16,7fe30b1136,4,natural:123689542,ok,mild|nat_123689542|mild|rep4|seed20240909,0.5557
moderate,,nan,nat_123689542,66da1a437c030ee508a122dfbb77ffe19b8ce3dc19627ba6cec5453eedf332b2,ce437da4856845a9,,714a35eed887aaac,B1,16,16,7fe30b1136,0,natural:123689542,ok,moderate|nat_123689542|moderate|rep0|seed20240909,0.5718
moderate,,nan,nat_123689542,66da1a437c030ee508a122dfbb77ffe19b8ce3dc19627ba6cec5453eedf332b2,ce437da4856845a9,,76ee6238697dc9d8,B1,16,16,7fe30b1136,1,natural:123689542,ok,moderate|nat_123689542|moderate|rep1|seed20240909,0.5092
moderate,,nan,nat_123689542,66da1a437c030ee508a122dfbb77ffe19b8ce3dc19627ba6cec5453eedf332b2,ce437da4856845a9,,f35ba6fa9c01f638,B1,16,16,7fe30b1136,3,natural:123689542,ok,moderate|nat_123689542|moderate|rep3|seed20240909,0.5847
moderate,,nan,nat_123689542,66da1a437c030ee508a122dfbb77ffe19b8ce3dc19627ba6cec5453eedf332b2,ce437da4856845a9,,7e4b708e18b85520,B0d,16,16,7fe30b1136,2,natural:123689542,ok,moderate|nat_123689542|moderate|rep2|seed20240909,9.4656
moderate,,nan,nat_123689542,66da1a437c030ee508a122dfbb77ffe19b8ce3dc19627ba6cec5453eedf332b2,ce437da4856845a9,,459a0e7c43bacd0e,B1,16,16,7fe30b1136,4,natural:123689542,ok,moderate|nat_123689542|moderate|rep4|seed20240909,0.5676
moderate,,nan,nat_123689542,66da1a437c030ee508a122dfbb77ffe19b8ce3dc19627ba6cec5453eedf332b2,ce437da4856845a9,,3cfff1ba0aabcff5,B0d,16,16,7fe30b1136,1,natural:123689542,ok,moderate|nat_123689542|moderate|rep1|seed20240909,9.5147
moderate,,nan,nat_123689542,66da1a437c030ee508a122dfbb77ffe19b8ce3dc19627ba6cec5453eedf332b2,ce437da4856845a9,,cf174f3a85d65ef1,B1,16,16,7fe30b1136,2,natural:123689542,ok,moderate|nat_123689542|moderate|rep2|seed20240909,0.6608
moderate,,nan,nat_123689542,66da1a437c030ee508a122dfbb77ffe19b8ce3dc19627ba6cec5453eedf332b2,ce437da4856845a9,,a0269bd37e17e756,B0d,16,16,7fe30b1136,4,natural:123689542,ok,moderate|nat_123689542|moderate|rep4|seed20240909,9.3162
bursty,,nan,nat_123689542,66da1a437c030ee508a122dfbb77ffe19b8ce3dc19627ba6cec5453eedf332b2,ce437da4856845a9,,ce4e938de4fac866,B1,16,16,7fe30b1136,0,natural:123689542,ok,bursty|nat_123689542|bursty|rep0|seed20240909,0.5569
bursty,,nan,nat_123689542,66da1a437c030ee508a122dfbb77ffe19b8ce3dc19627ba6cec5453eedf332b2,ce437da4856845a9,,1d66f20bf34d7c02,B1,16,16,7fe30b1136,1,natural:123689542,ok,bursty|nat_123689542|bursty|rep1|seed20240909,0.6564
bursty,,nan,nat_123689542,66da1a437c030ee508a122dfbb77ffe19b8ce3dc19627ba6cec5453eedf332b2,ce437da4856845a9,,d6fcc0b2fa1cebde,B1,16,16,7fe30b1136,2,natural:123689542,ok,bursty|nat_123689542|bursty|rep2|seed20240909,0.5884
bursty,,nan,nat_123689542,66da1a437c030ee508a122dfbb77ffe19b8ce3dc19627ba6cec5453eedf332b2,ce437da4856845a9,,70367293b55e0d77,B1,16,16,7fe30b1136,3,natural:123689542,ok,bursty|nat_123689542|bursty|rep3|seed20240909,0.6912
clean,,nan,nat_123689542,66da1a437c030ee508a122dfbb77ffe19b8ce3dc19627ba6cec5453eedf332b2,ce437da4856845a9,,b69f498b1ec3857e,B2,16,16,7fe30b1136,1,natural:123689542,ok,clean|nat_123689542|clean|rep1|seed20240909,0.4796
clean,,nan,nat_123689542,66da1a437c030ee508a122dfbb77ffe19b8ce3dc19627ba6cec5453eedf332b2,ce437da4856845a9,,cd7873895d6cafe5,B2,16,16,7fe30b1136,0,natural:123689542,ok,clean|nat_123689542|clean|rep0|seed20240909,0.5202
bursty,,nan,nat_123689542,66da1a437c030ee508a122dfbb77ffe19b8ce3dc19627ba6cec5453eedf332b2,ce437da4856845a9,,04d4fcab953b6823,B1,16,16,7fe30b1136,4,natural:123689542,ok,bursty|nat_123689542|bursty|rep4|seed20240909,0.7127
harsh,,nan,nat_123689542,66da1a437c030ee508a122dfbb77ffe19b8ce3dc19627ba6cec5453eedf332b2,ce437da4856845a9,,60d4b40d222a4c71,B1,16,16,7fe30b1136,0,natural:123689542,ok,harsh|nat_123689542|harsh|rep0|seed20240909,0.6546
harsh,,nan,nat_123689542,66da1a437c030ee508a122dfbb77ffe19b8ce3dc19627ba6cec5453eedf332b2,ce437da4856845a9,,bd8ede03b1e32df0,B1,16,16,7fe30b1136,1,natural:123689542,ok,harsh|nat_123689542|harsh|rep1|seed20240909,0.6686
harsh,,nan,nat_123689542,66da1a437c030ee508a122dfbb77ffe19b8ce3dc19627ba6cec5453eedf332b2,ce437da4856845a9,,a0e4ccfa89350351,B1,16,16,7fe30b1136,4,natural:123689542,ok,harsh|nat_123689542|harsh|rep4|seed20240909,0.6368
harsh,,nan,nat_123689542,66da1a437c030ee508a122dfbb77ffe19b8ce3dc19627ba6cec5453eedf332b2,ce437da4856845a9,,a2496ee0dab4ba5e,B1,16,16,7fe30b1136,2,natural:123689542,ok,harsh|nat_123689542|harsh|rep2|seed20240909,0.6728
harsh,,nan,nat_123689542,66da1a437c030ee508a122dfbb77ffe19b8ce3dc19627ba6cec5453eedf332b2,ce437da4856845a9,,38ecc2e27a4725d7,B1,16,16,7fe30b1136,3,natural:123689542,ok,harsh|nat_123689542|harsh|rep3|seed20240909,0.6721
clean,,nan,nat_123689542,66da1a437c030ee508a122dfbb77ffe19b8ce3dc19627ba6cec5453eedf332b2,ce437da4856845a9,,caebfeb68e0d69c2,B2,16,16,7fe30b1136,2,natural:123689542,ok,clean|nat_123689542|clean|rep2|seed20240909,0.4468
bursty,,nan,nat_123689542,66da1a437c030ee508a122dfbb77ffe19b8ce3dc19627ba6cec5453eedf332b2,ce437da4856845a9,,388f8aee1814aa5c,B0d,16,16,7fe30b1136,0,natural:123689542,ok,bursty|nat_123689542|bursty|rep0|seed20240909,10.0538
clean,,nan,nat_123689542,66da1a437c030ee508a122dfbb77ffe19b8ce3dc19627ba6cec5453eedf332b2,ce437da4856845a9,,63b3c6636ad626ca,B2,16,16,7fe30b1136,3,natural:123689542,ok,clean|nat_123689542|clean|rep3|seed20240909,0.4317
clean,,nan,nat_123689542,66da1a437c030ee508a122dfbb77ffe19b8ce3dc19627ba6cec5453eedf332b2,ce437da4856845a9,,c1170341afd50061,B2,16,16,7fe30b1136,4,natural:123689542,ok,clean|nat_123689542|clean|rep4|seed20240909,0.4631
mild,,nan,nat_123689542,66da1a437c030ee508a122dfbb77ffe19b8ce3dc19627ba6cec5453eedf332b2,ce437da4856845a9,,a76365f504da0458,B2,16,16,7fe30b1136,0,natural:123689542,ok,mild|nat_123689542|mild|rep0|seed20240909,0.5942
mild,,nan,nat_123689542,66da1a437c030ee508a122dfbb77ffe19b8ce3dc19627ba6cec5453eedf332b2,ce437da4856845a9,,e4bdc553c5eb232f,B2,16,16,7fe30b1136,2,natural:123689542,ok,mild|nat_123689542|mild|rep2|seed20240909,0.6312
mild,,nan,nat_123689542,66da1a437c030ee508a122dfbb77ffe19b8ce3dc19627ba6cec5453eedf332b2,ce437da4856845a9,,1dfff57b1621e8e7,B2,16,16,7fe30b1136,1,natural:123689542,ok,mild|nat_123689542|mild|rep1|seed20240909,0.6664
mild,,nan,nat_123689542,66da1a437c030ee508a122dfbb77ffe19b8ce3dc19627ba6cec5453eedf332b2,ce437da4856845a9,,f8838f0a13f39270,B2,16,16,7fe30b1136,4,natural:123689542,ok,mild|nat_123689542|mild|rep4|seed20240909,0.5857
mild,,nan,nat_123689542,66da1a437c030ee508a122dfbb77ffe19b8ce3dc19627ba6cec5453eedf332b2,ce437da4856845a9,,73a65adba8d9f5f9,B2,16,16,7fe30b1136,3,natural:123689542,ok,mild|nat_123689542|mild|rep3|seed20240909,0.6388
moderate,,nan,nat_123689542,66da1a437c030ee508a122dfbb77ffe19b8ce3dc19627ba6cec5453eedf332b2,ce437da4856845a9,,6a051e66dc38b8c5,B2,16,16,7fe30b1136,2,natural:123689542,ok,moderate|nat_123689542|moderate|rep2|seed20240909,0.6646
moderate,,nan,nat_123689542,66da1a437c030ee508a122dfbb77ffe19b8ce3dc19627ba6cec5453eedf332b2,ce437da4856845a9,,3f7ad1df95e89d65,B2,16,16,7fe30b1136,1,natural:123689542,ok,moderate|nat_123689542|moderate|rep1|seed20240909,0.6912
moderate,,nan,nat_123689542,66da1a437c030ee508a122dfbb77ffe19b8ce3dc19627ba6cec5453eedf332b2,ce437da4856845a9,,750c224018dde47f,B2,16,16,7fe30b1136,0,natural:123689542,ok,moderate|nat_123689542|moderate|rep0|seed20240909,0.7173
moderate,,nan,nat_123689542,66da1a437c030ee508a122dfbb77ffe19b8ce3dc19627ba6cec5453eedf332b2,ce437da4856845a9,,c1513c0a88270ae0,B2,16,16,7fe30b1136,3,natural:123689542,ok,moderate|nat_123689542|moderate|rep3|seed20240909,0.6235
bursty,,nan,nat_123689542,66da1a437c030ee508a122dfbb77ffe19b8ce3dc19627ba6cec5453eedf332b2,ce437da4856845a9,,0b12d575ce2d93eb,B2,16,16,7fe30b1136,0,natural:123689542,ok,bursty|nat_123689542|bursty|rep0|seed20240909,0.6255
moderate,,nan,nat_123689542,66da1a437c030ee508a122dfbb77ffe19b8ce3dc19627ba6cec5453eedf332b2,ce437da4856845a9,,9dc66694d2359af3,B2,16,16,7fe30b1136,4,natural:123689542,ok,moderate|nat_123689542|moderate|rep4|seed20240909,0.6532
bursty,,nan,nat_123689542,66da1a437c030ee508a122dfbb77ffe19b8ce3dc19627ba6cec5453eedf332b2,ce437da4856845a9,,a8b31e2ff73c043c,B2,16,16,7fe30b1136,1,natural:123689542,ok,bursty|nat_123689542|bursty|rep1|seed20240909,0.5668
bursty,,nan,nat_123689542,66da1a437c030ee508a122dfbb77ffe19b8ce3dc19627ba6cec5453eedf332b2,ce437da4856845a9,,a2cd6b5f9bc92127,B2,16,16,7fe30b1136,2,natural:123689542,ok,bursty|nat_123689542|bursty|rep2|seed20240909,0.5954
bursty,,nan,nat_123689542,66da1a437c030ee508a122dfbb77ffe19b8ce3dc19627ba6cec5453eedf332b2,ce437da4856845a9,,7d08752a1b4a0cb6,B2,16,16,7fe30b1136,4,natural:123689542,ok,bursty|nat_123689542|bursty|rep4|seed20240909,0.5938
harsh,,nan,nat_123689542,66da1a437c030ee508a122dfbb77ffe19b8ce3dc19627ba6cec5453eedf332b2,ce437da4856845a9,,3aac5759f87c0813,B2,16,16,7fe30b1136,1,natural:123689542,ok,harsh|nat_123689542|harsh|rep1|seed20240909,0.6017
harsh,,nan,nat_123689542,66da1a437c030ee508a122dfbb77ffe19b8ce3dc19627ba6cec5453eedf332b2,ce437da4856845a9,,da5a9809783698ab,B2,16,16,7fe30b1136,0,natural:123689542,ok,harsh|nat_123689542|harsh|rep0|seed20240909,0.6499
bursty,,nan,nat_123689542,66da1a437c030ee508a122dfbb77ffe19b8ce3dc19627ba6cec5453eedf332b2,ce437da4856845a9,,0a8e41b9c48c8219,B2,16,16,7fe30b1136,3,natural:123689542,ok,bursty|nat_123689542|bursty|rep3|seed20240909,0.698
harsh,,nan,nat_123689542,66da1a437c030ee508a122dfbb77ffe19b8ce3dc19627ba6cec5453eedf332b2,ce437da4856845a9,,93aa60df3b11ce96,B2,16,16,7fe30b1136,2,natural:123689542,ok,harsh|nat_123689542|harsh|rep2|seed20240909,0.6087
harsh,,nan,nat_123689542,66da1a437c030ee508a122dfbb77ffe19b8ce3dc19627ba6cec5453eedf332b2,ce437da4856845a9,,eafd34e79e4bdc41,B2,16,16,7fe30b1136,3,natural:123689542,ok,harsh|nat_123689542|harsh|rep3|seed20240909,0.6165
harsh,,nan,nat_123689542,66da1a437c030ee508a122dfbb77ffe19b8ce3dc19627ba6cec5453eedf332b2,ce437da4856845a9,,6527c4a4a3f91cee,B2,16,16,7fe30b1136,4,natural:123689542,ok,harsh|nat_123689542|harsh|rep4|seed20240909,0.6606
bursty,,nan,nat_123689542,66da1a437c030ee508a122dfbb77ffe19b8ce3dc19627ba6cec5453eedf332b2,ce437da4856845a9,,c1725b789fb71732,B0d,16,16,7fe30b1136,1,natural:123689542,ok,bursty|nat_123689542|bursty|rep1|seed20240909,9.9039
bursty,,nan,nat_123689542,66da1a437c030ee508a122dfbb77ffe19b8ce3dc19627ba6cec5453eedf332b2,ce437da4856845a9,,2cd1f0e067480fda,B0d,16,16,7fe30b1136,3,natural:123689542,ok,bursty|nat_123689542|bursty|rep3|seed20240909,9.6511
bursty,,nan,nat_123689542,66da1a437c030ee508a122dfbb77ffe19b8ce3dc19627ba6cec5453eedf332b2,ce437da4856845a9,,eb3e9226c260d6a7,B0d,16,16,7fe30b1136,2,natural:123689542,ok,bursty|nat_123689542|bursty|rep2|seed20240909,10.2337
bursty,,nan,nat_123689542,66da1a437c030ee508a122dfbb77ffe19b8ce3dc19627ba6cec5453eedf332b2,ce437da4856845a9,,d029c58d9715a722,B0d,16,16,7fe30b1136,4,natural:123689542,ok,bursty|nat_123689542|bursty|rep4|seed20240909,10.3322
clean,,nan,nat_123689542,66da1a437c030ee508a122dfbb77ffe19b8ce3dc19627ba6cec5453eedf332b2,ce437da4856845a9,,033bb23e2fcc66b9,B3,16,16,7fe30b1136,0,natural:123689542,ok,clean|nat_123689542|clean|rep0|seed20240909,4.4777
clean,,nan,nat_123689542,66da1a437c030ee508a122dfbb77ffe19b8ce3dc19627ba6cec5453eedf332b2,ce437da4856845a9,,1ec7b80e8ef4b976,B3,16,16,7fe30b1136,3,natural:123689542,ok,clean|nat_123689542|clean|rep3|seed20240909,4.3518
clean,,nan,nat_123689542,66da1a437c030ee508a122dfbb77ffe19b8ce3dc19627ba6cec5453eedf332b2,ce437da4856845a9,,ea67e19a552f02ba,B3,16,16,7fe30b1136,2,natural:123689542,ok,clean|nat_123689542|clean|rep2|seed20240909,4.4472
clean,,nan,nat_123689542,66da1a437c030ee508a122dfbb77ffe19b8ce3dc19627ba6cec5453eedf332b2,ce437da4856845a9,,a48478ff8175fd07,B3,16,16,7fe30b1136,1,natural:123689542,ok,clean|nat_123689542|clean|rep1|seed20240909,4.578
clean,,nan,nat_123689542,66da1a437c030ee508a122dfbb77ffe19b8ce3dc19627ba6cec5453eedf332b2,ce437da4856845a9,,5e8b959d1d98a159,B3,16,16,7fe30b1136,4,natural:123689542,ok,clean|nat_123689542|clean|rep4|seed20240909,4.6599
mild,,nan,nat_123689542,66da1a437c030ee508a122dfbb77ffe19b8ce3dc19627ba6cec5453eedf332b2,ce437da4856845a9,,0adf1a894200a67f,B3,16,16,7fe30b1136,2,natural:123689542,ok,mild|nat_123689542|mild|rep2|seed20240909,4.5582
mild,,nan,nat_123689542,66da1a437c030ee508a122dfbb77ffe19b8ce3dc19627ba6cec5453eedf332b2,ce437da4856845a9,,4cfece8d7634d9f7,B3,16,16,7fe30b1136,0,natural:123689542,ok,mild|nat_123689542|mild|rep0|seed20240909,4.7036
mild,,nan,nat_123689542,66da1a437c030ee508a122dfbb77ffe19b8ce3dc19627ba6cec5453eedf332b2,ce437da4856845a9,,643cfe60b19711ae,B3,16,16,7fe30b1136,3,natural:123689542,ok,mild|nat_123689542|mild|rep3|seed20240909,4.6671
mild,,nan,nat_123689542,66da1a437c030ee508a122dfbb77ffe19b8ce3dc19627ba6cec5453eedf332b2,ce437da4856845a9,,5489cfab7dfc5a3e,B3,16,16,7fe30b1136,4,natural:123689542,ok,mild|nat_123689542|mild|rep4|seed20240909,4.6678
mild,,nan,nat_123689542,66da1a437c030ee508a122dfbb77ffe19b8ce3dc19627ba6cec5453eedf332b2,ce437da4856845a9,,7fc82d6fe6bde8e1,B3,16,16,7fe30b1136,1,natural:123689542,ok,mild|nat_123689542|mild|rep1|seed20240909,4.9325
moderate,,nan,nat_123689542,66da1a437c030ee508a122dfbb77ffe19b8ce3dc19627ba6cec5453eedf332b2,ce437da4856845a9,,71302561531e2d93,B3,16,16,7fe30b1136,0,natural:123689542,ok,moderate|nat_123689542|moderate|rep0|seed20240909,6.1787
moderate,,nan,nat_123689542,66da1a437c030ee508a122dfbb77ffe19b8ce3dc19627ba6cec5453eedf332b2,ce437da4856845a9,,1ca52d6404da4d56,B3,16,16,7fe30b1136,1,natural:123689542,ok,moderate|nat_123689542|moderate|rep1|seed20240909,6.756
harsh,,nan,nat_123689542,66da1a437c030ee508a122dfbb77ffe19b8ce3dc19627ba6cec5453eedf332b2,ce437da4856845a9,,9e8e894c7fc972e2,B3,16,16,7fe30b1136,1,natural:123689542,ok,harsh|nat_123689542|harsh|rep1|seed20240909,3.1536
harsh,,nan,nat_123689542,66da1a437c030ee508a122dfbb77ffe19b8ce3dc19627ba6cec5453eedf332b2,ce437da4856845a9,,0e7caeadb9adfd67,B3,16,16,7fe30b1136,4,natural:123689542,ok,harsh|nat_123689542|harsh|rep4|seed20240909,3.0993
harsh,,nan,nat_123689542,66da1a437c030ee508a122dfbb77ffe19b8ce3dc19627ba6cec5453eedf332b2,ce437da4856845a9,,4db36dd4395dc727,B3,16,16,7fe30b1136,0,natural:123689542,ok,harsh|nat_123689542|harsh|rep0|seed20240909,3.3444
harsh,,nan,nat_123689542,66da1a437c030ee508a122dfbb77ffe19b8ce3dc19627ba6cec5453eedf332b2,ce437da4856845a9,,5e9bab0afc3fd935,B3,16,16,7fe30b1136,2,natural:123689542,ok,harsh|nat_123689542|harsh|rep2|seed20240909,3.2219
harsh,,nan,nat_123689542,66da1a437c030ee508a122dfbb77ffe19b8ce3dc19627ba6cec5453eedf332b2,ce437da4856845a9,,ea4d30d6625f3d85,B3,16,16,7fe30b1136,3,natural:123689542,ok,harsh|nat_123689542|harsh|rep3|seed20240909,3.215
moderate,,nan,nat_123689542,66da1a437c030ee508a122dfbb77ffe19b8ce3dc19627ba6cec5453eedf332b2,ce437da4856845a9,,4f30a5907f822320,B3,16,16,7fe30b1136,2,natural:123689542,ok,moderate|nat_123689542|moderate|rep2|seed20240909,6.3492
moderate,,nan,nat_123689542,66da1a437c030ee508a122dfbb77ffe19b8ce3dc19627ba6cec5453eedf332b2,ce437da4856845a9,,72bb3f8f1cabfd1a,B3,16,16,7fe30b1136,3,natural:123689542,ok,moderate|nat_123689542|moderate|rep3|seed20240909,6.5214
moderate,,nan,nat_123689542,66da1a437c030ee508a122dfbb77ffe19b8ce3dc19627ba6cec5453eedf332b2,ce437da4856845a9,,8dd1b440084194a9,B3,16,16,7fe30b1136,4,natural:123689542,ok,moderate|nat_123689542|moderate|rep4|seed20240909,6.4484
bursty,,nan,nat_123689542,66da1a437c030ee508a122dfbb77ffe19b8ce3dc19627ba6cec5453eedf332b2,ce437da4856845a9,,ac4d182a1c5ec5b8,B3,16,16,7fe30b1136,1,natural:123689542,ok,bursty|nat_123689542|bursty|rep1|seed20240909,6.5455
bursty,,nan,nat_123689542,66da1a437c030ee508a122dfbb77ffe19b8ce3dc19627ba6cec5453eedf332b2,ce437da4856845a9,,b124d993d1921619,B3,16,16,7fe30b1136,0,natural:123689542,ok,bursty|nat_123689542|bursty|rep0|seed20240909,7.0146
bursty,,nan,nat_123689542,66da1a437c030ee508a122dfbb77ffe19b8ce3dc19627ba6cec5453eedf332b2,ce437da4856845a9,,397cf1fecdcd1f80,B3,16,16,7fe30b1136,2,natural:123689542,ok,bursty|nat_123689542|bursty|rep2|seed20240909,6.8424
bursty,,nan,nat_123689542,66da1a437c030ee508a122dfbb77ffe19b8ce3dc19627ba6cec5453eedf332b2,ce437da4856845a9,,9138063f46fb9ec0,B3,16,16,7fe30b1136,3,natural:123689542,ok,bursty|nat_123689542|bursty|rep3|seed20240909,6.9388
clean,,nan,nat_123689542,66da1a437c030ee508a122dfbb77ffe19b8ce3dc19627ba6cec5453eedf332b2,ce437da4856845a9,,136a0cb58d305986,B4,16,16,7fe30b1136,0,natural:123689542,ok,clean|nat_123689542|clean|rep0|seed20240909,6.143
bursty,,nan,nat_123689542,66da1a437c030ee508a122dfbb77ffe19b8ce3dc19627ba6cec5453eedf332b2,ce437da4856845a9,,e2cc99ed1b0d88e8,B3,16,16,7fe30b1136,4,natural:123689542,ok,bursty|nat_123689542|bursty|rep4|seed20240909,7.0933
clean,,nan,nat_123689542,66da1a437c030ee508a122dfbb77ffe19b8ce3dc19627ba6cec5453eedf332b2,ce437da4856845a9,,ec1b9f36ca8cb532,B4,16,16,7fe30b1136,1,natural:123689542,ok,clean|nat_123689542|clean|rep1|seed20240909,6.2576
clean,,nan,nat_123689542,66da1a437c030ee508a122dfbb77ffe19b8ce3dc19627ba6cec5453eedf332b2,ce437da4856845a9,,d7f9a1c27f30b007,B4,16,16,7fe30b1136,2,natural:123689542,ok,clean|nat_123689542|clean|rep2|seed20240909,6.2107
clean,,nan,nat_123689542,66da1a437c030ee508a122dfbb77ffe19b8ce3dc19627ba6cec5453eedf332b2,ce437da4856845a9,,e938f10c6f84552a,B4,16,16,7fe30b1136,3,natural:123689542,ok,clean|nat_123689542|clean|rep3|seed20240909,6.2113
clean,,nan,nat_123689542,66da1a437c030ee508a122dfbb77ffe19b8ce3dc19627ba6cec5453eedf332b2,ce437da4856845a9,,72e8a087d7bf2307,B4,16,16,7fe30b1136,4,natural:123689542,ok,clean|nat_123689542|clean|rep4|seed20240909,6.2525
mild,,nan,nat_123689542,66da1a437c030ee508a122dfbb77ffe19b8ce3dc19627ba6cec5453eedf332b2,ce437da4856845a9,,f28ac22138974239,B4,16,16,7fe30b1136,0,natural:123689542,ok,mild|nat_123689542|mild|rep0|seed20240909,6.3741
mild,,nan,nat_123689542,66da1a437c030ee508a122dfbb77ffe19b8ce3dc19627ba6cec5453eedf332b2,ce437da4856845a9,,f02409255c0c6daf,B4,16,16,7fe30b1136,1,natural:123689542,ok,mild|nat_123689542|mild|rep1|seed20240909,6.4204
mild,,nan,nat_123689542,66da1a437c030ee508a122dfbb77ffe19b8ce3dc19627ba6cec5453eedf332b2,ce437da4856845a9,,817d339c8d479338,B4,16,16,7fe30b1136,2,natural:123689542,ok,mild|nat_123689542|mild|rep2|seed20240909,6.6752
mild,,nan,nat_123689542,66da1a437c030ee508a122dfbb77ffe19b8ce3dc19627ba6cec5453eedf332b2,ce437da4856845a9,,f241660e565cffa7,B4,16,16,7fe30b1136,3,natural:123689542,ok,mild|nat_123689542|mild|rep3|seed20240909,6.2347
mild,,nan,nat_123689542,66da1a437c030ee508a122dfbb77ffe19b8ce3dc19627ba6cec5453eedf332b2,ce437da4856845a9,,bcff076a3803e8d3,B4,16,16,7fe30b1136,4,natural:123689542,ok,mild|nat_123689542|mild|rep4|seed20240909,6.2858
harsh,,nan,nat_123689542,66da1a437c030ee508a122dfbb77ffe19b8ce3dc19627ba6cec5453eedf332b2,ce437da4856845a9,,71d8be020b370965,B4,16,16,7fe30b1136,0,natural:123689542,ok,harsh|nat_123689542|harsh|rep0|seed20240909,3.8881
harsh,,nan,nat_123689542,66da1a437c030ee508a122dfbb77ffe19b8ce3dc19627ba6cec5453eedf332b2,ce437da4856845a9,,59f21d62dedc47f6,B4,16,16,7fe30b1136,2,natural:123689542,ok,harsh|nat_123689542|harsh|rep2|seed20240909,3.8489
harsh,,nan,nat_123689542,66da1a437c030ee508a122dfbb77ffe19b8ce3dc19627ba6cec5453eedf332b2,ce437da4856845a9,,64431a902a9d361e,B4,16,16,7fe30b1136,1,natural:123689542,ok,harsh|nat_123689542|harsh|rep1|seed20240909,3.9755
harsh,,nan,nat_123689542,66da1a437c030ee508a122dfbb77ffe19b8ce3dc19627ba6cec5453eedf332b2,ce437da4856845a9,,44920ef11a4d07c2,B4,16,16,7fe30b1136,3,natural:123689542,ok,harsh|nat_123689542|harsh|rep3|seed20240909,3.9683
harsh,,nan,nat_123689542,66da1a437c030ee508a122dfbb77ffe19b8ce3dc19627ba6cec5453eedf332b2,ce437da4856845a9,,4c16d171a84bdf9d,B4,16,16,7fe30b1136,4,natural:123689542,ok,harsh|nat_123689542|harsh|rep4|seed20240909,3.7346
moderate,,nan,nat_123689542,66da1a437c030ee508a122dfbb77ffe19b8ce3dc19627ba6cec5453eedf332b2,ce437da4856845a9,,0c43ad55bb29e6be,B4,16,16,7fe30b1136,0,natural:123689542,ok,moderate|nat_123689542|moderate|rep0|seed20240909,9.9158
clean,,nan,nat_123689542,66da1a437c030ee508a122dfbb77ffe19b8ce3dc19627ba6cec5453eedf332b2,ce437da4856845a9,,6d38f116ab65ae60,B4t,16,16,7e31e8b9ec,0,natural:123689542,ok,clean|nat_123689542|clean|rep0|seed20240909,5.4342
moderate,,nan,nat_123689542,66da1a437c030ee508a122dfbb77ffe19b8ce3dc19627ba6cec5453eedf332b2,ce437da4856845a9,,91a1e5b836e34a6e,B4,16,16,7fe30b1136,4,natural:123689542,ok,moderate|nat_123689542|moderate|rep4|seed20240909,10.296
moderate,,nan,nat_123689542,66da1a437c030ee508a122dfbb77ffe19b8ce3dc19627ba6cec5453eedf332b2,ce437da4856845a9,,5415d55640659032,B4,16,16,7fe30b1136,1,natural:123689542,ok,moderate|nat_123689542|moderate|rep1|seed20240909,10.8063
moderate,,nan,nat_123689542,66da1a437c030ee508a122dfbb77ffe19b8ce3dc19627ba6cec5453eedf332b2,ce437da4856845a9,,cb88cb8573b7208f,B4,16,16,7fe30b1136,2,natural:123689542,ok,moderate|nat_123689542|moderate|rep2|seed20240909,10.8498
bursty,,nan,nat_123689542,66da1a437c030ee508a122dfbb77ffe19b8ce3dc19627ba6cec5453eedf332b2,ce437da4856845a9,,3fcb3af85e91aa4b,B4,16,16,7fe30b1136,1,natural:123689542,ok,bursty|nat_123689542|bursty|rep1|seed20240909,10.2953
moderate,,nan,nat_123689542,66da1a437c030ee508a122dfbb77ffe19b8ce3dc19627ba6cec5453eedf332b2,ce437da4856845a9,,67e9613607f6f47a,B4,16,16,7fe30b1136,3,natural:123689542,ok,moderate|nat_123689542|moderate|rep3|seed20240909,10.7543
bursty,,nan,nat_123689542,66da1a437c030ee508a122dfbb77ffe19b8ce3dc19627ba6cec5453eedf332b2,ce437da4856845a9,,63b5621bf3fb8b9a,B4,16,16,7fe30b1136,0,natural:123689542,ok,bursty|nat_123689542|bursty|rep0|seed20240909,11.0672
clean,,nan,nat_123689542,66da1a437c030ee508a122dfbb77ffe19b8ce3dc19627ba6cec5453eedf332b2,ce437da4856845a9,,1c182ff9d78041d0,B4t,16,16,7e31e8b9ec,1,natural:123689542,ok,clean|nat_123689542|clean|rep1|seed20240909,5.4473
bursty,,nan,nat_123689542,66da1a437c030ee508a122dfbb77ffe19b8ce3dc19627ba6cec5453eedf332b2,ce437da4856845a9,,aa1ea4ece6a529cb,B4,16,16,7fe30b1136,2,natural:123689542,ok,bursty|nat_123689542|bursty|rep2|seed20240909,10.9909
bursty,,nan,nat_123689542,66da1a437c030ee508a122dfbb77ffe19b8ce3dc19627ba6cec5453eedf332b2,ce437da4856845a9,,adbda4b724897a03,B4,16,16,7fe30b1136,3,natural:123689542,ok,bursty|nat_123689542|bursty|rep3|seed20240909,10.5238
clean,,nan,nat_123689542,66da1a437c030ee508a122dfbb77ffe19b8ce3dc19627ba6cec5453eedf332b2,ce437da4856845a9,,2af69143bd717aa2,B4t,16,16,7e31e8b9ec,2,natural:123689542,ok,clean|nat_123689542|clean|rep2|seed20240909,5.598
clean,,nan,nat_123689542,66da1a437c030ee508a122dfbb77ffe19b8ce3dc19627ba6cec5453eedf332b2,ce437da4856845a9,,34d9721b5bd0094d,B4t,16,16,7e31e8b9ec,3,natural:123689542,ok,clean|nat_123689542|clean|rep3|seed20240909,5.5611
clean,,nan,nat_123689542,66da1a437c030ee508a122dfbb77ffe19b8ce3dc19627ba6cec5453eedf332b2,ce437da4856845a9,,69a2d8bb85b42b33,B4t,16,16,7e31e8b9ec,4,natural:123689542,ok,clean|nat_123689542|clean|rep4|seed20240909,5.5448
bursty,,nan,nat_123689542,66da1a437c030ee508a122dfbb77ffe19b8ce3dc19627ba6cec5453eedf332b2,ce437da4856845a9,,b0307aaa86442ef4,B4,16,16,7fe30b1136,4,natural:123689542,ok,bursty|nat_123689542|bursty|rep4|seed20240909,10.9634
mild,,nan,nat_123689542,66da1a437c030ee508a122dfbb77ffe19b8ce3dc19627ba6cec5453eedf332b2,ce437da4856845a9,,f5988562d071377d,B4t,16,16,7e31e8b9ec,0,natural:123689542,ok,mild|nat_123689542|mild|rep0|seed20240909,5.8971
mild,,nan,nat_123689542,66da1a437c030ee508a122dfbb77ffe19b8ce3dc19627ba6cec5453eedf332b2,ce437da4856845a9,,c9cf20d2f807c7f8,B4t,16,16,7e31e8b9ec,1,natural:123689542,ok,mild|nat_123689542|mild|rep1|seed20240909,5.8619
mild,,nan,nat_123689542,66da1a437c030ee508a122dfbb77ffe19b8ce3dc19627ba6cec5453eedf332b2,ce437da4856845a9,,9c4705c586ca869c,B4t,16,16,7e31e8b9ec,2,natural:123689542,ok,mild|nat_123689542|mild|rep2|seed20240909,5.6549
mild,,nan,nat_123689542,66da1a437c030ee508a122dfbb77ffe19b8ce3dc19627ba6cec5453eedf332b2,ce437da4856845a9,,e4bd4f932400fc3e,B4t,16,16,7e31e8b9ec,3,natural:123689542,ok,mild|nat_123689542|mild|rep3|seed20240909,5.7929
mild,,nan,nat_123689542,66da1a437c030ee508a122dfbb77ffe19b8ce3dc19627ba6cec5453eedf332b2,ce437da4856845a9,,e9137b6acf805c18,B4t,16,16,7e31e8b9ec,4,natural:123689542,ok,mild|nat_123689542|mild|rep4|seed20240909,5.8725
harsh,,nan,nat_123689542,66da1a437c030ee508a122dfbb77ffe19b8ce3dc19627ba6cec5453eedf332b2,ce437da4856845a9,,bbe6ceffdb3203e9,B4t,16,16,7e31e8b9ec,0,natural:123689542,ok,harsh|nat_123689542|harsh|rep0|seed20240909,3.2129
harsh,,nan,nat_123689542,66da1a437c030ee508a122dfbb77ffe19b8ce3dc19627ba6cec5453eedf332b2,ce437da4856845a9,,1af918d4319af44a,B4t,16,16,7e31e8b9ec,1,natural:123689542,ok,harsh|nat_123689542|harsh|rep1|seed20240909,3.3085
harsh,,nan,nat_123689542,66da1a437c030ee508a122dfbb77ffe19b8ce3dc19627ba6cec5453eedf332b2,ce437da4856845a9,,4af7f47d46617bc6,B4t,16,16,7e31e8b9ec,2,natural:123689542,ok,harsh|nat_123689542|harsh|rep2|seed20240909,3.1406
harsh,,nan,nat_123689542,66da1a437c030ee508a122dfbb77ffe19b8ce3dc19627ba6cec5453eedf332b2,ce437da4856845a9,,76e7fcf9db6aa723,B4t,16,16,7e31e8b9ec,3,natural:123689542,ok,harsh|nat_123689542|harsh|rep3|seed20240909,3.2025
harsh,,nan,nat_123689542,66da1a437c030ee508a122dfbb77ffe19b8ce3dc19627ba6cec5453eedf332b2,ce437da4856845a9,,4ad93dfaff4e5258,B4t,16,16,7e31e8b9ec,4,natural:123689542,ok,harsh|nat_123689542|harsh|rep4|seed20240909,3.2369
moderate,,nan,nat_123689542,66da1a437c030ee508a122dfbb77ffe19b8ce3dc19627ba6cec5453eedf332b2,ce437da4856845a9,,00e13e99eb17a824,B4t,16,16,7e31e8b9ec,0,natural:123689542,ok,moderate|nat_123689542|moderate|rep0|seed20240909,10.4733
moderate,,nan,nat_123689542,66da1a437c030ee508a122dfbb77ffe19b8ce3dc19627ba6cec5453eedf332b2,ce437da4856845a9,,5f510858b3c608ff,B4t,16,16,7e31e8b9ec,1,natural:123689542,ok,moderate|nat_123689542|moderate|rep1|seed20240909,10.4593
moderate,,nan,nat_123689542,66da1a437c030ee508a122dfbb77ffe19b8ce3dc19627ba6cec5453eedf332b2,ce437da4856845a9,,c929d1ecab7412f7,B4t,16,16,7e31e8b9ec,3,natural:123689542,ok,moderate|nat_123689542|moderate|rep3|seed20240909,10.0685
moderate,,nan,nat_123689542,66da1a437c030ee508a122dfbb77ffe19b8ce3dc19627ba6cec5453eedf332b2,ce437da4856845a9,,8bc85503fe9d5aaa,B4t,16,16,7e31e8b9ec,2,natural:123689542,ok,moderate|nat_123689542|moderate|rep2|seed20240909,10.6928
moderate,,nan,nat_123689542,66da1a437c030ee508a122dfbb77ffe19b8ce3dc19627ba6cec5453eedf332b2,ce437da4856845a9,,b1bc9660fca0dd26,B4t,16,16,7e31e8b9ec,4,natural:123689542,ok,moderate|nat_123689542|moderate|rep4|seed20240909,10.2734
bursty,,nan,nat_123689542,66da1a437c030ee508a122dfbb77ffe19b8ce3dc19627ba6cec5453eedf332b2,ce437da4856845a9,,a122307eced8d761,B4t,16,16,7e31e8b9ec,3,natural:123689542,ok,bursty|nat_123689542|bursty|rep3|seed20240909,10.2691
clean,,nan,nat_123689542,66da1a437c030ee508a122dfbb77ffe19b8ce3dc19627ba6cec5453eedf332b2,ce437da4856845a9,,aaabbef64f68d3ed,P,16,16,f6706417e8,0,natural:123689542,ok,clean|nat_123689542|clean|rep0|seed20240909,7.2052
bursty,,nan,nat_123689542,66da1a437c030ee508a122dfbb77ffe19b8ce3dc19627ba6cec5453eedf332b2,ce437da4856845a9,,d6b5ed4d4bc230bb,B4t,16,16,7e31e8b9ec,4,natural:123689542,ok,bursty|nat_123689542|bursty|rep4|seed20240909,10.5446
bursty,,nan,nat_123689542,66da1a437c030ee508a122dfbb77ffe19b8ce3dc19627ba6cec5453eedf332b2,ce437da4856845a9,,370c88742196d2a2,B4t,16,16,7e31e8b9ec,1,natural:123689542,ok,bursty|nat_123689542|bursty|rep1|seed20240909,11.0194
bursty,,nan,nat_123689542,66da1a437c030ee508a122dfbb77ffe19b8ce3dc19627ba6cec5453eedf332b2,ce437da4856845a9,,7a53f9a2100575f0,B4t,16,16,7e31e8b9ec,0,natural:123689542,ok,bursty|nat_123689542|bursty|rep0|seed20240909,11.1593
bursty,,nan,nat_123689542,66da1a437c030ee508a122dfbb77ffe19b8ce3dc19627ba6cec5453eedf332b2,ce437da4856845a9,,a1bd48b58a928476,B4t,16,16,7e31e8b9ec,2,natural:123689542,ok,bursty|nat_123689542|bursty|rep2|seed20240909,11.0969
clean,,nan,nat_123689542,66da1a437c030ee508a122dfbb77ffe19b8ce3dc19627ba6cec5453eedf332b2,ce437da4856845a9,,d526c071f8d2d5c0,P,16,16,f6706417e8,1,natural:123689542,ok,clean|nat_123689542|clean|rep1|seed20240909,7.0213
clean,,nan,nat_123689542,66da1a437c030ee508a122dfbb77ffe19b8ce3dc19627ba6cec5453eedf332b2,ce437da4856845a9,,70aeeb831fc7ac59,P,16,16,f6706417e8,2,natural:123689542,ok,clean|nat_123689542|clean|rep2|seed20240909,7.0289
clean,,nan,nat_123689542,66da1a437c030ee508a122dfbb77ffe19b8ce3dc19627ba6cec5453eedf332b2,ce437da4856845a9,,35501a5d38215c49,P,16,16,f6706417e8,3,natural:123689542,ok,clean|nat_123689542|clean|rep3|seed20240909,7.1075
clean,,nan,nat_123689542,66da1a437c030ee508a122dfbb77ffe19b8ce3dc19627ba6cec5453eedf332b2,ce437da4856845a9,,4d7f498ccc25ed28,P,16,16,f6706417e8,4,natural:123689542,ok,clean|nat_123689542|clean|rep4|seed20240909,7.0316
mild,,nan,nat_123689542,66da1a437c030ee508a122dfbb77ffe19b8ce3dc19627ba6cec5453eedf332b2,ce437da4856845a9,,9460372990860292,P,16,16,f6706417e8,0,natural:123689542,ok,mild|nat_123689542|mild|rep0|seed20240909,7.4354
mild,,nan,nat_123689542,66da1a437c030ee508a122dfbb77ffe19b8ce3dc19627ba6cec5453eedf332b2,ce437da4856845a9,,4ffa80a9bd4b32e5,P,16,16,f6706417e8,1,natural:123689542,ok,mild|nat_123689542|mild|rep1|seed20240909,7.2889
mild,,nan,nat_123689542,66da1a437c030ee508a122dfbb77ffe19b8ce3dc19627ba6cec5453eedf332b2,ce437da4856845a9,,0d326ef809101225,P,16,16,f6706417e8,2,natural:123689542,ok,mild|nat_123689542|mild|rep2|seed20240909,7.356
mild,,nan,nat_123689542,66da1a437c030ee508a122dfbb77ffe19b8ce3dc19627ba6cec5453eedf332b2,ce437da4856845a9,,2cd4aa8d732b13f7,P,16,16,f6706417e8,3,natural:123689542,ok,mild|nat_123689542|mild|rep3|seed20240909,7.3303
mild,,nan,nat_123689542,66da1a437c030ee508a122dfbb77ffe19b8ce3dc19627ba6cec5453eedf332b2,ce437da4856845a9,,5a34186eafcb8461,P,16,16,f6706417e8,4,natural:123689542,ok,mild|nat_123689542|mild|rep4|seed20240909,7.5776
clean,,nan,nat_132645039,2914946b8ae4c6c34022d96b3d9b34d27ba0a861f20d010657e9e5b66b9f8132,ce437da4856845a9,,13ff7105fb646bce,B0a,16,16,7fe30b1136,0,natural:132645039,ok,clean|nat_132645039|clean|rep0|seed20240909,0.3625
clean,,nan,nat_132645039,2914946b8ae4c6c34022d96b3d9b34d27ba0a861f20d010657e9e5b66b9f8132,ce437da4856845a9,,6acc633b1140a762,B0a,16,16,7fe30b1136,1,natural:132645039,ok,clean|nat_132645039|clean|rep1|seed20240909,0.382
clean,,nan,nat_132645039,2914946b8ae4c6c34022d96b3d9b34d27ba0a861f20d010657e9e5b66b9f8132,ce437da4856845a9,,6aa6ffac9fdf79cc,B0a,16,16,7fe30b1136,2,natural:132645039,ok,clean|nat_132645039|clean|rep2|seed20240909,0.3222
harsh,,nan,nat_123689542,66da1a437c030ee508a122dfbb77ffe19b8ce3dc19627ba6cec5453eedf332b2,ce437da4856845a9,,9ada34cd41bf3231,P,16,16,f6706417e8,0,natural:123689542,ok,harsh|nat_123689542|harsh|rep0|seed20240909,4.1645
clean,,nan,nat_132645039,2914946b8ae4c6c34022d96b3d9b34d27ba0a861f20d010657e9e5b66b9f8132,ce437da4856845a9,,111be22218d73f57,B0a,16,16,7fe30b1136,3,natural:132645039,ok,clean|nat_132645039|clean|rep3|seed20240909,0.3553
clean,,nan,nat_132645039,2914946b8ae4c6c34022d96b3d9b34d27ba0a861f20d010657e9e5b66b9f8132,ce437da4856845a9,,f1adc70350c8309b,B0a,16,16,7fe30b1136,4,natural:132645039,ok,clean|nat_132645039|clean|rep4|seed20240909,0.3998
harsh,,nan,nat_123689542,66da1a437c030ee508a122dfbb77ffe19b8ce3dc19627ba6cec5453eedf332b2,ce437da4856845a9,,1b02ebc40608c36b,P,16,16,f6706417e8,1,natural:123689542,ok,harsh|nat_123689542|harsh|rep1|seed20240909,4.1101
mild,,nan,nat_132645039,2914946b8ae4c6c34022d96b3d9b34d27ba0a861f20d010657e9e5b66b9f8132,ce437da4856845a9,,1e15e7edea750e4f,B0a,16,16,7fe30b1136,0,natural:132645039,ok,mild|nat_132645039|mild|rep0|seed20240909,0.5703
mild,,nan,nat_132645039,2914946b8ae4c6c34022d96b3d9b34d27ba0a861f20d010657e9e5b66b9f8132,ce437da4856845a9,,e32976be9debefd5,B0a,16,16,7fe30b1136,1,natural:132645039,ok,mild|nat_132645039|mild|rep1|seed20240909,0.6155
mild,,nan,nat_132645039,2914946b8ae4c6c34022d96b3d9b34d27ba0a861f20d010657e9e5b66b9f8132,ce437da4856845a9,,5736789e3c54d109,B0a,16,16,7fe30b1136,3,natural:132645039,ok,mild|nat_132645039|mild|rep3|seed20240909,0.5355
mild,,nan,nat_132645039,2914946b8ae4c6c34022d96b3d9b34d27ba0a861f20d010657e9e5b66b9f8132,ce437da4856845a9,,83eae0920b645aae,B0a,16,16,7fe30b1136,2,natural:132645039,ok,mild|nat_132645039|mild|rep2|seed20240909,0.5697
mild,,nan,nat_132645039,2914946b8ae4c6c34022d96b3d9b34d27ba0a861f20d010657e9e5b66b9f8132,ce437da4856845a9,,cbb7447e72aab1d1,B0a,16,16,7fe30b1136,4,natural:132645039,ok,mild|nat_132645039|mild|rep4|seed20240909,0.4946
moderate,,nan,nat_132645039,2914946b8ae4c6c34022d96b3d9b34d27ba0a861f20d010657e9e5b66b9f8132,ce437da4856845a9,,62eb941b57f63b2b,B0a,16,16,7fe30b1136,0,natural:132645039,ok,moderate|nat_132645039|moderate|rep0|seed20240909,0.5508
moderate,,nan,nat_132645039,2914946b8ae4c6c34022d96b3d9b34d27ba0a861f20d010657e9e5b66b9f8132,ce437da4856845a9,,85f49f87482e1e2f,B0a,16,16,7fe30b1136,1,natural:132645039,ok,moderate|nat_132645039|moderate|rep1|seed20240909,0.6095
moderate,,nan,nat_132645039,2914946b8ae4c6c34022d96b3d9b34d27ba0a861f20d010657e9e5b66b9f8132,ce437da4856845a9,,918596dc9f11b2fe,B0a,16,16,7fe30b1136,2,natural:132645039,ok,moderate|nat_132645039|moderate|rep2|seed20240909,0.5087
harsh,,nan,nat_123689542,66da1a437c030ee508a122dfbb77ffe19b8ce3dc19627ba6cec5453eedf332b2,ce437da4856845a9,,da1db508736b64f5,P,16,16,f6706417e8,2,natural:123689542,ok,harsh|nat_123689542|harsh|rep2|seed20240909,4.2231
harsh,,nan,nat_123689542,66da1a437c030ee508a122dfbb77ffe19b8ce3dc19627ba6cec5453eedf332b2,ce437da4856845a9,,4f75ec2ff254c3ac,P,16,16,f6706417e8,3,natural:123689542,ok,harsh|nat_123689542|harsh|rep3|seed20240909,4.1566
moderate,,nan,nat_132645039,2914946b8ae4c6c34022d96b3d9b34d27ba0a861f20d010657e9e5b66b9f8132,ce437da4856845a9,,3548eb6f09c831c0,B0a,16,16,7fe30b1136,3,natural:132645039,ok,moderate|nat_132645039|moderate|rep3|seed20240909,0.5869
moderate,,nan,nat_132645039,2914946b8ae4c6c34022d96b3d9b34d27ba0a861f20d010657e9e5b66b9f8132,ce437da4856845a9,,3954c2bb48c9ee93,B0a,16,16,7fe30b1136,4,natural:132645039,ok,moderate|nat_132645039|moderate|rep4|seed20240909,0.5743
harsh,,nan,nat_123689542,66da1a437c030ee508a122dfbb77ffe19b8ce3dc19627ba6cec5453eedf332b2,ce437da4856845a9,,d31e70b35546c1eb,P,16,16,f6706417e8,4,natural:123689542,ok,harsh|nat_123689542|harsh|rep4|seed20240909,4.2936
bursty,,nan,nat_132645039,2914946b8ae4c6c34022d96b3d9b34d27ba0a861f20d010657e9e5b66b9f8132,ce437da4856845a9,,fb085cb5d7ba2cca,B0a,16,16,7fe30b1136,0,natural:132645039,ok,bursty|nat_132645039|bursty|rep0|seed20240909,0.594
bursty,,nan,nat_132645039,2914946b8ae4c6c34022d96b3d9b34d27ba0a861f20d010657e9e5b66b9f8132,ce437da4856845a9,,5ecd998861750d4f,B0a,16,16,7fe30b1136,2,natural:132645039,ok,bursty|nat_132645039|bursty|rep2|seed20240909,0.5395
bursty,,nan,nat_132645039,2914946b8ae4c6c34022d96b3d9b34d27ba0a861f20d010657e9e5b66b9f8132,ce437da4856845a9,,ecb00ce15914bb88,B0a,16,16,7fe30b1136,1,natural:132645039,ok,bursty|nat_132645039|bursty|rep1|seed20240909,0.6352
bursty,,nan,nat_132645039,2914946b8ae4c6c34022d96b3d9b34d27ba0a861f20d010657e9e5b66b9f8132,ce437da4856845a9,,309ab50c2090e5fd,B0a,16,16,7fe30b1136,3,natural:132645039,ok,bursty|nat_132645039|bursty|rep3|seed20240909,0.6023
bursty,,nan,nat_132645039,2914946b8ae4c6c34022d96b3d9b34d27ba0a861f20d010657e9e5b66b9f8132,ce437da4856845a9,,ba3226fe9963c207,B0a,16,16,7fe30b1136,4,natural:132645039,ok,bursty|nat_132645039|bursty|rep4|seed20240909,0.5687
harsh,,nan,nat_132645039,2914946b8ae4c6c34022d96b3d9b34d27ba0a861f20d010657e9e5b66b9f8132,ce437da4856845a9,,e32f6d39fc55dbcc,B0a,16,16,7fe30b1136,0,natural:132645039,ok,harsh|nat_132645039|harsh|rep0|seed20240909,0.5899
harsh,,nan,nat_132645039,2914946b8ae4c6c34022d96b3d9b34d27ba0a861f20d010657e9e5b66b9f8132,ce437da4856845a9,,420b391c6846a2ec,B0a,16,16,7fe30b1136,1,natural:132645039,ok,harsh|nat_132645039|harsh|rep1|seed20240909,0.6102
harsh,,nan,nat_132645039,2914946b8ae4c6c34022d96b3d9b34d27ba0a861f20d010657e9e5b66b9f8132,ce437da4856845a9,,39e99141d93d9900,B0a,16,16,7fe30b1136,2,natural:132645039,ok,harsh|nat_132645039|harsh|rep2|seed20240909,0.5628
harsh,,nan,nat_132645039,2914946b8ae4c6c34022d96b3d9b34d27ba0a861f20d010657e9e5b66b9f8132,ce437da4856845a9,,37f1c1d1db07ae4e,B0a,16,16,7fe30b1136,3,natural:132645039,ok,harsh|nat_132645039|harsh|rep3|seed20240909,0.5828
harsh,,nan,nat_132645039,2914946b8ae4c6c34022d96b3d9b34d27ba0a861f20d010657e9e5b66b9f8132,ce437da4856845a9,,cd8e278cea7f31b5,B0a,16,16,7fe30b1136,4,natural:132645039,ok,harsh|nat_132645039|harsh|rep4|seed20240909,0.5702
clean,,nan,nat_132645039,2914946b8ae4c6c34022d96b3d9b34d27ba0a861f20d010657e9e5b66b9f8132,ce437da4856845a9,,a199b2cbe6152faf,B0a-R,16,16,7fe30b1136,0,natural:132645039,ok,clean|nat_132645039|clean|rep0|seed20240909,1.1103
clean,,nan,nat_132645039,2914946b8ae4c6c34022d96b3d9b34d27ba0a861f20d010657e9e5b66b9f8132,ce437da4856845a9,,f3ebb73317fb58e4,B0a-R,16,16,7fe30b1136,1,natural:132645039,ok,clean|nat_132645039|clean|rep1|seed20240909,1.0455
clean,,nan,nat_132645039,2914946b8ae4c6c34022d96b3d9b34d27ba0a861f20d010657e9e5b66b9f8132,ce437da4856845a9,,8bc3c2d643973a22,B0a-R,16,16,7fe30b1136,2,natural:132645039,ok,clean|nat_132645039|clean|rep2|seed20240909,1.1763
clean,,nan,nat_132645039,2914946b8ae4c6c34022d96b3d9b34d27ba0a861f20d010657e9e5b66b9f8132,ce437da4856845a9,,2e71f502ce849492,B0a-R,16,16,7fe30b1136,4,natural:132645039,ok,clean|nat_132645039|clean|rep4|seed20240909,1.1084
clean,,nan,nat_132645039,2914946b8ae4c6c34022d96b3d9b34d27ba0a861f20d010657e9e5b66b9f8132,ce437da4856845a9,,dd4cff880de5ab3a,B0a-R,16,16,7fe30b1136,3,natural:132645039,ok,clean|nat_132645039|clean|rep3|seed20240909,1.1781
mild,,nan,nat_132645039,2914946b8ae4c6c34022d96b3d9b34d27ba0a861f20d010657e9e5b66b9f8132,ce437da4856845a9,,f6cc8e36f26e0a67,B0a-R,16,16,7fe30b1136,0,natural:132645039,ok,mild|nat_132645039|mild|rep0|seed20240909,1.6005
mild,,nan,nat_132645039,2914946b8ae4c6c34022d96b3d9b34d27ba0a861f20d010657e9e5b66b9f8132,ce437da4856845a9,,f15b5cc3f8f22eac,B0a-R,16,16,7fe30b1136,1,natural:132645039,ok,mild|nat_132645039|mild|rep1|seed20240909,1.4225
moderate,,nan,nat_123689542,66da1a437c030ee508a122dfbb77ffe19b8ce3dc19627ba6cec5453eedf332b2,ce437da4856845a9,,9b0ad9c2b1673e80,P,16,16,f6706417e8,0,natural:123689542,ok,moderate|nat_123689542|moderate|rep0|seed20240909,13.0729
mild,,nan,nat_132645039,2914946b8ae4c6c34022d96b3d9b34d27ba0a861f20d010657e9e5b66b9f8132,ce437da4856845a9,,c6febc145be58c4c,B0a-R,16,16,7fe30b1136,2,natural:132645039,ok,mild|nat_132645039|mild|rep2|seed20240909,1.5438
mild,,nan,nat_132645039,2914946b8ae4c6c34022d96b3d9b34d27ba0a861f20d010657e9e5b66b9f8132,ce437da4856845a9,,32eeff19ea9151a8,B0a-R,16,16,7fe30b1136,3,natural:132645039,ok,mild|nat_132645039|mild|rep3|seed20240909,1.5826
mild,,nan,nat_132645039,2914946b8ae4c6c34022d96b3d9b34d27ba0a861f20d010657e9e5b66b9f8132,ce437da4856845a9,,299fc3c9470216f3,B0a-R,16,16,7fe30b1136,4,natural:132645039,ok,mild|nat_132645039|mild|rep4|seed20240909,1.6163
moderate,,nan,nat_132645039,2914946b8ae4c6c34022d96b3d9b34d27ba0a861f20d010657e9e5b66b9f8132,ce437da4856845a9,,dd907fba3abb3da3,B0a-R,16,16,7fe30b1136,0,natural:132645039,ok,moderate|nat_132645039|moderate|rep0|seed20240909,1.693
moderate,,nan,nat_123689542,66da1a437c030ee508a122dfbb77ffe19b8ce3dc19627ba6cec5453eedf332b2,ce437da4856845a9,,22454f76408539b9,P,16,16,f6706417e8,1,natural:123689542,ok,moderate|nat_123689542|moderate|rep1|seed20240909,13.8141
bursty,,nan,nat_123689542,66da1a437c030ee508a122dfbb77ffe19b8ce3dc19627ba6cec5453eedf332b2,ce437da4856845a9,,cdaad2546866a28f,P,16,16,f6706417e8,3,natural:123689542,ok,bursty|nat_123689542|bursty|rep3|seed20240909,12.5586
moderate,,nan,nat_123689542,66da1a437c030ee508a122dfbb77ffe19b8ce3dc19627ba6cec5453eedf332b2,ce437da4856845a9,,81a52fcee092aaac,P,16,16,f6706417e8,3,natural:123689542,ok,moderate|nat_123689542|moderate|rep3|seed20240909,13.3054
moderate,,nan,nat_132645039,2914946b8ae4c6c34022d96b3d9b34d27ba0a861f20d010657e9e5b66b9f8132,ce437da4856845a9,,559739d2f5ba90b9,B0a-R,16,16,7fe30b1136,1,natural:132645039,ok,moderate|nat_132645039|moderate|rep1|seed20240909,1.6508
bursty,,nan,nat_123689542,66da1a437c030ee508a122dfbb77ffe19b8ce3dc19627ba6cec5453eedf332b2,ce437da4856845a9,,bcf985bdbcd026ec,P,16,16,f6706417e8,1,natural:123689542,ok,bursty|nat_123689542|bursty|rep1|seed20240909,13.167
moderate,,nan,nat_123689542,66da1a437c030ee508a122dfbb77ffe19b8ce3dc19627ba6cec5453eedf332b2,ce437da4856845a9,,33f8f896ee91e1fb,P,16,16,f6706417e8,2,natural:123689542,ok,moderate|nat_123689542|moderate|rep2|seed20240909,13.5986
moderate,,nan,nat_123689542,66da1a437c030ee508a122dfbb77ffe19b8ce3dc19627ba6cec5453eedf332b2,ce437da4856845a9,,ab70b3e490f2ebb3,P,16,16,f6706417e8,4,natural:123689542,ok,moderate|nat_123689542|moderate|rep4|seed20240909,13.4323
bursty,,nan,nat_123689542,66da1a437c030ee508a122dfbb77ffe19b8ce3dc19627ba6cec5453eedf332b2,ce437da4856845a9,,605d17312df772a7,P,16,16,f6706417e8,0,natural:123689542,ok,bursty|nat_123689542|bursty|rep0|seed20240909,13.7075
moderate,,nan,nat_132645039,2914946b8ae4c6c34022d96b3d9b34d27ba0a861f20d010657e9e5b66b9f8132,ce437da4856845a9,,01ef775f06327189,B0a-R,16,16,7fe30b1136,3,natural:132645039,ok,moderate|nat_132645039|moderate|rep3|seed20240909,1.6167
moderate,,nan,nat_132645039,2914946b8ae4c6c34022d96b3d9b34d27ba0a861f20d010657e9e5b66b9f8132,ce437da4856845a9,,3cead082c6cdf8d6,B0a-R,16,16,7fe30b1136,2,natural:132645039,ok,moderate|nat_132645039|moderate|rep2|seed20240909,1.8359
moderate,,nan,nat_132645039,2914946b8ae4c6c34022d96b3d9b34d27ba0a861f20d010657e9e5b66b9f8132,ce437da4856845a9,,061690cfe80f3818,B0a-R,16,16,7fe30b1136,4,natural:132645039,ok,moderate|nat_132645039|moderate|rep4|seed20240909,1.7475
bursty,,nan,nat_132645039,2914946b8ae4c6c34022d96b3d9b34d27ba0a861f20d010657e9e5b66b9f8132,ce437da4856845a9,,621ecc0b9cebd109,B0a-R,16,16,7fe30b1136,0,natural:132645039,ok,bursty|nat_132645039|bursty|rep0|seed20240909,1.7622
bursty,,nan,nat_132645039,2914946b8ae4c6c34022d96b3d9b34d27ba0a861f20d010657e9e5b66b9f8132,ce437da4856845a9,,02b38e8775c47624,B0a-R,16,16,7fe30b1136,1,natural:132645039,ok,bursty|nat_132645039|bursty|rep1|seed20240909,1.7296
bursty,,nan,nat_123689542,66da1a437c030ee508a122dfbb77ffe19b8ce3dc19627ba6cec5453eedf332b2,ce437da4856845a9,,9d51e84c0bfd7fdc,P,16,16,f6706417e8,4,natural:123689542,ok,bursty|nat_123689542|bursty|rep4|seed20240909,13.4604
bursty,,nan,nat_132645039,2914946b8ae4c6c34022d96b3d9b34d27ba0a861f20d010657e9e5b66b9f8132,ce437da4856845a9,,a0f47df148e0fed0,B0a-R,16,16,7fe30b1136,2,natural:132645039,ok,bursty|nat_132645039|bursty|rep2|seed20240909,1.728
bursty,,nan,nat_132645039,2914946b8ae4c6c34022d96b3d9b34d27ba0a861f20d010657e9e5b66b9f8132,ce437da4856845a9,,4e23da806fb9fa78,B0a-R,16,16,7fe30b1136,4,natural:132645039,ok,bursty|nat_132645039|bursty|rep4|seed20240909,1.4868
bursty,,nan,nat_123689542,66da1a437c030ee508a122dfbb77ffe19b8ce3dc19627ba6cec5453eedf332b2,ce437da4856845a9,,518e779aa5cf5537,P,16,16,f6706417e8,2,natural:123689542,ok,bursty|nat_123689542|bursty|rep2|seed20240909,14.3816
bursty,,nan,nat_132645039,2914946b8ae4c6c34022d96b3d9b34d27ba0a861f20d010657e9e5b66b9f8132,ce437da4856845a9,,bdb734ac76972e87,B0a-R,16,16,7fe30b1136,3,natural:132645039,ok,bursty|nat_132645039|bursty|rep3|seed20240909,1.7336
harsh,,nan,nat_132645039,2914946b8ae4c6c34022d96b3d9b34d27ba0a861f20d010657e9e5b66b9f8132,ce437da4856845a9,,acde9e832a1f51ae,B0a-R,16,16,7fe30b1136,0,natural:132645039,ok,harsh|nat_132645039|harsh|rep0|seed20240909,1.7551
harsh,,nan,nat_132645039,2914946b8ae4c6c34022d96b3d9b34d27ba0a861f20d010657e9e5b66b9f8132,ce437da4856845a9,,03637fc2d55ed84e,B0a-R,16,16,7fe30b1136,2,natural:132645039,ok,harsh|nat_132645039|harsh|rep2|seed20240909,1.7783
harsh,,nan,nat_132645039,2914946b8ae4c6c34022d96b3d9b34d27ba0a861f20d010657e9e5b66b9f8132,ce437da4856845a9,,aef05eb46e8c00e9,B0a-R,16,16,7fe30b1136,1,natural:132645039,ok,harsh|nat_132645039|harsh|rep1|seed20240909,1.8409
harsh,,nan,nat_132645039,2914946b8ae4c6c34022d96b3d9b34d27ba0a861f20d010657e9e5b66b9f8132,ce437da4856845a9,,f7287dcf3841d42c,B0a-R,16,16,7fe30b1136,4,natural:132645039,ok,harsh|nat_132645039|harsh|rep4|seed20240909,1.7691
harsh,,nan,nat_132645039,2914946b8ae4c6c34022d96b3d9b34d27ba0a861f20d010657e9e5b66b9f8132,ce437da4856845a9,,a6fedd1ca7b5d794,B0a-R,16,16,7fe30b1136,3,natural:132645039,ok,harsh|nat_132645039|harsh|rep3|seed20240909,1.8491
clean,,nan,nat_132645039,2914946b8ae4c6c34022d96b3d9b34d27ba0a861f20d010657e9e5b66b9f8132,ce437da4856845a9,,a318e0e7cf6f66ab,B0d,16,16,7fe30b1136,1,natural:132645039,ok,clean|nat_132645039|clean|rep1|seed20240909,5.3855
clean,,nan,nat_132645039,2914946b8ae4c6c34022d96b3d9b34d27ba0a861f20d010657e9e5b66b9f8132,ce437da4856845a9,,8026b3d2258e62ff,B0d,16,16,7fe30b1136,2,natural:132645039,ok,clean|nat_132645039|clean|rep2|seed20240909,5.4005
clean,,nan,nat_132645039,2914946b8ae4c6c34022d96b3d9b34d27ba0a861f20d010657e9e5b66b9f8132,ce437da4856845a9,,0a77cf4db5a4829a,B0d,16,16,7fe30b1136,0,natural:132645039,ok,clean|nat_132645039|clean|rep0|seed20240909,5.6206
clean,,nan,nat_132645039,2914946b8ae4c6c34022d96b3d9b34d27ba0a861f20d010657e9e5b66b9f8132,ce437da4856845a9,,b1f045fa80f07cfd,B0d,16,16,7fe30b1136,3,natural:132645039,ok,clean|nat_132645039|clean|rep3|seed20240909,5.5332
clean,,nan,nat_132645039,2914946b8ae4c6c34022d96b3d9b34d27ba0a861f20d010657e9e5b66b9f8132,ce437da4856845a9,,fe4a5c1a5e9d8ecd,B0d,16,16,7fe30b1136,4,natural:132645039,ok,clean|nat_132645039|clean|rep4|seed20240909,5.3484
mild,,nan,nat_132645039,2914946b8ae4c6c34022d96b3d9b34d27ba0a861f20d010657e9e5b66b9f8132,ce437da4856845a9,,b5120f9ae76691d7,B0d,16,16,7fe30b1136,1,natural:132645039,ok,mild|nat_132645039|mild|rep1|seed20240909,5.6957
mild,,nan,nat_132645039,2914946b8ae4c6c34022d96b3d9b34d27ba0a861f20d010657e9e5b66b9f8132,ce437da4856845a9,,29202ee337555aa4,B0d,16,16,7fe30b1136,3,natural:132645039,ok,mild|nat_132645039|mild|rep3|seed20240909,5.486
mild,,nan,nat_132645039,2914946b8ae4c6c34022d96b3d9b34d27ba0a861f20d010657e9e5b66b9f8132,ce437da4856845a9,,134282159f9ce6c0,B0d,16,16,7fe30b1136,2,natural:132645039,ok,mild|nat_132645039|mild|rep2|seed20240909,5.7356
mild,,nan,nat_132645039,2914946b8ae4c6c34022d96b3d9b34d27ba0a861f20d010657e9e5b66b9f8132,ce437da4856845a9,,0a2b713618587006,B0d,16,16,7fe30b1136,0,natural:132645039,ok,mild|nat_132645039|mild|rep0|seed20240909,5.9285
mild,,nan,nat_132645039,2914946b8ae4c6c34022d96b3d9b34d27ba0a861f20d010657e9e5b66b9f8132,ce437da4856845a9,,a326f0a499e42012,B0d,16,16,7fe30b1136,4,natural:132645039,ok,mild|nat_132645039|mild|rep4|seed20240909,5.7249
clean,,nan,nat_132645039,2914946b8ae4c6c34022d96b3d9b34d27ba0a861f20d010657e9e5b66b9f8132,ce437da4856845a9,,8f20359e71591966,B1,16,16,7fe30b1136,0,natural:132645039,ok,clean|nat_132645039|clean|rep0|seed20240909,0.3671
clean,,nan,nat_132645039,2914946b8ae4c6c34022d96b3d9b34d27ba0a861f20d010657e9e5b66b9f8132,ce437da4856845a9,,42ad3ed38f26d22c,B1,16,16,7fe30b1136,1,natural:132645039,ok,clean|nat_132645039|clean|rep1|seed20240909,0.3982
clean,,nan,nat_132645039,2914946b8ae4c6c34022d96b3d9b34d27ba0a861f20d010657e9e5b66b9f8132,ce437da4856845a9,,32a8534bf98df4b0,B1,16,16,7fe30b1136,2,natural:132645039,ok,clean|nat_132645039|clean|rep2|seed20240909,0.342
clean,,nan,nat_132645039,2914946b8ae4c6c34022d96b3d9b34d27ba0a861f20d010657e9e5b66b9f8132,ce437da4856845a9,,c2becb42344db596,B1,16,16,7fe30b1136,3,natural:132645039,ok,clean|nat_132645039|clean|rep3|seed20240909,0.4296
clean,,nan,nat_132645039,2914946b8ae4c6c34022d96b3d9b34d27ba0a861f20d010657e9e5b66b9f8132,ce437da4856845a9,,a5238e854a12d634,B1,16,16,7fe30b1136,4,natural:132645039,ok,clean|nat_132645039|clean|rep4|seed20240909,0.3723
mild,,nan,nat_132645039,2914946b8ae4c6c34022d96b3d9b34d27ba0a861f20d010657e9e5b66b9f8132,ce437da4856845a9,,41acbab7f88e041d,B1,16,16,7fe30b1136,0,natural:132645039,ok,mild|nat_132645039|mild|rep0|seed20240909,0.4687
harsh,,nan,nat_132645039,2914946b8ae4c6c34022d96b3d9b34d27ba0a861f20d010657e9e5b66b9f8132,ce437da4856845a9,,0c93aa1b29cbc367,B0d,16,16,7fe30b1136,0,natural:132645039,ok,harsh|nat_132645039|harsh|rep0|seed20240909,3.4624
mild,,nan,nat_132645039,2914946b8ae4c6c34022d96b3d9b34d27ba0a861f20d010657e9e5b66b9f8132,ce437da4856845a9,,5e3b31e2e5f33e64,B1,16,16,7fe30b1136,1,natural:132645039,ok,mild|nat_132645039|mild|rep1|seed20240909,0.5034
mild,,nan,nat_132645039,2914946b8ae4c6c34022d96b3d9b34d27ba0a861f20d010657e9e5b66b9f8132,ce437da4856845a9,,2772f44d24f6cdf6,B1,16,16,7fe30b1136,2,natural:132645039,ok,mild|nat_132645039|mild|rep2|seed20240909,0.562
harsh,,nan,nat_132645039,2914946b8ae4c6c34022d96b3d9b34d27ba0a861f20d010657e9e5b66b9f8132,ce437da4856845a9,,b3fedaa3f14ecb12,B0d,16,16,7fe30b1136,2,natural:132645039,ok,harsh|nat_132645039|harsh|rep2|seed20240909,3.5085
harsh,,nan,nat_132645039,2914946b8ae4c6c34022d96b3d9b34d27ba0a861f20d010657e9e5b66b9f8132,ce437da4856845a9,,d8a61c2ee7f6a425,B0d,16,16,7fe30b1136,1,natural:132645039,ok,harsh|nat_132645039|harsh|rep1|seed20240909,3.7358
moderate,,nan,nat_132645039,2914946b8ae4c6c34022d96b3d9b34d27ba0a861f20d010657e9e5b66b9f8132,ce437da4856845a9,,5addff8f0dadeba8,B0d,16,16,7fe30b1136,0,natural:132645039,ok,moderate|nat_132645039|moderate|rep0|seed20240909,8.9718
harsh,,nan,nat_132645039,2914946b8ae4c6c34022d96b3d9b34d27ba0a861f20d010657e9e5b66b9f8132,ce437da4856845a9,,918c95d5f9dc63ac,B0d,16,16,7fe30b1136,3,natural:132645039,ok,harsh|nat_132645039|harsh|rep3|seed20240909,3.669
mild,,nan,nat_132645039,2914946b8ae4c6c34022d96b3d9b34d27ba0a861f20d010657e9e5b66b9f8132,ce437da4856845a9,,63ae64cbb412e00e,B1,16,16,7fe30b1136,3,natural:132645039,ok,mild|nat_132645039|mild|rep3|seed20240909,0.5136
harsh,,nan,nat_132645039,2914946b8ae4c6c34022d96b3d9b34d27ba0a861f20d010657e9e5b66b9f8132,ce437da4856845a9,,44ca4de1f585a46e,B0d,16,16,7fe30b1136,4,natural:132645039,ok,harsh|nat_132645039|harsh|rep4|seed20240909,3.6173
mild,,nan,nat_132645039,2914946b8ae4c6c34022d96b3d9b34d27ba0a861f20d010657e9e5b66b9f8132,ce437da4856845a9,,aaa3a708d7f6f9c1,B1,16,16,7fe30b1136,4,natural:132645039,ok,mild|nat_132645039|mild|rep4|seed20240909,0.5531
moderate,,nan,nat_132645039,2914946b8ae4c6c34022d96b3d9b34d27ba0a861f20d010657e9e5b66b9f8132,ce437da4856845a9,,b5a2c0425fa9922f,B1,16,16,7fe30b1136,0,natural:132645039,ok,moderate|nat_132645039|moderate|rep0|seed20240909,0.5437
moderate,,nan,nat_132645039,2914946b8ae4c6c34022d96b3d9b34d27ba0a861f20d010657e9e5b66b9f8132,ce437da4856845a9,,2a68e2f222afb834,B0d,16,16,7fe30b1136,4,natural:132645039,ok,moderate|nat_132645039|moderate|rep4|seed20240909,9.1904
bursty,,nan,nat_132645039,2914946b8ae4c6c34022d96b3d9b34d27ba0a861f20d010657e9e5b66b9f8132,ce437da4856845a9,,13e0343413e27eb6,B0d,16,16,7fe30b1136,0,natural:132645039,ok,bursty|nat_132645039|bursty|rep0|seed20240909,9.1992
moderate,,nan,nat_132645039,2914946b8ae4c6c34022d96b3d9b34d27ba0a861f20d010657e9e5b66b9f8132,ce437da4856845a9,,a24545eda992c661,B1,16,16,7fe30b1136,1,natural:132645039,ok,moderate|nat_132645039|moderate|rep1|seed20240909,0.5851
moderate,,nan,nat_132645039,2914946b8ae4c6c34022d96b3d9b34d27ba0a861f20d010657e9e5b66b9f8132,ce437da4856845a9,,64f2b18f57603522,B0d,16,16,7fe30b1136,2,natural:132645039,ok,moderate|nat_132645039|moderate|rep2|seed20240909,9.357
moderate,,nan,nat_132645039,2914946b8ae4c6c34022d96b3d9b34d27ba0a861f20d010657e9e5b66b9f8132,ce437da4856845a9,,dd95d9ad8315014f,B1,16,16,7fe30b1136,2,natural:132645039,ok,moderate|nat_132645039|moderate|rep2|seed20240909,0.5879
moderate,,nan,nat_132645039,2914946b8ae4c6c34022d96b3d9b34d27ba0a861f20d010657e9e5b66b9f8132,ce437da4856845a9,,144716cf2c36fafb,B1,16,16,7fe30b1136,3,natural:132645039,ok,moderate|nat_132645039|moderate|rep3|seed20240909,0.612
moderate,,nan,nat_132645039,2914946b8ae4c6c34022d96b3d9b34d27ba0a861f20d010657e9e5b66b9f8132,ce437da4856845a9,,20e2d0393fcdd0ee,B1,16,16,7fe30b1136,4,natural:132645039,ok,moderate|nat_132645039|moderate|rep4|seed20240909,0.6088
bursty,,nan,nat_132645039,2914946b8ae4c6c34022d96b3d9b34d27ba0a861f20d010657e9e5b66b9f8132,ce437da4856845a9,,40672e838773ed2f,B1,16,16,7fe30b1136,0,natural:132645039,ok,bursty|nat_132645039|bursty|rep0|seed20240909,0.6253
moderate,,nan,nat_132645039,2914946b8ae4c6c34022d96b3d9b34d27ba0a861f20d010657e9e5b66b9f8132,ce437da4856845a9,,9fc28cd0e4cbd19e,B0d,16,16,7fe30b1136,3,natural:132645039,ok,moderate|nat_132645039|moderate|rep3|seed20240909,9.5495
bursty,,nan,nat_132645039,2914946b8ae4c6c34022d96b3d9b34d27ba0a861f20d010657e9e5b66b9f8132,ce437da4856845a9,,ebb53c2f4305e7a9,B1,16,16,7fe30b1136,1,natural:132645039,ok,bursty|nat_132645039|bursty|rep1|seed20240909,0.5737
bursty,,nan,nat_132645039,2914946b8ae4c6c34022d96b3d9b34d27ba0a861f20d010657e9e5b66b9f8132,ce437da4856845a9,,b97148d45648e39b,B1,16,16,7fe30b1136,2,natural:132645039,ok,bursty|nat_132645039|bursty|rep2|seed20240909,0.5776
bursty,,nan,nat_132645039,2914946b8ae4c6c34022d96b3d9b34d27ba0a861f20d010657e9e5b66b9f8132,ce437da4856845a9,,431ec8218d09cbe6,B1,16,16,7fe30b1136,4,natural:132645039,ok,bursty|nat_132645039|bursty|rep4|seed20240909,0.5587
bursty,,nan,nat_132645039,2914946b8ae4c6c34022d96b3d9b34d27ba0a861f20d010657e9e5b66b9f8132,ce437da4856845a9,,58eafb9418896c69,B1,16,16,7fe30b1136,3,natural:132645039,ok,bursty|nat_132645039|bursty|rep3|seed20240909,0.6392
harsh,,nan,nat_132645039,2914946b8ae4c6c34022d96b3d9b34d27ba0a861f20d010657e9e5b66b9f8132,ce437da4856845a9,,e87679573da90888,B1,16,16,7fe30b1136,0,natural:132645039,ok,harsh|nat_132645039|harsh|rep0|seed20240909,0.5766
clean,,nan,nat_132645039,2914946b8ae4c6c34022d96b3d9b34d27ba0a861f20d010657e9e5b66b9f8132,ce437da4856845a9,,c1f96fee60cc4f13,B2,16,16,7fe30b1136,0,natural:132645039,ok,clean|nat_132645039|clean|rep0|seed20240909,0.4343
harsh,,nan,nat_132645039,2914946b8ae4c6c34022d96b3d9b34d27ba0a861f20d010657e9e5b66b9f8132,ce437da4856845a9,,2aa3b4e693d4ea2e,B1,16,16,7fe30b1136,2,natural:132645039,ok,harsh|nat_132645039|harsh|rep2|seed20240909,0.6124
harsh,,nan,nat_132645039,2914946b8ae4c6c34022d96b3d9b34d27ba0a861f20d010657e9e5b66b9f8132,ce437da4856845a9,,5d8cff0864bbe3b7,B1,16,16,7fe30b1136,1,natural:132645039,ok,harsh|nat_132645039|harsh|rep1|seed20240909,0.6339
moderate,,nan,nat_132645039,2914946b8ae4c6c34022d96b3d9b34d27ba0a861f20d010657e9e5b66b9f8132,ce437da4856845a9,,0cd36aee45f917d1,B0d,16,16,7fe30b1136,1,natural:132645039,ok,moderate|nat_132645039|moderate|rep1|seed20240909,10.0754
clean,,nan,nat_132645039,2914946b8ae4c6c34022d96b3d9b34d27ba0a861f20d010657e9e5b66b9f8132,ce437da4856845a9,,780973a3cbfaee4a,B2,16,16,7fe30b1136,1,natural:132645039,ok,clean|nat_132645039|clean|rep1|seed20240909,0.4467
clean,,nan,nat_132645039,2914946b8ae4c6c34022d96b3d9b34d27ba0a861f20d010657e9e5b66b9f8132,ce437da4856845a9,,705f434bf325758c,B2,16,16,7fe30b1136,3,natural:132645039,ok,clean|nat_132645039|clean|rep3|seed20240909,0.4072
harsh,,nan,nat_132645039,2914946b8ae4c6c34022d96b3d9b34d27ba0a861f20d010657e9e5b66b9f8132,ce437da4856845a9,,150d0b76bb8cb455,B1,16,16,7fe30b1136,3,natural:132645039,ok,harsh|nat_132645039|harsh|rep3|seed20240909,0.6717
harsh,,nan,nat_132645039,2914946b8ae4c6c34022d96b3d9b34d27ba0a861f20d010657e9e5b66b9f8132,ce437da4856845a9,,f4d66d9e141dd2ea,B1,16,16,7fe30b1136,4,natural:132645039,ok,harsh|nat_132645039|harsh|rep4|seed20240909,0.6572
clean,,nan,nat_132645039,2914946b8ae4c6c34022d96b3d9b34d27ba0a861f20d010657e9e5b66b9f8132,ce437da4856845a9,,42169414c9d3ce8b,B2,16,16,7fe30b1136,2,natural:132645039,ok,clean|nat_132645039|clean|rep2|seed20240909,0.4549
clean,,nan,nat_132645039,2914946b8ae4c6c34022d96b3d9b34d27ba0a861f20d010657e9e5b66b9f8132,ce437da4856845a9,,1af9e94fc1c4ae17,B2,16,16,7fe30b1136,4,natural:132645039,ok,clean|nat_132645039|clean|rep4|seed20240909,0.45
mild,,nan,nat_132645039,2914946b8ae4c6c34022d96b3d9b34d27ba0a861f20d010657e9e5b66b9f8132,ce437da4856845a9,,f302af2f6270a906,B2,16,16,7fe30b1136,2,natural:132645039,ok,mild|nat_132645039|mild|rep2|seed20240909,0.6389
mild,,nan,nat_132645039,2914946b8ae4c6c34022d96b3d9b34d27ba0a861f20d010657e9e5b66b9f8132,ce437da4856845a9,,28b48578f2fdb39d,B2,16,16,7fe30b1136,1,natural:132645039,ok,mild|nat_132645039|mild|rep1|seed20240909,0.6593
mild,,nan,nat_132645039,2914946b8ae4c6c34022d96b3d9b34d27ba0a861f20d010657e9e5b66b9f8132,ce437da4856845a9,,a9ddfa5e0f3ff97c,B2,16,16,7fe30b1136,0,natural:132645039,ok,mild|nat_132645039|mild|rep0|seed20240909,0.6741
mild,,nan,nat_132645039,2914946b8ae4c6c34022d96b3d9b34d27ba0a861f20d010657e9e5b66b9f8132,ce437da4856845a9,,f882883cf874c068,B2,16,16,7fe30b1136,3,natural:132645039,ok,mild|nat_132645039|mild|rep3|seed20240909,0.6409
mild,,nan,nat_132645039,2914946b8ae4c6c34022d96b3d9b34d27ba0a861f20d010657e9e5b66b9f8132,ce437da4856845a9,,444c1d681e2c2916,B2,16,16,7fe30b1136,4,natural:132645039,ok,mild|nat_132645039|mild|rep4|seed20240909,0.6452
moderate,,nan,nat_132645039,2914946b8ae4c6c34022d96b3d9b34d27ba0a861f20d010657e9e5b66b9f8132,ce437da4856845a9,,d999a12a300c5e69,B2,16,16,7fe30b1136,1,natural:132645039,ok,moderate|nat_132645039|moderate|rep1|seed20240909,0.6596
moderate,,nan,nat_132645039,2914946b8ae4c6c34022d96b3d9b34d27ba0a861f20d010657e9e5b66b9f8132,ce437da4856845a9,,3fe1a0db4f42416d,B2,16,16,7fe30b1136,0,natural:132645039,ok,moderate|nat_132645039|moderate|rep0|seed20240909,0.7151
moderate,,nan,nat_132645039,2914946b8ae4c6c34022d96b3d9b34d27ba0a861f20d010657e9e5b66b9f8132,ce437da4856845a9,,44b73b49c8711787,B2,16,16,7fe30b1136,3,natural:132645039,ok,moderate|nat_132645039|moderate|rep3|seed20240909,0.6405
bursty,,nan,nat_132645039,2914946b8ae4c6c34022d96b3d9b34d27ba0a861f20d010657e9e5b66b9f8132,ce437da4856845a9,,af030fc612076417,B2,16,16,7fe30b1136,0,natural:132645039,ok,bursty|nat_132645039|bursty|rep0|seed20240909,0.6421
moderate,,nan,nat_132645039,2914946b8ae4c6c34022d96b3d9b34d27ba0a861f20d010657e9e5b66b9f8132,ce437da4856845a9,,153abf808e45ab78,B2,16,16,7fe30b1136,2,natural:132645039,ok,moderate|nat_132645039|moderate|rep2|seed20240909,0.7004
moderate,,nan,nat_132645039,2914946b8ae4c6c34022d96b3d9b34d27ba0a861f20d010657e9e5b66b9f8132,ce437da4856845a9,,63e3affca8f58cca,B2,16,16,7fe30b1136,4,natural:132645039,ok,moderate|nat_132645039|moderate|rep4|seed20240909,0.6676
bursty,,nan,nat_132645039,2914946b8ae4c6c34022d96b3d9b34d27ba0a861f20d010657e9e5b66b9f8132,ce437da4856845a9,,053136df3cc571b0,B2,16,16,7fe30b1136,1,natural:132645039,ok,bursty|nat_132645039|bursty|rep1|seed20240909,0.651
bursty,,nan,nat_132645039,2914946b8ae4c6c34022d96b3d9b34d27ba0a861f20d010657e9e5b66b9f8132,ce437da4856845a9,,fdc4fd10fe1d0043,B2,16,16,7fe30b1136,2,natural:132645039,ok,bursty|nat_132645039|bursty|rep2|seed20240909,0.6445
bursty,,nan,nat_132645039,2914946b8ae4c6c34022d96b3d9b34d27ba0a861f20d010657e9e5b66b9f8132,ce437da4856845a9,,96cc8edd920ee829,B2,16,16,7fe30b1136,3,natural:132645039,ok,bursty|nat_132645039|bursty|rep3|seed20240909,0.6409
bursty,,nan,nat_132645039,2914946b8ae4c6c34022d96b3d9b34d27ba0a861f20d010657e9e5b66b9f8132,ce437da4856845a9,,39ef3b1c560e648b,B2,16,16,7fe30b1136,4,natural:132645039,ok,bursty|nat_132645039|bursty|rep4|seed20240909,0.6665
harsh,,nan,nat_132645039,2914946b8ae4c6c34022d96b3d9b34d27ba0a861f20d010657e9e5b66b9f8132,ce437da4856845a9,,562dd6d5b4638c9d,B2,16,16,7fe30b1136,1,natural:132645039,ok,harsh|nat_132645039|harsh|rep1|seed20240909,0.617
harsh,,nan,nat_132645039,2914946b8ae4c6c34022d96b3d9b34d27ba0a861f20d010657e9e5b66b9f8132,ce437da4856845a9,,d7aabc71c981597c,B2,16,16,7fe30b1136,0,natural:132645039,ok,harsh|nat_132645039|harsh|rep0|seed20240909,0.6435
harsh,,nan,nat_132645039,2914946b8ae4c6c34022d96b3d9b34d27ba0a861f20d010657e9e5b66b9f8132,ce437da4856845a9,,64357cbd29a89c11,B2,16,16,7fe30b1136,2,natural:132645039,ok,harsh|nat_132645039|harsh|rep2|seed20240909,0.6414
harsh,,nan,nat_132645039,2914946b8ae4c6c34022d96b3d9b34d27ba0a861f20d010657e9e5b66b9f8132,ce437da4856845a9,,5fcdd4ce00e34d59,B2,16,16,7fe30b1136,4,natural:132645039,ok,harsh|nat_132645039|harsh|rep4|seed20240909,0.5809
harsh,,nan,nat_132645039,2914946b8ae4c6c34022d96b3d9b34d27ba0a861f20d010657e9e5b66b9f8132,ce437da4856845a9,,a8820b14035ab5f9,B2,16,16,7fe30b1136,3,natural:132645039,ok,harsh|nat_132645039|harsh|rep3|seed20240909,0.6955
bursty,,nan,nat_132645039,2914946b8ae4c6c34022d96b3d9b34d27ba0a861f20d010657e9e5b66b9f8132,ce437da4856845a9,,0af2284a30d889e3,B0d,16,16,7fe30b1136,1,natural:132645039,ok,bursty|nat_132645039|bursty|rep1|seed20240909,9.3965
bursty,,nan,nat_132645039,2914946b8ae4c6c34022d96b3d9b34d27ba0a861f20d010657e9e5b66b9f8132,ce437da4856845a9,,2cfa323280614699,B0d,16,16,7fe30b1136,3,natural:132645039,ok,bursty|nat_132645039|bursty|rep3|seed20240909,9.5683
bursty,,nan,nat_132645039,2914946b8ae4c6c34022d96b3d9b34d27ba0a861f20d010657e9e5b66b9f8132,ce437da4856845a9,,4666523f1cb7d611,B0d,16,16,7fe30b1136,2,natural:132645039,ok,bursty|nat_132645039|bursty|rep2|seed20240909,9.7383
bursty,,nan,nat_132645039,2914946b8ae4c6c34022d96b3d9b34d27ba0a861f20d010657e9e5b66b9f8132,ce437da4856845a9,,d59c0d4c4228355f,B0d,16,16,7fe30b1136,4,natural:132645039,ok,bursty|nat_132645039|bursty|rep4|seed20240909,10.1503
clean,,nan,nat_132645039,2914946b8ae4c6c34022d96b3d9b34d27ba0a861f20d010657e9e5b66b9f8132,ce437da4856845a9,,785653cf67856256,B3,16,16,7fe30b1136,1,natural:132645039,ok,clean|nat_132645039|clean|rep1|seed20240909,4.554
clean,,nan,nat_132645039,2914946b8ae4c6c34022d96b3d9b34d27ba0a861f20d010657e9e5b66b9f8132,ce437da4856845a9,,a413903f0e76e6fd,B3,16,16,7fe30b1136,0,natural:132645039,ok,clean|nat_132645039|clean|rep0|seed20240909,4.5977
clean,,nan,nat_132645039,2914946b8ae4c6c34022d96b3d9b34d27ba0a861f20d010657e9e5b66b9f8132,ce437da4856845a9,,7b02bd84dfb3aa4c,B3,16,16,7fe30b1136,2,natural:132645039,ok,clean|nat_132645039|clean|rep2|seed20240909,4.6295
clean,,nan,nat_132645039,2914946b8ae4c6c34022d96b3d9b34d27ba0a861f20d010657e9e5b66b9f8132,ce437da4856845a9,,a6b83088f35b5154,B3,16,16,7fe30b1136,3,natural:132645039,ok,clean|nat_132645039|clean|rep3|seed20240909,4.6197
clean,,nan,nat_132645039,2914946b8ae4c6c34022d96b3d9b34d27ba0a861f20d010657e9e5b66b9f8132,ce437da4856845a9,,77fe3c586ff930f0,B3,16,16,7fe30b1136,4,natural:132645039,ok,clean|nat_132645039|clean|rep4|seed20240909,4.5048
mild,,nan,nat_132645039,2914946b8ae4c6c34022d96b3d9b34d27ba0a861f20d010657e9e5b66b9f8132,ce437da4856845a9,,150e27e4eeaf0149,B3,16,16,7fe30b1136,1,natural:132645039,ok,mild|nat_132645039|mild|rep1|seed20240909,4.735
mild,,nan,nat_132645039,2914946b8ae4c6c34022d96b3d9b34d27ba0a861f20d010657e9e5b66b9f8132,ce437da4856845a9,,a09f71bb30ecef86,B3,16,16,7fe30b1136,4,natural:132645039,ok,mild|nat_132645039|mild|rep4|seed20240909,4.6522
mild,,nan,nat_132645039,2914946b8ae4c6c34022d96b3d9b34d27ba0a861f20d010657e9e5b66b9f8132,ce437da4856845a9,,54543147ea5a6610,B3,16,16,7fe30b1136,0,natural:132645039,ok,mild|nat_132645039|mild|rep0|seed20240909,4.8113
mild,,nan,nat_132645039,2914946b8ae4c6c34022d96b3d9b34d27ba0a861f20d010657e9e5b66b9f8132,ce437da4856845a9,,0998586fa25b3fac,B3,16,16,7fe30b1136,3,natural:132645039,ok,mild|nat_132645039|mild|rep3|seed20240909,4.7888
mild,,nan,nat_132645039,2914946b8ae4c6c34022d96b3d9b34d27ba0a861f20d010657e9e5b66b9f8132,ce437da4856845a9,,71f7fde272999591,B3,16,16,7fe30b1136,2,natural:132645039,ok,mild|nat_132645039|mild|rep2|seed20240909,5.0339
moderate,,nan,nat_132645039,2914946b8ae4c6c34022d96b3d9b34d27ba0a861f20d010657e9e5b66b9f8132,ce437da4856845a9,,6ae4bdf91c424146,B3,16,16,7fe30b1136,0,natural:132645039,ok,moderate|nat_132645039|moderate|rep0|seed20240909,6.621
moderate,,nan,nat_132645039,2914946b8ae4c6c34022d96b3d9b34d27ba0a861f20d010657e9e5b66b9f8132,ce437da4856845a9,,649bc2d4b3858c8d,B3,16,16,7fe30b1136,1,natural:132645039,ok,moderate|nat_132645039|moderate|rep1|seed20240909,6.753
harsh,,nan,nat_132645039,2914946b8ae4c6c34022d96b3d9b34d27ba0a861f20d010657e9e5b66b9f8132,ce437da4856845a9,,ae385752a9bb3f9b,B3,16,16,7fe30b1136,0,natural:132645039,ok,harsh|nat_132645039|harsh|rep0|seed20240909,3.3004
harsh,,nan,nat_132645039,2914946b8ae4c6c34022d96b3d9b34d27ba0a861f20d010657e9e5b66b9f8132,ce437da4856845a9,,6dd50a197c3cae97,B3,16,16,7fe30b1136,1,natural:132645039,ok,harsh|nat_132645039|harsh|rep1|seed20240909,3.2856
harsh,,nan,nat_132645039,2914946b8ae4c6c34022d96b3d9b34d27ba0a861f20d010657e9e5b66b9f8132,ce437da4856845a9,,091a2d7c6ca2060b,B3,16,16,7fe30b1136,2,natural:132645039,ok,harsh|nat_132645039|harsh|rep2|seed20240909,3.3991
harsh,,nan,nat_132645039,2914946b8ae4c6c34022d96b3d9b34d27ba0a861f20d010657e9e5b66b9f8132,ce437da4856845a9,,dee3ccfd10f85f26,B3,16,16,7fe30b1136,4,natural:132645039,ok,harsh|nat_132645039|harsh|rep4|seed20240909,3.4075
harsh,,nan,nat_132645039,2914946b8ae4c6c34022d96b3d9b34d27ba0a861f20d010657e9e5b66b9f8132,ce437da4856845a9,,a56d45bd861a8a4e,B3,16,16,7fe30b1136,3,natural:132645039,ok,harsh|nat_132645039|harsh|rep3|seed20240909,3.4491
moderate,,nan,nat_132645039,2914946b8ae4c6c34022d96b3d9b34d27ba0a861f20d010657e9e5b66b9f8132,ce437da4856845a9,,e0c1869f4e1bd554,B3,16,16,7fe30b1136,2,natural:132645039,ok,moderate|nat_132645039|moderate|rep2|seed20240909,6.8888
moderate,,nan,nat_132645039,2914946b8ae4c6c34022d96b3d9b34d27ba0a861f20d010657e9e5b66b9f8132,ce437da4856845a9,,890e8decdf23a4a8,B3,16,16,7fe30b1136,3,natural:132645039,ok,moderate|nat_132645039|moderate|rep3|seed20240909,6.9827
moderate,,nan,nat_132645039,2914946b8ae4c6c34022d96b3d9b34d27ba0a861f20d010657e9e5b66b9f8132,ce437da4856845a9,,f35f6186759cdcff,B3,16,16,7fe30b1136,4,natural:132645039,ok,moderate|nat_132645039|moderate|rep4|seed20240909,6.8622
bursty,,nan,nat_132645039,2914946b8ae4c6c34022d96b3d9b34d27ba0a861f20d010657e9e5b66b9f8132,ce437da4856845a9,,30b2d32150e08c63,B3,16,16,7fe30b1136,0,natural:132645039,ok,bursty|nat_132645039|bursty|rep0|seed20240909,6.4722
clean,,nan,nat_132645039,2914946b8ae4c6c34022d96b3d9b34d27ba0a861f20d010657e9e5b66b9f8132,ce437da4856845a9,,2c9d9eb89a846746,B4,16,16,7fe30b1136,0,natural:132645039,ok,clean|nat_132645039|clean|rep0|seed20240909,5.9903
bursty,,nan,nat_132645039,2914946b8ae4c6c34022d96b3d9b34d27ba0a861f20d010657e9e5b66b9f8132,ce437da4856845a9,,d7df93c4c57c1731,B3,16,16,7fe30b1136,2,natural:132645039,ok,bursty|nat_132645039|bursty|rep2|seed20240909,7.1071
bursty,,nan,nat_132645039,2914946b8ae4c6c34022d96b3d9b34d27ba0a861f20d010657e9e5b66b9f8132,ce437da4856845a9,,57856b9866d8f014,B3,16,16,7fe30b1136,1,natural:132645039,ok,bursty|nat_132645039|bursty|rep1|seed20240909,7.1494
bursty,,nan,nat_132645039,2914946b8ae4c6c34022d96b3d9b34d27ba0a861f20d010657e9e5b66b9f8132,ce437da4856845a9,,9cfcaa41d896c7fa,B3,16,16,7fe30b1136,3,natural:132645039,ok,bursty|nat_132645039|bursty|rep3|seed20240909,7.1102
bursty,,nan,nat_132645039,2914946b8ae4c6c34022d96b3d9b34d27ba0a861f20d010657e9e5b66b9f8132,ce437da4856845a9,,eec981596e9c184a,B3,16,16,7fe30b1136,4,natural:132645039,ok,bursty|nat_132645039|bursty|rep4|seed20240909,7.5451
clean,,nan,nat_132645039,2914946b8ae4c6c34022d96b3d9b34d27ba0a861f20d010657e9e5b66b9f8132,ce437da4856845a9,,9b5a5593c1389910,B4,16,16,7fe30b1136,1,natural:132645039,ok,clean|nat_132645039|clean|rep1|seed20240909,5.9364
clean,,nan,nat_132645039,2914946b8ae4c6c34022d96b3d9b34d27ba0a861f20d010657e9e5b66b9f8132,ce437da4856845a9,,30e7b25827240643,B4,16,16,7fe30b1136,2,natural:132645039,ok,clean|nat_132645039|clean|rep2|seed20240909,6.0992
clean,,nan,nat_132645039,2914946b8ae4c6c34022d96b3d9b34d27ba0a861f20d010657e9e5b66b9f8132,ce437da4856845a9,,0bdaeff9480e4a8d,B4,16,16,7fe30b1136,3,natural:132645039,ok,clean|nat_132645039|clean|rep3|seed20240909,5.9115
clean,,nan,nat_132645039,2914946b8ae4c6c34022d96b3d9b34d27ba0a861f20d010657e9e5b66b9f8132,ce437da4856845a9,,9b1350e944e7977b,B4,16,16,7fe30b1136,4,natural:132645039,ok,clean|nat_132645039|clean|rep4|seed20240909,5.9982
mild,,nan,nat_132645039,2914946b8ae4c6c34022d96b3d9b34d27ba0a861f20d010657e9e5b66b9f8132,ce437da4856845a9,,e89249d8feca7a52,B4,16,16,7fe30b1136,0,natural:132645039,ok,mild|nat_132645039|mild|rep0|seed20240909,6.3929
mild,,nan,nat_132645039,2914946b8ae4c6c34022d96b3d9b34d27ba0a861f20d010657e9e5b66b9f8132,ce437da4856845a9,,6cace47d50291cfd,B4,16,16,7fe30b1136,2,natural:132645039,ok,mild|nat_132645039|mild|rep2|seed20240909,6.3954
mild,,nan,nat_132645039,2914946b8ae4c6c34022d96b3d9b34d27ba0a861f20d010657e9e5b66b9f8132,ce437da4856845a9,,354fe08046c27427,B4,16,16,7fe30b1136,1,natural:132645039,ok,mild|nat_132645039|mild|rep1|seed20240909,6.6592
mild,,nan,nat_132645039,2914946b8ae4c6c34022d96b3d9b34d27ba0a861f20d010657e9e5b66b9f8132,ce437da4856845a9,,fd13d498034da210,B4,16,16,7fe30b1136,3,natural:132645039,ok,mild|nat_132645039|mild|rep3|seed20240909,6.4942
mild,,nan,nat_132645039,2914946b8ae4c6c34022d96b3d9b34d27ba0a861f20d010657e9e5b66b9f8132,ce437da4856845a9,,3cb1005a0b8b4349,B4,16,16,7fe30b1136,4,natural:132645039,ok,mild|nat_132645039|mild|rep4|seed20240909,6.313
harsh,,nan,nat_132645039,2914946b8ae4c6c34022d96b3d9b34d27ba0a861f20d010657e9e5b66b9f8132,ce437da4856845a9,,94e00b900e01ad97,B4,16,16,7fe30b1136,0,natural:132645039,ok,harsh|nat_132645039|harsh|rep0|seed20240909,3.8745
harsh,,nan,nat_132645039,2914946b8ae4c6c34022d96b3d9b34d27ba0a861f20d010657e9e5b66b9f8132,ce437da4856845a9,,55b6c1524d322bd2,B4,16,16,7fe30b1136,2,natural:132645039,ok,harsh|nat_132645039|harsh|rep2|seed20240909,3.8061
harsh,,nan,nat_132645039,2914946b8ae4c6c34022d96b3d9b34d27ba0a861f20d010657e9e5b66b9f8132,ce437da4856845a9,,69bbc68c6c8c4192,B4,16,16,7fe30b1136,1,natural:132645039,ok,harsh|nat_132645039|harsh|rep1|seed20240909,4.0303
harsh,,nan,nat_132645039,2914946b8ae4c6c34022d96b3d9b34d27ba0a861f20d010657e9e5b66b9f8132,ce437da4856845a9,,4384b8ec090efa27,B4,16,16,7fe30b1136,3,natural:132645039,ok,harsh|nat_132645039|harsh|rep3|seed20240909,3.9936
harsh,,nan,nat_132645039,2914946b8ae4c6c34022d96b3d9b34d27ba0a861f20d010657e9e5b66b9f8132,ce437da4856845a9,,56e44ceb867c6c75,B4,16,16,7fe30b1136,4,natural:132645039,ok,harsh|nat_132645039|harsh|rep4|seed20240909,3.7858
moderate,,nan,nat_132645039,2914946b8ae4c6c34022d96b3d9b34d27ba0a861f20d010657e9e5b66b9f8132,ce437da4856845a9,,4ecede4b0a19227e,B4,16,16,7fe30b1136,0,natural:132645039,ok,moderate|nat_132645039|moderate|rep0|seed20240909,10.5
moderate,,nan,nat_132645039,2914946b8ae4c6c34022d96b3d9b34d27ba0a861f20d010657e9e5b66b9f8132,ce437da4856845a9,,028fa170d3fcbf64,B4,16,16,7fe30b1136,1,natural:132645039,ok,moderate|nat_132645039|moderate|rep1|seed20240909,10.4291
bursty,,nan,nat_132645039,2914946b8ae4c6c34022d96b3d9b34d27ba0a861f20d010657e9e5b66b9f8132,ce437da4856845a9,,562318afc4aa90e5,B4,16,16,7fe30b1136,0,natural:132645039,ok,bursty|nat_132645039|bursty|rep0|seed20240909,10.0092
moderate,,nan,nat_132645039,2914946b8ae4c6c34022d96b3d9b34d27ba0a861f20d010657e9e5b66b9f8132,ce437da4856845a9,,571425969a8afbf6,B4,16,16,7fe30b1136,2,natural:132645039,ok,moderate|nat_132645039|moderate|rep2|seed20240909,10.5367
moderate,,nan,nat_132645039,2914946b8ae4c6c34022d96b3d9b34d27ba0a861f20d010657e9e5b66b9f8132,ce437da4856845a9,,4885749684b1a2dc,B4,16,16,7fe30b1136,3,natural:132645039,ok,moderate|nat_132645039|moderate|rep3|seed20240909,10.6103
moderate,,nan,nat_132645039,2914946b8ae4c6c34022d96b3d9b34d27ba0a861f20d010657e9e5b66b9f8132,ce437da4856845a9,,f9ba292a84a6e251,B4,16,16,7fe30b1136,4,natural:132645039,ok,moderate|nat_132645039|moderate|rep4|seed20240909,10.6595
bursty,,nan,nat_132645039,2914946b8ae4c6c34022d96b3d9b34d27ba0a861f20d010657e9e5b66b9f8132,ce437da4856845a9,,eee647f08ffb2ddb,B4,16,16,7fe30b1136,1,natural:132645039,ok,bursty|nat_132645039|bursty|rep1|seed20240909,10.2406
clean,,nan,nat_132645039,2914946b8ae4c6c34022d96b3d9b34d27ba0a861f20d010657e9e5b66b9f8132,ce437da4856845a9,,189364bffab11692,B4t,16,16,7e31e8b9ec,0,natural:132645039,ok,clean|nat_132645039|clean|rep0|seed20240909,7.1532
bursty,,nan,nat_132645039,2914946b8ae4c6c34022d96b3d9b34d27ba0a861f20d010657e9e5b66b9f8132,ce437da4856845a9,,51c8bbd1d9173fea,B4,16,16,7fe30b1136,3,natural:132645039,ok,bursty|nat_132645039|bursty|rep3|seed20240909,10.1205
bursty,,nan,nat_132645039,2914946b8ae4c6c34022d96b3d9b34d27ba0a861f20d010657e9e5b66b9f8132,ce437da4856845a9,,90647aeeacd043bb,B4,16,16,7fe30b1136,2,natural:132645039,ok,bursty|nat_132645039|bursty|rep2|seed20240909,10.5215
bursty,,nan,nat_132645039,2914946b8ae4c6c34022d96b3d9b34d27ba0a861f20d010657e9e5b66b9f8132,ce437da4856845a9,,c0a0240b4568a91c,B4,16,16,7fe30b1136,4,natural:132645039,ok,bursty|nat_132645039|bursty|rep4|seed20240909,10.9005
clean,,nan,nat_132645039,2914946b8ae4c6c34022d96b3d9b34d27ba0a861f20d010657e9e5b66b9f8132,ce437da4856845a9,,0c3c3046c1def77d,B4t,16,16,7e31e8b9ec,1,natural:132645039,ok,clean|nat_132645039|clean|rep1|seed20240909,7.17
clean,,nan,nat_132645039,2914946b8ae4c6c34022d96b3d9b34d27ba0a861f20d010657e9e5b66b9f8132,ce437da4856845a9,,3e3f68fc81d930dc,B4t,16,16,7e31e8b9ec,2,natural:132645039,ok,clean|nat_132645039|clean|rep2|seed20240909,6.8347
clean,,nan,nat_132645039,2914946b8ae4c6c34022d96b3d9b34d27ba0a861f20d010657e9e5b66b9f8132,ce437da4856845a9,,9de71a491cc7c7fe,B4t,16,16,7e31e8b9ec,3,natural:132645039,ok,clean|nat_132645039|clean|rep3|seed20240909,7.1195
clean,,nan,nat_132645039,2914946b8ae4c6c34022d96b3d9b34d27ba0a861f20d010657e9e5b66b9f8132,ce437da4856845a9,,d58618e75d2c814e,B4t,16,16,7e31e8b9ec,4,natural:132645039,ok,clean|nat_132645039|clean|rep4|seed20240909,7.1594
mild,,nan,nat_132645039,2914946b8ae4c6c34022d96b3d9b34d27ba0a861f20d010657e9e5b66b9f8132,ce437da4856845a9,,5e6b1bab7c3bc2e2,B4t,16,16,7e31e8b9ec,0,natural:132645039,ok,mild|nat_132645039|mild|rep0|seed20240909,7.6441
mild,,nan,nat_132645039,2914946b8ae4c6c34022d96b3d9b34d27ba0a861f20d010657e9e5b66b9f8132,ce437da4856845a9,,96b96c71ef9413bc,B4t,16,16,7e31e8b9ec,1,natural:132645039,ok,mild|nat_132645039|mild|rep1|seed20240909,7.4274
mild,,nan,nat_132645039,2914946b8ae4c6c34022d96b3d9b34d27ba0a861f20d010657e9e5b66b9f8132,ce437da4856845a9,,f8447cef668b431c,B4t,16,16,7e31e8b9ec,2,natural:132645039,ok,mild|nat_132645039|mild|rep2|seed20240909,7.3277
mild,,nan,nat_132645039,2914946b8ae4c6c34022d96b3d9b34d27ba0a861f20d010657e9e5b66b9f8132,ce437da4856845a9,,447dc424ca4396a9,B4t,16,16,7e31e8b9ec,3,natural:132645039,ok,mild|nat_132645039|mild|rep3|seed20240909,7.6083
mild,,nan,nat_132645039,2914946b8ae4c6c34022d96b3d9b34d27ba0a861f20d010657e9e5b66b9f8132,ce437da4856845a9,,9ed92ea1abe4dba6,B4t,16,16,7e31e8b9ec,4,natural:132645039,ok,mild|nat_132645039|mild|rep4|seed20240909,7.4582
harsh,,nan,nat_132645039,2914946b8ae4c6c34022d96b3d9b34d27ba0a861f20d010657e9e5b66b9f8132,ce437da4856845a9,,d12d3a6faeb92bd5,B4t,16,16,7e31e8b9ec,0,natural:132645039,ok,harsh|nat_132645039|harsh|rep0|seed20240909,4.1677
harsh,,nan,nat_132645039,2914946b8ae4c6c34022d96b3d9b34d27ba0a861f20d010657e9e5b66b9f8132,ce437da4856845a9,,e5bd273a7cb017b7,B4t,16,16,7e31e8b9ec,1,natural:132645039,ok,harsh|nat_132645039|harsh|rep1|seed20240909,4.0388
harsh,,nan,nat_132645039,2914946b8ae4c6c34022d96b3d9b34d27ba0a861f20d010657e9e5b66b9f8132,ce437da4856845a9,,df3c06a5ba390820,B4t,16,16,7e31e8b9ec,2,natural:132645039,ok,harsh|nat_132645039|harsh|rep2|seed20240909,4.1713
harsh,,nan,nat_132645039,2914946b8ae4c6c34022d96b3d9b34d27ba0a861f20d010657e9e5b66b9f8132,ce437da4856845a9,,62f43e9f138d9b72,B4t,16,16,7e31e8b9ec,3,natural:132645039,ok,harsh|nat_132645039|harsh|rep3|seed20240909,4.3955
harsh,,nan,nat_132645039,2914946b8ae4c6c34022d96b3d9b34d27ba0a861f20d010657e9e5b66b9f8132,ce437da4856845a9,,881262b00d6d684a,B4t,16,16,7e31e8b9ec,4,natural:132645039,ok,harsh|nat_132645039|harsh|rep4|seed20240909,4.1944
moderate,,nan,nat_132645039,2914946b8ae4c6c34022d96b3d9b34d27ba0a861f20d010657e9e5b66b9f8132,ce437da4856845a9,,ded5d2ec6204e85e,B4t,16,16,7e31e8b9ec,2,natural:132645039,ok,moderate|nat_132645039|moderate|rep2|seed20240909,13.4743
moderate,,nan,nat_132645039,2914946b8ae4c6c34022d96b3d9b34d27ba0a861f20d010657e9e5b66b9f8132,ce437da4856845a9,,f4ae3cbb2bbf636b,B4t,16,16,7e31e8b9ec,0,natural:132645039,ok,moderate|nat_132645039|moderate|rep0|seed20240909,13.8498
moderate,,nan,nat_132645039,2914946b8ae4c6c34022d96b3d9b34d27ba0a861f20d010657e9e5b66b9f8132,ce437da4856845a9,,e14e459ef06db242,B4t,16,16,7e31e8b9ec,1,natural:132645039,ok,moderate|nat_132645039|moderate|rep1|seed20240909,13.9415
clean,,nan,nat_132645039,2914946b8ae4c6c34022d96b3d9b34d27ba0a861f20d010657e9e5b66b9f8132,ce437da4856845a9,,cc056a81ed0018aa,P,16,16,f6706417e8,0,natural:132645039,ok,clean|nat_132645039|clean|rep0|seed20240909,6.9311
moderate,,nan,nat_132645039,2914946b8ae4c6c34022d96b3d9b34d27ba0a861f20d010657e9e5b66b9f8132,ce437da4856845a9,,4b2228b26a568f78,B4t,16,16,7e31e8b9ec,4,natural:132645039,ok,moderate|nat_132645039|moderate|rep4|seed20240909,13.1694
bursty,,nan,nat_132645039,2914946b8ae4c6c34022d96b3d9b34d27ba0a861f20d010657e9e5b66b9f8132,ce437da4856845a9,,34ac5660a77f69cf,B4t,16,16,7e31e8b9ec,0,natural:132645039,ok,bursty|nat_132645039|bursty|rep0|seed20240909,13.2551
moderate,,nan,nat_132645039,2914946b8ae4c6c34022d96b3d9b34d27ba0a861f20d010657e9e5b66b9f8132,ce437da4856845a9,,91455516c6af9d5c,B4t,16,16,7e31e8b9ec,3,natural:132645039,ok,moderate|nat_132645039|moderate|rep3|seed20240909,13.7423
clean,,nan,nat_132645039,2914946b8ae4c6c34022d96b3d9b34d27ba0a861f20d010657e9e5b66b9f8132,ce437da4856845a9,,e95342bde8585f86,P,16,16,f6706417e8,1,natural:132645039,ok,clean|nat_132645039|clean|rep1|seed20240909,6.9501
clean,,nan,nat_132645039,2914946b8ae4c6c34022d96b3d9b34d27ba0a861f20d010657e9e5b66b9f8132,ce437da4856845a9,,87ab85907aa16765,P,16,16,f6706417e8,2,natural:132645039,ok,clean|nat_132645039|clean|rep2|seed20240909,6.945
bursty,,nan,nat_132645039,2914946b8ae4c6c34022d96b3d9b34d27ba0a861f20d010657e9e5b66b9f8132,ce437da4856845a9,,0d3b0ac8145f0b5b,B4t,16,16,7e31e8b9ec,1,natural:132645039,ok,bursty|nat_132645039|bursty|rep1|seed20240909,13.9107
clean,,nan,nat_132645039,2914946b8ae4c6c34022d96b3d9b34d27ba0a861f20d010657e9e5b66b9f8132,ce437da4856845a9,,ce64d53ef4ef3c07,P,16,16,f6706417e8,3,natural:132645039,ok,clean|nat_132645039|clean|rep3|seed20240909,7.027
clean,,nan,nat_132645039,2914946b8ae4c6c34022d96b3d9b34d27ba0a861f20d010657e9e5b66b9f8132,ce437da4856845a9,,3feb98745d5ea242,P,16,16,f6706417e8,4,natural:132645039,ok,clean|nat_132645039|clean|rep4|seed20240909,6.9349
bursty,,nan,nat_132645039,2914946b8ae4c6c34022d96b3d9b34d27ba0a861f20d010657e9e5b66b9f8132,ce437da4856845a9,,8af4e999a145b235,B4t,16,16,7e31e8b9ec,3,natural:132645039,ok,bursty|nat_132645039|bursty|rep3|seed20240909,13.7868
bursty,,nan,nat_132645039,2914946b8ae4c6c34022d96b3d9b34d27ba0a861f20d010657e9e5b66b9f8132,ce437da4856845a9,,d2c2b071d1125320,B4t,16,16,7e31e8b9ec,2,natural:132645039,ok,bursty|nat_132645039|bursty|rep2|seed20240909,13.9976
bursty,,nan,nat_132645039,2914946b8ae4c6c34022d96b3d9b34d27ba0a861f20d010657e9e5b66b9f8132,ce437da4856845a9,,eb578e9f6867ae99,B4t,16,16,7e31e8b9ec,4,natural:132645039,ok,bursty|nat_132645039|bursty|rep4|seed20240909,13.6267
mild,,nan,nat_132645039,2914946b8ae4c6c34022d96b3d9b34d27ba0a861f20d010657e9e5b66b9f8132,ce437da4856845a9,,47e0263a79ee3df3,P,16,16,f6706417e8,0,natural:132645039,ok,mild|nat_132645039|mild|rep0|seed20240909,7.3568
mild,,nan,nat_132645039,2914946b8ae4c6c34022d96b3d9b34d27ba0a861f20d010657e9e5b66b9f8132,ce437da4856845a9,,17ad5711c4d3ba35,P,16,16,f6706417e8,1,natural:132645039,ok,mild|nat_132645039|mild|rep1|seed20240909,7.3726
mild,,nan,nat_132645039,2914946b8ae4c6c34022d96b3d9b34d27ba0a861f20d010657e9e5b66b9f8132,ce437da4856845a9,,5a23e1cf8a874e89,P,16,16,f6706417e8,2,natural:132645039,ok,mild|nat_132645039|mild|rep2|seed20240909,7.2745
mild,,nan,nat_132645039,2914946b8ae4c6c34022d96b3d9b34d27ba0a861f20d010657e9e5b66b9f8132,ce437da4856845a9,,ff48b7a6cf099594,P,16,16,f6706417e8,3,natural:132645039,ok,mild|nat_132645039|mild|rep3|seed20240909,7.2882
harsh,,nan,nat_132645039,2914946b8ae4c6c34022d96b3d9b34d27ba0a861f20d010657e9e5b66b9f8132,ce437da4856845a9,,d0effab90ab75700,P,16,16,f6706417e8,0,natural:132645039,ok,harsh|nat_132645039|harsh|rep0|seed20240909,4.0561
mild,,nan,nat_132645039,2914946b8ae4c6c34022d96b3d9b34d27ba0a861f20d010657e9e5b66b9f8132,ce437da4856845a9,,d2905d159f2e2990,P,16,16,f6706417e8,4,natural:132645039,ok,mild|nat_132645039|mild|rep4|seed20240909,7.4815
clean,,nan,nat_144041236,e78b6a9ee90899e4deaf9a784a867d34e2b2bdd9ceb5175061641d249fdd3486,ce437da4856845a9,,8b2aa5c85b2e198c,B0a,16,16,7fe30b1136,1,natural:144041236,ok,clean|nat_144041236|clean|rep1|seed20240909,0.3605
clean,,nan,nat_144041236,e78b6a9ee90899e4deaf9a784a867d34e2b2bdd9ceb5175061641d249fdd3486,ce437da4856845a9,,19fda35cdcf0a284,B0a,16,16,7fe30b1136,0,natural:144041236,ok,clean|nat_144041236|clean|rep0|seed20240909,0.4276
clean,,nan,nat_144041236,e78b6a9ee90899e4deaf9a784a867d34e2b2bdd9ceb5175061641d249fdd3486,ce437da4856845a9,,b8cbce6dd26fc6ef,B0a,16,16,7fe30b1136,3,natural:144041236,ok,clean|nat_144041236|clean|rep3|seed20240909,0.3924
clean,,nan,nat_144041236,e78b6a9ee90899e4deaf9a784a867d34e2b2bdd9ceb5175061641d249fdd3486,ce437da4856845a9,,e3c1916788504f31,B0a,16,16,7fe30b1136,2,natural:144041236,ok,clean|nat_144041236|clean|rep2|seed20240909,0.4164
clean,,nan,nat_144041236,e78b6a9ee90899e4deaf9a784a867d34e2b2bdd9ceb5175061641d249fdd3486,ce437da4856845a9,,7159f457787168f3,B0a,16,16,7fe30b1136,4,natural:144041236,ok,clean|nat_144041236|clean|rep4|seed20240909,0.3688
harsh,,nan,nat_132645039,2914946b8ae4c6c34022d96b3d9b34d27ba0a861f20d010657e9e5b66b9f8132,ce437da4856845a9,,c64c1cfc12461b77,P,16,16,f6706417e8,1,natural:132645039,ok,harsh|nat_132645039|harsh|rep1|seed20240909,4.2395
mild,,nan,nat_144041236,e78b6a9ee90899e4deaf9a784a867d34e2b2bdd9ceb5175061641d249fdd3486,ce437da4856845a9,,6a16447513d6315a,B0a,16,16,7fe30b1136,0,natural:144041236,ok,mild|nat_144041236|mild|rep0|seed20240909,0.561
mild,,nan,nat_144041236,e78b6a9ee90899e4deaf9a784a867d34e2b2bdd9ceb5175061641d249fdd3486,ce437da4856845a9,,7f0329792ef78a3f,B0a,16,16,7fe30b1136,1,natural:144041236,ok,mild|nat_144041236|mild|rep1|seed20240909,0.59
mild,,nan,nat_144041236,e78b6a9ee90899e4deaf9a784a867d34e2b2bdd9ceb5175061641d249fdd3486,ce437da4856845a9,,28ec0a60582d6302,B0a,16,16,7fe30b1136,2,natural:144041236,ok,mild|nat_144041236|mild|rep2|seed20240909,0.4983
mild,,nan,nat_144041236,e78b6a9ee90899e4deaf9a784a867d34e2b2bdd9ceb5175061641d249fdd3486,ce437da4856845a9,,f1a04568333fd565,B0a,16,16,7fe30b1136,3,natural:144041236,ok,mild|nat_144041236|mild|rep3|seed20240909,0.51
mild,,nan,nat_144041236,e78b6a9ee90899e4deaf9a784a867d34e2b2bdd9ceb5175061641d249fdd3486,ce437da4856845a9,,10cc7ce5ba21619d,B0a,16,16,7fe30b1136,4,natural:144041236,ok,mild|nat_144041236|mild|rep4|seed20240909,0.5473
moderate,,nan,nat_144041236,e78b6a9ee90899e4deaf9a784a867d34e2b2bdd9ceb5175061641d249fdd3486,ce437da4856845a9,,d1617b57f6af9d40,B0a,16,16,7fe30b1136,0,natural:144041236,ok,moderate|nat_144041236|moderate|rep0|seed20240909,0.5431
moderate,,nan,nat_144041236,e78b6a9ee90899e4deaf9a784a867d34e2b2bdd9ceb5175061641d249fdd3486,ce437da4856845a9,,775386372332deb4,B0a,16,16,7fe30b1136,1,natural:144041236,ok,moderate|nat_144041236|moderate|rep1|seed20240909,0.5183
moderate,,nan,nat_144041236,e78b6a9ee90899e4deaf9a784a867d34e2b2bdd9ceb5175061641d249fdd3486,ce437da4856845a9,,fa3a4ab2ba989d98,B0a,16,16,7fe30b1136,2,natural:144041236,ok,moderate|nat_144041236|moderate|rep2|seed20240909,0.5829
moderate,,nan,nat_144041236,e78b6a9ee90899e4deaf9a784a867d34e2b2bdd9ceb5175061641d249fdd3486,ce437da4856845a9,,6a8db2261d3f0105,B0a,16,16,7fe30b1136,3,natural:144041236,ok,moderate|nat_144041236|moderate|rep3|seed20240909,0.56
moderate,,nan,nat_144041236,e78b6a9ee90899e4deaf9a784a867d34e2b2bdd9ceb5175061641d249fdd3486,ce437da4856845a9,,45430efb1ce3d1e1,B0a,16,16,7fe30b1136,4,natural:144041236,ok,moderate|nat_144041236|moderate|rep4|seed20240909,0.5174
bursty,,nan,nat_144041236,e78b6a9ee90899e4deaf9a784a867d34e2b2bdd9ceb5175061641d249fdd3486,ce437da4856845a9,,9af3719b55bd9516,B0a,16,16,7fe30b1136,1,natural:144041236,ok,bursty|nat_144041236|bursty|rep1|seed20240909,0.4617
bursty,,nan,nat_144041236,e78b6a9ee90899e4deaf9a784a867d34e2b2bdd9ceb5175061641d249fdd3486,ce437da4856845a9,,55c71f2a2bffdf77,B0a,16,16,7fe30b1136,0,natural:144041236,ok,bursty|nat_144041236|bursty|rep0|seed20240909,0.5279
bursty,,nan,nat_144041236,e78b6a9ee90899e4deaf9a784a867d34e2b2bdd9ceb5175061641d249fdd3486,ce437da4856845a9,,d30cca473b8b1f0b,B0a,16,16,7fe30b1136,2,natural:144041236,ok,bursty|nat_144041236|bursty|rep2|seed20240909,0.5189
harsh,,nan,nat_132645039,2914946b8ae4c6c34022d96b3d9b34d27ba0a861f20d010657e9e5b66b9f8132,ce437da4856845a9,,fce0816039747e57,P,16,16,f6706417e8,2,natural:132645039,ok,harsh|nat_132645039|harsh|rep2|seed20240909,4.2165
bursty,,nan,nat_144041236,e78b6a9ee90899e4deaf9a784a867d34e2b2bdd9ceb5175061641d249fdd3486,ce437da4856845a9,,5b6cd35850166876,B0a,16,16,7fe30b1136,3,natural:144041236,ok,bursty|nat_144041236|bursty|rep3|seed20240909,0.4352
harsh,,nan,nat_132645039,2914946b8ae4c6c34022d96b3d9b34d27ba0a861f20d010657e9e5b66b9f8132,ce437da4856845a9,,27a18c9ba2b34864,P,16,16,f6706417e8,3,natural:132645039,ok,harsh|nat_132645039|harsh|rep3|seed20240909,4.3275
harsh,,nan,nat_144041236,e78b6a9ee90899e4deaf9a784a867d34e2b2bdd9ceb5175061641d249fdd3486,ce437da4856845a9,,af37d3bc1a9148c6,B0a,16,16,7fe30b1136,0,natural:144041236,ok,harsh|nat_144041236|harsh|rep0|seed20240909,0.5005
bursty,,nan,nat_144041236,e78b6a9ee90899e4deaf9a784a867d34e2b2bdd9ceb5175061641d249fdd3486,ce437da4856845a9,,a52bbb0009c6cd46,B0a,16,16,7fe30b1136,4,natural:144041236,ok,bursty|nat_144041236|bursty|rep4|seed20240909,0.5643
harsh,,nan,nat_132645039,2914946b8ae4c6c34022d96b3d9b34d27ba0a861f20d010657e9e5b66b9f8132,ce437da4856845a9,,2943db9557d1e040,P,16,16,f6706417e8,4,natural:132645039,ok,harsh|nat_132645039|harsh|rep4|seed20240909,4.3716
harsh,,nan,nat_144041236,e78b6a9ee90899e4deaf9a784a867d34e2b2bdd9ceb5175061641d249fdd3486,ce437da4856845a9,,85398d272481f719,B0a,16,16,7fe30b1136,1,natural:144041236,ok,harsh|nat_144041236|harsh|rep1|seed20240909,0.6154
harsh,,nan,nat_144041236,e78b6a9ee90899e4deaf9a784a867d34e2b2bdd9ceb5175061641d249fdd3486,ce437da4856845a9,,c249944c9aafde7d,B0a,16,16,7fe30b1136,2,natural:144041236,ok,harsh|nat_144041236|harsh|rep2|seed20240909,0.6016
harsh,,nan,nat_144041236,e78b6a9ee90899e4deaf9a784a867d34e2b2bdd9ceb5175061641d249fdd3486,ce437da4856845a9,,19a5683d1d2d58b5,B0a,16,16,7fe30b1136,3,natural:144041236,ok,harsh|nat_144041236|harsh|rep3|seed20240909,0.5945
harsh,,nan,nat_144041236,e78b6a9ee90899e4deaf9a784a867d34e2b2bdd9ceb5175061641d249fdd3486,ce437da4856845a9,,d7016a967226b8e3,B0a,16,16,7fe30b1136,4,natural:144041236,ok,harsh|nat_144041236|harsh|rep4|seed20240909,0.5667
clean,,nan,nat_144041236,e78b6a9ee90899e4deaf9a784a867d34e2b2bdd9ceb5175061641d249fdd3486,ce437da4856845a9,,094bbb0b50347d83,B0a-R,16,16,7fe30b1136,0,natural:144041236,ok,clean|nat_144041236|clean|rep0|seed20240909,1.0731
clean,,nan,nat_144041236,e78b6a9ee90899e4deaf9a784a867d34e2b2bdd9ceb5175061641d249fdd3486,ce437da4856845a9,,6a69b91858cb07d3,B0a-R,16,16,7fe30b1136,1,natural:144041236,ok,clean|nat_144041236|clean|rep1|seed20240909,1.0112
clean,,nan,nat_144041236,e78b6a9ee90899e4deaf9a784a867d34e2b2bdd9ceb5175061641d249fdd3486,ce437da4856845a9,,7fe838e532cc429d,B0a-R,16,16,7fe30b1136,3,natural:144041236,ok,clean|nat_144041236|clean|rep3|seed20240909,1.0117
clean,,nan,nat_144041236,e78b6a9ee90899e4deaf9a784a867d34e2b2bdd9ceb5175061641d249fdd3486,ce437da4856845a9,,f9f6ef7466a60604,B0a-R,16,16,7fe30b1136,4,natural:144041236,ok,clean|nat_144041236|clean|rep4|seed20240909,1.0609
clean,,nan,nat_144041236,e78b6a9ee90899e4deaf9a784a867d34e2b2bdd9ceb5175061641d249fdd3486,ce437da4856845a9,,2cc4e027e55cb5a6,B0a-R,16,16,7fe30b1136,2,natural:144041236,ok,clean|nat_144041236|clean|rep2|seed20240909,1.1749
mild,,nan,nat_144041236,e78b6a9ee90899e4deaf9a784a867d34e2b2bdd9ceb5175061641d249fdd3486,ce437da4856845a9,,0ad46f43eed8d152,B0a-R,16,16,7fe30b1136,0,natural:144041236,ok,mild|nat_144041236|mild|rep0|seed20240909,1.5752
moderate,,nan,nat_132645039,2914946b8ae4c6c34022d96b3d9b34d27ba0a861f20d010657e9e5b66b9f8132,ce437da4856845a9,,efead98faebd5574,P,16,16,f6706417e8,0,natural:132645039,ok,moderate|nat_132645039|moderate|rep0|seed20240909,13.3644
mild,,nan,nat_144041236,e78b6a9ee90899e4deaf9a784a867d34e2b2bdd9ceb5175061641d249fdd3486,ce437da4856845a9,,93308a7bfb825056,B0a-R,16,16,7fe30b1136,2,natural:144041236,ok,mild|nat_144041236|mild|rep2|seed20240909,1.3623
mild,,nan,nat_144041236,e78b6a9ee90899e4deaf9a784a867d34e2b2bdd9ceb5175061641d249fdd3486,ce437da4856845a9,,bad6503371049256,B0a-R,16,16,7fe30b1136,1,natural:144041236,ok,mild|nat_144041236|mild|rep1|seed20240909,1.5463
mild,,nan,nat_144041236,e78b6a9ee90899e4deaf9a784a867d34e2b2bdd9ceb5175061641d249fdd3486,ce437da4856845a9,,42bc804b3f51ec62,B0a-R,16,16,7fe30b1136,3,natural:144041236,ok,mild|nat_144041236|mild|rep3|seed20240909,1.3605
moderate,,nan,nat_132645039,2914946b8ae4c6c34022d96b3d9b34d27ba0a861f20d010657e9e5b66b9f8132,ce437da4856845a9,,462610818c876e7b,P,16,16,f6706417e8,1,natural:132645039,ok,moderate|nat_132645039|moderate|rep1|seed20240909,13.762
moderate,,nan,nat_132645039,2914946b8ae4c6c34022d96b3d9b34d27ba0a861f20d010657e9e5b66b9f8132,ce437da4856845a9,,2c6e22af15b004ec,P,16,16,f6706417e8,3,natural:132645039,ok,moderate|nat_132645039|moderate|rep3|seed20240909,13.0791
moderate,,nan,nat_132645039,2914946b8ae4c6c34022d96b3d9b34d27ba0a861f20d010657e9e5b66b9f8132,ce437da4856845a9,,6e34815724b61a85,P,16,16,f6706417e8,2,natural:132645039,ok,moderate|nat_132645039|moderate|rep2|seed20240909,13.668
mild,,nan,nat_144041236,e78b6a9ee90899e4deaf9a784a867d34e2b2bdd9ceb5175061641d249fdd3486,ce437da4856845a9,,3aecf5f1ee45b58c,B0a-R,16,16,7fe30b1136,4,natural:144041236,ok,mild|nat_144041236|mild|rep4|seed20240909,1.4976
moderate,,nan,nat_144041236,e78b6a9ee90899e4deaf9a784a867d34e2b2bdd9ceb5175061641d249fdd3486,ce437da4856845a9,,647b1a495fdcbad5,B0a-R,16,16,7fe30b1136,0,natural:144041236,ok,moderate|nat_144041236|moderate|rep0|seed20240909,1.7896
moderate,,nan,nat_132645039,2914946b8ae4c6c34022d96b3d9b34d27ba0a861f20d010657e9e5b66b9f8132,ce437da4856845a9,,347b1c71a98e9d4c,P,16,16,f6706417e8,4,natural:132645039,ok,moderate|nat_132645039|moderate|rep4|seed20240909,12.7772
bursty,,nan,nat_132645039,2914946b8ae4c6c34022d96b3d9b34d27ba0a861f20d010657e9e5b66b9f8132,ce437da4856845a9,,1fea1f28e7d060c2,P,16,16,f6706417e8,0,natural:132645039,ok,bursty|nat_132645039|bursty|rep0|seed20240909,12.4273
moderate,,nan,nat_144041236,e78b6a9ee90899e4deaf9a784a867d34e2b2bdd9ceb5175061641d249fdd3486,ce437da4856845a9,,b9d313d1fff08f3d,B0a-R,16,16,7fe30b1136,1,natural:144041236,ok,moderate|nat_144041236|moderate|rep1|seed20240909,1.7588
moderate,,nan,nat_144041236,e78b6a9ee90899e4deaf9a784a867d34e2b2bdd9ceb5175061641d249fdd3486,ce437da4856845a9,,6617188a7ea66bb2,B0a-R,16,16,7fe30b1136,2,natural:144041236,ok,moderate|nat_144041236|moderate|rep2|seed20240909,1.7672
moderate,,nan,nat_144041236,e78b6a9ee90899e4deaf9a784a867d34e2b2bdd9ceb5175061641d249fdd3486,ce437da4856845a9,,3bd2de255b0e3d86,B0a-R,16,16,7fe30b1136,3,natural:144041236,ok,moderate|nat_144041236|moderate|rep3|seed20240909,1.8371
bursty,,nan,nat_132645039,2914946b8ae4c6c34022d96b3d9b34d27ba0a861f20d010657e9e5b66b9f8132,ce437da4856845a9,,11e30e9d661fb563,P,16,16,f6706417e8,1,natural:132645039,ok,bursty|nat_132645039|bursty|rep1|seed20240909,13.0726
moderate,,nan,nat_144041236,e78b6a9ee90899e4deaf9a784a867d34e2b2bdd9ceb5175061641d249fdd3486,ce437da4856845a9,,de7220e600cb2256,B0a-R,16,16,7fe30b1136,4,natural:144041236,ok,moderate|nat_144041236|moderate|rep4|seed20240909,1.7869
bursty,,nan,nat_144041236,e78b6a9ee90899e4deaf9a784a867d34e2b2bdd9ceb5175061641d249fdd3486,ce437da4856845a9,,fd8c989245f0254c,B0a-R,16,16,7fe30b1136,0,natural:144041236,ok,bursty|nat_144041236|bursty|rep0|seed20240909,1.6345
bursty,,nan,nat_144041236,e78b6a9ee90899e4deaf9a784a867d34e2b2bdd9ceb5175061641d249fdd3486,ce437da4856845a9,,165c6fb395d9439e,B0a-R,16,16,7fe30b1136,1,natural:144041236,ok,bursty|nat_144041236|bursty|rep1|seed20240909,1.7113
bursty,,nan,nat_144041236,e78b6a9ee90899e4deaf9a784a867d34e2b2bdd9ceb5175061641d249fdd3486,ce437da4856845a9,,701dd2b9afe177ad,B0a-R,16,16,7fe30b1136,2,natural:144041236,ok,bursty|nat_144041236|bursty|rep2|seed20240909,1.6833
bursty,,nan,nat_144041236,e78b6a9ee90899e4deaf9a784a867d34e2b2bdd9ceb5175061641d249fdd3486,ce437da4856845a9,,bc87edb6e6acc562,B0a-R,16,16,7fe30b1136,3,natural:144041236,ok,bursty|nat_144041236|bursty|rep3|seed20240909,1.6461
bursty,,nan,nat_132645039,2914946b8ae4c6c34022d96b3d9b34d27ba0a861f20d010657e9e5b66b9f8132,ce437da4856845a9,,9422b02488968744,P,16,16,f6706417e8,2,natural:132645039,ok,bursty|nat_132645039|bursty|rep2|seed20240909,13.1506
bursty,,nan,nat_144041236,e78b6a9ee90899e4deaf9a784a867d34e2b2bdd9ceb5175061641d249fdd3486,ce437da4856845a9,,5d34b847e8e18f98,B0a-R,16,16,7fe30b1136,4,natural:144041236,ok,bursty|nat_144041236|bursty|rep4|seed20240909,1.7428
bursty,,nan,nat_132645039,2914946b8ae4c6c34022d96b3d9b34d27ba0a861f20d010657e9e5b66b9f8132,ce437da4856845a9,,d409f6628aa6068b,P,16,16,f6706417e8,3,natural:132645039,ok,bursty|nat_132645039|bursty|rep3|seed20240909,13.1839
bursty,,nan,nat_132645039,2914946b8ae4c6c34022d96b3d9b34d27ba0a861f20d010657e9e5b66b9f8132,ce437da4856845a9,,b4dd1017778d1379,P,16,16,f6706417e8,4,natural:132645039,ok,bursty|nat_132645039|bursty|rep4|seed20240909,13.4906
harsh,,nan,nat_144041236,e78b6a9ee90899e4deaf9a784a867d34e2b2bdd9ceb5175061641d249fdd3486,ce437da4856845a9,,09b1378aebf71206,B0a-R,16,16,7fe30b1136,1,natural:144041236,ok,harsh|nat_144041236|harsh|rep1|seed20240909,1.8089
harsh,,nan,nat_144041236,e78b6a9ee90899e4deaf9a784a867d34e2b2bdd9ceb5175061641d249fdd3486,ce437da4856845a9,,59f5e7e8d5d39d62,B0a-R,16,16,7fe30b1136,0,natural:144041236,ok,harsh|nat_144041236|harsh|rep0|seed20240909,1.8677
harsh,,nan,nat_144041236,e78b6a9ee90899e4deaf9a784a867d34e2b2bdd9ceb5175061641d249fdd3486,ce437da4856845a9,,b8ead858ca32e3e2,B0a-R,16,16,7fe30b1136,2,natural:144041236,ok,harsh|nat_144041236|harsh|rep2|seed20240909,1.8433
harsh,,nan,nat_144041236,e78b6a9ee90899e4deaf9a784a867d34e2b2bdd9ceb5175061641d249fdd3486,ce437da4856845a9,,0e3061d0ecf25556,B0a-R,16,16,7fe30b1136,3,natural:144041236,ok,harsh|nat_144041236|harsh|rep3|seed20240909,1.7474
harsh,,nan,nat_144041236,e78b6a9ee90899e4deaf9a784a867d34e2b2bdd9ceb5175061641d249fdd3486,ce437da4856845a9,,b944ac5e1dd0d226,B0a-R,16,16,7fe30b1136,4,natural:144041236,ok,harsh|nat_144041236|harsh|rep4|seed20240909,1.6737
clean,,nan,nat_144041236,e78b6a9ee90899e4deaf9a784a867d34e2b2bdd9ceb5175061641d249fdd3486,ce437da4856845a9,,163e452fdca1f375,B0d,16,16,7fe30b1136,0,natural:144041236,ok,clean|nat_144041236|clean|rep0|seed20240909,3.9451
clean,,nan,nat_144041236,e78b6a9ee90899e4deaf9a784a867d34e2b2bdd9ceb5175061641d249fdd3486,ce437da4856845a9,,e60c7d9ba5479096,B0d,16,16,7fe30b1136,4,natural:144041236,ok,clean|nat_144041236|clean|rep4|seed20240909,3.9339
clean,,nan,nat_144041236,e78b6a9ee90899e4deaf9a784a867d34e2b2bdd9ceb5175061641d249fdd3486,ce437da4856845a9,,9d480802d5da8db9,B0d,16,16,7fe30b1136,3,natural:144041236,ok,clean|nat_144041236|clean|rep3|seed20240909,4.0186
clean,,nan,nat_144041236,e78b6a9ee90899e4deaf9a784a867d34e2b2bdd9ceb5175061641d249fdd3486,ce437da4856845a9,,69e25d604eaf5ca8,B0d,16,16,7fe30b1136,1,natural:144041236,ok,clean|nat_144041236|clean|rep1|seed20240909,4.1487
clean,,nan,nat_144041236,e78b6a9ee90899e4deaf9a784a867d34e2b2bdd9ceb5175061641d249fdd3486,ce437da4856845a9,,1080c63611da8b60,B0d,16,16,7fe30b1136,2,natural:144041236,ok,clean|nat_144041236|clean|rep2|seed20240909,4.1105
mild,,nan,nat_144041236,e78b6a9ee90899e4deaf9a784a867d34e2b2bdd9ceb5175061641d249fdd3486,ce437da4856845a9,,53ab98d82e54a630,B0d,16,16,7fe30b1136,0,natural:144041236,ok,mild|nat_144041236|mild|rep0|seed20240909,4.3956
mild,,nan,nat_144041236,e78b6a9ee90899e4deaf9a784a867d34e2b2bdd9ceb5175061641d249fdd3486,ce437da4856845a9,,3b9dabbcdcf1dab6,B0d,16,16,7fe30b1136,2,natural:144041236,ok,mild|nat_144041236|mild|rep2|seed20240909,4.2183
mild,,nan,nat_144041236,e78b6a9ee90899e4deaf9a784a867d34e2b2bdd9ceb5175061641d249fdd3486,ce437da4856845a9,,f5d8f0c1be55593e,B0d,16,16,7fe30b1136,1,natural:144041236,ok,mild|nat_144041236|mild|rep1|seed20240909,4.2976
mild,,nan,nat_144041236,e78b6a9ee90899e4deaf9a784a867d34e2b2bdd9ceb5175061641d249fdd3486,ce437da4856845a9,,d03bf326650170a2,B0d,16,16,7fe30b1136,4,natural:144041236,ok,mild|nat_144041236|mild|rep4|seed20240909,4.2052
mild,,nan,nat_144041236,e78b6a9ee90899e4deaf9a784a867d34e2b2bdd9ceb5175061641d249fdd3486,ce437da4856845a9,,6b064352ed7b0f80,B0d,16,16,7fe30b1136,3,natural:144041236,ok,mild|nat_144041236|mild|rep3|seed20240909,4.4277
clean,,nan,nat_144041236,e78b6a9ee90899e4deaf9a784a867d34e2b2bdd9ceb5175061641d249fdd3486,ce437da4856845a9,,bc71ebe28018949d,B1,16,16,7fe30b1136,0,natural:144041236,ok,clean|nat_144041236|clean|rep0|seed20240909,0.3914
clean,,nan,nat_144041236,e78b6a9ee90899e4deaf9a784a867d34e2b2bdd9ceb5175061641d249fdd3486,ce437da4856845a9,,8c1f3ce573273723,B1,16,16,7fe30b1136,1,natural:144041236,ok,clean|nat_144041236|clean|rep1|seed20240909,0.3697
clean,,nan,nat_144041236,e78b6a9ee90899e4deaf9a784a867d34e2b2bdd9ceb5175061641d249fdd3486,ce437da4856845a9,,964c3fa07685dbd7,B1,16,16,7fe30b1136,2,natural:144041236,ok,clean|nat_144041236|clean|rep2|seed20240909,0.3562
clean,,nan,nat_144041236,e78b6a9ee90899e4deaf9a784a867d34e2b2bdd9ceb5175061641d249fdd3486,ce437da4856845a9,,91f7d17b0431e6bb,B1,16,16,7fe30b1136,3,natural:144041236,ok,clean|nat_144041236|clean|rep3|seed20240909,0.4102
harsh,,nan,nat_144041236,e78b6a9ee90899e4deaf9a784a867d34e2b2bdd9ceb5175061641d249fdd3486,ce437da4856845a9,,efc19b866f188e2e,B0d,16,16,7fe30b1136,0,natural:144041236,ok,harsh|nat_144041236|harsh|rep0|seed20240909,2.7067
clean,,nan,nat_144041236,e78b6a9ee90899e4deaf9a784a867d34e2b2bdd9ceb5175061641d249fdd3486,ce437da4856845a9,,6c8c33c068d26874,B1,16,16,7fe30b1136,4,natural:144041236,ok,clean|nat_144041236|clean|rep4|seed20240909,0.4916
moderate,,nan,nat_144041236,e78b6a9ee90899e4deaf9a784a867d34e2b2bdd9ceb5175061641d249fdd3486,ce437da4856845a9,,36f695f93258a95e,B0d,16,16,7fe30b1136,0,natural:144041236,ok,moderate|nat_144041236|moderate|rep0|seed20240909,6.4408
harsh,,nan,nat_144041236,e78b6a9ee90899e4deaf9a784a867d34e2b2bdd9ceb5175061641d249fdd3486,ce437da4856845a9,,2b372ef3e9d8b79d,B0d,16,16,7fe30b1136,3,natural:144041236,ok,harsh|nat_144041236|harsh|rep3|seed20240909,2.6675
harsh,,nan,nat_144041236,e78b6a9ee90899e4deaf9a784a867d34e2b2bdd9ceb5175061641d249fdd3486,ce437da4856845a9,,efba80b995988664,B0d,16,16,7fe30b1136,2,natural:144041236,ok,harsh|nat_144041236|harsh|rep2|seed20240909,2.7624
harsh,,nan,nat_144041236,e78b6a9ee90899e4deaf9a784a867d34e2b2bdd9ceb5175061641d249fdd3486,ce437da4856845a9,,da2e144c20055098,B0d,16,16,7fe30b1136,1,natural:144041236,ok,harsh|nat_144041236|harsh|rep1|seed20240909,2.8029
harsh,,nan,nat_144041236,e78b6a9ee90899e4deaf9a784a867d34e2b2bdd9ceb5175061641d249fdd3486,ce437da4856845a9,,870daf093a9a04e6,B0d,16,16,7fe30b1136,4,natural:144041236,ok,harsh|nat_144041236|harsh|rep4|seed20240909,2.7033
mild,,nan,nat_144041236,e78b6a9ee90899e4deaf9a784a867d34e2b2bdd9ceb5175061641d249fdd3486,ce437da4856845a9,,4c2175d8a324476c,B1,16,16,7fe30b1136,1,natural:144041236,ok,mild|nat_144041236|mild|rep1|seed20240909,0.5546
mild,,nan,nat_144041236,e78b6a9ee90899e4deaf9a784a867d34e2b2bdd9ceb5175061641d249fdd3486,ce437da4856845a9,,78c5dee05d3d7db2,B1,16,16,7fe30b1136,0,natural:144041236,ok,mild|nat_144041236|mild|rep0|seed20240909,0.5901
moderate,,nan,nat_144041236,e78b6a9ee90899e4deaf9a784a867d34e2b2bdd9ceb5175061641d249fdd3486,ce437da4856845a9,,41df078146e91326,B0d,16,16,7fe30b1136,2,natural:144041236,ok,moderate|nat_144041236|moderate|rep2|seed20240909,6.6453
moderate,,nan,nat_144041236,e78b6a9ee90899e4deaf9a784a867d34e2b2bdd9ceb5175061641d249fdd3486,ce437da4856845a9,,840df9d7e2b2e894,B0d,16,16,7fe30b1136,1,natural:144041236,ok,moderate|nat_144041236|moderate|rep1|seed20240909,6.9765
mild,,nan,nat_144041236,e78b6a9ee90899e4deaf9a784a867d34e2b2bdd9ceb5175061641d249fdd3486,ce437da4856845a9,,561c8e643af8bed5,B1,16,16,7fe30b1136,3,natural:144041236,ok,mild|nat_144041236|mild|rep3|seed20240909,0.6156
mild,,nan,nat_144041236,e78b6a9ee90899e4deaf9a784a867d34e2b2bdd9ceb5175061641d249fdd3486,ce437da4856845a9,,3c6cafd393e8929d,B1,16,16,7fe30b1136,2,natural:144041236,ok,mild|nat_144041236|mild|rep2|seed20240909,0.6766
mild,,nan,nat_144041236,e78b6a9ee90899e4deaf9a784a867d34e2b2bdd9ceb5175061641d249fdd3486,ce437da4856845a9,,4f18694c265b5f8a,B1,16,16,7fe30b1136,4,natural:144041236,ok,mild|nat_144041236|mild|rep4|seed20240909,0.5991
bursty,,nan,nat_144041236,e78b6a9ee90899e4deaf9a784a867d34e2b2bdd9ceb5175061641d249fdd3486,ce437da4856845a9,,f55bc3813938dde1,B0d,16,16,7fe30b1136,0,natural:144041236,ok,bursty|nat_144041236|bursty|rep0|seed20240909,6.5951
moderate,,nan,nat_144041236,e78b6a9ee90899e4deaf9a784a867d34e2b2bdd9ceb5175061641d249fdd3486,ce437da4856845a9,,9732c56760498b1b,B1,16,16,7fe30b1136,0,natural:144041236,ok,moderate|nat_144041236|moderate|rep0|seed20240909,0.6114
moderate,,nan,nat_144041236,e78b6a9ee90899e4deaf9a784a867d34e2b2bdd9ceb5175061641d249fdd3486,ce437da4856845a9,,042d50e7688b5f21,B1,16,16,7fe30b1136,1,natural:144041236,ok,moderate|nat_144041236|moderate|rep1|seed20240909,0.6259
moderate,,nan,nat_144041236,e78b6a9ee90899e4deaf9a784a867d34e2b2bdd9ceb5175061641d249fdd3486,ce437da4856845a9,,a0155c25e6bc30ad,B1,16,16,7fe30b1136,3,natural:144041236,ok,moderate|nat_144041236|moderate|rep3|seed20240909,0.6069
moderate,,nan,nat_144041236,e78b6a9ee90899e4deaf9a784a867d34e2b2bdd9ceb5175061641d249fdd3486,ce437da4856845a9,,ce63371eeb469c49,B1,16,16,7fe30b1136,2,natural:144041236,ok,moderate|nat_144041236|moderate|rep2|seed20240909,0.6739
moderate,,nan,nat_144041236,e78b6a9ee90899e4deaf9a784a867d34e2b2bdd9ceb5175061641d249fdd3486,ce437da4856845a9,,e16b8698d53aafd1,B0d,16,16,7fe30b1136,3,natural:144041236,ok,moderate|nat_144041236|moderate|rep3|seed20240909,7.1089
moderate,,nan,nat_144041236,e78b6a9ee90899e4deaf9a784a867d34e2b2bdd9ceb5175061641d249fdd3486,ce437da4856845a9,,6f6a43a0ea0f2607,B1,16,16,7fe30b1136,4,natural:144041236,ok,moderate|nat_144041236|moderate|rep4|seed20240909,0.6262
bursty,,nan,nat_144041236,e78b6a9ee90899e4deaf9a784a867d34e2b2bdd9ceb5175061641d249fdd3486,ce437da4856845a9,,3325f5ec377a8bbf,B1,16,16,7fe30b1136,0,natural:144041236,ok,bursty|nat_144041236|bursty|rep0|seed20240909,0.6385
moderate,,nan,nat_144041236,e78b6a9ee90899e4deaf9a784a867d34e2b2bdd9ceb5175061641d249fdd3486,ce437da4856845a9,,eab8e20e0586c4e8,B0d,16,16,7fe30b1136,4,natural:144041236,ok,moderate|nat_144041236|moderate|rep4|seed20240909,7.1971
bursty,,nan,nat_144041236,e78b6a9ee90899e4deaf9a784a867d34e2b2bdd9ceb5175061641d249fdd3486,ce437da4856845a9,,f3c2c719409e903b,B1,16,16,7fe30b1136,1,natural:144041236,ok,bursty|nat_144041236|bursty|rep1|seed20240909,0.635
bursty,,nan,nat_144041236,e78b6a9ee90899e4deaf9a784a867d34e2b2bdd9ceb5175061641d249fdd3486,ce437da4856845a9,,1c8a2bfe7f3dc203,B1,16,16,7fe30b1136,2,natural:144041236,ok,bursty|nat_144041236|bursty|rep2|seed20240909,0.6212
bursty,,nan,nat_144041236,e78b6a9ee90899e4deaf9a784a867d34e2b2bdd9ceb5175061641d249fdd3486,ce437da4856845a9,,6abef3582267f502,B1,16,16,7fe30b1136,4,natural:144041236,ok,bursty|nat_144041236|bursty|rep4|seed20240909,0.6097
bursty,,nan,nat_144041236,e78b6a9ee90899e4deaf9a784a867d34e2b2bdd9ceb5175061641d249fdd3486,ce437da4856845a9,,04b6fe3a46bc83e7,B1,16,16,7fe30b1136,3,natural:144041236,ok,bursty|nat_144041236|bursty|rep3|seed20240909,0.6445
harsh,,nan,nat_144041236,e78b6a9ee90899e4deaf9a784a867d34e2b2bdd9ceb5175061641d249fdd3486,ce437da4856845a9,,b701f9518d4587a6,B1,16,16,7fe30b1136,0,natural:144041236,ok,harsh|nat_144041236|harsh|rep0|seed20240909,0.6422
clean,,nan,nat_144041236,e78b6a9ee90899e4deaf9a784a867d34e2b2bdd9ceb5175061641d249fdd3486,ce437da4856845a9,,a76c0bc2f0e1b795,B2,16,16,7fe30b1136,0,natural:144041236,ok,clean|nat_144041236|clean|rep0|seed20240909,0.4957
harsh,,nan,nat_144041236,e78b6a9ee90899e4deaf9a784a867d34e2b2bdd9ceb5175061641d249fdd3486,ce437da4856845a9,,a5b96855f2f6a099,B1,16,16,7fe30b1136,2,natural:144041236,ok,harsh|nat_144041236|harsh|rep2|seed20240909,0.6313
harsh,,nan,nat_144041236,e78b6a9ee90899e4deaf9a784a867d34e2b2bdd9ceb5175061641d249fdd3486,ce437da4856845a9,,17ea9f818ebf3865,B1,16,16,7fe30b1136,1,natural:144041236,ok,harsh|nat_144041236|harsh|rep1|seed20240909,0.6638
harsh,,nan,nat_144041236,e78b6a9ee90899e4deaf9a784a867d34e2b2bdd9ceb5175061641d249fdd3486,ce437da4856845a9,,64399d1a766425cd,B1,16,16,7fe30b1136,4,natural:144041236,ok,harsh|nat_144041236|harsh|rep4|seed20240909,0.669
harsh,,nan,nat_144041236,e78b6a9ee90899e4deaf9a784a867d34e2b2bdd9ceb5175061641d249fdd3486,ce437da4856845a9,,52fc82249658e534,B1,16,16,7fe30b1136,3,natural:144041236,ok,harsh|nat_144041236|harsh|rep3|seed20240909,0.6984
clean,,nan,nat_144041236,e78b6a9ee90899e4deaf9a784a867d34e2b2bdd9ceb5175061641d249fdd3486,ce437da4856845a9,,08ee5461c3f14693,B2,16,16,7fe30b1136,1,natural:144041236,ok,clean|nat_144041236|clean|rep1|seed20240909,0.4425
clean,,nan,nat_144041236,e78b6a9ee90899e4deaf9a784a867d34e2b2bdd9ceb5175061641d249fdd3486,ce437da4856845a9,,d295c64245915878,B2,16,16,7fe30b1136,2,natural:144041236,ok,clean|nat_144041236|clean|rep2|seed20240909,0.5081
clean,,nan,nat_144041236,e78b6a9ee90899e4deaf9a784a867d34e2b2bdd9ceb5175061641d249fdd3486,ce437da4856845a9,,f09461f0b36dc2fd,B2,16,16,7fe30b1136,4,natural:144041236,ok,clean|nat_144041236|clean|rep4|seed20240909,0.4201
clean,,nan,nat_144041236,e78b6a9ee90899e4deaf9a784a867d34e2b2bdd9ceb5175061641d249fdd3486,ce437da4856845a9,,f3c43663929ae9fc,B2,16,16,7fe30b1136,3,natural:144041236,ok,clean|nat_144041236|clean|rep3|seed20240909,0.4658
mild,,nan,nat_144041236,e78b6a9ee90899e4deaf9a784a867d34e2b2bdd9ceb5175061641d249fdd3486,ce437da4856845a9,,5a73fdaa43086309,B2,16,16,7fe30b1136,0,natural:144041236,ok,mild|nat_144041236|mild|rep0|seed20240909,0.5777
mild,,nan,nat_144041236,e78b6a9ee90899e4deaf9a784a867d34e2b2bdd9ceb5175061641d249fdd3486,ce437da4856845a9,,b8efea251a7fde1e,B2,16,16,7fe30b1136,1,natural:144041236,ok,mild|nat_144041236|mild|rep1|seed20240909,0.6012
mild,,nan,nat_144041236,e78b6a9ee90899e4deaf9a784a867d34e2b2bdd9ceb5175061641d249fdd3486,ce437da4856845a9,,3ffd0acc8beae030,B2,16,16,7fe30b1136,3,natural:144041236,ok,mild|nat_144041236|mild|rep3|seed20240909,0.6192
mild,,nan,nat_144041236,e78b6a9ee90899e4deaf9a784a867d34e2b2bdd9ceb5175061641d249fdd3486,ce437da4856845a9,,a5c283f1d4fb4fa8,B2,16,16,7fe30b1136,2,natural:144041236,ok,mild|nat_144041236|mild|rep2|seed20240909,0.6783
moderate,,nan,nat_144041236,e78b6a9ee90899e4deaf9a784a867d34e2b2bdd9ceb5175061641d249fdd3486,ce437da4856845a9,,d6216b38a09c93bc,B2,16,16,7fe30b1136,0,natural:144041236,ok,moderate|nat_144041236|moderate|rep0|seed20240909,0.6542
mild,,nan,nat_144041236,e78b6a9ee90899e4deaf9a784a867d34e2b2bdd9ceb5175061641d249fdd3486,ce437da4856845a9,,e516aa4ef9c78ced,B2,16,16,7fe30b1136,4,natural:144041236,ok,mild|nat_144041236|mild|rep4|seed20240909,0.6836
moderate,,nan,nat_144041236,e78b6a9ee90899e4deaf9a784a867d34e2b2bdd9ceb5175061641d249fdd3486,ce437da4856845a9,,d35259d21c7ec931,B2,16,16,7fe30b1136,1,natural:144041236,ok,moderate|nat_144041236|moderate|rep1|seed20240909,0.6458
moderate,,nan,nat_144041236,e78b6a9ee90899e4deaf9a784a867d34e2b2bdd9ceb5175061641d249fdd3486,ce437da4856845a9,,ff48d846d301cea3,B2,16,16,7fe30b1136,2,natural:144041236,ok,moderate|nat_144041236|moderate|rep2|seed20240909,0.6616
moderate,,nan,nat_144041236,e78b6a9ee90899e4deaf9a784a867d34e2b2bdd9ceb5175061641d249fdd3486,ce437da4856845a9,,efad5d5622cb5067,B2,16,16,7fe30b1136,3,natural:144041236,ok,moderate|nat_144041236|moderate|rep3|seed20240909,0.6844
moderate,,nan,nat_144041236,e78b6a9ee90899e4deaf9a784a867d34e2b2bdd9ceb5175061641d249fdd3486,ce437da4856845a9,,9380832ff08bb801,B2,16,16,7fe30b1136,4,natural:144041236,ok,moderate|nat_144041236|moderate|rep4|seed20240909,0.6513
bursty,,nan,nat_144041236,e78b6a9ee90899e4deaf9a784a867d34e2b2bdd9ceb5175061641d249fdd3486,ce437da4856845a9,,1ac56b2a0e3f9655,B2,16,16,7fe30b1136,1,natural:144041236,ok,bursty|nat_144041236|bursty|rep1|seed20240909,0.6645
bursty,,nan,nat_144041236,e78b6a9ee90899e4deaf9a784a867d34e2b2bdd9ceb5175061641d249fdd3486,ce437da4856845a9,,a0fba12d3e0b412c,B2,16,16,7fe30b1136,0,natural:144041236,ok,bursty|nat_144041236|bursty|rep0|seed20240909,0.7203
bursty,,nan,nat_144041236,e78b6a9ee90899e4deaf9a784a867d34e2b2bdd9ceb5175061641d249fdd3486,ce437da4856845a9,,8b5d07ce9d1523bc,B2,16,16,7fe30b1136,2,natural:144041236,ok,bursty|nat_144041236|bursty|rep2|seed20240909,0.596
bursty,,nan,nat_144041236,e78b6a9ee90899e4deaf9a784a867d34e2b2bdd9ceb5175061641d249fdd3486,ce437da4856845a9,,5c2700e451a3bc9a,B2,16,16,7fe30b1136,3,natural:144041236,ok,bursty|nat_144041236|bursty|rep3|seed20240909,0.6338
bursty,,nan,nat_144041236,e78b6a9ee90899e4deaf9a784a867d34e2b2bdd9ceb5175061641d249fdd3486,ce437da4856845a9,,531adf2f4459a949,B2,16,16,7fe30b1136,4,natural:144041236,ok,bursty|nat_144041236|bursty|rep4|seed20240909,0.6464
harsh,,nan,nat_144041236,e78b6a9ee90899e4deaf9a784a867d34e2b2bdd9ceb5175061641d249fdd3486,ce437da4856845a9,,451617ab62e30014,B2,16,16,7fe30b1136,0,natural:144041236,ok,harsh|nat_144041236|harsh|rep0|seed20240909,0.6522
harsh,,nan,nat_144041236,e78b6a9ee90899e4deaf9a784a867d34e2b2bdd9ceb5175061641d249fdd3486,ce437da4856845a9,,46b5233c1afdb72e,B2,16,16,7fe30b1136,2,natural:144041236,ok,harsh|nat_144041236|harsh|rep2|seed20240909,0.6385
harsh,,nan,nat_144041236,e78b6a9ee90899e4deaf9a784a867d34e2b2bdd9ceb5175061641d249fdd3486,ce437da4856845a9,,145fd60ef8f85594,B2,16,16,7fe30b1136,1,natural:144041236,ok,harsh|nat_144041236|harsh|rep1|seed20240909,0.6816
harsh,,nan,nat_144041236,e78b6a9ee90899e4deaf9a784a867d34e2b2bdd9ceb5175061641d249fdd3486,ce437da4856845a9,,4bdcc7e6436d8f4e,B2,16,16,7fe30b1136,4,natural:144041236,ok,harsh|nat_144041236|harsh|rep4|seed20240909,0.6105
harsh,,nan,nat_144041236,e78b6a9ee90899e4deaf9a784a867d34e2b2bdd9ceb5175061641d249fdd3486,ce437da4856845a9,,8ec68279a3a33619,B2,16,16,7fe30b1136,3,natural:144041236,ok,harsh|nat_144041236|harsh|rep3|seed20240909,0.6741
bursty,,nan,nat_144041236,e78b6a9ee90899e4deaf9a784a867d34e2b2bdd9ceb5175061641d249fdd3486,ce437da4856845a9,,740486ba5fb62a35,B0d,16,16,7fe30b1136,1,natural:144041236,ok,bursty|nat_144041236|bursty|rep1|seed20240909,6.7592
bursty,,nan,nat_144041236,e78b6a9ee90899e4deaf9a784a867d34e2b2bdd9ceb5175061641d249fdd3486,ce437da4856845a9,,e99aeba0b52e4893,B0d,16,16,7fe30b1136,4,natural:144041236,ok,bursty|nat_144041236|bursty|rep4|seed20240909,7.055
bursty,,nan,nat_144041236,e78b6a9ee90899e4deaf9a784a867d34e2b2bdd9ceb5175061641d249fdd3486,ce437da4856845a9,,09cdb7e2aa485f56,B0d,16,16,7fe30b1136,3,natural:144041236,ok,bursty|nat_144041236|bursty|rep3|seed20240909,7.2421
bursty,,nan,nat_144041236,e78b6a9ee90899e4deaf9a784a867d34e2b2bdd9ceb5175061641d249fdd3486,ce437da4856845a9,,b1fc202b705438fa,B0d,16,16,7fe30b1136,2,natural:144041236,ok,bursty|nat_144041236|bursty|rep2|seed20240909,7.3351
clean,,nan,nat_144041236,e78b6a9ee90899e4deaf9a784a867d34e2b2bdd9ceb5175061641d249fdd3486,ce437da4856845a9,,748318a5dca12c59,B3,16,16,7fe30b1136,1,natural:144041236,ok,clean|nat_144041236|clean|rep1|seed20240909,4.3376
clean,,nan,nat_144041236,e78b6a9ee90899e4deaf9a784a867d34e2b2bdd9ceb5175061641d249fdd3486,ce437da4856845a9,,2c9fc7f633e96b8a,B3,16,16,7fe30b1136,3,natural:144041236,ok,clean|nat_144041236|clean|rep3|seed20240909,4.2812
clean,,nan,nat_144041236,e78b6a9ee90899e4deaf9a784a867d34e2b2bdd9ceb5175061641d249fdd3486,ce437da4856845a9,,52a0733a87c3e800,B3,16,16,7fe30b1136,0,natural:144041236,ok,clean|nat_144041236|clean|rep0|seed20240909,4.5277
clean,,nan,nat_144041236,e78b6a9ee90899e4deaf9a784a867d34e2b2bdd9ceb5175061641d249fdd3486,ce437da4856845a9,,8d1605ef43392ffd,B3,16,16,7fe30b1136,4,natural:144041236,ok,clean|nat_144041236|clean|rep4|seed20240909,4.4145
clean,,nan,nat_144041236,e78b6a9ee90899e4deaf9a784a867d34e2b2bdd9ceb5175061641d249fdd3486,ce437da4856845a9,,513c0e3165f28364,B3,16,16,7fe30b1136,2,natural:144041236,ok,clean|nat_144041236|clean|rep2|seed20240909,4.5354
mild,,nan,nat_144041236,e78b6a9ee90899e4deaf9a784a867d34e2b2bdd9ceb5175061641d249fdd3486,ce437da4856845a9,,560a86448131f4a3,B3,16,16,7fe30b1136,1,natural:144041236,ok,mild|nat_144041236|mild|rep1|seed20240909,4.631
mild,,nan,nat_144041236,e78b6a9ee90899e4deaf9a784a867d34e2b2bdd9ceb5175061641d249fdd3486,ce437da4856845a9,,77ef36a4ad999293,B3,16,16,7fe30b1136,2,natural:144041236,ok,mild|nat_144041236|mild|rep2|seed20240909,4.6373
mild,,nan,nat_144041236,e78b6a9ee90899e4deaf9a784a867d34e2b2bdd9ceb5175061641d249fdd3486,ce437da4856845a9,,095db7eb0d5a1bf4,B3,16,16,7fe30b1136,0,natural:144041236,ok,mild|nat_144041236|mild|rep0|seed20240909,4.8367
mild,,nan,nat_144041236,e78b6a9ee90899e4deaf9a784a867d34e2b2bdd9ceb5175061641d249fdd3486,ce437da4856845a9,,9d715995552191eb,B3,16,16,7fe30b1136,4,natural:144041236,ok,mild|nat_144041236|mild|rep4|seed20240909,4.7114
mild,,nan,nat_144041236,e78b6a9ee90899e4deaf9a784a867d34e2b2bdd9ceb5175061641d249fdd3486,ce437da4856845a9,,f4e6b4a2da7bcd70,B3,16,16,7fe30b1136,3,natural:144041236,ok,mild|nat_144041236|mild|rep3|seed20240909,4.7874
moderate,,nan,nat_144041236,e78b6a9ee90899e4deaf9a784a867d34e2b2bdd9ceb5175061641d249fdd3486,ce437da4856845a9,,1d9e99e2c4c70caa,B3,16,16,7fe30b1136,0,natural:144041236,ok,moderate|nat_144041236|moderate|rep0|seed20240909,6.4671
moderate,,nan,nat_144041236,e78b6a9ee90899e4deaf9a784a867d34e2b2bdd9ceb5175061641d249fdd3486,ce437da4856845a9,,bd4ff7101bd30d7d,B3,16,16,7fe30b1136,1,natural:144041236,ok,moderate|nat_144041236|moderate|rep1|seed20240909,6.7945
moderate,,nan,nat_144041236,e78b6a9ee90899e4deaf9a784a867d34e2b2bdd9ceb5175061641d249fdd3486,ce437da4856845a9,,5e518bc7ab23a386,B3,16,16,7fe30b1136,2,natural:144041236,ok,moderate|nat_144041236|moderate|rep2|seed20240909,6.5438
harsh,,nan,nat_144041236,e78b6a9ee90899e4deaf9a784a867d34e2b2bdd9ceb5175061641d249fdd3486,ce437da4856845a9,,ea51721a12d3dc76,B3,16,16,7fe30b1136,0,natural:144041236,ok,harsh|nat_144041236|harsh|rep0|seed20240909,3.3399
bursty,,nan,nat_144041236,e78b6a9ee90899e4deaf9a784a867d34e2b2bdd9ceb5175061641d249fdd3486,ce437da4856845a9,,ed5f58862ef7497a,B3,16,16,7fe30b1136,0,natural:144041236,ok,bursty|nat_144041236|bursty|rep0|seed20240909,6.3585
moderate,,nan,nat_144041236,e78b6a9ee90899e4deaf9a784a867d34e2b2bdd9ceb5175061641d249fdd3486,ce437da4856845a9,,11ef19c750ad4496,B3,16,16,7fe30b1136,3,natural:144041236,ok,moderate|nat_144041236|moderate|rep3|seed20240909,6.6583
harsh,,nan,nat_144041236,e78b6a9ee90899e4deaf9a784a867d34e2b2bdd9ceb5175061641d249fdd3486,ce437da4856845a9,,6389ec71afe87a40,B3,16,16,7fe30b1136,2,natural:144041236,ok,harsh|nat_144041236|harsh|rep2|seed20240909,3.3364
harsh,,nan,nat_144041236,e78b6a9ee90899e4deaf9a784a867d34e2b2bdd9ceb5175061641d249fdd3486,ce437da4856845a9,,c81e4afece8dd19c,B3,16,16,7fe30b1136,1,natural:144041236,ok,harsh|nat_144041236|harsh|rep1|seed20240909,3.45
moderate,,nan,nat_144041236,e78b6a9ee90899e4deaf9a784a867d34e2b2bdd9ceb5175061641d249fdd3486,ce437da4856845a9,,a60df3b31cfcae09,B3,16,16,7fe30b1136,4,natural:144041236,ok,moderate|nat_144041236|moderate|rep4|seed20240909,6.7266
harsh,,nan,nat_144041236,e78b6a9ee90899e4deaf9a784a867d34e2b2bdd9ceb5175061641d249fdd3486,ce437da4856845a9,,9953eea7855a70e1,B3,16,16,7fe30b1136,3,natural:144041236,ok,harsh|nat_144041236|harsh|rep3|seed20240909,3.4017
harsh,,nan,nat_144041236,e78b6a9ee90899e4deaf9a784a867d34e2b2bdd9ceb5175061641d249fdd3486,ce437da4856845a9,,555bd3c4f4da04b0,B3,16,16,7fe30b1136,4,natural:144041236,ok,harsh|nat_144041236|harsh|rep4|seed20240909,3.4208
clean,,nan,nat_144041236,e78b6a9ee90899e4deaf9a784a867d34e2b2bdd9ceb5175061641d249fdd3486,ce437da4856845a9,,5bd07f8bcaf4e497,B4,16,16,7fe30b1136,0,natural:144041236,ok,clean|nat_144041236|clean|rep0|seed20240909,4.1857
bursty,,nan,nat_144041236,e78b6a9ee90899e4deaf9a784a867d34e2b2bdd9ceb5175061641d249fdd3486,ce437da4856845a9,,39484d1784030a36,B3,16,16,7fe30b1136,1,natural:144041236,ok,bursty|nat_144041236|bursty|rep1|seed20240909,6.3686
bursty,,nan,nat_144041236,e78b6a9ee90899e4deaf9a784a867d34e2b2bdd9ceb5175061641d249fdd3486,ce437da4856845a9,,c4ca42714e31e4fc,B3,16,16,7fe30b1136,4,natural:144041236,ok,bursty|nat_144041236|bursty|rep4|seed20240909,6.2053
clean,,nan,nat_144041236,e78b6a9ee90899e4deaf9a784a867d34e2b2bdd9ceb5175061641d249fdd3486,ce437da4856845a9,,070bf5b1bcd34bd5,B4,16,16,7fe30b1136,1,natural:144041236,ok,clean|nat_144041236|clean|rep1|seed20240909,4.1047
bursty,,nan,nat_144041236,e78b6a9ee90899e4deaf9a784a867d34e2b2bdd9ceb5175061641d249fdd3486,ce437da4856845a9,,b6055d37d5f87108,B3,16,16,7fe30b1136,2,natural:144041236,ok,bursty|nat_144041236|bursty|rep2|seed20240909,6.8062
bursty,,nan,nat_144041236,e78b6a9ee90899e4deaf9a784a867d34e2b2bdd9ceb5175061641d249fdd3486,ce437da4856845a9,,4147a9e9c7dda820,B3,16,16,7fe30b1136,3,natural:144041236,ok,bursty|nat_144041236|bursty|rep3|seed20240909,6.743
clean,,nan,nat_144041236,e78b6a9ee90899e4deaf9a784a867d34e2b2bdd9ceb5175061641d249fdd3486,ce437da4856845a9,,3adf6f9ea6514aea,B4,16,16,7fe30b1136,2,natural:144041236,ok,clean|nat_144041236|clean|rep2|seed20240909,4.0798
clean,,nan,nat_144041236,e78b6a9ee90899e4deaf9a784a867d34e2b2bdd9ceb5175061641d249fdd3486,ce437da4856845a9,,dbfac2e738f52600,B4,16,16,7fe30b1136,3,natural:144041236,ok,clean|nat_144041236|clean|rep3|seed20240909,4.3924
clean,,nan,nat_144041236,e78b6a9ee90899e4deaf9a784a867d34e2b2bdd9ceb5175061641d249fdd3486,ce437da4856845a9,,a7ad7a96f7e4f6fd,B4,16,16,7fe30b1136,4,natural:144041236,ok,clean|nat_144041236|clean|rep4|seed20240909,4.3998
mild,,nan,nat_144041236,e78b6a9ee90899e4deaf9a784a867d34e2b2bdd9ceb5175061641d249fdd3486,ce437da4856845a9,,751de32ce3d4a9cc,B4,16,16,7fe30b1136,0,natural:144041236,ok,mild|nat_144041236|mild|rep0|seed20240909,4.4871
mild,,nan,nat_144041236,e78b6a9ee90899e4deaf9a784a867d34e2b2bdd9ceb5175061641d249fdd3486,ce437da4856845a9,,b8bd672cdc98afd4,B4,16,16,7fe30b1136,1,natural:144041236,ok,mild|nat_144041236|mild|rep1|seed20240909,4.5281
mild,,nan,nat_144041236,e78b6a9ee90899e4deaf9a784a867d34e2b2bdd9ceb5175061641d249fdd3486,ce437da4856845a9,,8234ad9da594c93a,B4,16,16,7fe30b1136,4,natural:144041236,ok,mild|nat_144041236|mild|rep4|seed20240909,4.3858
mild,,nan,nat_144041236,e78b6a9ee90899e4deaf9a784a867d34e2b2bdd9ceb5175061641d249fdd3486,ce437da4856845a9,,f63705df33103565,B4,16,16,7fe30b1136,2,natural:144041236,ok,mild|nat_144041236|mild|rep2|seed20240909,4.6023
mild,,nan,nat_144041236,e78b6a9ee90899e4deaf9a784a867d34e2b2bdd9ceb5175061641d249fdd3486,ce437da4856845a9,,a3c7c9936a61ee67,B4,16,16,7fe30b1136,3,natural:144041236,ok,mild|nat_144041236|mild|rep3|seed20240909,4.6005
harsh,,nan,nat_144041236,e78b6a9ee90899e4deaf9a784a867d34e2b2bdd9ceb5175061641d249fdd3486,ce437da4856845a9,,36fe3ea1a475d24d,B4,16,16,7fe30b1136,0,natural:144041236,ok,harsh|nat_144041236|harsh|rep0|seed20240909,2.6607
moderate,,nan,nat_144041236,e78b6a9ee90899e4deaf9a784a867d34e2b2bdd9ceb5175061641d249fdd3486,ce437da4856845a9,,21d1617465761197,B4,16,16,7fe30b1136,0,natural:144041236,ok,moderate|nat_144041236|moderate|rep0|seed20240909,6.988
harsh,,nan,nat_144041236,e78b6a9ee90899e4deaf9a784a867d34e2b2bdd9ceb5175061641d249fdd3486,ce437da4856845a9,,178b2a0d1b3a7d96,B4,16,16,7fe30b1136,2,natural:144041236,ok,harsh|nat_144041236|harsh|rep2|seed20240909,2.7082
harsh,,nan,nat_144041236,e78b6a9ee90899e4deaf9a784a867d34e2b2bdd9ceb5175061641d249fdd3486,ce437da4856845a9,,41982ed96c0c0f73,B4,16,16,7fe30b1136,1,natural:144041236,ok,harsh|nat_144041236|harsh|rep1|seed20240909,2.8415
harsh,,nan,nat_144041236,e78b6a9ee90899e4deaf9a784a867d34e2b2bdd9ceb5175061641d249fdd3486,ce437da4856845a9,,c640c86cae0d745f,B4,16,16,7fe30b1136,3,natural:144041236,ok,harsh|nat_144041236|harsh|rep3|seed20240909,2.7688
harsh,,nan,nat_144041236,e78b6a9ee90899e4deaf9a784a867d34e2b2bdd9ceb5175061641d249fdd3486,ce437da4856845a9,,3eb6e4ce1ea08803,B4,16,16,7fe30b1136,4,natural:144041236,ok,harsh|nat_144041236|harsh|rep4|seed20240909,2.7947
moderate,,nan,nat_144041236,e78b6a9ee90899e4deaf9a784a867d34e2b2bdd9ceb5175061641d249fdd3486,ce437da4856845a9,,acd13baf8270e1e3,B4,16,16,7fe30b1136,1,natural:144041236,ok,moderate|nat_144041236|moderate|rep1|seed20240909,7.8029
moderate,,nan,nat_144041236,e78b6a9ee90899e4deaf9a784a867d34e2b2bdd9ceb5175061641d249fdd3486,ce437da4856845a9,,1471900e1ad9ea7a,B4,16,16,7fe30b1136,2,natural:144041236,ok,moderate|nat_144041236|moderate|rep2|seed20240909,7.0947
bursty,,nan,nat_144041236,e78b6a9ee90899e4deaf9a784a867d34e2b2bdd9ceb5175061641d249fdd3486,ce437da4856845a9,,9b57a17fe15a19f4,B4,16,16,7fe30b1136,0,natural:144041236,ok,bursty|nat_144041236|bursty|rep0|seed20240909,6.8633
moderate,,nan,nat_144041236,e78b6a9ee90899e4deaf9a784a867d34e2b2bdd9ceb5175061641d249fdd3486,ce437da4856845a9,,bef659eb826e7f28,B4,16,16,7fe30b1136,3,natural:144041236,ok,moderate|nat_144041236|moderate|rep3|seed20240909,7.319
bursty,,nan,nat_144041236,e78b6a9ee90899e4deaf9a784a867d34e2b2bdd9ceb5175061641d249fdd3486,ce437da4856845a9,,c38fa57ce97f58ef,B4,16,16,7fe30b1136,1,natural:144041236,ok,bursty|nat_144041236|bursty|rep1|seed20240909,7.0316
moderate,,nan,nat_144041236,e78b6a9ee90899e4deaf9a784a867d34e2b2bdd9ceb5175061641d249fdd3486,ce437da4856845a9,,3f75c57a777af5cb,B4,16,16,7fe30b1136,4,natural:144041236,ok,moderate|nat_144041236|moderate|rep4|seed20240909,7.7528
bursty,,nan,nat_144041236,e78b6a9ee90899e4deaf9a784a867d34e2b2bdd9ceb5175061641d249fdd3486,ce437da4856845a9,,dffa919a483ce8aa,B4,16,16,7fe30b1136,2,natural:144041236,ok,bursty|nat_144041236|bursty|rep2|seed20240909,7.4139
bursty,,nan,nat_144041236,e78b6a9ee90899e4deaf9a784a867d34e2b2bdd9ceb5175061641d249fdd3486,ce437da4856845a9,,e7c022de77d52a00,B4,16,16,7fe30b1136,3,natural:144041236,ok,bursty|nat_144041236|bursty|rep3|seed20240909,7.4036
bursty,,nan,nat_144041236,e78b6a9ee90899e4deaf9a784a867d34e2b2bdd9ceb5175061641d249fdd3486,ce437da4856845a9,,01120bd95488e6c1,B4,16,16,7fe30b1136,4,natural:144041236,ok,bursty|nat_144041236|bursty|rep4|seed20240909,6.955
clean,,nan,nat_144041236,e78b6a9ee90899e4deaf9a784a867d34e2b2bdd9ceb5175061641d249fdd3486,ce437da4856845a9,,c0273d3b13a906a0,B4t,16,16,7e31e8b9ec,0,natural:144041236,ok,clean|nat_144041236|clean|rep0|seed20240909,6.1596
clean,,nan,nat_144041236,e78b6a9ee90899e4deaf9a784a867d34e2b2bdd9ceb5175061641d249fdd3486,ce437da4856845a9,,65eda5ff1c2d8703,B4t,16,16,7e31e8b9ec,1,natural:144041236,ok,clean|nat_144041236|clean|rep1|seed20240909,6.1532
clean,,nan,nat_144041236,e78b6a9ee90899e4deaf9a784a867d34e2b2bdd9ceb5175061641d249fdd3486,ce437da4856845a9,,4d15f7b61952e429,B4t,16,16,7e31e8b9ec,2,natural:144041236,ok,clean|nat_144041236|clean|rep2|seed20240909,6.0482
clean,,nan,nat_144041236,e78b6a9ee90899e4deaf9a784a867d34e2b2bdd9ceb5175061641d249fdd3486,ce437da4856845a9,,d870a5191f7f948f,B4t,16,16,7e31e8b9ec,3,natural:144041236,ok,clean|nat_144041236|clean|rep3|seed20240909,6.146
clean,,nan,nat_144041236,e78b6a9ee90899e4deaf9a784a867d34e2b2bdd9ceb5175061641d249fdd3486,ce437da4856845a9,,7c6b33eb36f1e275,B4t,16,16,7e31e8b9ec,4,natural:144041236,ok,clean|nat_144041236|clean|rep4|seed20240909,6.1757
mild,,nan,nat_144041236,e78b6a9ee90899e4deaf9a784a867d34e2b2bdd9ceb5175061641d249fdd3486,ce437da4856845a9,,01278f8e3dd6d134,B4t,16,16,7e31e8b9ec,0,natural:144041236,ok,mild|nat_144041236|mild|rep0|seed20240909,6.5131
mild,,nan,nat_144041236,e78b6a9ee90899e4deaf9a784a867d34e2b2bdd9ceb5175061641d249fdd3486,ce437da4856845a9,,2f19b11450005a05,B4t,16,16,7e31e8b9ec,1,natural:144041236,ok,mild|nat_144041236|mild|rep1|seed20240909,6.438
mild,,nan,nat_144041236,e78b6a9ee90899e4deaf9a784a867d34e2b2bdd9ceb5175061641d249fdd3486,ce437da4856845a9,,2cc68b24fcee91dc,B4t,16,16,7e31e8b9ec,2,natural:144041236,ok,mild|nat_144041236|mild|rep2|seed20240909,6.5015
mild,,nan,nat_144041236,e78b6a9ee90899e4deaf9a784a867d34e2b2bdd9ceb5175061641d249fdd3486,ce437da4856845a9,,e503450caea77604,B4t,16,16,7e31e8b9ec,3,natural:144041236,ok,mild|nat_144041236|mild|rep3|seed20240909,6.583
mild,,nan,nat_144041236,e78b6a9ee90899e4deaf9a784a867d34e2b2bdd9ceb5175061641d249fdd3486,ce437da4856845a9,,c8a6c379e408785a,B4t,16,16,7e31e8b9ec,4,natural:144041236,ok,mild|nat_144041236|mild|rep4|seed20240909,6.5236
harsh,,nan,nat_144041236,e78b6a9ee90899e4deaf9a784a867d34e2b2bdd9ceb5175061641d249fdd3486,ce437da4856845a9,,09151119a2870967,B4t,16,16,7e31e8b9ec,0,natural:144041236,ok,harsh|nat_144041236|harsh|rep0|seed20240909,3.6333
harsh,,nan,nat_144041236,e78b6a9ee90899e4deaf9a784a867d34e2b2bdd9ceb5175061641d249fdd3486,ce437da4856845a9,,d7f7894701bb8413,B4t,16,16,7e31e8b9ec,1,natural:144041236,ok,harsh|nat_144041236|harsh|rep1|seed20240909,3.6252
harsh,,nan,nat_144041236,e78b6a9ee90899e4deaf9a784a867d34e2b2bdd9ceb5175061641d249fdd3486,ce437da4856845a9,,4a14517c23e5a034,B4t,16,16,7e31e8b9ec,2,natural:144041236,ok,harsh|nat_144041236|harsh|rep2|seed20240909,3.8614
harsh,,nan,nat_144041236,e78b6a9ee90899e4deaf9a784a867d34e2b2bdd9ceb5175061641d249fdd3486,ce437da4856845a9,,e3b2bce9a94626d8,B4t,16,16,7e31e8b9ec,3,natural:144041236,ok,harsh|nat_144041236|harsh|rep3|seed20240909,3.5951
harsh,,nan,nat_144041236,e78b6a9ee90899e4deaf9a784a867d34e2b2bdd9ceb5175061641d249fdd3486,ce437da4856845a9,,a59b6b56b92e046e,B4t,16,16,7e31e8b9ec,4,natural:144041236,ok,harsh|nat_144041236|harsh|rep4|seed20240909,3.6902
moderate,,nan,nat_144041236,e78b6a9ee90899e4deaf9a784a867d34e2b2bdd9ceb5175061641d249fdd3486,ce437da4856845a9,,6f37a4e54a1be1ed,B4t,16,16,7e31e8b9ec,0,natural:144041236,ok,moderate|nat_144041236|moderate|rep0|seed20240909,11.1979
moderate,,nan,nat_144041236,e78b6a9ee90899e4deaf9a784a867d34e2b2bdd9ceb5175061641d249fdd3486,ce437da4856845a9,,34a3ede9bd9a9e99,B4t,16,16,7e31e8b9ec,1,natural:144041236,ok,moderate|nat_144041236|moderate|rep1|seed20240909,11.583
moderate,,nan,nat_144041236,e78b6a9ee90899e4deaf9a784a867d34e2b2bdd9ceb5175061641d249fdd3486,ce437da4856845a9,,66b7424becce9079,B4t,16,16,7e31e8b9ec,3,natural:144041236,ok,moderate|nat_144041236|moderate|rep3|seed20240909,11.219
moderate,,nan,nat_144041236,e78b6a9ee90899e4deaf9a784a867d34e2b2bdd9ceb5175061641d249fdd3486,ce437da4856845a9,,e6fe5a5734ca2424,B4t,16,16,7e31e8b9ec,2,natural:144041236,ok,moderate|nat_144041236|moderate|rep2|seed20240909,11.5348
moderate,,nan,nat_144041236,e78b6a9ee90899e4deaf9a784a867d34e2b2bdd9ceb5175061641d249fdd3486,ce437da4856845a9,,94947f7acf5ebdae,B4t,16,16,7e31e8b9ec,4,natural:144041236,ok,moderate|nat_144041236|moderate|rep4|seed20240909,11.3476
bursty,,nan,nat_144041236,e78b6a9ee90899e4deaf9a784a867d34e2b2bdd9ceb5175061641d249fdd3486,ce437da4856845a9,,e553d7d150fd5c8c,B4t,16,16,7e31e8b9ec,0,natural:144041236,ok,bursty|nat_144041236|bursty|rep0|seed20240909,11.5913
bursty,,nan,nat_144041236,e78b6a9ee90899e4deaf9a784a867d34e2b2bdd9ceb5175061641d249fdd3486,ce437da4856845a9,,02cf95e84add9340,B4t,16,16,7e31e8b9ec,1,natural:144041236,ok,bursty|nat_144041236|bursty|rep1|seed20240909,11.7263
clean,,nan,nat_144041236,e78b6a9ee90899e4deaf9a784a867d34e2b2bdd9ceb5175061641d249fdd3486,ce437da4856845a9,,cf511330a751e643,P,16,16,f6706417e8,0,natural:144041236,ok,clean|nat_144041236|clean|rep0|seed20240909,7.1366
clean,,nan,nat_144041236,e78b6a9ee90899e4deaf9a784a867d34e2b2bdd9ceb5175061641d249fdd3486,ce437da4856845a9,,7cdcf78b361f0af5,P,16,16,f6706417e8,1,natural:144041236,ok,clean|nat_144041236|clean|rep1|seed20240909,7.1799
clean,,nan,nat_144041236,e78b6a9ee90899e4deaf9a784a867d34e2b2bdd9ceb5175061641d249fdd3486,ce437da4856845a9,,444266c81979e65a,P,16,16,f6706417e8,2,natural:144041236,ok,clean|nat_144041236|clean|rep2|seed20240909,6.9434
clean,,nan,nat_144041236,e78b6a9ee90899e4deaf9a784a867d34e2b2bdd9ceb5175061641d249fdd3486,ce437da4856845a9,,666102d6bb492412,P,16,16,f6706417e8,3,natural:144041236,ok,clean|nat_144041236|clean|rep3|seed20240909,7.192
bursty,,nan,nat_144041236,e78b6a9ee90899e4deaf9a784a867d34e2b2bdd9ceb5175061641d249fdd3486,ce437da4856845a9,,3eb6fb0d6ac0fc27,B4t,16,16,7e31e8b9ec,2,natural:144041236,ok,bursty|nat_144041236|bursty|rep2|seed20240909,12.1143
clean,,nan,nat_144041236,e78b6a9ee90899e4deaf9a784a867d34e2b2bdd9ceb5175061641d249fdd3486,ce437da4856845a9,,8eadc93460d499a2,P,16,16,f6706417e8,4,natural:144041236,ok,clean|nat_144041236|clean|rep4|seed20240909,7.1512
bursty,,nan,nat_144041236,e78b6a9ee90899e4deaf9a784a867d34e2b2bdd9ceb5175061641d249fdd3486,ce437da4856845a9,,116131f1425b58fa,B4t,16,16,7e31e8b9ec,3,natural:144041236,ok,bursty|nat_144041236|bursty|rep3|seed20240909,12.1818
bursty,,nan,nat_144041236,e78b6a9ee90899e4deaf9a784a867d34e2b2bdd9ceb5175061641d249fdd3486,ce437da4856845a9,,707c9f5aec1e3e8b,B4t,16,16,7e31e8b9ec,4,natural:144041236,ok,bursty|nat_144041236|bursty|rep4|seed20240909,12.2416
mild,,nan,nat_144041236,e78b6a9ee90899e4deaf9a784a867d34e2b2bdd9ceb5175061641d249fdd3486,ce437da4856845a9,,cd9f101ce323fe76,P,16,16,f6706417e8,0,natural:144041236,ok,mild|nat_144041236|mild|rep0|seed20240909,7.5393
mild,,nan,nat_144041236,e78b6a9ee90899e4deaf9a784a867d34e2b2bdd9ceb5175061641d249fdd3486,ce437da4856845a9,,b2c221a1d7a6b72d,P,16,16,f6706417e8,1,natural:144041236,ok,mild|nat_144041236|mild|rep1|seed20240909,7.6259
mild,,nan,nat_144041236,e78b6a9ee90899e4deaf9a784a867d34e2b2bdd9ceb5175061641d249fdd3486,ce437da4856845a9,,9217591b092a8df3,P,16,16,f6706417e8,2,natural:144041236,ok,mild|nat_144041236|mild|rep2|seed20240909,7.4248
mild,,nan,nat_144041236,e78b6a9ee90899e4deaf9a784a867d34e2b2bdd9ceb5175061641d249fdd3486,ce437da4856845a9,,bad4191c08890ab7,P,16,16,f6706417e8,3,natural:144041236,ok,mild|nat_144041236|mild|rep3|seed20240909,7.621
mild,,nan,nat_144041236,e78b6a9ee90899e4deaf9a784a867d34e2b2bdd9ceb5175061641d249fdd3486,ce437da4856845a9,,4aa8b936fb4a78a1,P,16,16,f6706417e8,4,natural:144041236,ok,mild|nat_144041236|mild|rep4|seed20240909,7.6943
harsh,,nan,nat_144041236,e78b6a9ee90899e4deaf9a784a867d34e2b2bdd9ceb5175061641d249fdd3486,ce437da4856845a9,,1cbf3755b1785f52,P,16,16,f6706417e8,0,natural:144041236,ok,harsh|nat_144041236|harsh|rep0|seed20240909,4.2796
harsh,,nan,nat_144041236,e78b6a9ee90899e4deaf9a784a867d34e2b2bdd9ceb5175061641d249fdd3486,ce437da4856845a9,,bbf632c90e9360ba,P,16,16,f6706417e8,1,natural:144041236,ok,harsh|nat_144041236|harsh|rep1|seed20240909,4.1541
harsh,,nan,nat_144041236,e78b6a9ee90899e4deaf9a784a867d34e2b2bdd9ceb5175061641d249fdd3486,ce437da4856845a9,,38c673ff9203d334,P,16,16,f6706417e8,2,natural:144041236,ok,harsh|nat_144041236|harsh|rep2|seed20240909,3.9887
harsh,,nan,nat_144041236,e78b6a9ee90899e4deaf9a784a867d34e2b2bdd9ceb5175061641d249fdd3486,ce437da4856845a9,,68048cc73451eeff,P,16,16,f6706417e8,3,natural:144041236,ok,harsh|nat_144041236|harsh|rep3|seed20240909,3.9705
harsh,,nan,nat_144041236,e78b6a9ee90899e4deaf9a784a867d34e2b2bdd9ceb5175061641d249fdd3486,ce437da4856845a9,,d0528193b30be82a,P,16,16,f6706417e8,4,natural:144041236,ok,harsh|nat_144041236|harsh|rep4|seed20240909,3.8436
moderate,,nan,nat_144041236,e78b6a9ee90899e4deaf9a784a867d34e2b2bdd9ceb5175061641d249fdd3486,ce437da4856845a9,,0432e01aa113f190,P,16,16,f6706417e8,0,natural:144041236,ok,moderate|nat_144041236|moderate|rep0|seed20240909,12.1184
moderate,,nan,nat_144041236,e78b6a9ee90899e4deaf9a784a867d34e2b2bdd9ceb5175061641d249fdd3486,ce437da4856845a9,,0388c77b27690bbb,P,16,16,f6706417e8,1,natural:144041236,ok,moderate|nat_144041236|moderate|rep1|seed20240909,12.4997
moderate,,nan,nat_144041236,e78b6a9ee90899e4deaf9a784a867d34e2b2bdd9ceb5175061641d249fdd3486,ce437da4856845a9,,de07451536da912e,P,16,16,f6706417e8,2,natural:144041236,ok,moderate|nat_144041236|moderate|rep2|seed20240909,12.2323
moderate,,nan,nat_144041236,e78b6a9ee90899e4deaf9a784a867d34e2b2bdd9ceb5175061641d249fdd3486,ce437da4856845a9,,3ced93599a1c767e,P,16,16,f6706417e8,3,natural:144041236,ok,moderate|nat_144041236|moderate|rep3|seed20240909,12.1845
moderate,,nan,nat_144041236,e78b6a9ee90899e4deaf9a784a867d34e2b2bdd9ceb5175061641d249fdd3486,ce437da4856845a9,,47d3e93d252eae17,P,16,16,f6706417e8,4,natural:144041236,ok,moderate|nat_144041236|moderate|rep4|seed20240909,11.8493
bursty,,nan,nat_144041236,e78b6a9ee90899e4deaf9a784a867d34e2b2bdd9ceb5175061641d249fdd3486,ce437da4856845a9,,f7de04e48cdc58d5,P,16,16,f6706417e8,0,natural:144041236,ok,bursty|nat_144041236|bursty|rep0|seed20240909,11.7875
bursty,,nan,nat_144041236,e78b6a9ee90899e4deaf9a784a867d34e2b2bdd9ceb5175061641d249fdd3486,ce437da4856845a9,,88ac687c8d02e6dd,P,16,16,f6706417e8,2,natural:144041236,ok,bursty|nat_144041236|bursty|rep2|seed20240909,11.4633
bursty,,nan,nat_144041236,e78b6a9ee90899e4deaf9a784a867d34e2b2bdd9ceb5175061641d249fdd3486,ce437da4856845a9,,0b462cc6486fcba0,P,16,16,f6706417e8,1,natural:144041236,ok,bursty|nat_144041236|bursty|rep1|seed20240909,11.8696
bursty,,nan,nat_144041236,e78b6a9ee90899e4deaf9a784a867d34e2b2bdd9ceb5175061641d249fdd3486,ce437da4856845a9,,f360e5b59d4e2e89,P,16,16,f6706417e8,4,natural:144041236,ok,bursty|nat_144041236|bursty|rep4|seed20240909,11.5419
bursty,,nan,nat_144041236,e78b6a9ee90899e4deaf9a784a867d34e2b2bdd9ceb5175061641d249fdd3486,ce437da4856845a9,,8cf774098ea54257,P,16,16,f6706417e8,3,natural:144041236,ok,bursty|nat_144041236|bursty|rep3|seed20240909,11.7655
