a,b,channel,diffs,equivalence_hi90,equivalence_lo90,equivalence_margin,equivalence_verdict,equivalent,family_label,hi,holm_note,in_family,is_primary,lo,mean,method,metric,n_boot,n_diffs,n_scenes,n_scenes_dropped,n_units,n_units_dropped,p_bootstrap,p_holm,p_raw,p_source,p_wilcoxon,scenes_only_in_a,scenes_only_in_b,significant_at_95,significant_holm,unit_of_independence,units,units_only_in_a,units_only_in_b
B0a,B0a-R,bursty,-5.631036;-5.525488;-4.512211;-6.017879;-5.037017;-5.132283;-4.720419;-4.390432;-4.903032;-5.518583;-4.867941;-4.680153;-5.045517;-5.610793,-4.909268449278528,-5.318337105913301,0.5,еквівалентність у межах ±0.5 НЕ показана (90% CI [-5.32; -4.91]): різниця просто не встановлена,False,exploratory,-4.86996042706169,поза наперед оголошеною сім'єю; не коригується,False,False,-5.358008045298695,-5.1137701789916585,paired cluster bootstrap over sources,psnr_full,10000,14,14,0,14,0,9.999000099990002e-05,nan,9.999000099990002e-05,"двобічний bootstrap-тест на парних різницях (10000 перевибірок, seed 20240909)",0.0001220703125,,,True,False,source,commons:105627169;commons:106651461;commons:108911529;commons:116466520;commons:122435702;commons:123079448;commons:123689542;commons:132645039;commons:144041236;commons:74983792;commons:81047795;commons:97165575;commons:98913003;commons:99599833,,
B0a,B0d,bursty,-11.568875;-8.228299;-5.574919;-9.264069;-2.181515;-5.678160;-3.951795;-3.022103;-6.585766;-4.182284;-4.891728;-6.334453;-3.059704;-6.166998,-4.688961261962277,-6.906668263089789,0.5,еквівалентність у межах ±0.5 НЕ показана (90% CI [-6.91; -4.69]): різниця просто не встановлена,False,exploratory,-4.514385039194874,поза наперед оголошеною сім'єю; не коригується,False,False,-7.134018803225547,-5.763619165095404,paired cluster bootstrap over sources,psnr_full,10000,14,14,0,14,0,9.999000099990002e-05,nan,9.999000099990002e-05,"двобічний bootstrap-тест на парних різницях (10000 перевибірок, seed 20240909)",0.0001220703125,,,True,False,source,commons:105627169;commons:106651461;commons:108911529;commons:116466520;commons:122435702;commons:123079448;commons:123689542;commons:132645039;commons:144041236;commons:74983792;commons:81047795;commons:97165575;commons:98913003;commons:99599833,,
B0a,B1,bursty,0.026771;0.115311;0.264077;0.293452;0.143003;0.038002;0.047002;0.145273;0.019161;0.019834;0.099880;0.143425;0.097443;0.171373,0.1539548903475949,0.08101573717672604,0.5,еквівалентність у межах ±0.5 показана (90% CI [+0.08; +0.15]),True,exploratory,0.16151962366942185,поза наперед оголошеною сім'єю; не коригується,False,False,0.07515949964684318,0.11600038588066688,paired cluster bootstrap over sources,psnr_full,10000,14,14,0,14,0,9.999000099990002e-05,nan,9.999000099990002e-05,"двобічний bootstrap-тест на парних різницях (10000 перевибірок, seed 20240909)",0.0001220703125,,,True,False,source,commons:105627169;commons:106651461;commons:108911529;commons:116466520;commons:122435702;commons:123079448;commons:123689542;commons:132645039;commons:144041236;commons:74983792;commons:81047795;commons:97165575;commons:98913003;commons:99599833,,
B0a,B2,bursty,0.136165;0.181219;0.310868;0.275123;0.106131;0.018857;0.060253;0.197717;0.166767;0.021779;0.148788;0.130247;0.159754;0.022222,0.1765222451902903,0.10085086537173532,0.5,еквівалентність у межах ±0.5 показана (90% CI [+0.10; +0.18]),True,exploratory,0.18387093597746265,поза наперед оголошеною сім'єю; не коригується,False,False,0.0943173995782373,0.13827781181748872,paired cluster bootstrap over sources,psnr_full,10000,14,14,0,14,0,9.999000099990002e-05,nan,9.999000099990002e-05,"двобічний bootstrap-тест на парних різницях (10000 перевибірок, seed 20240909)",0.0001220703125,,,True,False,source,commons:105627169;commons:106651461;commons:108911529;commons:116466520;commons:122435702;commons:123079448;commons:123689542;commons:132645039;commons:144041236;commons:74983792;commons:81047795;commons:97165575;commons:98913003;commons:99599833,,
B0a,B3,bursty,-18.604163;-13.418031;-11.650396;-14.646851;-7.881869;-11.213692;-9.065688;-9.754048;-10.517886;-8.975005;-7.718724;-10.989101;-9.319415;-12.759038,-9.996322020498805,-12.509217403182744,0.5,еквівалентність у межах ±0.5 НЕ показана (90% CI [-12.51; -10.00]): різниця просто не встановлена,False,exploratory,-9.80865999033778,поза наперед оголошеною сім'єю; не коригується,False,False,-12.789482507392524,-11.179564794471153,paired cluster bootstrap over sources,psnr_full,10000,14,14,0,14,0,9.999000099990002e-05,nan,9.999000099990002e-05,"двобічний bootstrap-тест на парних різницях (10000 перевибірок, seed 20240909)",0.0001220703125,,,True,False,source,commons:105627169;commons:106651461;commons:108911529;commons:116466520;commons:122435702;commons:123079448;commons:123689542;commons:132645039;commons:144041236;commons:74983792;commons:81047795;commons:97165575;commons:98913003;commons:99599833,,
B0a,B4,bursty,-11.782257;-8.586209;-5.642131;-9.416621;-2.148068;-5.659771;-3.854161;-2.821920;-6.693251;-4.356129;-4.841935;-6.276663;-2.890539;-6.314502,-4.688434578244216,-6.997299209012363,0.5,еквівалентність у межах ±0.5 НЕ показана (90% CI [-7.00; -4.69]): різниця просто не встановлена,False,exploratory,-4.491211929762617,поза наперед оголошеною сім'єю; не коригується,False,False,-7.235436065830493,-5.806011285938992,paired cluster bootstrap over sources,psnr_full,10000,14,14,0,14,0,9.999000099990002e-05,nan,9.999000099990002e-05,"двобічний bootstrap-тест на парних різницях (10000 перевибірок, seed 20240909)",0.0001220703125,,,True,False,source,commons:105627169;commons:106651461;commons:108911529;commons:116466520;commons:122435702;commons:123079448;commons:123689542;commons:132645039;commons:144041236;commons:74983792;commons:81047795;commons:97165575;commons:98913003;commons:99599833,,
B0a,B4t,bursty,-13.707683;-9.882546;-7.892505;-10.544399;-3.902396;-8.150610;-5.899723;-5.334620;-7.156077;-6.579500;-4.873321;-7.860673;-5.130796;-7.601805,-6.401435999428194,-8.626876881864325,0.5,еквівалентність у межах ±0.5 НЕ показана (90% CI [-8.63; -6.40]): різниця просто не встановлена,False,exploratory,-6.218744654103382,поза наперед оголошеною сім'єю; не коригується,False,False,-8.856999047242569,-7.465475294432841,paired cluster bootstrap over sources,psnr_full,10000,14,14,0,14,0,9.999000099990002e-05,nan,9.999000099990002e-05,"двобічний bootstrap-тест на парних різницях (10000 перевибірок, seed 20240909)",0.0001220703125,,,True,False,source,commons:105627169;commons:106651461;commons:108911529;commons:116466520;commons:122435702;commons:123079448;commons:123689542;commons:132645039;commons:144041236;commons:74983792;commons:81047795;commons:97165575;commons:98913003;commons:99599833,,
B0a,P,bursty,-14.276317;-10.104328;-7.546737;-11.310641;-3.692747;-7.561763;-4.556414;-4.578678;-7.022922;-5.789751;-4.044424;-7.162780;-4.654429;-7.241157,-5.8768464779235,-8.473070639434546,0.5,еквівалентність у межах ±0.5 НЕ показана (90% CI [-8.47; -5.88]): різниця просто не встановлена,False,exploratory,-5.660142055010217,поза наперед оголошеною сім'єю; не коригується,False,False,-8.744534888253115,-7.110220767707022,paired cluster bootstrap over sources,psnr_full,10000,14,14,0,14,0,9.999000099990002e-05,nan,9.999000099990002e-05,"двобічний bootstrap-тест на парних різницях (10000 перевибірок, seed 20240909)",0.0001220703125,,,True,False,source,commons:105627169;commons:106651461;commons:108911529;commons:116466520;commons:122435702;commons:123079448;commons:123689542;commons:132645039;commons:144041236;commons:74983792;commons:81047795;commons:97165575;commons:98913003;commons:99599833,,
B0a-R,B0d,bursty,-5.937839;-2.702811;-1.062708;-3.246190;2.855502;-0.545877;0.768624;1.368329;-1.682734;1.336299;-0.023787;-1.654300;1.985813;-0.556205,0.32770127432148466,-1.6850719599582578,0.5,еквівалентність у межах ±0.5 НЕ показана (90% CI [-1.69; +0.33]): різниця просто не встановлена,False,exploratory,0.4841849475117879,поза наперед оголошеною сім'єю; не коригується,False,False,-1.8908851176463257,-0.6498489861037451,paired cluster bootstrap over sources,psnr_full,10000,14,14,0,14,0,0.28347165283471654,nan,0.28347165283471654,"двобічний bootstrap-тест на парних різницях (10000 перевибірок, seed 20240909)",0.42626953125,,,False,False,source,commons:105627169;commons:106651461;commons:108911529;commons:116466520;commons:122435702;commons:123079448;commons:123689542;commons:132645039;commons:144041236;commons:74983792;commons:81047795;commons:97165575;commons:98913003;commons:99599833,,
B0a-R,B1,bursty,5.657806;5.640799;4.776288;6.311331;5.180020;5.170285;4.767421;4.535705;4.922193;5.538417;4.967821;4.823578;5.142959;5.782166,5.443460251537417,5.024575798149657,0.5,еквівалентність у межах ±0.5 НЕ показана (90% CI [+5.02; +5.44]): різниця просто не встановлена,False,exploratory,5.487995382388561,поза наперед оголошеною сім'єю; не коригується,False,False,4.988505521118607,5.229770564872326,paired cluster bootstrap over sources,psnr_full,10000,14,14,0,14,0,9.999000099990002e-05,nan,9.999000099990002e-05,"двобічний bootstrap-тест на парних різницях (10000 перевибірок, seed 20240909)",0.0001220703125,,,True,False,source,commons:105627169;commons:106651461;commons:108911529;commons:116466520;commons:122435702;commons:123079448;commons:123689542;commons:132645039;commons:144041236;commons:74983792;commons:81047795;commons:97165575;commons:98913003;commons:99599833,,
B0a-R,B2,bursty,5.767201;5.706707;4.823079;6.293001;5.143148;5.151140;4.780672;4.588148;5.069799;5.540362;5.016729;4.810399;5.205271;5.633015,5.4567595192331675,5.052523603913831,0.5,еквівалентність у межах ±0.5 НЕ показана (90% CI [+5.05; +5.46]): різниця просто не встановлена,False,exploratory,5.499329879367314,поза наперед оголошеною сім'єю; не коригується,False,False,5.020588581660586,5.252047990809147,paired cluster bootstrap over sources,psnr_full,10000,14,14,0,14,0,9.999000099990002e-05,nan,9.999000099990002e-05,"двобічний bootstrap-тест на парних різницях (10000 перевибірок, seed 20240909)",0.0001220703125,,,True,False,source,commons:105627169;commons:106651461;commons:108911529;commons:116466520;commons:122435702;commons:123079448;commons:123689542;commons:132645039;commons:144041236;commons:74983792;commons:81047795;commons:97165575;commons:98913003;commons:99599833,,
B0a-R,B3,bursty,-12.973127;-7.892543;-7.138184;-8.628973;-2.844853;-6.081409;-4.345269;-5.363616;-5.614853;-3.456422;-2.850783;-6.308949;-4.273898;-7.148245,-4.980714297078855,-7.273643731963161,0.5,еквівалентність у межах ±0.5 НЕ показана (90% CI [-7.27; -4.98]): різниця просто не встановлена,False,exploratory,-4.800828120817367,поза наперед оголошеною сім'єю; не коригується,False,False,-7.528230651968785,-6.065794615479494,paired cluster bootstrap over sources,psnr_full,10000,14,14,0,14,0,9.999000099990002e-05,nan,9.999000099990002e-05,"двобічний bootstrap-тест на парних різницях (10000 перевибірок, seed 20240909)",0.0001220703125,,,True,False,source,commons:105627169;commons:106651461;commons:108911529;commons:116466520;commons:122435702;commons:123079448;commons:123689542;commons:132645039;commons:144041236;commons:74983792;commons:81047795;commons:97165575;commons:98913003;commons:99599833,,
B0a-R,B4,bursty,-6.151222;-3.060721;-1.129920;-3.398743;2.888948;-0.527488;0.866258;1.568512;-1.790219;1.162453;0.026006;-1.596510;2.154978;-0.703709,0.3300284839727984,-1.7736030324896286,0.5,еквівалентність у межах ±0.5 НЕ показана (90% CI [-1.77; +0.33]): різниця просто не встановлена,False,exploratory,0.49736732195898975,поза наперед оголошеною сім'єю; не коригується,False,False,-1.9852938682966492,-0.6922411069473338,paired cluster bootstrap over sources,psnr_full,10000,14,14,0,14,0,0.274972502749725,nan,0.274972502749725,"двобічний bootstrap-тест на парних різницях (10000 перевибірок, seed 20240909)",0.42626953125,,,False,False,source,commons:105627169;commons:106651461;commons:108911529;commons:116466520;commons:122435702;commons:123079448;commons:123689542;commons:132645039;commons:144041236;commons:74983792;commons:81047795;commons:97165575;commons:98913003;commons:99599833,,
B0a-R,B4t,bursty,-8.076648;-4.357058;-3.380294;-4.526521;1.134621;-3.018326;-1.179304;-0.944188;-2.253045;-1.060917;-0.005380;-3.180521;-0.085279;-1.991012,-1.3865854777915851,-3.3915424819155042,0.5,еквівалентність у межах ±0.5 НЕ показана (90% CI [-3.39; -1.39]): різниця просто не встановлена,False,exploratory,-1.2258736027158,поза наперед оголошеною сім'єю; не коригується,False,False,-3.6146591968182604,-2.3517051154411823,paired cluster bootstrap over sources,psnr_full,10000,14,14,0,14,0,0.00019998000199980003,nan,0.00019998000199980003,"двобічний bootstrap-тест на парних різницях (10000 перевибірок, seed 20240909)",0.001220703125,,,True,False,source,commons:105627169;commons:106651461;commons:108911529;commons:116466520;commons:122435702;commons:123079448;commons:123689542;commons:132645039;commons:144041236;commons:74983792;commons:81047795;commons:97165575;commons:98913003;commons:99599833,,
B0a-R,P,bursty,-8.645282;-4.578840;-3.034526;-5.292762;1.344269;-2.429480;0.164005;-0.188246;-2.119890;-0.271169;0.823517;-2.482627;0.391088;-1.630364,-0.8779687473860571,-3.233081444826219,0.5,еквівалентність у межах ±0.5 НЕ показана (90% CI [-3.23; -0.88]): різниця просто не встановлена,False,exploratory,-0.6876411256259087,поза наперед оголошеною сім'єю; не коригується,False,False,-3.480429723711195,-1.9964505887153627,paired cluster bootstrap over sources,psnr_full,10000,14,14,0,14,0,0.005699430056994301,nan,0.005699430056994301,"двобічний bootstrap-тест на парних різницях (10000 перевибірок, seed 20240909)",0.020263671875,,,True,False,source,commons:105627169;commons:106651461;commons:108911529;commons:116466520;commons:122435702;commons:123079448;commons:123689542;commons:132645039;commons:144041236;commons:74983792;commons:81047795;commons:97165575;commons:98913003;commons:99599833,,
B0d,B1,bursty,11.595646;8.343610;5.838996;9.557521;2.324519;5.716162;3.998797;3.167376;6.604927;4.202118;4.991608;6.477878;3.157146;6.338370,7.026988293391803,4.803297820780401,0.5,еквівалентність у межах ±0.5 НЕ показана (90% CI [+4.80; +7.03]): різниця просто не встановлена,False,exploratory,7.257490889894035,поза наперед оголошеною сім'єю; не коригується,False,False,4.630257590153221,5.879619550976071,paired cluster bootstrap over sources,psnr_full,10000,14,14,0,14,0,9.999000099990002e-05,nan,9.999000099990002e-05,"двобічний bootstrap-тест на парних різницях (10000 перевибірок, seed 20240909)",0.0001220703125,,,True,False,source,commons:105627169;commons:106651461;commons:108911529;commons:116466520;commons:122435702;commons:123079448;commons:123689542;commons:132645039;commons:144041236;commons:74983792;commons:81047795;commons:97165575;commons:98913003;commons:99599833,,
B0d,B2,bursty,11.705041;8.409518;5.885787;9.539192;2.287646;5.697017;4.012049;3.219820;6.752533;4.204063;5.040516;6.464699;3.219457;6.189220,7.0613079062388895,4.819619762657394,0.5,еквівалентність у межах ±0.5 НЕ показана (90% CI [+4.82; +7.06]): різниця просто не встановлена,False,exploratory,7.288361899575447,поза наперед оголошеною сім'єю; не коригується,False,False,4.641074349978324,5.9018969769128935,paired cluster bootstrap over sources,psnr_full,10000,14,14,0,14,0,9.999000099990002e-05,nan,9.999000099990002e-05,"двобічний bootstrap-тест на парних різницях (10000 перевибірок, seed 20240909)",0.0001220703125,,,True,False,source,commons:105627169;commons:106651461;commons:108911529;commons:116466520;commons:122435702;commons:123079448;commons:123689542;commons:132645039;commons:144041236;commons:74983792;commons:81047795;commons:97165575;commons:98913003;commons:99599833,,
B0d,B3,bursty,-7.035288;-5.189732;-6.075476;-5.382782;-5.700354;-5.535532;-5.113893;-6.731945;-3.932119;-4.792721;-2.826996;-4.654649;-6.259711;-6.592040,-4.921035330336323,-5.8966020898298375,0.5,еквівалентність у межах ±0.5 НЕ показана (90% CI [-5.90; -4.92]): різниця просто не встановлена,False,exploratory,-4.8273915375207785,поза наперед оголошеною сім'єю; не коригується,False,False,-5.967697838328668,-5.4159456293757495,paired cluster bootstrap over sources,psnr_full,10000,14,14,0,14,0,9.999000099990002e-05,nan,9.999000099990002e-05,"двобічний bootstrap-тест на парних різницях (10000 перевибірок, seed 20240909)",0.0001220703125,,,True,False,source,commons:105627169;commons:106651461;commons:108911529;commons:116466520;commons:122435702;commons:123079448;commons:123689542;commons:132645039;commons:144041236;commons:74983792;commons:81047795;commons:97165575;commons:98913003;commons:99599833,,
B0d,B4,bursty,-0.213382;-0.357910;-0.067212;-0.152552;0.033447;0.018389;0.097634;0.200183;-0.107485;-0.173845;0.049793;0.057790;0.169165;-0.147504,0.02491346583021683,-0.10888333523501387,0.5,еквівалентність у межах ±0.5 показана (90% CI [-0.11; +0.02]),True,exploratory,0.037725708552381054,поза наперед оголошеною сім'єю; не коригується,False,False,-0.12111852134930906,-0.04239212084358864,paired cluster bootstrap over sources,psnr_full,10000,14,14,0,14,0,0.30596940305969406,nan,0.30596940305969406,"двобічний bootstrap-тест на парних різницях (10000 перевибірок, seed 20240909)",0.3909912109375,,,False,False,source,commons:105627169;commons:106651461;commons:108911529;commons:116466520;commons:122435702;commons:123079448;commons:123689542;commons:132645039;commons:144041236;commons:74983792;commons:81047795;commons:97165575;commons:98913003;commons:99599833,,
B0d,B4t,bursty,-2.138808;-1.654247;-2.317586;-1.280330;-1.720881;-2.472450;-1.947928;-2.312517;-0.570311;-2.397216;0.018407;-1.526221;-2.071092;-1.434807,-1.38866101213726,-1.9933826184495556,0.5,еквівалентність у межах ±0.5 НЕ показана (90% CI [-1.99; -1.39]): різниця просто не встановлена,False,exploratory,-1.3195496603030028,поза наперед оголошеною сім'єю; не коригується,False,False,-2.035679619251835,-1.7018561293374375,paired cluster bootstrap over sources,psnr_full,10000,14,14,0,14,0,9.999000099990002e-05,nan,9.999000099990002e-05,"двобічний bootstrap-тест на парних різницях (10000 перевибірок, seed 20240909)",0.000244140625,,,True,False,source,commons:105627169;commons:106651461;commons:108911529;commons:116466520;commons:122435702;commons:123079448;commons:123689542;commons:132645039;commons:144041236;commons:74983792;commons:81047795;commons:97165575;commons:98913003;commons:99599833,,
B0d,P,bursty,-2.707442;-1.876029;-1.971818;-2.046572;-1.511232;-1.883603;-0.604619;-1.556575;-0.437156;-1.607467;0.847304;-0.828327;-1.594725;-1.074160,-0.9616762961017334,-1.7007186383480182,0.5,еквівалентність у межах ±0.5 НЕ показана (90% CI [-1.70; -0.96]): різниця просто не встановлена,False,pre-declared,-0.8817696324467227,,True,False,-1.758532213579719,-1.3466016026116177,paired cluster bootstrap over sources,psnr_full,10000,14,14,0,14,0,9.999000099990002e-05,0.0004999500049995,9.999000099990002e-05,"двобічний bootstrap-тест на парних різницях (10000 перевибірок, seed 20240909)",0.0008544921875,,,True,True,source,commons:105627169;commons:106651461;commons:108911529;commons:116466520;commons:122435702;commons:123079448;commons:123689542;commons:132645039;commons:144041236;commons:74983792;commons:81047795;commons:97165575;commons:98913003;commons:99599833,,
B1,B2,bursty,0.109395;0.065908;0.046791;-0.018330;-0.036873;-0.019145;0.013251;0.052444;0.147607;0.001945;0.048908;-0.013179;0.062311;-0.149150,0.051769711915102,-0.008947943320598872,0.5,еквівалентність у межах ±0.5 показана (90% CI [-0.01; +0.05]),True,exploratory,0.05681218167131712,поза наперед оголошеною сім'єю; не коригується,False,False,-0.015415775368278272,0.02227742593682182,paired cluster bootstrap over sources,psnr_full,10000,14,14,0,14,0,0.2313768623137686,nan,0.2313768623137686,"двобічний bootstrap-тест на парних різницях (10000 перевибірок, seed 20240909)",0.1937255859375,,,False,False,source,commons:105627169;commons:106651461;commons:108911529;commons:116466520;commons:122435702;commons:123079448;commons:123689542;commons:132645039;commons:144041236;commons:74983792;commons:81047795;commons:97165575;commons:98913003;commons:99599833,,
B1,B3,bursty,-18.630934;-13.533342;-11.914472;-14.940304;-8.024873;-11.251694;-9.112690;-9.899321;-10.537046;-8.994839;-7.818604;-11.132527;-9.416857;-12.930411,-10.10010765851017,-12.626145890622404,0.5,еквівалентність у межах ±0.5 НЕ показана (90% CI [-12.63; -10.10]): різниця просто не встановлена,False,exploratory,-9.91406571081444,поза наперед оголошеною сім'єю; не коригується,False,False,-12.906579837188252,-11.295565180351819,paired cluster bootstrap over sources,psnr_full,10000,14,14,0,14,0,9.999000099990002e-05,nan,9.999000099990002e-05,"двобічний bootstrap-тест на парних різницях (10000 перевибірок, seed 20240909)",0.0001220703125,,,True,False,source,commons:105627169;commons:106651461;commons:108911529;commons:116466520;commons:122435702;commons:123079448;commons:123689542;commons:132645039;commons:144041236;commons:74983792;commons:81047795;commons:97165575;commons:98913003;commons:99599833,,
B1,B4,bursty,-11.809028;-8.701520;-5.906208;-9.710073;-2.291072;-5.697773;-3.901163;-2.967193;-6.712412;-4.375963;-4.941815;-6.420088;-2.987981;-6.485874,-4.798280547397273,-7.115390147260955,0.5,еквівалентність у межах ±0.5 НЕ показана (90% CI [-7.12; -4.80]): різниця просто не встановлена,False,exploratory,-4.607284002750239,поза наперед оголошеною сім'єю; не коригується,False,False,-7.346572303752979,-5.92201167181966,paired cluster bootstrap over sources,psnr_full,10000,14,14,0,14,0,9.999000099990002e-05,nan,9.999000099990002e-05,"двобічний bootstrap-тест на парних різницях (10000 перевибірок, seed 20240909)",0.0001220703125,,,True,False,source,commons:105627169;commons:106651461;commons:108911529;commons:116466520;commons:122435702;commons:123079448;commons:123689542;commons:132645039;commons:144041236;commons:74983792;commons:81047795;commons:97165575;commons:98913003;commons:99599833,,
B1,B4t,bursty,-13.734454;-9.997857;-8.156582;-10.837852;-4.045399;-8.188612;-5.946725;-5.479893;-7.175238;-6.599334;-4.973200;-8.004099;-5.228238;-7.773177,-6.521147330557997,-8.738721800906195,0.5,еквівалентність у межах ±0.5 НЕ показана (90% CI [-8.74; -6.52]): різниця просто не встановлена,False,exploratory,-6.332847544223065,поза наперед оголошеною сім'єю; не коригується,False,False,-8.964234494790094,-7.581475680313508,paired cluster bootstrap over sources,psnr_full,10000,14,14,0,14,0,9.999000099990002e-05,nan,9.999000099990002e-05,"двобічний bootstrap-тест на парних різницях (10000 перевибірок, seed 20240909)",0.0001220703125,,,True,False,source,commons:105627169;commons:106651461;commons:108911529;commons:116466520;commons:122435702;commons:123079448;commons:123689542;commons:132645039;commons:144041236;commons:74983792;commons:81047795;commons:97165575;commons:98913003;commons:99599833,,
B1,P,bursty,-14.303088;-10.219639;-7.810814;-11.604093;-3.835751;-7.599765;-4.603416;-4.723951;-7.042083;-5.809585;-4.144304;-7.306205;-4.751871;-7.412530,-5.991095483910931,-8.590499072485489,0.5,еквівалентність у межах ±0.5 НЕ показана (90% CI [-8.59; -5.99]): різниця просто не встановлена,False,exploratory,-5.764813335116283,поза наперед оголошеною сім'єю; не коригується,False,False,-8.858687704704312,-7.22622115358769,paired cluster bootstrap over sources,psnr_full,10000,14,14,0,14,0,9.999000099990002e-05,nan,9.999000099990002e-05,"двобічний bootstrap-тест на парних різницях (10000 перевибірок, seed 20240909)",0.0001220703125,,,True,False,source,commons:105627169;commons:106651461;commons:108911529;commons:116466520;commons:122435702;commons:123079448;commons:123689542;commons:132645039;commons:144041236;commons:74983792;commons:81047795;commons:97165575;commons:98913003;commons:99599833,,
B2,B3,bursty,-18.740329;-13.599250;-11.961263;-14.921974;-7.988000;-11.232549;-9.125941;-9.951765;-10.684653;-8.996784;-7.867512;-11.119348;-9.479168;-12.781260,-10.120009920442444,-12.657968158411926,0.5,еквівалентність у межах ±0.5 НЕ показана (90% CI [-12.66; -10.12]): різниця просто не встановлена,False,exploratory,-9.931822515936014,поза наперед оголошеною сім'єю; не коригується,False,False,-12.936409957166374,-11.317842606288641,paired cluster bootstrap over sources,psnr_full,10000,14,14,0,14,0,9.999000099990002e-05,nan,9.999000099990002e-05,"двобічний bootstrap-тест на парних різницях (10000 перевибірок, seed 20240909)",0.0001220703125,,,True,False,source,commons:105627169;commons:106651461;commons:108911529;commons:116466520;commons:122435702;commons:123079448;commons:123689542;commons:132645039;commons:144041236;commons:74983792;commons:81047795;commons:97165575;commons:98913003;commons:99599833,,
B2,B4,bursty,-11.918423;-8.767428;-5.952998;-9.691744;-2.254199;-5.678628;-3.914415;-3.019637;-6.860019;-4.377909;-4.990723;-6.406910;-3.050292;-6.336724,-4.814236696914167,-7.146237817948751,0.5,еквівалентність у межах ±0.5 НЕ показана (90% CI [-7.15; -4.81]): різниця просто не встановлена,False,exploratory,-4.620085708593288,поза наперед оголошеною сім'єю; не коригується,False,False,-7.385444975740851,-5.9442890977564815,paired cluster bootstrap over sources,psnr_full,10000,14,14,0,14,0,9.999000099990002e-05,nan,9.999000099990002e-05,"двобічний bootstrap-тест на парних різницях (10000 перевибірок, seed 20240909)",0.0001220703125,,,True,False,source,commons:105627169;commons:106651461;commons:108911529;commons:116466520;commons:122435702;commons:123079448;commons:123689542;commons:132645039;commons:144041236;commons:74983792;commons:81047795;commons:97165575;commons:98913003;commons:99599833,,
B2,B4t,bursty,-13.843849;-10.063765;-8.203372;-10.819522;-4.008527;-8.169467;-5.959977;-5.532337;-7.322844;-6.601279;-5.022109;-7.990920;-5.290549;-7.624027,-6.535214909578512,-8.7704802843986,0.5,еквівалентність у межах ±0.5 НЕ показана (90% CI [-8.77; -6.54]): різниця просто не встановлена,False,exploratory,-6.34929590432785,поза наперед оголошеною сім'єю; не коригується,False,False,-9.000562786250724,-7.603753106250331,paired cluster bootstrap over sources,psnr_full,10000,14,14,0,14,0,9.999000099990002e-05,nan,9.999000099990002e-05,"двобічний bootstrap-тест на парних різницях (10000 перевибірок, seed 20240909)",0.0001220703125,,,True,False,source,commons:105627169;commons:106651461;commons:108911529;commons:116466520;commons:122435702;commons:123079448;commons:123689542;commons:132645039;commons:144041236;commons:74983792;commons:81047795;commons:97165575;commons:98913003;commons:99599833,,
B2,P,bursty,-14.412483;-10.285547;-7.857605;-11.585763;-3.798878;-7.580621;-4.616668;-4.776395;-7.189689;-5.811531;-4.193212;-7.293026;-4.814183;-7.263379,-6.009721922414886,-8.62029314246597,0.5,еквівалентність у межах ±0.5 НЕ показана (90% CI [-8.62; -6.01]): різниця просто не встановлена,False,exploratory,-5.78477074696621,поза наперед оголошеною сім'єю; не коригується,False,False,-8.8886038900372,-7.2484985795245125,paired cluster bootstrap over sources,psnr_full,10000,14,14,0,14,0,9.999000099990002e-05,nan,9.999000099990002e-05,"двобічний bootstrap-тест на парних різницях (10000 перевибірок, seed 20240909)",0.0001220703125,,,True,False,source,commons:105627169;commons:106651461;commons:108911529;commons:116466520;commons:122435702;commons:123079448;commons:123689542;commons:132645039;commons:144041236;commons:74983792;commons:81047795;commons:97165575;commons:98913003;commons:99599833,,
B3,B4,bursty,6.821906;4.831822;6.008265;5.230230;5.733801;5.553921;5.211527;6.932128;3.824634;4.618875;2.876789;4.712438;6.428876;6.444536,5.855669555511378,4.8772612967646385,0.5,еквівалентність у межах ±0.5 НЕ показана (90% CI [+4.88; +5.86]): різниця просто не встановлена,False,exploratory,5.939693457866822,поза наперед оголошеною сім'єю; не коригується,False,False,4.780213829413868,5.373553508532161,paired cluster bootstrap over sources,psnr_full,10000,14,14,0,14,0,9.999000099990002e-05,nan,9.999000099990002e-05,"двобічний bootstrap-тест на парних різницях (10000 перевибірок, seed 20240909)",0.0001220703125,,,True,False,source,commons:105627169;commons:106651461;commons:108911529;commons:116466520;commons:122435702;commons:123079448;commons:123689542;commons:132645039;commons:144041236;commons:74983792;commons:81047795;commons:97165575;commons:98913003;commons:99599833,,
B3,B4t,bursty,4.896480;3.535485;3.757891;4.102452;3.979474;3.063083;3.165965;4.419428;3.361809;2.395505;2.845403;3.128428;4.188619;5.157233,4.058048445905349,3.381420118804146,0.5,еквівалентність у межах ±0.5 НЕ показана (90% CI [+3.38; +4.06]): різниця просто не встановлена,False,exploratory,4.120243780597641,поза наперед оголошеною сім'єю; не коригується,False,False,3.3246112834852837,3.7140895000383116,paired cluster bootstrap over sources,psnr_full,10000,14,14,0,14,0,9.999000099990002e-05,nan,9.999000099990002e-05,"двобічний bootstrap-тест на парних різницях (10000 перевибірок, seed 20240909)",0.0001220703125,,,True,False,source,commons:105627169;commons:106651461;commons:108911529;commons:116466520;commons:122435702;commons:123079448;commons:123689542;commons:132645039;commons:144041236;commons:74983792;commons:81047795;commons:97165575;commons:98913003;commons:99599833,,
B3,P,bursty,4.327846;3.313703;4.103658;3.336210;4.189122;3.651929;4.509274;5.175370;3.494963;3.185253;3.674300;3.826322;4.664986;5.517881,4.384099036121017,3.7736279919111086,0.5,еквівалентність у межах ±0.5 НЕ показана (90% CI [+3.77; +4.38]): різниця просто не встановлена,False,pre-declared,4.450152339525243,,True,False,3.726893850432089,4.069344026764131,paired cluster bootstrap over sources,psnr_full,10000,14,14,0,14,0,9.999000099990002e-05,0.0004999500049995,9.999000099990002e-05,"двобічний bootstrap-тест на парних різницях (10000 перевибірок, seed 20240909)",0.0001220703125,,,True,True,source,commons:105627169;commons:106651461;commons:108911529;commons:116466520;commons:122435702;commons:123079448;commons:123689542;commons:132645039;commons:144041236;commons:74983792;commons:81047795;commons:97165575;commons:98913003;commons:99599833,,
B4,B4t,bursty,-1.925426;-1.296337;-2.250374;-1.127778;-1.754328;-2.490839;-2.045562;-2.512700;-0.462826;-2.223370;-0.031385;-1.584010;-2.240257;-1.287303,-1.3372565313160063,-1.9666492593092684,0.5,еквівалентність у межах ±0.5 НЕ показана (90% CI [-1.97; -1.34]): різниця просто не встановлена,False,pre-declared,-1.2645781217520833,,True,False,-2.0188320231105847,-1.6594640084938488,paired cluster bootstrap over sources,psnr_full,10000,14,14,0,14,0,9.999000099990002e-05,0.0004999500049995,9.999000099990002e-05,"двобічний bootstrap-тест на парних різницях (10000 перевибірок, seed 20240909)",0.0001220703125,,,True,True,source,commons:105627169;commons:106651461;commons:108911529;commons:116466520;commons:122435702;commons:123079448;commons:123689542;commons:132645039;commons:144041236;commons:74983792;commons:81047795;commons:97165575;commons:98913003;commons:99599833,,
B4,P,bursty,-2.494060;-1.518119;-1.904606;-1.894020;-1.544679;-1.901993;-0.702253;-1.756758;-0.329671;-1.433622;0.797511;-0.886117;-1.763890;-0.926656,-0.9362599325775041,-1.6375185956000942,0.5,еквівалентність у межах ±0.5 НЕ показана (90% CI [-1.64; -0.94]): різниця просто не встановлена,False,pre-declared,-0.8593681211025862,,True,True,-1.6901833788767127,-1.304209481768029,paired cluster bootstrap over sources,psnr_full,10000,14,14,0,14,0,9.999000099990002e-05,0.0004999500049995,9.999000099990002e-05,"двобічний bootstrap-тест на парних різницях (10000 перевибірок, seed 20240909)",0.0006103515625,,,True,True,source,commons:105627169;commons:106651461;commons:108911529;commons:116466520;commons:122435702;commons:123079448;commons:123689542;commons:132645039;commons:144041236;commons:74983792;commons:81047795;commons:97165575;commons:98913003;commons:99599833,,
B4t,P,bursty,-0.568634;-0.221782;0.345768;-0.766242;0.209649;0.588846;1.343309;0.755942;0.133155;0.789748;0.828896;0.697894;0.476367;0.360647,0.5984269993485919,0.1096611673446339,0.5,еквівалентність у межах ±0.5 НЕ показана (90% CI [+0.11; +0.60]): різниця просто не встановлена,False,pre-declared,0.6395454106596046,,True,False,0.06036801783313819,0.3552545267258197,paired cluster bootstrap over sources,psnr_full,10000,14,14,0,14,0,0.016798320167983202,0.016798320167983202,0.016798320167983202,"двобічний bootstrap-тест на парних різницях (10000 перевибірок, seed 20240909)",0.0494384765625,,,True,True,source,commons:105627169;commons:106651461;commons:108911529;commons:116466520;commons:122435702;commons:123079448;commons:123689542;commons:132645039;commons:144041236;commons:74983792;commons:81047795;commons:97165575;commons:98913003;commons:99599833,,
B0a,B0a-R,clean,0.000000;0.000000;0.000000;0.000000;0.000000;0.000000;0.000000;0.000000;0.000000;0.000000;0.000000;0.000000;0.000000;0.000000,0.0,0.0,0.5,еквівалентність у межах ±0.5 показана (90% CI [+0.00; +0.00]),True,exploratory,0.0,поза наперед оголошеною сім'єю; не коригується,False,False,0.0,0.0,paired cluster bootstrap over sources,psnr_full,10000,14,14,0,14,0,1.0,nan,1.0,"двобічний bootstrap-тест на парних різницях (10000 перевибірок, seed 20240909)",1.0,,,False,False,source,commons:105627169;commons:106651461;commons:108911529;commons:116466520;commons:122435702;commons:123079448;commons:123689542;commons:132645039;commons:144041236;commons:74983792;commons:81047795;commons:97165575;commons:98913003;commons:99599833,,
B0a,B0d,clean,16.270113;24.569018;25.602032;23.048301;29.656840;27.757175;27.711746;27.587714;27.906328;28.390074;29.173974;26.992009;27.918408;25.381530,27.585285499439546,24.706935662419465,0.5,еквівалентність у межах ±0.5 НЕ показана (90% CI [+24.71; +27.59]): різниця просто не встановлена,False,exploratory,27.751911099028067,поза наперед оголошеною сім'єю; не коригується,False,False,24.325683428211526,26.283233115956307,paired cluster bootstrap over sources,psnr_full,10000,14,14,0,14,0,9.999000099990002e-05,nan,9.999000099990002e-05,"двобічний bootstrap-тест на парних різницях (10000 перевибірок, seed 20240909)",0.0001220703125,,,True,False,source,commons:105627169;commons:106651461;commons:108911529;commons:116466520;commons:122435702;commons:123079448;commons:123689542;commons:132645039;commons:144041236;commons:74983792;commons:81047795;commons:97165575;commons:98913003;commons:99599833,,
B0a,B1,clean,0.000000;0.000000;0.000000;0.000000;0.000000;0.000000;0.000000;0.000000;0.000000;0.000000;0.000000;0.000000;0.000000;0.000000,0.0,0.0,0.5,еквівалентність у межах ±0.5 показана (90% CI [+0.00; +0.00]),True,exploratory,0.0,поза наперед оголошеною сім'єю; не коригується,False,False,0.0,0.0,paired cluster bootstrap over sources,psnr_full,10000,14,14,0,14,0,1.0,nan,1.0,"двобічний bootstrap-тест на парних різницях (10000 перевибірок, seed 20240909)",1.0,,,False,False,source,commons:105627169;commons:106651461;commons:108911529;commons:116466520;commons:122435702;commons:123079448;commons:123689542;commons:132645039;commons:144041236;commons:74983792;commons:81047795;commons:97165575;commons:98913003;commons:99599833,,
B0a,B2,clean,0.000000;0.000000;0.000000;0.000000;0.000000;0.000000;0.000000;0.000000;0.000000;0.000000;0.000000;0.000000;0.000000;0.000000,0.0,0.0,0.5,еквівалентність у межах ±0.5 показана (90% CI [+0.00; +0.00]),True,exploratory,0.0,поза наперед оголошеною сім'єю; не коригується,False,False,0.0,0.0,paired cluster bootstrap over sources,psnr_full,10000,14,14,0,14,0,1.0,nan,1.0,"двобічний bootstrap-тест на парних різницях (10000 перевибірок, seed 20240909)",1.0,,,False,False,source,commons:105627169;commons:106651461;commons:108911529;commons:116466520;commons:122435702;commons:123079448;commons:123689542;commons:132645039;commons:144041236;commons:74983792;commons:81047795;commons:97165575;commons:98913003;commons:99599833,,
B0a,B3,clean,16.270113;24.569018;25.602032;23.048301;29.656840;27.757175;27.711746;27.587714;27.906328;28.390074;29.173974;26.992009;27.918408;25.381530,27.585285499439546,24.706935662419465,0.5,еквівалентність у межах ±0.5 НЕ показана (90% CI [+24.71; +27.59]): різниця просто не встановлена,False,exploratory,27.751911099028067,поза наперед оголошеною сім'єю; не коригується,False,False,24.325683428211526,26.283233115956307,paired cluster bootstrap over sources,psnr_full,10000,14,14,0,14,0,9.999000099990002e-05,nan,9.999000099990002e-05,"двобічний bootstrap-тест на парних різницях (10000 перевибірок, seed 20240909)",0.0001220703125,,,True,False,source,commons:105627169;commons:106651461;commons:108911529;commons:116466520;commons:122435702;commons:123079448;commons:123689542;commons:132645039;commons:144041236;commons:74983792;commons:81047795;commons:97165575;commons:98913003;commons:99599833,,
B0a,B4,clean,16.270113;24.569018;25.602032;23.048301;29.656840;27.757175;27.711746;27.587714;27.906328;28.390074;29.173974;26.992009;27.918408;25.381530,27.585285499439546,24.706935662419465,0.5,еквівалентність у межах ±0.5 НЕ показана (90% CI [+24.71; +27.59]): різниця просто не встановлена,False,exploratory,27.751911099028067,поза наперед оголошеною сім'єю; не коригується,False,False,24.325683428211526,26.283233115956307,paired cluster bootstrap over sources,psnr_full,10000,14,14,0,14,0,9.999000099990002e-05,nan,9.999000099990002e-05,"двобічний bootstrap-тест на парних різницях (10000 перевибірок, seed 20240909)",0.0001220703125,,,True,False,source,commons:105627169;commons:106651461;commons:108911529;commons:116466520;commons:122435702;commons:123079448;commons:123689542;commons:132645039;commons:144041236;commons:74983792;commons:81047795;commons:97165575;commons:98913003;commons:99599833,,
B0a,B4t,clean,18.263122;25.721619;26.802712;24.380907;30.716317;28.844633;29.048263;28.859259;28.973633;29.249873;30.325502;28.100748;29.069826;26.600671,28.725129960198043,26.02484943328037,0.5,еквівалентність у межах ±0.5 НЕ показана (90% CI [+26.02; +28.73]): різниця просто не встановлена,False,exploratory,28.884353514418468,поза наперед оголошеною сім'єю; не коригується,False,False,25.675675035956175,27.496934887508093,paired cluster bootstrap over sources,psnr_full,10000,14,14,0,14,0,9.999000099990002e-05,nan,9.999000099990002e-05,"двобічний bootstrap-тест на парних різницях (10000 перевибірок, seed 20240909)",0.0001220703125,,,True,False,source,commons:105627169;commons:106651461;commons:108911529;commons:116466520;commons:122435702;commons:123079448;commons:123689542;commons:132645039;commons:144041236;commons:74983792;commons:81047795;commons:97165575;commons:98913003;commons:99599833,,
B0a,P,clean,18.903785;26.921943;27.796435;25.052090;31.895876;29.786835;30.681537;30.352320;30.140265;30.334904;31.635820;29.327072;30.575216;28.018450,29.969088715771992,27.102961131471382,0.5,еквівалентність у межах ±0.5 НЕ показана (90% CI [+27.10; +29.97]): різниця просто не встановлена,False,exploratory,30.146077218252962,поза наперед оголошеною сім'єю; не коригується,False,False,26.754440463547244,28.673039139168687,paired cluster bootstrap over sources,psnr_full,10000,14,14,0,14,0,9.999000099990002e-05,nan,9.999000099990002e-05,"двобічний bootstrap-тест на парних різницях (10000 перевибірок, seed 20240909)",0.0001220703125,,,True,False,source,commons:105627169;commons:106651461;commons:108911529;commons:116466520;commons:122435702;commons:123079448;commons:123689542;commons:132645039;commons:144041236;commons:74983792;commons:81047795;commons:97165575;commons:98913003;commons:99599833,,
B0a-R,B0d,clean,16.270113;24.569018;25.602032;23.048301;29.656840;27.757175;27.711746;27.587714;27.906328;28.390074;29.173974;26.992009;27.918408;25.381530,27.585285499439546,24.706935662419465,0.5,еквівалентність у межах ±0.5 НЕ показана (90% CI [+24.71; +27.59]): різниця просто не встановлена,False,exploratory,27.751911099028067,поза наперед оголошеною сім'єю; не коригується,False,False,24.325683428211526,26.283233115956307,paired cluster bootstrap over sources,psnr_full,10000,14,14,0,14,0,9.999000099990002e-05,nan,9.999000099990002e-05,"двобічний bootstrap-тест на парних різницях (10000 перевибірок, seed 20240909)",0.0001220703125,,,True,False,source,commons:105627169;commons:106651461;commons:108911529;commons:116466520;commons:122435702;commons:123079448;commons:123689542;commons:132645039;commons:144041236;commons:74983792;commons:81047795;commons:97165575;commons:98913003;commons:99599833,,
B0a-R,B1,clean,0.000000;0.000000;0.000000;0.000000;0.000000;0.000000;0.000000;0.000000;0.000000;0.000000;0.000000;0.000000;0.000000;0.000000,0.0,0.0,0.5,еквівалентність у межах ±0.5 показана (90% CI [+0.00; +0.00]),True,exploratory,0.0,поза наперед оголошеною сім'єю; не коригується,False,False,0.0,0.0,paired cluster bootstrap over sources,psnr_full,10000,14,14,0,14,0,1.0,nan,1.0,"двобічний bootstrap-тест на парних різницях (10000 перевибірок, seed 20240909)",1.0,,,False,False,source,commons:105627169;commons:106651461;commons:108911529;commons:116466520;commons:122435702;commons:123079448;commons:123689542;commons:132645039;commons:144041236;commons:74983792;commons:81047795;commons:97165575;commons:98913003;commons:99599833,,
B0a-R,B2,clean,0.000000;0.000000;0.000000;0.000000;0.000000;0.000000;0.000000;0.000000;0.000000;0.000000;0.000000;0.000000;0.000000;0.000000,0.0,0.0,0.5,еквівалентність у межах ±0.5 показана (90% CI [+0.00; +0.00]),True,exploratory,0.0,поза наперед оголошеною сім'єю; не коригується,False,False,0.0,0.0,paired cluster bootstrap over sources,psnr_full,10000,14,14,0,14,0,1.0,nan,1.0,"двобічний bootstrap-тест на парних різницях (10000 перевибірок, seed 20240909)",1.0,,,False,False,source,commons:105627169;commons:106651461;commons:108911529;commons:116466520;commons:122435702;commons:123079448;commons:123689542;commons:132645039;commons:144041236;commons:74983792;commons:81047795;commons:97165575;commons:98913003;commons:99599833,,
B0a-R,B3,clean,16.270113;24.569018;25.602032;23.048301;29.656840;27.757175;27.711746;27.587714;27.906328;28.390074;29.173974;26.992009;27.918408;25.381530,27.585285499439546,24.706935662419465,0.5,еквівалентність у межах ±0.5 НЕ показана (90% CI [+24.71; +27.59]): різниця просто не встановлена,False,exploratory,27.751911099028067,поза наперед оголошеною сім'єю; не коригується,False,False,24.325683428211526,26.283233115956307,paired cluster bootstrap over sources,psnr_full,10000,14,14,0,14,0,9.999000099990002e-05,nan,9.999000099990002e-05,"двобічний bootstrap-тест на парних різницях (10000 перевибірок, seed 20240909)",0.0001220703125,,,True,False,source,commons:105627169;commons:106651461;commons:108911529;commons:116466520;commons:122435702;commons:123079448;commons:123689542;commons:132645039;commons:144041236;commons:74983792;commons:81047795;commons:97165575;commons:98913003;commons:99599833,,
B0a-R,B4,clean,16.270113;24.569018;25.602032;23.048301;29.656840;27.757175;27.711746;27.587714;27.906328;28.390074;29.173974;26.992009;27.918408;25.381530,27.585285499439546,24.706935662419465,0.5,еквівалентність у межах ±0.5 НЕ показана (90% CI [+24.71; +27.59]): різниця просто не встановлена,False,exploratory,27.751911099028067,поза наперед оголошеною сім'єю; не коригується,False,False,24.325683428211526,26.283233115956307,paired cluster bootstrap over sources,psnr_full,10000,14,14,0,14,0,9.999000099990002e-05,nan,9.999000099990002e-05,"двобічний bootstrap-тест на парних різницях (10000 перевибірок, seed 20240909)",0.0001220703125,,,True,False,source,commons:105627169;commons:106651461;commons:108911529;commons:116466520;commons:122435702;commons:123079448;commons:123689542;commons:132645039;commons:144041236;commons:74983792;commons:81047795;commons:97165575;commons:98913003;commons:99599833,,
B0a-R,B4t,clean,18.263122;25.721619;26.802712;24.380907;30.716317;28.844633;29.048263;28.859259;28.973633;29.249873;30.325502;28.100748;29.069826;26.600671,28.725129960198043,26.02484943328037,0.5,еквівалентність у межах ±0.5 НЕ показана (90% CI [+26.02; +28.73]): різниця просто не встановлена,False,exploratory,28.884353514418468,поза наперед оголошеною сім'єю; не коригується,False,False,25.675675035956175,27.496934887508093,paired cluster bootstrap over sources,psnr_full,10000,14,14,0,14,0,9.999000099990002e-05,nan,9.999000099990002e-05,"двобічний bootstrap-тест на парних різницях (10000 перевибірок, seed 20240909)",0.0001220703125,,,True,False,source,commons:105627169;commons:106651461;commons:108911529;commons:116466520;commons:122435702;commons:123079448;commons:123689542;commons:132645039;commons:144041236;commons:74983792;commons:81047795;commons:97165575;commons:98913003;commons:99599833,,
B0a-R,P,clean,18.903785;26.921943;27.796435;25.052090;31.895876;29.786835;30.681537;30.352320;30.140265;30.334904;31.635820;29.327072;30.575216;28.018450,29.969088715771992,27.102961131471382,0.5,еквівалентність у межах ±0.5 НЕ показана (90% CI [+27.10; +29.97]): різниця просто не встановлена,False,exploratory,30.146077218252962,поза наперед оголошеною сім'єю; не коригується,False,False,26.754440463547244,28.673039139168687,paired cluster bootstrap over sources,psnr_full,10000,14,14,0,14,0,9.999000099990002e-05,nan,9.999000099990002e-05,"двобічний bootstrap-тест на парних різницях (10000 перевибірок, seed 20240909)",0.0001220703125,,,True,False,source,commons:105627169;commons:106651461;commons:108911529;commons:116466520;commons:122435702;commons:123079448;commons:123689542;commons:132645039;commons:144041236;commons:74983792;commons:81047795;commons:97165575;commons:98913003;commons:99599833,,
B0d,B1,clean,-16.270113;-24.569018;-25.602032;-23.048301;-29.656840;-27.757175;-27.711746;-27.587714;-27.906328;-28.390074;-29.173974;-26.992009;-27.918408;-25.381530,-24.706935662419465,-27.585285499439546,0.5,еквівалентність у межах ±0.5 НЕ показана (90% CI [-27.59; -24.71]): різниця просто не встановлена,False,exploratory,-24.325683428211526,поза наперед оголошеною сім'єю; не коригується,False,False,-27.751911099028067,-26.283233115956307,paired cluster bootstrap over sources,psnr_full,10000,14,14,0,14,0,9.999000099990002e-05,nan,9.999000099990002e-05,"двобічний bootstrap-тест на парних різницях (10000 перевибірок, seed 20240909)",0.0001220703125,,,True,False,source,commons:105627169;commons:106651461;commons:108911529;commons:116466520;commons:122435702;commons:123079448;commons:123689542;commons:132645039;commons:144041236;commons:74983792;commons:81047795;commons:97165575;commons:98913003;commons:99599833,,
B0d,B2,clean,-16.270113;-24.569018;-25.602032;-23.048301;-29.656840;-27.757175;-27.711746;-27.587714;-27.906328;-28.390074;-29.173974;-26.992009;-27.918408;-25.381530,-24.706935662419465,-27.585285499439546,0.5,еквівалентність у межах ±0.5 НЕ показана (90% CI [-27.59; -24.71]): різниця просто не встановлена,False,exploratory,-24.325683428211526,поза наперед оголошеною сім'єю; не коригується,False,False,-27.751911099028067,-26.283233115956307,paired cluster bootstrap over sources,psnr_full,10000,14,14,0,14,0,9.999000099990002e-05,nan,9.999000099990002e-05,"двобічний bootstrap-тест на парних різницях (10000 перевибірок, seed 20240909)",0.0001220703125,,,True,False,source,commons:105627169;commons:106651461;commons:108911529;commons:116466520;commons:122435702;commons:123079448;commons:123689542;commons:132645039;commons:144041236;commons:74983792;commons:81047795;commons:97165575;commons:98913003;commons:99599833,,
B0d,B3,clean,0.000000;0.000000;0.000000;0.000000;0.000000;0.000000;0.000000;0.000000;0.000000;0.000000;0.000000;0.000000;0.000000;0.000000,0.0,0.0,0.5,еквівалентність у межах ±0.5 показана (90% CI [+0.00; +0.00]),True,exploratory,0.0,поза наперед оголошеною сім'єю; не коригується,False,False,0.0,0.0,paired cluster bootstrap over sources,psnr_full,10000,14,14,0,14,0,1.0,nan,1.0,"двобічний bootstrap-тест на парних різницях (10000 перевибірок, seed 20240909)",1.0,,,False,False,source,commons:105627169;commons:106651461;commons:108911529;commons:116466520;commons:122435702;commons:123079448;commons:123689542;commons:132645039;commons:144041236;commons:74983792;commons:81047795;commons:97165575;commons:98913003;commons:99599833,,
B0d,B4,clean,0.000000;0.000000;0.000000;0.000000;0.000000;0.000000;0.000000;0.000000;0.000000;0.000000;0.000000;0.000000;0.000000;0.000000,0.0,0.0,0.5,еквівалентність у межах ±0.5 показана (90% CI [+0.00; +0.00]),True,exploratory,0.0,поза наперед оголошеною сім'єю; не коригується,False,False,0.0,0.0,paired cluster bootstrap over sources,psnr_full,10000,14,14,0,14,0,1.0,nan,1.0,"двобічний bootstrap-тест на парних різницях (10000 перевибірок, seed 20240909)",1.0,,,False,False,source,commons:105627169;commons:106651461;commons:108911529;commons:116466520;commons:122435702;commons:123079448;commons:123689542;commons:132645039;commons:144041236;commons:74983792;commons:81047795;commons:97165575;commons:98913003;commons:99599833,,
B0d,B4t,clean,1.993009;1.152601;1.200680;1.332605;1.059477;1.087458;1.336517;1.271545;1.067305;0.859799;1.151528;1.108739;1.151419;1.219141,1.3329822639935602,1.1183853226333043,0.5,еквівалентність у межах ±0.5 НЕ показана (90% CI [+1.12; +1.33]): різниця просто не встановлена,False,exploratory,1.3593677458602242,поза наперед оголошеною сім'єю; не коригується,False,False,1.1054317899981403,1.2137017715517877,paired cluster bootstrap over sources,psnr_full,10000,14,14,0,14,0,9.999000099990002e-05,nan,9.999000099990002e-05,"двобічний bootstrap-тест на парних різницях (10000 перевибірок, seed 20240909)",0.0001220703125,,,True,False,source,commons:105627169;commons:106651461;commons:108911529;commons:116466520;commons:122435702;commons:123079448;commons:123689542;commons:132645039;commons:144041236;commons:74983792;commons:81047795;commons:97165575;commons:98913003;commons:99599833,,
B0d,P,clean,2.633671;2.352924;2.194403;2.003788;2.239036;2.029661;2.969791;2.764606;2.233937;1.944829;2.461847;2.335064;2.656808;2.636919,2.525197124700455,2.2602263105509213,0.5,еквівалентність у межах ±0.5 НЕ показана (90% CI [+2.26; +2.53]): різниця просто не встановлена,False,pre-declared,2.549409544760763,,True,False,2.236617848112393,2.389806023212383,paired cluster bootstrap over sources,psnr_full,10000,14,14,0,14,0,9.999000099990002e-05,0.0004999500049995,9.999000099990002e-05,"двобічний bootstrap-тест на парних різницях (10000 перевибірок, seed 20240909)",0.0001220703125,,,True,True,source,commons:105627169;commons:106651461;commons:108911529;commons:116466520;commons:122435702;commons:123079448;commons:123689542;commons:132645039;commons:144041236;commons:74983792;commons:81047795;commons:97165575;commons:98913003;commons:99599833,,
B1,B2,clean,0.000000;0.000000;0.000000;0.000000;0.000000;0.000000;0.000000;0.000000;0.000000;0.000000;0.000000;0.000000;0.000000;0.000000,0.0,0.0,0.5,еквівалентність у межах ±0.5 показана (90% CI [+0.00; +0.00]),True,exploratory,0.0,поза наперед оголошеною сім'єю; не коригується,False,False,0.0,0.0,paired cluster bootstrap over sources,psnr_full,10000,14,14,0,14,0,1.0,nan,1.0,"двобічний bootstrap-тест на парних різницях (10000 перевибірок, seed 20240909)",1.0,,,False,False,source,commons:105627169;commons:106651461;commons:108911529;commons:116466520;commons:122435702;commons:123079448;commons:123689542;commons:132645039;commons:144041236;commons:74983792;commons:81047795;commons:97165575;commons:98913003;commons:99599833,,
B1,B3,clean,16.270113;24.569018;25.602032;23.048301;29.656840;27.757175;27.711746;27.587714;27.906328;28.390074;29.173974;26.992009;27.918408;25.381530,27.585285499439546,24.706935662419465,0.5,еквівалентність у межах ±0.5 НЕ показана (90% CI [+24.71; +27.59]): різниця просто не встановлена,False,exploratory,27.751911099028067,поза наперед оголошеною сім'єю; не коригується,False,False,24.325683428211526,26.283233115956307,paired cluster bootstrap over sources,psnr_full,10000,14,14,0,14,0,9.999000099990002e-05,nan,9.999000099990002e-05,"двобічний bootstrap-тест на парних різницях (10000 перевибірок, seed 20240909)",0.0001220703125,,,True,False,source,commons:105627169;commons:106651461;commons:108911529;commons:116466520;commons:122435702;commons:123079448;commons:123689542;commons:132645039;commons:144041236;commons:74983792;commons:81047795;commons:97165575;commons:98913003;commons:99599833,,
B1,B4,clean,16.270113;24.569018;25.602032;23.048301;29.656840;27.757175;27.711746;27.587714;27.906328;28.390074;29.173974;26.992009;27.918408;25.381530,27.585285499439546,24.706935662419465,0.5,еквівалентність у межах ±0.5 НЕ показана (90% CI [+24.71; +27.59]): різниця просто не встановлена,False,exploratory,27.751911099028067,поза наперед оголошеною сім'єю; не коригується,False,False,24.325683428211526,26.283233115956307,paired cluster bootstrap over sources,psnr_full,10000,14,14,0,14,0,9.999000099990002e-05,nan,9.999000099990002e-05,"двобічний bootstrap-тест на парних різницях (10000 перевибірок, seed 20240909)",0.0001220703125,,,True,False,source,commons:105627169;commons:106651461;commons:108911529;commons:116466520;commons:122435702;commons:123079448;commons:123689542;commons:132645039;commons:144041236;commons:74983792;commons:81047795;commons:97165575;commons:98913003;commons:99599833,,
B1,B4t,clean,18.263122;25.721619;26.802712;24.380907;30.716317;28.844633;29.048263;28.859259;28.973633;29.249873;30.325502;28.100748;29.069826;26.600671,28.725129960198043,26.02484943328037,0.5,еквівалентність у межах ±0.5 НЕ показана (90% CI [+26.02; +28.73]): різниця просто не встановлена,False,exploratory,28.884353514418468,поза наперед оголошеною сім'єю; не коригується,False,False,25.675675035956175,27.496934887508093,paired cluster bootstrap over sources,psnr_full,10000,14,14,0,14,0,9.999000099990002e-05,nan,9.999000099990002e-05,"двобічний bootstrap-тест на парних різницях (10000 перевибірок, seed 20240909)",0.0001220703125,,,True,False,source,commons:105627169;commons:106651461;commons:108911529;commons:116466520;commons:122435702;commons:123079448;commons:123689542;commons:132645039;commons:144041236;commons:74983792;commons:81047795;commons:97165575;commons:98913003;commons:99599833,,
B1,P,clean,18.903785;26.921943;27.796435;25.052090;31.895876;29.786835;30.681537;30.352320;30.140265;30.334904;31.635820;29.327072;30.575216;28.018450,29.969088715771992,27.102961131471382,0.5,еквівалентність у межах ±0.5 НЕ показана (90% CI [+27.10; +29.97]): різниця просто не встановлена,False,exploratory,30.146077218252962,поза наперед оголошеною сім'єю; не коригується,False,False,26.754440463547244,28.673039139168687,paired cluster bootstrap over sources,psnr_full,10000,14,14,0,14,0,9.999000099990002e-05,nan,9.999000099990002e-05,"двобічний bootstrap-тест на парних різницях (10000 перевибірок, seed 20240909)",0.0001220703125,,,True,False,source,commons:105627169;commons:106651461;commons:108911529;commons:116466520;commons:122435702;commons:123079448;commons:123689542;commons:132645039;commons:144041236;commons:74983792;commons:81047795;commons:97165575;commons:98913003;commons:99599833,,
B2,B3,clean,16.270113;24.569018;25.602032;23.048301;29.656840;27.757175;27.711746;27.587714;27.906328;28.390074;29.173974;26.992009;27.918408;25.381530,27.585285499439546,24.706935662419465,0.5,еквівалентність у межах ±0.5 НЕ показана (90% CI [+24.71; +27.59]): різниця просто не встановлена,False,exploratory,27.751911099028067,поза наперед оголошеною сім'єю; не коригується,False,False,24.325683428211526,26.283233115956307,paired cluster bootstrap over sources,psnr_full,10000,14,14,0,14,0,9.999000099990002e-05,nan,9.999000099990002e-05,"двобічний bootstrap-тест на парних різницях (10000 перевибірок, seed 20240909)",0.0001220703125,,,True,False,source,commons:105627169;commons:106651461;commons:108911529;commons:116466520;commons:122435702;commons:123079448;commons:123689542;commons:132645039;commons:144041236;commons:74983792;commons:81047795;commons:97165575;commons:98913003;commons:99599833,,
B2,B4,clean,16.270113;24.569018;25.602032;23.048301;29.656840;27.757175;27.711746;27.587714;27.906328;28.390074;29.173974;26.992009;27.918408;25.381530,27.585285499439546,24.706935662419465,0.5,еквівалентність у межах ±0.5 НЕ показана (90% CI [+24.71; +27.59]): різниця просто не встановлена,False,exploratory,27.751911099028067,поза наперед оголошеною сім'єю; не коригується,False,False,24.325683428211526,26.283233115956307,paired cluster bootstrap over sources,psnr_full,10000,14,14,0,14,0,9.999000099990002e-05,nan,9.999000099990002e-05,"двобічний bootstrap-тест на парних різницях (10000 перевибірок, seed 20240909)",0.0001220703125,,,True,False,source,commons:105627169;commons:106651461;commons:108911529;commons:116466520;commons:122435702;commons:123079448;commons:123689542;commons:132645039;commons:144041236;commons:74983792;commons:81047795;commons:97165575;commons:98913003;commons:99599833,,
B2,B4t,clean,18.263122;25.721619;26.802712;24.380907;30.716317;28.844633;29.048263;28.859259;28.973633;29.249873;30.325502;28.100748;29.069826;26.600671,28.725129960198043,26.02484943328037,0.5,еквівалентність у межах ±0.5 НЕ показана (90% CI [+26.02; +28.73]): різниця просто не встановлена,False,exploratory,28.884353514418468,поза наперед оголошеною сім'єю; не коригується,False,False,25.675675035956175,27.496934887508093,paired cluster bootstrap over sources,psnr_full,10000,14,14,0,14,0,9.999000099990002e-05,nan,9.999000099990002e-05,"двобічний bootstrap-тест на парних різницях (10000 перевибірок, seed 20240909)",0.0001220703125,,,True,False,source,commons:105627169;commons:106651461;commons:108911529;commons:116466520;commons:122435702;commons:123079448;commons:123689542;commons:132645039;commons:144041236;commons:74983792;commons:81047795;commons:97165575;commons:98913003;commons:99599833,,
B2,P,clean,18.903785;26.921943;27.796435;25.052090;31.895876;29.786835;30.681537;30.352320;30.140265;30.334904;31.635820;29.327072;30.575216;28.018450,29.969088715771992,27.102961131471382,0.5,еквівалентність у межах ±0.5 НЕ показана (90% CI [+27.10; +29.97]): різниця просто не встановлена,False,exploratory,30.146077218252962,поза наперед оголошеною сім'єю; не коригується,False,False,26.754440463547244,28.673039139168687,paired cluster bootstrap over sources,psnr_full,10000,14,14,0,14,0,9.999000099990002e-05,nan,9.999000099990002e-05,"двобічний bootstrap-тест на парних різницях (10000 перевибірок, seed 20240909)",0.0001220703125,,,True,False,source,commons:105627169;commons:106651461;commons:108911529;commons:116466520;commons:122435702;commons:123079448;commons:123689542;commons:132645039;commons:144041236;commons:74983792;commons:81047795;commons:97165575;commons:98913003;commons:99599833,,
B3,B4,clean,0.000000;0.000000;0.000000;0.000000;0.000000;0.000000;0.000000;0.000000;0.000000;0.000000;0.000000;0.000000;0.000000;0.000000,0.0,0.0,0.5,еквівалентність у межах ±0.5 показана (90% CI [+0.00; +0.00]),True,exploratory,0.0,поза наперед оголошеною сім'єю; не коригується,False,False,0.0,0.0,paired cluster bootstrap over sources,psnr_full,10000,14,14,0,14,0,1.0,nan,1.0,"двобічний bootstrap-тест на парних різницях (10000 перевибірок, seed 20240909)",1.0,,,False,False,source,commons:105627169;commons:106651461;commons:108911529;commons:116466520;commons:122435702;commons:123079448;commons:123689542;commons:132645039;commons:144041236;commons:74983792;commons:81047795;commons:97165575;commons:98913003;commons:99599833,,
B3,B4t,clean,1.993009;1.152601;1.200680;1.332605;1.059477;1.087458;1.336517;1.271545;1.067305;0.859799;1.151528;1.108739;1.151419;1.219141,1.3329822639935602,1.1183853226333043,0.5,еквівалентність у межах ±0.5 НЕ показана (90% CI [+1.12; +1.33]): різниця просто не встановлена,False,exploratory,1.3593677458602242,поза наперед оголошеною сім'єю; не коригується,False,False,1.1054317899981403,1.2137017715517877,paired cluster bootstrap over sources,psnr_full,10000,14,14,0,14,0,9.999000099990002e-05,nan,9.999000099990002e-05,"двобічний bootstrap-тест на парних різницях (10000 перевибірок, seed 20240909)",0.0001220703125,,,True,False,source,commons:105627169;commons:106651461;commons:108911529;commons:116466520;commons:122435702;commons:123079448;commons:123689542;commons:132645039;commons:144041236;commons:74983792;commons:81047795;commons:97165575;commons:98913003;commons:99599833,,
B3,P,clean,2.633671;2.352924;2.194403;2.003788;2.239036;2.029661;2.969791;2.764606;2.233937;1.944829;2.461847;2.335064;2.656808;2.636919,2.525197124700455,2.2602263105509213,0.5,еквівалентність у межах ±0.5 НЕ показана (90% CI [+2.26; +2.53]): різниця просто не встановлена,False,pre-declared,2.549409544760763,,True,False,2.236617848112393,2.389806023212383,paired cluster bootstrap over sources,psnr_full,10000,14,14,0,14,0,9.999000099990002e-05,0.0004999500049995,9.999000099990002e-05,"двобічний bootstrap-тест на парних різницях (10000 перевибірок, seed 20240909)",0.0001220703125,,,True,True,source,commons:105627169;commons:106651461;commons:108911529;commons:116466520;commons:122435702;commons:123079448;commons:123689542;commons:132645039;commons:144041236;commons:74983792;commons:81047795;commons:97165575;commons:98913003;commons:99599833,,
B4,B4t,clean,1.993009;1.152601;1.200680;1.332605;1.059477;1.087458;1.336517;1.271545;1.067305;0.859799;1.151528;1.108739;1.151419;1.219141,1.3329822639935602,1.1183853226333043,0.5,еквівалентність у межах ±0.5 НЕ показана (90% CI [+1.12; +1.33]): різниця просто не встановлена,False,pre-declared,1.3593677458602242,,True,False,1.1054317899981403,1.2137017715517877,paired cluster bootstrap over sources,psnr_full,10000,14,14,0,14,0,9.999000099990002e-05,0.0004999500049995,9.999000099990002e-05,"двобічний bootstrap-тест на парних різницях (10000 перевибірок, seed 20240909)",0.0001220703125,,,True,True,source,commons:105627169;commons:106651461;commons:108911529;commons:116466520;commons:122435702;commons:123079448;commons:123689542;commons:132645039;commons:144041236;commons:74983792;commons:81047795;commons:97165575;commons:98913003;commons:99599833,,
B4,P,clean,2.633671;2.352924;2.194403;2.003788;2.239036;2.029661;2.969791;2.764606;2.233937;1.944829;2.461847;2.335064;2.656808;2.636919,2.525197124700455,2.2602263105509213,0.5,еквівалентність у межах ±0.5 НЕ показана (90% CI [+2.26; +2.53]): різниця просто не встановлена,False,pre-declared,2.549409544760763,,True,True,2.236617848112393,2.389806023212383,paired cluster bootstrap over sources,psnr_full,10000,14,14,0,14,0,9.999000099990002e-05,0.0004999500049995,9.999000099990002e-05,"двобічний bootstrap-тест на парних різницях (10000 перевибірок, seed 20240909)",0.0001220703125,,,True,True,source,commons:105627169;commons:106651461;commons:108911529;commons:116466520;commons:122435702;commons:123079448;commons:123689542;commons:132645039;commons:144041236;commons:74983792;commons:81047795;commons:97165575;commons:98913003;commons:99599833,,
B4t,P,clean,0.640662;1.200323;0.993723;0.671183;1.179559;0.942202;1.633274;1.493061;1.166632;1.085031;1.310318;1.226324;1.505389;1.417778,1.299880175174063,1.0479921875902414,0.5,еквівалентність у межах ±0.5 НЕ показана (90% CI [+1.05; +1.30]): різниця просто не встановлена,False,pre-declared,1.324565422400853,,True,False,1.0230738781682214,1.1761042516605948,paired cluster bootstrap over sources,psnr_full,10000,14,14,0,14,0,9.999000099990002e-05,0.0004999500049995,9.999000099990002e-05,"двобічний bootstrap-тест на парних різницях (10000 перевибірок, seed 20240909)",0.0001220703125,,,True,True,source,commons:105627169;commons:106651461;commons:108911529;commons:116466520;commons:122435702;commons:123079448;commons:123689542;commons:132645039;commons:144041236;commons:74983792;commons:81047795;commons:97165575;commons:98913003;commons:99599833,,
B0a,B0a-R,harsh,-3.379957;-3.565247;-2.936021;-3.394591;-2.333302;-3.466467;-2.140368;-3.086377;-3.419824;-2.145326;-2.057805;-3.200662;-2.502891;-3.103380,-2.665044559310849,-3.1349386294067365,0.5,еквівалентність у межах ±0.5 НЕ показана (90% CI [-3.13; -2.67]): різниця просто не встановлена,False,exploratory,-2.6153614553195843,поза наперед оголошеною сім'єю; не коригується,False,False,-3.1779385163066722,-2.909444046078214,paired cluster bootstrap over sources,psnr_full,10000,14,14,0,14,0,9.999000099990002e-05,nan,9.999000099990002e-05,"двобічний bootstrap-тест на парних різницях (10000 перевибірок, seed 20240909)",0.0001220703125,,,True,False,source,commons:105627169;commons:106651461;commons:108911529;commons:116466520;commons:122435702;commons:123079448;commons:123689542;commons:132645039;commons:144041236;commons:74983792;commons:81047795;commons:97165575;commons:98913003;commons:99599833,,
B0a,B0d,harsh,,,,0.5,не перевірялось,False,exploratory,nan,поза наперед оголошеною сім'єю; не коригується,False,False,nan,nan,paired cluster bootstrap over sources,psnr_full,10000,0,0,14,0,14,1.0,nan,1.0,"двобічний bootstrap-тест на парних різницях (10000 перевибірок, seed 20240909)",1.0,commons:105627169;commons:106651461;commons:108911529;commons:116466520;commons:122435702;commons:123079448;commons:123689542;commons:132645039;commons:144041236;commons:74983792;commons:81047795;commons:97165575;commons:98913003;commons:99599833,,False,False,source,,commons:105627169;commons:106651461;commons:108911529;commons:116466520;commons:122435702;commons:123079448;commons:123689542;commons:132645039;commons:144041236;commons:74983792;commons:81047795;commons:97165575;commons:98913003;commons:99599833,
B0a,B1,harsh,0.602425;0.727874;0.931754;0.697301;0.516585;0.638154;0.293455;0.704823;0.278570;0.332895;0.576456;0.620330;0.591626;0.437942,0.6460434905635399,0.4887611161679063,0.5,еквівалентність у межах ±0.5 НЕ показана (90% CI [+0.49; +0.65]): різниця просто не встановлена,False,exploratory,0.6601858676374683,поза наперед оголошеною сім'єю; не коригується,False,False,0.47328190530364045,0.5678708386241509,paired cluster bootstrap over sources,psnr_full,10000,14,14,0,14,0,9.999000099990002e-05,nan,9.999000099990002e-05,"двобічний bootstrap-тест на парних різницях (10000 перевибірок, seed 20240909)",0.0001220703125,,,True,False,source,commons:105627169;commons:106651461;commons:108911529;commons:116466520;commons:122435702;commons:123079448;commons:123689542;commons:132645039;commons:144041236;commons:74983792;commons:81047795;commons:97165575;commons:98913003;commons:99599833,,
B0a,B2,harsh,0.618788;0.648737;0.881385;0.763415;0.510107;0.608986;0.311802;0.727818;0.351075;0.321513;0.571857;0.365884;0.540612;0.477887,0.6239909564183131,0.4760976032918222,0.5,еквівалентність у межах ±0.5 НЕ показана (90% CI [+0.48; +0.62]): різниця просто не встановлена,False,exploratory,0.6391358837235563,поза наперед оголошеною сім'єю; не коригується,False,False,0.4629125403392284,0.549990406977818,paired cluster bootstrap over sources,psnr_full,10000,14,14,0,14,0,9.999000099990002e-05,nan,9.999000099990002e-05,"двобічний bootstrap-тест на парних різницях (10000 перевибірок, seed 20240909)",0.0001220703125,,,True,False,source,commons:105627169;commons:106651461;commons:108911529;commons:116466520;commons:122435702;commons:123079448;commons:123689542;commons:132645039;commons:144041236;commons:74983792;commons:81047795;commons:97165575;commons:98913003;commons:99599833,,
B0a,B3,harsh,,,,0.5,не перевірялось,False,exploratory,nan,поза наперед оголошеною сім'єю; не коригується,False,False,nan,nan,paired cluster bootstrap over sources,psnr_full,10000,0,0,14,0,14,1.0,nan,1.0,"двобічний bootstrap-тест на парних різницях (10000 перевибірок, seed 20240909)",1.0,commons:105627169;commons:106651461;commons:108911529;commons:116466520;commons:122435702;commons:123079448;commons:123689542;commons:132645039;commons:144041236;commons:74983792;commons:81047795;commons:97165575;commons:98913003;commons:99599833,,False,False,source,,commons:105627169;commons:106651461;commons:108911529;commons:116466520;commons:122435702;commons:123079448;commons:123689542;commons:132645039;commons:144041236;commons:74983792;commons:81047795;commons:97165575;commons:98913003;commons:99599833,
B0a,B4,harsh,,,,0.5,не перевірялось,False,exploratory,nan,поза наперед оголошеною сім'єю; не коригується,False,False,nan,nan,paired cluster bootstrap over sources,psnr_full,10000,0,0,14,0,14,1.0,nan,1.0,"двобічний bootstrap-тест на парних різницях (10000 перевибірок, seed 20240909)",1.0,commons:105627169;commons:106651461;commons:108911529;commons:116466520;commons:122435702;commons:123079448;commons:123689542;commons:132645039;commons:144041236;commons:74983792;commons:81047795;commons:97165575;commons:98913003;commons:99599833,,False,False,source,,commons:105627169;commons:106651461;commons:108911529;commons:116466520;commons:122435702;commons:123079448;commons:123689542;commons:132645039;commons:144041236;commons:74983792;commons:81047795;commons:97165575;commons:98913003;commons:99599833,
B0a,B4t,harsh,,,,0.5,не перевірялось,False,exploratory,nan,поза наперед оголошеною сім'єю; не коригується,False,False,nan,nan,paired cluster bootstrap over sources,psnr_full,10000,0,0,14,0,14,1.0,nan,1.0,"двобічний bootstrap-тест на парних різницях (10000 перевибірок, seed 20240909)",1.0,commons:105627169;commons:106651461;commons:108911529;commons:116466520;commons:122435702;commons:123079448;commons:123689542;commons:132645039;commons:144041236;commons:74983792;commons:81047795;commons:97165575;commons:98913003;commons:99599833,,False,False,source,,commons:105627169;commons:106651461;commons:108911529;commons:116466520;commons:122435702;commons:123079448;commons:123689542;commons:132645039;commons:144041236;commons:74983792;commons:81047795;commons:97165575;commons:98913003;commons:99599833,
B0a,P,harsh,,,,0.5,не перевірялось,False,exploratory,nan,поза наперед оголошеною сім'єю; не коригується,False,False,nan,nan,paired cluster bootstrap over sources,psnr_full,10000,0,0,14,0,14,1.0,nan,1.0,"двобічний bootstrap-тест на парних різницях (10000 перевибірок, seed 20240909)",1.0,commons:105627169;commons:106651461;commons:108911529;commons:116466520;commons:122435702;commons:123079448;commons:123689542;commons:132645039;commons:144041236;commons:74983792;commons:81047795;commons:97165575;commons:98913003;commons:99599833,,False,False,source,,commons:105627169;commons:106651461;commons:108911529;commons:116466520;commons:122435702;commons:123079448;commons:123689542;commons:132645039;commons:144041236;commons:74983792;commons:81047795;commons:97165575;commons:98913003;commons:99599833,
B0a-R,B0d,harsh,,,,0.5,не перевірялось,False,exploratory,nan,поза наперед оголошеною сім'єю; не коригується,False,False,nan,nan,paired cluster bootstrap over sources,psnr_full,10000,0,0,14,0,14,1.0,nan,1.0,"двобічний bootstrap-тест на парних різницях (10000 перевибірок, seed 20240909)",1.0,commons:105627169;commons:106651461;commons:108911529;commons:116466520;commons:122435702;commons:123079448;commons:123689542;commons:132645039;commons:144041236;commons:74983792;commons:81047795;commons:97165575;commons:98913003;commons:99599833,,False,False,source,,commons:105627169;commons:106651461;commons:108911529;commons:116466520;commons:122435702;commons:123079448;commons:123689542;commons:132645039;commons:144041236;commons:74983792;commons:81047795;commons:97165575;commons:98913003;commons:99599833,
B0a-R,B1,harsh,3.982382;4.293121;3.867775;4.091892;2.849887;4.104621;2.433823;3.791200;3.698394;2.478221;2.634261;3.820991;3.094518;3.541322,3.7430312677896613,3.1895871136065184,0.5,еквівалентність у межах ±0.5 НЕ показана (90% CI [+3.19; +3.74]): різниця просто не встановлена,False,exploratory,3.7915103161254846,поза наперед оголошеною сім'єю; не коригується,False,False,3.1307592338151773,3.477314884702364,paired cluster bootstrap over sources,psnr_full,10000,14,14,0,14,0,9.999000099990002e-05,nan,9.999000099990002e-05,"двобічний bootstrap-тест на парних різницях (10000 перевибірок, seed 20240909)",0.0001220703125,,,True,False,source,commons:105627169;commons:106651461;commons:108911529;commons:116466520;commons:122435702;commons:123079448;commons:123689542;commons:132645039;commons:144041236;commons:74983792;commons:81047795;commons:97165575;commons:98913003;commons:99599833,,
B0a-R,B2,harsh,3.998745;4.213984;3.817406;4.158006;2.843409;4.075453;2.452170;3.814194;3.770899;2.466838;2.629662;3.566546;3.043504;3.581266,3.7240728539711916,3.17410528282675,0.5,еквівалентність у межах ±0.5 НЕ показана (90% CI [+3.17; +3.72]): різниця просто не встановлена,False,exploratory,3.7682119040844744,поза наперед оголошеною сім'єю; не коригується,False,False,3.119361655615848,3.459434453056031,paired cluster bootstrap over sources,psnr_full,10000,14,14,0,14,0,9.999000099990002e-05,nan,9.999000099990002e-05,"двобічний bootstrap-тест на парних різницях (10000 перевибірок, seed 20240909)",0.0001220703125,,,True,False,source,commons:105627169;commons:106651461;commons:108911529;commons:116466520;commons:122435702;commons:123079448;commons:123689542;commons:132645039;commons:144041236;commons:74983792;commons:81047795;commons:97165575;commons:98913003;commons:99599833,,
B0a-R,B3,harsh,,,,0.5,не перевірялось,False,exploratory,nan,поза наперед оголошеною сім'єю; не коригується,False,False,nan,nan,paired cluster bootstrap over sources,psnr_full,10000,0,0,14,0,14,1.0,nan,1.0,"двобічний bootstrap-тест на парних різницях (10000 перевибірок, seed 20240909)",1.0,commons:105627169;commons:106651461;commons:108911529;commons:116466520;commons:122435702;commons:123079448;commons:123689542;commons:132645039;commons:144041236;commons:74983792;commons:81047795;commons:97165575;commons:98913003;commons:99599833,,False,False,source,,commons:105627169;commons:106651461;commons:108911529;commons:116466520;commons:122435702;commons:123079448;commons:123689542;commons:132645039;commons:144041236;commons:74983792;commons:81047795;commons:97165575;commons:98913003;commons:99599833,
B0a-R,B4,harsh,,,,0.5,не перевірялось,False,exploratory,nan,поза наперед оголошеною сім'єю; не коригується,False,False,nan,nan,paired cluster bootstrap over sources,psnr_full,10000,0,0,14,0,14,1.0,nan,1.0,"двобічний bootstrap-тест на парних різницях (10000 перевибірок, seed 20240909)",1.0,commons:105627169;commons:106651461;commons:108911529;commons:116466520;commons:122435702;commons:123079448;commons:123689542;commons:132645039;commons:144041236;commons:74983792;commons:81047795;commons:97165575;commons:98913003;commons:99599833,,False,False,source,,commons:105627169;commons:106651461;commons:108911529;commons:116466520;commons:122435702;commons:123079448;commons:123689542;commons:132645039;commons:144041236;commons:74983792;commons:81047795;commons:97165575;commons:98913003;commons:99599833,
B0a-R,B4t,harsh,,,,0.5,не перевірялось,False,exploratory,nan,поза наперед оголошеною сім'єю; не коригується,False,False,nan,nan,paired cluster bootstrap over sources,psnr_full,10000,0,0,14,0,14,1.0,nan,1.0,"двобічний bootstrap-тест на парних різницях (10000 перевибірок, seed 20240909)",1.0,commons:105627169;commons:106651461;commons:108911529;commons:116466520;commons:122435702;commons:123079448;commons:123689542;commons:132645039;commons:144041236;commons:74983792;commons:81047795;commons:97165575;commons:98913003;commons:99599833,,False,False,source,,commons:105627169;commons:106651461;commons:108911529;commons:116466520;commons:122435702;commons:123079448;commons:123689542;commons:132645039;commons:144041236;commons:74983792;commons:81047795;commons:97165575;commons:98913003;commons:99599833,
B0a-R,P,harsh,,,,0.5,не перевірялось,False,exploratory,nan,поза наперед оголошеною сім'єю; не коригується,False,False,nan,nan,paired cluster bootstrap over sources,psnr_full,10000,0,0,14,0,14,1.0,nan,1.0,"двобічний bootstrap-тест на парних різницях (10000 перевибірок, seed 20240909)",1.0,commons:105627169;commons:106651461;commons:108911529;commons:116466520;commons:122435702;commons:123079448;commons:123689542;commons:132645039;commons:144041236;commons:74983792;commons:81047795;commons:97165575;commons:98913003;commons:99599833,,False,False,source,,commons:105627169;commons:106651461;commons:108911529;commons:116466520;commons:122435702;commons:123079448;commons:123689542;commons:132645039;commons:144041236;commons:74983792;commons:81047795;commons:97165575;commons:98913003;commons:99599833,
B0d,B1,harsh,,,,0.5,не перевірялось,False,exploratory,nan,поза наперед оголошеною сім'єю; не коригується,False,False,nan,nan,paired cluster bootstrap over sources,psnr_full,10000,0,0,14,0,14,1.0,nan,1.0,"двобічний bootstrap-тест на парних різницях (10000 перевибірок, seed 20240909)",1.0,,commons:105627169;commons:106651461;commons:108911529;commons:116466520;commons:122435702;commons:123079448;commons:123689542;commons:132645039;commons:144041236;commons:74983792;commons:81047795;commons:97165575;commons:98913003;commons:99599833,False,False,source,,,commons:105627169;commons:106651461;commons:108911529;commons:116466520;commons:122435702;commons:123079448;commons:123689542;commons:132645039;commons:144041236;commons:74983792;commons:81047795;commons:97165575;commons:98913003;commons:99599833
B0d,B2,harsh,,,,0.5,не перевірялось,False,exploratory,nan,поза наперед оголошеною сім'єю; не коригується,False,False,nan,nan,paired cluster bootstrap over sources,psnr_full,10000,0,0,14,0,14,1.0,nan,1.0,"двобічний bootstrap-тест на парних різницях (10000 перевибірок, seed 20240909)",1.0,,commons:105627169;commons:106651461;commons:108911529;commons:116466520;commons:122435702;commons:123079448;commons:123689542;commons:132645039;commons:144041236;commons:74983792;commons:81047795;commons:97165575;commons:98913003;commons:99599833,False,False,source,,,commons:105627169;commons:106651461;commons:108911529;commons:116466520;commons:122435702;commons:123079448;commons:123689542;commons:132645039;commons:144041236;commons:74983792;commons:81047795;commons:97165575;commons:98913003;commons:99599833
B0d,B3,harsh,,,,0.5,не перевірялось,False,exploratory,nan,поза наперед оголошеною сім'єю; не коригується,False,False,nan,nan,paired cluster bootstrap over sources,psnr_full,10000,0,0,0,0,0,1.0,nan,1.0,"двобічний bootstrap-тест на парних різницях (10000 перевибірок, seed 20240909)",1.0,,,False,False,source,,,
B0d,B4,harsh,,,,0.5,не перевірялось,False,exploratory,nan,поза наперед оголошеною сім'єю; не коригується,False,False,nan,nan,paired cluster bootstrap over sources,psnr_full,10000,0,0,0,0,0,1.0,nan,1.0,"двобічний bootstrap-тест на парних різницях (10000 перевибірок, seed 20240909)",1.0,,,False,False,source,,,
B0d,B4t,harsh,,,,0.5,не перевірялось,False,exploratory,nan,поза наперед оголошеною сім'єю; не коригується,False,False,nan,nan,paired cluster bootstrap over sources,psnr_full,10000,0,0,0,0,0,1.0,nan,1.0,"двобічний bootstrap-тест на парних різницях (10000 перевибірок, seed 20240909)",1.0,,,False,False,source,,,
B0d,P,harsh,,,,0.5,не перевірялось,False,pre-declared,nan,,True,False,nan,nan,paired cluster bootstrap over sources,psnr_full,10000,0,0,0,0,0,1.0,1.0,1.0,"двобічний bootstrap-тест на парних різницях (10000 перевибірок, seed 20240909)",1.0,,,False,False,source,,,
B1,B2,harsh,0.016363;-0.079138;-0.050369;0.066114;-0.006478;-0.029168;0.018347;0.022994;0.072505;-0.011383;-0.004598;-0.254446;-0.051014;0.039944,0.013054636841670584,-0.05496939002068204,0.5,еквівалентність у межах ±0.5 показана (90% CI [-0.05; +0.01]),True,exploratory,0.016912562358955704,поза наперед оголошеною сім'єю; не коригується,False,False,-0.06358516614872288,-0.017880431646332923,paired cluster bootstrap over sources,psnr_full,10000,14,14,0,14,0,0.39086091390860916,nan,0.39086091390860916,"двобічний bootstrap-тест на парних різницях (10000 перевибірок, seed 20240909)",0.71484375,,,False,False,source,commons:105627169;commons:106651461;commons:108911529;commons:116466520;commons:122435702;commons:123079448;commons:123689542;commons:132645039;commons:144041236;commons:74983792;commons:81047795;commons:97165575;commons:98913003;commons:99599833,,
B1,B3,harsh,,,,0.5,не перевірялось,False,exploratory,nan,поза наперед оголошеною сім'єю; не коригується,False,False,nan,nan,paired cluster bootstrap over sources,psnr_full,10000,0,0,14,0,14,1.0,nan,1.0,"двобічний bootstrap-тест на парних різницях (10000 перевибірок, seed 20240909)",1.0,commons:105627169;commons:106651461;commons:108911529;commons:116466520;commons:122435702;commons:123079448;commons:123689542;commons:132645039;commons:144041236;commons:74983792;commons:81047795;commons:97165575;commons:98913003;commons:99599833,,False,False,source,,commons:105627169;commons:106651461;commons:108911529;commons:116466520;commons:122435702;commons:123079448;commons:123689542;commons:132645039;commons:144041236;commons:74983792;commons:81047795;commons:97165575;commons:98913003;commons:99599833,
B1,B4,harsh,,,,0.5,не перевірялось,False,exploratory,nan,поза наперед оголошеною сім'єю; не коригується,False,False,nan,nan,paired cluster bootstrap over sources,psnr_full,10000,0,0,14,0,14,1.0,nan,1.0,"двобічний bootstrap-тест на парних різницях (10000 перевибірок, seed 20240909)",1.0,commons:105627169;commons:106651461;commons:108911529;commons:116466520;commons:122435702;commons:123079448;commons:123689542;commons:132645039;commons:144041236;commons:74983792;commons:81047795;commons:97165575;commons:98913003;commons:99599833,,False,False,source,,commons:105627169;commons:106651461;commons:108911529;commons:116466520;commons:122435702;commons:123079448;commons:123689542;commons:132645039;commons:144041236;commons:74983792;commons:81047795;commons:97165575;commons:98913003;commons:99599833,
B1,B4t,harsh,,,,0.5,не перевірялось,False,exploratory,nan,поза наперед оголошеною сім'єю; не коригується,False,False,nan,nan,paired cluster bootstrap over sources,psnr_full,10000,0,0,14,0,14,1.0,nan,1.0,"двобічний bootstrap-тест на парних різницях (10000 перевибірок, seed 20240909)",1.0,commons:105627169;commons:106651461;commons:108911529;commons:116466520;commons:122435702;commons:123079448;commons:123689542;commons:132645039;commons:144041236;commons:74983792;commons:81047795;commons:97165575;commons:98913003;commons:99599833,,False,False,source,,commons:105627169;commons:106651461;commons:108911529;commons:116466520;commons:122435702;commons:123079448;commons:123689542;commons:132645039;commons:144041236;commons:74983792;commons:81047795;commons:97165575;commons:98913003;commons:99599833,
B1,P,harsh,,,,0.5,не перевірялось,False,exploratory,nan,поза наперед оголошеною сім'єю; не коригується,False,False,nan,nan,paired cluster bootstrap over sources,psnr_full,10000,0,0,14,0,14,1.0,nan,1.0,"двобічний bootstrap-тест на парних різницях (10000 перевибірок, seed 20240909)",1.0,commons:105627169;commons:106651461;commons:108911529;commons:116466520;commons:122435702;commons:123079448;commons:123689542;commons:132645039;commons:144041236;commons:74983792;commons:81047795;commons:97165575;commons:98913003;commons:99599833,,False,False,source,,commons:105627169;commons:106651461;commons:108911529;commons:116466520;commons:122435702;commons:123079448;commons:123689542;commons:132645039;commons:144041236;commons:74983792;commons:81047795;commons:97165575;commons:98913003;commons:99599833,
B2,B3,harsh,,,,0.5,не перевірялось,False,exploratory,nan,поза наперед оголошеною сім'єю; не коригується,False,False,nan,nan,paired cluster bootstrap over sources,psnr_full,10000,0,0,14,0,14,1.0,nan,1.0,"двобічний bootstrap-тест на парних різницях (10000 перевибірок, seed 20240909)",1.0,commons:105627169;commons:106651461;commons:108911529;commons:116466520;commons:122435702;commons:123079448;commons:123689542;commons:132645039;commons:144041236;commons:74983792;commons:81047795;commons:97165575;commons:98913003;commons:99599833,,False,False,source,,commons:105627169;commons:106651461;commons:108911529;commons:116466520;commons:122435702;commons:123079448;commons:123689542;commons:132645039;commons:144041236;commons:74983792;commons:81047795;commons:97165575;commons:98913003;commons:99599833,
B2,B4,harsh,,,,0.5,не перевірялось,False,exploratory,nan,поза наперед оголошеною сім'єю; не коригується,False,False,nan,nan,paired cluster bootstrap over sources,psnr_full,10000,0,0,14,0,14,1.0,nan,1.0,"двобічний bootstrap-тест на парних різницях (10000 перевибірок, seed 20240909)",1.0,commons:105627169;commons:106651461;commons:108911529;commons:116466520;commons:122435702;commons:123079448;commons:123689542;commons:132645039;commons:144041236;commons:74983792;commons:81047795;commons:97165575;commons:98913003;commons:99599833,,False,False,source,,commons:105627169;commons:106651461;commons:108911529;commons:116466520;commons:122435702;commons:123079448;commons:123689542;commons:132645039;commons:144041236;commons:74983792;commons:81047795;commons:97165575;commons:98913003;commons:99599833,
B2,B4t,harsh,,,,0.5,не перевірялось,False,exploratory,nan,поза наперед оголошеною сім'єю; не коригується,False,False,nan,nan,paired cluster bootstrap over sources,psnr_full,10000,0,0,14,0,14,1.0,nan,1.0,"двобічний bootstrap-тест на парних різницях (10000 перевибірок, seed 20240909)",1.0,commons:105627169;commons:106651461;commons:108911529;commons:116466520;commons:122435702;commons:123079448;commons:123689542;commons:132645039;commons:144041236;commons:74983792;commons:81047795;commons:97165575;commons:98913003;commons:99599833,,False,False,source,,commons:105627169;commons:106651461;commons:108911529;commons:116466520;commons:122435702;commons:123079448;commons:123689542;commons:132645039;commons:144041236;commons:74983792;commons:81047795;commons:97165575;commons:98913003;commons:99599833,
B2,P,harsh,,,,0.5,не перевірялось,False,exploratory,nan,поза наперед оголошеною сім'єю; не коригується,False,False,nan,nan,paired cluster bootstrap over sources,psnr_full,10000,0,0,14,0,14,1.0,nan,1.0,"двобічний bootstrap-тест на парних різницях (10000 перевибірок, seed 20240909)",1.0,commons:105627169;commons:106651461;commons:108911529;commons:116466520;commons:122435702;commons:123079448;commons:123689542;commons:132645039;commons:144041236;commons:74983792;commons:81047795;commons:97165575;commons:98913003;commons:99599833,,False,False,source,,commons:105627169;commons:106651461;commons:108911529;commons:116466520;commons:122435702;commons:123079448;commons:123689542;commons:132645039;commons:144041236;commons:74983792;commons:81047795;commons:97165575;commons:98913003;commons:99599833,
B3,B4,harsh,,,,0.5,не перевірялось,False,exploratory,nan,поза наперед оголошеною сім'єю; не коригується,False,False,nan,nan,paired cluster bootstrap over sources,psnr_full,10000,0,0,0,0,0,1.0,nan,1.0,"двобічний bootstrap-тест на парних різницях (10000 перевибірок, seed 20240909)",1.0,,,False,False,source,,,
B3,B4t,harsh,,,,0.5,не перевірялось,False,exploratory,nan,поза наперед оголошеною сім'єю; не коригується,False,False,nan,nan,paired cluster bootstrap over sources,psnr_full,10000,0,0,0,0,0,1.0,nan,1.0,"двобічний bootstrap-тест на парних різницях (10000 перевибірок, seed 20240909)",1.0,,,False,False,source,,,
B3,P,harsh,,,,0.5,не перевірялось,False,pre-declared,nan,,True,False,nan,nan,paired cluster bootstrap over sources,psnr_full,10000,0,0,0,0,0,1.0,1.0,1.0,"двобічний bootstrap-тест на парних різницях (10000 перевибірок, seed 20240909)",1.0,,,False,False,source,,,
B4,B4t,harsh,,,,0.5,не перевірялось,False,pre-declared,nan,,True,False,nan,nan,paired cluster bootstrap over sources,psnr_full,10000,0,0,0,0,0,1.0,1.0,1.0,"двобічний bootstrap-тест на парних різницях (10000 перевибірок, seed 20240909)",1.0,,,False,False,source,,,
B4,P,harsh,,,,0.5,не перевірялось,False,pre-declared,nan,,True,True,nan,nan,paired cluster bootstrap over sources,psnr_full,10000,0,0,0,0,0,1.0,1.0,1.0,"двобічний bootstrap-тест на парних різницях (10000 перевибірок, seed 20240909)",1.0,,,False,False,source,,,
B4t,P,harsh,,,,0.5,не перевірялось,False,pre-declared,nan,,True,False,nan,nan,paired cluster bootstrap over sources,psnr_full,10000,0,0,0,0,0,1.0,1.0,1.0,"двобічний bootstrap-тест на парних різницях (10000 перевибірок, seed 20240909)",1.0,,,False,False,source,,,
B0a,B0a-R,mild,-0.498139;-0.210221;-0.279614;-0.310170;-0.264140;-0.147277;-0.363636;-0.286863;-0.186215;-0.247320;-0.241249;-0.146254;-0.314586;-0.250249,-0.23183511615439117,-0.30749124684563317,0.5,еквівалентність у межах ±0.5 показана (90% CI [-0.31; -0.23]),True,exploratory,-0.22585729883977199,поза наперед оголошеною сім'єю; не коригується,False,False,-0.3165379561030417,-0.26756660673950655,paired cluster bootstrap over sources,psnr_full,10000,14,14,0,14,0,9.999000099990002e-05,nan,9.999000099990002e-05,"двобічний bootstrap-тест на парних різницях (10000 перевибірок, seed 20240909)",0.0001220703125,,,True,False,source,commons:105627169;commons:106651461;commons:108911529;commons:116466520;commons:122435702;commons:123079448;commons:123689542;commons:132645039;commons:144041236;commons:74983792;commons:81047795;commons:97165575;commons:98913003;commons:99599833,,
B0a,B0d,mild,-4.524374;-0.296262;2.025875;0.261291;4.482229;1.830726;3.440512;3.874961;2.177694;4.048960;3.775179;1.590979;3.741325;0.939379,2.9008831341974197,0.8656699077703399,0.5,еквівалентність у межах ±0.5 НЕ показана (90% CI [+0.87; +2.90]): різниця просто не встановлена,False,exploratory,3.0463127271428383,поза наперед оголошеною сім'єю; не коригується,False,False,0.6266852281044266,1.9548909257986524,paired cluster bootstrap over sources,psnr_full,10000,14,14,0,14,0,0.0032996700329967,nan,0.0032996700329967,"двобічний bootstrap-тест на парних різницях (10000 перевибірок, seed 20240909)",0.020263671875,,,True,False,source,commons:105627169;commons:106651461;commons:108911529;commons:116466520;commons:122435702;commons:123079448;commons:123689542;commons:132645039;commons:144041236;commons:74983792;commons:81047795;commons:97165575;commons:98913003;commons:99599833,,
B0a,B1,mild,0.735969;1.032353;1.249738;1.219170;0.995866;0.504722;0.952155;1.599923;0.463557;0.746214;0.831335;0.521174;1.129736;0.752278,1.0479936060313835,0.7773134152813762,0.5,еквівалентність у межах ±0.5 НЕ показана (90% CI [+0.78; +1.05]): різниця просто не встановлена,False,exploratory,1.0764171918549374,поза наперед оголошеною сім'єю; не коригується,False,False,0.7534539720846958,0.9095849933894975,paired cluster bootstrap over sources,psnr_full,10000,14,14,0,14,0,9.999000099990002e-05,nan,9.999000099990002e-05,"двобічний bootstrap-тест на парних різницях (10000 перевибірок, seed 20240909)",0.0001220703125,,,True,False,source,commons:105627169;commons:106651461;commons:108911529;commons:116466520;commons:122435702;commons:123079448;commons:123689542;commons:132645039;commons:144041236;commons:74983792;commons:81047795;commons:97165575;commons:98913003;commons:99599833,,
B0a,B2,mild,0.803893;0.922513;1.264954;1.123209;0.978279;0.503411;0.908453;1.603423;0.466855;0.660021;0.812053;0.528373;1.168362;0.729087,1.0296273576725565,0.7604352907874076,0.5,еквівалентність у межах ±0.5 НЕ показана (90% CI [+0.76; +1.03]): різниця просто не встановлена,False,exploratory,1.0590313914349836,поза наперед оголошеною сім'єю; не коригується,False,False,0.7372314311175282,0.8909204941743868,paired cluster bootstrap over sources,psnr_full,10000,14,14,0,14,0,9.999000099990002e-05,nan,9.999000099990002e-05,"двобічний bootstrap-тест на парних різницях (10000 перевибірок, seed 20240909)",0.0001220703125,,,True,False,source,commons:105627169;commons:106651461;commons:108911529;commons:116466520;commons:122435702;commons:123079448;commons:123689542;commons:132645039;commons:144041236;commons:74983792;commons:81047795;commons:97165575;commons:98913003;commons:99599833,,
B0a,B3,mild,-4.524374;-0.296262;2.025875;0.261291;4.482229;1.830726;3.440512;3.874961;2.177694;4.048960;3.775179;1.590979;3.741325;0.939379,2.9008831341974197,0.8656699077703399,0.5,еквівалентність у межах ±0.5 НЕ показана (90% CI [+0.87; +2.90]): різниця просто не встановлена,False,exploratory,3.0463127271428383,поза наперед оголошеною сім'єю; не коригується,False,False,0.6266852281044266,1.9548909257986524,paired cluster bootstrap over sources,psnr_full,10000,14,14,0,14,0,0.0032996700329967,nan,0.0032996700329967,"двобічний bootstrap-тест на парних різницях (10000 перевибірок, seed 20240909)",0.020263671875,,,True,False,source,commons:105627169;commons:106651461;commons:108911529;commons:116466520;commons:122435702;commons:123079448;commons:123689542;commons:132645039;commons:144041236;commons:74983792;commons:81047795;commons:97165575;commons:98913003;commons:99599833,,
B0a,B4,mild,-4.524374;-0.296262;2.025875;0.261291;4.482229;1.830726;3.440512;3.874961;2.177694;4.048960;3.775179;1.590979;3.741325;0.939379,2.9008831341974197,0.8656699077703399,0.5,еквівалентність у межах ±0.5 НЕ показана (90% CI [+0.87; +2.90]): різниця просто не встановлена,False,exploratory,3.0463127271428383,поза наперед оголошеною сім'єю; не коригується,False,False,0.6266852281044266,1.9548909257986524,paired cluster bootstrap over sources,psnr_full,10000,14,14,0,14,0,0.0032996700329967,nan,0.0032996700329967,"двобічний bootstrap-тест на парних різницях (10000 перевибірок, seed 20240909)",0.020263671875,,,True,False,source,commons:105627169;commons:106651461;commons:108911529;commons:116466520;commons:122435702;commons:123079448;commons:123689542;commons:132645039;commons:144041236;commons:74983792;commons:81047795;commons:97165575;commons:98913003;commons:99599833,,
B0a,B4t,mild,-2.531365;0.856339;3.226555;1.593896;5.541706;2.918184;4.777029;5.146506;3.244999;4.908759;4.926707;2.699719;4.892743;2.158520,4.046417535615517,2.171688909644523,0.5,еквівалентність у межах ±0.5 НЕ показана (90% CI [+2.17; +4.05]): різниця просто не встановлена,False,exploratory,4.200221595212022,поза наперед оголошеною сім'єю; не коригується,False,False,1.9617521424849853,3.168592697350441,paired cluster bootstrap over sources,psnr_full,10000,14,14,0,14,0,9.999000099990002e-05,nan,9.999000099990002e-05,"двобічний bootstrap-тест на парних різницях (10000 перевибірок, seed 20240909)",0.0008544921875,,,True,False,source,commons:105627169;commons:106651461;commons:108911529;commons:116466520;commons:122435702;commons:123079448;commons:123689542;commons:132645039;commons:144041236;commons:74983792;commons:81047795;commons:97165575;commons:98913003;commons:99599833,,
B0a,P,mild,-1.890702;2.056662;4.220278;2.265079;6.721265;3.860387;6.410302;6.639567;4.411631;5.993789;6.237025;3.926043;6.398133;3.576298,5.304221007556063,3.2530211972878953,0.5,еквівалентність у межах ±0.5 НЕ показана (90% CI [+3.25; +5.30]): різниця просто не встановлена,False,exploratory,5.474706837370899,поза наперед оголошеною сім'єю; не коригується,False,False,3.0242949891551234,4.344696949011035,paired cluster bootstrap over sources,psnr_full,10000,14,14,0,14,0,9.999000099990002e-05,nan,9.999000099990002e-05,"двобічний bootstrap-тест на парних різницях (10000 перевибірок, seed 20240909)",0.000244140625,,,True,False,source,commons:105627169;commons:106651461;commons:108911529;commons:116466520;commons:122435702;commons:123079448;commons:123689542;commons:132645039;commons:144041236;commons:74983792;commons:81047795;commons:97165575;commons:98913003;commons:99599833,,
B0a-R,B0d,mild,-4.026234;-0.086041;2.305489;0.571460;4.746369;1.978003;3.804147;4.161824;2.363909;4.296281;4.016428;1.737233;4.055910;1.189628,3.15465059280149,1.1518892450164868,0.5,еквівалентність у межах ±0.5 НЕ показана (90% CI [+1.15; +3.15]): різниця просто не встановлена,False,exploratory,3.308549358005443,поза наперед оголошеною сім'єю; не коригується,False,False,0.9220752443108254,2.222457532538159,paired cluster bootstrap over sources,psnr_full,10000,14,14,0,14,0,0.0005999400059994001,nan,0.0005999400059994001,"двобічний bootstrap-тест на парних різницях (10000 перевибірок, seed 20240909)",0.0067138671875,,,True,False,source,commons:105627169;commons:106651461;commons:108911529;commons:116466520;commons:122435702;commons:123079448;commons:123689542;commons:132645039;commons:144041236;commons:74983792;commons:81047795;commons:97165575;commons:98913003;commons:99599833,,
B0a-R,B1,mild,1.234108;1.242574;1.529352;1.529339;1.260006;0.651999;1.315791;1.886786;0.649771;0.993535;1.072584;0.667428;1.444322;1.002527,1.332518360652161,1.0245451328451531,0.5,еквівалентність у межах ±0.5 НЕ показана (90% CI [+1.02; +1.33]): різниця просто не встановлена,False,exploratory,1.3635837416938315,поза наперед оголошеною сім'єю; не коригується,False,False,0.9966659462144978,1.177151600129004,paired cluster bootstrap over sources,psnr_full,10000,14,14,0,14,0,9.999000099990002e-05,nan,9.999000099990002e-05,"двобічний bootstrap-тест на парних різницях (10000 перевибірок, seed 20240909)",0.0001220703125,,,True,False,source,commons:105627169;commons:106651461;commons:108911529;commons:116466520;commons:122435702;commons:123079448;commons:123689542;commons:132645039;commons:144041236;commons:74983792;commons:81047795;commons:97165575;commons:98913003;commons:99599833,,
B0a-R,B2,mild,1.302033;1.132734;1.544569;1.433379;1.242419;0.650688;1.272089;1.890286;0.653070;0.907342;1.053302;0.674627;1.482947;0.979336,1.3161535351301494,1.0061182801901205,0.5,еквівалентність у межах ±0.5 НЕ показана (90% CI [+1.01; +1.32]): різниця просто не встановлена,False,exploratory,1.3462316171965603,поза наперед оголошеною сім'єю; не коригується,False,False,0.9790710455483757,1.1584871009138933,paired cluster bootstrap over sources,psnr_full,10000,14,14,0,14,0,9.999000099990002e-05,nan,9.999000099990002e-05,"двобічний bootstrap-тест на парних різницях (10000 перевибірок, seed 20240909)",0.0001220703125,,,True,False,source,commons:105627169;commons:106651461;commons:108911529;commons:116466520;commons:122435702;commons:123079448;commons:123689542;commons:132645039;commons:144041236;commons:74983792;commons:81047795;commons:97165575;commons:98913003;commons:99599833,,
B0a-R,B3,mild,-4.026234;-0.086041;2.305489;0.571460;4.746369;1.978003;3.804147;4.161824;2.363909;4.296281;4.016428;1.737233;4.055910;1.189628,3.15465059280149,1.1518892450164868,0.5,еквівалентність у межах ±0.5 НЕ показана (90% CI [+1.15; +3.15]): різниця просто не встановлена,False,exploratory,3.308549358005443,поза наперед оголошеною сім'єю; не коригується,False,False,0.9220752443108254,2.222457532538159,paired cluster bootstrap over sources,psnr_full,10000,14,14,0,14,0,0.0005999400059994001,nan,0.0005999400059994001,"двобічний bootstrap-тест на парних різницях (10000 перевибірок, seed 20240909)",0.0067138671875,,,True,False,source,commons:105627169;commons:106651461;commons:108911529;commons:116466520;commons:122435702;commons:123079448;commons:123689542;commons:132645039;commons:144041236;commons:74983792;commons:81047795;commons:97165575;commons:98913003;commons:99599833,,
B0a-R,B4,mild,-4.026234;-0.086041;2.305489;0.571460;4.746369;1.978003;3.804147;4.161824;2.363909;4.296281;4.016428;1.737233;4.055910;1.189628,3.15465059280149,1.1518892450164868,0.5,еквівалентність у межах ±0.5 НЕ показана (90% CI [+1.15; +3.15]): різниця просто не встановлена,False,exploratory,3.308549358005443,поза наперед оголошеною сім'єю; не коригується,False,False,0.9220752443108254,2.222457532538159,paired cluster bootstrap over sources,psnr_full,10000,14,14,0,14,0,0.0005999400059994001,nan,0.0005999400059994001,"двобічний bootstrap-тест на парних різницях (10000 перевибірок, seed 20240909)",0.0067138671875,,,True,False,source,commons:105627169;commons:106651461;commons:108911529;commons:116466520;commons:122435702;commons:123079448;commons:123689542;commons:132645039;commons:144041236;commons:74983792;commons:81047795;commons:97165575;commons:98913003;commons:99599833,,
B0a-R,B4t,mild,-2.033225;1.066560;3.506169;1.904066;5.805846;3.065462;5.140664;5.433369;3.431214;5.156079;5.167957;2.845973;5.207329;2.408769,4.303607186217474,2.4591056754683644,0.5,еквівалентність у межах ±0.5 НЕ показана (90% CI [+2.46; +4.30]): різниця просто не встановлена,False,exploratory,4.461889372522835,поза наперед оголошеною сім'єю; не коригується,False,False,2.261588420387056,3.4361593040899465,paired cluster bootstrap over sources,psnr_full,10000,14,14,0,14,0,9.999000099990002e-05,nan,9.999000099990002e-05,"двобічний bootstrap-тест на парних різницях (10000 перевибірок, seed 20240909)",0.0006103515625,,,True,False,source,commons:105627169;commons:106651461;commons:108911529;commons:116466520;commons:122435702;commons:123079448;commons:123689542;commons:132645039;commons:144041236;commons:74983792;commons:81047795;commons:97165575;commons:98913003;commons:99599833,,
B0a-R,P,mild,-1.392563;2.266883;4.499892;2.575248;6.985405;4.007664;6.773938;6.926430;4.597846;6.241110;6.478275;4.072297;6.712719;3.826547,5.561755648223363,3.543539445916553,0.5,еквівалентність у межах ±0.5 НЕ показана (90% CI [+3.54; +5.56]): різниця просто не встановлена,False,exploratory,5.7348308977678695,поза наперед оголошеною сім'єю; не коригується,False,False,3.3211700606944508,4.612263555750543,paired cluster bootstrap over sources,psnr_full,10000,14,14,0,14,0,9.999000099990002e-05,nan,9.999000099990002e-05,"двобічний bootstrap-тест на парних різницях (10000 перевибірок, seed 20240909)",0.000244140625,,,True,False,source,commons:105627169;commons:106651461;commons:108911529;commons:116466520;commons:122435702;commons:123079448;commons:123689542;commons:132645039;commons:144041236;commons:74983792;commons:81047795;commons:97165575;commons:98913003;commons:99599833,,
B0d,B1,mild,5.260343;1.328615;-0.776137;0.957879;-3.486363;-1.326004;-2.488357;-2.275037;-1.714138;-3.302746;-2.943844;-1.069805;-2.611589;-0.187101,0.019572504195339416,-1.9709813047858988,0.5,еквівалентність у межах ±0.5 НЕ показана (90% CI [-1.97; +0.02]): різниця просто не встановлена,False,exploratory,0.2621845256567473,поза наперед оголошеною сім'єю; не коригується,False,False,-2.113234496705318,-1.045305932409155,paired cluster bootstrap over sources,psnr_full,10000,14,14,0,14,0,0.0812918708129187,nan,0.0812918708129187,"двобічний bootstrap-тест на парних різницях (10000 перевибірок, seed 20240909)",0.067626953125,,,False,False,source,commons:105627169;commons:106651461;commons:108911529;commons:116466520;commons:122435702;commons:123079448;commons:123689542;commons:132645039;commons:144041236;commons:74983792;commons:81047795;commons:97165575;commons:98913003;commons:99599833,,
B0d,B2,mild,5.328267;1.218775;-0.760920;0.861918;-3.503950;-1.327315;-2.532058;-2.271538;-1.710839;-3.388939;-2.963126;-1.062606;-2.572963;-0.210292,0.0049189055101393495,-1.989894512231128,0.5,еквівалентність у межах ±0.5 НЕ показана (90% CI [-1.99; +0.00]): різниця просто не встановлена,False,exploratory,0.24379119188893417,поза наперед оголошеною сім'єю; не коригується,False,False,-2.1332652874593867,-1.0639704316242657,paired cluster bootstrap over sources,psnr_full,10000,14,14,0,14,0,0.0766923307669233,nan,0.0766923307669233,"двобічний bootstrap-тест на парних різницях (10000 перевибірок, seed 20240909)",0.0579833984375,,,False,False,source,commons:105627169;commons:106651461;commons:108911529;commons:116466520;commons:122435702;commons:123079448;commons:123689542;commons:132645039;commons:144041236;commons:74983792;commons:81047795;commons:97165575;commons:98913003;commons:99599833,,
B0d,B3,mild,0.000000;0.000000;0.000000;0.000000;0.000000;0.000000;0.000000;0.000000;0.000000;0.000000;0.000000;0.000000;0.000000;0.000000,0.0,0.0,0.5,еквівалентність у межах ±0.5 показана (90% CI [+0.00; +0.00]),True,exploratory,0.0,поза наперед оголошеною сім'єю; не коригується,False,False,0.0,0.0,paired cluster bootstrap over sources,psnr_full,10000,14,14,0,14,0,1.0,nan,1.0,"двобічний bootstrap-тест на парних різницях (10000 перевибірок, seed 20240909)",1.0,,,False,False,source,commons:105627169;commons:106651461;commons:108911529;commons:116466520;commons:122435702;commons:123079448;commons:123689542;commons:132645039;commons:144041236;commons:74983792;commons:81047795;commons:97165575;commons:98913003;commons:99599833,,
B0d,B4,mild,0.000000;0.000000;0.000000;0.000000;0.000000;0.000000;0.000000;0.000000;0.000000;0.000000;0.000000;0.000000;0.000000;0.000000,0.0,0.0,0.5,еквівалентність у межах ±0.5 показана (90% CI [+0.00; +0.00]),True,exploratory,0.0,поза наперед оголошеною сім'єю; не коригується,False,False,0.0,0.0,paired cluster bootstrap over sources,psnr_full,10000,14,14,0,14,0,1.0,nan,1.0,"двобічний bootstrap-тест на парних різницях (10000 перевибірок, seed 20240909)",1.0,,,False,False,source,commons:105627169;commons:106651461;commons:108911529;commons:116466520;commons:122435702;commons:123079448;commons:123689542;commons:132645039;commons:144041236;commons:74983792;commons:81047795;commons:97165575;commons:98913003;commons:99599833,,
B0d,B4t,mild,1.993009;1.152601;1.200680;1.332605;1.059477;1.087458;1.336517;1.271545;1.067305;0.859799;1.151528;1.108739;1.151419;1.219141,1.3329822639935602,1.1183853226333043,0.5,еквівалентність у межах ±0.5 НЕ показана (90% CI [+1.12; +1.33]): різниця просто не встановлена,False,exploratory,1.3593677458602242,поза наперед оголошеною сім'єю; не коригується,False,False,1.1054317899981403,1.2137017715517877,paired cluster bootstrap over sources,psnr_full,10000,14,14,0,14,0,9.999000099990002e-05,nan,9.999000099990002e-05,"двобічний bootstrap-тест на парних різницях (10000 перевибірок, seed 20240909)",0.0001220703125,,,True,False,source,commons:105627169;commons:106651461;commons:108911529;commons:116466520;commons:122435702;commons:123079448;commons:123689542;commons:132645039;commons:144041236;commons:74983792;commons:81047795;commons:97165575;commons:98913003;commons:99599833,,
B0d,P,mild,2.633671;2.352924;2.194403;2.003788;2.239036;2.029661;2.969791;2.764606;2.233937;1.944829;2.461847;2.335064;2.656808;2.636919,2.525197124700455,2.2602263105509213,0.5,еквівалентність у межах ±0.5 НЕ показана (90% CI [+2.26; +2.53]): різниця просто не встановлена,False,pre-declared,2.549409544760763,,True,False,2.236617848112393,2.389806023212383,paired cluster bootstrap over sources,psnr_full,10000,14,14,0,14,0,9.999000099990002e-05,0.0004999500049995,9.999000099990002e-05,"двобічний bootstrap-тест на парних різницях (10000 перевибірок, seed 20240909)",0.0001220703125,,,True,True,source,commons:105627169;commons:106651461;commons:108911529;commons:116466520;commons:122435702;commons:123079448;commons:123689542;commons:132645039;commons:144041236;commons:74983792;commons:81047795;commons:97165575;commons:98913003;commons:99599833,,
B1,B2,mild,0.067924;-0.109840;0.015217;-0.095961;-0.017587;-0.001312;-0.043702;0.003499;0.003299;-0.086193;-0.019282;0.007199;0.038625;-0.023191,0.0024250248169519133,-0.04036294370092555,0.5,еквівалентність у межах ±0.5 показана (90% CI [-0.04; +0.00]),True,exploratory,0.006352577534095069,поза наперед оголошеною сім'єю; не коригується,False,False,-0.0445396849028053,-0.018664499215110757,paired cluster bootstrap over sources,psnr_full,10000,14,14,0,14,0,0.15308469153084692,nan,0.15308469153084692,"двобічний bootstrap-тест на парних різницях (10000 перевибірок, seed 20240909)",0.267578125,,,False,False,source,commons:105627169;commons:106651461;commons:108911529;commons:116466520;commons:122435702;commons:123079448;commons:123689542;commons:132645039;commons:144041236;commons:74983792;commons:81047795;commons:97165575;commons:98913003;commons:99599833,,
B1,B3,mild,-5.260343;-1.328615;0.776137;-0.957879;3.486363;1.326004;2.488357;2.275037;1.714138;3.302746;2.943844;1.069805;2.611589;0.187101,1.9709813047858984,-0.01957250419534066,0.5,еквівалентність у межах ±0.5 НЕ показана (90% CI [-0.02; +1.97]): різниця просто не встановлена,False,exploratory,2.113234496705317,поза наперед оголошеною сім'єю; не коригується,False,False,-0.2621845256567475,1.045305932409155,paired cluster bootstrap over sources,psnr_full,10000,14,14,0,14,0,0.0812918708129187,nan,0.0812918708129187,"двобічний bootstrap-тест на парних різницях (10000 перевибірок, seed 20240909)",0.067626953125,,,False,False,source,commons:105627169;commons:106651461;commons:108911529;commons:116466520;commons:122435702;commons:123079448;commons:123689542;commons:132645039;commons:144041236;commons:74983792;commons:81047795;commons:97165575;commons:98913003;commons:99599833,,
B1,B4,mild,-5.260343;-1.328615;0.776137;-0.957879;3.486363;1.326004;2.488357;2.275037;1.714138;3.302746;2.943844;1.069805;2.611589;0.187101,1.9709813047858984,-0.01957250419534066,0.5,еквівалентність у межах ±0.5 НЕ показана (90% CI [-0.02; +1.97]): різниця просто не встановлена,False,exploratory,2.113234496705317,поза наперед оголошеною сім'єю; не коригується,False,False,-0.2621845256567475,1.045305932409155,paired cluster bootstrap over sources,psnr_full,10000,14,14,0,14,0,0.0812918708129187,nan,0.0812918708129187,"двобічний bootstrap-тест на парних різницях (10000 перевибірок, seed 20240909)",0.067626953125,,,False,False,source,commons:105627169;commons:106651461;commons:108911529;commons:116466520;commons:122435702;commons:123079448;commons:123689542;commons:132645039;commons:144041236;commons:74983792;commons:81047795;commons:97165575;commons:98913003;commons:99599833,,
B1,B4t,mild,-3.267334;-0.176014;1.976817;0.374726;4.545840;2.413462;3.824874;3.546583;2.781442;4.162545;4.095372;2.178545;3.763007;1.406242,3.109424771285064,1.2911297384932292,0.5,еквівалентність у межах ±0.5 НЕ показана (90% CI [+1.29; +3.11]): різниця просто не встановлена,False,exploratory,3.2522203398706933,поза наперед оголошеною сім'єю; не коригується,False,False,1.0767086036932707,2.2590077039609424,paired cluster bootstrap over sources,psnr_full,10000,14,14,0,14,0,0.00029997000299970003,nan,0.00029997000299970003,"двобічний bootstrap-тест на парних різницях (10000 перевибірок, seed 20240909)",0.0040283203125,,,True,False,source,commons:105627169;commons:106651461;commons:108911529;commons:116466520;commons:122435702;commons:123079448;commons:123689542;commons:132645039;commons:144041236;commons:74983792;commons:81047795;commons:97165575;commons:98913003;commons:99599833,,
B1,P,mild,-2.626671;1.024309;2.970540;1.045909;5.725399;3.355664;5.458147;5.039643;3.948075;5.247575;5.405690;3.404869;5.268397;2.824020,4.368631705036939,2.3722313694084014,0.5,еквівалентність у межах ±0.5 НЕ показана (90% CI [+2.37; +4.37]): різниця просто не встановлена,False,exploratory,4.518203874129926,поза наперед оголошеною сім'єю; не коригується,False,False,2.1425913586100984,3.4351119556215375,paired cluster bootstrap over sources,psnr_full,10000,14,14,0,14,0,9.999000099990002e-05,nan,9.999000099990002e-05,"двобічний bootstrap-тест на парних різницях (10000 перевибірок, seed 20240909)",0.0006103515625,,,True,False,source,commons:105627169;commons:106651461;commons:108911529;commons:116466520;commons:122435702;commons:123079448;commons:123689542;commons:132645039;commons:144041236;commons:74983792;commons:81047795;commons:97165575;commons:98913003;commons:99599833,,
B2,B3,mild,-5.328267;-1.218775;0.760920;-0.861918;3.503950;1.327315;2.532058;2.271538;1.710839;3.388939;2.963126;1.062606;2.572963;0.210292,1.9898945122311273,-0.004918905510140106,0.5,еквівалентність у межах ±0.5 НЕ показана (90% CI [-0.00; +1.99]): різниця просто не встановлена,False,exploratory,2.1332652874593854,поза наперед оголошеною сім'єю; не коригується,False,False,-0.2437911918889354,1.0639704316242657,paired cluster bootstrap over sources,psnr_full,10000,14,14,0,14,0,0.0766923307669233,nan,0.0766923307669233,"двобічний bootstrap-тест на парних різницях (10000 перевибірок, seed 20240909)",0.0579833984375,,,False,False,source,commons:105627169;commons:106651461;commons:108911529;commons:116466520;commons:122435702;commons:123079448;commons:123689542;commons:132645039;commons:144041236;commons:74983792;commons:81047795;commons:97165575;commons:98913003;commons:99599833,,
B2,B4,mild,-5.328267;-1.218775;0.760920;-0.861918;3.503950;1.327315;2.532058;2.271538;1.710839;3.388939;2.963126;1.062606;2.572963;0.210292,1.9898945122311273,-0.004918905510140106,0.5,еквівалентність у межах ±0.5 НЕ показана (90% CI [-0.00; +1.99]): різниця просто не встановлена,False,exploratory,2.1332652874593854,поза наперед оголошеною сім'єю; не коригується,False,False,-0.2437911918889354,1.0639704316242657,paired cluster bootstrap over sources,psnr_full,10000,14,14,0,14,0,0.0766923307669233,nan,0.0766923307669233,"двобічний bootstrap-тест на парних різницях (10000 перевибірок, seed 20240909)",0.0579833984375,,,False,False,source,commons:105627169;commons:106651461;commons:108911529;commons:116466520;commons:122435702;commons:123079448;commons:123689542;commons:132645039;commons:144041236;commons:74983792;commons:81047795;commons:97165575;commons:98913003;commons:99599833,,
B2,B4t,mild,-3.335258;-0.066174;1.961601;0.470687;4.563427;2.414774;3.868575;3.543083;2.778143;4.248737;4.114655;2.171346;3.724382;1.429433,3.130292080566304,1.3082797082475297,0.5,еквівалентність у межах ±0.5 НЕ показана (90% CI [+1.31; +3.13]): різниця просто не встановлена,False,exploratory,3.2714867775923966,поза наперед оголошеною сім'єю; не коригується,False,False,1.088477847667585,2.2776722031760532,paired cluster bootstrap over sources,psnr_full,10000,14,14,0,14,0,0.00029997000299970003,nan,0.00029997000299970003,"двобічний bootstrap-тест на парних різницях (10000 перевибірок, seed 20240909)",0.0040283203125,,,True,False,source,commons:105627169;commons:106651461;commons:108911529;commons:116466520;commons:122435702;commons:123079448;commons:123689542;commons:132645039;commons:144041236;commons:74983792;commons:81047795;commons:97165575;commons:98913003;commons:99599833,,
B2,P,mild,-2.694596;1.134149;2.955323;1.141870;5.742986;3.356976;5.501849;5.036144;3.944776;5.333768;5.424973;3.397670;5.229771;2.847211,4.389986274846551,2.388422416755428,0.5,еквівалентність у межах ±0.5 НЕ показана (90% CI [+2.39; +4.39]): різниця просто не встановлена,False,exploratory,4.542977390073297,поза наперед оголошеною сім'єю; не коригується,False,False,2.1493644611858964,3.4537764548366483,paired cluster bootstrap over sources,psnr_full,10000,14,14,0,14,0,9.999000099990002e-05,nan,9.999000099990002e-05,"двобічний bootstrap-тест на парних різницях (10000 перевибірок, seed 20240909)",0.0006103515625,,,True,False,source,commons:105627169;commons:106651461;commons:108911529;commons:116466520;commons:122435702;commons:123079448;commons:123689542;commons:132645039;commons:144041236;commons:74983792;commons:81047795;commons:97165575;commons:98913003;commons:99599833,,
B3,B4,mild,0.000000;0.000000;0.000000;0.000000;0.000000;0.000000;0.000000;0.000000;0.000000;0.000000;0.000000;0.000000;0.000000;0.000000,0.0,0.0,0.5,еквівалентність у межах ±0.5 показана (90% CI [+0.00; +0.00]),True,exploratory,0.0,поза наперед оголошеною сім'єю; не коригується,False,False,0.0,0.0,paired cluster bootstrap over sources,psnr_full,10000,14,14,0,14,0,1.0,nan,1.0,"двобічний bootstrap-тест на парних різницях (10000 перевибірок, seed 20240909)",1.0,,,False,False,source,commons:105627169;commons:106651461;commons:108911529;commons:116466520;commons:122435702;commons:123079448;commons:123689542;commons:132645039;commons:144041236;commons:74983792;commons:81047795;commons:97165575;commons:98913003;commons:99599833,,
B3,B4t,mild,1.993009;1.152601;1.200680;1.332605;1.059477;1.087458;1.336517;1.271545;1.067305;0.859799;1.151528;1.108739;1.151419;1.219141,1.3329822639935602,1.1183853226333043,0.5,еквівалентність у межах ±0.5 НЕ показана (90% CI [+1.12; +1.33]): різниця просто не встановлена,False,exploratory,1.3593677458602242,поза наперед оголошеною сім'єю; не коригується,False,False,1.1054317899981403,1.2137017715517877,paired cluster bootstrap over sources,psnr_full,10000,14,14,0,14,0,9.999000099990002e-05,nan,9.999000099990002e-05,"двобічний bootstrap-тест на парних різницях (10000 перевибірок, seed 20240909)",0.0001220703125,,,True,False,source,commons:105627169;commons:106651461;commons:108911529;commons:116466520;commons:122435702;commons:123079448;commons:123689542;commons:132645039;commons:144041236;commons:74983792;commons:81047795;commons:97165575;commons:98913003;commons:99599833,,
B3,P,mild,2.633671;2.352924;2.194403;2.003788;2.239036;2.029661;2.969791;2.764606;2.233937;1.944829;2.461847;2.335064;2.656808;2.636919,2.525197124700455,2.2602263105509213,0.5,еквівалентність у межах ±0.5 НЕ показана (90% CI [+2.26; +2.53]): різниця просто не встановлена,False,pre-declared,2.549409544760763,,True,False,2.236617848112393,2.389806023212383,paired cluster bootstrap over sources,psnr_full,10000,14,14,0,14,0,9.999000099990002e-05,0.0004999500049995,9.999000099990002e-05,"двобічний bootstrap-тест на парних різницях (10000 перевибірок, seed 20240909)",0.0001220703125,,,True,True,source,commons:105627169;commons:106651461;commons:108911529;commons:116466520;commons:122435702;commons:123079448;commons:123689542;commons:132645039;commons:144041236;commons:74983792;commons:81047795;commons:97165575;commons:98913003;commons:99599833,,
B4,B4t,mild,1.993009;1.152601;1.200680;1.332605;1.059477;1.087458;1.336517;1.271545;1.067305;0.859799;1.151528;1.108739;1.151419;1.219141,1.3329822639935602,1.1183853226333043,0.5,еквівалентність у межах ±0.5 НЕ показана (90% CI [+1.12; +1.33]): різниця просто не встановлена,False,pre-declared,1.3593677458602242,,True,False,1.1054317899981403,1.2137017715517877,paired cluster bootstrap over sources,psnr_full,10000,14,14,0,14,0,9.999000099990002e-05,0.0004999500049995,9.999000099990002e-05,"двобічний bootstrap-тест на парних різницях (10000 перевибірок, seed 20240909)",0.0001220703125,,,True,True,source,commons:105627169;commons:106651461;commons:108911529;commons:116466520;commons:122435702;commons:123079448;commons:123689542;commons:132645039;commons:144041236;commons:74983792;commons:81047795;commons:97165575;commons:98913003;commons:99599833,,
B4,P,mild,2.633671;2.352924;2.194403;2.003788;2.239036;2.029661;2.969791;2.764606;2.233937;1.944829;2.461847;2.335064;2.656808;2.636919,2.525197124700455,2.2602263105509213,0.5,еквівалентність у межах ±0.5 НЕ показана (90% CI [+2.26; +2.53]): різниця просто не встановлена,False,pre-declared,2.549409544760763,,True,True,2.236617848112393,2.389806023212383,paired cluster bootstrap over sources,psnr_full,10000,14,14,0,14,0,9.999000099990002e-05,0.0004999500049995,9.999000099990002e-05,"двобічний bootstrap-тест на парних різницях (10000 перевибірок, seed 20240909)",0.0001220703125,,,True,True,source,commons:105627169;commons:106651461;commons:108911529;commons:116466520;commons:122435702;commons:123079448;commons:123689542;commons:132645039;commons:144041236;commons:74983792;commons:81047795;commons:97165575;commons:98913003;commons:99599833,,
B4t,P,mild,0.640662;1.200323;0.993723;0.671183;1.179559;0.942202;1.633274;1.493061;1.166632;1.085031;1.310318;1.226324;1.505389;1.417778,1.299880175174063,1.0479921875902414,0.5,еквівалентність у межах ±0.5 НЕ показана (90% CI [+1.05; +1.30]): різниця просто не встановлена,False,pre-declared,1.324565422400853,,True,False,1.0230738781682214,1.1761042516605948,paired cluster bootstrap over sources,psnr_full,10000,14,14,0,14,0,9.999000099990002e-05,0.0004999500049995,9.999000099990002e-05,"двобічний bootstrap-тест на парних різницях (10000 перевибірок, seed 20240909)",0.0001220703125,,,True,True,source,commons:105627169;commons:106651461;commons:108911529;commons:116466520;commons:122435702;commons:123079448;commons:123689542;commons:132645039;commons:144041236;commons:74983792;commons:81047795;commons:97165575;commons:98913003;commons:99599833,,
B0a,B0a-R,moderate,-3.172214;-2.354967;-2.486890;-2.632270;-2.338608;-2.699375;-1.483814;-1.718234;-1.959199;-1.874784;-1.733403;-2.603232;-1.848665;-1.660462,-1.9708344038582044,-2.3983870154912563,0.5,еквівалентність у межах ±0.5 НЕ показана (90% CI [-2.40; -1.97]): різниця просто не встановлена,False,exploratory,-1.9309627547260666,поза наперед оголошеною сім'єю; не коригується,False,False,-2.4424575546412783,-2.183293994510947,paired cluster bootstrap over sources,psnr_full,10000,14,14,0,14,0,9.999000099990002e-05,nan,9.999000099990002e-05,"двобічний bootstrap-тест на парних різницях (10000 перевибірок, seed 20240909)",0.0001220703125,,,True,False,source,commons:105627169;commons:106651461;commons:108911529;commons:116466520;commons:122435702;commons:123079448;commons:123689542;commons:132645039;commons:144041236;commons:74983792;commons:81047795;commons:97165575;commons:98913003;commons:99599833,,
B0a,B0d,moderate,-11.070829;-5.584858;-2.321296;-5.993634;0.055042;-1.627617;-1.671754;0.134087;-2.322064;-2.196518;-2.091226;-2.389838;-1.254622;-3.789400,-1.8727513376240936,-4.350015518764772,0.5,еквівалентність у межах ±0.5 НЕ показана (90% CI [-4.35; -1.87]): різниця просто не встановлена,False,exploratory,-1.7012013255609644,поза наперед оголошеною сім'єю; не коригується,False,False,-4.643402767060479,-3.008894815095767,paired cluster bootstrap over sources,psnr_full,10000,14,14,0,14,0,0.0004999500049995,nan,0.0004999500049995,"двобічний bootstrap-тест на парних різницях (10000 перевибірок, seed 20240909)",0.0006103515625,,,True,False,source,commons:105627169;commons:106651461;commons:108911529;commons:116466520;commons:122435702;commons:123079448;commons:123689542;commons:132645039;commons:144041236;commons:74983792;commons:81047795;commons:97165575;commons:98913003;commons:99599833,,
B0a,B1,moderate,0.875650;1.080991;1.422111;1.202751;0.759723;0.740131;0.504752;1.183621;0.574411;0.580580;0.722318;0.604747;0.971259;0.823264,0.981462423048714,0.7471244330062519,0.5,еквівалентність у межах ±0.5 НЕ показана (90% CI [+0.75; +0.98]): різниця просто не встановлена,False,exploratory,1.0039216040571073,поза наперед оголошеною сім'єю; не коригується,False,False,0.7247485369084143,0.8604507404810912,paired cluster bootstrap over sources,psnr_full,10000,14,14,0,14,0,9.999000099990002e-05,nan,9.999000099990002e-05,"двобічний bootstrap-тест на парних різницях (10000 перевибірок, seed 20240909)",0.0001220703125,,,True,False,source,commons:105627169;commons:106651461;commons:108911529;commons:116466520;commons:122435702;commons:123079448;commons:123689542;commons:132645039;commons:144041236;commons:74983792;commons:81047795;commons:97165575;commons:98913003;commons:99599833,,
B0a,B2,moderate,0.955180;0.937307;1.381550;1.261645;0.760168;0.708297;0.477699;1.248841;0.581898;0.530647;0.692242;0.644346;0.900693;0.829183,0.9739185204898236,0.7331507053170908,0.5,еквівалентність у межах ±0.5 НЕ показана (90% CI [+0.73; +0.97]): різниця просто не встановлена,False,exploratory,0.9991463906605633,поза наперед оголошеною сім'єю; не коригується,False,False,0.7132523200535595,0.8506926027228653,paired cluster bootstrap over sources,psnr_full,10000,14,14,0,14,0,9.999000099990002e-05,nan,9.999000099990002e-05,"двобічний bootstrap-тест на парних різницях (10000 перевибірок, seed 20240909)",0.0001220703125,,,True,False,source,commons:105627169;commons:106651461;commons:108911529;commons:116466520;commons:122435702;commons:123079448;commons:123689542;commons:132645039;commons:144041236;commons:74983792;commons:81047795;commons:97165575;commons:98913003;commons:99599833,,
B0a,B3,moderate,-12.496193;-7.026976;-5.173939;-7.211456;-3.567761;-4.667444;-4.468430;-3.691131;-4.183426;-3.306321;-3.726697;-5.302147;-4.126166;-5.700311,-4.425812542987395,-6.4530427297760165,0.5,еквівалентність у межах ±0.5 НЕ показана (90% CI [-6.45; -4.43]): різниця просто не встановлена,False,exploratory,-4.315200711860579,поза наперед оголошеною сім'єю; не коригується,False,False,-6.703448672910022,-5.332028382170127,paired cluster bootstrap over sources,psnr_full,10000,14,14,0,14,0,9.999000099990002e-05,nan,9.999000099990002e-05,"двобічний bootstrap-тест на парних різницях (10000 перевибірок, seed 20240909)",0.0001220703125,,,True,False,source,commons:105627169;commons:106651461;commons:108911529;commons:116466520;commons:122435702;commons:123079448;commons:123689542;commons:132645039;commons:144041236;commons:74983792;commons:81047795;commons:97165575;commons:98913003;commons:99599833,,
B0a,B4,moderate,-9.020745;-5.248652;-1.971793;-4.850306;0.080367;-1.757554;-1.345641;0.470836;-2.104648;-2.156318;-1.893972;-2.196484;-1.394706;-2.765687,-1.6209891075303073,-3.6743039563197297,0.5,еквівалентність у межах ±0.5 НЕ показана (90% CI [-3.67; -1.62]): різниця просто не встановлена,False,exploratory,-1.471342810507154,поза наперед оголошеною сім'єю; не коригується,False,False,-3.913790335468959,-2.582521631787197,paired cluster bootstrap over sources,psnr_full,10000,14,14,0,14,0,0.00019998000199980003,nan,0.00019998000199980003,"двобічний bootstrap-тест на парних різницях (10000 перевибірок, seed 20240909)",0.0006103515625,,,True,False,source,commons:105627169;commons:106651461;commons:108911529;commons:116466520;commons:122435702;commons:123079448;commons:123689542;commons:132645039;commons:144041236;commons:74983792;commons:81047795;commons:97165575;commons:98913003;commons:99599833,,
B0a,B4t,moderate,-9.920998;-5.592766;-3.130487;-5.550485;-1.697506;-3.486664;-2.658768;-1.871360;-2.546352;-2.299422;-2.291022;-3.395364;-2.726864;-4.294330,-2.8404745649140475,-4.677431991469089,0.5,еквівалентність у межах ±0.5 НЕ показана (90% CI [-4.68; -2.84]): різниця просто не встановлена,False,exploratory,-2.7226569942094643,поза наперед оголошеною сім'єю; не коригується,False,False,-4.904580621148889,-3.6758847597846858,paired cluster bootstrap over sources,psnr_full,10000,14,14,0,14,0,9.999000099990002e-05,nan,9.999000099990002e-05,"двобічний bootstrap-тест на парних різницях (10000 перевибірок, seed 20240909)",0.0001220703125,,,True,False,source,commons:105627169;commons:106651461;commons:108911529;commons:116466520;commons:122435702;commons:123079448;commons:123689542;commons:132645039;commons:144041236;commons:74983792;commons:81047795;commons:97165575;commons:98913003;commons:99599833,,
B0a,P,moderate,-9.670572;-4.565222;-2.833066;-5.021604;-0.644416;-2.593742;-1.178449;-0.565316;-1.581647;-1.146386;-1.035921;-2.536611;-1.206061;-2.651909,-1.7178986750617946,-3.7915116294607785,0.5,еквівалентність у межах ±0.5 НЕ показана (90% CI [-3.79; -1.72]): різниця просто не встановлена,False,exploratory,-1.5828290183470242,поза наперед оголошеною сім'єю; не коригується,False,False,-4.048402351373834,-2.659351484345026,paired cluster bootstrap over sources,psnr_full,10000,14,14,0,14,0,0.00019998000199980003,nan,0.00019998000199980003,"двобічний bootstrap-тест на парних різницях (10000 перевибірок, seed 20240909)",0.0001220703125,,,True,False,source,commons:105627169;commons:106651461;commons:108911529;commons:116466520;commons:122435702;commons:123079448;commons:123689542;commons:132645039;commons:144041236;commons:74983792;commons:81047795;commons:97165575;commons:98913003;commons:99599833,,
B0a-R,B0d,moderate,-7.898615;-3.229891;0.165594;-3.361364;2.393650;1.071758;-0.187940;1.852321;-0.362865;-0.321734;-0.357823;0.213394;0.594043;-2.128939,0.21720804253102172,-2.0286105750017684,0.5,еквівалентність у межах ±0.5 НЕ показана (90% CI [-2.03; +0.22]): різниця просто не встановлена,False,exploratory,0.36580487322703586,поза наперед оголошеною сім'єю; не коригується,False,False,-2.2926042030784823,-0.8256008205848203,paired cluster bootstrap over sources,psnr_full,10000,14,14,0,14,0,0.2253774622537746,nan,0.2253774622537746,"двобічний bootstrap-тест на парних різницях (10000 перевибірок, seed 20240909)",0.42626953125,,,False,False,source,commons:105627169;commons:106651461;commons:108911529;commons:116466520;commons:122435702;commons:123079448;commons:123689542;commons:132645039;commons:144041236;commons:74983792;commons:81047795;commons:97165575;commons:98913003;commons:99599833,,
B0a-R,B1,moderate,4.047864;3.435958;3.909001;3.835021;3.098331;3.439506;1.988566;2.901855;2.533610;2.455364;2.455721;3.207979;2.819923;2.483726,3.3124337756378193,2.7722844152600996,0.5,еквівалентність у межах ±0.5 НЕ показана (90% CI [+2.77; +3.31]): різниця просто не встановлена,False,exploratory,3.3657737779761323,поза наперед оголошеною сім'єю; не коригується,False,False,2.7162721576283473,3.0437447349920386,paired cluster bootstrap over sources,psnr_full,10000,14,14,0,14,0,9.999000099990002e-05,nan,9.999000099990002e-05,"двобічний bootstrap-тест на парних різницях (10000 перевибірок, seed 20240909)",0.0001220703125,,,True,False,source,commons:105627169;commons:106651461;commons:108911529;commons:116466520;commons:122435702;commons:123079448;commons:123689542;commons:132645039;commons:144041236;commons:74983792;commons:81047795;commons:97165575;commons:98913003;commons:99599833,,
B0a-R,B2,moderate,4.127394;3.292274;3.868440;3.893915;3.098776;3.407672;1.961513;2.967075;2.541097;2.405431;2.425645;3.247578;2.749358;2.489644,3.311708289202726,2.7568744314198455,0.5,еквівалентність у межах ±0.5 НЕ показана (90% CI [+2.76; +3.31]): різниця просто не встановлена,False,exploratory,3.3640112635398407,поза наперед оголошеною сім'єю; не коригується,False,False,2.698991163031972,3.0339865972338123,paired cluster bootstrap over sources,psnr_full,10000,14,14,0,14,0,9.999000099990002e-05,nan,9.999000099990002e-05,"двобічний bootstrap-тест на парних різницях (10000 перевибірок, seed 20240909)",0.0001220703125,,,True,False,source,commons:105627169;commons:106651461;commons:108911529;commons:116466520;commons:122435702;commons:123079448;commons:123689542;commons:132645039;commons:144041236;commons:74983792;commons:81047795;commons:97165575;commons:98913003;commons:99599833,,
B0a-R,B3,moderate,-9.323979;-4.672009;-2.687049;-4.579186;-1.229153;-1.968069;-2.984617;-1.972897;-2.224227;-1.431537;-1.993294;-2.698915;-2.277501;-4.039849,-2.359226450845103,-4.125702602596966,0.5,еквівалентність у межах ±0.5 НЕ показана (90% CI [-4.13; -2.36]): різниця просто не встановлена,False,exploratory,-2.2627695353923793,поза наперед оголошеною сім'єю; не коригується,False,False,-4.342356044336384,-3.148734387659179,paired cluster bootstrap over sources,psnr_full,10000,14,14,0,14,0,9.999000099990002e-05,nan,9.999000099990002e-05,"двобічний bootstrap-тест на парних різницях (10000 перевибірок, seed 20240909)",0.0001220703125,,,True,False,source,commons:105627169;commons:106651461;commons:108911529;commons:116466520;commons:122435702;commons:123079448;commons:123689542;commons:132645039;commons:144041236;commons:74983792;commons:81047795;commons:97165575;commons:98913003;commons:99599833,,
B0a-R,B4,moderate,-5.848531;-2.893685;0.515097;-2.218036;2.418975;0.941821;0.138173;2.189070;-0.145449;-0.281534;-0.160569;0.406748;0.453959;-1.105225,0.4658304543186258,-1.3526265542903786,0.5,еквівалентність у межах ±0.5 НЕ показана (90% CI [-1.35; +0.47]): різниця просто не встановлена,False,exploratory,0.5817515929302428,поза наперед оголошеною сім'єю; не коригується,False,False,-1.5539184797503611,-0.3992276372762506,paired cluster bootstrap over sources,psnr_full,10000,14,14,0,14,0,0.4684531546845315,nan,0.4684531546845315,"двобічний bootstrap-тест на парних різницях (10000 перевибірок, seed 20240909)",0.855224609375,,,False,False,source,commons:105627169;commons:106651461;commons:108911529;commons:116466520;commons:122435702;commons:123079448;commons:123689542;commons:132645039;commons:144041236;commons:74983792;commons:81047795;commons:97165575;commons:98913003;commons:99599833,,
B0a-R,B4t,moderate,-6.748784;-3.237799;-0.643597;-2.918215;0.641102;-0.787289;-1.174954;-0.153126;-0.587153;-0.424638;-0.557619;-0.792132;-0.878199;-2.633869,-0.7601943274010337,-2.3513587877175723,0.5,еквівалентність у межах ±0.5 НЕ показана (90% CI [-2.35; -0.76]): різниця просто не встановлена,False,exploratory,-0.6676931506815231,поза наперед оголошеною сім'єю; не коригується,False,False,-2.547492098760432,-1.4925907652737394,paired cluster bootstrap over sources,psnr_full,10000,14,14,0,14,0,0.0034996500349965005,nan,0.0034996500349965005,"двобічний bootstrap-тест на парних різницях (10000 перевибірок, seed 20240909)",0.001220703125,,,True,False,source,commons:105627169;commons:106651461;commons:108911529;commons:116466520;commons:122435702;commons:123079448;commons:123689542;commons:132645039;commons:144041236;commons:74983792;commons:81047795;commons:97165575;commons:98913003;commons:99599833,,
B0a-R,P,moderate,-6.498358;-2.210254;-0.346176;-2.389334;1.694192;0.105633;0.305365;1.152918;0.377552;0.728399;0.697482;0.066621;0.642603;-0.991447,0.32873283542770987,-1.4503691677325135,0.5,еквівалентність у межах ±0.5 НЕ показана (90% CI [-1.45; +0.33]): різниця просто не встановлена,False,exploratory,0.4323568225929534,поза наперед оголошеною сім'єю; не коригується,False,False,-1.6653351352024777,-0.4760574898340784,paired cluster bootstrap over sources,psnr_full,10000,14,14,0,14,0,0.38196180381961803,nan,0.38196180381961803,"двобічний bootstrap-тест на парних різницях (10000 перевибірок, seed 20240909)",1.0,,,False,False,source,commons:105627169;commons:106651461;commons:108911529;commons:116466520;commons:122435702;commons:123079448;commons:123689542;commons:132645039;commons:144041236;commons:74983792;commons:81047795;commons:97165575;commons:98913003;commons:99599833,,
B0d,B1,moderate,11.946479;6.665849;3.743407;7.196385;0.704681;2.367748;2.176506;1.049534;2.896475;2.777098;2.813544;2.994585;2.225881;4.612665,5.232784701777918,2.704151764629737,0.5,еквівалентність у межах ±0.5 НЕ показана (90% CI [+2.70; +5.23]): різниця просто не встановлена,False,exploratory,5.539140000313847,поза наперед оголошеною сім'єю; не коригується,False,False,2.533111754617226,3.8693455555768574,paired cluster bootstrap over sources,psnr_full,10000,14,14,0,14,0,9.999000099990002e-05,nan,9.999000099990002e-05,"двобічний bootstrap-тест на парних різницях (10000 перевибірок, seed 20240909)",0.0001220703125,,,True,False,source,commons:105627169;commons:106651461;commons:108911529;commons:116466520;commons:122435702;commons:123079448;commons:123689542;commons:132645039;commons:144041236;commons:74983792;commons:81047795;commons:97165575;commons:98913003;commons:99599833,,
B0d,B2,moderate,12.026009;6.522165;3.702846;7.255279;0.705126;2.335914;2.149453;1.114754;2.903962;2.727165;2.783468;3.034184;2.155315;4.618583,5.230803053398135,2.6926073180346033,0.5,еквівалентність у межах ±0.5 НЕ показана (90% CI [+2.69; +5.23]): різниця просто не встановлена,False,exploratory,5.538366730916618,поза наперед оголошеною сім'єю; не коригується,False,False,2.519418714192978,3.859587417818632,paired cluster bootstrap over sources,psnr_full,10000,14,14,0,14,0,9.999000099990002e-05,nan,9.999000099990002e-05,"двобічний bootstrap-тест на парних різницях (10000 перевибірок, seed 20240909)",0.0001220703125,,,True,False,source,commons:105627169;commons:106651461;commons:108911529;commons:116466520;commons:122435702;commons:123079448;commons:123689542;commons:132645039;commons:144041236;commons:74983792;commons:81047795;commons:97165575;commons:98913003;commons:99599833,,
B0d,B3,moderate,-1.425364;-1.442118;-2.852643;-1.217822;-3.622803;-3.039827;-2.796676;-3.825218;-1.861362;-1.109803;-1.635471;-2.912309;-2.871544;-1.910910,-1.9370501496551724,-2.716888113394145,0.5,еквівалентність у межах ±0.5 НЕ показана (90% CI [-2.72; -1.94]): різниця просто не встановлена,False,exploratory,-1.8702803191248927,поза наперед оголошеною сім'єю; не коригується,False,False,-2.7836940873893283,-2.323133567074359,paired cluster bootstrap over sources,psnr_full,10000,14,14,0,14,0,9.999000099990002e-05,nan,9.999000099990002e-05,"двобічний bootstrap-тест на парних різницях (10000 перевибірок, seed 20240909)",0.0001220703125,,,True,False,source,commons:105627169;commons:106651461;commons:108911529;commons:116466520;commons:122435702;commons:123079448;commons:123689542;commons:132645039;commons:144041236;commons:74983792;commons:81047795;commons:97165575;commons:98913003;commons:99599833,,
B0d,B4,moderate,2.050084;0.336206;0.349503;1.143328;0.025325;-0.129937;0.326113;0.336749;0.217416;0.040200;0.197254;0.193354;-0.140084;1.023714,0.698303927052241,0.19487747270708858,0.5,еквівалентність у межах ±0.5 НЕ показана (90% CI [+0.19; +0.70]): різниця просто не встановлена,False,exploratory,0.7634704727774221,поза наперед оголошеною сім'єю; не коригується,False,False,0.1641947196082073,0.4263731833085697,paired cluster bootstrap over sources,psnr_full,10000,14,14,0,14,0,0.0084991500849915,nan,0.0084991500849915,"двобічний bootstrap-тест на парних різницях (10000 перевибірок, seed 20240909)",0.0023193359375,,,True,False,source,commons:105627169;commons:106651461;commons:108911529;commons:116466520;commons:122435702;commons:123079448;commons:123689542;commons:132645039;commons:144041236;commons:74983792;commons:81047795;commons:97165575;commons:98913003;commons:99599833,,
B0d,B4t,moderate,1.149832;-0.007908;-0.809191;0.443149;-1.752547;-1.859046;-0.987014;-2.005447;-0.224288;-0.102904;-0.199796;-1.005526;-1.472242;-0.504930,-0.26932784795794573,-1.0501985226592057,0.5,еквівалентність у межах ±0.5 НЕ показана (90% CI [-1.05; -0.27]): різниця просто не встановлена,False,exploratory,-0.20081127419296207,поза наперед оголошеною сім'єю; не коригується,False,False,-1.1256785642346128,-0.666989944688919,paired cluster bootstrap over sources,psnr_full,10000,14,14,0,14,0,0.004299570042995701,nan,0.004299570042995701,"двобічний bootstrap-тест на парних різницях (10000 перевибірок, seed 20240909)",0.0166015625,,,True,False,source,commons:105627169;commons:106651461;commons:108911529;commons:116466520;commons:122435702;commons:123079448;commons:123689542;commons:132645039;commons:144041236;commons:74983792;commons:81047795;commons:97165575;commons:98913003;commons:99599833,,
B0d,P,moderate,1.400257;1.019637;-0.511770;0.972030;-0.699458;-0.966125;0.493305;-0.699403;0.740417;1.050132;1.055305;-0.146773;0.048560;1.137491,0.6905650545989562,-0.0030731906665318687,0.5,еквівалентність у межах ±0.5 НЕ показана (90% CI [-0.00; +0.69]): різниця просто не встановлена,False,pre-declared,0.7519762682194118,,True,False,-0.06965412462543098,0.34954333075074195,paired cluster bootstrap over sources,psnr_full,10000,14,14,0,14,0,0.09769023097690231,0.19538046195380462,0.09769023097690231,"двобічний bootstrap-тест на парних різницях (10000 перевибірок, seed 20240909)",0.090576171875,,,False,False,source,commons:105627169;commons:106651461;commons:108911529;commons:116466520;commons:122435702;commons:123079448;commons:123689542;commons:132645039;commons:144041236;commons:74983792;commons:81047795;commons:97165575;commons:98913003;commons:99599833,,
B1,B2,moderate,0.079530;-0.143684;-0.040561;0.058894;0.000445;-0.031834;-0.027053;0.065220;0.007487;-0.049933;-0.030076;0.039599;-0.070566;0.005918,0.015052387844017936,-0.03545767734038562,0.5,еквівалентність у межах ±0.5 показана (90% CI [-0.04; +0.02]),True,exploratory,0.01888254845876494,поза наперед оголошеною сім'єю; не коригується,False,False,-0.04008358196591806,-0.009758137758225871,paired cluster bootstrap over sources,psnr_full,10000,14,14,0,14,0,0.5231476852314768,nan,0.5231476852314768,"двобічний bootstrap-тест на парних різницях (10000 перевибірок, seed 20240909)",0.7608642578125,,,False,False,source,commons:105627169;commons:106651461;commons:108911529;commons:116466520;commons:122435702;commons:123079448;commons:123689542;commons:132645039;commons:144041236;commons:74983792;commons:81047795;commons:97165575;commons:98913003;commons:99599833,,
B1,B3,moderate,-13.371843;-8.107968;-6.596050;-8.414207;-4.327484;-5.407574;-4.973183;-4.874753;-4.757837;-3.886901;-4.449015;-5.906894;-5.097424;-6.523575,-5.2441731337954405,-7.34117830402236,0.5,еквівалентність у межах ±0.5 НЕ показана (90% CI [-7.34; -5.24]): різниця просто не встановлена,False,exploratory,-5.12134267771604,поза наперед оголошеною сім'єю; не коригується,False,False,-7.593843294557778,-6.192479122651217,paired cluster bootstrap over sources,psnr_full,10000,14,14,0,14,0,9.999000099990002e-05,nan,9.999000099990002e-05,"двобічний bootstrap-тест на парних різницях (10000 перевибірок, seed 20240909)",0.0001220703125,,,True,False,source,commons:105627169;commons:106651461;commons:108911529;commons:116466520;commons:122435702;commons:123079448;commons:123689542;commons:132645039;commons:144041236;commons:74983792;commons:81047795;commons:97165575;commons:98913003;commons:99599833,,
B1,B4,moderate,-9.896395;-6.329644;-3.393904;-6.053056;-0.679356;-2.497684;-1.850393;-0.712785;-2.679059;-2.736898;-2.616291;-2.801231;-2.365964;-3.588951,-2.4628462627719516,-4.558152133981747,0.5,еквівалентність у межах ±0.5 НЕ показана (90% CI [-4.56; -2.46]): різниця просто не встановлена,False,exploratory,-2.317550236717517,поза наперед оголошеною сім'єю; не коригується,False,False,-4.796907112864496,-3.442972372268289,paired cluster bootstrap over sources,psnr_full,10000,14,14,0,14,0,9.999000099990002e-05,nan,9.999000099990002e-05,"двобічний bootstrap-тест на парних різницях (10000 перевибірок, seed 20240909)",0.0001220703125,,,True,False,source,commons:105627169;commons:106651461;commons:108911529;commons:116466520;commons:122435702;commons:123079448;commons:123689542;commons:132645039;commons:144041236;commons:74983792;commons:81047795;commons:97165575;commons:98913003;commons:99599833,,
B1,B4t,moderate,-10.796648;-6.673757;-4.552598;-6.753236;-2.457229;-4.226794;-3.163520;-3.054981;-3.120763;-2.880002;-3.013341;-4.000111;-3.698122;-5.117595,-3.6557434369302806,-5.57124150451138,0.5,еквівалентність у межах ±0.5 НЕ показана (90% CI [-5.57; -3.66]): різниця просто не встановлена,False,exploratory,-3.5369929203816493,поза наперед оголошеною сім'єю; не коригується,False,False,-5.801987125683226,-4.5363355002657775,paired cluster bootstrap over sources,psnr_full,10000,14,14,0,14,0,9.999000099990002e-05,nan,9.999000099990002e-05,"двобічний bootstrap-тест на парних різницях (10000 перевибірок, seed 20240909)",0.0001220703125,,,True,False,source,commons:105627169;commons:106651461;commons:108911529;commons:116466520;commons:122435702;commons:123079448;commons:123689542;commons:132645039;commons:144041236;commons:74983792;commons:81047795;commons:97165575;commons:98913003;commons:99599833,,
B1,P,moderate,-10.546222;-5.646213;-4.255177;-6.224355;-1.404139;-3.333873;-1.683201;-1.748937;-2.156058;-1.726965;-1.758240;-3.141358;-2.177320;-3.475173,-2.531070813565226,-4.681672197308487,0.5,еквівалентність у межах ±0.5 НЕ показана (90% CI [-4.68; -2.53]): різниця просто не встановлена,False,exploratory,-2.3881013269546623,поза наперед оголошеною сім'єю; не коригується,False,False,-4.941354473883004,-3.5198022248261167,paired cluster bootstrap over sources,psnr_full,10000,14,14,0,14,0,9.999000099990002e-05,nan,9.999000099990002e-05,"двобічний bootstrap-тест на парних різницях (10000 перевибірок, seed 20240909)",0.0001220703125,,,True,False,source,commons:105627169;commons:106651461;commons:108911529;commons:116466520;commons:122435702;commons:123079448;commons:123689542;commons:132645039;commons:144041236;commons:74983792;commons:81047795;commons:97165575;commons:98913003;commons:99599833,,
B2,B3,moderate,-13.451373;-7.964284;-6.555489;-8.473101;-4.327929;-5.375740;-4.946129;-4.939973;-4.765324;-3.836968;-4.418939;-5.946493;-5.026859;-6.529493,-5.229266694084928,-7.345130952263482,0.5,еквівалентність у межах ±0.5 НЕ показана (90% CI [-7.35; -5.23]): різниця просто не встановлена,False,exploratory,-5.103781551225993,поза наперед оголошеною сім'єю; не коригується,False,False,-7.596662829209506,-6.182720984892989,paired cluster bootstrap over sources,psnr_full,10000,14,14,0,14,0,9.999000099990002e-05,nan,9.999000099990002e-05,"двобічний bootstrap-тест на парних різницях (10000 перевибірок, seed 20240909)",0.0001220703125,,,True,False,source,commons:105627169;commons:106651461;commons:108911529;commons:116466520;commons:122435702;commons:123079448;commons:123689542;commons:132645039;commons:144041236;commons:74983792;commons:81047795;commons:97165575;commons:98913003;commons:99599833,,
B2,B4,moderate,-9.975925;-6.185960;-3.353343;-6.111951;-0.679801;-2.465851;-1.823340;-0.778005;-2.686546;-2.686964;-2.586215;-2.840830;-2.295399;-3.594869,-2.450859302860244,-4.552010925634176,0.5,еквівалентність у межах ±0.5 НЕ показана (90% CI [-4.55; -2.45]): різниця просто не встановлена,False,exploratory,-2.3057239018625615,поза наперед оголошеною сім'єю; не коригується,False,False,-4.7927163870690555,-3.433214234510063,paired cluster bootstrap over sources,psnr_full,10000,14,14,0,14,0,9.999000099990002e-05,nan,9.999000099990002e-05,"двобічний bootstrap-тест на парних різницях (10000 перевибірок, seed 20240909)",0.0001220703125,,,True,False,source,commons:105627169;commons:106651461;commons:108911529;commons:116466520;commons:122435702;commons:123079448;commons:123689542;commons:132645039;commons:144041236;commons:74983792;commons:81047795;commons:97165575;commons:98913003;commons:99599833,,
B2,B4t,moderate,-10.876177;-6.530073;-4.512037;-6.812130;-2.457674;-4.194960;-3.136467;-3.120201;-3.128250;-2.830069;-2.983264;-4.039710;-3.627557;-5.123513,-3.6444528690002937,-5.5703406280234855,0.5,еквівалентність у межах ±0.5 НЕ показана (90% CI [-5.57; -3.64]): різниця просто не встановлена,False,exploratory,-3.5239415626470123,поза наперед оголошеною сім'єю; не коригується,False,False,-5.807799095140746,-4.526577362507551,paired cluster bootstrap over sources,psnr_full,10000,14,14,0,14,0,9.999000099990002e-05,nan,9.999000099990002e-05,"двобічний bootstrap-тест на парних різницях (10000 перевибірок, seed 20240909)",0.0001220703125,,,True,False,source,commons:105627169;commons:106651461;commons:108911529;commons:116466520;commons:122435702;commons:123079448;commons:123689542;commons:132645039;commons:144041236;commons:74983792;commons:81047795;commons:97165575;commons:98913003;commons:99599833,,
B2,P,moderate,-10.625752;-5.502529;-4.214616;-6.283249;-1.404584;-3.302039;-1.656148;-1.814157;-2.163545;-1.677032;-1.728163;-3.180957;-2.106754;-3.481092,-2.515186812899672,-4.684607596062457,0.5,еквівалентність у межах ±0.5 НЕ показана (90% CI [-4.68; -2.52]): різниця просто не встановлена,False,exploratory,-2.3755023635197623,поза наперед оголошеною сім'єю; не коригується,False,False,-4.952771057488807,-3.5100440870678904,paired cluster bootstrap over sources,psnr_full,10000,14,14,0,14,0,9.999000099990002e-05,nan,9.999000099990002e-05,"двобічний bootstrap-тест на парних різницях (10000 перевибірок, seed 20240909)",0.0001220703125,,,True,False,source,commons:105627169;commons:106651461;commons:108911529;commons:116466520;commons:122435702;commons:123079448;commons:123689542;commons:132645039;commons:144041236;commons:74983792;commons:81047795;commons:97165575;commons:98913003;commons:99599833,,
B3,B4,moderate,3.475447;1.778324;3.202145;2.361150;3.648128;2.909890;3.122789;4.161968;2.078778;1.150003;1.832725;3.105663;2.731460;2.934624,3.0907561649908035,2.39093214024502,0.5,еквівалентність у межах ±0.5 НЕ показана (90% CI [+2.39; +3.09]): різниця просто не встановлена,False,exploratory,3.1518013754098657,поза наперед оголошеною сім'єю; не коригується,False,False,2.326493095099475,2.7495067503829285,paired cluster bootstrap over sources,psnr_full,10000,14,14,0,14,0,9.999000099990002e-05,nan,9.999000099990002e-05,"двобічний bootstrap-тест на парних різницях (10000 перевибірок, seed 20240909)",0.0001220703125,,,True,False,source,commons:105627169;commons:106651461;commons:108911529;commons:116466520;commons:122435702;commons:123079448;commons:123689542;commons:132645039;commons:144041236;commons:74983792;commons:81047795;commons:97165575;commons:98913003;commons:99599833,,
B3,B4t,moderate,2.575195;1.434210;2.043452;1.660971;1.870256;1.180780;1.809663;1.819771;1.637074;1.006899;1.435675;1.906783;1.399302;1.405980,1.8281800512640476,1.4911233295890394,0.5,еквівалентність у межах ±0.5 НЕ показана (90% CI [+1.49; +1.83]): різниця просто не встановлена,False,exploratory,1.8593054633518404,поза наперед оголошеною сім'єю; не коригується,False,False,1.461531721789495,1.65614362238544,paired cluster bootstrap over sources,psnr_full,10000,14,14,0,14,0,9.999000099990002e-05,nan,9.999000099990002e-05,"двобічний bootstrap-тест на парних різницях (10000 перевибірок, seed 20240909)",0.0001220703125,,,True,False,source,commons:105627169;commons:106651461;commons:108911529;commons:116466520;commons:122435702;commons:123079448;commons:123689542;commons:132645039;commons:144041236;commons:74983792;commons:81047795;commons:97165575;commons:98913003;commons:99599833,,
B3,P,moderate,2.825621;2.461755;2.340873;2.189852;2.923345;2.073701;3.289982;3.125816;2.601779;2.159935;2.690776;2.765536;2.920104;3.048402,2.835336820422645,2.5079607226602807,0.5,еквівалентність у межах ±0.5 НЕ показана (90% CI [+2.51; +2.84]): різниця просто не встановлена,False,pre-declared,2.866965257765176,,True,False,2.4813289980641997,2.672676897825101,paired cluster bootstrap over sources,psnr_full,10000,14,14,0,14,0,9.999000099990002e-05,0.0004999500049995,9.999000099990002e-05,"двобічний bootstrap-тест на парних різницях (10000 перевибірок, seed 20240909)",0.0001220703125,,,True,True,source,commons:105627169;commons:106651461;commons:108911529;commons:116466520;commons:122435702;commons:123079448;commons:123689542;commons:132645039;commons:144041236;commons:74983792;commons:81047795;commons:97165575;commons:98913003;commons:99599833,,
B4,B4t,moderate,-0.900252;-0.344114;-1.158693;-0.700179;-1.777873;-1.729110;-1.313126;-2.342196;-0.441704;-0.143104;-0.397050;-1.198880;-1.332158;-1.528644,-0.8249871720622222,-1.3684281266122884,0.5,еквівалентність у межах ±0.5 НЕ показана (90% CI [-1.37; -0.82]): різниця просто не встановлена,False,pre-declared,-0.7765472020431485,,True,False,-1.419360279202591,-1.0933631279974887,paired cluster bootstrap over sources,psnr_full,10000,14,14,0,14,0,9.999000099990002e-05,0.0004999500049995,9.999000099990002e-05,"двобічний bootstrap-тест на парних різницях (10000 перевибірок, seed 20240909)",0.0001220703125,,,True,True,source,commons:105627169;commons:106651461;commons:108911529;commons:116466520;commons:122435702;commons:123079448;commons:123689542;commons:132645039;commons:144041236;commons:74983792;commons:81047795;commons:97165575;commons:98913003;commons:99599833,,
B4,P,moderate,-0.649826;0.683431;-0.861272;-0.171298;-0.724783;-0.836189;0.167193;-1.036152;0.523001;1.009932;0.858051;-0.340127;0.188644;0.113778,0.2141985572442376,-0.36418962702183905,0.5,еквівалентність у межах ±0.5 показана (90% CI [-0.36; +0.21]),True,pre-declared,0.2711587640788721,,True,True,-0.415371631570401,-0.0768298525578278,paired cluster bootstrap over sources,psnr_full,10000,14,14,0,14,0,0.668933106689331,0.668933106689331,0.668933106689331,"двобічний bootstrap-тест на парних різницях (10000 перевибірок, seed 20240909)",0.6697998046875,,,False,False,source,commons:105627169;commons:106651461;commons:108911529;commons:116466520;commons:122435702;commons:123079448;commons:123689542;commons:132645039;commons:144041236;commons:74983792;commons:81047795;commons:97165575;commons:98913003;commons:99599833,,
B4t,P,moderate,0.250426;1.027545;0.297421;0.528881;1.053089;0.892921;1.480319;1.306044;0.964706;1.153037;1.255101;0.858753;1.520802;1.642421,1.1986484002154434,0.8318826254230796,0.5,еквівалентність у межах ±0.5 НЕ показана (90% CI [+0.83; +1.20]): різниця просто не встановлена,False,pre-declared,1.2318622605938925,,True,False,0.7973971848880059,1.016533275439661,paired cluster bootstrap over sources,psnr_full,10000,14,14,0,14,0,9.999000099990002e-05,0.0004999500049995,9.999000099990002e-05,"двобічний bootstrap-тест на парних різницях (10000 перевибірок, seed 20240909)",0.0001220703125,,,True,True,source,commons:105627169;commons:106651461;commons:108911529;commons:116466520;commons:122435702;commons:123079448;commons:123689542;commons:132645039;commons:144041236;commons:74983792;commons:81047795;commons:97165575;commons:98913003;commons:99599833,,
