authenticated,channel_trace,corrected_symbols,coverage,estimated_fraction,frame_id,max_age_frames,method,payload_bytes,provenance,psnr_full,psnr_verified,rasters,realisation,resynchronised,source,ssim_full,ssim_verified,stale_fraction,status_filler,status_fragment_recovered,status_frame_verified,status_header_invalid,status_header_unrecoverable,status_no_sync,status_payload_unrecoverable,status_verified,symbol_error_denominator,symbol_errors_pre_fec,sync_found,units_rejected,units_sent,units_verified,wire_bytes,x_authenticated,x_channel_trace,x_coverage_meaning,x_est_dx,x_est_dy,x_filler_units,x_fragments,x_fragments_recovered,x_frame_verified,x_rasters_delivered,x_segments,x_sync_score,x_units_from_other_frames,x_units_per_raster
False,moderate|still_smooth|rep0|seed20240909,0,1.0,0.0,0,0.0,B0a,0,synthetic,24.11846363712106,24.11846363712106,1,0,False,still_smooth,0.5131886595636976,0.5131886595636976,0.0,,,,,,,,,0,nan,True,0,0,0,0,False,,"picture displayed, not verified",3.0,1.0,,,,,,,0.9243291735144541,,
False,moderate|still_smooth|rep1|seed20240909,0,1.0,0.0,0,0.0,B0a,0,synthetic,23.44287204568947,23.44287204568947,1,1,False,still_smooth,0.5221795038482165,0.5221795038482165,0.0,,,,,,,,,0,nan,True,0,0,0,0,False,,"picture displayed, not verified",3.0,1.0,,,,,,,0.9216866616015003,,
False,moderate|still_smooth|rep2|seed20240909,0,1.0,0.0,0,0.0,B0a,0,synthetic,23.690815895363308,23.690815895363308,1,2,False,still_smooth,0.5169282263164697,0.5169282263164697,0.0,,,,,,,,,0,nan,True,0,0,0,0,False,,"picture displayed, not verified",3.0,1.0,,,,,,,0.9535009273662814,,
False,moderate|still_text|rep0|seed20240909,0,1.0,0.0,0,0.0,B0a,0,synthetic,17.388253154603536,17.388253154603536,1,0,False,still_text,0.6227064864625682,0.6227064864625682,0.0,,,,,,,,,0,nan,True,0,0,0,0,False,,"picture displayed, not verified",4.0,1.0,,,,,,,0.9359087392728049,,
False,moderate|still_text|rep1|seed20240909,0,1.0,0.0,0,0.0,B0a,0,synthetic,18.502707620286483,18.502707620286483,1,1,False,still_text,0.6527106860582023,0.6527106860582023,0.0,,,,,,,,,0,nan,True,0,0,0,0,False,,"picture displayed, not verified",3.0,1.0,,,,,,,0.9466380079996906,,
False,moderate|still_text|rep2|seed20240909,0,1.0,0.0,0,0.0,B0a,0,synthetic,18.884765876588133,18.884765876588133,1,2,False,still_text,0.6633572047210192,0.6633572047210192,0.0,,,,,,,,,0,nan,True,0,0,0,0,False,,"picture displayed, not verified",3.0,1.0,,,,,,,0.9322764534039123,,
False,moderate|still_texture|rep0|seed20240909,0,1.0,0.0,0,0.0,B0a,0,synthetic,24.72324161903686,24.72324161903686,1,0,False,still_texture,0.8666371183483816,0.8666371183483816,0.0,,,,,,,,,0,nan,True,0,0,0,0,False,,"picture displayed, not verified",3.0,1.0,,,,,,,0.9460640759679084,,
False,moderate|still_texture|rep1|seed20240909,0,1.0,0.0,0,0.0,B0a,0,synthetic,22.80036209165702,22.80036209165702,1,1,False,still_texture,0.8260349924555968,0.8260349924555968,0.0,,,,,,,,,0,nan,True,0,0,0,0,False,,"picture displayed, not verified",3.0,1.0,,,,,,,0.9371249833139176,,
False,moderate|still_texture|rep2|seed20240909,0,1.0,0.0,0,0.0,B0a,0,synthetic,24.791699795863384,24.791699795863384,1,2,False,still_texture,0.869620011721448,0.869620011721448,0.0,,,,,,,,,0,nan,True,0,0,0,0,False,,"picture displayed, not verified",3.0,1.0,,,,,,,0.9391981902778724,,
False,moderate|still_edges|rep0|seed20240909,0,1.0,0.0,0,0.0,B0a,0,synthetic,19.15080952281826,19.15080952281826,1,0,False,still_edges,0.5618322614076263,0.5618322614076263,0.0,,,,,,,,,0,nan,True,0,0,0,0,False,,"picture displayed, not verified",3.0,1.0,,,,,,,0.9447986876558235,,
False,moderate|still_edges|rep1|seed20240909,0,1.0,0.0,0,0.0,B0a,0,synthetic,21.399438165645886,21.399438165645886,1,1,False,still_edges,0.5864984463981734,0.5864984463981734,0.0,,,,,,,,,0,nan,True,0,0,0,0,False,,"picture displayed, not verified",4.0,1.0,,,,,,,0.9341503499452489,,
False,moderate|still_edges|rep2|seed20240909,0,1.0,0.0,0,0.0,B0a,0,synthetic,19.773987542008264,19.773987542008264,1,2,False,still_edges,0.551701851393856,0.551701851393856,0.0,,,,,,,,,0,nan,True,0,0,0,0,False,,"picture displayed, not verified",3.0,0.0,,,,,,,0.9103397438062693,,
False,moderate|seq_illumination_slow|rep0|seed20240909,0,1.0,0.0,0,0.0,B0a,0,synthetic,23.364337860041022,23.364337860041022,1,0,False,seq_illumination_slow,0.5545481687251564,0.5545481687251564,0.0,,,,,,,,,0,nan,True,0,0,0,0,False,,"picture displayed, not verified",3.0,1.0,,,,,,,0.9475584274538739,,
False,moderate|seq_illumination_slow|rep0|seed20240909,0,1.0,0.0,1,0.0,B0a,0,synthetic,21.068556810891046,21.068556810891046,1,0,False,seq_illumination_slow,0.5335567061122046,0.5335567061122046,0.0,,,,,,,,,0,nan,True,0,0,0,0,False,,"picture displayed, not verified",4.0,1.0,,,,,,,0.9446084074829166,,
False,moderate|seq_illumination_slow|rep0|seed20240909,0,1.0,0.0,2,0.0,B0a,0,synthetic,18.567480015967263,18.567480015967263,1,0,False,seq_illumination_slow,0.5100251414658473,0.5100251414658473,0.0,,,,,,,,,0,nan,True,0,0,0,0,False,,"picture displayed, not verified",3.0,1.0,,,,,,,0.9441676064646044,,
False,moderate|seq_illumination_slow|rep0|seed20240909,0,1.0,0.0,3,0.0,B0a,0,synthetic,15.259007027061692,15.259007027061692,1,0,False,seq_illumination_slow,0.5220113337932708,0.5220113337932708,0.0,,,,,,,,,0,nan,True,0,0,0,0,False,,"picture displayed, not verified",3.0,-3.0,,,,,,,0.7076280150528095,,
False,moderate|seq_illumination_slow|rep1|seed20240909,0,1.0,0.0,0,0.0,B0a,0,synthetic,22.432695042498775,22.432695042498775,1,1,False,seq_illumination_slow,0.5467384815283528,0.5467384815283528,0.0,,,,,,,,,0,nan,True,0,0,0,0,False,,"picture displayed, not verified",4.0,1.0,,,,,,,0.9340598726945697,,
False,moderate|seq_illumination_slow|rep1|seed20240909,0,1.0,0.0,1,0.0,B0a,0,synthetic,23.69838484185992,23.69838484185992,1,1,False,seq_illumination_slow,0.5730485781961542,0.5730485781961542,0.0,,,,,,,,,0,nan,True,0,0,0,0,False,,"picture displayed, not verified",3.0,1.0,,,,,,,0.9534929166449574,,
False,moderate|seq_illumination_slow|rep1|seed20240909,0,1.0,0.0,2,0.0,B0a,0,synthetic,21.16545018527961,21.16545018527961,1,1,False,seq_illumination_slow,0.5372968647304708,0.5372968647304708,0.0,,,,,,,,,0,nan,True,0,0,0,0,False,,"picture displayed, not verified",3.0,1.0,,,,,,,0.9203628308144292,,
False,moderate|seq_illumination_slow|rep1|seed20240909,0,1.0,0.0,3,0.0,B0a,0,synthetic,21.54024283230703,21.54024283230703,1,1,False,seq_illumination_slow,0.5646440019233272,0.5646440019233272,0.0,,,,,,,,,0,nan,True,0,0,0,0,False,,"picture displayed, not verified",4.0,1.0,,,,,,,0.927065748870536,,
False,moderate|seq_illumination_slow|rep2|seed20240909,0,1.0,0.0,0,0.0,B0a,0,synthetic,23.676010794076397,23.676010794076397,1,2,False,seq_illumination_slow,0.5660344609566459,0.5660344609566459,0.0,,,,,,,,,0,nan,True,0,0,0,0,False,,"picture displayed, not verified",3.0,1.0,,,,,,,0.9803922790420901,,
False,moderate|seq_illumination_slow|rep2|seed20240909,0,1.0,0.0,1,0.0,B0a,0,synthetic,23.560303436408226,23.560303436408226,1,2,False,seq_illumination_slow,0.5709948107843087,0.5709948107843087,0.0,,,,,,,,,0,nan,True,0,0,0,0,False,,"picture displayed, not verified",3.0,1.0,,,,,,,0.9342751619974685,,
False,moderate|seq_illumination_slow|rep2|seed20240909,0,1.0,0.0,2,0.0,B0a,0,synthetic,23.09339011207616,23.09339011207616,1,2,False,seq_illumination_slow,0.5703424902553261,0.5703424902553261,0.0,,,,,,,,,0,nan,True,0,0,0,0,False,,"picture displayed, not verified",3.0,1.0,,,,,,,0.9395908347220379,,
False,moderate|seq_illumination_slow|rep2|seed20240909,0,1.0,0.0,3,0.0,B0a,0,synthetic,21.38173269220995,21.38173269220995,1,2,False,seq_illumination_slow,0.5583239551959874,0.5583239551959874,0.0,,,,,,,,,0,nan,True,0,0,0,0,False,,"picture displayed, not verified",4.0,1.0,,,,,,,0.9271514962393117,,
False,moderate|seq_edges_slow|rep0|seed20240909,0,1.0,0.0,0,0.0,B0a,0,synthetic,19.06377037894198,19.06377037894198,1,0,False,seq_edges_slow,0.5401077341321378,0.5401077341321378,0.0,,,,,,,,,0,nan,True,0,0,0,0,False,,"picture displayed, not verified",3.0,1.0,,,,,,,0.9318663279016617,,
False,moderate|seq_edges_slow|rep0|seed20240909,0,1.0,0.0,1,0.0,B0a,0,synthetic,22.645244077748615,22.645244077748615,1,0,False,seq_edges_slow,0.5988305230605665,0.5988305230605665,0.0,,,,,,,,,0,nan,True,0,0,0,0,False,,"picture displayed, not verified",3.0,1.0,,,,,,,0.9480283389813358,,
False,moderate|seq_edges_slow|rep0|seed20240909,0,1.0,0.0,2,0.0,B0a,0,synthetic,21.36531067566114,21.36531067566114,1,0,False,seq_edges_slow,0.5917506003480008,0.5917506003480008,0.0,,,,,,,,,0,nan,True,0,0,0,0,False,,"picture displayed, not verified",4.0,1.0,,,,,,,0.9346133500115779,,
False,moderate|seq_edges_slow|rep0|seed20240909,0,1.0,0.0,3,0.0,B0a,0,synthetic,22.63600529765785,22.63600529765785,1,0,False,seq_edges_slow,0.6048588343217961,0.6048588343217961,0.0,,,,,,,,,0,nan,True,0,0,0,0,False,,"picture displayed, not verified",3.0,1.0,,,,,,,0.9587508720895066,,
False,moderate|seq_edges_slow|rep1|seed20240909,0,1.0,0.0,0,0.0,B0a,0,synthetic,20.01547885914798,20.01547885914798,1,1,False,seq_edges_slow,0.5644297048227273,0.5644297048227273,0.0,,,,,,,,,0,nan,True,0,0,0,0,False,,"picture displayed, not verified",4.0,1.0,,,,,,,0.9399562678942266,,
False,moderate|seq_edges_slow|rep1|seed20240909,0,1.0,0.0,1,0.0,B0a,0,synthetic,20.502143794209648,20.502143794209648,1,1,False,seq_edges_slow,0.5725263949591782,0.5725263949591782,0.0,,,,,,,,,0,nan,True,0,0,0,0,False,,"picture displayed, not verified",3.0,1.0,,,,,,,0.9278577479665072,,
False,moderate|seq_edges_slow|rep1|seed20240909,0,1.0,0.0,2,0.0,B0a,0,synthetic,19.939852854036737,19.939852854036737,1,1,False,seq_edges_slow,0.5642616384372693,0.5642616384372693,0.0,,,,,,,,,0,nan,True,0,0,0,0,False,,"picture displayed, not verified",4.0,1.0,,,,,,,0.9321116143386826,,
False,moderate|seq_edges_slow|rep1|seed20240909,0,1.0,0.0,3,0.0,B0a,0,synthetic,20.979728143983195,20.979728143983195,1,1,False,seq_edges_slow,0.5812925252485884,0.5812925252485884,0.0,,,,,,,,,0,nan,True,0,0,0,0,False,,"picture displayed, not verified",3.0,1.0,,,,,,,0.9442130935753993,,
False,moderate|seq_edges_slow|rep2|seed20240909,0,1.0,0.0,0,0.0,B0a,0,synthetic,18.318057643224243,18.318057643224243,1,2,False,seq_edges_slow,0.5341816898529005,0.5341816898529005,0.0,,,,,,,,,0,nan,True,0,0,0,0,False,,"picture displayed, not verified",3.0,1.0,,,,,,,0.9176235587262037,,
False,moderate|seq_edges_slow|rep2|seed20240909,0,1.0,0.0,1,0.0,B0a,0,synthetic,14.793653741103352,14.793653741103352,1,2,False,seq_edges_slow,0.4886688606749315,0.4886688606749315,0.0,,,,,,,,,0,nan,True,0,0,0,0,False,,"picture displayed, not verified",4.0,5.0,,,,,,,0.537531344713056,,
False,moderate|seq_edges_slow|rep2|seed20240909,0,1.0,0.0,2,0.0,B0a,0,synthetic,20.350881830024615,20.350881830024615,1,2,False,seq_edges_slow,0.5630517271544845,0.5630517271544845,0.0,,,,,,,,,0,nan,True,0,0,0,0,False,,"picture displayed, not verified",3.0,1.0,,,,,,,0.9463037313948496,,
False,moderate|seq_edges_slow|rep2|seed20240909,0,1.0,0.0,3,0.0,B0a,0,synthetic,17.782423445320315,17.782423445320315,1,2,False,seq_edges_slow,0.5306879855867902,0.5306879855867902,0.0,,,,,,,,,0,nan,True,0,0,0,0,False,,"picture displayed, not verified",3.0,1.0,,,,,,,0.9308717122145849,,
False,moderate|seq_texture_fast|rep0|seed20240909,0,1.0,0.0,0,0.0,B0a,0,synthetic,24.90532837127322,24.90532837127322,1,0,False,seq_texture_fast,0.8700926981082859,0.8700926981082859,0.0,,,,,,,,,0,nan,True,0,0,0,0,False,,"picture displayed, not verified",3.0,1.0,,,,,,,0.9715373124333624,,
False,moderate|seq_texture_fast|rep0|seed20240909,0,1.0,0.0,1,0.0,B0a,0,synthetic,22.31282243775791,22.31282243775791,1,0,False,seq_texture_fast,0.8107300546560623,0.8107300546560623,0.0,,,,,,,,,0,nan,True,0,0,0,0,False,,"picture displayed, not verified",3.0,1.0,,,,,,,0.9516122088605401,,
False,moderate|seq_texture_fast|rep0|seed20240909,0,1.0,0.0,2,0.0,B0a,0,synthetic,23.416734123726876,23.416734123726876,1,0,False,seq_texture_fast,0.8403294786505603,0.8403294786505603,0.0,,,,,,,,,0,nan,True,0,0,0,0,False,,"picture displayed, not verified",3.0,1.0,,,,,,,0.9531470633975521,,
False,moderate|seq_texture_fast|rep0|seed20240909,0,1.0,0.0,3,0.0,B0a,0,synthetic,23.285262134786855,23.285262134786855,1,0,False,seq_texture_fast,0.8375802571163066,0.8375802571163066,0.0,,,,,,,,,0,nan,True,0,0,0,0,False,,"picture displayed, not verified",3.0,1.0,,,,,,,0.938033047388322,,
False,moderate|seq_texture_fast|rep1|seed20240909,0,1.0,0.0,0,0.0,B0a,0,synthetic,11.207819139554624,11.207819139554624,1,1,False,seq_texture_fast,0.4224513701226648,0.4224513701226648,0.0,,,,,,,,,0,nan,True,0,0,0,0,False,,"picture displayed, not verified",3.0,1.0,,,,,,,0.3532392354898712,,
False,moderate|seq_texture_fast|rep1|seed20240909,0,1.0,0.0,1,0.0,B0a,0,synthetic,21.632535348845533,21.632535348845533,1,1,False,seq_texture_fast,0.7854924341154127,0.7854924341154127,0.0,,,,,,,,,0,nan,True,0,0,0,0,False,,"picture displayed, not verified",3.0,1.0,,,,,,,0.9477089234095127,,
False,moderate|seq_texture_fast|rep1|seed20240909,0,1.0,0.0,2,0.0,B0a,0,synthetic,24.697233420190404,24.697233420190404,1,1,False,seq_texture_fast,0.8652084836411036,0.8652084836411036,0.0,,,,,,,,,0,nan,True,0,0,0,0,False,,"picture displayed, not verified",3.0,1.0,,,,,,,0.9531721451126404,,
False,moderate|seq_texture_fast|rep1|seed20240909,0,1.0,0.0,3,0.0,B0a,0,synthetic,22.995249385733374,22.995249385733374,1,1,False,seq_texture_fast,0.8249642695023688,0.8249642695023688,0.0,,,,,,,,,0,nan,True,0,0,0,0,False,,"picture displayed, not verified",3.0,1.0,,,,,,,0.9262099124647649,,
False,moderate|seq_texture_fast|rep2|seed20240909,0,1.0,0.0,0,0.0,B0a,0,synthetic,24.855461191306013,24.855461191306013,1,2,False,seq_texture_fast,0.8712273625701098,0.8712273625701098,0.0,,,,,,,,,0,nan,True,0,0,0,0,False,,"picture displayed, not verified",3.0,1.0,,,,,,,0.9272087278408606,,
False,moderate|seq_texture_fast|rep2|seed20240909,0,1.0,0.0,1,0.0,B0a,0,synthetic,11.162447490799636,11.162447490799636,1,2,False,seq_texture_fast,0.25138265657146946,0.25138265657146946,0.0,,,,,,,,,0,nan,True,0,0,0,0,False,,"picture displayed, not verified",4.0,5.0,,,,,,,0.42820699532786477,,
False,moderate|seq_texture_fast|rep2|seed20240909,0,1.0,0.0,2,0.0,B0a,0,synthetic,22.803138814798224,22.803138814798224,1,2,False,seq_texture_fast,0.8299253640031989,0.8299253640031989,0.0,,,,,,,,,0,nan,True,0,0,0,0,False,,"picture displayed, not verified",3.0,1.0,,,,,,,0.9518943518826504,,
False,moderate|seq_texture_fast|rep2|seed20240909,0,1.0,0.0,3,0.0,B0a,0,synthetic,17.532074786743557,17.532074786743557,1,2,False,seq_texture_fast,0.5201392739123006,0.5201392739123006,0.0,,,,,,,,,0,nan,True,0,0,0,0,False,,"picture displayed, not verified",3.0,-2.0,,,,,,,0.7266455206212773,,
False,moderate|still_smooth|rep0|seed20240909,1627,1.0,0.0,0,0.0,B0d,919,synthetic,36.483156884500104,36.483156884500104,2,0,True,still_smooth,0.8870704724556445,0.8870704724556445,0.0,,,,,,,,8,41216,0.01843944099378882,True,0,8,8,10304,False,moderate|still_smooth|rep0|seed20240909,,,,0,,,,2,8,,0,4
False,moderate|still_smooth|rep1|seed20240909,1716,1.0,0.0,0,0.0,B0d,919,synthetic,36.483156884500104,36.483156884500104,2,1,True,still_smooth,0.8870704724556445,0.8870704724556445,0.0,,,,,,,,8,41216,0.011160714285714286,True,0,8,8,10304,False,moderate|still_smooth|rep1|seed20240909,,,,0,,,,2,8,,0,4
False,moderate|still_smooth|rep2|seed20240909,1512,1.0,0.0,0,0.0,B0d,919,synthetic,36.483156884500104,36.483156884500104,2,2,True,still_smooth,0.8870704724556445,0.8870704724556445,0.0,,,,,,,,8,41216,0.022733889751552796,True,0,8,8,10304,False,moderate|still_smooth|rep2|seed20240909,,,,0,,,,2,8,,0,4
False,moderate|still_text|rep0|seed20240909,1360,1.0,0.0,0,0.0,B0d,3054,synthetic,25.153143747579776,25.153143747579776,2,0,True,still_text,0.8983801607008477,0.8983801607008477,0.0,,,,,,,,8,41216,0.015042701863354038,True,0,8,8,10304,False,moderate|still_text|rep0|seed20240909,,,,0,,,,2,8,,0,4
False,moderate|still_text|rep1|seed20240909,1691,0.75,0.25,0,0.0,B0d,3054,synthetic,19.4185052781405,25.23372598640265,2,1,True,still_text,0.7999240674425522,0.9025035443370091,0.0,,,,,,,2,6,41216,0.03605395962732919,True,2,8,6,10304,False,moderate|still_text|rep1|seed20240909,,,,0,,,,2,8,,0,4
False,moderate|still_text|rep2|seed20240909,666,0.5,0.5,0,0.0,B0d,3054,synthetic,18.675058999664152,24.482937078462733,2,2,True,still_text,0.6922504886165578,0.8743544523177785,0.0,,,,1,2,,1,4,41216,0.05034452639751553,True,4,8,4,10304,False,moderate|still_text|rep2|seed20240909,,,,0,,,,2,8,,0,4
False,moderate|still_texture|rep0|seed20240909,1611,1.0,0.0,0,0.0,B0d,4625,synthetic,27.15144070427842,27.15144070427842,2,0,True,still_texture,0.8932951912644751,0.8932951912644751,0.0,,,,,,,,8,41216,0.012786296583850932,True,0,8,8,10304,False,moderate|still_texture|rep0|seed20240909,,,,0,,,,2,8,,0,4
False,moderate|still_texture|rep1|seed20240909,1675,1.0,0.0,0,0.0,B0d,4625,synthetic,27.15144070427842,27.15144070427842,2,1,True,still_texture,0.8932951912644751,0.8932951912644751,0.0,,,,,,,,8,41216,0.031201475155279504,True,0,8,8,10304,False,moderate|still_texture|rep1|seed20240909,,,,0,,,,2,8,,0,4
False,moderate|still_texture|rep2|seed20240909,1079,0.75,0.25,0,0.0,B0d,4625,synthetic,20.85707147850186,27.132708035245685,2,2,True,still_texture,0.6965560107303524,0.8825799882011363,0.0,,,,,,,2,6,41216,0.028168672360248448,True,2,8,6,10304,False,moderate|still_texture|rep2|seed20240909,,,,0,,,,2,8,,0,4
False,moderate|still_edges|rep0|seed20240909,1584,1.0,0.0,0,0.0,B0d,1076,synthetic,30.215026070732705,30.215026070732705,2,0,True,still_edges,0.8892269156875389,0.8892269156875389,0.0,,,,,,,,8,41216,0.025572593167701864,True,0,8,8,10304,False,moderate|still_edges|rep0|seed20240909,,,,0,,,,2,8,,0,4
False,moderate|still_edges|rep1|seed20240909,1131,0.5,0.5,0,0.0,B0d,1076,synthetic,6.8171378740152555,30.035968183941822,2,1,True,still_edges,0.6783594315543255,0.8864085220227826,0.0,,,,,,4,,4,41216,0.34792313664596275,False,4,8,4,10304,False,moderate|still_edges|rep1|seed20240909,,,,0,,,,2,8,,0,4
False,moderate|still_edges|rep2|seed20240909,1542,1.0,0.0,0,0.0,B0d,1076,synthetic,30.215026070732705,30.215026070732705,2,2,True,still_edges,0.8892269156875389,0.8892269156875389,0.0,,,,,,,,8,41216,0.010821040372670808,True,0,8,8,10304,False,moderate|still_edges|rep2|seed20240909,,,,0,,,,2,8,,0,4
False,moderate|seq_illumination_slow|rep0|seed20240909,1320,0.75,0.25,0,0.0,B0d,1145,synthetic,19.270040805956626,31.188525555984196,2,0,True,seq_illumination_slow,0.8249183610859823,0.893602830461218,0.0,,,,,,,2,6,41216,0.026494565217391304,True,2,8,6,10304,False,moderate|seq_illumination_slow|rep0|seed20240909,,,,0,,,,2,8,,0,4
False,moderate|seq_illumination_slow|rep0|seed20240909,1346,1.0,0.0,1,0.0,B0d,1170,synthetic,30.3681343875699,30.3681343875699,2,0,False,seq_illumination_slow,0.8865606138684682,0.8865606138684682,0.0,,,,,,,,8,41216,0.008394798136645962,True,0,8,8,10304,False,moderate|seq_illumination_slow|rep0|seed20240909,,,,0,,,,2,8,,0,4
False,moderate|seq_illumination_slow|rep0|seed20240909,2000,1.0,0.0,2,0.0,B0d,1195,synthetic,30.200871174988855,30.200871174988855,2,0,False,seq_illumination_slow,0.8828579695957618,0.8828579695957618,0.0,,,,,,,,8,41216,0.03149262422360249,True,0,8,8,10304,False,moderate|seq_illumination_slow|rep0|seed20240909,,,,0,,,,2,8,,0,4
False,moderate|seq_illumination_slow|rep0|seed20240909,2054,1.0,0.0,3,0.0,B0d,1215,synthetic,30.328642539634917,30.328642539634917,2,0,False,seq_illumination_slow,0.8792426832672545,0.8792426832672545,0.0,,,,,,,,8,41216,0.017663043478260868,True,0,8,8,10304,False,moderate|seq_illumination_slow|rep0|seed20240909,,,,0,,,,2,8,,0,4
False,moderate|seq_illumination_slow|rep1|seed20240909,1275,1.0,0.0,0,0.0,B0d,1145,synthetic,30.569354014602986,30.569354014602986,2,1,True,seq_illumination_slow,0.8852708281201247,0.8852708281201247,0.0,,,,,,,,8,41216,0.00999611801242236,True,0,8,8,10304,False,moderate|seq_illumination_slow|rep1|seed20240909,,,,0,,,,2,8,,0,4
False,moderate|seq_illumination_slow|rep1|seed20240909,1184,1.0,0.0,1,0.0,B0d,1170,synthetic,30.3681343875699,30.3681343875699,2,1,False,seq_illumination_slow,0.8865606138684682,0.8865606138684682,0.0,,,,,,,,8,41216,0.014096467391304348,True,0,8,8,10304,False,moderate|seq_illumination_slow|rep1|seed20240909,,,,0,,,,2,8,,0,4
False,moderate|seq_illumination_slow|rep1|seed20240909,1293,1.0,0.0,2,0.0,B0d,1195,synthetic,30.200871174988855,30.200871174988855,2,1,False,seq_illumination_slow,0.8828579695957618,0.8828579695957618,0.0,,,,,,,,8,41216,0.016595496894409936,True,0,8,8,10304,False,moderate|seq_illumination_slow|rep1|seed20240909,,,,0,,,,2,8,,0,4
False,moderate|seq_illumination_slow|rep1|seed20240909,1415,1.0,0.0,3,0.0,B0d,1215,synthetic,30.328642539634917,30.328642539634917,2,1,False,seq_illumination_slow,0.8792426832672545,0.8792426832672545,0.0,,,,,,,,8,41216,0.023486024844720496,True,0,8,8,10304,False,moderate|seq_illumination_slow|rep1|seed20240909,,,,0,,,,2,8,,0,4
False,moderate|seq_illumination_slow|rep2|seed20240909,1252,1.0,0.0,0,0.0,B0d,1145,synthetic,30.569354014602986,30.569354014602986,2,2,True,seq_illumination_slow,0.8852708281201247,0.8852708281201247,0.0,,,,,,,,8,41216,0.00968070652173913,True,0,8,8,10304,False,moderate|seq_illumination_slow|rep2|seed20240909,,,,0,,,,2,8,,0,4
False,moderate|seq_illumination_slow|rep2|seed20240909,1036,0.75,0.25,1,0.0,B0d,1170,synthetic,18.972598238535042,31.005741553330736,2,2,False,seq_illumination_slow,0.8259970185013407,0.8950856637908147,0.0,,,,,,,2,6,41216,0.026397515527950312,True,2,8,6,10304,False,moderate|seq_illumination_slow|rep2|seed20240909,,,,0,,,,2,8,,0,4
False,moderate|seq_illumination_slow|rep2|seed20240909,1103,0.875,0.125,2,0.0,B0d,1195,synthetic,23.45762742821738,30.4810855464573,2,2,False,seq_illumination_slow,0.8640033468736209,0.8893034528463767,0.0,,,,,,,1,7,41216,0.017129270186335404,True,1,8,7,10304,False,moderate|seq_illumination_slow|rep2|seed20240909,,,,0,,,,2,8,,0,4
False,moderate|seq_illumination_slow|rep2|seed20240909,1234,0.875,0.125,3,0.0,B0d,1215,synthetic,29.504330525136414,30.287663128446496,2,2,False,seq_illumination_slow,0.8821110665445892,0.8799375035427657,0.0,,,,,,,1,7,41216,0.017954192546583852,True,1,8,7,10304,False,moderate|seq_illumination_slow|rep2|seed20240909,,,,0,,,,2,8,,0,4
False,moderate|seq_edges_slow|rep0|seed20240909,1817,1.0,0.0,0,0.0,B0d,1076,synthetic,30.215026070732705,30.215026070732705,2,0,True,seq_edges_slow,0.8892269156875389,0.8892269156875389,0.0,,,,,,,,8,41216,0.023801436335403728,True,0,8,8,10304,False,moderate|seq_edges_slow|rep0|seed20240909,,,,0,,,,2,8,,0,4
False,moderate|seq_edges_slow|rep0|seed20240909,1471,1.0,0.0,1,0.0,B0d,1087,synthetic,30.228992333521006,30.228992333521006,2,0,False,seq_edges_slow,0.8905079329330521,0.8905079329330521,0.0,,,,,,,,8,41216,0.005604619565217391,True,0,8,8,10304,False,moderate|seq_edges_slow|rep0|seed20240909,,,,0,,,,2,8,,0,4
False,moderate|seq_edges_slow|rep0|seed20240909,1681,1.0,0.0,2,0.0,B0d,1079,synthetic,30.288367966990243,30.288367966990243,2,0,False,seq_edges_slow,0.8853680199910964,0.8853680199910964,0.0,,,,,,,,8,41216,0.01484860248447205,True,0,8,8,10304,False,moderate|seq_edges_slow|rep0|seed20240909,,,,0,,,,2,8,,0,4
False,moderate|seq_edges_slow|rep0|seed20240909,1560,1.0,0.0,3,0.0,B0d,1047,synthetic,29.693371844179346,29.693371844179346,2,0,False,seq_edges_slow,0.8916643523521959,0.8916643523521959,0.0,,,,,,,,8,41216,0.019506987577639752,True,0,8,8,10304,False,moderate|seq_edges_slow|rep0|seed20240909,,,,0,,,,2,8,,0,4
False,moderate|seq_edges_slow|rep1|seed20240909,1752,1.0,0.0,0,0.0,B0d,1076,synthetic,30.215026070732705,30.215026070732705,2,1,True,seq_edges_slow,0.8892269156875389,0.8892269156875389,0.0,,,,,,,,8,41216,0.021860442546583852,True,0,8,8,10304,False,moderate|seq_edges_slow|rep1|seed20240909,,,,0,,,,2,8,,0,4
False,moderate|seq_edges_slow|rep1|seed20240909,2050,1.0,0.0,1,0.0,B0d,1087,synthetic,30.228992333521006,30.228992333521006,2,1,False,seq_edges_slow,0.8905079329330521,0.8905079329330521,0.0,,,,,,,,8,41216,0.012834821428571428,True,0,8,8,10304,False,moderate|seq_edges_slow|rep1|seed20240909,,,,0,,,,2,8,,0,4
False,moderate|seq_edges_slow|rep1|seed20240909,1753,1.0,0.0,2,0.0,B0d,1079,synthetic,30.288367966990243,30.288367966990243,2,1,False,seq_edges_slow,0.8853680199910964,0.8853680199910964,0.0,,,,,,,,8,41216,0.0242381599378882,True,0,8,8,10304,False,moderate|seq_edges_slow|rep1|seed20240909,,,,0,,,,2,8,,0,4
False,moderate|seq_edges_slow|rep1|seed20240909,1243,1.0,0.0,3,0.0,B0d,1047,synthetic,29.693371844179346,29.693371844179346,2,1,False,seq_edges_slow,0.8916643523521959,0.8916643523521959,0.0,,,,,,,,8,41216,0.004731172360248447,True,0,8,8,10304,False,moderate|seq_edges_slow|rep1|seed20240909,,,,0,,,,2,8,,0,4
False,moderate|seq_edges_slow|rep2|seed20240909,1804,1.0,0.0,0,0.0,B0d,1076,synthetic,30.215026070732705,30.215026070732705,2,2,True,seq_edges_slow,0.8892269156875389,0.8892269156875389,0.0,,,,,,,,8,41216,0.021229619565217392,True,0,8,8,10304,False,moderate|seq_edges_slow|rep2|seed20240909,,,,0,,,,2,8,,0,4
False,moderate|seq_edges_slow|rep2|seed20240909,1484,0.5,0.5,1,0.0,B0d,1087,synthetic,6.9026924086375985,30.407225962548306,2,2,True,seq_edges_slow,0.6857059019284134,0.8931124469706457,0.0,,,,,,4,,4,41216,0.3277610636645963,False,4,8,4,10304,False,moderate|seq_edges_slow|rep2|seed20240909,,,,0,,,,2,8,,0,4
False,moderate|seq_edges_slow|rep2|seed20240909,1008,0.75,0.25,2,0.0,B0d,1079,synthetic,16.396394427132567,30.647251180486187,2,2,False,seq_edges_slow,0.8369829946802058,0.8918545465915935,0.0,,,,,,,2,6,41216,0.03896545031055901,True,2,8,6,10304,False,moderate|seq_edges_slow|rep2|seed20240909,,,,0,,,,2,8,,0,4
False,moderate|seq_edges_slow|rep2|seed20240909,1742,1.0,0.0,3,0.0,B0d,1047,synthetic,29.693371844179346,29.693371844179346,2,2,False,seq_edges_slow,0.8916643523521959,0.8916643523521959,0.0,,,,,,,,8,41216,0.020986995341614908,True,0,8,8,10304,False,moderate|seq_edges_slow|rep2|seed20240909,,,,0,,,,2,8,,0,4
False,moderate|seq_texture_fast|rep0|seed20240909,1296,1.0,0.0,0,0.0,B0d,4625,synthetic,27.15144070427842,27.15144070427842,2,0,True,seq_texture_fast,0.8932951912644751,0.8932951912644751,0.0,,,,,,,,8,41216,0.014266304347826086,True,0,8,8,10304,False,moderate|seq_texture_fast|rep0|seed20240909,,,,0,,,,2,8,,0,4
False,moderate|seq_texture_fast|rep0|seed20240909,1821,0.5,0.5,1,0.0,B0d,4589,synthetic,17.123070715938052,27.125453337661565,2,0,False,seq_texture_fast,0.4810718424472082,0.8903638315037558,0.0,,,,,1,,3,4,41216,0.061966226708074536,True,4,8,4,10304,False,moderate|seq_texture_fast|rep0|seed20240909,,,,0,,,,2,8,,0,4
False,moderate|seq_texture_fast|rep0|seed20240909,1142,1.0,0.0,2,0.0,B0d,4615,synthetic,27.115497466775768,27.115497466775768,2,0,False,seq_texture_fast,0.8937133492759207,0.8937133492759207,0.0,,,,,,,,8,41216,0.007084627329192547,True,0,8,8,10304,False,moderate|seq_texture_fast|rep0|seed20240909,,,,0,,,,2,8,,0,4
False,moderate|seq_texture_fast|rep0|seed20240909,1060,1.0,0.0,3,0.0,B0d,4600,synthetic,27.121727103885224,27.121727103885224,2,0,False,seq_texture_fast,0.8925792942863282,0.8925792942863282,0.0,,,,,,,,8,41216,0.009874805900621118,True,0,8,8,10304,False,moderate|seq_texture_fast|rep0|seed20240909,,,,0,,,,2,8,,0,4
False,moderate|seq_texture_fast|rep1|seed20240909,801,0.5,0.5,0,0.0,B0d,4625,synthetic,16.702103256649764,27.125374828165928,2,1,True,seq_texture_fast,0.47596571532274323,0.8906311086089461,0.0,,,,1,,,3,4,41216,0.05296486801242236,True,4,8,4,10304,False,moderate|seq_texture_fast|rep1|seed20240909,,,,0,,,,2,8,,0,4
False,moderate|seq_texture_fast|rep1|seed20240909,241,0.0,1.0,1,0.0,B0d,4589,synthetic,17.343707651349735,nan,2,1,False,seq_texture_fast,0.09816226242599392,nan,0.0,,,,,,4,4,,41216,0.4040906444099379,False,8,8,0,10304,False,moderate|seq_texture_fast|rep1|seed20240909,,,,0,,,,2,8,,0,4
False,moderate|seq_texture_fast|rep1|seed20240909,1300,1.0,0.0,2,0.0,B0d,4615,synthetic,27.115497466775768,27.115497466775768,2,1,True,seq_texture_fast,0.8937133492759207,0.8937133492759207,0.0,,,,,,,,8,41216,0.009632181677018634,True,0,8,8,10304,False,moderate|seq_texture_fast|rep1|seed20240909,,,,0,,,,2,8,,0,4
False,moderate|seq_texture_fast|rep1|seed20240909,941,0.5,0.5,3,0.0,B0d,4600,synthetic,16.973271939817103,27.13247024495181,2,1,False,seq_texture_fast,0.47064606618885513,0.8849833271331337,0.0,,,,,,,4,4,41216,0.05247961956521739,True,4,8,4,10304,False,moderate|seq_texture_fast|rep1|seed20240909,,,,0,,,,2,8,,0,4
False,moderate|seq_texture_fast|rep2|seed20240909,1226,1.0,0.0,0,0.0,B0d,4625,synthetic,27.15144070427842,27.15144070427842,2,2,True,seq_texture_fast,0.8932951912644751,0.8932951912644751,0.0,,,,,,,,8,41216,0.00938955745341615,True,0,8,8,10304,False,moderate|seq_texture_fast|rep2|seed20240909,,,,0,,,,2,8,,0,4
False,moderate|seq_texture_fast|rep2|seed20240909,622,0.5,0.5,1,0.0,B0d,4589,synthetic,17.123070715938052,27.125453337661565,2,2,True,seq_texture_fast,0.4810718424472082,0.8903638315037558,0.0,,,,,,4,,4,41216,0.37436917701863354,False,4,8,4,10304,False,moderate|seq_texture_fast|rep2|seed20240909,,,,0,,,,2,8,,0,4
False,moderate|seq_texture_fast|rep2|seed20240909,1227,1.0,0.0,2,0.0,B0d,4615,synthetic,27.115497466775768,27.115497466775768,2,2,False,seq_texture_fast,0.8937133492759207,0.8937133492759207,0.0,,,,,,,,8,41216,0.01390236801242236,True,0,8,8,10304,False,moderate|seq_texture_fast|rep2|seed20240909,,,,0,,,,2,8,,0,4
False,moderate|seq_texture_fast|rep2|seed20240909,1591,1.0,0.0,3,0.0,B0d,4600,synthetic,27.121727103885224,27.121727103885224,2,2,False,seq_texture_fast,0.8925792942863282,0.8925792942863282,0.0,,,,,,,,8,41216,0.017274844720496896,True,0,8,8,10304,False,moderate|seq_texture_fast|rep2|seed20240909,,,,0,,,,2,8,,0,4
False,moderate|still_smooth|rep0|seed20240909,0,1.0,0.0,0,0.0,B1,0,synthetic,23.217604250564285,23.217604250564285,1,0,False,still_smooth,0.4194524034684117,0.4194524034684117,0.0,,,,,,,,,0,nan,True,0,0,0,0,False,,"picture displayed, not verified",3.0,1.0,,,,,,,0.9243291735144541,,
False,moderate|still_smooth|rep1|seed20240909,0,1.0,0.0,0,0.0,B1,0,synthetic,22.740632561635973,22.740632561635973,1,1,False,still_smooth,0.42474781156588803,0.42474781156588803,0.0,,,,,,,,,0,nan,True,0,0,0,0,False,,"picture displayed, not verified",3.0,1.0,,,,,,,0.9216866616015003,,
False,moderate|still_smooth|rep2|seed20240909,0,1.0,0.0,0,0.0,B1,0,synthetic,22.807217495441392,22.807217495441392,1,2,False,still_smooth,0.4142562182021135,0.4142562182021135,0.0,,,,,,,,,0,nan,True,0,0,0,0,False,,"picture displayed, not verified",3.0,1.0,,,,,,,0.9535009273662814,,
False,moderate|still_text|rep0|seed20240909,0,1.0,0.0,0,0.0,B1,0,synthetic,17.46334057617711,17.46334057617711,1,0,False,still_text,0.5845665316492813,0.5845665316492813,0.0,,,,,,,,,0,nan,True,0,0,0,0,False,,"picture displayed, not verified",4.0,1.0,,,,,,,0.9359087392728049,,
False,moderate|still_text|rep1|seed20240909,0,1.0,0.0,0,0.0,B1,0,synthetic,18.2109572321898,18.2109572321898,1,1,False,still_text,0.6030688304721483,0.6030688304721483,0.0,,,,,,,,,0,nan,True,0,0,0,0,False,,"picture displayed, not verified",3.0,1.0,,,,,,,0.9466380079996906,,
False,moderate|still_text|rep2|seed20240909,0,1.0,0.0,0,0.0,B1,0,synthetic,18.845715237314497,18.845715237314497,1,2,False,still_text,0.6174670526376649,0.6174670526376649,0.0,,,,,,,,,0,nan,True,0,0,0,0,False,,"picture displayed, not verified",3.0,1.0,,,,,,,0.9322764534039123,,
False,moderate|still_texture|rep0|seed20240909,0,1.0,0.0,0,0.0,B1,0,synthetic,23.944775448818962,23.944775448818962,1,0,False,still_texture,0.8335563121746067,0.8335563121746067,0.0,,,,,,,,,0,nan,True,0,0,0,0,False,,"picture displayed, not verified",3.0,1.0,,,,,,,0.9460640759679084,,
False,moderate|still_texture|rep1|seed20240909,0,1.0,0.0,0,0.0,B1,0,synthetic,22.50481379226592,22.50481379226592,1,1,False,still_texture,0.7988893608228321,0.7988893608228321,0.0,,,,,,,,,0,nan,True,0,0,0,0,False,,"picture displayed, not verified",3.0,1.0,,,,,,,0.9371249833139176,,
False,moderate|still_texture|rep2|seed20240909,0,1.0,0.0,0,0.0,B1,0,synthetic,24.049733662435223,24.049733662435223,1,2,False,still_texture,0.8372214337731974,0.8372214337731974,0.0,,,,,,,,,0,nan,True,0,0,0,0,False,,"picture displayed, not verified",3.0,1.0,,,,,,,0.9391981902778724,,
False,moderate|still_edges|rep0|seed20240909,0,1.0,0.0,0,0.0,B1,0,synthetic,18.586699262247556,18.586699262247556,1,0,False,still_edges,0.4449847610678188,0.4449847610678188,0.0,,,,,,,,,0,nan,True,0,0,0,0,False,,"picture displayed, not verified",3.0,1.0,,,,,,,0.9447986876558235,,
False,moderate|still_edges|rep1|seed20240909,0,1.0,0.0,0,0.0,B1,0,synthetic,18.068961092017272,18.068961092017272,1,1,False,still_edges,0.4395197700181239,0.4395197700181239,0.0,,,,,,,,,0,nan,True,0,0,0,0,False,,"picture displayed, not verified",4.0,1.0,,,,,,,0.9341503499452489,,
False,moderate|still_edges|rep2|seed20240909,0,1.0,0.0,0,0.0,B1,0,synthetic,17.381938051817073,17.381938051817073,1,2,False,still_edges,0.35408820425645926,0.35408820425645926,0.0,,,,,,,,,0,nan,True,0,0,0,0,False,,"picture displayed, not verified",3.0,0.0,,,,,,,0.9103397438062693,,
False,moderate|seq_illumination_slow|rep0|seed20240909,0,1.0,0.0,0,0.0,B1,0,synthetic,20.76907436131899,20.76907436131899,1,0,False,seq_illumination_slow,0.4433224826029026,0.4433224826029026,0.0,,,,,,,,,0,nan,True,0,0,0,0,False,,"picture displayed, not verified",3.0,1.0,,,,,,,0.9475584274538739,,
False,moderate|seq_illumination_slow|rep0|seed20240909,0,1.0,0.0,1,0.0,B1,0,synthetic,18.693989458012258,18.693989458012258,1,0,False,seq_illumination_slow,0.4110534787498073,0.4110534787498073,0.0,,,,,,,,,0,nan,True,0,0,0,0,False,,"picture displayed, not verified",4.0,1.0,,,,,,,0.9446084074829166,,
False,moderate|seq_illumination_slow|rep0|seed20240909,0,1.0,0.0,2,0.0,B1,0,synthetic,17.566212301815174,17.566212301815174,1,0,False,seq_illumination_slow,0.3953075587129935,0.3953075587129935,0.0,,,,,,,,,0,nan,True,0,0,0,0,False,,"picture displayed, not verified",3.0,1.0,,,,,,,0.9441676064646044,,
False,moderate|seq_illumination_slow|rep0|seed20240909,0,1.0,0.0,3,0.0,B1,0,synthetic,12.505657419746631,12.505657419746631,1,0,False,seq_illumination_slow,0.2833525312219574,0.2833525312219574,0.0,,,,,,,,,0,nan,True,0,0,0,0,False,,"picture displayed, not verified",3.0,-3.0,,,,,,,0.7076280150528095,,
False,moderate|seq_illumination_slow|rep1|seed20240909,0,1.0,0.0,0,0.0,B1,0,synthetic,19.336044772398257,19.336044772398257,1,1,False,seq_illumination_slow,0.42550314827560576,0.42550314827560576,0.0,,,,,,,,,0,nan,True,0,0,0,0,False,,"picture displayed, not verified",4.0,1.0,,,,,,,0.9340598726945697,,
False,moderate|seq_illumination_slow|rep1|seed20240909,0,1.0,0.0,1,0.0,B1,0,synthetic,20.983100608886936,20.983100608886936,1,1,False,seq_illumination_slow,0.4530632650572932,0.4530632650572932,0.0,,,,,,,,,0,nan,True,0,0,0,0,False,,"picture displayed, not verified",3.0,1.0,,,,,,,0.9534929166449574,,
False,moderate|seq_illumination_slow|rep1|seed20240909,0,1.0,0.0,2,0.0,B1,0,synthetic,19.766893511097784,19.766893511097784,1,1,False,seq_illumination_slow,0.4276576138283472,0.4276576138283472,0.0,,,,,,,,,0,nan,True,0,0,0,0,False,,"picture displayed, not verified",3.0,1.0,,,,,,,0.9203628308144292,,
False,moderate|seq_illumination_slow|rep1|seed20240909,0,1.0,0.0,3,0.0,B1,0,synthetic,18.484280007072357,18.484280007072357,1,1,False,seq_illumination_slow,0.43048635546373437,0.43048635546373437,0.0,,,,,,,,,0,nan,True,0,0,0,0,False,,"picture displayed, not verified",4.0,1.0,,,,,,,0.927065748870536,,
False,moderate|seq_illumination_slow|rep2|seed20240909,0,1.0,0.0,0,0.0,B1,0,synthetic,21.062216461154804,21.062216461154804,1,2,False,seq_illumination_slow,0.4531513398249996,0.4531513398249996,0.0,,,,,,,,,0,nan,True,0,0,0,0,False,,"picture displayed, not verified",3.0,1.0,,,,,,,0.9803922790420901,,
False,moderate|seq_illumination_slow|rep2|seed20240909,0,1.0,0.0,1,0.0,B1,0,synthetic,20.839822894626767,20.839822894626767,1,2,False,seq_illumination_slow,0.453672743264423,0.453672743264423,0.0,,,,,,,,,0,nan,True,0,0,0,0,False,,"picture displayed, not verified",3.0,1.0,,,,,,,0.9342751619974685,,
False,moderate|seq_illumination_slow|rep2|seed20240909,0,1.0,0.0,2,0.0,B1,0,synthetic,20.5088612547128,20.5088612547128,1,2,False,seq_illumination_slow,0.45204493411033325,0.45204493411033325,0.0,,,,,,,,,0,nan,True,0,0,0,0,False,,"picture displayed, not verified",3.0,1.0,,,,,,,0.9395908347220379,,
False,moderate|seq_illumination_slow|rep2|seed20240909,0,1.0,0.0,3,0.0,B1,0,synthetic,18.37517756297484,18.37517756297484,1,2,False,seq_illumination_slow,0.4246511107125562,0.4246511107125562,0.0,,,,,,,,,0,nan,True,0,0,0,0,False,,"picture displayed, not verified",4.0,1.0,,,,,,,0.9271514962393117,,
False,moderate|seq_edges_slow|rep0|seed20240909,0,1.0,0.0,0,0.0,B1,0,synthetic,17.724973020946646,17.724973020946646,1,0,False,seq_edges_slow,0.41984733471332447,0.41984733471332447,0.0,,,,,,,,,0,nan,True,0,0,0,0,False,,"picture displayed, not verified",3.0,1.0,,,,,,,0.9318663279016617,,
False,moderate|seq_edges_slow|rep0|seed20240909,0,1.0,0.0,1,0.0,B1,0,synthetic,20.002004182156536,20.002004182156536,1,0,False,seq_edges_slow,0.46782639429020834,0.46782639429020834,0.0,,,,,,,,,0,nan,True,0,0,0,0,False,,"picture displayed, not verified",3.0,1.0,,,,,,,0.9480283389813358,,
False,moderate|seq_edges_slow|rep0|seed20240909,0,1.0,0.0,2,0.0,B1,0,synthetic,18.396176958695968,18.396176958695968,1,0,False,seq_edges_slow,0.446666607329653,0.446666607329653,0.0,,,,,,,,,0,nan,True,0,0,0,0,False,,"picture displayed, not verified",4.0,1.0,,,,,,,0.9346133500115779,,
False,moderate|seq_edges_slow|rep0|seed20240909,0,1.0,0.0,3,0.0,B1,0,synthetic,20.285113120447654,20.285113120447654,1,0,False,seq_edges_slow,0.474547676147097,0.474547676147097,0.0,,,,,,,,,0,nan,True,0,0,0,0,False,,"picture displayed, not verified",3.0,1.0,,,,,,,0.9587508720895066,,
False,moderate|seq_edges_slow|rep1|seed20240909,0,1.0,0.0,0,0.0,B1,0,synthetic,17.31256411671215,17.31256411671215,1,1,False,seq_edges_slow,0.419958615059965,0.419958615059965,0.0,,,,,,,,,0,nan,True,0,0,0,0,False,,"picture displayed, not verified",4.0,1.0,,,,,,,0.9399562678942266,,
False,moderate|seq_edges_slow|rep1|seed20240909,0,1.0,0.0,1,0.0,B1,0,synthetic,18.537173015604434,18.537173015604434,1,1,False,seq_edges_slow,0.43982770631105667,0.43982770631105667,0.0,,,,,,,,,0,nan,True,0,0,0,0,False,,"picture displayed, not verified",3.0,1.0,,,,,,,0.9278577479665072,,
False,moderate|seq_edges_slow|rep1|seed20240909,0,1.0,0.0,2,0.0,B1,0,synthetic,17.450486157952326,17.450486157952326,1,1,False,seq_edges_slow,0.42558745722912256,0.42558745722912256,0.0,,,,,,,,,0,nan,True,0,0,0,0,False,,"picture displayed, not verified",4.0,1.0,,,,,,,0.9321116143386826,,
False,moderate|seq_edges_slow|rep1|seed20240909,0,1.0,0.0,3,0.0,B1,0,synthetic,19.419383934738402,19.419383934738402,1,1,False,seq_edges_slow,0.4551691691519244,0.4551691691519244,0.0,,,,,,,,,0,nan,True,0,0,0,0,False,,"picture displayed, not verified",3.0,1.0,,,,,,,0.9442130935753993,,
False,moderate|seq_edges_slow|rep2|seed20240909,0,1.0,0.0,0,0.0,B1,0,synthetic,16.983294591814907,16.983294591814907,1,2,False,seq_edges_slow,0.39979116584023267,0.39979116584023267,0.0,,,,,,,,,0,nan,True,0,0,0,0,False,,"picture displayed, not verified",3.0,1.0,,,,,,,0.9176235587262037,,
False,moderate|seq_edges_slow|rep2|seed20240909,0,1.0,0.0,1,0.0,B1,0,synthetic,11.443874063549508,11.443874063549508,1,2,False,seq_edges_slow,0.2639185360643172,0.2639185360643172,0.0,,,,,,,,,0,nan,True,0,0,0,0,False,,"picture displayed, not verified",4.0,5.0,,,,,,,0.5097294619251899,,
False,moderate|seq_edges_slow|rep2|seed20240909,0,1.0,0.0,2,0.0,B1,0,synthetic,18.422307721323897,18.422307721323897,1,2,False,seq_edges_slow,0.42724086118796495,0.42724086118796495,0.0,,,,,,,,,0,nan,True,0,0,0,0,False,,"picture displayed, not verified",3.0,1.0,,,,,,,0.9463037313948496,,
False,moderate|seq_edges_slow|rep2|seed20240909,0,1.0,0.0,3,0.0,B1,0,synthetic,16.668305289184083,16.668305289184083,1,2,False,seq_edges_slow,0.4075570259050691,0.4075570259050691,0.0,,,,,,,,,0,nan,True,0,0,0,0,False,,"picture displayed, not verified",3.0,1.0,,,,,,,0.9308717122145849,,
False,moderate|seq_texture_fast|rep0|seed20240909,0,1.0,0.0,0,0.0,B1,0,synthetic,24.18124942988673,24.18124942988673,1,0,False,seq_texture_fast,0.8399588557804473,0.8399588557804473,0.0,,,,,,,,,0,nan,True,0,0,0,0,False,,"picture displayed, not verified",3.0,1.0,,,,,,,0.9715373124333624,,
False,moderate|seq_texture_fast|rep0|seed20240909,0,1.0,0.0,1,0.0,B1,0,synthetic,21.987285582065283,21.987285582065283,1,0,False,seq_texture_fast,0.7761823318328093,0.7761823318328093,0.0,,,,,,,,,0,nan,True,0,0,0,0,False,,"picture displayed, not verified",3.0,1.0,,,,,,,0.9516122088605401,,
False,moderate|seq_texture_fast|rep0|seed20240909,0,1.0,0.0,2,0.0,B1,0,synthetic,22.945917776376056,22.945917776376056,1,0,False,seq_texture_fast,0.8082164598942336,0.8082164598942336,0.0,,,,,,,,,0,nan,True,0,0,0,0,False,,"picture displayed, not verified",3.0,1.0,,,,,,,0.9531470633975521,,
False,moderate|seq_texture_fast|rep0|seed20240909,0,1.0,0.0,3,0.0,B1,0,synthetic,22.969693098997624,22.969693098997624,1,0,False,seq_texture_fast,0.8077285943727607,0.8077285943727607,0.0,,,,,,,,,0,nan,True,0,0,0,0,False,,"picture displayed, not verified",3.0,1.0,,,,,,,0.938033047388322,,
False,moderate|seq_texture_fast|rep1|seed20240909,0,1.0,0.0,0,0.0,B1,0,synthetic,11.205023088449158,11.205023088449158,1,1,False,seq_texture_fast,0.4107237433423108,0.4107237433423108,0.0,,,,,,,,,0,nan,True,0,0,0,0,False,,"picture displayed, not verified",3.0,1.0,,,,,,,0.3532392354898712,,
False,moderate|seq_texture_fast|rep1|seed20240909,0,1.0,0.0,1,0.0,B1,0,synthetic,21.426855717555377,21.426855717555377,1,1,False,seq_texture_fast,0.7584844145943966,0.7584844145943966,0.0,,,,,,,,,0,nan,True,0,0,0,0,False,,"picture displayed, not verified",3.0,1.0,,,,,,,0.9477089234095127,,
False,moderate|seq_texture_fast|rep1|seed20240909,0,1.0,0.0,2,0.0,B1,0,synthetic,24.005265098028275,24.005265098028275,1,1,False,seq_texture_fast,0.8326702132728744,0.8326702132728744,0.0,,,,,,,,,0,nan,True,0,0,0,0,False,,"picture displayed, not verified",3.0,1.0,,,,,,,0.9531721451126404,,
False,moderate|seq_texture_fast|rep1|seed20240909,0,1.0,0.0,3,0.0,B1,0,synthetic,22.53800113364853,22.53800113364853,1,1,False,seq_texture_fast,0.7912854537003137,0.7912854537003137,0.0,,,,,,,,,0,nan,True,0,0,0,0,False,,"picture displayed, not verified",3.0,1.0,,,,,,,0.9262099124647649,,
False,moderate|seq_texture_fast|rep2|seed20240909,0,1.0,0.0,0,0.0,B1,0,synthetic,24.097571189145594,24.097571189145594,1,2,False,seq_texture_fast,0.8397924793423063,0.8397924793423063,0.0,,,,,,,,,0,nan,True,0,0,0,0,False,,"picture displayed, not verified",3.0,1.0,,,,,,,0.9272087278408606,,
False,moderate|seq_texture_fast|rep2|seed20240909,0,1.0,0.0,1,0.0,B1,0,synthetic,9.411354727579079,9.411354727579079,1,2,False,seq_texture_fast,0.16412397474065257,0.16412397474065257,0.0,,,,,,,,,0,nan,True,0,0,0,0,False,,"picture displayed, not verified",3.0,6.0,,,,,,,0.42358616834091967,,
False,moderate|seq_texture_fast|rep2|seed20240909,0,1.0,0.0,2,0.0,B1,0,synthetic,22.25091877793205,22.25091877793205,1,2,False,seq_texture_fast,0.7902231902425451,0.7902231902425451,0.0,,,,,,,,,0,nan,True,0,0,0,0,False,,"picture displayed, not verified",3.0,1.0,,,,,,,0.9518943518826504,,
False,moderate|seq_texture_fast|rep2|seed20240909,0,1.0,0.0,3,0.0,B1,0,synthetic,17.173790474459796,17.173790474459796,1,2,False,seq_texture_fast,0.44478564842934815,0.44478564842934815,0.0,,,,,,,,,0,nan,True,0,0,0,0,False,,"picture displayed, not verified",3.0,-2.0,,,,,,,0.7266455206212773,,
False,moderate|still_smooth|rep0|seed20240909,0,1.0,0.0,0,0.0,B2,0,synthetic,22.89059226333082,22.89059226333082,1,0,False,still_smooth,0.4164377562858805,0.4164377562858805,0.0,,,,,,,,,0,nan,True,0,0,0,0,False,,"picture displayed, not verified",3.0,1.0,,,,,,,0.9243291735144541,,
False,moderate|still_smooth|rep1|seed20240909,0,1.0,0.0,0,0.0,B2,0,synthetic,22.900829059228837,22.900829059228837,1,1,False,still_smooth,0.42220402374452726,0.42220402374452726,0.0,,,,,,,,,0,nan,True,0,0,0,0,False,,"picture displayed, not verified",3.0,1.0,,,,,,,0.9216866616015003,,
False,moderate|still_smooth|rep2|seed20240909,0,1.0,0.0,0,0.0,B2,0,synthetic,22.30654767910897,22.30654767910897,1,2,False,still_smooth,0.4098432234928635,0.4098432234928635,0.0,,,,,,,,,0,nan,True,0,0,0,0,False,,"picture displayed, not verified",3.0,1.0,,,,,,,0.9535009273662814,,
False,moderate|still_text|rep0|seed20240909,0,1.0,0.0,0,0.0,B2,0,synthetic,17.124686038289592,17.124686038289592,1,0,False,still_text,0.571633684168572,0.571633684168572,0.0,,,,,,,,,0,nan,True,0,0,0,0,False,,"picture displayed, not verified",4.0,1.0,,,,,,,0.9359087392728049,,
False,moderate|still_text|rep1|seed20240909,0,1.0,0.0,0,0.0,B2,0,synthetic,18.026135666976977,18.026135666976977,1,1,False,still_text,0.5988348006585195,0.5988348006585195,0.0,,,,,,,,,0,nan,True,0,0,0,0,False,,"picture displayed, not verified",3.0,1.0,,,,,,,0.9466380079996906,,
False,moderate|still_text|rep2|seed20240909,0,1.0,0.0,0,0.0,B2,0,synthetic,18.66013337502293,18.66013337502293,1,2,False,still_text,0.6138092592211563,0.6138092592211563,0.0,,,,,,,,,0,nan,True,0,0,0,0,False,,"picture displayed, not verified",3.0,1.0,,,,,,,0.9322764534039123,,
False,moderate|still_texture|rep0|seed20240909,0,1.0,0.0,0,0.0,B2,0,synthetic,23.885233764444358,23.885233764444358,1,0,False,still_texture,0.8315527789987724,0.8315527789987724,0.0,,,,,,,,,0,nan,True,0,0,0,0,False,,"picture displayed, not verified",3.0,1.0,,,,,,,0.9460640759679084,,
False,moderate|still_texture|rep1|seed20240909,0,1.0,0.0,0,0.0,B2,0,synthetic,22.457332487696874,22.457332487696874,1,1,False,still_texture,0.7978231692458437,0.7978231692458437,0.0,,,,,,,,,0,nan,True,0,0,0,0,False,,"picture displayed, not verified",3.0,1.0,,,,,,,0.9371249833139176,,
False,moderate|still_texture|rep2|seed20240909,0,1.0,0.0,0,0.0,B2,0,synthetic,23.999056115560464,23.999056115560464,1,2,False,still_texture,0.8355313550537896,0.8355313550537896,0.0,,,,,,,,,0,nan,True,0,0,0,0,False,,"picture displayed, not verified",3.0,1.0,,,,,,,0.9391981902778724,,
False,moderate|still_edges|rep0|seed20240909,0,1.0,0.0,0,0.0,B2,0,synthetic,18.798985387848784,18.798985387848784,1,0,False,still_edges,0.4521900250568733,0.4521900250568733,0.0,,,,,,,,,0,nan,True,0,0,0,0,False,,"picture displayed, not verified",3.0,1.0,,,,,,,0.9447986876558235,,
False,moderate|still_edges|rep1|seed20240909,0,1.0,0.0,0,0.0,B2,0,synthetic,18.49188265054496,18.49188265054496,1,1,False,still_edges,0.44986324376506537,0.44986324376506537,0.0,,,,,,,,,0,nan,True,0,0,0,0,False,,"picture displayed, not verified",4.0,1.0,,,,,,,0.9341503499452489,,
False,moderate|still_edges|rep2|seed20240909,0,1.0,0.0,0,0.0,B2,0,synthetic,17.34160621107521,17.34160621107521,1,2,False,still_edges,0.35957837865082437,0.35957837865082437,0.0,,,,,,,,,0,nan,True,0,0,0,0,False,,"picture displayed, not verified",3.0,0.0,,,,,,,0.9103397438062693,,
False,moderate|seq_illumination_slow|rep0|seed20240909,0,1.0,0.0,0,0.0,B2,0,synthetic,20.997550451386438,20.997550451386438,1,0,False,seq_illumination_slow,0.450744363056972,0.450744363056972,0.0,,,,,,,,,0,nan,True,0,0,0,0,False,,"picture displayed, not verified",3.0,1.0,,,,,,,0.9475584274538739,,
False,moderate|seq_illumination_slow|rep0|seed20240909,0,1.0,0.0,1,0.0,B2,0,synthetic,18.699401739820686,18.699401739820686,1,0,False,seq_illumination_slow,0.4068048579207324,0.4068048579207324,0.0,,,,,,,,,0,nan,True,0,0,0,0,False,,"picture displayed, not verified",4.0,1.0,,,,,,,0.9446084074829166,,
False,moderate|seq_illumination_slow|rep0|seed20240909,0,1.0,0.0,2,0.0,B2,0,synthetic,17.59534140824924,17.59534140824924,1,0,False,seq_illumination_slow,0.4025260726146623,0.4025260726146623,0.0,,,,,,,,,0,nan,True,0,0,0,0,False,,"picture displayed, not verified",3.0,1.0,,,,,,,0.9441676064646044,,
False,moderate|seq_illumination_slow|rep0|seed20240909,0,1.0,0.0,3,0.0,B2,0,synthetic,12.395756738662929,12.395756738662929,1,0,False,seq_illumination_slow,0.2803649746547949,0.2803649746547949,0.0,,,,,,,,,0,nan,True,0,0,0,0,False,,"picture displayed, not verified",3.0,-3.0,,,,,,,0.7076280150528095,,
False,moderate|seq_illumination_slow|rep1|seed20240909,0,1.0,0.0,0,0.0,B2,0,synthetic,19.828783399430883,19.828783399430883,1,1,False,seq_illumination_slow,0.4343305614209869,0.4343305614209869,0.0,,,,,,,,,0,nan,True,0,0,0,0,False,,"picture displayed, not verified",4.0,1.0,,,,,,,0.9340598726945697,,
False,moderate|seq_illumination_slow|rep1|seed20240909,0,1.0,0.0,1,0.0,B2,0,synthetic,20.77777201933143,20.77777201933143,1,1,False,seq_illumination_slow,0.44998580368117475,0.44998580368117475,0.0,,,,,,,,,0,nan,True,0,0,0,0,False,,"picture displayed, not verified",3.0,1.0,,,,,,,0.9534929166449574,,
False,moderate|seq_illumination_slow|rep1|seed20240909,0,1.0,0.0,2,0.0,B2,0,synthetic,19.7942216652475,19.7942216652475,1,1,False,seq_illumination_slow,0.4388806646802908,0.4388806646802908,0.0,,,,,,,,,0,nan,True,0,0,0,0,False,,"picture displayed, not verified",3.0,1.0,,,,,,,0.9203628308144292,,
False,moderate|seq_illumination_slow|rep1|seed20240909,0,1.0,0.0,3,0.0,B2,0,synthetic,18.627899827453525,18.627899827453525,1,1,False,seq_illumination_slow,0.42908082861657415,0.42908082861657415,0.0,,,,,,,,,0,nan,True,0,0,0,0,False,,"picture displayed, not verified",4.0,1.0,,,,,,,0.927065748870536,,
False,moderate|seq_illumination_slow|rep2|seed20240909,0,1.0,0.0,0,0.0,B2,0,synthetic,21.292783032322777,21.292783032322777,1,2,False,seq_illumination_slow,0.4607362226108869,0.4607362226108869,0.0,,,,,,,,,0,nan,True,0,0,0,0,False,,"picture displayed, not verified",3.0,1.0,,,,,,,0.9803922790420901,,
False,moderate|seq_illumination_slow|rep2|seed20240909,0,1.0,0.0,1,0.0,B2,0,synthetic,20.618766962495272,20.618766962495272,1,2,False,seq_illumination_slow,0.44829343785970993,0.44829343785970993,0.0,,,,,,,,,0,nan,True,0,0,0,0,False,,"picture displayed, not verified",3.0,1.0,,,,,,,0.9342751619974685,,
False,moderate|seq_illumination_slow|rep2|seed20240909,0,1.0,0.0,2,0.0,B2,0,synthetic,20.66316020473643,20.66316020473643,1,2,False,seq_illumination_slow,0.45884987872376787,0.45884987872376787,0.0,,,,,,,,,0,nan,True,0,0,0,0,False,,"picture displayed, not verified",3.0,1.0,,,,,,,0.9395908347220379,,
False,moderate|seq_illumination_slow|rep2|seed20240909,0,1.0,0.0,3,0.0,B2,0,synthetic,18.581298120684597,18.581298120684597,1,2,False,seq_illumination_slow,0.4251602557783885,0.4251602557783885,0.0,,,,,,,,,0,nan,True,0,0,0,0,False,,"picture displayed, not verified",4.0,1.0,,,,,,,0.9271514962393117,,
False,moderate|seq_edges_slow|rep0|seed20240909,0,1.0,0.0,0,0.0,B2,0,synthetic,17.771172144546924,17.771172144546924,1,0,False,seq_edges_slow,0.4292292408642296,0.4292292408642296,0.0,,,,,,,,,0,nan,True,0,0,0,0,False,,"picture displayed, not verified",3.0,1.0,,,,,,,0.9318663279016617,,
False,moderate|seq_edges_slow|rep0|seed20240909,0,1.0,0.0,1,0.0,B2,0,synthetic,19.96643180867782,19.96643180867782,1,0,False,seq_edges_slow,0.46811672112942415,0.46811672112942415,0.0,,,,,,,,,0,nan,True,0,0,0,0,False,,"picture displayed, not verified",3.0,1.0,,,,,,,0.9480283389813358,,
False,moderate|seq_edges_slow|rep0|seed20240909,0,1.0,0.0,2,0.0,B2,0,synthetic,18.82249732376635,18.82249732376635,1,0,False,seq_edges_slow,0.4621067462875887,0.4621067462875887,0.0,,,,,,,,,0,nan,True,0,0,0,0,False,,"picture displayed, not verified",4.0,1.0,,,,,,,0.9346133500115779,,
False,moderate|seq_edges_slow|rep0|seed20240909,0,1.0,0.0,3,0.0,B2,0,synthetic,20.328970855178635,20.328970855178635,1,0,False,seq_edges_slow,0.4691215793818051,0.4691215793818051,0.0,,,,,,,,,0,nan,True,0,0,0,0,False,,"picture displayed, not verified",3.0,1.0,,,,,,,0.9587508720895066,,
False,moderate|seq_edges_slow|rep1|seed20240909,0,1.0,0.0,0,0.0,B2,0,synthetic,17.673260776940978,17.673260776940978,1,1,False,seq_edges_slow,0.4261070017492689,0.4261070017492689,0.0,,,,,,,,,0,nan,True,0,0,0,0,False,,"picture displayed, not verified",4.0,1.0,,,,,,,0.9399562678942266,,
False,moderate|seq_edges_slow|rep1|seed20240909,0,1.0,0.0,1,0.0,B2,0,synthetic,18.558079675070307,18.558079675070307,1,1,False,seq_edges_slow,0.4390660808546543,0.4390660808546543,0.0,,,,,,,,,0,nan,True,0,0,0,0,False,,"picture displayed, not verified",3.0,1.0,,,,,,,0.9278577479665072,,
False,moderate|seq_edges_slow|rep1|seed20240909,0,1.0,0.0,2,0.0,B2,0,synthetic,17.696461154792978,17.696461154792978,1,1,False,seq_edges_slow,0.4384185722639908,0.4384185722639908,0.0,,,,,,,,,0,nan,True,0,0,0,0,False,,"picture displayed, not verified",4.0,1.0,,,,,,,0.9321116143386826,,
False,moderate|seq_edges_slow|rep1|seed20240909,0,1.0,0.0,3,0.0,B2,0,synthetic,19.450889190773314,19.450889190773314,1,1,False,seq_edges_slow,0.45169069492759273,0.45169069492759273,0.0,,,,,,,,,0,nan,True,0,0,0,0,False,,"picture displayed, not verified",3.0,1.0,,,,,,,0.9442130935753993,,
False,moderate|seq_edges_slow|rep2|seed20240909,0,1.0,0.0,0,0.0,B2,0,synthetic,17.111313839876544,17.111313839876544,1,2,False,seq_edges_slow,0.4084514198994875,0.4084514198994875,0.0,,,,,,,,,0,nan,True,0,0,0,0,False,,"picture displayed, not verified",3.0,1.0,,,,,,,0.9176235587262037,,
False,moderate|seq_edges_slow|rep2|seed20240909,0,1.0,0.0,1,0.0,B2,0,synthetic,11.190256580088068,11.190256580088068,1,2,False,seq_edges_slow,0.25754967631936204,0.25754967631936204,0.0,,,,,,,,,0,nan,True,0,0,0,0,False,,"picture displayed, not verified",4.0,5.0,,,,,,,0.5202319664738763,,
False,moderate|seq_edges_slow|rep2|seed20240909,0,1.0,0.0,2,0.0,B2,0,synthetic,18.56469254643876,18.56469254643876,1,2,False,seq_edges_slow,0.442134831273478,0.442134831273478,0.0,,,,,,,,,0,nan,True,0,0,0,0,False,,"picture displayed, not verified",3.0,1.0,,,,,,,0.9463037313948496,,
False,moderate|seq_edges_slow|rep2|seed20240909,0,1.0,0.0,3,0.0,B2,0,synthetic,16.64345993128435,16.64345993128435,1,2,False,seq_edges_slow,0.4051450719385361,0.4051450719385361,0.0,,,,,,,,,0,nan,True,0,0,0,0,False,,"picture displayed, not verified",3.0,1.0,,,,,,,0.9308717122145849,,
False,moderate|seq_texture_fast|rep0|seed20240909,0,1.0,0.0,0,0.0,B2,0,synthetic,24.136455870125346,24.136455870125346,1,0,False,seq_texture_fast,0.8378601979602399,0.8378601979602399,0.0,,,,,,,,,0,nan,True,0,0,0,0,False,,"picture displayed, not verified",3.0,1.0,,,,,,,0.9715373124333624,,
False,moderate|seq_texture_fast|rep0|seed20240909,0,1.0,0.0,1,0.0,B2,0,synthetic,21.993494836683514,21.993494836683514,1,0,False,seq_texture_fast,0.7741824391228495,0.7741824391228495,0.0,,,,,,,,,0,nan,True,0,0,0,0,False,,"picture displayed, not verified",3.0,1.0,,,,,,,0.9516122088605401,,
False,moderate|seq_texture_fast|rep0|seed20240909,0,1.0,0.0,2,0.0,B2,0,synthetic,22.89050211205979,22.89050211205979,1,0,False,seq_texture_fast,0.8080273934738503,0.8080273934738503,0.0,,,,,,,,,0,nan,True,0,0,0,0,False,,"picture displayed, not verified",3.0,1.0,,,,,,,0.9531470633975521,,
False,moderate|seq_texture_fast|rep0|seed20240909,0,1.0,0.0,3,0.0,B2,0,synthetic,22.90016316560587,22.90016316560587,1,0,False,seq_texture_fast,0.8074269633510385,0.8074269633510385,0.0,,,,,,,,,0,nan,True,0,0,0,0,False,,"picture displayed, not verified",3.0,1.0,,,,,,,0.938033047388322,,
False,moderate|seq_texture_fast|rep1|seed20240909,0,1.0,0.0,0,0.0,B2,0,synthetic,11.199304973913174,11.199304973913174,1,1,False,seq_texture_fast,0.41251013926936536,0.41251013926936536,0.0,,,,,,,,,0,nan,True,0,0,0,0,False,,"picture displayed, not verified",3.0,1.0,,,,,,,0.3532392354898712,,
False,moderate|seq_texture_fast|rep1|seed20240909,0,1.0,0.0,1,0.0,B2,0,synthetic,21.467874073034782,21.467874073034782,1,1,False,seq_texture_fast,0.7589478688972923,0.7589478688972923,0.0,,,,,,,,,0,nan,True,0,0,0,0,False,,"picture displayed, not verified",3.0,1.0,,,,,,,0.9477089234095127,,
False,moderate|seq_texture_fast|rep1|seed20240909,0,1.0,0.0,2,0.0,B2,0,synthetic,24.11150173865326,24.11150173865326,1,1,False,seq_texture_fast,0.8358367674742584,0.8358367674742584,0.0,,,,,,,,,0,nan,True,0,0,0,0,False,,"picture displayed, not verified",3.0,1.0,,,,,,,0.9531721451126404,,
False,moderate|seq_texture_fast|rep1|seed20240909,0,1.0,0.0,3,0.0,B2,0,synthetic,22.507076915593597,22.507076915593597,1,1,False,seq_texture_fast,0.793758099987031,0.793758099987031,0.0,,,,,,,,,0,nan,True,0,0,0,0,False,,"picture displayed, not verified",3.0,1.0,,,,,,,0.9262099124647649,,
False,moderate|seq_texture_fast|rep2|seed20240909,0,1.0,0.0,0,0.0,B2,0,synthetic,24.070105659528952,24.070105659528952,1,2,False,seq_texture_fast,0.8381949138981423,0.8381949138981423,0.0,,,,,,,,,0,nan,True,0,0,0,0,False,,"picture displayed, not verified",3.0,1.0,,,,,,,0.9272087278408606,,
False,moderate|seq_texture_fast|rep2|seed20240909,0,1.0,0.0,1,0.0,B2,0,synthetic,9.43252003229629,9.43252003229629,1,2,False,seq_texture_fast,0.16636087967487959,0.16636087967487959,0.0,,,,,,,,,0,nan,True,0,0,0,0,False,,"picture displayed, not verified",3.0,6.0,,,,,,,0.4034153532543154,,
False,moderate|seq_texture_fast|rep2|seed20240909,0,1.0,0.0,2,0.0,B2,0,synthetic,22.375667965610738,22.375667965610738,1,2,False,seq_texture_fast,0.7946765444292222,0.7946765444292222,0.0,,,,,,,,,0,nan,True,0,0,0,0,False,,"picture displayed, not verified",3.0,1.0,,,,,,,0.9518943518826504,,
False,moderate|seq_texture_fast|rep2|seed20240909,0,1.0,0.0,3,0.0,B2,0,synthetic,17.101737328663624,17.101737328663624,1,2,False,seq_texture_fast,0.44072373629059874,0.44072373629059874,0.0,,,,,,,,,0,nan,True,0,0,0,0,False,,"picture displayed, not verified",3.0,-2.0,,,,,,,0.7266455206212773,,
True,moderate|still_smooth|rep0|seed20240909,0,1.0,0.0,0,0.0,B3,538,synthetic,36.483156884500104,36.483156884500104,1,0,False,still_smooth,0.8870704724556445,0.8870704724556445,0.0,,1,1,3,,,,,5152,0.0265916149068323,True,0,1,1,1288,True,moderate|still_smooth|rep0|seed20240909,,,,,1,1,True,,,,,
True,moderate|still_smooth|rep1|seed20240909,0,1.0,0.0,0,0.0,B3,538,synthetic,36.483156884500104,36.483156884500104,1,1,False,still_smooth,0.8870704724556445,0.8870704724556445,0.0,,1,1,3,,,,,5152,0.01591614906832298,True,0,1,1,1288,True,moderate|still_smooth|rep1|seed20240909,,,,,1,1,True,,,,,
True,moderate|still_smooth|rep2|seed20240909,0,1.0,0.0,0,0.0,B3,538,synthetic,36.483156884500104,36.483156884500104,1,2,False,still_smooth,0.8870704724556445,0.8870704724556445,0.0,,1,1,3,,,,,5152,0.023291925465838508,True,0,1,1,1288,True,moderate|still_smooth|rep2|seed20240909,,,,,1,1,True,,,,,
True,moderate|still_text|rep0|seed20240909,0,1.0,0.0,0,0.0,B3,2579,synthetic,25.153143747579776,25.153143747579776,2,0,False,still_text,0.8983801607008477,0.8983801607008477,0.0,,5,1,3,,,,,25760,0.019332298136645963,True,0,5,5,6440,True,moderate|still_text|rep0|seed20240909,,,,,5,5,True,,,,,
True,moderate|still_text|rep1|seed20240909,0,0.0,1.0,0,0.0,B3,2579,synthetic,7.825236389058457,nan,2,1,False,still_text,0.572437778737342,nan,0.0,,4,,3,,,1,,25760,0.024456521739130436,True,1,5,4,6440,True,moderate|still_text|rep1|seed20240909,,,,,5,4,False,,,,,
True,moderate|still_text|rep2|seed20240909,0,0.0,1.0,0,0.0,B3,2579,synthetic,7.825236389058457,nan,2,2,False,still_text,0.572437778737342,nan,0.0,,4,,1,2,,1,,25760,0.02449534161490683,True,1,5,4,6440,True,moderate|still_text|rep2|seed20240909,,,,,5,4,False,,,,,
True,moderate|still_texture|rep0|seed20240909,0,1.0,0.0,0,0.0,B3,4222,synthetic,27.15144070427842,27.15144070427842,2,0,False,still_texture,0.8932951912644751,0.8932951912644751,0.0,,7,1,1,,,,,36064,0.013143300798580301,True,0,7,7,9016,True,moderate|still_texture|rep0|seed20240909,,,,,7,7,True,,,,,
True,moderate|still_texture|rep1|seed20240909,0,1.0,0.0,0,0.0,B3,4222,synthetic,27.15144070427842,27.15144070427842,2,1,False,still_texture,0.8932951912644751,0.8932951912644751,0.0,,7,1,1,,,,,36064,0.029281277728482696,True,0,7,7,9016,True,moderate|still_texture|rep1|seed20240909,,,,,7,7,True,,,,,
True,moderate|still_texture|rep2|seed20240909,0,0.0,1.0,0,0.0,B3,4222,synthetic,17.37989689699217,nan,2,2,False,still_texture,0.09864743173082263,nan,0.0,,3,,1,,,4,,36064,0.031444099378881984,True,4,7,3,9016,True,moderate|still_texture|rep2|seed20240909,,,,,7,3,False,,,,,
True,moderate|still_edges|rep0|seed20240909,0,1.0,0.0,0,0.0,B3,573,synthetic,30.215026070732705,30.215026070732705,1,0,False,still_edges,0.8892269156875389,0.8892269156875389,0.0,,1,1,3,,,,,5152,0.014945652173913044,True,0,1,1,1288,True,moderate|still_edges|rep0|seed20240909,,,,,1,1,True,,,,,
True,moderate|still_edges|rep1|seed20240909,0,1.0,0.0,0,0.0,B3,573,synthetic,30.215026070732705,30.215026070732705,1,1,False,still_edges,0.8892269156875389,0.8892269156875389,0.0,,1,1,3,,,,,5152,0.04736024844720497,True,0,1,1,1288,True,moderate|still_edges|rep1|seed20240909,,,,,1,1,True,,,,,
True,moderate|still_edges|rep2|seed20240909,0,1.0,0.0,0,0.0,B3,573,synthetic,30.215026070732705,30.215026070732705,1,2,False,still_edges,0.8892269156875389,0.8892269156875389,0.0,,1,1,3,,,,,5152,0.024650621118012424,True,0,1,1,1288,True,moderate|still_edges|rep2|seed20240909,,,,,1,1,True,,,,,
True,moderate|seq_illumination_slow|rep0|seed20240909,0,1.0,0.0,0,0.0,B3,633,synthetic,30.569354014602986,30.569354014602986,1,0,False,seq_illumination_slow,0.8852708281201247,0.8852708281201247,0.0,,2,1,2,,,,,10304,0.0024262422360248445,True,0,2,2,2576,True,moderate|seq_illumination_slow|rep0|seed20240909,,,,,2,2,True,,,,,
True,moderate|seq_illumination_slow|rep0|seed20240909,0,1.0,0.0,1,0.0,B3,642,synthetic,30.3681343875699,30.3681343875699,1,0,False,seq_illumination_slow,0.8865606138684682,0.8865606138684682,0.0,,2,1,2,,,,,10304,0.006114130434782609,True,0,2,2,2576,True,moderate|seq_illumination_slow|rep0|seed20240909,,,,,2,2,True,,,,,
True,moderate|seq_illumination_slow|rep0|seed20240909,0,1.0,0.0,2,0.0,B3,649,synthetic,30.200871174988855,30.200871174988855,1,0,False,seq_illumination_slow,0.8828579695957618,0.8828579695957618,0.0,,2,1,2,,,,,10304,0.03425854037267081,True,0,2,2,2576,True,moderate|seq_illumination_slow|rep0|seed20240909,,,,,2,2,True,,,,,
True,moderate|seq_illumination_slow|rep0|seed20240909,0,1.0,0.0,3,0.0,B3,658,synthetic,30.328642539634917,30.328642539634917,1,0,False,seq_illumination_slow,0.8792426832672545,0.8792426832672545,0.0,,2,1,2,,,,,10304,0.011743012422360248,True,0,2,2,2576,True,moderate|seq_illumination_slow|rep0|seed20240909,,,,,2,2,True,,,,,
True,moderate|seq_illumination_slow|rep1|seed20240909,0,1.0,0.0,0,0.0,B3,633,synthetic,30.569354014602986,30.569354014602986,1,1,False,seq_illumination_slow,0.8852708281201247,0.8852708281201247,0.0,,2,1,2,,,,,10304,0.0011645962732919255,True,0,2,2,2576,True,moderate|seq_illumination_slow|rep1|seed20240909,,,,,2,2,True,,,,,
True,moderate|seq_illumination_slow|rep1|seed20240909,0,0.0,1.0,1,0.0,B3,642,synthetic,9.695612330250269,nan,1,1,False,seq_illumination_slow,0.5455214897714823,nan,0.0,,1,,2,,,1,,10304,0.02591226708074534,True,1,2,1,2576,True,moderate|seq_illumination_slow|rep1|seed20240909,,,,,2,1,False,,,,,
True,moderate|seq_illumination_slow|rep1|seed20240909,0,1.0,0.0,2,0.0,B3,649,synthetic,30.200871174988855,30.200871174988855,1,1,False,seq_illumination_slow,0.8828579695957618,0.8828579695957618,0.0,,2,1,2,,,,,10304,0.008346273291925466,True,0,2,2,2576,True,moderate|seq_illumination_slow|rep1|seed20240909,,,,,2,2,True,,,,,
True,moderate|seq_illumination_slow|rep1|seed20240909,0,0.0,1.0,3,0.0,B3,658,synthetic,9.364132671503935,nan,1,1,False,seq_illumination_slow,0.5523790083189216,nan,0.0,,1,,2,,,1,,10304,0.03260869565217391,True,1,2,1,2576,True,moderate|seq_illumination_slow|rep1|seed20240909,,,,,2,1,False,,,,,
True,moderate|seq_illumination_slow|rep2|seed20240909,0,1.0,0.0,0,0.0,B3,633,synthetic,30.569354014602986,30.569354014602986,1,2,False,seq_illumination_slow,0.8852708281201247,0.8852708281201247,0.0,,2,1,2,,,,,10304,0.01970108695652174,True,0,2,2,2576,True,moderate|seq_illumination_slow|rep2|seed20240909,,,,,2,2,True,,,,,
True,moderate|seq_illumination_slow|rep2|seed20240909,0,1.0,0.0,1,0.0,B3,642,synthetic,30.3681343875699,30.3681343875699,1,2,False,seq_illumination_slow,0.8865606138684682,0.8865606138684682,0.0,,2,1,2,,,,,10304,0.013781055900621118,True,0,2,2,2576,True,moderate|seq_illumination_slow|rep2|seed20240909,,,,,2,2,True,,,,,
True,moderate|seq_illumination_slow|rep2|seed20240909,0,1.0,0.0,2,0.0,B3,649,synthetic,30.200871174988855,30.200871174988855,1,2,False,seq_illumination_slow,0.8828579695957618,0.8828579695957618,0.0,,2,1,2,,,,,10304,0.0021350931677018635,True,0,2,2,2576,True,moderate|seq_illumination_slow|rep2|seed20240909,,,,,2,2,True,,,,,
True,moderate|seq_illumination_slow|rep2|seed20240909,0,1.0,0.0,3,0.0,B3,658,synthetic,30.328642539634917,30.328642539634917,1,2,False,seq_illumination_slow,0.8792426832672545,0.8792426832672545,0.0,,2,1,2,,,,,10304,0.002232142857142857,True,0,2,2,2576,True,moderate|seq_illumination_slow|rep2|seed20240909,,,,,2,2,True,,,,,
True,moderate|seq_edges_slow|rep0|seed20240909,0,1.0,0.0,0,0.0,B3,573,synthetic,30.215026070732705,30.215026070732705,1,0,False,seq_edges_slow,0.8892269156875389,0.8892269156875389,0.0,,1,1,3,,,,,5152,0.02406832298136646,True,0,1,1,1288,True,moderate|seq_edges_slow|rep0|seed20240909,,,,,1,1,True,,,,,
True,moderate|seq_edges_slow|rep0|seed20240909,0,1.0,0.0,1,0.0,B3,583,synthetic,30.228992333521006,30.228992333521006,1,0,False,seq_edges_slow,0.8905079329330521,0.8905079329330521,0.0,,1,1,3,,,,,5152,0.0005822981366459627,True,0,1,1,1288,True,moderate|seq_edges_slow|rep0|seed20240909,,,,,1,1,True,,,,,
True,moderate|seq_edges_slow|rep0|seed20240909,0,1.0,0.0,2,0.0,B3,572,synthetic,30.288367966990243,30.288367966990243,1,0,False,seq_edges_slow,0.8853680199910964,0.8853680199910964,0.0,,1,1,3,,,,,5152,0.0021350931677018635,True,0,1,1,1288,True,moderate|seq_edges_slow|rep0|seed20240909,,,,,1,1,True,,,,,
True,moderate|seq_edges_slow|rep0|seed20240909,0,1.0,0.0,3,0.0,B3,562,synthetic,29.693371844179346,29.693371844179346,1,0,False,seq_edges_slow,0.8916643523521959,0.8916643523521959,0.0,,1,1,3,,,,,5152,0.014557453416149068,True,0,1,1,1288,True,moderate|seq_edges_slow|rep0|seed20240909,,,,,1,1,True,,,,,
True,moderate|seq_edges_slow|rep1|seed20240909,0,1.0,0.0,0,0.0,B3,573,synthetic,30.215026070732705,30.215026070732705,1,1,False,seq_edges_slow,0.8892269156875389,0.8892269156875389,0.0,,1,1,3,,,,,5152,0.015527950310559006,True,0,1,1,1288,True,moderate|seq_edges_slow|rep1|seed20240909,,,,,1,1,True,,,,,
True,moderate|seq_edges_slow|rep1|seed20240909,0,1.0,0.0,1,0.0,B3,583,synthetic,30.228992333521006,30.228992333521006,1,1,False,seq_edges_slow,0.8905079329330521,0.8905079329330521,0.0,,1,1,3,,,,,5152,0.016692546583850932,True,0,1,1,1288,True,moderate|seq_edges_slow|rep1|seed20240909,,,,,1,1,True,,,,,
True,moderate|seq_edges_slow|rep1|seed20240909,0,1.0,0.0,2,0.0,B3,572,synthetic,30.288367966990243,30.288367966990243,1,1,False,seq_edges_slow,0.8853680199910964,0.8853680199910964,0.0,,1,1,3,,,,,5152,0.027562111801242236,True,0,1,1,1288,True,moderate|seq_edges_slow|rep1|seed20240909,,,,,1,1,True,,,,,
True,moderate|seq_edges_slow|rep1|seed20240909,0,1.0,0.0,3,0.0,B3,562,synthetic,29.693371844179346,29.693371844179346,1,1,False,seq_edges_slow,0.8916643523521959,0.8916643523521959,0.0,,1,1,3,,,,,5152,0.00795807453416149,True,0,1,1,1288,True,moderate|seq_edges_slow|rep1|seed20240909,,,,,1,1,True,,,,,
True,moderate|seq_edges_slow|rep2|seed20240909,0,1.0,0.0,0,0.0,B3,573,synthetic,30.215026070732705,30.215026070732705,1,2,False,seq_edges_slow,0.8892269156875389,0.8892269156875389,0.0,,1,1,3,,,,,5152,0.04949534161490683,True,0,1,1,1288,True,moderate|seq_edges_slow|rep2|seed20240909,,,,,1,1,True,,,,,
True,moderate|seq_edges_slow|rep2|seed20240909,0,0.0,1.0,1,0.0,B3,583,synthetic,8.889302662835975,nan,1,2,False,seq_edges_slow,0.5457880827450707,nan,0.0,,,,,,1,,,5152,0.734472049689441,False,1,1,0,1288,True,moderate|seq_edges_slow|rep2|seed20240909,,,,,1,0,False,,,,,
True,moderate|seq_edges_slow|rep2|seed20240909,0,0.0,1.0,2,0.0,B3,572,synthetic,8.889302662835975,nan,1,2,False,seq_edges_slow,0.5476949249796237,nan,0.0,,,,3,,,1,,5152,0.06851708074534162,True,1,1,0,1288,True,moderate|seq_edges_slow|rep2|seed20240909,,,,,1,0,False,,,,,
True,moderate|seq_edges_slow|rep2|seed20240909,0,1.0,0.0,3,0.0,B3,562,synthetic,29.693371844179346,29.693371844179346,1,2,False,seq_edges_slow,0.8916643523521959,0.8916643523521959,0.0,,1,1,3,,,,,5152,0.04114906832298137,True,0,1,1,1288,True,moderate|seq_edges_slow|rep2|seed20240909,,,,,1,1,True,,,,,
True,moderate|seq_texture_fast|rep0|seed20240909,0,1.0,0.0,0,0.0,B3,4222,synthetic,27.15144070427842,27.15144070427842,2,0,False,seq_texture_fast,0.8932951912644751,0.8932951912644751,0.0,,7,1,1,,,,,36064,0.012339174800354924,True,0,7,7,9016,True,moderate|seq_texture_fast|rep0|seed20240909,,,,,7,7,True,,,,,
True,moderate|seq_texture_fast|rep0|seed20240909,0,0.0,1.0,1,0.0,B3,4203,synthetic,17.343707651349735,nan,2,0,False,seq_texture_fast,0.09816226242599392,nan,0.0,,2,,1,1,,4,,36064,0.06444099378881987,True,5,7,2,9016,True,moderate|seq_texture_fast|rep0|seed20240909,,,,,7,2,False,,,,,
True,moderate|seq_texture_fast|rep0|seed20240909,0,1.0,0.0,2,0.0,B3,4220,synthetic,27.115497466775768,27.115497466775768,2,0,False,seq_texture_fast,0.8937133492759207,0.8937133492759207,0.0,,7,1,1,,,,,36064,0.007625332741792369,True,0,7,7,9016,True,moderate|seq_texture_fast|rep0|seed20240909,,,,,7,7,True,,,,,
True,moderate|seq_texture_fast|rep0|seed20240909,0,1.0,0.0,3,0.0,B3,4226,synthetic,27.121727103885224,27.121727103885224,2,0,False,seq_texture_fast,0.8925792942863282,0.8925792942863282,0.0,,7,1,1,,,,,36064,0.010925022182786157,True,0,7,7,9016,True,moderate|seq_texture_fast|rep0|seed20240909,,,,,7,7,True,,,,,
True,moderate|seq_texture_fast|rep1|seed20240909,0,0.0,1.0,0,0.0,B3,4222,synthetic,17.37989689699217,nan,2,1,False,seq_texture_fast,0.09864743173082263,nan,0.0,,3,,1,1,,3,,36064,0.05889529724933452,True,4,7,3,9016,True,moderate|seq_texture_fast|rep1|seed20240909,,,,,7,3,False,,,,,
True,moderate|seq_texture_fast|rep1|seed20240909,0,0.0,1.0,1,0.0,B3,4203,synthetic,17.343707651349735,nan,2,1,False,seq_texture_fast,0.09816226242599392,nan,0.0,,,,,,1,4,,36064,0.35054347826086957,False,7,7,0,9016,True,moderate|seq_texture_fast|rep1|seed20240909,,,,,7,0,False,,,,,
True,moderate|seq_texture_fast|rep1|seed20240909,0,1.0,0.0,2,0.0,B3,4220,synthetic,27.115497466775768,27.115497466775768,2,1,False,seq_texture_fast,0.8937133492759207,0.8937133492759207,0.0,,7,1,1,,,,,36064,0.008817657497781722,True,0,7,7,9016,True,moderate|seq_texture_fast|rep1|seed20240909,,,,,7,7,True,,,,,
True,moderate|seq_texture_fast|rep1|seed20240909,0,0.0,1.0,3,0.0,B3,4226,synthetic,17.335430110264372,nan,2,1,False,seq_texture_fast,0.09887115032276723,nan,0.0,,4,,1,1,,2,,36064,0.04699977817213842,True,3,7,4,9016,True,moderate|seq_texture_fast|rep1|seed20240909,,,,,7,4,False,,,,,
True,moderate|seq_texture_fast|rep2|seed20240909,0,1.0,0.0,0,0.0,B3,4222,synthetic,27.15144070427842,27.15144070427842,2,2,False,seq_texture_fast,0.8932951912644751,0.8932951912644751,0.0,,7,1,1,,,,,36064,0.008179902395740905,True,0,7,7,9016,True,moderate|seq_texture_fast|rep2|seed20240909,,,,,7,7,True,,,,,
True,moderate|seq_texture_fast|rep2|seed20240909,0,0.0,1.0,1,0.0,B3,4203,synthetic,17.343707651349735,nan,2,2,False,seq_texture_fast,0.09816226242599392,nan,0.0,,3,,1,,1,,,36064,0.4326197870452529,False,4,7,3,9016,True,moderate|seq_texture_fast|rep2|seed20240909,,,,,7,3,False,,,,,
True,moderate|seq_texture_fast|rep2|seed20240909,0,1.0,0.0,2,0.0,B3,4220,synthetic,27.115497466775768,27.115497466775768,2,2,False,seq_texture_fast,0.8937133492759207,0.8937133492759207,0.0,,7,1,1,,,,,36064,0.015694321206743567,True,0,7,7,9016,True,moderate|seq_texture_fast|rep2|seed20240909,,,,,7,7,True,,,,,
True,moderate|seq_texture_fast|rep2|seed20240909,0,1.0,0.0,3,0.0,B3,4226,synthetic,27.121727103885224,27.121727103885224,2,2,False,seq_texture_fast,0.8925792942863282,0.8925792942863282,0.0,,7,1,1,,,,,36064,0.018550354924578526,True,0,7,7,9016,True,moderate|seq_texture_fast|rep2|seed20240909,,,,,7,7,True,,,,,
True,moderate|still_smooth|rep0|seed20240909,1469,1.0,0.0,0,0.0,B4,919,synthetic,36.483156884500104,36.483156884500104,2,0,True,still_smooth,0.8870704724556445,0.8870704724556445,0.0,,,,,,,,8,41216,0.022539790372670808,True,0,8,8,10304,True,moderate|still_smooth|rep0|seed20240909,,,,0,,,,2,8,,0,4
True,moderate|still_smooth|rep1|seed20240909,1418,1.0,0.0,0,0.0,B4,919,synthetic,36.483156884500104,36.483156884500104,2,1,True,still_smooth,0.8870704724556445,0.8870704724556445,0.0,,,,,,,,8,41216,0.016522709627329192,True,0,8,8,10304,True,moderate|still_smooth|rep1|seed20240909,,,,0,,,,2,8,,0,4
True,moderate|still_smooth|rep2|seed20240909,1359,1.0,0.0,0,0.0,B4,919,synthetic,36.483156884500104,36.483156884500104,2,2,True,still_smooth,0.8870704724556445,0.8870704724556445,0.0,,,,,,,,8,41216,0.027222437888198756,True,0,8,8,10304,True,moderate|still_smooth|rep2|seed20240909,,,,0,,,,2,8,,0,4
True,moderate|still_text|rep0|seed20240909,1224,1.0,0.0,0,0.0,B4,3054,synthetic,25.153143747579776,25.153143747579776,2,0,True,still_text,0.8983801607008477,0.8983801607008477,0.0,,,,,,,,8,41216,0.016158773291925464,True,0,8,8,10304,True,moderate|still_text|rep0|seed20240909,,,,0,,,,2,8,,0,4
True,moderate|still_text|rep1|seed20240909,1304,0.625,0.375,0,0.0,B4,3054,synthetic,19.08161333061789,25.433327722899314,2,1,True,still_text,0.7787376795723807,0.8994763805580702,0.0,,,,,,,3,5,41216,0.045322204968944096,True,3,8,5,10304,True,moderate|still_text|rep1|seed20240909,,,,0,,,,2,8,,0,4
True,moderate|still_text|rep2|seed20240909,743,0.5,0.5,0,0.0,B4,3054,synthetic,18.675058999664152,24.482937078462733,2,2,True,still_text,0.6922504886165578,0.8743544523177785,0.0,,,,,1,,3,4,41216,0.06184491459627329,True,4,8,4,10304,True,moderate|still_text|rep2|seed20240909,,,,0,,,,2,8,,0,4
True,moderate|still_texture|rep0|seed20240909,1576,1.0,0.0,0,0.0,B4,4625,synthetic,27.15144070427842,27.15144070427842,2,0,True,still_texture,0.8932951912644751,0.8932951912644751,0.0,,,,,,,,8,41216,0.01264072204968944,True,0,8,8,10304,True,moderate|still_texture|rep0|seed20240909,,,,0,,,,2,8,,0,4
True,moderate|still_texture|rep1|seed20240909,1671,1.0,0.0,0,0.0,B4,4625,synthetic,27.15144070427842,27.15144070427842,2,1,True,still_texture,0.8932951912644751,0.8932951912644751,0.0,,,,,,,,8,41216,0.03343361801242236,True,0,8,8,10304,True,moderate|still_texture|rep1|seed20240909,,,,0,,,,2,8,,0,4
True,moderate|still_texture|rep2|seed20240909,1287,0.875,0.125,0,0.0,B4,4625,synthetic,23.113155094556443,27.140459259929102,2,2,True,still_texture,0.7949504572460881,0.889189574944042,0.0,,,,,,,1,7,41216,0.027440799689440992,True,1,8,7,10304,True,moderate|still_texture|rep2|seed20240909,,,,0,,,,2,8,,0,4
True,moderate|still_edges|rep0|seed20240909,1470,1.0,0.0,0,0.0,B4,1076,synthetic,30.215026070732705,30.215026070732705,2,0,True,still_edges,0.8892269156875389,0.8892269156875389,0.0,,,,,,,,8,41216,0.028629658385093168,True,0,8,8,10304,True,moderate|still_edges|rep0|seed20240909,,,,0,,,,2,8,,0,4
True,moderate|still_edges|rep1|seed20240909,599,0.125,0.875,0,0.0,B4,1076,synthetic,10.52718909724916,29.7512960283068,2,1,True,still_edges,0.7197032055749157,0.8558930173282912,0.0,,,,,,4,3,1,41216,0.39860733695652173,False,7,8,1,10304,True,moderate|still_edges|rep1|seed20240909,,,,0,,,,2,8,,0,4
True,moderate|still_edges|rep2|seed20240909,1334,1.0,0.0,0,0.0,B4,1076,synthetic,30.215026070732705,30.215026070732705,2,2,True,still_edges,0.8892269156875389,0.8892269156875389,0.0,,,,,,,,8,41216,0.015091226708074534,True,0,8,8,10304,True,moderate|still_edges|rep2|seed20240909,,,,0,,,,2,8,,0,4
True,moderate|seq_illumination_slow|rep0|seed20240909,889,0.5,0.5,0,0.0,B4,1145,synthetic,7.868072726273596,30.424227791063437,2,0,True,seq_illumination_slow,0.6696191565699382,0.8799416563730137,0.0,,,,,,,4,4,41216,0.04490974378881987,True,4,8,4,10304,True,moderate|seq_illumination_slow|rep0|seed20240909,,,,0,,,,2,8,,0,4
True,moderate|seq_illumination_slow|rep0|seed20240909,1070,1.0,0.0,1,0.0,B4,1170,synthetic,30.3681343875699,30.3681343875699,2,0,False,seq_illumination_slow,0.8865606138684682,0.8865606138684682,0.0,,,,,,,,8,41216,0.01203416149068323,True,0,8,8,10304,True,moderate|seq_illumination_slow|rep0|seed20240909,,,,0,,,,2,8,,0,4
True,moderate|seq_illumination_slow|rep0|seed20240909,1724,1.0,0.0,2,0.0,B4,1195,synthetic,30.200871174988855,30.200871174988855,2,0,False,seq_illumination_slow,0.8828579695957618,0.8828579695957618,0.0,,,,,,,,8,41216,0.03702445652173913,True,0,8,8,10304,True,moderate|seq_illumination_slow|rep0|seed20240909,,,,0,,,,2,8,,0,4
True,moderate|seq_illumination_slow|rep0|seed20240909,1905,1.0,0.0,3,0.0,B4,1215,synthetic,30.328642539634917,30.328642539634917,2,0,False,seq_illumination_slow,0.8792426832672545,0.8792426832672545,0.0,,,,,,,,8,41216,0.022927989130434784,True,0,8,8,10304,True,moderate|seq_illumination_slow|rep0|seed20240909,,,,0,,,,2,8,,0,4
True,moderate|seq_illumination_slow|rep1|seed20240909,1069,1.0,0.0,0,0.0,B4,1145,synthetic,30.569354014602986,30.569354014602986,2,1,True,seq_illumination_slow,0.8852708281201247,0.8852708281201247,0.0,,,,,,,,8,41216,0.012883346273291926,True,0,8,8,10304,True,moderate|seq_illumination_slow|rep1|seed20240909,,,,0,,,,2,8,,0,4
True,moderate|seq_illumination_slow|rep1|seed20240909,2059,1.0,0.0,1,0.0,B4,1170,synthetic,30.3681343875699,30.3681343875699,2,1,False,seq_illumination_slow,0.8865606138684682,0.8865606138684682,0.0,,,,,,,,8,41216,0.02700407608695652,True,0,8,8,10304,True,moderate|seq_illumination_slow|rep1|seed20240909,,,,0,,,,2,8,,0,4
True,moderate|seq_illumination_slow|rep1|seed20240909,1204,1.0,0.0,2,0.0,B4,1195,synthetic,30.200871174988855,30.200871174988855,2,1,False,seq_illumination_slow,0.8828579695957618,0.8828579695957618,0.0,,,,,,,,8,41216,0.018512228260869564,True,0,8,8,10304,True,moderate|seq_illumination_slow|rep1|seed20240909,,,,0,,,,2,8,,0,4
True,moderate|seq_illumination_slow|rep1|seed20240909,2443,1.0,0.0,3,0.0,B4,1215,synthetic,30.328642539634917,30.328642539634917,2,1,False,seq_illumination_slow,0.8792426832672545,0.8792426832672545,0.0,,,,,,,,8,41216,0.03840741459627329,True,0,8,8,10304,True,moderate|seq_illumination_slow|rep1|seed20240909,,,,0,,,,2,8,,0,4
True,moderate|seq_illumination_slow|rep2|seed20240909,1080,1.0,0.0,0,0.0,B4,1145,synthetic,30.569354014602986,30.569354014602986,2,2,True,seq_illumination_slow,0.8852708281201247,0.8852708281201247,0.0,,,,,,,,8,41216,0.013198757763975156,True,0,8,8,10304,True,moderate|seq_illumination_slow|rep2|seed20240909,,,,0,,,,2,8,,0,4
True,moderate|seq_illumination_slow|rep2|seed20240909,754,0.5,0.5,1,0.0,B4,1170,synthetic,7.607341824450876,30.263662467988283,2,2,False,seq_illumination_slow,0.6721112528401286,0.8821185411626056,0.0,,,,,,,4,4,41216,0.043356948757763976,True,4,8,4,10304,True,moderate|seq_illumination_slow|rep2|seed20240909,,,,0,,,,2,8,,0,4
True,moderate|seq_illumination_slow|rep2|seed20240909,1337,0.75,0.25,2,0.0,B4,1195,synthetic,18.833955710528585,29.585094511134407,2,2,False,seq_illumination_slow,0.8484421470970512,0.8632015428367287,0.0,,,,,,,2,6,41216,0.03207492236024845,True,2,8,6,10304,True,moderate|seq_illumination_slow|rep2|seed20240909,,,,0,,,,2,8,,0,4
True,moderate|seq_illumination_slow|rep2|seed20240909,766,0.5,0.5,3,0.0,B4,1215,synthetic,7.370914407433848,30.20772191430717,2,2,False,seq_illumination_slow,0.6739923941235788,0.8764411236886339,0.0,,,,,,,4,4,41216,0.03287558229813665,True,4,8,4,10304,True,moderate|seq_illumination_slow|rep2|seed20240909,,,,0,,,,2,8,,0,4
True,moderate|seq_edges_slow|rep0|seed20240909,1575,1.0,0.0,0,0.0,B4,1076,synthetic,30.215026070732705,30.215026070732705,2,0,True,seq_edges_slow,0.8892269156875389,0.8892269156875389,0.0,,,,,,,,8,41216,0.030230978260869564,True,0,8,8,10304,True,moderate|seq_edges_slow|rep0|seed20240909,,,,0,,,,2,8,,0,4
True,moderate|seq_edges_slow|rep0|seed20240909,1185,1.0,0.0,1,0.0,B4,1087,synthetic,30.228992333521006,30.228992333521006,2,0,False,seq_edges_slow,0.8905079329330521,0.8905079329330521,0.0,,,,,,,,8,41216,0.00718167701863354,True,0,8,8,10304,True,moderate|seq_edges_slow|rep0|seed20240909,,,,0,,,,2,8,,0,4
True,moderate|seq_edges_slow|rep0|seed20240909,1395,1.0,0.0,2,0.0,B4,1079,synthetic,30.288367966990243,30.288367966990243,2,0,False,seq_edges_slow,0.8853680199910964,0.8853680199910964,0.0,,,,,,,,8,41216,0.017784355590062112,True,0,8,8,10304,True,moderate|seq_edges_slow|rep0|seed20240909,,,,0,,,,2,8,,0,4
True,moderate|seq_edges_slow|rep0|seed20240909,1257,1.0,0.0,3,0.0,B4,1047,synthetic,29.693371844179346,29.693371844179346,2,0,False,seq_edges_slow,0.8916643523521959,0.8916643523521959,0.0,,,,,,,,8,41216,0.022151591614906832,True,0,8,8,10304,True,moderate|seq_edges_slow|rep0|seed20240909,,,,0,,,,2,8,,0,4
True,moderate|seq_edges_slow|rep1|seed20240909,1471,1.0,0.0,0,0.0,B4,1076,synthetic,30.215026070732705,30.215026070732705,2,1,True,seq_edges_slow,0.8892269156875389,0.8892269156875389,0.0,,,,,,,,8,41216,0.025742430124223604,True,0,8,8,10304,True,moderate|seq_edges_slow|rep1|seed20240909,,,,0,,,,2,8,,0,4
True,moderate|seq_edges_slow|rep1|seed20240909,1781,1.0,0.0,1,0.0,B4,1087,synthetic,30.228992333521006,30.228992333521006,2,1,False,seq_edges_slow,0.8905079329330521,0.8905079329330521,0.0,,,,,,,,8,41216,0.017323369565217392,True,0,8,8,10304,True,moderate|seq_edges_slow|rep1|seed20240909,,,,0,,,,2,8,,0,4
True,moderate|seq_edges_slow|rep1|seed20240909,1538,1.0,0.0,2,0.0,B4,1079,synthetic,30.288367966990243,30.288367966990243,2,1,False,seq_edges_slow,0.8853680199910964,0.8853680199910964,0.0,,,,,,,,8,41216,0.02906638198757764,True,0,8,8,10304,True,moderate|seq_edges_slow|rep1|seed20240909,,,,0,,,,2,8,,0,4
True,moderate|seq_edges_slow|rep1|seed20240909,1103,1.0,0.0,3,0.0,B4,1047,synthetic,29.693371844179346,29.693371844179346,2,1,False,seq_edges_slow,0.8916643523521959,0.8916643523521959,0.0,,,,,,,,8,41216,0.00718167701863354,True,0,8,8,10304,True,moderate|seq_edges_slow|rep1|seed20240909,,,,0,,,,2,8,,0,4
True,moderate|seq_edges_slow|rep2|seed20240909,1495,1.0,0.0,0,0.0,B4,1076,synthetic,30.215026070732705,30.215026070732705,2,2,True,seq_edges_slow,0.8892269156875389,0.8892269156875389,0.0,,,,,,,,8,41216,0.025111607142857144,True,0,8,8,10304,True,moderate|seq_edges_slow|rep2|seed20240909,,,,0,,,,2,8,,0,4
True,moderate|seq_edges_slow|rep2|seed20240909,1322,0.5,0.5,1,0.0,B4,1087,synthetic,6.9026924086375985,30.407225962548306,2,2,True,seq_edges_slow,0.6857059019284134,0.8931124469706457,0.0,,,,,,4,,4,41216,0.3930755046583851,False,4,8,4,10304,True,moderate|seq_edges_slow|rep2|seed20240909,,,,0,,,,2,8,,0,4
True,moderate|seq_edges_slow|rep2|seed20240909,1908,0.5,0.5,2,0.0,B4,1079,synthetic,6.902821542059727,30.46549336631985,2,2,False,seq_edges_slow,0.683906091735525,0.8885165931923494,0.0,,,,,,,4,4,41216,0.06720690993788819,True,4,8,4,10304,True,moderate|seq_edges_slow|rep2|seed20240909,,,,0,,,,2,8,,0,4
True,moderate|seq_edges_slow|rep2|seed20240909,1518,1.0,0.0,3,0.0,B4,1047,synthetic,29.693371844179346,29.693371844179346,2,2,False,seq_edges_slow,0.8916643523521959,0.8916643523521959,0.0,,,,,,,,8,41216,0.025475543478260868,True,0,8,8,10304,True,moderate|seq_edges_slow|rep2|seed20240909,,,,0,,,,2,8,,0,4
True,moderate|seq_texture_fast|rep0|seed20240909,1267,1.0,0.0,0,0.0,B4,4625,synthetic,27.15144070427842,27.15144070427842,2,0,True,seq_texture_fast,0.8932951912644751,0.8932951912644751,0.0,,,,,,,,8,41216,0.013732531055900622,True,0,8,8,10304,True,moderate|seq_texture_fast|rep0|seed20240909,,,,0,,,,2,8,,0,4
True,moderate|seq_texture_fast|rep0|seed20240909,1886,0.5,0.5,1,0.0,B4,4589,synthetic,17.123070715938052,27.125453337661565,2,0,False,seq_texture_fast,0.4810718424472082,0.8903638315037558,0.0,,,,,1,,3,4,41216,0.06300951086956522,True,4,8,4,10304,True,moderate|seq_texture_fast|rep0|seed20240909,,,,0,,,,2,8,,0,4
True,moderate|seq_texture_fast|rep0|seed20240909,1150,1.0,0.0,2,0.0,B4,4615,synthetic,27.115497466775768,27.115497466775768,2,0,False,seq_texture_fast,0.8937133492759207,0.8937133492759207,0.0,,,,,,,,8,41216,0.006817740683229814,True,0,8,8,10304,True,moderate|seq_texture_fast|rep0|seed20240909,,,,0,,,,2,8,,0,4
True,moderate|seq_texture_fast|rep0|seed20240909,1061,1.0,0.0,3,0.0,B4,4600,synthetic,27.121727103885224,27.121727103885224,2,0,False,seq_texture_fast,0.8925792942863282,0.8925792942863282,0.0,,,,,,,,8,41216,0.009607919254658386,True,0,8,8,10304,True,moderate|seq_texture_fast|rep0|seed20240909,,,,0,,,,2,8,,0,4
True,moderate|seq_texture_fast|rep1|seed20240909,882,0.5,0.5,0,0.0,B4,4625,synthetic,16.702103256649764,27.125374828165928,2,1,True,seq_texture_fast,0.47596571532274323,0.8906311086089461,0.0,,,,,,,4,4,41216,0.05408093944099379,True,4,8,4,10304,True,moderate|seq_texture_fast|rep1|seed20240909,,,,0,,,,2,8,,0,4
True,moderate|seq_texture_fast|rep1|seed20240909,240,0.0,1.0,1,0.0,B4,4589,synthetic,17.343707651349735,nan,2,1,False,seq_texture_fast,0.09816226242599392,nan,0.0,,,,,,4,4,,41216,0.41107822204968947,False,8,8,0,10304,True,moderate|seq_texture_fast|rep1|seed20240909,,,,0,,,,2,8,,0,4
True,moderate|seq_texture_fast|rep1|seed20240909,1350,1.0,0.0,2,0.0,B4,4615,synthetic,27.115497466775768,27.115497466775768,2,1,True,seq_texture_fast,0.8937133492759207,0.8937133492759207,0.0,,,,,,,,8,41216,0.009316770186335404,True,0,8,8,10304,True,moderate|seq_texture_fast|rep1|seed20240909,,,,0,,,,2,8,,0,4
True,moderate|seq_texture_fast|rep1|seed20240909,953,0.5,0.5,3,0.0,B4,4600,synthetic,16.973271939817103,27.13247024495181,2,1,False,seq_texture_fast,0.47064606618885513,0.8849833271331337,0.0,,,,,,,4,4,41216,0.053134704968944096,True,4,8,4,10304,True,moderate|seq_texture_fast|rep1|seed20240909,,,,0,,,,2,8,,0,4
True,moderate|seq_texture_fast|rep2|seed20240909,1203,1.0,0.0,0,0.0,B4,4625,synthetic,27.15144070427842,27.15144070427842,2,2,True,seq_texture_fast,0.8932951912644751,0.8932951912644751,0.0,,,,,,,,8,41216,0.008855784161490684,True,0,8,8,10304,True,moderate|seq_texture_fast|rep2|seed20240909,,,,0,,,,2,8,,0,4
True,moderate|seq_texture_fast|rep2|seed20240909,609,0.5,0.5,1,0.0,B4,4589,synthetic,17.123070715938052,27.125453337661565,2,2,True,seq_texture_fast,0.4810718424472082,0.8903638315037558,0.0,,,,,,4,,4,41216,0.3806046195652174,False,4,8,4,10304,True,moderate|seq_texture_fast|rep2|seed20240909,,,,0,,,,2,8,,0,4
True,moderate|seq_texture_fast|rep2|seed20240909,1200,1.0,0.0,2,0.0,B4,4615,synthetic,27.115497466775768,27.115497466775768,2,2,False,seq_texture_fast,0.8937133492759207,0.8937133492759207,0.0,,,,,,,,8,41216,0.014460403726708074,True,0,8,8,10304,True,moderate|seq_texture_fast|rep2|seed20240909,,,,0,,,,2,8,,0,4
True,moderate|seq_texture_fast|rep2|seed20240909,1617,1.0,0.0,3,0.0,B4,4600,synthetic,27.121727103885224,27.121727103885224,2,2,False,seq_texture_fast,0.8925792942863282,0.8925792942863282,0.0,,,,,,,,8,41216,0.017832880434782608,True,0,8,8,10304,True,moderate|seq_texture_fast|rep2|seed20240909,,,,0,,,,2,8,,0,4
True,moderate|still_smooth|rep0|seed20240909,1922,1.0,0.0,0,0.0,P,1157,synthetic,34.604582416238905,34.604582416238905,3,0,True,still_smooth,0.8685643084401807,0.8685643084401807,0.0,2,,,,,,,16,62784,0.01675586136595311,True,0,16,16,15696,True,moderate|still_smooth|rep0|seed20240909,,,,2,,,,3,16,,0,6
True,moderate|still_smooth|rep1|seed20240909,1788,1.0,0.0,0,0.0,P,1157,synthetic,34.604582416238905,34.604582416238905,3,1,True,still_smooth,0.8685643084401807,0.8685643084401807,0.0,2,,,,,,,16,62784,0.020849260958205912,True,0,16,16,15696,True,moderate|still_smooth|rep1|seed20240909,,,,2,,,,3,16,,0,6
True,moderate|still_smooth|rep2|seed20240909,1825,1.0,0.0,0,0.0,P,1157,synthetic,34.604582416238905,34.604582416238905,3,2,True,still_smooth,0.8685643084401807,0.8685643084401807,0.0,2,,,,,,,16,62784,0.02551605504587156,True,0,16,16,15696,True,moderate|still_smooth|rep2|seed20240909,,,,2,,,,3,16,,0,6
True,moderate|still_text|rep0|seed20240909,1675,1.0,0.0,0,0.0,P,2981,synthetic,22.04524556642174,22.04524556642174,3,0,True,still_text,0.828803687266499,0.828803687266499,0.0,2,,,,,,,16,62784,0.013490698267074414,True,0,16,16,15696,True,moderate|still_text|rep0|seed20240909,,,,2,,,,3,16,,0,6
True,moderate|still_text|rep1|seed20240909,2833,1.0,0.0,0,0.0,P,2981,synthetic,22.04524556642174,22.04524556642174,3,1,True,still_text,0.828803687266499,0.828803687266499,0.0,2,,,,,,,16,62784,0.03059696738022426,True,0,16,16,15696,True,moderate|still_text|rep1|seed20240909,,,,2,,,,3,16,,0,6
True,moderate|still_text|rep2|seed20240909,2317,0.8125,0.1875,0,0.0,P,2981,synthetic,21.353955640534785,22.291535883728855,3,2,True,still_text,0.8221581636221135,0.8325085891034445,0.0,2,,,,1,,2,13,62784,0.050410932721712536,True,3,16,13,15696,True,moderate|still_text|rep2|seed20240909,,,,2,,,,3,16,,0,6
True,moderate|still_texture|rep0|seed20240909,1858,1.0,0.0,0,0.0,P,3672,synthetic,22.777395143612196,22.777395143612196,3,0,True,still_texture,0.6986199650837447,0.6986199650837447,0.0,2,,,,,,,16,62784,0.0092539500509684,True,0,16,16,15696,True,moderate|still_texture|rep0|seed20240909,,,,2,,,,3,16,,0,6
True,moderate|still_texture|rep1|seed20240909,1980,1.0,0.0,0,0.0,P,3672,synthetic,22.777395143612196,22.777395143612196,3,1,True,still_texture,0.6986199650837447,0.6986199650837447,0.0,2,,,,,,,16,62784,0.022601299694189603,True,0,16,16,15696,True,moderate|still_texture|rep1|seed20240909,,,,2,,,,3,16,,0,6
True,moderate|still_texture|rep2|seed20240909,2460,0.875,0.125,0,0.0,P,3672,synthetic,22.83593110544169,22.776248501299726,3,2,True,still_texture,0.6984276417200702,0.6993144059551131,0.0,1,,,,2,,1,14,62784,0.043466488277268095,True,3,16,14,15696,True,moderate|still_texture|rep2|seed20240909,,,,2,,,,3,16,,0,6
True,moderate|still_edges|rep0|seed20240909,1948,0.875,0.125,0,0.0,P,1656,synthetic,25.830075892258787,26.207386738458123,3,0,True,still_edges,0.7949803062453616,0.7871691418420003,0.0,1,,,1,1,,1,14,62784,0.042351554536187566,True,3,16,14,15696,True,moderate|still_edges|rep0|seed20240909,,,,2,,,,3,16,,0,6
True,moderate|still_edges|rep1|seed20240909,2117,0.625,0.375,0,0.0,P,1656,synthetic,14.876486493607441,27.290225231837056,3,1,True,still_edges,0.7459270519389621,0.8174515485382332,0.0,2,,,,,6,,10,62784,0.2699732415902141,False,6,16,10,15696,True,moderate|still_edges|rep1|seed20240909,,,,2,,,,3,16,,0,6
True,moderate|still_edges|rep2|seed20240909,1828,1.0,0.0,0,0.0,P,1656,synthetic,26.382299976291378,26.382299976291378,3,2,True,still_edges,0.7955791368359746,0.7955791368359746,0.0,2,,,,,,,16,62784,0.019224643221202854,True,0,16,16,15696,True,moderate|still_edges|rep2|seed20240909,,,,2,,,,3,16,,0,6
True,moderate|seq_illumination_slow|rep0|seed20240909,1932,0.8125,0.1875,0,0.0,P,1636,synthetic,25.663315461719904,26.872075359383206,3,0,True,seq_illumination_slow,0.7909790698419839,0.8001070868501426,0.0,2,,,,1,,2,13,62784,0.03340022935779816,True,3,16,13,15696,True,moderate|seq_illumination_slow|rep0|seed20240909,,,,2,,,,3,16,,0,6
True,moderate|seq_illumination_slow|rep0|seed20240909,1424,1.0,0.0,1,0.0,P,1665,synthetic,26.386450100251444,26.386450100251444,3,0,False,seq_illumination_slow,0.7853057194373866,0.7853057194373866,0.0,2,,,,,,,16,62784,0.010958205912334353,True,0,16,16,15696,True,moderate|seq_illumination_slow|rep0|seed20240909,,,,2,,,,3,16,,0,6
True,moderate|seq_illumination_slow|rep0|seed20240909,2598,1.0,0.0,2,0.0,P,1675,synthetic,26.28522930627776,26.28522930627776,3,0,False,seq_illumination_slow,0.7900824168706179,0.7900824168706179,0.0,2,,,,,,,16,62784,0.039309378185524976,True,0,16,16,15696,True,moderate|seq_illumination_slow|rep0|seed20240909,,,,2,,,,3,16,,0,6
True,moderate|seq_illumination_slow|rep0|seed20240909,2346,1.0,0.0,3,0.0,P,1722,synthetic,26.184724774461596,26.184724774461596,3,0,False,seq_illumination_slow,0.7862962459251145,0.7862962459251145,0.0,2,,,,,,,16,62784,0.026392074413863403,True,0,16,16,15696,True,moderate|seq_illumination_slow|rep0|seed20240909,,,,2,,,,3,16,,0,6
True,moderate|seq_illumination_slow|rep1|seed20240909,1770,1.0,0.0,0,0.0,P,1636,synthetic,26.539506348339167,26.539506348339167,3,1,True,seq_illumination_slow,0.7863008842565294,0.7863008842565294,0.0,2,,,,,,,16,62784,0.01595948012232416,True,0,16,16,15696,True,moderate|seq_illumination_slow|rep1|seed20240909,,,,2,,,,3,16,,0,6
True,moderate|seq_illumination_slow|rep1|seed20240909,2566,1.0,0.0,1,0.0,P,1665,synthetic,26.386450100251444,26.386450100251444,3,1,False,seq_illumination_slow,0.7853057194373866,0.7853057194373866,0.0,2,,,,,,,16,62784,0.017408893985728847,True,0,16,16,15696,True,moderate|seq_illumination_slow|rep1|seed20240909,,,,2,,,,3,16,,0,6
True,moderate|seq_illumination_slow|rep1|seed20240909,1631,1.0,0.0,2,0.0,P,1675,synthetic,26.28522930627776,26.28522930627776,3,1,False,seq_illumination_slow,0.7900824168706179,0.7900824168706179,0.0,2,,,,,,,16,62784,0.018603465851172275,True,0,16,16,15696,True,moderate|seq_illumination_slow|rep1|seed20240909,,,,2,,,,3,16,,0,6
True,moderate|seq_illumination_slow|rep1|seed20240909,2875,1.0,0.0,3,0.0,P,1722,synthetic,26.184724774461596,26.184724774461596,3,1,False,seq_illumination_slow,0.7862962459251145,0.7862962459251145,0.0,2,,,,,,,16,62784,0.029099770642201834,True,0,16,16,15696,True,moderate|seq_illumination_slow|rep1|seed20240909,,,,2,,,,3,16,,0,6
True,moderate|seq_illumination_slow|rep2|seed20240909,1450,1.0,0.0,0,0.0,P,1636,synthetic,26.539506348339167,26.539506348339167,3,2,True,seq_illumination_slow,0.7863008842565294,0.7863008842565294,0.0,2,,,,,,,16,62784,0.013379204892966361,True,0,16,16,15696,True,moderate|seq_illumination_slow|rep2|seed20240909,,,,2,,,,3,16,,0,6
True,moderate|seq_illumination_slow|rep2|seed20240909,2614,1.0,0.0,1,0.0,P,1665,synthetic,26.386450100251444,26.386450100251444,3,2,False,seq_illumination_slow,0.7853057194373866,0.7853057194373866,0.0,2,,,,,,,16,62784,0.028797145769622834,True,0,16,16,15696,True,moderate|seq_illumination_slow|rep2|seed20240909,,,,2,,,,3,16,,0,6
True,moderate|seq_illumination_slow|rep2|seed20240909,2540,0.9375,0.0625,2,0.0,P,1675,synthetic,25.879787687756824,26.379764336560108,3,2,False,seq_illumination_slow,0.7894709312936959,0.7922566268617721,0.0,2,,,1,,,,15,62784,0.03535932721712538,True,1,16,15,15696,True,moderate|seq_illumination_slow|rep2|seed20240909,,,,2,,,,3,16,,0,6
True,moderate|seq_illumination_slow|rep2|seed20240909,2635,0.9375,0.0625,3,0.0,P,1722,synthetic,25.65295980881116,26.24046417628511,3,2,False,seq_illumination_slow,0.7880274761306286,0.7912835408255735,0.0,2,,,,,,1,15,62784,0.03287461773700306,True,1,16,15,15696,True,moderate|seq_illumination_slow|rep2|seed20240909,,,,2,,,,3,16,,0,6
True,moderate|seq_edges_slow|rep0|seed20240909,1896,1.0,0.0,0,0.0,P,1656,synthetic,26.382299976291378,26.382299976291378,3,0,True,seq_edges_slow,0.7955791368359746,0.7955791368359746,0.0,2,,,,,,,16,62784,0.023843654434250766,True,0,16,16,15696,True,moderate|seq_edges_slow|rep0|seed20240909,,,,2,,,,3,16,,0,6
True,moderate|seq_edges_slow|rep0|seed20240909,1630,1.0,0.0,1,0.0,P,1557,synthetic,27.03920969109591,27.03920969109591,3,0,False,seq_edges_slow,0.7969115562403718,0.7969115562403718,0.0,2,,,,,,,16,62784,0.010225535168195719,True,0,16,16,15696,True,moderate|seq_edges_slow|rep0|seed20240909,,,,2,,,,3,16,,0,6
True,moderate|seq_edges_slow|rep0|seed20240909,1819,1.0,0.0,2,0.0,P,1481,synthetic,27.60513284004451,27.60513284004451,3,0,False,seq_edges_slow,0.80626551007076,0.80626551007076,0.0,2,,,,,,,16,62784,0.017408893985728847,True,0,16,16,15696,True,moderate|seq_edges_slow|rep0|seed20240909,,,,2,,,,3,16,,0,6
True,moderate|seq_edges_slow|rep0|seed20240909,1687,1.0,0.0,3,0.0,P,1670,synthetic,26.33927378042784,26.33927378042784,3,0,False,seq_edges_slow,0.7991132747909847,0.7991132747909847,0.0,2,,,,,,,16,62784,0.0255638379204893,True,0,16,16,15696,True,moderate|seq_edges_slow|rep0|seed20240909,,,,2,,,,3,16,,0,6
True,moderate|seq_edges_slow|rep1|seed20240909,1742,1.0,0.0,0,0.0,P,1656,synthetic,26.382299976291378,26.382299976291378,3,1,True,seq_edges_slow,0.7955791368359746,0.7955791368359746,0.0,2,,,,,,,16,62784,0.022776503567787973,True,0,16,16,15696,True,moderate|seq_edges_slow|rep1|seed20240909,,,,2,,,,3,16,,0,6
True,moderate|seq_edges_slow|rep1|seed20240909,2310,1.0,0.0,1,0.0,P,1557,synthetic,27.03920969109591,27.03920969109591,3,1,False,seq_edges_slow,0.7969115562403718,0.7969115562403718,0.0,2,,,,,,,16,62784,0.026121304791029563,True,0,16,16,15696,True,moderate|seq_edges_slow|rep1|seed20240909,,,,2,,,,3,16,,0,6
True,moderate|seq_edges_slow|rep1|seed20240909,1716,1.0,0.0,2,0.0,P,1481,synthetic,27.60513284004451,27.60513284004451,3,1,False,seq_edges_slow,0.80626551007076,0.80626551007076,0.0,2,,,,,,,16,62784,0.019973241590214068,True,0,16,16,15696,True,moderate|seq_edges_slow|rep1|seed20240909,,,,2,,,,3,16,,0,6
True,moderate|seq_edges_slow|rep1|seed20240909,1280,1.0,0.0,3,0.0,P,1670,synthetic,26.33927378042784,26.33927378042784,3,1,False,seq_edges_slow,0.7991132747909847,0.7991132747909847,0.0,2,,,,,,,16,62784,0.005112767584097859,True,0,16,16,15696,True,moderate|seq_edges_slow|rep1|seed20240909,,,,2,,,,3,16,,0,6
True,moderate|seq_edges_slow|rep2|seed20240909,2136,1.0,0.0,0,0.0,P,1656,synthetic,26.382299976291378,26.382299976291378,3,2,True,seq_edges_slow,0.7955791368359746,0.7955791368359746,0.0,2,,,,,,,16,62784,0.034085117227319064,True,0,16,16,15696,True,moderate|seq_edges_slow|rep2|seed20240909,,,,2,,,,3,16,,0,6
True,moderate|seq_edges_slow|rep2|seed20240909,1855,0.5,0.5,1,0.0,P,1557,synthetic,14.05281536952504,26.314307375565736,3,2,True,seq_edges_slow,0.7082329771450399,0.7751626731352722,0.0,1,,,2,1,6,,8,62784,0.29039245667686037,False,9,16,8,15696,True,moderate|seq_edges_slow|rep2|seed20240909,,,,2,,,,3,16,,0,6
True,moderate|seq_edges_slow|rep2|seed20240909,2764,0.8125,0.1875,2,0.0,P,1481,synthetic,25.819348063431367,27.45374741209548,3,2,False,seq_edges_slow,0.8118044129467664,0.8078813437788567,0.0,2,,,1,1,,1,13,62784,0.043562054026503566,True,3,16,13,15696,True,moderate|seq_edges_slow|rep2|seed20240909,,,,2,,,,3,16,,0,6
True,moderate|seq_edges_slow|rep2|seed20240909,1972,0.875,0.125,3,0.0,P,1670,synthetic,25.795588158597834,26.138060096034586,3,2,False,seq_edges_slow,0.7974239129929003,0.7907623592751231,0.0,1,,,1,2,,,14,62784,0.04227191641182467,True,3,16,14,15696,True,moderate|seq_edges_slow|rep2|seed20240909,,,,2,,,,3,16,,0,6
True,moderate|seq_texture_fast|rep0|seed20240909,1631,1.0,0.0,0,0.0,P,3672,synthetic,22.777395143612196,22.777395143612196,3,0,True,seq_texture_fast,0.6986199650837447,0.6986199650837447,0.0,2,,,,,,,16,62784,0.012232415902140673,True,0,16,16,15696,True,moderate|seq_texture_fast|rep0|seed20240909,,,,2,,,,3,16,,0,6
True,moderate|seq_texture_fast|rep0|seed20240909,4991,1.0,0.0,1,0.0,P,3623,synthetic,22.842072925348866,22.842072925348866,3,0,False,seq_texture_fast,0.6983942628787506,0.6983942628787506,0.0,2,,,,,,,16,62784,0.05958524464831804,True,0,16,16,15696,True,moderate|seq_texture_fast|rep0|seed20240909,,,,2,,,,3,16,,0,6
True,moderate|seq_texture_fast|rep0|seed20240909,1580,0.875,0.125,2,0.0,P,3600,synthetic,22.886936161121465,22.84243585492209,3,0,False,seq_texture_fast,0.6979946974373471,0.6993705533176231,0.0,1,,,,3,,,14,62784,0.04008983180428134,True,3,16,14,15696,True,moderate|seq_texture_fast|rep0|seed20240909,,,,2,,,,3,16,,0,6
True,moderate|seq_texture_fast|rep0|seed20240909,1538,1.0,0.0,3,0.0,P,3703,synthetic,22.80810455946176,22.80810455946176,3,0,False,seq_texture_fast,0.7000975710191808,0.7000975710191808,0.0,2,,,,,,,16,62784,0.021613786952089705,True,0,16,16,15696,True,moderate|seq_texture_fast|rep0|seed20240909,,,,2,,,,3,16,,0,6
True,moderate|seq_texture_fast|rep1|seed20240909,1917,0.8125,0.1875,0,0.0,P,3672,synthetic,22.863919490015565,22.784419796457215,3,1,True,seq_texture_fast,0.6972759238385859,0.6985372006099684,0.0,2,,,,1,,2,13,62784,0.03844928644240571,True,3,16,13,15696,True,moderate|seq_texture_fast|rep1|seed20240909,,,,2,,,,3,16,,0,6
True,moderate|seq_texture_fast|rep1|seed20240909,2484,0.625,0.375,1,0.0,P,3623,synthetic,18.380546534360892,22.79154384115543,3,1,True,seq_texture_fast,0.47195193682620484,0.6956840907835239,0.0,2,,,,,6,,10,62784,0.28325688073394495,False,6,16,10,15696,True,moderate|seq_texture_fast|rep1|seed20240909,,,,2,,,,3,16,,0,6
True,moderate|seq_texture_fast|rep1|seed20240909,1661,1.0,0.0,2,0.0,P,3600,synthetic,22.824033517964295,22.824033517964295,3,1,False,seq_texture_fast,0.6986542442398848,0.6986542442398848,0.0,2,,,,,,,16,62784,0.011053771661569827,True,0,16,16,15696,True,moderate|seq_texture_fast|rep1|seed20240909,,,,2,,,,3,16,,0,6
True,moderate|seq_texture_fast|rep1|seed20240909,4003,1.0,0.0,3,0.0,P,3703,synthetic,22.80810455946176,22.80810455946176,3,1,False,seq_texture_fast,0.7000975710191808,0.7000975710191808,0.0,2,,,,,,,16,62784,0.04873853211009174,True,0,16,16,15696,True,moderate|seq_texture_fast|rep1|seed20240909,,,,2,,,,3,16,,0,6
True,moderate|seq_texture_fast|rep2|seed20240909,2110,0.9375,0.0625,0,0.0,P,3672,synthetic,22.80640606836201,22.78465604335492,3,2,True,seq_texture_fast,0.698552443296072,0.6997585566801002,0.0,1,,,,2,,,15,62784,0.03343208460754332,True,2,16,15,15696,True,moderate|seq_texture_fast|rep2|seed20240909,,,,2,,,,3,16,,0,6
True,moderate|seq_texture_fast|rep2|seed20240909,1124,0.625,0.375,1,0.0,P,3623,synthetic,17.465971043391466,22.837939924156146,3,2,True,seq_texture_fast,0.4568608952038955,0.6927591630602303,0.0,2,,,,,6,,10,62784,0.2576930428134557,False,6,16,10,15696,True,moderate|seq_texture_fast|rep2|seed20240909,,,,2,,,,3,16,,0,6
True,moderate|seq_texture_fast|rep2|seed20240909,1829,1.0,0.0,2,0.0,P,3600,synthetic,22.824033517964295,22.824033517964295,3,2,False,seq_texture_fast,0.6986542442398848,0.6986542442398848,0.0,2,,,,,,,16,62784,0.023095056065239553,True,0,16,16,15696,True,moderate|seq_texture_fast|rep2|seed20240909,,,,2,,,,3,16,,0,6
True,moderate|seq_texture_fast|rep2|seed20240909,1932,1.0,0.0,3,0.0,P,3703,synthetic,22.80810455946176,22.80810455946176,3,2,False,seq_texture_fast,0.7000975710191808,0.7000975710191808,0.0,2,,,,,,,16,62784,0.011579383282364934,True,0,16,16,15696,True,moderate|seq_texture_fast|rep2|seed20240909,,,,2,,,,3,16,,0,6
